   skipping baseline_dft at L=1024 B=512 (too expensive to be informative)
d1_bluestein             L=1024 B=512   m=2000  inner=1      min=     5.742 us/xform  median=     5.744  sd=  0.03%      8.92 GF/s  setup=0.001 s
d1_bluestein             L=1024 B=512   m=2000  inner=1      min=     5.674 us/xform  median=     5.676  sd=  0.02%      9.02 GF/s  setup=0.001 s
d1_bluestein             L=1024 B=512   m=2000  inner=1      min=     5.690 us/xform  median=     5.691  sd=  0.02%      9.00 GF/s  setup=0.001 s
d1_bluestein             L=1024 B=512   m=2     inner=1      min=     7.330 us/xform  median=     7.330  sd=  0.00%      6.98 GF/s  setup=0.001 s
d1_planner               L=1024 B=512   m=2000  inner=1      min=     2.349 us/xform  median=     2.349  sd=  0.00%     21.80 GF/s  setup=0.000 s
d1_planner               L=1024 B=512   m=2000  inner=1      min=     2.352 us/xform  median=     2.352  sd=  0.01%     21.77 GF/s  setup=0.000 s
d1_planner               L=1024 B=512   m=2000  inner=1      min=     2.366 us/xform  median=     2.366  sd=  0.00%     21.64 GF/s  setup=0.000 s
d1_planner               L=1024 B=512   m=2     inner=1      min=     3.756 us/xform  median=     3.756  sd=  0.00%     13.63 GF/s  setup=0.000 s
d1_pow2                  L=1024 B=512   m=2000  inner=1      min=     2.589 us/xform  median=     2.589  sd=  0.00%     19.78 GF/s  setup=0.001 s
d1_pow2                  L=1024 B=512   m=2000  inner=1      min=     2.580 us/xform  median=     2.580  sd=  0.01%     19.84 GF/s  setup=0.001 s
d1_pow2                  L=1024 B=512   m=2000  inner=1      min=     2.566 us/xform  median=     2.567  sd=  0.01%     19.95 GF/s  setup=0.001 s
d1_pow2                  L=1024 B=512   m=2     inner=1      min=     4.077 us/xform  median=     4.077  sd=  0.00%     12.56 GF/s  setup=0.001 s
d1_race                  L=1024 B=512   m=2000  inner=1      min=     2.375 us/xform  median=     2.375  sd=  0.01%     21.56 GF/s  setup=20.799 s
d1_race                  L=1024 B=512   m=2000  inner=1      min=     2.373 us/xform  median=     2.374  sd=  0.02%     21.57 GF/s  setup=0.016 s
d1_race                  L=1024 B=512   m=2000  inner=1      min=     2.347 us/xform  median=     2.348  sd=  0.01%     21.81 GF/s  setup=0.014 s
d1_race                  L=1024 B=512   m=2     inner=1      min=     3.541 us/xform  median=     3.541  sd=  0.00%     14.46 GF/s  setup=0.007 s
d1_twiddle               L=1024 B=512   m=2000  inner=1      min=     2.609 us/xform  median=     2.609  sd=  0.00%     19.63 GF/s  setup=0.000 s
d1_twiddle               L=1024 B=512   m=2000  inner=1      min=     2.562 us/xform  median=     2.562  sd=  0.05%     19.98 GF/s  setup=0.000 s
d1_twiddle               L=1024 B=512   m=2000  inner=1      min=     2.655 us/xform  median=     2.656  sd=  0.02%     19.28 GF/s  setup=0.000 s
d1_twiddle               L=1024 B=512   m=2     inner=1      min=     6.247 us/xform  median=     6.247  sd=  0.00%      8.20 GF/s  setup=0.000 s
fftw1d_estimate          L=1024 B=512   m=2000  inner=1      min=     5.782 us/xform  median=     5.784  sd=  0.03%      8.86 GF/s  setup=0.001 s
fftw1d_estimate          L=1024 B=512   m=2000  inner=1      min=     5.796 us/xform  median=     5.798  sd=  0.04%      8.83 GF/s  setup=0.001 s
fftw1d_estimate          L=1024 B=512   m=2000  inner=1      min=     5.726 us/xform  median=     5.731  sd=  0.03%      8.94 GF/s  setup=0.001 s
fftw1d_estimate          L=1024 B=512   m=2     inner=1      min=     7.518 us/xform  median=     7.518  sd=  0.00%      6.81 GF/s  setup=0.001 s
fftw1d_measure           L=1024 B=512   m=2000  inner=1      min=     5.183 us/xform  median=     5.185  sd=  0.03%      9.88 GF/s  setup=0.117 s
fftw1d_measure           L=1024 B=512   m=2000  inner=1      min=     5.078 us/xform  median=     5.080  sd=  0.02%     10.08 GF/s  setup=0.117 s
fftw1d_measure           L=1024 B=512   m=2000  inner=1      min=     5.095 us/xform  median=     5.098  sd=  0.04%     10.05 GF/s  setup=0.117 s
fftw1d_measure           L=1024 B=512   m=2     inner=1      min=     6.658 us/xform  median=     6.658  sd=  0.00%      7.69 GF/s  setup=0.115 s
fftw1d_patient           L=1024 B=512   m=2000  inner=1      min=     5.035 us/xform  median=     5.037  sd=  0.02%     10.17 GF/s  setup=11.425 s
fftw1d_patient           L=1024 B=512   m=2000  inner=1      min=     5.064 us/xform  median=     5.067  sd=  0.03%     10.11 GF/s  setup=11.673 s
fftw1d_patient           L=1024 B=512   m=2000  inner=1      min=     5.261 us/xform  median=     5.262  sd=  0.02%      9.73 GF/s  setup=12.144 s
fftw1d_patient           L=1024 B=512   m=2     inner=1      min=     6.597 us/xform  median=     6.597  sd=  0.00%      7.76 GF/s  setup=11.962 s
mkl1d_dfti               L=1024 B=512   m=2000  inner=1      min=     4.913 us/xform  median=     4.916  sd=  0.03%     10.42 GF/s  setup=0.003 s
mkl1d_dfti               L=1024 B=512   m=2000  inner=1      min=     4.887 us/xform  median=     4.889  sd=  0.02%     10.48 GF/s  setup=0.002 s
mkl1d_dfti               L=1024 B=512   m=2000  inner=1      min=     4.927 us/xform  median=     4.932  sd=  0.27%     10.39 GF/s  setup=0.002 s
mkl1d_dfti               L=1024 B=512   m=2     inner=1      min=     6.683 us/xform  median=     6.683  sd=  0.00%      7.66 GF/s  setup=0.002 s
   skipping baseline_dft at L=100003 B=8 (too expensive to be informative)
d1_bluestein             L=100003 B=8     m=1     inner=1      min=  2712.378 us/xform  median=  2958.803  sd=  4.23%      3.06 GF/s  setup=0.028 s
d1_bluestein             L=100003 B=8     m=1     inner=1      min=  3156.127 us/xform  median=  3159.686  sd=  0.06%      2.63 GF/s  setup=0.033 s
d1_bluestein             L=100003 B=8     m=1     inner=1      min=  3296.571 us/xform  median=  3304.290  sd=  0.21%      2.52 GF/s  setup=0.032 s
d1_bluestein             L=100003 B=8     m=1     inner=2      min=  2404.481 us/xform  median=  2405.931  sd=  0.06%      3.45 GF/s  setup=0.033 s
d1_bluestein             L=100003 B=8     m=1     inner=2      min=  2412.016 us/xform  median=  2413.736  sd=  0.24%      3.44 GF/s  setup=0.030 s
d1_bluestein             L=100003 B=8     m=1     inner=1      min=  3333.038 us/xform  median=  3340.820  sd=  0.11%      2.49 GF/s  setup=0.030 s
d1_bluestein             L=100003 B=8     m=1     inner=2      min=  2411.057 us/xform  median=  2414.403  sd=  0.29%      3.44 GF/s  setup=0.030 s
d1_bluestein             L=100003 B=8     m=1     inner=1      min=  2872.452 us/xform  median=  3185.116  sd=  4.32%      2.89 GF/s  setup=0.029 s
d1_bluestein             L=100003 B=8     m=1     inner=1      min=  3161.132 us/xform  median=  3164.881  sd=  1.47%      2.63 GF/s  setup=0.032 s
d1_planner               L=100003 B=8     m=1     inner=1      min=  2937.740 us/xform  median=  2938.817  sd=  0.04%      2.83 GF/s  setup=0.058 s
d1_planner               L=100003 B=8     m=1     inner=1      min=  3089.016 us/xform  median=  3090.458  sd=  0.03%      2.69 GF/s  setup=0.059 s
d1_planner               L=100003 B=8     m=1     inner=1      min=  3089.866 us/xform  median=  3091.207  sd=  0.04%      2.69 GF/s  setup=0.057 s
d1_planner               L=100003 B=8     m=1     inner=1      min=  2931.679 us/xform  median=  2934.156  sd=  0.06%      2.83 GF/s  setup=0.058 s
d1_planner               L=100003 B=8     m=1     inner=1      min=  2882.268 us/xform  median=  2883.845  sd=  0.03%      2.88 GF/s  setup=0.062 s
d1_planner               L=100003 B=8     m=1     inner=1      min=  2896.306 us/xform  median=  2897.673  sd=  0.03%      2.87 GF/s  setup=0.059 s
d1_planner               L=100003 B=8     m=1     inner=1      min=  2932.371 us/xform  median=  2933.565  sd=  0.06%      2.83 GF/s  setup=0.057 s
d1_planner               L=100003 B=8     m=1     inner=1      min=  2744.373 us/xform  median=  2746.358  sd=  0.04%      3.03 GF/s  setup=0.057 s
d1_planner               L=100003 B=8     m=1     inner=1      min=  2744.769 us/xform  median=  2746.598  sd=  0.04%      3.03 GF/s  setup=0.047 s
d1_race                  L=100003 B=8     m=1     inner=2      min=  2420.032 us/xform  median=  2421.344  sd=  0.04%      3.43 GF/s  setup=4.691 s
d1_race                  L=100003 B=8     m=1     inner=1      min=  2388.067 us/xform  median=  2390.740  sd=  0.97%      3.48 GF/s  setup=0.043 s
d1_race                  L=100003 B=8     m=1     inner=2      min=  2403.497 us/xform  median=  2406.128  sd=  0.06%      3.46 GF/s  setup=0.039 s
d1_race                  L=100003 B=8     m=1     inner=2      min=  2399.250 us/xform  median=  2400.922  sd=  0.11%      3.46 GF/s  setup=0.030 s
d1_race                  L=100003 B=8     m=1     inner=2      min=  2398.964 us/xform  median=  2400.586  sd=  0.06%      3.46 GF/s  setup=0.030 s
d1_race                  L=100003 B=8     m=1     inner=2      min=  2397.017 us/xform  median=  2399.244  sd=  0.06%      3.46 GF/s  setup=0.030 s
d1_race                  L=100003 B=8     m=1     inner=2      min=  2418.088 us/xform  median=  2421.497  sd=  0.07%      3.43 GF/s  setup=0.036 s
d1_race                  L=100003 B=8     m=1     inner=2      min=  2427.725 us/xform  median=  2429.386  sd=  0.04%      3.42 GF/s  setup=0.029 s
d1_race                  L=100003 B=8     m=1     inner=2      min=  2385.956 us/xform  median=  2388.287  sd=  0.05%      3.48 GF/s  setup=0.040 s
fftw1d_estimate          L=100003 B=8     m=1     inner=1      min=  6320.342 us/xform  median=  6323.325  sd=  0.84%      1.31 GF/s  setup=0.013 s
fftw1d_estimate          L=100003 B=8     m=1     inner=1      min=  5102.444 us/xform  median=  5110.626  sd=  0.09%      1.63 GF/s  setup=0.014 s
fftw1d_estimate          L=100003 B=8     m=1     inner=1      min=  5076.360 us/xform  median=  5083.372  sd=  0.07%      1.64 GF/s  setup=0.010 s
fftw1d_estimate          L=100003 B=8     m=1     inner=1      min=  6914.299 us/xform  median=  6921.221  sd=  0.15%      1.20 GF/s  setup=0.013 s
fftw1d_estimate          L=100003 B=8     m=1     inner=1      min=  4975.000 us/xform  median=  4984.376  sd=  6.03%      1.67 GF/s  setup=0.013 s
fftw1d_estimate          L=100003 B=8     m=1     inner=1      min=  4970.476 us/xform  median=  4976.034  sd=  0.17%      1.67 GF/s  setup=0.010 s
fftw1d_estimate          L=100003 B=8     m=1     inner=1      min=  5089.802 us/xform  median=  5095.750  sd=  0.12%      1.63 GF/s  setup=0.013 s
fftw1d_estimate          L=100003 B=8     m=1     inner=1      min=  5809.622 us/xform  median=  6295.117  sd=  3.99%      1.43 GF/s  setup=0.013 s
fftw1d_estimate          L=100003 B=8     m=1     inner=1      min=  6903.804 us/xform  median=  6908.016  sd=  0.06%      1.20 GF/s  setup=0.014 s
fftw1d_measure           L=100003 B=8     m=1     inner=1      min=  3138.735 us/xform  median=  3143.172  sd=  0.31%      2.65 GF/s  setup=4.699 s
fftw1d_measure           L=100003 B=8     m=1     inner=1      min=  3022.708 us/xform  median=  3026.005  sd=  0.34%      2.75 GF/s  setup=4.745 s
fftw1d_measure           L=100003 B=8     m=1     inner=1      min=  2884.589 us/xform  median=  2891.349  sd=  0.38%      2.88 GF/s  setup=4.642 s
fftw1d_measure           L=100003 B=8     m=1     inner=1      min=  3111.039 us/xform  median=  3117.249  sd=  0.24%      2.67 GF/s  setup=4.777 s
fftw1d_measure           L=100003 B=8     m=1     inner=1      min=  3019.716 us/xform  median=  3023.644  sd=  0.38%      2.75 GF/s  setup=4.641 s
fftw1d_measure           L=100003 B=8     m=1     inner=1      min=  3080.250 us/xform  median=  3088.908  sd=  0.30%      2.70 GF/s  setup=4.655 s
fftw1d_measure           L=100003 B=8     m=1     inner=1      min=  3048.012 us/xform  median=  3056.696  sd=  0.32%      2.72 GF/s  setup=4.656 s
fftw1d_measure           L=100003 B=8     m=1     inner=1      min=  2901.744 us/xform  median=  2906.511  sd=  0.31%      2.86 GF/s  setup=4.645 s
fftw1d_measure           L=100003 B=8     m=1     inner=1      min=  2892.658 us/xform  median=  2904.059  sd=  0.54%      2.87 GF/s  setup=4.670 s
fftw1d_patient           L=100003 B=8     m=1     inner=1      min=  2979.687 us/xform  median=  3032.004  sd=  0.84%      2.79 GF/s  setup=62.977 s
fftw1d_patient           L=100003 B=8     m=1     inner=1      min=  3064.332 us/xform  median=  3088.926  sd=  0.77%      2.71 GF/s  setup=63.075 s
fftw1d_patient           L=100003 B=8     m=1     inner=1      min=  2819.645 us/xform  median=  2824.794  sd=  0.10%      2.95 GF/s  setup=62.519 s
fftw1d_patient           L=100003 B=8     m=1     inner=1      min=  2850.070 us/xform  median=  2858.932  sd=  0.20%      2.91 GF/s  setup=62.746 s
fftw1d_patient           L=100003 B=8     m=1     inner=1      min=  2849.058 us/xform  median=  2854.975  sd=  0.36%      2.92 GF/s  setup=62.625 s
fftw1d_patient           L=100003 B=8     m=1     inner=1      min=  2832.560 us/xform  median=  2844.121  sd=  0.34%      2.93 GF/s  setup=62.583 s
fftw1d_patient           L=100003 B=8     m=1     inner=1      min=  2849.949 us/xform  median=  2858.847  sd=  0.16%      2.91 GF/s  setup=62.775 s
fftw1d_patient           L=100003 B=8     m=1     inner=1      min=  2832.389 us/xform  median=  2838.372  sd=  0.13%      2.93 GF/s  setup=62.536 s
fftw1d_patient           L=100003 B=8     m=1     inner=1      min=  2856.896 us/xform  median=  2864.613  sd=  0.28%      2.91 GF/s  setup=62.751 s
mkl1d_dfti               L=100003 B=8     m=1     inner=1      min=  4029.707 us/xform  median=  4135.634  sd=  1.07%      2.06 GF/s  setup=0.064 s
mkl1d_dfti               L=100003 B=8     m=1     inner=1      min=  3547.998 us/xform  median=  3551.212  sd=  4.40%      2.34 GF/s  setup=0.042 s
mkl1d_dfti               L=100003 B=8     m=1     inner=1      min=  3533.992 us/xform  median=  3536.907  sd=  0.05%      2.35 GF/s  setup=0.040 s
mkl1d_dfti               L=100003 B=8     m=1     inner=1      min=  3528.187 us/xform  median=  3531.822  sd=  0.27%      2.35 GF/s  setup=0.039 s
mkl1d_dfti               L=100003 B=8     m=1     inner=1      min=  3532.428 us/xform  median=  3543.299  sd=  0.14%      2.35 GF/s  setup=0.020 s
mkl1d_dfti               L=100003 B=8     m=1     inner=1      min=  3542.021 us/xform  median=  3544.767  sd=  0.31%      2.34 GF/s  setup=0.039 s
mkl1d_dfti               L=100003 B=8     m=1     inner=1      min=  3546.273 us/xform  median=  3549.065  sd=  0.07%      2.34 GF/s  setup=0.052 s
mkl1d_dfti               L=100003 B=8     m=1     inner=1      min=  3536.066 us/xform  median=  3539.191  sd=  0.07%      2.35 GF/s  setup=0.042 s
mkl1d_dfti               L=100003 B=8     m=1     inner=1      min=  3542.237 us/xform  median=  3545.128  sd=  0.05%      2.34 GF/s  setup=0.022 s
   skipping baseline_dft at L=65537 B=16 (too expensive to be informative)
d1_bluestein             L=65537 B=16    m=1     inner=1      min=  2088.769 us/xform  median=  2092.273  sd=  1.60%      2.51 GF/s  setup=0.026 s
d1_bluestein             L=65537 B=16    m=1     inner=1      min=  2062.773 us/xform  median=  2066.546  sd=  0.19%      2.54 GF/s  setup=0.027 s
d1_bluestein             L=65537 B=16    m=1     inner=1      min=  2343.346 us/xform  median=  2346.271  sd=  0.09%      2.24 GF/s  setup=0.025 s
d1_bluestein             L=65537 B=16    m=1     inner=1      min=  2016.222 us/xform  median=  2017.299  sd=  0.04%      2.60 GF/s  setup=0.026 s
d1_bluestein             L=65537 B=16    m=1     inner=1      min=  2387.474 us/xform  median=  2389.230  sd=  0.06%      2.20 GF/s  setup=0.024 s
d1_bluestein             L=65537 B=16    m=1     inner=1      min=  1645.967 us/xform  median=  1652.311  sd= 10.50%      3.19 GF/s  setup=0.025 s
d1_bluestein             L=65537 B=16    m=1     inner=1      min=  1629.012 us/xform  median=  1630.171  sd=  0.05%      3.22 GF/s  setup=0.018 s
d1_bluestein             L=65537 B=16    m=1     inner=1      min=  2355.856 us/xform  median=  2357.895  sd=  0.08%      2.23 GF/s  setup=0.023 s
d1_bluestein             L=65537 B=16    m=1     inner=1      min=  2306.209 us/xform  median=  2308.327  sd=  0.07%      2.27 GF/s  setup=0.025 s
d1_planner               L=65537 B=16    m=1     inner=2      min=  1020.297 us/xform  median=  1021.998  sd=  0.11%      5.14 GF/s  setup=0.025 s
d1_planner               L=65537 B=16    m=1     inner=2      min=  1266.718 us/xform  median=  1272.163  sd=  0.15%      4.14 GF/s  setup=0.026 s
d1_planner               L=65537 B=16    m=1     inner=2      min=   940.864 us/xform  median=   941.509  sd=  0.06%      5.57 GF/s  setup=0.027 s
d1_planner               L=65537 B=16    m=1     inner=2      min=  1018.060 us/xform  median=  1019.172  sd=  0.06%      5.15 GF/s  setup=0.027 s
d1_planner               L=65537 B=16    m=1     inner=2      min=   939.730 us/xform  median=   940.475  sd=  0.08%      5.58 GF/s  setup=0.025 s
d1_planner               L=65537 B=16    m=1     inner=2      min=   936.516 us/xform  median=   938.113  sd=  0.27%      5.60 GF/s  setup=0.021 s
d1_planner               L=65537 B=16    m=1     inner=2      min=  1160.771 us/xform  median=  1201.483  sd=  1.06%      4.52 GF/s  setup=0.026 s
d1_planner               L=65537 B=16    m=1     inner=1      min=  1407.949 us/xform  median=  1495.955  sd=  1.71%      3.72 GF/s  setup=0.026 s
d1_planner               L=65537 B=16    m=1     inner=2      min=  1019.970 us/xform  median=  1020.954  sd=  0.28%      5.14 GF/s  setup=0.027 s
d1_race                  L=65537 B=16    m=1     inner=2      min=   897.232 us/xform  median=   898.029  sd=  0.06%      5.84 GF/s  setup=6.358 s
d1_race                  L=65537 B=16    m=1     inner=2      min=   920.614 us/xform  median=   921.489  sd=  0.06%      5.70 GF/s  setup=0.015 s
d1_race                  L=65537 B=16    m=1     inner=2      min=   898.869 us/xform  median=   899.454  sd=  0.04%      5.83 GF/s  setup=0.014 s
d1_race                  L=65537 B=16    m=1     inner=2      min=  1003.536 us/xform  median=  1004.953  sd=  0.09%      5.22 GF/s  setup=0.018 s
d1_race                  L=65537 B=16    m=1     inner=2      min=  1028.108 us/xform  median=  1029.536  sd=  0.11%      5.10 GF/s  setup=0.022 s
d1_race                  L=65537 B=16    m=1     inner=2      min=  1231.899 us/xform  median=  1233.934  sd=  0.10%      4.26 GF/s  setup=0.017 s
d1_race                  L=65537 B=16    m=1     inner=2      min=  1023.832 us/xform  median=  1024.873  sd=  0.04%      5.12 GF/s  setup=0.020 s
d1_race                  L=65537 B=16    m=1     inner=2      min=  1042.749 us/xform  median=  1043.779  sd=  0.10%      5.03 GF/s  setup=0.015 s
d1_race                  L=65537 B=16    m=1     inner=2      min=  1041.609 us/xform  median=  1043.033  sd=  0.10%      5.03 GF/s  setup=0.018 s
d1_rader                 L=65537 B=16    m=1     inner=2      min=  1013.352 us/xform  median=  1014.421  sd=  0.05%      5.17 GF/s  setup=0.007 s
d1_rader                 L=65537 B=16    m=1     inner=2      min=  1012.908 us/xform  median=  1013.538  sd=  0.06%      5.18 GF/s  setup=0.006 s
d1_rader                 L=65537 B=16    m=1     inner=2      min=  1022.453 us/xform  median=  1023.935  sd=  0.10%      5.13 GF/s  setup=0.007 s
d1_rader                 L=65537 B=16    m=1     inner=2      min=  1016.952 us/xform  median=  1018.037  sd=  0.07%      5.16 GF/s  setup=0.006 s
d1_rader                 L=65537 B=16    m=1     inner=2      min=  1185.227 us/xform  median=  1185.943  sd=  0.06%      4.42 GF/s  setup=0.006 s
d1_rader                 L=65537 B=16    m=1     inner=1      min=  1231.386 us/xform  median=  1233.752  sd=  2.39%      4.26 GF/s  setup=0.006 s
d1_rader                 L=65537 B=16    m=1     inner=2      min=   999.785 us/xform  median=  1000.644  sd=  0.05%      5.24 GF/s  setup=0.007 s
d1_rader                 L=65537 B=16    m=1     inner=2      min=  1046.870 us/xform  median=  1047.484  sd=  0.05%      5.01 GF/s  setup=0.006 s
d1_rader                 L=65537 B=16    m=1     inner=2      min=  1045.182 us/xform  median=  1045.988  sd=  0.06%      5.02 GF/s  setup=0.006 s
fftw1d_estimate          L=65537 B=16    m=1     inner=1      min=  2453.289 us/xform  median=  2455.347  sd=  0.08%      2.14 GF/s  setup=0.009 s
fftw1d_estimate          L=65537 B=16    m=1     inner=1      min=  2444.421 us/xform  median=  2450.588  sd=  0.11%      2.14 GF/s  setup=0.009 s
fftw1d_estimate          L=65537 B=16    m=1     inner=1      min=  1871.007 us/xform  median=  1874.039  sd=  0.11%      2.80 GF/s  setup=0.009 s
fftw1d_estimate          L=65537 B=16    m=1     inner=1      min=  2419.123 us/xform  median=  2512.621  sd=  1.30%      2.17 GF/s  setup=0.009 s
fftw1d_estimate          L=65537 B=16    m=1     inner=1      min=  2500.820 us/xform  median=  2504.451  sd=  0.15%      2.10 GF/s  setup=0.009 s
fftw1d_estimate          L=65537 B=16    m=1     inner=1      min=  1864.389 us/xform  median=  1867.545  sd=  0.12%      2.81 GF/s  setup=0.009 s
fftw1d_estimate          L=65537 B=16    m=1     inner=1      min=  2439.424 us/xform  median=  2534.143  sd=  1.15%      2.15 GF/s  setup=0.009 s
fftw1d_estimate          L=65537 B=16    m=1     inner=1      min=  2377.008 us/xform  median=  2380.811  sd=  0.08%      2.21 GF/s  setup=0.010 s
fftw1d_estimate          L=65537 B=16    m=1     inner=1      min=  1870.241 us/xform  median=  1872.097  sd=  0.08%      2.80 GF/s  setup=0.009 s
fftw1d_measure           L=65537 B=16    m=1     inner=1      min=  1685.224 us/xform  median=  1687.773  sd=  0.13%      3.11 GF/s  setup=4.437 s
fftw1d_measure           L=65537 B=16    m=1     inner=1      min=  1681.249 us/xform  median=  1682.927  sd=  0.09%      3.12 GF/s  setup=4.422 s
fftw1d_measure           L=65537 B=16    m=1     inner=1      min=  1661.531 us/xform  median=  1663.463  sd=  0.09%      3.16 GF/s  setup=4.395 s
fftw1d_measure           L=65537 B=16    m=1     inner=1      min=  1681.861 us/xform  median=  1685.272  sd=  0.10%      3.12 GF/s  setup=4.300 s
fftw1d_measure           L=65537 B=16    m=1     inner=1      min=  1664.193 us/xform  median=  1666.384  sd=  0.10%      3.15 GF/s  setup=4.243 s
fftw1d_measure           L=65537 B=16    m=1     inner=1      min=  1661.917 us/xform  median=  1664.510  sd=  0.10%      3.15 GF/s  setup=4.376 s
fftw1d_measure           L=65537 B=16    m=1     inner=1      min=  1663.573 us/xform  median=  1665.222  sd=  0.07%      3.15 GF/s  setup=4.427 s
fftw1d_measure           L=65537 B=16    m=1     inner=1      min=  1662.064 us/xform  median=  1665.923  sd=  0.10%      3.15 GF/s  setup=4.388 s
fftw1d_measure           L=65537 B=16    m=1     inner=1      min=  1662.049 us/xform  median=  1663.698  sd=  0.10%      3.15 GF/s  setup=4.240 s
fftw1d_patient           L=65537 B=16    m=1     inner=1      min=  1562.588 us/xform  median=  1567.570  sd=  0.31%      3.36 GF/s  setup=58.477 s
fftw1d_patient           L=65537 B=16    m=1     inner=1      min=  1539.418 us/xform  median=  1541.479  sd=  0.08%      3.41 GF/s  setup=58.417 s
fftw1d_patient           L=65537 B=16    m=1     inner=1      min=  1535.307 us/xform  median=  1539.222  sd=  0.31%      3.41 GF/s  setup=58.180 s
fftw1d_patient           L=65537 B=16    m=1     inner=1      min=  1532.583 us/xform  median=  1535.376  sd=  0.09%      3.42 GF/s  setup=57.967 s
fftw1d_patient           L=65537 B=16    m=1     inner=1      min=  1510.561 us/xform  median=  1513.074  sd=  0.37%      3.47 GF/s  setup=58.272 s
fftw1d_patient           L=65537 B=16    m=1     inner=1      min=  1512.899 us/xform  median=  1516.282  sd=  0.12%      3.47 GF/s  setup=57.997 s
fftw1d_patient           L=65537 B=16    m=1     inner=1      min=  1539.513 us/xform  median=  1541.486  sd=  0.08%      3.41 GF/s  setup=57.939 s
fftw1d_patient           L=65537 B=16    m=1     inner=1      min=  1543.623 us/xform  median=  1545.072  sd=  0.07%      3.40 GF/s  setup=57.865 s
fftw1d_patient           L=65537 B=16    m=1     inner=1      min=  1561.657 us/xform  median=  1566.174  sd=  0.38%      3.36 GF/s  setup=58.278 s
mkl1d_dfti               L=65537 B=16    m=1     inner=1      min=  3420.361 us/xform  median=  4136.055  sd=  7.40%      1.53 GF/s  setup=0.056 s
mkl1d_dfti               L=65537 B=16    m=1     inner=1      min=  3416.429 us/xform  median=  3417.998  sd=  0.03%      1.53 GF/s  setup=0.057 s
mkl1d_dfti               L=65537 B=16    m=1     inner=1      min=  3414.226 us/xform  median=  3417.198  sd=  0.04%      1.54 GF/s  setup=0.065 s
mkl1d_dfti               L=65537 B=16    m=1     inner=1      min=  3412.643 us/xform  median=  3415.467  sd=  0.14%      1.54 GF/s  setup=0.068 s
mkl1d_dfti               L=65537 B=16    m=1     inner=1      min=  3419.833 us/xform  median=  3427.253  sd=  0.16%      1.53 GF/s  setup=0.062 s
mkl1d_dfti               L=65537 B=16    m=1     inner=1      min=  3407.701 us/xform  median=  3408.934  sd=  0.03%      1.54 GF/s  setup=0.062 s
mkl1d_dfti               L=65537 B=16    m=1     inner=1      min=  3419.821 us/xform  median=  3421.570  sd=  0.04%      1.53 GF/s  setup=0.057 s
mkl1d_dfti               L=65537 B=16    m=1     inner=1      min=  3412.591 us/xform  median=  3413.737  sd=  0.03%      1.54 GF/s  setup=0.065 s
mkl1d_dfti               L=65537 B=16    m=1     inner=1      min=  3410.989 us/xform  median=  3412.325  sd=  0.02%      1.54 GF/s  setup=0.061 s
   skipping baseline_dft at L=16384 B=64 (too expensive to be informative)
d1_bluestein             L=16384 B=64    m=150   inner=1      min=   129.474 us/xform  median=   129.526  sd=  0.03%      8.86 GF/s  setup=0.003 s
d1_bluestein             L=16384 B=64    m=150   inner=1      min=   129.501 us/xform  median=   129.530  sd=  0.02%      8.86 GF/s  setup=0.004 s
d1_bluestein             L=16384 B=64    m=150   inner=1      min=   130.698 us/xform  median=   130.766  sd=  0.02%      8.78 GF/s  setup=0.004 s
d1_bluestein             L=16384 B=64    m=2     inner=1      min=   143.791 us/xform  median=   143.791  sd=  0.00%      7.98 GF/s  setup=0.003 s
d1_planner               L=16384 B=64    m=150   inner=1      min=    55.170 us/xform  median=    55.223  sd=  0.05%     20.79 GF/s  setup=0.003 s
d1_planner               L=16384 B=64    m=150   inner=1      min=    54.097 us/xform  median=    54.150  sd=  0.05%     21.20 GF/s  setup=0.003 s
d1_planner               L=16384 B=64    m=150   inner=1      min=    54.305 us/xform  median=    54.405  sd=  0.18%     21.12 GF/s  setup=0.003 s
d1_planner               L=16384 B=64    m=2     inner=1      min=    83.048 us/xform  median=    83.048  sd=  0.00%     13.81 GF/s  setup=0.002 s
d1_pow2                  L=16384 B=64    m=150   inner=1      min=    49.121 us/xform  median=    49.135  sd=  0.04%     23.35 GF/s  setup=0.003 s
d1_pow2                  L=16384 B=64    m=150   inner=1      min=    49.037 us/xform  median=    49.047  sd=  0.04%     23.39 GF/s  setup=0.003 s
d1_pow2                  L=16384 B=64    m=150   inner=1      min=    49.444 us/xform  median=    49.456  sd=  0.04%     23.20 GF/s  setup=0.003 s
d1_pow2                  L=16384 B=64    m=2     inner=1      min=    73.852 us/xform  median=    73.852  sd=  0.00%     15.53 GF/s  setup=0.003 s
d1_race                  L=16384 B=64    m=150   inner=1      min=    49.509 us/xform  median=    49.525  sd=  0.05%     23.17 GF/s  setup=2.291 s
d1_race                  L=16384 B=64    m=150   inner=1      min=    49.067 us/xform  median=    49.083  sd=  0.05%     23.37 GF/s  setup=0.011 s
d1_race                  L=16384 B=64    m=150   inner=1      min=    49.135 us/xform  median=    49.144  sd=  0.04%     23.34 GF/s  setup=0.009 s
d1_race                  L=16384 B=64    m=2     inner=1      min=    72.568 us/xform  median=    72.568  sd=  0.00%     15.80 GF/s  setup=0.009 s
d1_twiddle               L=16384 B=64    m=150   inner=1      min=    54.093 us/xform  median=    54.142  sd=  0.05%     21.20 GF/s  setup=0.001 s
d1_twiddle               L=16384 B=64    m=150   inner=1      min=    53.863 us/xform  median=    53.906  sd=  0.05%     21.29 GF/s  setup=0.001 s
d1_twiddle               L=16384 B=64    m=150   inner=1      min=    55.506 us/xform  median=    55.556  sd=  0.05%     20.66 GF/s  setup=0.001 s
d1_twiddle               L=16384 B=64    m=2     inner=1      min=    76.099 us/xform  median=    76.099  sd=  0.00%     15.07 GF/s  setup=0.001 s
fftw1d_estimate          L=16384 B=64    m=150   inner=1      min=   146.009 us/xform  median=   146.045  sd=  0.03%      7.85 GF/s  setup=0.001 s
fftw1d_estimate          L=16384 B=64    m=150   inner=1      min=   145.743 us/xform  median=   145.823  sd=  0.03%      7.87 GF/s  setup=0.001 s
fftw1d_estimate          L=16384 B=64    m=150   inner=1      min=   146.102 us/xform  median=   146.156  sd=  0.03%      7.85 GF/s  setup=0.001 s
fftw1d_estimate          L=16384 B=64    m=2     inner=1      min=   158.318 us/xform  median=   158.318  sd=  0.00%      7.24 GF/s  setup=0.001 s
fftw1d_measure           L=16384 B=64    m=150   inner=1      min=   119.508 us/xform  median=   119.545  sd=  0.02%      9.60 GF/s  setup=0.566 s
fftw1d_measure           L=16384 B=64    m=150   inner=1      min=   119.163 us/xform  median=   119.194  sd=  0.03%      9.62 GF/s  setup=0.618 s
fftw1d_measure           L=16384 B=64    m=150   inner=1      min=   120.100 us/xform  median=   120.167  sd=  0.05%      9.55 GF/s  setup=0.617 s
fftw1d_measure           L=16384 B=64    m=2     inner=1      min=   136.878 us/xform  median=   136.878  sd=  0.00%      8.38 GF/s  setup=0.566 s
fftw1d_patient           L=16384 B=64    m=150   inner=1      min=   102.183 us/xform  median=   102.221  sd=  0.02%     11.22 GF/s  setup=68.726 s
fftw1d_patient           L=16384 B=64    m=150   inner=1      min=   102.633 us/xform  median=   102.684  sd=  0.02%     11.17 GF/s  setup=68.757 s
fftw1d_patient           L=16384 B=64    m=150   inner=1      min=    98.925 us/xform  median=    98.960  sd=  0.03%     11.59 GF/s  setup=67.964 s
fftw1d_patient           L=16384 B=64    m=2     inner=1      min=   110.966 us/xform  median=   110.966  sd=  0.00%     10.34 GF/s  setup=67.536 s
mkl1d_dfti               L=16384 B=64    m=150   inner=1      min=   104.532 us/xform  median=   104.563  sd=  0.02%     10.97 GF/s  setup=0.004 s
mkl1d_dfti               L=16384 B=64    m=150   inner=1      min=   103.528 us/xform  median=   103.591  sd=  0.02%     11.08 GF/s  setup=0.002 s
mkl1d_dfti               L=16384 B=64    m=150   inner=1      min=   103.498 us/xform  median=   103.553  sd=  0.03%     11.08 GF/s  setup=0.003 s
mkl1d_dfti               L=16384 B=64    m=2     inner=1      min=   114.790 us/xform  median=   114.790  sd=  0.00%      9.99 GF/s  setup=0.002 s
   skipping baseline_dft at L=10007 B=64 (too expensive to be informative)
d1_bluestein             L=10007 B=64    m=80    inner=1      min=   130.367 us/xform  median=   130.465  sd=  0.07%      5.10 GF/s  setup=0.007 s
d1_bluestein             L=10007 B=64    m=80    inner=1      min=   132.838 us/xform  median=   132.889  sd=  0.02%      5.01 GF/s  setup=0.008 s
d1_bluestein             L=10007 B=64    m=80    inner=1      min=   130.896 us/xform  median=   130.946  sd=  0.04%      5.08 GF/s  setup=0.007 s
d1_bluestein             L=10007 B=64    m=2     inner=1      min=   169.965 us/xform  median=   169.965  sd=  0.00%      3.91 GF/s  setup=0.007 s
d1_planner               L=10007 B=64    m=80    inner=1      min=   125.396 us/xform  median=   125.408  sd=  0.02%      5.30 GF/s  setup=0.006 s
d1_planner               L=10007 B=64    m=80    inner=1      min=   123.873 us/xform  median=   123.890  sd=  0.03%      5.37 GF/s  setup=0.007 s
d1_planner               L=10007 B=64    m=80    inner=1      min=   125.991 us/xform  median=   126.012  sd=  0.02%      5.28 GF/s  setup=0.007 s
d1_planner               L=10007 B=64    m=2     inner=1      min=   161.772 us/xform  median=   161.772  sd=  0.00%      4.11 GF/s  setup=0.006 s
d1_race                  L=10007 B=64    m=80    inner=1      min=   127.234 us/xform  median=   127.248  sd=  0.02%      5.23 GF/s  setup=2.474 s
d1_race                  L=10007 B=64    m=80    inner=1      min=   125.650 us/xform  median=   125.666  sd=  0.02%      5.29 GF/s  setup=0.020 s
d1_race                  L=10007 B=64    m=80    inner=1      min=   126.049 us/xform  median=   126.059  sd=  0.02%      5.27 GF/s  setup=0.011 s
d1_race                  L=10007 B=64    m=2     inner=1      min=   142.971 us/xform  median=   142.971  sd=  0.00%      4.65 GF/s  setup=0.012 s
fftw1d_estimate          L=10007 B=64    m=80    inner=1      min=   392.666 us/xform  median=   392.738  sd=  0.01%      1.69 GF/s  setup=0.002 s
fftw1d_estimate          L=10007 B=64    m=80    inner=1      min=   393.814 us/xform  median=   393.870  sd=  0.01%      1.69 GF/s  setup=0.002 s
fftw1d_estimate          L=10007 B=64    m=80    inner=1      min=   396.214 us/xform  median=   396.343  sd=  0.05%      1.68 GF/s  setup=0.002 s
fftw1d_estimate          L=10007 B=64    m=2     inner=1      min=   509.847 us/xform  median=   509.847  sd=  0.00%      1.30 GF/s  setup=0.002 s
fftw1d_measure           L=10007 B=64    m=80    inner=1      min=   248.179 us/xform  median=   248.279  sd=  0.04%      2.68 GF/s  setup=1.217 s
fftw1d_measure           L=10007 B=64    m=80    inner=1      min=   250.234 us/xform  median=   250.435  sd=  0.05%      2.66 GF/s  setup=1.148 s
fftw1d_measure           L=10007 B=64    m=80    inner=1      min=   251.877 us/xform  median=   252.024  sd=  0.03%      2.64 GF/s  setup=1.262 s
fftw1d_measure           L=10007 B=64    m=2     inner=1      min=   260.606 us/xform  median=   260.606  sd=  0.00%      2.55 GF/s  setup=1.144 s
fftw1d_patient           L=10007 B=64    m=80    inner=1      min=   238.155 us/xform  median=   238.305  sd=  0.05%      2.79 GF/s  setup=19.812 s
fftw1d_patient           L=10007 B=64    m=80    inner=1      min=   239.858 us/xform  median=   240.185  sd=  0.08%      2.77 GF/s  setup=19.870 s
fftw1d_patient           L=10007 B=64    m=80    inner=1      min=   240.019 us/xform  median=   240.145  sd=  0.03%      2.77 GF/s  setup=19.741 s
fftw1d_patient           L=10007 B=64    m=2     inner=1      min=   252.398 us/xform  median=   252.398  sd=  0.00%      2.63 GF/s  setup=19.749 s
mkl1d_dfti               L=10007 B=64    m=80    inner=1      min=   303.333 us/xform  median=   303.367  sd=  0.01%      2.19 GF/s  setup=0.057 s
mkl1d_dfti               L=10007 B=64    m=80    inner=1      min=   303.575 us/xform  median=   303.618  sd=  0.01%      2.19 GF/s  setup=0.050 s
mkl1d_dfti               L=10007 B=64    m=80    inner=1      min=   303.532 us/xform  median=   303.574  sd=  0.01%      2.19 GF/s  setup=0.053 s
mkl1d_dfti               L=10007 B=64    m=2     inner=1      min=   331.163 us/xform  median=   331.163  sd=  0.00%      2.01 GF/s  setup=0.049 s
   skipping baseline_dft at L=100003 B=8 (too expensive to be informative)
d1_bluestein             L=100003 B=8     m=15    inner=1      min=  2763.145 us/xform  median=  2765.572  sd=  0.09%      3.01 GF/s  setup=0.028 s
d1_bluestein             L=100003 B=8     m=15    inner=1      min=  2714.322 us/xform  median=  2716.027  sd=  0.08%      3.06 GF/s  setup=0.029 s
d1_bluestein             L=100003 B=8     m=15    inner=1      min=  2751.959 us/xform  median=  2754.528  sd=  0.08%      3.02 GF/s  setup=0.030 s
d1_bluestein             L=100003 B=8     m=2     inner=1      min=  4016.880 us/xform  median=  4016.880  sd=  0.00%      2.07 GF/s  setup=0.028 s
d1_planner               L=100003 B=8     m=15    inner=1      min=  2868.211 us/xform  median=  2868.536  sd=  0.03%      2.90 GF/s  setup=0.058 s
d1_planner               L=100003 B=8     m=15    inner=1      min=  2870.411 us/xform  median=  2871.070  sd=  0.03%      2.89 GF/s  setup=0.047 s
d1_planner               L=100003 B=8     m=15    inner=1      min=  2840.660 us/xform  median=  2841.370  sd=  0.04%      2.92 GF/s  setup=0.058 s
d1_planner               L=100003 B=8     m=2     inner=1      min=  3177.889 us/xform  median=  3177.889  sd=  0.00%      2.61 GF/s  setup=0.058 s
d1_race                  L=100003 B=8     m=15    inner=1      min=  2811.618 us/xform  median=  2812.333  sd=  0.06%      2.95 GF/s  setup=0.038 s
d1_race                  L=100003 B=8     m=15    inner=1      min=  2784.623 us/xform  median=  2785.656  sd=  0.05%      2.98 GF/s  setup=0.041 s
d1_race                  L=100003 B=8     m=15    inner=1      min=  2783.333 us/xform  median=  2784.739  sd=  0.06%      2.98 GF/s  setup=0.043 s
d1_race                  L=100003 B=8     m=2     inner=1      min=  2882.874 us/xform  median=  2882.874  sd=  0.00%      2.88 GF/s  setup=0.037 s
fftw1d_estimate          L=100003 B=8     m=15    inner=1      min=  5489.115 us/xform  median=  5492.971  sd=  0.04%      1.51 GF/s  setup=0.012 s
fftw1d_estimate          L=100003 B=8     m=15    inner=1      min=  5404.266 us/xform  median=  5408.232  sd=  0.04%      1.54 GF/s  setup=0.013 s
fftw1d_estimate          L=100003 B=8     m=15    inner=1      min=  5400.473 us/xform  median=  5404.135  sd=  0.03%      1.54 GF/s  setup=0.012 s
fftw1d_estimate          L=100003 B=8     m=2     inner=1      min=  7500.270 us/xform  median=  7500.270  sd=  0.00%      1.11 GF/s  setup=0.012 s
fftw1d_measure           L=100003 B=8     m=15    inner=1      min=  3439.743 us/xform  median=  3442.077  sd=  0.06%      2.41 GF/s  setup=4.755 s
fftw1d_measure           L=100003 B=8     m=15    inner=1      min=  3819.990 us/xform  median=  3823.656  sd=  0.05%      2.17 GF/s  setup=4.840 s
fftw1d_measure           L=100003 B=8     m=15    inner=1      min=  3470.171 us/xform  median=  3475.221  sd=  0.09%      2.39 GF/s  setup=4.794 s
fftw1d_measure           L=100003 B=8     m=2     inner=1      min=  3432.319 us/xform  median=  3432.319  sd=  0.00%      2.42 GF/s  setup=4.650 s
fftw1d_patient           L=100003 B=8     m=15    inner=1      min=  3220.506 us/xform  median=  3227.756  sd=  0.11%      2.58 GF/s  setup=62.642 s
fftw1d_patient           L=100003 B=8     m=15    inner=1      min=  3412.310 us/xform  median=  3422.909  sd=  0.16%      2.43 GF/s  setup=63.087 s
fftw1d_patient           L=100003 B=8     m=15    inner=1      min=  3205.785 us/xform  median=  3215.532  sd=  0.19%      2.59 GF/s  setup=62.458 s
fftw1d_patient           L=100003 B=8     m=2     inner=1      min=  3358.044 us/xform  median=  3358.044  sd=  0.00%      2.47 GF/s  setup=62.550 s
mkl1d_dfti               L=100003 B=8     m=15    inner=1      min=  3864.841 us/xform  median=  3867.187  sd=  0.05%      2.15 GF/s  setup=0.067 s
mkl1d_dfti               L=100003 B=8     m=15    inner=1      min=  3867.119 us/xform  median=  3869.524  sd=  0.06%      2.15 GF/s  setup=0.062 s
mkl1d_dfti               L=100003 B=8     m=15    inner=1      min=  3861.058 us/xform  median=  3862.520  sd=  0.07%      2.15 GF/s  setup=0.066 s
mkl1d_dfti               L=100003 B=8     m=2     inner=1      min=  4129.731 us/xform  median=  4129.731  sd=  0.00%      2.01 GF/s  setup=0.062 s
baseline_dft             L=1024 B=1     m=4000  inner=1      min=  1843.435 us/xform  median=  1845.490  sd=  0.07%      0.03 GF/s  setup=0.034 s
baseline_dft             L=1024 B=1     m=4000  inner=1      min=  1843.353 us/xform  median=  1844.772  sd=  0.03%      0.03 GF/s  setup=0.027 s
baseline_dft             L=1024 B=1     m=4000  inner=1      min=  1834.895 us/xform  median=  1836.469  sd=  0.06%      0.03 GF/s  setup=0.038 s
   skipping baseline_dft at L=10007 B=64 (too expensive to be informative)
d1_bluestein             L=10007 B=64    m=1     inner=4      min=   143.778 us/xform  median=   143.847  sd=  0.03%      4.62 GF/s  setup=0.008 s
d1_bluestein             L=10007 B=64    m=1     inner=4      min=   138.903 us/xform  median=   138.994  sd=  0.03%      4.79 GF/s  setup=0.009 s
d1_bluestein             L=10007 B=64    m=1     inner=4      min=   151.597 us/xform  median=   151.647  sd=  0.03%      4.39 GF/s  setup=0.007 s
d1_bluestein             L=10007 B=64    m=1     inner=4      min=   112.705 us/xform  median=   112.754  sd=  0.11%      5.90 GF/s  setup=0.008 s
d1_bluestein             L=10007 B=64    m=1     inner=4      min=   136.817 us/xform  median=   139.555  sd=  1.00%      4.86 GF/s  setup=0.008 s
d1_bluestein             L=10007 B=64    m=1     inner=4      min=   139.526 us/xform  median=   139.555  sd=  0.02%      4.77 GF/s  setup=0.007 s
d1_bluestein             L=10007 B=64    m=1     inner=4      min=   139.524 us/xform  median=   139.576  sd=  0.03%      4.77 GF/s  setup=0.007 s
d1_bluestein             L=10007 B=64    m=1     inner=4      min=   143.846 us/xform  median=   143.909  sd=  0.05%      4.62 GF/s  setup=0.008 s
d1_bluestein             L=10007 B=64    m=1     inner=4      min=   151.595 us/xform  median=   151.650  sd=  0.02%      4.39 GF/s  setup=0.008 s
d1_planner               L=10007 B=64    m=1     inner=4      min=   127.882 us/xform  median=   152.543  sd=  6.46%      5.20 GF/s  setup=0.006 s
d1_planner               L=10007 B=64    m=1     inner=4      min=   110.061 us/xform  median=   117.732  sd= 15.25%      6.04 GF/s  setup=0.006 s
d1_planner               L=10007 B=64    m=1     inner=4      min=   138.942 us/xform  median=   147.184  sd=  1.63%      4.79 GF/s  setup=0.007 s
d1_planner               L=10007 B=64    m=1     inner=4      min=   146.821 us/xform  median=   146.908  sd=  0.03%      4.53 GF/s  setup=0.006 s
d1_planner               L=10007 B=64    m=1     inner=4      min=   134.740 us/xform  median=   134.827  sd=  0.03%      4.93 GF/s  setup=0.007 s
d1_planner               L=10007 B=64    m=1     inner=4      min=   155.648 us/xform  median=   155.716  sd=  0.02%      4.27 GF/s  setup=0.007 s
d1_planner               L=10007 B=64    m=1     inner=4      min=   153.288 us/xform  median=   153.382  sd=  0.04%      4.34 GF/s  setup=0.007 s
d1_planner               L=10007 B=64    m=1     inner=4      min=   149.040 us/xform  median=   149.101  sd=  0.03%      4.46 GF/s  setup=0.007 s
d1_planner               L=10007 B=64    m=1     inner=4      min=   134.690 us/xform  median=   134.728  sd=  0.18%      4.94 GF/s  setup=0.007 s
d1_race                  L=10007 B=64    m=1     inner=4      min=   135.216 us/xform  median=   135.275  sd=  0.10%      4.92 GF/s  setup=0.022 s
d1_race                  L=10007 B=64    m=1     inner=4      min=   129.316 us/xform  median=   133.144  sd=  0.91%      5.14 GF/s  setup=0.019 s
d1_race                  L=10007 B=64    m=1     inner=4      min=   145.823 us/xform  median=   145.869  sd=  0.02%      4.56 GF/s  setup=0.017 s
d1_race                  L=10007 B=64    m=1     inner=4      min=   147.105 us/xform  median=   147.212  sd=  0.05%      4.52 GF/s  setup=0.019 s
d1_race                  L=10007 B=64    m=1     inner=4      min=   148.129 us/xform  median=   148.197  sd=  0.05%      4.49 GF/s  setup=0.018 s
d1_race                  L=10007 B=64    m=1     inner=4      min=   134.698 us/xform  median=   134.732  sd=  0.02%      4.94 GF/s  setup=0.018 s
d1_race                  L=10007 B=64    m=1     inner=4      min=   109.761 us/xform  median=   109.791  sd=  0.01%      6.06 GF/s  setup=0.014 s
d1_race                  L=10007 B=64    m=1     inner=4      min=   149.265 us/xform  median=   149.340  sd=  0.02%      4.45 GF/s  setup=0.016 s
d1_race                  L=10007 B=64    m=1     inner=4      min=   134.582 us/xform  median=   134.660  sd=  0.04%      4.94 GF/s  setup=0.021 s
fftw1d_estimate          L=10007 B=64    m=1     inner=1      min=   450.272 us/xform  median=   450.778  sd=  0.11%      1.48 GF/s  setup=0.002 s
fftw1d_estimate          L=10007 B=64    m=1     inner=1      min=   361.267 us/xform  median=   384.016  sd= 10.63%      1.84 GF/s  setup=0.002 s
fftw1d_estimate          L=10007 B=64    m=1     inner=1      min=   363.400 us/xform  median=   363.920  sd=  0.08%      1.83 GF/s  setup=0.002 s
fftw1d_estimate          L=10007 B=64    m=1     inner=1      min=   439.626 us/xform  median=   451.052  sd=  0.87%      1.51 GF/s  setup=0.002 s
fftw1d_estimate          L=10007 B=64    m=1     inner=1      min=   450.628 us/xform  median=   451.273  sd=  0.10%      1.48 GF/s  setup=0.003 s
fftw1d_estimate          L=10007 B=64    m=1     inner=1      min=   360.282 us/xform  median=   360.782  sd=  0.12%      1.85 GF/s  setup=0.003 s
fftw1d_estimate          L=10007 B=64    m=1     inner=1      min=   451.107 us/xform  median=   451.498  sd=  0.05%      1.47 GF/s  setup=0.002 s
fftw1d_estimate          L=10007 B=64    m=1     inner=1      min=   456.274 us/xform  median=   457.260  sd=  0.09%      1.46 GF/s  setup=0.003 s
fftw1d_estimate          L=10007 B=64    m=1     inner=1      min=   360.097 us/xform  median=   360.782  sd=  0.27%      1.85 GF/s  setup=0.003 s
fftw1d_measure           L=10007 B=64    m=1     inner=2      min=   218.048 us/xform  median=   219.156  sd=  0.19%      3.05 GF/s  setup=1.141 s
fftw1d_measure           L=10007 B=64    m=1     inner=2      min=   218.577 us/xform  median=   270.578  sd=  9.46%      3.04 GF/s  setup=1.250 s
fftw1d_measure           L=10007 B=64    m=1     inner=2      min=   219.254 us/xform  median=   219.813  sd=  0.11%      3.03 GF/s  setup=1.139 s
fftw1d_measure           L=10007 B=64    m=1     inner=2      min=   217.673 us/xform  median=   218.310  sd=  0.59%      3.05 GF/s  setup=1.273 s
fftw1d_measure           L=10007 B=64    m=1     inner=2      min=   216.725 us/xform  median=   217.984  sd=  0.36%      3.07 GF/s  setup=1.141 s
fftw1d_measure           L=10007 B=64    m=1     inner=2      min=   215.790 us/xform  median=   216.342  sd=  0.10%      3.08 GF/s  setup=1.143 s
fftw1d_measure           L=10007 B=64    m=1     inner=2      min=   223.494 us/xform  median=   224.152  sd=  0.22%      2.98 GF/s  setup=1.259 s
fftw1d_measure           L=10007 B=64    m=1     inner=2      min=   218.972 us/xform  median=   220.257  sd=  0.32%      3.04 GF/s  setup=1.130 s
fftw1d_measure           L=10007 B=64    m=1     inner=2      min=   226.866 us/xform  median=   227.552  sd=  0.18%      2.93 GF/s  setup=1.138 s
fftw1d_patient           L=10007 B=64    m=1     inner=2      min=   206.993 us/xform  median=   207.896  sd=  0.19%      3.21 GF/s  setup=19.793 s
fftw1d_patient           L=10007 B=64    m=1     inner=2      min=   206.874 us/xform  median=   208.530  sd=  0.57%      3.21 GF/s  setup=19.827 s
fftw1d_patient           L=10007 B=64    m=1     inner=2      min=   203.005 us/xform  median=   204.233  sd=  0.79%      3.28 GF/s  setup=19.864 s
fftw1d_patient           L=10007 B=64    m=1     inner=2      min=   202.061 us/xform  median=   205.359  sd=  0.82%      3.29 GF/s  setup=19.727 s
fftw1d_patient           L=10007 B=64    m=1     inner=2      min=   206.813 us/xform  median=   208.738  sd=  0.70%      3.21 GF/s  setup=19.731 s
fftw1d_patient           L=10007 B=64    m=1     inner=2      min=   212.955 us/xform  median=   214.093  sd=  0.28%      3.12 GF/s  setup=19.756 s
fftw1d_patient           L=10007 B=64    m=1     inner=2      min=   202.380 us/xform  median=   205.958  sd=  1.12%      3.29 GF/s  setup=19.859 s
fftw1d_patient           L=10007 B=64    m=1     inner=2      min=   203.797 us/xform  median=   205.660  sd=  0.51%      3.26 GF/s  setup=19.859 s
fftw1d_patient           L=10007 B=64    m=1     inner=2      min=   208.002 us/xform  median=   210.699  sd=  0.78%      3.20 GF/s  setup=19.863 s
mkl1d_dfti               L=10007 B=64    m=1     inner=1      min=   316.550 us/xform  median=   316.789  sd=  0.10%      2.10 GF/s  setup=0.053 s
mkl1d_dfti               L=10007 B=64    m=1     inner=1      min=   365.622 us/xform  median=   366.568  sd=  0.20%      1.82 GF/s  setup=0.034 s
mkl1d_dfti               L=10007 B=64    m=1     inner=1      min=   364.839 us/xform  median=   365.811  sd=  0.14%      1.82 GF/s  setup=0.017 s
mkl1d_dfti               L=10007 B=64    m=1     inner=1      min=   366.620 us/xform  median=   367.189  sd=  0.13%      1.81 GF/s  setup=0.017 s
mkl1d_dfti               L=10007 B=64    m=1     inner=1      min=   313.570 us/xform  median=   371.238  sd=  5.34%      2.12 GF/s  setup=0.041 s
mkl1d_dfti               L=10007 B=64    m=1     inner=2      min=   278.129 us/xform  median=   278.840  sd=  0.15%      2.39 GF/s  setup=0.034 s
mkl1d_dfti               L=10007 B=64    m=1     inner=2      min=   278.763 us/xform  median=   279.089  sd=  0.14%      2.39 GF/s  setup=0.015 s
mkl1d_dfti               L=10007 B=64    m=1     inner=2      min=   276.178 us/xform  median=   276.519  sd=  0.09%      2.41 GF/s  setup=0.035 s
mkl1d_dfti               L=10007 B=64    m=1     inner=2      min=   276.293 us/xform  median=   276.573  sd=  0.10%      2.41 GF/s  setup=0.014 s
baseline_dft             L=1021 B=1     m=2000  inner=1      min=  1826.200 us/xform  median=  1827.109  sd=  0.03%      0.03 GF/s  setup=0.035 s
baseline_dft             L=1021 B=1     m=2000  inner=1      min=  1833.806 us/xform  median=  1834.176  sd=  0.02%      0.03 GF/s  setup=0.038 s
baseline_dft             L=1021 B=1     m=2000  inner=1      min=  1824.204 us/xform  median=  1827.027  sd=  0.08%      0.03 GF/s  setup=0.039 s
baseline_dft             L=1021 B=1     m=2     inner=1      min=  2305.028 us/xform  median=  2305.028  sd=  0.00%      0.02 GF/s  setup=0.036 s
d1_bluestein             L=1021 B=1     m=2000  inner=2      min=     8.410 us/xform  median=     8.417  sd=  0.52%      6.07 GF/s  setup=0.002 s
d1_bluestein             L=1021 B=1     m=2000  inner=2      min=     9.623 us/xform  median=     9.626  sd=  0.11%      5.30 GF/s  setup=0.002 s
d1_bluestein             L=1021 B=1     m=2000  inner=2      min=     8.384 us/xform  median=     8.388  sd=  0.03%      6.09 GF/s  setup=0.003 s
d1_bluestein             L=1021 B=1     m=2     inner=84     min=    10.247 us/xform  median=    10.247  sd=  0.00%      4.98 GF/s  setup=0.002 s
d1_planner               L=1021 B=1     m=2000  inner=2      min=     6.623 us/xform  median=     6.627  sd=  0.05%      7.70 GF/s  setup=0.000 s
d1_planner               L=1021 B=1     m=2000  inner=2      min=     7.516 us/xform  median=     7.522  sd=  0.04%      6.79 GF/s  setup=0.001 s
d1_planner               L=1021 B=1     m=2000  inner=2      min=     7.692 us/xform  median=     7.697  sd=  0.03%      6.63 GF/s  setup=0.001 s
d1_planner               L=1021 B=1     m=2     inner=98     min=    10.042 us/xform  median=    10.042  sd=  0.00%      5.08 GF/s  setup=0.000 s
d1_race                  L=1021 B=1     m=2000  inner=2      min=     6.822 us/xform  median=     6.826  sd=  0.03%      7.48 GF/s  setup=0.455 s
d1_race                  L=1021 B=1     m=2000  inner=2      min=     7.498 us/xform  median=     7.501  sd=  0.03%      6.81 GF/s  setup=0.009 s
d1_race                  L=1021 B=1     m=2000  inner=2      min=     7.128 us/xform  median=     7.131  sd=  0.05%      7.16 GF/s  setup=0.009 s
d1_race                  L=1021 B=1     m=2     inner=86     min=     9.519 us/xform  median=     9.519  sd=  0.00%      5.36 GF/s  setup=0.008 s
d1_rader                 L=1021 B=1     m=2000  inner=2      min=     8.022 us/xform  median=     8.024  sd=  0.01%      6.36 GF/s  setup=0.000 s
d1_rader                 L=1021 B=1     m=2000  inner=2      min=     7.973 us/xform  median=     7.977  sd=  0.02%      6.40 GF/s  setup=0.000 s
d1_rader                 L=1021 B=1     m=2000  inner=2      min=     7.048 us/xform  median=     7.051  sd=  0.02%      7.24 GF/s  setup=0.000 s
d1_rader                 L=1021 B=1     m=2     inner=68     min=    13.796 us/xform  median=    13.796  sd=  0.00%      3.70 GF/s  setup=0.000 s
fftw1d_estimate          L=1021 B=1     m=2000  inner=1      min=    18.148 us/xform  median=    18.157  sd=  0.03%      2.81 GF/s  setup=0.001 s
fftw1d_estimate          L=1021 B=1     m=2000  inner=1      min=    18.100 us/xform  median=    18.116  sd=  0.04%      2.82 GF/s  setup=0.001 s
fftw1d_estimate          L=1021 B=1     m=2000  inner=1      min=    18.110 us/xform  median=    18.128  sd=  0.05%      2.82 GF/s  setup=0.001 s
fftw1d_estimate          L=1021 B=1     m=2     inner=52     min=    18.296 us/xform  median=    18.296  sd=  0.00%      2.79 GF/s  setup=0.001 s
fftw1d_measure           L=1021 B=1     m=2000  inner=1      min=    17.523 us/xform  median=    17.534  sd=  0.03%      2.91 GF/s  setup=0.296 s
fftw1d_measure           L=1021 B=1     m=2000  inner=1      min=    17.119 us/xform  median=    17.131  sd=  0.04%      2.98 GF/s  setup=0.297 s
fftw1d_measure           L=1021 B=1     m=2000  inner=1      min=    17.883 us/xform  median=    17.895  sd=  0.04%      2.85 GF/s  setup=0.295 s
fftw1d_measure           L=1021 B=1     m=2     inner=64     min=    15.648 us/xform  median=    15.648  sd=  0.00%      3.26 GF/s  setup=0.285 s
fftw1d_patient           L=1021 B=1     m=2000  inner=1      min=    15.047 us/xform  median=    15.058  sd=  0.04%      3.39 GF/s  setup=3.006 s
fftw1d_patient           L=1021 B=1     m=2000  inner=1      min=    15.330 us/xform  median=    15.335  sd=  0.03%      3.33 GF/s  setup=2.944 s
fftw1d_patient           L=1021 B=1     m=2000  inner=1      min=    15.457 us/xform  median=    15.468  sd=  0.04%      3.30 GF/s  setup=2.956 s
fftw1d_patient           L=1021 B=1     m=2     inner=64     min=    15.515 us/xform  median=    15.515  sd=  0.00%      3.29 GF/s  setup=2.983 s
mkl1d_dfti               L=1021 B=1     m=2000  inner=1      min=    12.982 us/xform  median=    12.985  sd=  0.01%      3.93 GF/s  setup=0.050 s
mkl1d_dfti               L=1021 B=1     m=2000  inner=1      min=    12.981 us/xform  median=    12.984  sd=  0.01%      3.93 GF/s  setup=0.013 s
mkl1d_dfti               L=1021 B=1     m=2000  inner=1      min=    12.966 us/xform  median=    12.968  sd=  0.01%      3.94 GF/s  setup=0.053 s
mkl1d_dfti               L=1021 B=1     m=2     inner=74     min=    13.085 us/xform  median=    13.085  sd=  0.00%      3.90 GF/s  setup=0.034 s
   skipping baseline_dft at L=1024 B=512 (too expensive to be informative)
d1_bluestein             L=1024 B=512   m=1     inner=24     min=     2.862 us/xform  median=     3.057  sd=  2.04%     17.89 GF/s  setup=0.001 s
d1_bluestein             L=1024 B=512   m=1     inner=18     min=     2.909 us/xform  median=     2.910  sd=  1.18%     17.60 GF/s  setup=0.001 s
d1_bluestein             L=1024 B=512   m=1     inner=24     min=     2.394 us/xform  median=     2.395  sd=  0.03%     21.38 GF/s  setup=0.001 s
d1_bluestein             L=1024 B=512   m=1     inner=24     min=     2.902 us/xform  median=     2.904  sd=  0.02%     17.64 GF/s  setup=0.001 s
d1_bluestein             L=1024 B=512   m=1     inner=22     min=     3.175 us/xform  median=     3.738  sd=  4.61%     16.12 GF/s  setup=0.001 s
d1_bluestein             L=1024 B=512   m=1     inner=18     min=     2.877 us/xform  median=     2.878  sd=  2.20%     17.79 GF/s  setup=0.002 s
d1_bluestein             L=1024 B=512   m=1     inner=24     min=     3.282 us/xform  median=     3.312  sd=  0.27%     15.60 GF/s  setup=0.001 s
d1_bluestein             L=1024 B=512   m=1     inner=22     min=     2.370 us/xform  median=     2.371  sd=  2.32%     21.60 GF/s  setup=0.001 s
d1_bluestein             L=1024 B=512   m=1     inner=32     min=     2.366 us/xform  median=     2.367  sd=  0.02%     21.64 GF/s  setup=0.001 s
d1_planner               L=1024 B=512   m=1     inner=30     min=     2.558 us/xform  median=     3.235  sd=  7.68%     20.01 GF/s  setup=0.000 s
d1_planner               L=1024 B=512   m=1     inner=22     min=     3.191 us/xform  median=     3.196  sd=  0.15%     16.04 GF/s  setup=0.000 s
d1_planner               L=1024 B=512   m=1     inner=20     min=     2.386 us/xform  median=     2.389  sd=  3.54%     21.46 GF/s  setup=0.000 s
d1_planner               L=1024 B=512   m=1     inner=36     min=     2.132 us/xform  median=     2.134  sd=  0.08%     24.01 GF/s  setup=0.000 s
d1_planner               L=1024 B=512   m=1     inner=28     min=     2.569 us/xform  median=     3.176  sd=  7.16%     19.93 GF/s  setup=0.000 s
d1_planner               L=1024 B=512   m=1     inner=20     min=     3.175 us/xform  median=     3.179  sd=  0.12%     16.13 GF/s  setup=0.000 s
d1_planner               L=1024 B=512   m=1     inner=22     min=     2.133 us/xform  median=     2.136  sd=  3.65%     24.00 GF/s  setup=0.000 s
d1_planner               L=1024 B=512   m=1     inner=36     min=     2.133 us/xform  median=     2.135  sd=  0.12%     24.00 GF/s  setup=0.000 s
d1_planner               L=1024 B=512   m=1     inner=34     min=     2.275 us/xform  median=     2.277  sd=  0.08%     22.50 GF/s  setup=0.000 s
d1_pow2                  L=1024 B=512   m=1     inner=36     min=     2.062 us/xform  median=     2.064  sd=  0.26%     24.84 GF/s  setup=0.001 s
d1_pow2                  L=1024 B=512   m=1     inner=16     min=     2.155 us/xform  median=     2.594  sd=  7.60%     23.76 GF/s  setup=0.001 s
d1_pow2                  L=1024 B=512   m=1     inner=24     min=     2.519 us/xform  median=     2.524  sd=  0.18%     20.32 GF/s  setup=0.001 s
d1_pow2                  L=1024 B=512   m=1     inner=24     min=     2.518 us/xform  median=     2.523  sd=  0.25%     20.33 GF/s  setup=0.001 s
d1_pow2                  L=1024 B=512   m=1     inner=24     min=     2.507 us/xform  median=     2.512  sd=  0.11%     20.43 GF/s  setup=0.001 s
d1_pow2                  L=1024 B=512   m=1     inner=24     min=     2.571 us/xform  median=     2.576  sd=  0.25%     19.92 GF/s  setup=0.001 s
d1_pow2                  L=1024 B=512   m=1     inner=26     min=     1.801 us/xform  median=     1.806  sd=  3.82%     28.43 GF/s  setup=0.001 s
d1_pow2                  L=1024 B=512   m=1     inner=16     min=     2.035 us/xform  median=     2.044  sd=  0.79%     25.16 GF/s  setup=0.001 s
d1_pow2                  L=1024 B=512   m=1     inner=32     min=     2.051 us/xform  median=     2.056  sd=  0.19%     24.97 GF/s  setup=0.001 s
d1_race                  L=1024 B=512   m=1     inner=42     min=     1.803 us/xform  median=     1.805  sd=  0.18%     28.40 GF/s  setup=0.007 s
d1_race                  L=1024 B=512   m=1     inner=36     min=     2.024 us/xform  median=     2.029  sd=  0.12%     25.29 GF/s  setup=0.013 s
d1_race                  L=1024 B=512   m=1     inner=38     min=     2.006 us/xform  median=     2.008  sd=  0.15%     25.52 GF/s  setup=0.010 s
d1_race                  L=1024 B=512   m=1     inner=36     min=     2.028 us/xform  median=     2.030  sd=  0.13%     25.25 GF/s  setup=0.011 s
d1_race                  L=1024 B=512   m=1     inner=34     min=     2.239 us/xform  median=     2.426  sd=  3.20%     22.87 GF/s  setup=0.011 s
d1_race                  L=1024 B=512   m=1     inner=28     min=     2.047 us/xform  median=     2.050  sd=  1.30%     25.01 GF/s  setup=0.015 s
d1_race                  L=1024 B=512   m=1     inner=36     min=     2.023 us/xform  median=     2.028  sd=  0.17%     25.31 GF/s  setup=0.012 s
d1_race                  L=1024 B=512   m=1     inner=36     min=     2.018 us/xform  median=     2.023  sd=  0.49%     25.37 GF/s  setup=0.011 s
d1_race                  L=1024 B=512   m=1     inner=42     min=     1.786 us/xform  median=     1.790  sd=  0.14%     28.67 GF/s  setup=0.008 s
d1_twiddle               L=1024 B=512   m=1     inner=42     min=     1.770 us/xform  median=     1.776  sd=  0.60%     28.92 GF/s  setup=0.000 s
d1_twiddle               L=1024 B=512   m=1     inner=42     min=     1.766 us/xform  median=     1.771  sd=  0.29%     29.00 GF/s  setup=0.000 s
d1_twiddle               L=1024 B=512   m=1     inner=42     min=     1.763 us/xform  median=     1.769  sd=  0.34%     29.05 GF/s  setup=0.000 s
d1_twiddle               L=1024 B=512   m=1     inner=34     min=     1.998 us/xform  median=     2.004  sd=  0.21%     25.63 GF/s  setup=0.000 s
d1_twiddle               L=1024 B=512   m=1     inner=34     min=     1.774 us/xform  median=     1.781  sd=  0.30%     28.86 GF/s  setup=0.000 s
d1_twiddle               L=1024 B=512   m=1     inner=34     min=     2.269 us/xform  median=     2.472  sd=  3.29%     22.56 GF/s  setup=0.000 s
d1_twiddle               L=1024 B=512   m=1     inner=24     min=     1.785 us/xform  median=     1.791  sd=  5.02%     28.69 GF/s  setup=0.000 s
d1_twiddle               L=1024 B=512   m=1     inner=21     min=     1.782 us/xform  median=     1.788  sd=  0.39%     28.73 GF/s  setup=0.000 s
d1_twiddle               L=1024 B=512   m=1     inner=34     min=     1.992 us/xform  median=     1.998  sd=  0.76%     25.71 GF/s  setup=0.000 s
fftw1d_estimate          L=1024 B=512   m=1     inner=13     min=     3.077 us/xform  median=     3.396  sd=  3.53%     16.64 GF/s  setup=0.001 s
fftw1d_estimate          L=1024 B=512   m=1     inner=22     min=     2.442 us/xform  median=     2.445  sd=  1.62%     20.97 GF/s  setup=0.001 s
fftw1d_estimate          L=1024 B=512   m=1     inner=26     min=     3.204 us/xform  median=     4.126  sd=  6.76%     15.98 GF/s  setup=0.001 s
fftw1d_estimate          L=1024 B=512   m=1     inner=20     min=     2.459 us/xform  median=     2.465  sd=  4.17%     20.82 GF/s  setup=0.001 s
fftw1d_estimate          L=1024 B=512   m=1     inner=24     min=     3.199 us/xform  median=     3.397  sd=  1.76%     16.00 GF/s  setup=0.001 s
fftw1d_estimate          L=1024 B=512   m=1     inner=18     min=     3.446 us/xform  median=     3.458  sd=  0.24%     14.86 GF/s  setup=0.001 s
fftw1d_estimate          L=1024 B=512   m=1     inner=18     min=     3.501 us/xform  median=     3.514  sd=  1.77%     14.63 GF/s  setup=0.001 s
fftw1d_estimate          L=1024 B=512   m=1     inner=20     min=     2.438 us/xform  median=     2.446  sd=  3.39%     21.00 GF/s  setup=0.001 s
fftw1d_estimate          L=1024 B=512   m=1     inner=24     min=     2.997 us/xform  median=     3.000  sd=  0.10%     17.08 GF/s  setup=0.001 s
fftw1d_measure           L=1024 B=512   m=1     inner=34     min=     2.563 us/xform  median=     2.616  sd=  0.59%     19.98 GF/s  setup=0.117 s
fftw1d_measure           L=1024 B=512   m=1     inner=24     min=     2.579 us/xform  median=     2.585  sd=  2.29%     19.85 GF/s  setup=0.117 s
fftw1d_measure           L=1024 B=512   m=1     inner=40     min=     1.838 us/xform  median=     1.843  sd=  0.23%     27.86 GF/s  setup=0.115 s
fftw1d_measure           L=1024 B=512   m=1     inner=38     min=     1.945 us/xform  median=     1.949  sd=  0.16%     26.33 GF/s  setup=0.115 s
fftw1d_measure           L=1024 B=512   m=1     inner=42     min=     1.795 us/xform  median=     1.799  sd=  0.20%     28.52 GF/s  setup=0.116 s
fftw1d_measure           L=1024 B=512   m=1     inner=42     min=     1.814 us/xform  median=     1.817  sd=  0.17%     28.22 GF/s  setup=0.115 s
fftw1d_measure           L=1024 B=512   m=1     inner=40     min=     1.844 us/xform  median=     1.850  sd=  0.17%     27.76 GF/s  setup=0.116 s
fftw1d_measure           L=1024 B=512   m=1     inner=38     min=     1.928 us/xform  median=     1.933  sd=  0.22%     26.56 GF/s  setup=0.116 s
fftw1d_measure           L=1024 B=512   m=1     inner=26     min=     2.448 us/xform  median=     2.456  sd=  0.25%     20.91 GF/s  setup=0.118 s
fftw1d_patient           L=1024 B=512   m=1     inner=38     min=     1.936 us/xform  median=     1.941  sd=  0.15%     26.44 GF/s  setup=12.076 s
fftw1d_patient           L=1024 B=512   m=1     inner=40     min=     1.864 us/xform  median=     1.868  sd=  0.19%     27.47 GF/s  setup=11.865 s
fftw1d_patient           L=1024 B=512   m=1     inner=40     min=     1.871 us/xform  median=     1.874  sd=  0.15%     27.37 GF/s  setup=11.670 s
fftw1d_patient           L=1024 B=512   m=1     inner=38     min=     1.924 us/xform  median=     1.929  sd=  0.23%     26.61 GF/s  setup=11.821 s
fftw1d_patient           L=1024 B=512   m=1     inner=40     min=     1.843 us/xform  median=     1.848  sd=  0.19%     27.78 GF/s  setup=11.510 s
fftw1d_patient           L=1024 B=512   m=1     inner=40     min=     1.856 us/xform  median=     1.860  sd=  0.18%     27.59 GF/s  setup=11.897 s
fftw1d_patient           L=1024 B=512   m=1     inner=38     min=     1.968 us/xform  median=     1.971  sd=  0.21%     26.02 GF/s  setup=11.572 s
fftw1d_patient           L=1024 B=512   m=1     inner=42     min=     1.815 us/xform  median=     1.821  sd=  0.25%     28.21 GF/s  setup=11.829 s
fftw1d_patient           L=1024 B=512   m=1     inner=38     min=     1.982 us/xform  median=     1.986  sd=  0.32%     25.84 GF/s  setup=11.937 s
mkl1d_dfti               L=1024 B=512   m=1     inner=36     min=     2.246 us/xform  median=     2.250  sd=  0.16%     22.80 GF/s  setup=0.003 s
mkl1d_dfti               L=1024 B=512   m=1     inner=26     min=     1.860 us/xform  median=     2.316  sd=  6.51%     27.53 GF/s  setup=0.002 s
mkl1d_dfti               L=1024 B=512   m=1     inner=32     min=     1.891 us/xform  median=     1.895  sd=  0.15%     27.08 GF/s  setup=0.002 s
mkl1d_dfti               L=1024 B=512   m=1     inner=36     min=     1.961 us/xform  median=     1.966  sd=  0.25%     26.11 GF/s  setup=0.002 s
mkl1d_dfti               L=1024 B=512   m=1     inner=32     min=     2.260 us/xform  median=     2.356  sd=  2.20%     22.66 GF/s  setup=0.002 s
mkl1d_dfti               L=1024 B=512   m=1     inner=26     min=     1.964 us/xform  median=     1.971  sd=  1.51%     26.07 GF/s  setup=0.003 s
mkl1d_dfti               L=1024 B=512   m=1     inner=38     min=     1.647 us/xform  median=     1.649  sd=  0.30%     31.09 GF/s  setup=0.002 s
mkl1d_dfti               L=1024 B=512   m=1     inner=36     min=     1.919 us/xform  median=     1.923  sd=  0.22%     26.67 GF/s  setup=0.002 s
mkl1d_dfti               L=1024 B=512   m=1     inner=38     min=     1.646 us/xform  median=     1.649  sd=  0.35%     31.11 GF/s  setup=0.002 s
baseline_dft             L=64  B=512   m=500   inner=1      min=     7.226 us/xform  median=     7.227  sd=  0.01%      0.27 GF/s  setup=0.000 s
baseline_dft             L=64  B=512   m=500   inner=1      min=     7.226 us/xform  median=     7.227  sd=  0.01%      0.27 GF/s  setup=0.000 s
baseline_dft             L=64  B=512   m=500   inner=1      min=     7.226 us/xform  median=     7.227  sd=  0.01%      0.27 GF/s  setup=0.000 s
baseline_dft             L=64  B=512   m=2     inner=1      min=     8.778 us/xform  median=     8.778  sd=  0.00%      0.22 GF/s  setup=0.000 s
d1_batchlane             L=64  B=512   m=500   inner=2      min=     0.076 us/xform  median=     0.076  sd=  0.04%     25.30 GF/s  setup=0.000 s
d1_batchlane             L=64  B=512   m=500   inner=2      min=     0.065 us/xform  median=     0.065  sd=  5.44%     29.44 GF/s  setup=0.000 s
d1_batchlane             L=64  B=512   m=500   inner=2      min=     0.065 us/xform  median=     0.065  sd=  0.27%     29.46 GF/s  setup=0.000 s
d1_batchlane             L=64  B=512   m=2     inner=14     min=     0.125 us/xform  median=     0.125  sd=  0.00%     15.38 GF/s  setup=0.000 s
d1_bluestein             L=64  B=512   m=500   inner=1      min=     0.318 us/xform  median=     0.318  sd=  0.01%      6.04 GF/s  setup=0.001 s
d1_bluestein             L=64  B=512   m=500   inner=1      min=     0.346 us/xform  median=     0.373  sd=  2.12%      5.55 GF/s  setup=0.001 s
d1_bluestein             L=64  B=512   m=500   inner=1      min=     0.329 us/xform  median=     0.384  sd=  7.06%      5.83 GF/s  setup=0.001 s
d1_bluestein             L=64  B=512   m=2     inner=4      min=     0.389 us/xform  median=     0.389  sd=  0.00%      4.94 GF/s  setup=0.001 s
d1_planner               L=64  B=512   m=500   inner=1      min=     0.117 us/xform  median=     0.117  sd=  0.21%     16.35 GF/s  setup=0.000 s
d1_planner               L=64  B=512   m=500   inner=1      min=     0.117 us/xform  median=     0.117  sd=  0.02%     16.35 GF/s  setup=0.000 s
d1_planner               L=64  B=512   m=500   inner=1      min=     0.117 us/xform  median=     0.118  sd=  0.01%     16.34 GF/s  setup=0.000 s
d1_planner               L=64  B=512   m=2     inner=10     min=     0.144 us/xform  median=     0.144  sd=  0.00%     13.35 GF/s  setup=0.000 s
d1_pow2                  L=64  B=512   m=500   inner=1      min=     0.079 us/xform  median=     0.079  sd=  0.01%     24.30 GF/s  setup=0.000 s
d1_pow2                  L=64  B=512   m=500   inner=1      min=     0.079 us/xform  median=     0.079  sd=  0.02%     24.27 GF/s  setup=0.000 s
d1_pow2                  L=64  B=512   m=500   inner=1      min=     0.079 us/xform  median=     0.079  sd=  0.02%     24.21 GF/s  setup=0.000 s
d1_pow2                  L=64  B=512   m=2     inner=8      min=     0.185 us/xform  median=     0.185  sd=  0.00%     10.40 GF/s  setup=0.001 s
d1_race                  L=64  B=512   m=500   inner=2      min=     0.067 us/xform  median=     0.067  sd=  0.02%     28.82 GF/s  setup=2.804 s
d1_race                  L=64  B=512   m=500   inner=2      min=     0.065 us/xform  median=     0.065  sd=  0.03%     29.55 GF/s  setup=0.009 s
d1_race                  L=64  B=512   m=500   inner=2      min=     0.065 us/xform  median=     0.065  sd=  0.05%     29.54 GF/s  setup=0.007 s
d1_race                  L=64  B=512   m=2     inner=14     min=     0.134 us/xform  median=     0.134  sd=  0.00%     14.37 GF/s  setup=0.009 s
d1_twiddle               L=64  B=512   m=500   inner=1      min=     0.088 us/xform  median=     0.088  sd=  0.05%     21.78 GF/s  setup=0.000 s
d1_twiddle               L=64  B=512   m=500   inner=1      min=     0.091 us/xform  median=     0.091  sd=  0.04%     21.08 GF/s  setup=0.000 s
d1_twiddle               L=64  B=512   m=500   inner=1      min=     0.087 us/xform  median=     0.087  sd=  0.04%     22.11 GF/s  setup=0.000 s
d1_twiddle               L=64  B=512   m=2     inner=8      min=     0.192 us/xform  median=     0.192  sd=  0.00%     10.01 GF/s  setup=0.000 s
fftw1d_custom            L=64  B=512   m=500   inner=1      min=     0.309 us/xform  median=     0.312  sd=  0.45%      6.22 GF/s  setup=0.000 s
fftw1d_custom            L=64  B=512   m=500   inner=1      min=     0.313 us/xform  median=     0.316  sd=  0.57%      6.14 GF/s  setup=0.000 s
fftw1d_custom            L=64  B=512   m=500   inner=1      min=     0.251 us/xform  median=     0.251  sd=  1.22%      7.66 GF/s  setup=0.000 s
fftw1d_custom            L=64  B=512   m=2     inner=2      min=     0.661 us/xform  median=     0.661  sd=  0.00%      2.91 GF/s  setup=0.000 s
fftw1d_custom_soa        L=64  B=512   m=500   inner=1      min=     0.149 us/xform  median=     0.151  sd=  0.70%     12.86 GF/s  setup=0.000 s
fftw1d_custom_soa        L=64  B=512   m=500   inner=1      min=     0.171 us/xform  median=     0.172  sd=  0.54%     11.26 GF/s  setup=0.000 s
fftw1d_custom_soa        L=64  B=512   m=500   inner=1      min=     0.174 us/xform  median=     0.176  sd=  0.54%     11.03 GF/s  setup=0.000 s
fftw1d_custom_soa        L=64  B=512   m=2     inner=2      min=     0.549 us/xform  median=     0.549  sd=  0.00%      3.50 GF/s  setup=0.000 s
fftw1d_estimate          L=64  B=512   m=500   inner=1      min=     0.399 us/xform  median=     0.399  sd=  0.06%      4.82 GF/s  setup=0.001 s
fftw1d_estimate          L=64  B=512   m=500   inner=1      min=     0.396 us/xform  median=     0.452  sd=  9.42%      4.85 GF/s  setup=0.001 s
fftw1d_estimate          L=64  B=512   m=500   inner=1      min=     0.397 us/xform  median=     0.397  sd=  0.05%      4.84 GF/s  setup=0.001 s
fftw1d_estimate          L=64  B=512   m=2     inner=4      min=     0.482 us/xform  median=     0.482  sd=  0.00%      3.99 GF/s  setup=0.001 s
fftw1d_measure           L=64  B=512   m=500   inner=1      min=     0.319 us/xform  median=     0.336  sd=  1.51%      6.03 GF/s  setup=0.028 s
fftw1d_measure           L=64  B=512   m=500   inner=1      min=     0.270 us/xform  median=     0.270  sd=  0.02%      7.11 GF/s  setup=0.029 s
fftw1d_measure           L=64  B=512   m=500   inner=1      min=     0.309 us/xform  median=     0.323  sd=  1.26%      6.22 GF/s  setup=0.029 s
fftw1d_measure           L=64  B=512   m=2     inner=4      min=     0.341 us/xform  median=     0.341  sd=  0.00%      5.64 GF/s  setup=0.027 s
fftw1d_patient           L=64  B=512   m=500   inner=1      min=     0.337 us/xform  median=     0.337  sd=  0.05%      5.70 GF/s  setup=0.240 s
fftw1d_patient           L=64  B=512   m=500   inner=1      min=     0.271 us/xform  median=     0.271  sd=  0.02%      7.09 GF/s  setup=0.220 s
fftw1d_patient           L=64  B=512   m=500   inner=1      min=     0.268 us/xform  median=     0.268  sd=  0.05%      7.16 GF/s  setup=0.212 s
fftw1d_patient           L=64  B=512   m=2     inner=4      min=     0.405 us/xform  median=     0.405  sd=  0.00%      4.74 GF/s  setup=0.242 s
mkl1d_dfti               L=64  B=512   m=500   inner=1      min=     0.240 us/xform  median=     0.240  sd=  7.79%      8.02 GF/s  setup=0.003 s
mkl1d_dfti               L=64  B=512   m=500   inner=1      min=     0.236 us/xform  median=     0.236  sd=  0.02%      8.13 GF/s  setup=0.002 s
mkl1d_dfti               L=64  B=512   m=500   inner=1      min=     0.239 us/xform  median=     0.239  sd=  0.02%      8.05 GF/s  setup=0.001 s
mkl1d_dfti               L=64  B=512   m=2     inner=4      min=     0.326 us/xform  median=     0.326  sd=  0.00%      5.89 GF/s  setup=0.002 s
baseline_dft             L=31  B=512   m=1200  inner=1      min=     1.745 us/xform  median=     1.745  sd=  0.01%      0.44 GF/s  setup=0.000 s
baseline_dft             L=31  B=512   m=1200  inner=1      min=     1.745 us/xform  median=     1.745  sd=  0.02%      0.44 GF/s  setup=0.000 s
baseline_dft             L=31  B=512   m=1200  inner=1      min=     1.745 us/xform  median=     1.745  sd=  0.02%      0.44 GF/s  setup=0.000 s
baseline_dft             L=31  B=512   m=2     inner=1      min=     2.126 us/xform  median=     2.126  sd=  0.00%      0.36 GF/s  setup=0.000 s
d1_batchlane             L=31  B=512   m=1200  inner=1      min=     0.055 us/xform  median=     0.055  sd=  0.09%     13.95 GF/s  setup=0.000 s
d1_batchlane             L=31  B=512   m=1200  inner=1      min=     0.054 us/xform  median=     0.054  sd=  0.03%     14.32 GF/s  setup=0.000 s
d1_batchlane             L=31  B=512   m=1200  inner=1      min=     0.055 us/xform  median=     0.055  sd=  0.03%     13.92 GF/s  setup=0.000 s
d1_batchlane             L=31  B=512   m=2     inner=22     min=     0.083 us/xform  median=     0.083  sd=  0.00%      9.23 GF/s  setup=0.000 s
d1_bluestein             L=31  B=512   m=1200  inner=1      min=     0.212 us/xform  median=     0.212  sd=  0.23%      3.62 GF/s  setup=0.001 s
d1_bluestein             L=31  B=512   m=1200  inner=1      min=     0.210 us/xform  median=     0.211  sd=  0.12%      3.65 GF/s  setup=0.001 s
d1_bluestein             L=31  B=512   m=1200  inner=1      min=     0.233 us/xform  median=     0.234  sd=  5.22%      3.29 GF/s  setup=0.001 s
d1_bluestein             L=31  B=512   m=2     inner=6      min=     0.255 us/xform  median=     0.255  sd=  0.00%      3.01 GF/s  setup=0.002 s
d1_planner               L=31  B=512   m=1200  inner=1      min=     0.055 us/xform  median=     0.056  sd=  0.21%     13.87 GF/s  setup=0.000 s
d1_planner               L=31  B=512   m=1200  inner=1      min=     0.049 us/xform  median=     0.050  sd=  0.41%     15.56 GF/s  setup=0.000 s
d1_planner               L=31  B=512   m=1200  inner=1      min=     0.055 us/xform  median=     0.055  sd=  0.08%     13.90 GF/s  setup=0.000 s
d1_planner               L=31  B=512   m=2     inner=20     min=     0.088 us/xform  median=     0.088  sd=  0.00%      8.70 GF/s  setup=0.000 s
d1_prime                 L=31  B=512   m=1200  inner=1      min=     0.051 us/xform  median=     0.051  sd=  0.03%     15.12 GF/s  setup=0.000 s
d1_prime                 L=31  B=512   m=1200  inner=1      min=     0.045 us/xform  median=     0.045  sd=  0.01%     17.01 GF/s  setup=0.000 s
d1_prime                 L=31  B=512   m=1200  inner=1      min=     0.045 us/xform  median=     0.045  sd=  0.03%     16.92 GF/s  setup=0.000 s
d1_prime                 L=31  B=512   m=2     inner=12     min=     0.081 us/xform  median=     0.081  sd=  0.00%      9.51 GF/s  setup=0.000 s
d1_race                  L=31  B=512   m=1200  inner=1      min=     0.046 us/xform  median=     0.046  sd=  0.04%     16.88 GF/s  setup=2.255 s
d1_race                  L=31  B=512   m=1200  inner=1      min=     0.045 us/xform  median=     0.045  sd=  0.04%     17.04 GF/s  setup=0.009 s
d1_race                  L=31  B=512   m=1200  inner=1      min=     0.045 us/xform  median=     0.045  sd=  0.04%     16.93 GF/s  setup=0.006 s
d1_race                  L=31  B=512   m=2     inner=20     min=     0.088 us/xform  median=     0.088  sd=  0.00%      8.69 GF/s  setup=0.006 s
d1_rader                 L=31  B=512   m=1200  inner=1      min=     0.063 us/xform  median=     0.063  sd=  0.03%     12.11 GF/s  setup=0.000 s
d1_rader                 L=31  B=512   m=1200  inner=1      min=     0.056 us/xform  median=     0.056  sd=  0.03%     13.68 GF/s  setup=0.000 s
d1_rader                 L=31  B=512   m=1200  inner=1      min=     0.063 us/xform  median=     0.063  sd=  0.02%     12.11 GF/s  setup=0.000 s
d1_rader                 L=31  B=512   m=2     inner=20     min=     0.087 us/xform  median=     0.087  sd=  0.00%      8.80 GF/s  setup=0.000 s
fftw1d_custom            L=31  B=512   m=1200  inner=1      min=     0.177 us/xform  median=     0.177  sd=  9.37%      4.34 GF/s  setup=0.000 s
fftw1d_custom            L=31  B=512   m=1200  inner=1      min=     0.177 us/xform  median=     0.214  sd=  8.92%      4.34 GF/s  setup=0.000 s
fftw1d_custom            L=31  B=512   m=1200  inner=1      min=     0.177 us/xform  median=     0.177  sd=  0.07%      4.34 GF/s  setup=0.000 s
fftw1d_custom            L=31  B=512   m=2     inner=4      min=     0.312 us/xform  median=     0.312  sd=  0.00%      2.46 GF/s  setup=0.000 s
fftw1d_custom_soa        L=31  B=512   m=1200  inner=1      min=     0.077 us/xform  median=     0.077  sd=  0.04%      9.98 GF/s  setup=0.000 s
fftw1d_custom_soa        L=31  B=512   m=1200  inner=1      min=     0.089 us/xform  median=     0.089  sd=  0.06%      8.67 GF/s  setup=0.000 s
fftw1d_custom_soa        L=31  B=512   m=1200  inner=1      min=     0.078 us/xform  median=     0.078  sd=  0.03%      9.83 GF/s  setup=0.000 s
fftw1d_custom_soa        L=31  B=512   m=2     inner=6      min=     0.187 us/xform  median=     0.187  sd=  0.00%      4.12 GF/s  setup=0.000 s
fftw1d_estimate          L=31  B=512   m=1200  inner=1      min=     0.354 us/xform  median=     0.354  sd=  0.01%      2.17 GF/s  setup=0.001 s
fftw1d_estimate          L=31  B=512   m=1200  inner=1      min=     0.353 us/xform  median=     0.353  sd=  0.01%      2.17 GF/s  setup=0.001 s
fftw1d_estimate          L=31  B=512   m=1200  inner=1      min=     0.354 us/xform  median=     0.354  sd=  0.01%      2.17 GF/s  setup=0.001 s
fftw1d_estimate          L=31  B=512   m=2     inner=4      min=     0.437 us/xform  median=     0.437  sd=  0.00%      1.76 GF/s  setup=0.001 s
fftw1d_measure           L=31  B=512   m=1200  inner=1      min=     0.353 us/xform  median=     0.354  sd=  0.02%      2.17 GF/s  setup=0.043 s
fftw1d_measure           L=31  B=512   m=1200  inner=1      min=     0.353 us/xform  median=     0.353  sd=  0.01%      2.17 GF/s  setup=0.043 s
fftw1d_measure           L=31  B=512   m=1200  inner=1      min=     0.354 us/xform  median=     0.354  sd=  0.01%      2.17 GF/s  setup=0.044 s
fftw1d_measure           L=31  B=512   m=2     inner=4      min=     0.436 us/xform  median=     0.436  sd=  0.00%      1.76 GF/s  setup=0.043 s
fftw1d_patient           L=31  B=512   m=1200  inner=1      min=     0.354 us/xform  median=     0.354  sd=  0.24%      2.17 GF/s  setup=0.118 s
fftw1d_patient           L=31  B=512   m=1200  inner=1      min=     0.354 us/xform  median=     0.354  sd=  0.01%      2.17 GF/s  setup=0.121 s
fftw1d_patient           L=31  B=512   m=1200  inner=1      min=     0.354 us/xform  median=     0.354  sd=  0.00%      2.17 GF/s  setup=0.118 s
fftw1d_patient           L=31  B=512   m=2     inner=4      min=     0.436 us/xform  median=     0.436  sd=  0.00%      1.76 GF/s  setup=0.121 s
mkl1d_dfti               L=31  B=512   m=1200  inner=1      min=     0.315 us/xform  median=     0.315  sd=  0.09%      2.44 GF/s  setup=0.048 s
mkl1d_dfti               L=31  B=512   m=1200  inner=1      min=     0.315 us/xform  median=     0.315  sd=  0.07%      2.44 GF/s  setup=0.050 s
mkl1d_dfti               L=31  B=512   m=1200  inner=1      min=     0.315 us/xform  median=     0.315  sd=  0.07%      2.44 GF/s  setup=0.050 s
mkl1d_dfti               L=31  B=512   m=2     inner=2      min=     0.749 us/xform  median=     0.749  sd=  0.00%      1.03 GF/s  setup=0.054 s
baseline_dft             L=32  B=512   m=1000  inner=1      min=     1.951 us/xform  median=     1.953  sd=  0.04%      0.41 GF/s  setup=0.000 s
baseline_dft             L=32  B=512   m=1000  inner=1      min=     1.953 us/xform  median=     1.953  sd=  0.00%      0.41 GF/s  setup=0.000 s
baseline_dft             L=32  B=512   m=1000  inner=1      min=     1.951 us/xform  median=     1.953  sd=  0.03%      0.41 GF/s  setup=0.000 s
baseline_dft             L=32  B=512   m=2     inner=1      min=     2.406 us/xform  median=     2.406  sd=  0.00%      0.33 GF/s  setup=0.000 s
d1_batchlane             L=32  B=512   m=1000  inner=2      min=     0.038 us/xform  median=     0.038  sd=  0.04%     21.15 GF/s  setup=0.000 s
d1_batchlane             L=32  B=512   m=1000  inner=2      min=     0.038 us/xform  median=     0.038  sd=  0.05%     21.03 GF/s  setup=0.000 s
d1_batchlane             L=32  B=512   m=1000  inner=2      min=     0.034 us/xform  median=     0.034  sd=  0.04%     23.61 GF/s  setup=0.000 s
d1_batchlane             L=32  B=512   m=2     inner=26     min=     0.072 us/xform  median=     0.072  sd=  0.00%     11.12 GF/s  setup=0.000 s
d1_bluestein             L=32  B=512   m=1000  inner=1      min=     0.191 us/xform  median=     0.191  sd=  0.01%      4.20 GF/s  setup=0.001 s
d1_bluestein             L=32  B=512   m=1000  inner=1      min=     0.180 us/xform  median=     0.180  sd=  0.04%      4.44 GF/s  setup=0.001 s
d1_bluestein             L=32  B=512   m=1000  inner=1      min=     0.191 us/xform  median=     0.191  sd=  0.02%      4.18 GF/s  setup=0.000 s
d1_bluestein             L=32  B=512   m=2     inner=8      min=     0.216 us/xform  median=     0.216  sd=  0.00%      3.71 GF/s  setup=0.001 s
d1_planner               L=32  B=512   m=1000  inner=1      min=     0.068 us/xform  median=     0.068  sd=  0.02%     11.76 GF/s  setup=0.000 s
d1_planner               L=32  B=512   m=1000  inner=1      min=     0.068 us/xform  median=     0.068  sd=  0.01%     11.76 GF/s  setup=0.000 s
d1_planner               L=32  B=512   m=1000  inner=1      min=     0.069 us/xform  median=     0.069  sd=  0.02%     11.59 GF/s  setup=0.000 s
d1_planner               L=32  B=512   m=2     inner=10     min=     0.155 us/xform  median=     0.155  sd=  0.00%      5.16 GF/s  setup=0.000 s
d1_pow2                  L=32  B=512   m=1000  inner=1      min=     0.043 us/xform  median=     0.044  sd=  0.06%     18.41 GF/s  setup=0.000 s
d1_pow2                  L=32  B=512   m=1000  inner=2      min=     0.039 us/xform  median=     0.039  sd=  0.01%     20.56 GF/s  setup=0.001 s
d1_pow2                  L=32  B=512   m=1000  inner=2      min=     0.038 us/xform  median=     0.038  sd=  0.04%     20.84 GF/s  setup=0.000 s
d1_pow2                  L=32  B=512   m=2     inner=30     min=     0.058 us/xform  median=     0.058  sd=  0.00%     13.80 GF/s  setup=0.000 s
d1_race                  L=32  B=512   m=1000  inner=2      min=     0.033 us/xform  median=     0.033  sd=  0.03%     24.15 GF/s  setup=2.927 s
d1_race                  L=32  B=512   m=1000  inner=2      min=     0.038 us/xform  median=     0.038  sd=  0.06%     21.29 GF/s  setup=0.008 s
d1_race                  L=32  B=512   m=1000  inner=2      min=     0.033 us/xform  median=     0.033  sd=  0.03%     24.38 GF/s  setup=0.008 s
d1_race                  L=32  B=512   m=2     inner=32     min=     0.055 us/xform  median=     0.055  sd=  0.00%     14.64 GF/s  setup=0.007 s
d1_twiddle               L=32  B=512   m=1000  inner=2      min=     0.039 us/xform  median=     0.039  sd=  0.03%     20.67 GF/s  setup=0.000 s
d1_twiddle               L=32  B=512   m=1000  inner=2      min=     0.034 us/xform  median=     0.034  sd=  0.02%     23.48 GF/s  setup=0.000 s
d1_twiddle               L=32  B=512   m=1000  inner=2      min=     0.034 us/xform  median=     0.034  sd=  0.03%     23.47 GF/s  setup=0.000 s
d1_twiddle               L=32  B=512   m=2     inner=24     min=     0.075 us/xform  median=     0.075  sd=  0.00%     10.66 GF/s  setup=0.000 s
fftw1d_custom            L=32  B=512   m=1000  inner=1      min=     0.104 us/xform  median=     0.104  sd=  0.07%      7.70 GF/s  setup=0.000 s
fftw1d_custom            L=32  B=512   m=1000  inner=1      min=     0.104 us/xform  median=     0.104  sd=  0.06%      7.68 GF/s  setup=0.000 s
fftw1d_custom            L=32  B=512   m=1000  inner=1      min=     0.126 us/xform  median=     0.126  sd=  0.08%      6.37 GF/s  setup=0.000 s
fftw1d_custom            L=32  B=512   m=2     inner=6      min=     0.170 us/xform  median=     0.170  sd=  0.00%      4.71 GF/s  setup=0.000 s
fftw1d_custom_soa        L=32  B=512   m=1000  inner=1      min=     0.076 us/xform  median=     0.076  sd=  0.17%     10.56 GF/s  setup=0.000 s
fftw1d_custom_soa        L=32  B=512   m=1000  inner=1      min=     0.067 us/xform  median=     0.067  sd=  0.13%     12.01 GF/s  setup=0.000 s
fftw1d_custom_soa        L=32  B=512   m=1000  inner=1      min=     0.067 us/xform  median=     0.067  sd=  0.13%     12.02 GF/s  setup=0.000 s
fftw1d_custom_soa        L=32  B=512   m=2     inner=8      min=     0.138 us/xform  median=     0.138  sd=  0.00%      5.79 GF/s  setup=0.000 s
fftw1d_estimate          L=32  B=512   m=1000  inner=1      min=     0.186 us/xform  median=     0.186  sd=  0.01%      4.29 GF/s  setup=0.001 s
fftw1d_estimate          L=32  B=512   m=1000  inner=1      min=     0.186 us/xform  median=     0.186  sd=  0.01%      4.31 GF/s  setup=0.001 s
fftw1d_estimate          L=32  B=512   m=1000  inner=1      min=     0.186 us/xform  median=     0.186  sd=  0.35%      4.31 GF/s  setup=0.000 s
fftw1d_estimate          L=32  B=512   m=2     inner=8      min=     0.221 us/xform  median=     0.221  sd=  0.00%      3.62 GF/s  setup=0.001 s
fftw1d_measure           L=32  B=512   m=1000  inner=1      min=     0.140 us/xform  median=     0.140  sd=  0.01%      5.70 GF/s  setup=0.010 s
fftw1d_measure           L=32  B=512   m=1000  inner=1      min=     0.123 us/xform  median=     0.123  sd=  0.01%      6.49 GF/s  setup=0.010 s
fftw1d_measure           L=32  B=512   m=1000  inner=1      min=     0.123 us/xform  median=     0.123  sd=  0.01%      6.49 GF/s  setup=0.009 s
fftw1d_measure           L=32  B=512   m=2     inner=12     min=     0.148 us/xform  median=     0.148  sd=  0.00%      5.40 GF/s  setup=0.010 s
fftw1d_patient           L=32  B=512   m=1000  inner=1      min=     0.122 us/xform  median=     0.122  sd=  0.01%      6.54 GF/s  setup=0.056 s
fftw1d_patient           L=32  B=512   m=1000  inner=1      min=     0.122 us/xform  median=     0.122  sd=  0.01%      6.55 GF/s  setup=0.055 s
fftw1d_patient           L=32  B=512   m=1000  inner=1      min=     0.122 us/xform  median=     0.122  sd=  0.01%      6.54 GF/s  setup=0.056 s
fftw1d_patient           L=32  B=512   m=2     inner=14     min=     0.129 us/xform  median=     0.129  sd=  0.00%      6.18 GF/s  setup=0.056 s
mkl1d_dfti               L=32  B=512   m=1000  inner=1      min=     0.112 us/xform  median=     0.112  sd=  0.01%      7.13 GF/s  setup=0.002 s
mkl1d_dfti               L=32  B=512   m=1000  inner=1      min=     0.112 us/xform  median=     0.112  sd=  0.02%      7.13 GF/s  setup=0.001 s
mkl1d_dfti               L=32  B=512   m=1000  inner=1      min=     0.112 us/xform  median=     0.112  sd=  0.01%      7.13 GF/s  setup=0.001 s
mkl1d_dfti               L=32  B=512   m=2     inner=14     min=     0.138 us/xform  median=     0.138  sd=  0.00%      5.82 GF/s  setup=0.002 s
   skipping baseline_dft at L=1021 B=256 (too expensive to be informative)
d1_bluestein             L=1021 B=256   m=1     inner=16     min=     9.210 us/xform  median=     9.707  sd=  2.11%      5.54 GF/s  setup=0.002 s
d1_bluestein             L=1021 B=256   m=1     inner=14     min=     9.723 us/xform  median=     9.729  sd=  0.06%      5.25 GF/s  setup=0.002 s
d1_bluestein             L=1021 B=256   m=1     inner=14     min=     9.727 us/xform  median=     9.735  sd=  0.30%      5.25 GF/s  setup=0.002 s
d1_bluestein             L=1021 B=256   m=1     inner=14     min=     9.704 us/xform  median=     9.709  sd=  0.03%      5.26 GF/s  setup=0.003 s
d1_bluestein             L=1021 B=256   m=1     inner=14     min=     9.746 us/xform  median=     9.753  sd=  0.28%      5.24 GF/s  setup=0.003 s
d1_bluestein             L=1021 B=256   m=1     inner=16     min=     9.739 us/xform  median=     9.750  sd=  0.06%      5.24 GF/s  setup=0.003 s
d1_bluestein             L=1021 B=256   m=1     inner=14     min=     9.639 us/xform  median=     9.643  sd=  0.08%      5.29 GF/s  setup=0.003 s
d1_bluestein             L=1021 B=256   m=1     inner=14     min=     9.602 us/xform  median=     9.608  sd=  0.03%      5.31 GF/s  setup=0.003 s
d1_bluestein             L=1021 B=256   m=1     inner=14     min=     9.652 us/xform  median=     9.662  sd=  0.18%      5.29 GF/s  setup=0.003 s
d1_planner               L=1021 B=256   m=1     inner=9      min=     8.714 us/xform  median=     9.867  sd=  5.43%      5.86 GF/s  setup=0.000 s
d1_planner               L=1021 B=256   m=1     inner=14     min=     9.974 us/xform  median=     9.980  sd=  0.05%      5.12 GF/s  setup=0.001 s
d1_planner               L=1021 B=256   m=1     inner=14     min=     9.784 us/xform  median=     9.789  sd=  0.03%      5.22 GF/s  setup=0.001 s
d1_planner               L=1021 B=256   m=1     inner=14     min=     9.820 us/xform  median=     9.827  sd=  0.07%      5.20 GF/s  setup=0.000 s
d1_planner               L=1021 B=256   m=1     inner=14     min=    10.004 us/xform  median=    10.011  sd=  0.26%      5.10 GF/s  setup=0.001 s
d1_planner               L=1021 B=256   m=1     inner=14     min=    10.574 us/xform  median=    10.578  sd=  0.04%      4.83 GF/s  setup=0.001 s
d1_planner               L=1021 B=256   m=1     inner=7      min=    10.029 us/xform  median=    10.043  sd=  0.10%      5.09 GF/s  setup=0.001 s
d1_planner               L=1021 B=256   m=1     inner=14     min=    10.598 us/xform  median=    10.603  sd=  0.03%      4.81 GF/s  setup=0.001 s
d1_planner               L=1021 B=256   m=1     inner=14     min=     9.944 us/xform  median=     9.952  sd=  0.04%      5.13 GF/s  setup=0.001 s
d1_race                  L=1021 B=256   m=1     inner=16     min=     7.909 us/xform  median=     9.139  sd=  3.99%      6.45 GF/s  setup=2.018 s
d1_race                  L=1021 B=256   m=1     inner=16     min=     9.682 us/xform  median=     9.686  sd=  0.02%      5.27 GF/s  setup=0.010 s
d1_race                  L=1021 B=256   m=1     inner=16     min=     9.036 us/xform  median=     9.040  sd=  0.26%      5.65 GF/s  setup=0.014 s
d1_race                  L=1021 B=256   m=1     inner=16     min=     9.654 us/xform  median=     9.657  sd=  0.05%      5.29 GF/s  setup=0.016 s
d1_race                  L=1021 B=256   m=1     inner=16     min=     9.010 us/xform  median=     9.013  sd=  0.02%      5.66 GF/s  setup=0.009 s
d1_race                  L=1021 B=256   m=1     inner=20     min=     7.272 us/xform  median=     7.275  sd=  0.09%      7.02 GF/s  setup=0.015 s
d1_race                  L=1021 B=256   m=1     inner=18     min=     8.356 us/xform  median=     9.062  sd=  3.12%      6.11 GF/s  setup=0.010 s
d1_race                  L=1021 B=256   m=1     inner=16     min=     9.650 us/xform  median=     9.658  sd=  0.04%      5.29 GF/s  setup=0.014 s
d1_race                  L=1021 B=256   m=1     inner=16     min=     9.703 us/xform  median=     9.707  sd=  0.10%      5.26 GF/s  setup=0.014 s
d1_rader                 L=1021 B=256   m=1     inner=18     min=     9.137 us/xform  median=     9.754  sd=  1.83%      5.58 GF/s  setup=0.000 s
d1_rader                 L=1021 B=256   m=1     inner=16     min=     8.939 us/xform  median=     8.942  sd=  0.02%      5.71 GF/s  setup=0.000 s
d1_rader                 L=1021 B=256   m=1     inner=14     min=     9.848 us/xform  median=     9.851  sd=  0.02%      5.18 GF/s  setup=0.000 s
d1_rader                 L=1021 B=256   m=1     inner=16     min=     8.958 us/xform  median=     8.962  sd=  0.02%      5.70 GF/s  setup=0.000 s
d1_rader                 L=1021 B=256   m=1     inner=14     min=     9.044 us/xform  median=     9.046  sd=  0.01%      5.64 GF/s  setup=0.000 s
d1_rader                 L=1021 B=256   m=1     inner=14     min=     9.660 us/xform  median=     9.663  sd=  0.02%      5.28 GF/s  setup=0.000 s
d1_rader                 L=1021 B=256   m=1     inner=16     min=     8.953 us/xform  median=     8.956  sd=  0.02%      5.70 GF/s  setup=0.000 s
d1_rader                 L=1021 B=256   m=1     inner=14     min=    10.275 us/xform  median=    10.279  sd=  0.02%      4.97 GF/s  setup=0.000 s
d1_rader                 L=1021 B=256   m=1     inner=14     min=     9.009 us/xform  median=     9.012  sd=  0.03%      5.66 GF/s  setup=0.000 s
fftw1d_estimate          L=1021 B=256   m=1     inner=10     min=    15.273 us/xform  median=    15.288  sd=  0.06%      3.34 GF/s  setup=0.002 s
fftw1d_estimate          L=1021 B=256   m=1     inner=10     min=    15.349 us/xform  median=    15.377  sd=  0.25%      3.32 GF/s  setup=0.002 s
fftw1d_estimate          L=1021 B=256   m=1     inner=8      min=    15.351 us/xform  median=    15.359  sd=  0.06%      3.32 GF/s  setup=0.002 s
fftw1d_estimate          L=1021 B=256   m=1     inner=10     min=    15.315 us/xform  median=    15.328  sd=  0.06%      3.33 GF/s  setup=0.002 s
fftw1d_estimate          L=1021 B=256   m=1     inner=10     min=    15.361 us/xform  median=    15.375  sd=  0.07%      3.32 GF/s  setup=0.002 s
fftw1d_estimate          L=1021 B=256   m=1     inner=10     min=    15.258 us/xform  median=    15.270  sd=  0.04%      3.34 GF/s  setup=0.002 s
fftw1d_estimate          L=1021 B=256   m=1     inner=10     min=    15.361 us/xform  median=    15.372  sd=  0.25%      3.32 GF/s  setup=0.002 s
fftw1d_estimate          L=1021 B=256   m=1     inner=10     min=    15.200 us/xform  median=    15.218  sd=  0.06%      3.36 GF/s  setup=0.002 s
fftw1d_estimate          L=1021 B=256   m=1     inner=8      min=    15.520 us/xform  median=    15.535  sd=  0.32%      3.29 GF/s  setup=0.002 s
fftw1d_measure           L=1021 B=256   m=1     inner=10     min=    14.194 us/xform  median=    14.208  sd=  0.07%      3.60 GF/s  setup=0.294 s
fftw1d_measure           L=1021 B=256   m=1     inner=10     min=    14.285 us/xform  median=    14.301  sd=  0.05%      3.57 GF/s  setup=0.295 s
fftw1d_measure           L=1021 B=256   m=1     inner=10     min=    14.194 us/xform  median=    14.207  sd=  0.28%      3.60 GF/s  setup=0.296 s
fftw1d_measure           L=1021 B=256   m=1     inner=10     min=    14.463 us/xform  median=    14.469  sd=  0.02%      3.53 GF/s  setup=0.296 s
fftw1d_measure           L=1021 B=256   m=1     inner=10     min=    14.095 us/xform  median=    14.117  sd=  0.11%      3.62 GF/s  setup=0.296 s
fftw1d_measure           L=1021 B=256   m=1     inner=10     min=    14.176 us/xform  median=    14.200  sd=  0.07%      3.60 GF/s  setup=0.296 s
fftw1d_measure           L=1021 B=256   m=1     inner=10     min=    12.458 us/xform  median=    14.500  sd=  6.06%      4.10 GF/s  setup=0.299 s
fftw1d_measure           L=1021 B=256   m=1     inner=10     min=    14.991 us/xform  median=    15.002  sd=  0.04%      3.40 GF/s  setup=0.296 s
fftw1d_measure           L=1021 B=256   m=1     inner=12     min=    12.105 us/xform  median=    12.119  sd=  0.05%      4.22 GF/s  setup=0.289 s
fftw1d_patient           L=1021 B=256   m=1     inner=12     min=    12.304 us/xform  median=    12.316  sd=  0.04%      4.15 GF/s  setup=2.984 s
fftw1d_patient           L=1021 B=256   m=1     inner=12     min=    12.264 us/xform  median=    12.273  sd=  0.04%      4.16 GF/s  setup=2.956 s
fftw1d_patient           L=1021 B=256   m=1     inner=12     min=    12.428 us/xform  median=    12.442  sd=  0.05%      4.11 GF/s  setup=2.998 s
fftw1d_patient           L=1021 B=256   m=1     inner=12     min=    12.715 us/xform  median=    12.730  sd=  0.06%      4.01 GF/s  setup=2.997 s
fftw1d_patient           L=1021 B=256   m=1     inner=12     min=    12.215 us/xform  median=    12.226  sd=  0.06%      4.18 GF/s  setup=2.952 s
fftw1d_patient           L=1021 B=256   m=1     inner=12     min=    12.237 us/xform  median=    12.249  sd=  0.04%      4.17 GF/s  setup=2.954 s
fftw1d_patient           L=1021 B=256   m=1     inner=12     min=    12.308 us/xform  median=    12.319  sd=  0.05%      4.15 GF/s  setup=2.953 s
fftw1d_patient           L=1021 B=256   m=1     inner=12     min=    12.149 us/xform  median=    12.159  sd=  0.06%      4.20 GF/s  setup=2.988 s
fftw1d_patient           L=1021 B=256   m=1     inner=12     min=    12.361 us/xform  median=    12.370  sd=  0.04%      4.13 GF/s  setup=2.951 s
mkl1d_dfti               L=1021 B=256   m=1     inner=14     min=    10.125 us/xform  median=    10.650  sd=  1.51%      5.04 GF/s  setup=0.050 s
mkl1d_dfti               L=1021 B=256   m=1     inner=14     min=     8.753 us/xform  median=     9.842  sd=  9.30%      5.83 GF/s  setup=0.032 s
mkl1d_dfti               L=1021 B=256   m=1     inner=16     min=     8.745 us/xform  median=     8.747  sd=  0.01%      5.83 GF/s  setup=0.032 s
mkl1d_dfti               L=1021 B=256   m=1     inner=16     min=     8.745 us/xform  median=     8.747  sd=  0.01%      5.83 GF/s  setup=0.011 s
mkl1d_dfti               L=1021 B=256   m=1     inner=16     min=     8.744 us/xform  median=     8.746  sd=  0.01%      5.84 GF/s  setup=0.031 s
mkl1d_dfti               L=1021 B=256   m=1     inner=16     min=     8.746 us/xform  median=     8.748  sd=  0.02%      5.83 GF/s  setup=0.033 s
mkl1d_dfti               L=1021 B=256   m=1     inner=16     min=     8.734 us/xform  median=     8.736  sd=  0.01%      5.84 GF/s  setup=0.033 s
mkl1d_dfti               L=1021 B=256   m=1     inner=16     min=     8.739 us/xform  median=     8.740  sd=  0.01%      5.84 GF/s  setup=0.032 s
mkl1d_dfti               L=1021 B=256   m=1     inner=16     min=     8.741 us/xform  median=     8.745  sd=  0.03%      5.84 GF/s  setup=0.014 s
   skipping baseline_dft at L=4096 B=1 (too expensive to be informative)
d1_bluestein             L=4096 B=1     m=1     inner=1455   min=    13.771 us/xform  median=    13.779  sd=  0.20%     17.85 GF/s  setup=0.002 s
d1_bluestein             L=4096 B=1     m=1     inner=2286   min=    13.756 us/xform  median=    13.761  sd=  0.02%     17.87 GF/s  setup=0.002 s
d1_bluestein             L=4096 B=1     m=1     inner=2298   min=    13.741 us/xform  median=    13.745  sd=  0.03%     17.89 GF/s  setup=0.002 s
d1_bluestein             L=4096 B=1     m=1     inner=2296   min=    13.751 us/xform  median=    13.757  sd=  0.03%     17.87 GF/s  setup=0.002 s
d1_bluestein             L=4096 B=1     m=1     inner=2298   min=    13.822 us/xform  median=    13.826  sd=  0.02%     17.78 GF/s  setup=0.002 s
d1_bluestein             L=4096 B=1     m=1     inner=2198   min=    13.785 us/xform  median=    13.791  sd=  0.10%     17.83 GF/s  setup=0.002 s
d1_bluestein             L=4096 B=1     m=1     inner=2858   min=    13.783 us/xform  median=    13.786  sd=  0.02%     17.83 GF/s  setup=0.002 s
d1_bluestein             L=4096 B=1     m=1     inner=2896   min=    12.062 us/xform  median=    12.066  sd=  2.98%     20.38 GF/s  setup=0.002 s
d1_bluestein             L=4096 B=1     m=1     inner=1654   min=    12.075 us/xform  median=    12.079  sd=  0.02%     20.35 GF/s  setup=0.001 s
d1_planner               L=4096 B=1     m=1     inner=2179   min=     9.235 us/xform  median=     9.241  sd=  0.11%     26.61 GF/s  setup=0.001 s
d1_planner               L=4096 B=1     m=1     inner=3414   min=     8.047 us/xform  median=     8.049  sd=  0.02%     30.54 GF/s  setup=0.001 s
d1_planner               L=4096 B=1     m=1     inner=4862   min=     8.085 us/xform  median=     8.087  sd=  0.02%     30.40 GF/s  setup=0.001 s
d1_planner               L=4096 B=1     m=1     inner=4836   min=     7.994 us/xform  median=     7.994  sd=  0.01%     30.74 GF/s  setup=0.001 s
d1_planner               L=4096 B=1     m=1     inner=4632   min=     8.407 us/xform  median=     8.414  sd=  0.03%     29.23 GF/s  setup=0.001 s
d1_planner               L=4096 B=1     m=1     inner=2522   min=     7.977 us/xform  median=     7.980  sd=  0.03%     30.81 GF/s  setup=0.001 s
d1_planner               L=4096 B=1     m=1     inner=3376   min=     9.170 us/xform  median=     9.174  sd=  0.02%     26.80 GF/s  setup=0.001 s
d1_planner               L=4096 B=1     m=1     inner=3420   min=     8.079 us/xform  median=     8.081  sd=  0.03%     30.42 GF/s  setup=0.001 s
d1_planner               L=4096 B=1     m=1     inner=4800   min=     8.289 us/xform  median=     8.293  sd=  0.02%     29.65 GF/s  setup=0.001 s
d1_pow2                  L=4096 B=1     m=1     inner=4582   min=     8.251 us/xform  median=     8.254  sd=  0.02%     29.79 GF/s  setup=0.001 s
d1_pow2                  L=4096 B=1     m=1     inner=3724   min=     8.340 us/xform  median=     8.343  sd=  0.03%     29.47 GF/s  setup=0.002 s
d1_pow2                  L=4096 B=1     m=1     inner=3854   min=     8.245 us/xform  median=     8.247  sd=  0.02%     29.81 GF/s  setup=0.001 s
d1_pow2                  L=4096 B=1     m=1     inner=3798   min=     8.321 us/xform  median=     8.323  sd=  0.02%     29.53 GF/s  setup=0.001 s
d1_pow2                  L=4096 B=1     m=1     inner=3746   min=     8.403 us/xform  median=     8.406  sd=  0.02%     29.25 GF/s  setup=0.001 s
d1_pow2                  L=4096 B=1     m=1     inner=3676   min=     8.525 us/xform  median=     8.528  sd=  0.04%     28.83 GF/s  setup=0.002 s
d1_pow2                  L=4096 B=1     m=1     inner=3760   min=     8.404 us/xform  median=     8.413  sd=  0.04%     29.24 GF/s  setup=0.001 s
d1_pow2                  L=4096 B=1     m=1     inner=3630   min=     8.274 us/xform  median=     8.278  sd=  0.03%     29.70 GF/s  setup=0.001 s
d1_pow2                  L=4096 B=1     m=1     inner=3684   min=     8.486 us/xform  median=     8.491  sd=  0.03%     28.96 GF/s  setup=0.001 s
d1_race                  L=4096 B=1     m=1     inner=4428   min=     6.958 us/xform  median=     6.962  sd=  5.06%     35.32 GF/s  setup=1.011 s
d1_race                  L=4096 B=1     m=1     inner=5304   min=     6.968 us/xform  median=     6.974  sd=  0.05%     35.27 GF/s  setup=0.010 s
d1_race                  L=4096 B=1     m=1     inner=5032   min=     7.926 us/xform  median=     7.928  sd=  0.02%     31.01 GF/s  setup=0.012 s
d1_race                  L=4096 B=1     m=1     inner=3934   min=     7.113 us/xform  median=     7.129  sd=  0.11%     34.55 GF/s  setup=0.011 s
d1_race                  L=4096 B=1     m=1     inner=3978   min=     8.042 us/xform  median=     8.045  sd=  0.02%     30.56 GF/s  setup=0.010 s
d1_race                  L=4096 B=1     m=1     inner=4190   min=     6.981 us/xform  median=     6.984  sd=  0.03%     35.20 GF/s  setup=0.011 s
d1_race                  L=4096 B=1     m=1     inner=3888   min=     8.195 us/xform  median=     8.203  sd=  0.05%     29.99 GF/s  setup=0.011 s
d1_race                  L=4096 B=1     m=1     inner=3622   min=     7.006 us/xform  median=     7.012  sd=  0.04%     35.08 GF/s  setup=0.009 s
d1_race                  L=4096 B=1     m=1     inner=5444   min=     6.972 us/xform  median=     6.978  sd=  0.03%     35.25 GF/s  setup=0.007 s
d1_twiddle               L=4096 B=1     m=1     inner=2540   min=     8.018 us/xform  median=     8.021  sd=  0.10%     30.65 GF/s  setup=0.000 s
d1_twiddle               L=4096 B=1     m=1     inner=3820   min=     7.065 us/xform  median=     7.079  sd=  0.12%     34.79 GF/s  setup=0.000 s
d1_twiddle               L=4096 B=1     m=1     inner=3794   min=     7.030 us/xform  median=     7.036  sd=  0.03%     34.96 GF/s  setup=0.000 s
d1_twiddle               L=4096 B=1     m=1     inner=4014   min=     7.939 us/xform  median=     7.944  sd=  0.06%     30.96 GF/s  setup=0.000 s
d1_twiddle               L=4096 B=1     m=1     inner=3908   min=     7.070 us/xform  median=     7.071  sd=  0.02%     34.76 GF/s  setup=0.000 s
d1_twiddle               L=4096 B=1     m=1     inner=2857   min=     7.025 us/xform  median=     7.032  sd=  0.04%     34.98 GF/s  setup=0.000 s
d1_twiddle               L=4096 B=1     m=1     inner=2445   min=     8.015 us/xform  median=     8.020  sd=  0.05%     30.66 GF/s  setup=0.000 s
d1_twiddle               L=4096 B=1     m=1     inner=3784   min=     7.010 us/xform  median=     7.014  sd=  0.09%     35.06 GF/s  setup=0.000 s
d1_twiddle               L=4096 B=1     m=1     inner=2916   min=     6.993 us/xform  median=     6.997  sd=  0.05%     35.15 GF/s  setup=0.000 s
fftw1d_estimate          L=4096 B=1     m=1     inner=2450   min=    15.874 us/xform  median=    15.879  sd=  0.52%     15.48 GF/s  setup=0.001 s
fftw1d_estimate          L=4096 B=1     m=1     inner=2546   min=    15.686 us/xform  median=    15.688  sd=  0.23%     15.67 GF/s  setup=0.001 s
fftw1d_estimate          L=4096 B=1     m=1     inner=2528   min=    15.774 us/xform  median=    15.777  sd=  0.01%     15.58 GF/s  setup=0.001 s
fftw1d_estimate          L=4096 B=1     m=1     inner=1602   min=    18.928 us/xform  median=    18.933  sd=  0.02%     12.98 GF/s  setup=0.001 s
fftw1d_estimate          L=4096 B=1     m=1     inner=1118   min=    17.855 us/xform  median=    17.863  sd=  0.02%     13.76 GF/s  setup=0.001 s
fftw1d_estimate          L=4096 B=1     m=1     inner=1672   min=    15.672 us/xform  median=    15.676  sd=  0.01%     15.68 GF/s  setup=0.001 s
fftw1d_estimate          L=4096 B=1     m=1     inner=1272   min=    15.706 us/xform  median=    15.709  sd=  0.02%     15.65 GF/s  setup=0.001 s
fftw1d_estimate          L=4096 B=1     m=1     inner=1782   min=    17.822 us/xform  median=    17.823  sd=  0.01%     13.79 GF/s  setup=0.001 s
fftw1d_estimate          L=4096 B=1     m=1     inner=1754   min=    15.813 us/xform  median=    15.818  sd=  0.02%     15.54 GF/s  setup=0.001 s
fftw1d_measure           L=4096 B=1     m=1     inner=5314   min=     7.383 us/xform  median=     7.386  sd=  0.02%     33.29 GF/s  setup=0.221 s
fftw1d_measure           L=4096 B=1     m=1     inner=5092   min=     7.763 us/xform  median=     7.765  sd=  0.04%     31.66 GF/s  setup=0.223 s
fftw1d_measure           L=4096 B=1     m=1     inner=2698   min=     7.421 us/xform  median=     7.422  sd=  0.01%     33.12 GF/s  setup=0.220 s
fftw1d_measure           L=4096 B=1     m=1     inner=5352   min=     7.377 us/xform  median=     7.378  sd=  0.02%     33.31 GF/s  setup=0.220 s
fftw1d_measure           L=4096 B=1     m=1     inner=4656   min=     8.493 us/xform  median=     8.495  sd=  0.02%     28.94 GF/s  setup=0.233 s
fftw1d_measure           L=4096 B=1     m=1     inner=5350   min=     7.426 us/xform  median=     7.428  sd=  0.03%     33.10 GF/s  setup=0.222 s
fftw1d_measure           L=4096 B=1     m=1     inner=4608   min=     8.457 us/xform  median=     8.460  sd=  0.01%     29.06 GF/s  setup=0.233 s
fftw1d_measure           L=4096 B=1     m=1     inner=4660   min=     7.417 us/xform  median=     8.442  sd=  6.40%     33.13 GF/s  setup=0.233 s
fftw1d_measure           L=4096 B=1     m=1     inner=2724   min=     7.369 us/xform  median=     7.371  sd=  0.01%     33.35 GF/s  setup=0.220 s
fftw1d_patient           L=4096 B=1     m=1     inner=5648   min=     6.875 us/xform  median=     6.877  sd=  0.02%     35.75 GF/s  setup=1.985 s
fftw1d_patient           L=4096 B=1     m=1     inner=5864   min=     6.725 us/xform  median=     6.727  sd=  0.02%     36.54 GF/s  setup=2.003 s
fftw1d_patient           L=4096 B=1     m=1     inner=5702   min=     6.886 us/xform  median=     6.888  sd=  0.02%     35.69 GF/s  setup=1.948 s
fftw1d_patient           L=4096 B=1     m=1     inner=5718   min=     6.942 us/xform  median=     6.945  sd=  0.03%     35.40 GF/s  setup=1.947 s
fftw1d_patient           L=4096 B=1     m=1     inner=4688   min=     6.732 us/xform  median=     6.735  sd=  0.02%     36.50 GF/s  setup=1.933 s
fftw1d_patient           L=4096 B=1     m=1     inner=5794   min=     6.856 us/xform  median=     6.859  sd=  0.02%     35.84 GF/s  setup=1.932 s
fftw1d_patient           L=4096 B=1     m=1     inner=5806   min=     6.806 us/xform  median=     6.811  sd=  0.03%     36.11 GF/s  setup=1.933 s
fftw1d_patient           L=4096 B=1     m=1     inner=5782   min=     6.824 us/xform  median=     6.825  sd=  0.03%     36.02 GF/s  setup=1.934 s
fftw1d_patient           L=4096 B=1     m=1     inner=5772   min=     6.821 us/xform  median=     6.822  sd=  0.01%     36.03 GF/s  setup=1.934 s
mkl1d_dfti               L=4096 B=1     m=1     inner=5732   min=     6.829 us/xform  median=     6.831  sd=  0.01%     35.99 GF/s  setup=0.002 s
mkl1d_dfti               L=4096 B=1     m=1     inner=5734   min=     5.991 us/xform  median=     6.818  sd=  3.57%     41.02 GF/s  setup=0.002 s
mkl1d_dfti               L=4096 B=1     m=1     inner=4542   min=     6.005 us/xform  median=     6.007  sd=  0.02%     40.92 GF/s  setup=0.002 s
mkl1d_dfti               L=4096 B=1     m=1     inner=6588   min=     6.007 us/xform  median=     6.008  sd=  0.01%     40.91 GF/s  setup=0.001 s
mkl1d_dfti               L=4096 B=1     m=1     inner=4708   min=     5.994 us/xform  median=     5.997  sd=  0.01%     41.00 GF/s  setup=0.002 s
mkl1d_dfti               L=4096 B=1     m=1     inner=6618   min=     5.994 us/xform  median=     5.996  sd=  0.01%     41.00 GF/s  setup=0.001 s
mkl1d_dfti               L=4096 B=1     m=1     inner=4576   min=     5.985 us/xform  median=     5.986  sd=  0.02%     41.07 GF/s  setup=0.002 s
mkl1d_dfti               L=4096 B=1     m=1     inner=6558   min=     5.976 us/xform  median=     5.977  sd=  0.02%     41.13 GF/s  setup=0.001 s
mkl1d_dfti               L=4096 B=1     m=1     inner=6398   min=     6.012 us/xform  median=     6.013  sd=  0.02%     40.88 GF/s  setup=0.001 s
   skipping baseline_dft at L=128 B=512 (too expensive to be informative)
d1_batchlane             L=128 B=512   m=1     inner=248    min=     0.152 us/xform  median=     0.153  sd=  1.73%     29.41 GF/s  setup=0.000 s
d1_batchlane             L=128 B=512   m=1     inner=396    min=     0.152 us/xform  median=     0.152  sd=  0.03%     29.42 GF/s  setup=0.000 s
d1_batchlane             L=128 B=512   m=1     inner=512    min=     0.152 us/xform  median=     0.152  sd=  0.09%     29.54 GF/s  setup=0.000 s
d1_batchlane             L=128 B=512   m=1     inner=402    min=     0.153 us/xform  median=     0.153  sd=  0.05%     29.33 GF/s  setup=0.000 s
d1_batchlane             L=128 B=512   m=1     inner=260    min=     0.153 us/xform  median=     0.154  sd=  0.06%     29.21 GF/s  setup=0.000 s
d1_batchlane             L=128 B=512   m=1     inner=354    min=     0.164 us/xform  median=     0.166  sd=  0.46%     27.37 GF/s  setup=0.000 s
d1_batchlane             L=128 B=512   m=1     inner=414    min=     0.152 us/xform  median=     0.153  sd=  0.15%     29.42 GF/s  setup=0.000 s
d1_batchlane             L=128 B=512   m=1     inner=258    min=     0.153 us/xform  median=     0.153  sd=  0.07%     29.25 GF/s  setup=0.000 s
d1_batchlane             L=128 B=512   m=1     inner=514    min=     0.152 us/xform  median=     0.153  sd=  0.21%     29.41 GF/s  setup=0.000 s
d1_bluestein             L=128 B=512   m=1     inner=262    min=     0.304 us/xform  median=     0.311  sd=  0.76%     14.76 GF/s  setup=0.001 s
d1_bluestein             L=128 B=512   m=1     inner=220    min=     0.302 us/xform  median=     0.302  sd=  0.04%     14.83 GF/s  setup=0.001 s
d1_bluestein             L=128 B=512   m=1     inner=248    min=     0.302 us/xform  median=     0.302  sd=  0.05%     14.86 GF/s  setup=0.001 s
d1_bluestein             L=128 B=512   m=1     inner=250    min=     0.302 us/xform  median=     0.302  sd=  0.05%     14.84 GF/s  setup=0.001 s
d1_bluestein             L=128 B=512   m=1     inner=196    min=     0.259 us/xform  median=     0.259  sd=  0.51%     17.32 GF/s  setup=0.001 s
d1_bluestein             L=128 B=512   m=1     inner=216    min=     0.259 us/xform  median=     0.260  sd=  0.04%     17.27 GF/s  setup=0.001 s
d1_bluestein             L=128 B=512   m=1     inner=220    min=     0.255 us/xform  median=     0.256  sd=  0.08%     17.54 GF/s  setup=0.001 s
d1_bluestein             L=128 B=512   m=1     inner=224    min=     0.293 us/xform  median=     0.305  sd=  1.20%     15.31 GF/s  setup=0.001 s
d1_bluestein             L=128 B=512   m=1     inner=224    min=     0.355 us/xform  median=     0.355  sd=  0.04%     12.62 GF/s  setup=0.001 s
d1_planner               L=128 B=512   m=1     inner=362    min=     0.196 us/xform  median=     0.196  sd=  0.08%     22.91 GF/s  setup=0.000 s
d1_planner               L=128 B=512   m=1     inner=398    min=     0.195 us/xform  median=     0.195  sd=  0.18%     22.96 GF/s  setup=0.000 s
d1_planner               L=128 B=512   m=1     inner=388    min=     0.195 us/xform  median=     0.196  sd=  0.11%     22.96 GF/s  setup=0.000 s
d1_planner               L=128 B=512   m=1     inner=300    min=     0.230 us/xform  median=     0.231  sd=  0.83%     19.45 GF/s  setup=0.000 s
d1_planner               L=128 B=512   m=1     inner=288    min=     0.194 us/xform  median=     0.194  sd=  0.12%     23.11 GF/s  setup=0.000 s
d1_planner               L=128 B=512   m=1     inner=310    min=     0.220 us/xform  median=     0.220  sd=  0.08%     20.36 GF/s  setup=0.000 s
d1_planner               L=128 B=512   m=1     inner=268    min=     0.210 us/xform  median=     0.210  sd=  0.10%     21.33 GF/s  setup=0.000 s
d1_planner               L=128 B=512   m=1     inner=368    min=     0.211 us/xform  median=     0.211  sd=  0.06%     21.21 GF/s  setup=0.000 s
d1_planner               L=128 B=512   m=1     inner=368    min=     0.212 us/xform  median=     0.212  sd=  0.09%     21.18 GF/s  setup=0.000 s
d1_pow2                  L=128 B=512   m=1     inner=416    min=     0.183 us/xform  median=     0.183  sd=  0.07%     24.52 GF/s  setup=0.000 s
d1_pow2                  L=128 B=512   m=1     inner=350    min=     0.182 us/xform  median=     0.182  sd=  0.07%     24.59 GF/s  setup=0.001 s
d1_pow2                  L=128 B=512   m=1     inner=336    min=     0.184 us/xform  median=     0.185  sd=  0.07%     24.31 GF/s  setup=0.001 s
d1_pow2                  L=128 B=512   m=1     inner=340    min=     0.183 us/xform  median=     0.183  sd=  0.04%     24.47 GF/s  setup=0.000 s
d1_pow2                  L=128 B=512   m=1     inner=426    min=     0.181 us/xform  median=     0.181  sd=  0.04%     24.71 GF/s  setup=0.000 s
d1_pow2                  L=128 B=512   m=1     inner=426    min=     0.182 us/xform  median=     0.182  sd=  0.04%     24.57 GF/s  setup=0.000 s
d1_pow2                  L=128 B=512   m=1     inner=428    min=     0.165 us/xform  median=     0.165  sd=  1.05%     27.14 GF/s  setup=0.000 s
d1_pow2                  L=128 B=512   m=1     inner=238    min=     0.165 us/xform  median=     0.165  sd=  0.08%     27.18 GF/s  setup=0.000 s
d1_pow2                  L=128 B=512   m=1     inner=332    min=     0.183 us/xform  median=     0.183  sd=  0.06%     24.47 GF/s  setup=0.001 s
d1_race                  L=128 B=512   m=1     inner=514    min=     0.151 us/xform  median=     0.151  sd=  0.18%     29.74 GF/s  setup=2.378 s
d1_race                  L=128 B=512   m=1     inner=258    min=     0.151 us/xform  median=     0.152  sd=  0.30%     29.73 GF/s  setup=0.008 s
d1_race                  L=128 B=512   m=1     inner=198    min=     0.172 us/xform  median=     0.172  sd=  0.68%     26.10 GF/s  setup=0.008 s
d1_race                  L=128 B=512   m=1     inner=502    min=     0.152 us/xform  median=     0.152  sd=  0.10%     29.46 GF/s  setup=0.008 s
d1_race                  L=128 B=512   m=1     inner=257    min=     0.151 us/xform  median=     0.152  sd=  0.20%     29.61 GF/s  setup=0.007 s
d1_race                  L=128 B=512   m=1     inner=406    min=     0.153 us/xform  median=     0.153  sd=  0.06%     29.37 GF/s  setup=0.008 s
d1_race                  L=128 B=512   m=1     inner=245    min=     0.160 us/xform  median=     0.169  sd=  1.72%     28.04 GF/s  setup=0.007 s
d1_race                  L=128 B=512   m=1     inner=428    min=     0.148 us/xform  median=     0.152  sd=  0.90%     30.29 GF/s  setup=0.006 s
d1_race                  L=128 B=512   m=1     inner=498    min=     0.153 us/xform  median=     0.153  sd=  0.06%     29.35 GF/s  setup=0.008 s
d1_twiddle               L=128 B=512   m=1     inner=344    min=     0.186 us/xform  median=     0.186  sd=  0.08%     24.11 GF/s  setup=0.000 s
d1_twiddle               L=128 B=512   m=1     inner=426    min=     0.181 us/xform  median=     0.182  sd=  0.10%     24.70 GF/s  setup=0.000 s
d1_twiddle               L=128 B=512   m=1     inner=216    min=     0.164 us/xform  median=     0.179  sd=  3.80%     27.26 GF/s  setup=0.000 s
d1_twiddle               L=128 B=512   m=1     inner=328    min=     0.166 us/xform  median=     0.168  sd=  0.50%     26.92 GF/s  setup=0.000 s
d1_twiddle               L=128 B=512   m=1     inner=306    min=     0.191 us/xform  median=     0.194  sd=  1.57%     23.42 GF/s  setup=0.000 s
d1_twiddle               L=128 B=512   m=1     inner=199    min=     0.196 us/xform  median=     0.196  sd=  0.07%     22.83 GF/s  setup=0.000 s
d1_twiddle               L=128 B=512   m=1     inner=342    min=     0.164 us/xform  median=     0.164  sd=  0.06%     27.29 GF/s  setup=0.000 s
d1_twiddle               L=128 B=512   m=1     inner=312    min=     0.186 us/xform  median=     0.186  sd=  0.08%     24.07 GF/s  setup=0.000 s
d1_twiddle               L=128 B=512   m=1     inner=344    min=     0.164 us/xform  median=     0.166  sd=  0.87%     27.31 GF/s  setup=0.000 s
fftw1d_custom            L=128 B=512   m=1     inner=52     min=     0.727 us/xform  median=     0.729  sd=  1.70%      6.16 GF/s  setup=0.000 s
fftw1d_custom            L=128 B=512   m=1     inner=72     min=     0.882 us/xform  median=     0.882  sd=  0.05%      5.08 GF/s  setup=0.000 s
fftw1d_custom            L=128 B=512   m=1     inner=102    min=     0.727 us/xform  median=     0.727  sd=  0.04%      6.17 GF/s  setup=0.000 s
fftw1d_custom            L=128 B=512   m=1     inner=74     min=     0.729 us/xform  median=     0.731  sd=  0.27%      6.14 GF/s  setup=0.000 s
fftw1d_custom            L=128 B=512   m=1     inner=74     min=     0.726 us/xform  median=     0.726  sd=  0.05%      6.17 GF/s  setup=0.000 s
fftw1d_custom            L=128 B=512   m=1     inner=106    min=     0.728 us/xform  median=     0.728  sd=  0.03%      6.16 GF/s  setup=0.000 s
fftw1d_custom            L=128 B=512   m=1     inner=70     min=     0.874 us/xform  median=     0.875  sd=  0.61%      5.13 GF/s  setup=0.000 s
fftw1d_custom            L=128 B=512   m=1     inner=74     min=     0.729 us/xform  median=     0.731  sd=  0.10%      6.15 GF/s  setup=0.000 s
fftw1d_custom            L=128 B=512   m=1     inner=102    min=     0.729 us/xform  median=     0.730  sd=  0.06%      6.15 GF/s  setup=0.000 s
fftw1d_custom_soa        L=128 B=512   m=1     inner=136    min=     0.566 us/xform  median=     0.566  sd=  0.02%      7.92 GF/s  setup=0.000 s
fftw1d_custom_soa        L=128 B=512   m=1     inner=138    min=     0.564 us/xform  median=     0.564  sd=  0.02%      7.94 GF/s  setup=0.000 s
fftw1d_custom_soa        L=128 B=512   m=1     inner=138    min=     0.517 us/xform  median=     0.517  sd=  0.02%      8.67 GF/s  setup=0.000 s
fftw1d_custom_soa        L=128 B=512   m=1     inner=76     min=     0.516 us/xform  median=     0.516  sd=  0.05%      8.69 GF/s  setup=0.000 s
fftw1d_custom_soa        L=128 B=512   m=1     inner=114    min=     0.571 us/xform  median=     0.571  sd=  0.23%      7.85 GF/s  setup=0.000 s
fftw1d_custom_soa        L=128 B=512   m=1     inner=132    min=     0.568 us/xform  median=     0.569  sd=  0.02%      7.88 GF/s  setup=0.000 s
fftw1d_custom_soa        L=128 B=512   m=1     inner=116    min=     0.506 us/xform  median=     0.506  sd=  0.06%      8.85 GF/s  setup=0.000 s
fftw1d_custom_soa        L=128 B=512   m=1     inner=116    min=     0.506 us/xform  median=     0.506  sd=  0.01%      8.85 GF/s  setup=0.000 s
fftw1d_custom_soa        L=128 B=512   m=1     inner=150    min=     0.507 us/xform  median=     0.507  sd=  0.01%      8.84 GF/s  setup=0.000 s
fftw1d_estimate          L=128 B=512   m=1     inner=160    min=     0.458 us/xform  median=     0.459  sd=  0.37%      9.79 GF/s  setup=0.001 s
fftw1d_estimate          L=128 B=512   m=1     inner=126    min=     0.536 us/xform  median=     0.667  sd=  8.14%      8.36 GF/s  setup=0.001 s
fftw1d_estimate          L=128 B=512   m=1     inner=100    min=     0.461 us/xform  median=     0.461  sd=  3.51%      9.73 GF/s  setup=0.001 s
fftw1d_estimate          L=128 B=512   m=1     inner=124    min=     0.535 us/xform  median=     0.656  sd=  7.55%      8.38 GF/s  setup=0.001 s
fftw1d_estimate          L=128 B=512   m=1     inner=116    min=     0.657 us/xform  median=     0.659  sd=  0.35%      6.82 GF/s  setup=0.001 s
fftw1d_estimate          L=128 B=512   m=1     inner=92     min=     0.664 us/xform  median=     0.665  sd=  0.15%      6.75 GF/s  setup=0.001 s
fftw1d_estimate          L=128 B=512   m=1     inner=104    min=     0.657 us/xform  median=     0.661  sd=  0.28%      6.82 GF/s  setup=0.001 s
fftw1d_estimate          L=128 B=512   m=1     inner=96     min=     0.461 us/xform  median=     0.461  sd=  3.83%      9.72 GF/s  setup=0.001 s
fftw1d_estimate          L=128 B=512   m=1     inner=162    min=     0.458 us/xform  median=     0.459  sd=  0.13%      9.79 GF/s  setup=0.001 s
fftw1d_measure           L=128 B=512   m=1     inner=268    min=     0.209 us/xform  median=     0.209  sd=  2.89%     21.46 GF/s  setup=0.050 s
fftw1d_measure           L=128 B=512   m=1     inner=358    min=     0.208 us/xform  median=     0.209  sd=  0.05%     21.51 GF/s  setup=0.048 s
fftw1d_measure           L=128 B=512   m=1     inner=356    min=     0.191 us/xform  median=     0.191  sd=  4.65%     23.43 GF/s  setup=0.048 s
fftw1d_measure           L=128 B=512   m=1     inner=336    min=     0.230 us/xform  median=     0.234  sd=  0.49%     19.46 GF/s  setup=0.049 s
fftw1d_measure           L=128 B=512   m=1     inner=392    min=     0.195 us/xform  median=     0.196  sd=  0.04%     22.92 GF/s  setup=0.050 s
fftw1d_measure           L=128 B=512   m=1     inner=354    min=     0.212 us/xform  median=     0.212  sd=  0.45%     21.16 GF/s  setup=0.050 s
fftw1d_measure           L=128 B=512   m=1     inner=199    min=     0.196 us/xform  median=     0.196  sd=  0.02%     22.89 GF/s  setup=0.050 s
fftw1d_measure           L=128 B=512   m=1     inner=360    min=     0.210 us/xform  median=     0.210  sd=  0.02%     21.30 GF/s  setup=0.050 s
fftw1d_measure           L=128 B=512   m=1     inner=350    min=     0.211 us/xform  median=     0.211  sd=  0.39%     21.26 GF/s  setup=0.048 s
fftw1d_patient           L=128 B=512   m=1     inner=236    min=     0.215 us/xform  median=     0.228  sd=  3.79%     20.79 GF/s  setup=0.858 s
fftw1d_patient           L=128 B=512   m=1     inner=224    min=     0.215 us/xform  median=     0.215  sd=  4.95%     20.83 GF/s  setup=0.842 s
fftw1d_patient           L=128 B=512   m=1     inner=204    min=     0.217 us/xform  median=     0.217  sd=  6.32%     20.63 GF/s  setup=0.872 s
fftw1d_patient           L=128 B=512   m=1     inner=213    min=     0.183 us/xform  median=     0.184  sd=  0.03%     24.43 GF/s  setup=0.743 s
fftw1d_patient           L=128 B=512   m=1     inner=224    min=     0.215 us/xform  median=     0.216  sd=  5.00%     20.80 GF/s  setup=0.825 s
fftw1d_patient           L=128 B=512   m=1     inner=368    min=     0.203 us/xform  median=     0.203  sd=  0.03%     22.11 GF/s  setup=0.727 s
fftw1d_patient           L=128 B=512   m=1     inner=210    min=     0.219 us/xform  median=     0.221  sd=  5.12%     20.48 GF/s  setup=0.847 s
fftw1d_patient           L=128 B=512   m=1     inner=418    min=     0.186 us/xform  median=     0.186  sd=  0.03%     24.12 GF/s  setup=0.710 s
fftw1d_patient           L=128 B=512   m=1     inner=206    min=     0.196 us/xform  median=     0.247  sd=  8.44%     22.85 GF/s  setup=0.904 s
mkl1d_dfti               L=128 B=512   m=1     inner=526    min=     0.143 us/xform  median=     0.143  sd=  0.33%     31.41 GF/s  setup=0.002 s
mkl1d_dfti               L=128 B=512   m=1     inner=416    min=     0.158 us/xform  median=     0.158  sd=  0.14%     28.41 GF/s  setup=0.002 s
mkl1d_dfti               L=128 B=512   m=1     inner=432    min=     0.144 us/xform  median=     0.144  sd=  0.06%     31.12 GF/s  setup=0.001 s
mkl1d_dfti               L=128 B=512   m=1     inner=534    min=     0.144 us/xform  median=     0.144  sd=  0.08%     31.11 GF/s  setup=0.001 s
mkl1d_dfti               L=128 B=512   m=1     inner=273    min=     0.144 us/xform  median=     0.144  sd=  0.06%     31.18 GF/s  setup=0.001 s
mkl1d_dfti               L=128 B=512   m=1     inner=404    min=     0.158 us/xform  median=     0.159  sd=  0.16%     28.32 GF/s  setup=0.001 s
mkl1d_dfti               L=128 B=512   m=1     inner=424    min=     0.145 us/xform  median=     0.146  sd=  0.67%     30.98 GF/s  setup=0.001 s
mkl1d_dfti               L=128 B=512   m=1     inner=272    min=     0.144 us/xform  median=     0.144  sd=  0.08%     31.10 GF/s  setup=0.001 s
mkl1d_dfti               L=128 B=512   m=1     inner=546    min=     0.143 us/xform  median=     0.144  sd=  0.09%     31.27 GF/s  setup=0.001 s
baseline_dft             L=13  B=512   m=2000  inner=1      min=     0.327 us/xform  median=     0.327  sd=  0.00%      0.74 GF/s  setup=0.000 s
baseline_dft             L=13  B=512   m=2000  inner=1      min=     0.328 us/xform  median=     0.328  sd=  0.01%      0.73 GF/s  setup=0.000 s
baseline_dft             L=13  B=512   m=2000  inner=1      min=     0.328 us/xform  median=     0.328  sd=  0.01%      0.73 GF/s  setup=0.000 s
baseline_dft             L=13  B=512   m=2     inner=4      min=     0.347 us/xform  median=     0.347  sd=  0.00%      0.69 GF/s  setup=0.000 s
d1_batchlane             L=13  B=512   m=2000  inner=2      min=     0.016 us/xform  median=     0.016  sd=  0.11%     15.02 GF/s  setup=0.000 s
d1_batchlane             L=13  B=512   m=2000  inner=2      min=     0.016 us/xform  median=     0.016  sd=  0.12%     14.90 GF/s  setup=0.000 s
d1_batchlane             L=13  B=512   m=2000  inner=2      min=     0.016 us/xform  median=     0.016  sd=  0.11%     14.88 GF/s  setup=0.000 s
d1_batchlane             L=13  B=512   m=2     inner=70     min=     0.027 us/xform  median=     0.027  sd=  0.00%      8.76 GF/s  setup=0.000 s
d1_bluestein             L=13  B=512   m=2000  inner=1      min=     0.123 us/xform  median=     0.123  sd=  0.02%      1.95 GF/s  setup=0.000 s
d1_bluestein             L=13  B=512   m=2000  inner=1      min=     0.123 us/xform  median=     0.123  sd=  0.03%      1.95 GF/s  setup=0.000 s
d1_bluestein             L=13  B=512   m=2000  inner=1      min=     0.124 us/xform  median=     0.124  sd=  8.08%      1.94 GF/s  setup=0.000 s
d1_bluestein             L=13  B=512   m=2     inner=12     min=     0.151 us/xform  median=     0.151  sd=  0.00%      1.59 GF/s  setup=0.000 s
d1_planner               L=13  B=512   m=2000  inner=2      min=     0.016 us/xform  median=     0.016  sd=  0.03%     15.50 GF/s  setup=0.000 s
d1_planner               L=13  B=512   m=2000  inner=2      min=     0.015 us/xform  median=     0.015  sd=  0.46%     15.54 GF/s  setup=0.000 s
d1_planner               L=13  B=512   m=2000  inner=2      min=     0.015 us/xform  median=     0.015  sd=  0.09%     15.57 GF/s  setup=0.000 s
d1_planner               L=13  B=512   m=2     inner=54     min=     0.034 us/xform  median=     0.034  sd=  0.00%      7.12 GF/s  setup=0.000 s
d1_prime                 L=13  B=512   m=2000  inner=2      min=     0.014 us/xform  median=     0.014  sd=  0.04%     17.52 GF/s  setup=0.000 s
d1_prime                 L=13  B=512   m=2000  inner=2      min=     0.016 us/xform  median=     0.016  sd=  0.07%     15.44 GF/s  setup=0.000 s
d1_prime                 L=13  B=512   m=2000  inner=2      min=     0.014 us/xform  median=     0.014  sd=  0.06%     17.56 GF/s  setup=0.000 s
d1_prime                 L=13  B=512   m=2     inner=60     min=     0.031 us/xform  median=     0.031  sd=  0.00%      7.76 GF/s  setup=0.000 s
d1_race                  L=13  B=512   m=2000  inner=2      min=     0.014 us/xform  median=     0.014  sd=  0.07%     16.88 GF/s  setup=1.396 s
d1_race                  L=13  B=512   m=2000  inner=2      min=     0.014 us/xform  median=     0.014  sd=  0.04%     17.02 GF/s  setup=0.006 s
d1_race                  L=13  B=512   m=2000  inner=2      min=     0.014 us/xform  median=     0.014  sd=  0.08%     17.07 GF/s  setup=0.007 s
d1_race                  L=13  B=512   m=2     inner=76     min=     0.025 us/xform  median=     0.025  sd=  0.00%      9.56 GF/s  setup=0.007 s
d1_rader                 L=13  B=512   m=2000  inner=2      min=     0.015 us/xform  median=     0.015  sd=  0.04%     16.45 GF/s  setup=0.000 s
d1_rader                 L=13  B=512   m=2000  inner=2      min=     0.017 us/xform  median=     0.017  sd=  0.03%     14.45 GF/s  setup=0.000 s
d1_rader                 L=13  B=512   m=2000  inner=2      min=     0.015 us/xform  median=     0.015  sd=  0.02%     16.44 GF/s  setup=0.000 s
d1_rader                 L=13  B=512   m=2     inner=66     min=     0.029 us/xform  median=     0.029  sd=  0.00%      8.32 GF/s  setup=0.000 s
fftw1d_custom            L=13  B=512   m=2000  inner=1      min=     0.057 us/xform  median=     0.057  sd=  0.01%      4.20 GF/s  setup=0.000 s
fftw1d_custom            L=13  B=512   m=2000  inner=1      min=     0.048 us/xform  median=     0.048  sd=  0.03%      5.03 GF/s  setup=0.000 s
fftw1d_custom            L=13  B=512   m=2000  inner=1      min=     0.057 us/xform  median=     0.057  sd=  0.01%      4.19 GF/s  setup=0.000 s
fftw1d_custom            L=13  B=512   m=2     inner=16     min=     0.073 us/xform  median=     0.073  sd=  0.00%      3.31 GF/s  setup=0.000 s
fftw1d_custom_soa        L=13  B=512   m=2000  inner=1      min=     0.026 us/xform  median=     0.026  sd=  0.02%      9.19 GF/s  setup=0.000 s
fftw1d_custom_soa        L=13  B=512   m=2000  inner=1      min=     0.030 us/xform  median=     0.030  sd=  0.02%      8.00 GF/s  setup=0.000 s
fftw1d_custom_soa        L=13  B=512   m=2000  inner=1      min=     0.026 us/xform  median=     0.026  sd=  0.02%      9.14 GF/s  setup=0.000 s
fftw1d_custom_soa        L=13  B=512   m=2     inner=20     min=     0.053 us/xform  median=     0.053  sd=  0.00%      4.55 GF/s  setup=0.000 s
fftw1d_estimate          L=13  B=512   m=2000  inner=1      min=     0.075 us/xform  median=     0.085  sd=  6.49%      3.23 GF/s  setup=0.001 s
fftw1d_estimate          L=13  B=512   m=2000  inner=1      min=     0.075 us/xform  median=     0.075  sd=  0.01%      3.22 GF/s  setup=0.001 s
fftw1d_estimate          L=13  B=512   m=2000  inner=1      min=     0.075 us/xform  median=     0.075  sd=  0.03%      3.22 GF/s  setup=0.000 s
fftw1d_estimate          L=13  B=512   m=2     inner=24     min=     0.077 us/xform  median=     0.077  sd=  0.00%      3.13 GF/s  setup=0.001 s
fftw1d_measure           L=13  B=512   m=2000  inner=1      min=     0.051 us/xform  median=     0.051  sd=  0.01%      4.69 GF/s  setup=0.002 s
fftw1d_measure           L=13  B=512   m=2000  inner=1      min=     0.059 us/xform  median=     0.059  sd=  0.02%      4.08 GF/s  setup=0.002 s
fftw1d_measure           L=13  B=512   m=2000  inner=1      min=     0.051 us/xform  median=     0.051  sd=  0.02%      4.69 GF/s  setup=0.002 s
fftw1d_measure           L=13  B=512   m=2     inner=30     min=     0.061 us/xform  median=     0.061  sd=  0.00%      3.93 GF/s  setup=0.002 s
fftw1d_patient           L=13  B=512   m=2000  inner=1      min=     0.058 us/xform  median=     0.058  sd=  0.01%      4.14 GF/s  setup=0.002 s
fftw1d_patient           L=13  B=512   m=2000  inner=1      min=     0.059 us/xform  median=     0.059  sd=  0.01%      4.10 GF/s  setup=0.003 s
fftw1d_patient           L=13  B=512   m=2000  inner=1      min=     0.059 us/xform  median=     0.059  sd=  0.01%      4.09 GF/s  setup=0.003 s
fftw1d_patient           L=13  B=512   m=2     inner=30     min=     0.062 us/xform  median=     0.062  sd=  0.00%      3.86 GF/s  setup=0.002 s
mkl1d_dfti               L=13  B=512   m=2000  inner=1      min=     0.053 us/xform  median=     0.061  sd=  9.53%      4.53 GF/s  setup=0.051 s
mkl1d_dfti               L=13  B=512   m=2000  inner=1      min=     0.053 us/xform  median=     0.053  sd=  0.04%      4.53 GF/s  setup=0.051 s
mkl1d_dfti               L=13  B=512   m=2000  inner=1      min=     0.053 us/xform  median=     0.053  sd=  0.04%      4.53 GF/s  setup=0.052 s
mkl1d_dfti               L=13  B=512   m=2     inner=32     min=     0.057 us/xform  median=     0.057  sd=  0.00%      4.25 GF/s  setup=0.046 s
baseline_dft             L=31  B=512   m=1     inner=38     min=     1.994 us/xform  median=     1.994  sd=  0.01%      0.39 GF/s  setup=0.000 s
baseline_dft             L=31  B=512   m=1     inner=38     min=     1.652 us/xform  median=     1.740  sd=  9.51%      0.46 GF/s  setup=0.000 s
baseline_dft             L=31  B=512   m=1     inner=30     min=     1.652 us/xform  median=     1.652  sd=  0.01%      0.46 GF/s  setup=0.000 s
baseline_dft             L=31  B=512   m=1     inner=38     min=     1.994 us/xform  median=     1.994  sd=  0.01%      0.39 GF/s  setup=0.000 s
baseline_dft             L=31  B=512   m=1     inner=38     min=     1.994 us/xform  median=     1.994  sd=  0.01%      0.39 GF/s  setup=0.000 s
baseline_dft             L=31  B=512   m=1     inner=38     min=     1.652 us/xform  median=     1.750  sd=  9.50%      0.46 GF/s  setup=0.000 s
baseline_dft             L=31  B=512   m=1     inner=30     min=     1.652 us/xform  median=     1.652  sd=  0.02%      0.46 GF/s  setup=0.000 s
baseline_dft             L=31  B=512   m=1     inner=32     min=     1.994 us/xform  median=     1.994  sd=  0.01%      0.39 GF/s  setup=0.000 s
baseline_dft             L=31  B=512   m=1     inner=38     min=     1.994 us/xform  median=     1.994  sd=  0.00%      0.39 GF/s  setup=0.000 s
d1_batchlane             L=31  B=512   m=1     inner=1550   min=     0.050 us/xform  median=     0.050  sd=  0.03%     15.29 GF/s  setup=0.000 s
d1_batchlane             L=31  B=512   m=1     inner=1174   min=     0.050 us/xform  median=     0.050  sd=  0.07%     15.29 GF/s  setup=0.000 s
d1_batchlane             L=31  B=512   m=1     inner=1228   min=     0.050 us/xform  median=     0.050  sd=  0.03%     15.29 GF/s  setup=0.000 s
d1_batchlane             L=31  B=512   m=1     inner=1172   min=     0.050 us/xform  median=     0.050  sd=  0.22%     15.29 GF/s  setup=0.000 s
d1_batchlane             L=31  B=512   m=1     inner=1176   min=     0.050 us/xform  median=     0.050  sd=  0.02%     15.27 GF/s  setup=0.000 s
d1_batchlane             L=31  B=512   m=1     inner=1226   min=     0.050 us/xform  median=     0.050  sd=  0.02%     15.29 GF/s  setup=0.000 s
d1_batchlane             L=31  B=512   m=1     inner=1542   min=     0.050 us/xform  median=     0.050  sd=  0.02%     15.29 GF/s  setup=0.000 s
d1_batchlane             L=31  B=512   m=1     inner=1550   min=     0.044 us/xform  median=     0.050  sd=  3.53%     17.39 GF/s  setup=0.000 s
d1_batchlane             L=31  B=512   m=1     inner=1230   min=     0.044 us/xform  median=     0.044  sd=  0.33%     17.40 GF/s  setup=0.000 s
d1_bluestein             L=31  B=512   m=1     inner=360    min=     0.213 us/xform  median=     0.213  sd=  0.29%      3.61 GF/s  setup=0.001 s
d1_bluestein             L=31  B=512   m=1     inner=258    min=     0.198 us/xform  median=     0.208  sd=  2.46%      3.88 GF/s  setup=0.002 s
d1_bluestein             L=31  B=512   m=1     inner=278    min=     0.210 us/xform  median=     0.211  sd=  0.16%      3.66 GF/s  setup=0.001 s
d1_bluestein             L=31  B=512   m=1     inner=185    min=     0.210 us/xform  median=     0.211  sd=  0.17%      3.66 GF/s  setup=0.001 s
d1_bluestein             L=31  B=512   m=1     inner=184    min=     0.211 us/xform  median=     0.212  sd=  0.17%      3.64 GF/s  setup=0.001 s
d1_bluestein             L=31  B=512   m=1     inner=288    min=     0.184 us/xform  median=     0.185  sd=  0.13%      4.18 GF/s  setup=0.001 s
d1_bluestein             L=31  B=512   m=1     inner=212    min=     0.184 us/xform  median=     0.184  sd=  0.14%      4.18 GF/s  setup=0.001 s
d1_bluestein             L=31  B=512   m=1     inner=404    min=     0.187 us/xform  median=     0.187  sd=  0.09%      4.11 GF/s  setup=0.001 s
d1_bluestein             L=31  B=512   m=1     inner=406    min=     0.184 us/xform  median=     0.184  sd=  0.23%      4.18 GF/s  setup=0.001 s
d1_planner               L=31  B=512   m=1     inner=774    min=     0.050 us/xform  median=     0.050  sd=  0.08%     15.29 GF/s  setup=0.000 s
d1_planner               L=31  B=512   m=1     inner=1228   min=     0.050 us/xform  median=     0.050  sd=  0.09%     15.29 GF/s  setup=0.000 s
d1_planner               L=31  B=512   m=1     inner=1176   min=     0.050 us/xform  median=     0.050  sd=  0.01%     15.28 GF/s  setup=0.000 s
d1_planner               L=31  B=512   m=1     inner=1548   min=     0.050 us/xform  median=     0.050  sd=  0.03%     15.29 GF/s  setup=0.000 s
d1_planner               L=31  B=512   m=1     inner=777    min=     0.050 us/xform  median=     0.050  sd=  0.05%     15.29 GF/s  setup=0.000 s
d1_planner               L=31  B=512   m=1     inner=1544   min=     0.044 us/xform  median=     0.050  sd=  6.18%     17.39 GF/s  setup=0.000 s
d1_planner               L=31  B=512   m=1     inner=1706   min=     0.044 us/xform  median=     0.044  sd=  0.02%     17.40 GF/s  setup=0.000 s
d1_planner               L=31  B=512   m=1     inner=1230   min=     0.044 us/xform  median=     0.044  sd=  0.01%     17.40 GF/s  setup=0.000 s
d1_planner               L=31  B=512   m=1     inner=1552   min=     0.050 us/xform  median=     0.050  sd=  0.01%     15.29 GF/s  setup=0.000 s
d1_prime                 L=31  B=512   m=1     inner=1236   min=     0.048 us/xform  median=     0.048  sd=  0.05%     16.05 GF/s  setup=0.000 s
d1_prime                 L=31  B=512   m=1     inner=1272   min=     0.043 us/xform  median=     0.043  sd=  0.02%     18.00 GF/s  setup=0.000 s
d1_prime                 L=31  B=512   m=1     inner=1222   min=     0.048 us/xform  median=     0.048  sd=  0.01%     15.93 GF/s  setup=0.000 s
d1_prime                 L=31  B=512   m=1     inner=1284   min=     0.042 us/xform  median=     0.042  sd=  0.02%     18.14 GF/s  setup=0.000 s
d1_prime                 L=31  B=512   m=1     inner=1278   min=     0.048 us/xform  median=     0.048  sd=  0.02%     15.89 GF/s  setup=0.000 s
d1_prime                 L=31  B=512   m=1     inner=1222   min=     0.049 us/xform  median=     0.049  sd=  0.03%     15.83 GF/s  setup=0.000 s
d1_prime                 L=31  B=512   m=1     inner=1240   min=     0.048 us/xform  median=     0.048  sd=  0.03%     16.07 GF/s  setup=0.000 s
d1_prime                 L=31  B=512   m=1     inner=1280   min=     0.048 us/xform  median=     0.048  sd=  0.04%     16.01 GF/s  setup=0.000 s
d1_prime                 L=31  B=512   m=1     inner=1218   min=     0.048 us/xform  median=     0.048  sd=  0.02%     15.85 GF/s  setup=0.000 s
d1_race                  L=31  B=512   m=1     inner=793    min=     0.049 us/xform  median=     0.049  sd=  0.07%     15.62 GF/s  setup=0.006 s
d1_race                  L=31  B=512   m=1     inner=1318   min=     0.043 us/xform  median=     0.043  sd=  0.04%     17.80 GF/s  setup=0.008 s
d1_race                  L=31  B=512   m=1     inner=1802   min=     0.043 us/xform  median=     0.043  sd=  0.04%     17.80 GF/s  setup=0.006 s
d1_race                  L=31  B=512   m=1     inner=1584   min=     0.049 us/xform  median=     0.049  sd=  0.02%     15.69 GF/s  setup=0.008 s
d1_race                  L=31  B=512   m=1     inner=1250   min=     0.049 us/xform  median=     0.049  sd=  0.06%     15.58 GF/s  setup=0.008 s
d1_race                  L=31  B=512   m=1     inner=1254   min=     0.043 us/xform  median=     0.043  sd=  0.04%     17.73 GF/s  setup=0.007 s
d1_race                  L=31  B=512   m=1     inner=1314   min=     0.049 us/xform  median=     0.049  sd=  0.02%     15.65 GF/s  setup=0.006 s
d1_race                  L=31  B=512   m=1     inner=1258   min=     0.049 us/xform  median=     0.049  sd=  0.25%     15.64 GF/s  setup=0.009 s
d1_race                  L=31  B=512   m=1     inner=1330   min=     0.043 us/xform  median=     0.043  sd=  0.05%     17.99 GF/s  setup=0.006 s
d1_rader                 L=31  B=512   m=1     inner=1536   min=     0.051 us/xform  median=     0.051  sd=  0.05%     15.20 GF/s  setup=0.000 s
d1_rader                 L=31  B=512   m=1     inner=1184   min=     0.050 us/xform  median=     0.050  sd=  0.04%     15.43 GF/s  setup=0.000 s
d1_rader                 L=31  B=512   m=1     inner=1244   min=     0.050 us/xform  median=     0.050  sd=  0.34%     15.47 GF/s  setup=0.000 s
d1_rader                 L=31  B=512   m=1     inner=774    min=     0.050 us/xform  median=     0.050  sd=  0.06%     15.25 GF/s  setup=0.000 s
d1_rader                 L=31  B=512   m=1     inner=1172   min=     0.050 us/xform  median=     0.050  sd=  0.02%     15.29 GF/s  setup=0.000 s
d1_rader                 L=31  B=512   m=1     inner=1546   min=     0.050 us/xform  median=     0.050  sd=  0.02%     15.26 GF/s  setup=0.000 s
d1_rader                 L=31  B=512   m=1     inner=1156   min=     0.051 us/xform  median=     0.051  sd=  0.04%     15.09 GF/s  setup=0.000 s
d1_rader                 L=31  B=512   m=1     inner=1172   min=     0.050 us/xform  median=     0.050  sd=  0.04%     15.22 GF/s  setup=0.000 s
d1_rader                 L=31  B=512   m=1     inner=1532   min=     0.051 us/xform  median=     0.051  sd=  0.04%     15.16 GF/s  setup=0.000 s
fftw1d_custom            L=31  B=512   m=1     inner=312    min=     0.198 us/xform  median=     0.198  sd=  0.05%      3.88 GF/s  setup=0.000 s
fftw1d_custom            L=31  B=512   m=1     inner=288    min=     0.203 us/xform  median=     0.203  sd=  0.12%      3.78 GF/s  setup=0.000 s
fftw1d_custom            L=31  B=512   m=1     inner=384    min=     0.201 us/xform  median=     0.201  sd=  0.23%      3.82 GF/s  setup=0.000 s
fftw1d_custom            L=31  B=512   m=1     inner=302    min=     0.195 us/xform  median=     0.195  sd=  0.03%      3.93 GF/s  setup=0.000 s
fftw1d_custom            L=31  B=512   m=1     inner=394    min=     0.197 us/xform  median=     0.197  sd=  0.04%      3.91 GF/s  setup=0.000 s
fftw1d_custom            L=31  B=512   m=1     inner=390    min=     0.199 us/xform  median=     0.200  sd=  0.02%      3.85 GF/s  setup=0.000 s
fftw1d_custom            L=31  B=512   m=1     inner=294    min=     0.202 us/xform  median=     0.203  sd=  0.29%      3.79 GF/s  setup=0.000 s
fftw1d_custom            L=31  B=512   m=1     inner=312    min=     0.199 us/xform  median=     0.199  sd=  0.03%      3.87 GF/s  setup=0.000 s
fftw1d_custom            L=31  B=512   m=1     inner=384    min=     0.163 us/xform  median=     0.165  sd= 10.16%      4.71 GF/s  setup=0.000 s
fftw1d_custom_soa        L=31  B=512   m=1     inner=730    min=     0.108 us/xform  median=     0.114  sd=  2.16%      7.11 GF/s  setup=0.000 s
fftw1d_custom_soa        L=31  B=512   m=1     inner=668    min=     0.114 us/xform  median=     0.114  sd=  0.04%      6.76 GF/s  setup=0.000 s
fftw1d_custom_soa        L=31  B=512   m=1     inner=656    min=     0.117 us/xform  median=     0.118  sd=  0.24%      6.54 GF/s  setup=0.000 s
fftw1d_custom_soa        L=31  B=512   m=1     inner=273    min=     0.093 us/xform  median=     0.094  sd=  5.04%      8.25 GF/s  setup=0.000 s
fftw1d_custom_soa        L=31  B=512   m=1     inner=590    min=     0.106 us/xform  median=     0.111  sd=  1.80%      7.24 GF/s  setup=0.000 s
fftw1d_custom_soa        L=31  B=512   m=1     inner=528    min=     0.116 us/xform  median=     0.116  sd=  0.28%      6.63 GF/s  setup=0.000 s
fftw1d_custom_soa        L=31  B=512   m=1     inner=664    min=     0.117 us/xform  median=     0.117  sd=  0.03%      6.59 GF/s  setup=0.000 s
fftw1d_custom_soa        L=31  B=512   m=1     inner=648    min=     0.095 us/xform  median=     0.118  sd=  9.59%      8.09 GF/s  setup=0.000 s
fftw1d_custom_soa        L=31  B=512   m=1     inner=590    min=     0.094 us/xform  median=     0.094  sd=  0.02%      8.21 GF/s  setup=0.000 s
fftw1d_estimate          L=31  B=512   m=1     inner=143    min=     0.264 us/xform  median=     0.264  sd=  1.59%      2.91 GF/s  setup=0.001 s
fftw1d_estimate          L=31  B=512   m=1     inner=184    min=     0.318 us/xform  median=     0.319  sd=  0.09%      2.41 GF/s  setup=0.001 s
fftw1d_estimate          L=31  B=512   m=1     inner=192    min=     0.263 us/xform  median=     0.264  sd=  0.25%      2.92 GF/s  setup=0.001 s
fftw1d_estimate          L=31  B=512   m=1     inner=286    min=     0.263 us/xform  median=     0.264  sd=  0.09%      2.92 GF/s  setup=0.001 s
fftw1d_estimate          L=31  B=512   m=1     inner=286    min=     0.263 us/xform  median=     0.264  sd=  0.09%      2.92 GF/s  setup=0.001 s
fftw1d_estimate          L=31  B=512   m=1     inner=184    min=     0.318 us/xform  median=     0.319  sd=  0.09%      2.42 GF/s  setup=0.001 s
fftw1d_estimate          L=31  B=512   m=1     inner=184    min=     0.264 us/xform  median=     0.264  sd=  0.05%      2.91 GF/s  setup=0.001 s
fftw1d_estimate          L=31  B=512   m=1     inner=192    min=     0.318 us/xform  median=     0.319  sd=  0.11%      2.42 GF/s  setup=0.001 s
fftw1d_estimate          L=31  B=512   m=1     inner=184    min=     0.319 us/xform  median=     0.319  sd=  0.01%      2.41 GF/s  setup=0.001 s
fftw1d_measure           L=31  B=512   m=1     inner=242    min=     0.318 us/xform  median=     0.319  sd=  0.09%      2.42 GF/s  setup=0.043 s
fftw1d_measure           L=31  B=512   m=1     inner=276    min=     0.263 us/xform  median=     0.264  sd=  0.27%      2.92 GF/s  setup=0.043 s
fftw1d_measure           L=31  B=512   m=1     inner=276    min=     0.263 us/xform  median=     0.264  sd=  0.11%      2.92 GF/s  setup=0.042 s
fftw1d_measure           L=31  B=512   m=1     inner=244    min=     0.318 us/xform  median=     0.319  sd=  0.10%      2.42 GF/s  setup=0.042 s
fftw1d_measure           L=31  B=512   m=1     inner=228    min=     0.264 us/xform  median=     0.319  sd=  8.03%      2.91 GF/s  setup=0.043 s
fftw1d_measure           L=31  B=512   m=1     inner=244    min=     0.318 us/xform  median=     0.319  sd=  0.10%      2.42 GF/s  setup=0.043 s
fftw1d_measure           L=31  B=512   m=1     inner=244    min=     0.318 us/xform  median=     0.319  sd=  0.10%      2.42 GF/s  setup=0.042 s
fftw1d_measure           L=31  B=512   m=1     inner=276    min=     0.263 us/xform  median=     0.264  sd=  0.10%      2.92 GF/s  setup=0.043 s
fftw1d_measure           L=31  B=512   m=1     inner=276    min=     0.263 us/xform  median=     0.264  sd=  0.09%      2.92 GF/s  setup=0.041 s
fftw1d_patient           L=31  B=512   m=1     inner=242    min=     0.318 us/xform  median=     0.319  sd=  0.08%      2.41 GF/s  setup=0.120 s
fftw1d_patient           L=31  B=512   m=1     inner=244    min=     0.318 us/xform  median=     0.319  sd=  0.23%      2.41 GF/s  setup=0.121 s
fftw1d_patient           L=31  B=512   m=1     inner=294    min=     0.263 us/xform  median=     0.264  sd=  0.10%      2.92 GF/s  setup=0.120 s
fftw1d_patient           L=31  B=512   m=1     inner=280    min=     0.263 us/xform  median=     0.264  sd=  0.10%      2.92 GF/s  setup=0.119 s
fftw1d_patient           L=31  B=512   m=1     inner=278    min=     0.266 us/xform  median=     0.267  sd=  0.12%      2.89 GF/s  setup=0.119 s
fftw1d_patient           L=31  B=512   m=1     inner=236    min=     0.318 us/xform  median=     0.319  sd=  0.09%      2.42 GF/s  setup=0.120 s
fftw1d_patient           L=31  B=512   m=1     inner=196    min=     0.385 us/xform  median=     0.385  sd=  0.04%      2.00 GF/s  setup=0.122 s
fftw1d_patient           L=31  B=512   m=1     inner=242    min=     0.318 us/xform  median=     0.319  sd=  0.22%      2.41 GF/s  setup=0.121 s
fftw1d_patient           L=31  B=512   m=1     inner=244    min=     0.318 us/xform  median=     0.319  sd=  0.10%      2.42 GF/s  setup=0.120 s
mkl1d_dfti               L=31  B=512   m=1     inner=176    min=     0.274 us/xform  median=     0.274  sd=  0.36%      2.80 GF/s  setup=0.047 s
mkl1d_dfti               L=31  B=512   m=1     inner=284    min=     0.274 us/xform  median=     0.274  sd=  0.03%      2.81 GF/s  setup=0.014 s
mkl1d_dfti               L=31  B=512   m=1     inner=284    min=     0.274 us/xform  median=     0.274  sd=  0.03%      2.81 GF/s  setup=0.037 s
mkl1d_dfti               L=31  B=512   m=1     inner=284    min=     0.274 us/xform  median=     0.274  sd=  0.04%      2.80 GF/s  setup=0.033 s
mkl1d_dfti               L=31  B=512   m=1     inner=284    min=     0.227 us/xform  median=     0.274  sd=  8.85%      3.39 GF/s  setup=0.037 s
mkl1d_dfti               L=31  B=512   m=1     inner=324    min=     0.227 us/xform  median=     0.227  sd=  0.02%      3.39 GF/s  setup=0.033 s
mkl1d_dfti               L=31  B=512   m=1     inner=324    min=     0.227 us/xform  median=     0.227  sd=  0.04%      3.39 GF/s  setup=0.014 s
mkl1d_dfti               L=31  B=512   m=1     inner=324    min=     0.227 us/xform  median=     0.227  sd=  0.03%      3.39 GF/s  setup=0.014 s
mkl1d_dfti               L=31  B=512   m=1     inner=324    min=     0.227 us/xform  median=     0.227  sd=  0.04%      3.39 GF/s  setup=0.014 s
baseline_dft             L=32  B=512   m=1     inner=28     min=     2.124 us/xform  median=     2.124  sd=  0.01%      0.38 GF/s  setup=0.000 s
baseline_dft             L=32  B=512   m=1     inner=36     min=     2.124 us/xform  median=     2.125  sd=  0.02%      0.38 GF/s  setup=0.000 s
baseline_dft             L=32  B=512   m=1     inner=36     min=     2.124 us/xform  median=     2.124  sd=  0.01%      0.38 GF/s  setup=0.000 s
baseline_dft             L=32  B=512   m=1     inner=36     min=     2.124 us/xform  median=     2.125  sd=  0.01%      0.38 GF/s  setup=0.000 s
baseline_dft             L=32  B=512   m=1     inner=28     min=     2.124 us/xform  median=     2.125  sd=  0.02%      0.38 GF/s  setup=0.000 s
baseline_dft             L=32  B=512   m=1     inner=30     min=     2.124 us/xform  median=     2.124  sd=  0.02%      0.38 GF/s  setup=0.000 s
baseline_dft             L=32  B=512   m=1     inner=36     min=     2.124 us/xform  median=     2.124  sd=  0.01%      0.38 GF/s  setup=0.000 s
baseline_dft             L=32  B=512   m=1     inner=28     min=     2.124 us/xform  median=     2.124  sd=  0.24%      0.38 GF/s  setup=0.000 s
baseline_dft             L=32  B=512   m=1     inner=30     min=     2.124 us/xform  median=     2.124  sd=  0.01%      0.38 GF/s  setup=0.000 s
d1_batchlane             L=32  B=512   m=1     inner=4416   min=     0.018 us/xform  median=     0.018  sd=  0.02%     45.35 GF/s  setup=0.000 s
d1_batchlane             L=32  B=512   m=1     inner=4380   min=     0.018 us/xform  median=     0.018  sd=  0.01%     45.36 GF/s  setup=0.000 s
d1_batchlane             L=32  B=512   m=1     inner=3338   min=     0.018 us/xform  median=     0.018  sd=  0.02%     45.38 GF/s  setup=0.000 s
d1_batchlane             L=32  B=512   m=1     inner=2184   min=     0.018 us/xform  median=     0.018  sd=  0.03%     45.36 GF/s  setup=0.000 s
d1_batchlane             L=32  B=512   m=1     inner=3330   min=     0.018 us/xform  median=     0.018  sd=  0.02%     45.37 GF/s  setup=0.000 s
d1_batchlane             L=32  B=512   m=1     inner=3742   min=     0.018 us/xform  median=     0.018  sd=  0.01%     45.35 GF/s  setup=0.000 s
d1_batchlane             L=32  B=512   m=1     inner=4038   min=     0.018 us/xform  median=     0.018  sd=  0.01%     45.35 GF/s  setup=0.000 s
d1_batchlane             L=32  B=512   m=1     inner=3488   min=     0.018 us/xform  median=     0.018  sd=  0.02%     45.38 GF/s  setup=0.000 s
d1_batchlane             L=32  B=512   m=1     inner=3344   min=     0.018 us/xform  median=     0.018  sd=  0.01%     45.35 GF/s  setup=0.000 s
d1_bluestein             L=32  B=512   m=1     inner=392    min=     0.100 us/xform  median=     0.100  sd=  0.16%      8.03 GF/s  setup=0.001 s
d1_bluestein             L=32  B=512   m=1     inner=604    min=     0.102 us/xform  median=     0.103  sd=  0.07%      7.81 GF/s  setup=0.001 s
d1_bluestein             L=32  B=512   m=1     inner=812    min=     0.095 us/xform  median=     0.095  sd=  0.09%      8.40 GF/s  setup=0.001 s
d1_bluestein             L=32  B=512   m=1     inner=810    min=     0.094 us/xform  median=     0.095  sd=  0.56%      8.55 GF/s  setup=0.001 s
d1_bluestein             L=32  B=512   m=1     inner=610    min=     0.101 us/xform  median=     0.101  sd=  0.28%      7.89 GF/s  setup=0.001 s
d1_bluestein             L=32  B=512   m=1     inner=552    min=     0.112 us/xform  median=     0.112  sd=  0.07%      7.14 GF/s  setup=0.001 s
d1_bluestein             L=32  B=512   m=1     inner=552    min=     0.094 us/xform  median=     0.094  sd=  0.08%      8.50 GF/s  setup=0.001 s
d1_bluestein             L=32  B=512   m=1     inner=622    min=     0.100 us/xform  median=     0.100  sd=  0.20%      8.03 GF/s  setup=0.001 s
d1_bluestein             L=32  B=512   m=1     inner=654    min=     0.094 us/xform  median=     0.095  sd=  0.13%      8.47 GF/s  setup=0.001 s
d1_planner               L=32  B=512   m=1     inner=4452   min=     0.017 us/xform  median=     0.017  sd=  0.03%     45.77 GF/s  setup=0.000 s
d1_planner               L=32  B=512   m=1     inner=3364   min=     0.015 us/xform  median=     0.015  sd=  0.02%     52.14 GF/s  setup=0.000 s
d1_planner               L=32  B=512   m=1     inner=3342   min=     0.017 us/xform  median=     0.017  sd=  0.01%     45.78 GF/s  setup=0.000 s
d1_planner               L=32  B=512   m=1     inner=4418   min=     0.017 us/xform  median=     0.017  sd=  0.02%     45.79 GF/s  setup=0.000 s
d1_planner               L=32  B=512   m=1     inner=3508   min=     0.017 us/xform  median=     0.017  sd=  0.03%     45.78 GF/s  setup=0.000 s
d1_planner               L=32  B=512   m=1     inner=3362   min=     0.017 us/xform  median=     0.017  sd=  0.01%     45.79 GF/s  setup=0.000 s
d1_planner               L=32  B=512   m=1     inner=3362   min=     0.017 us/xform  median=     0.017  sd=  0.02%     45.83 GF/s  setup=0.000 s
d1_planner               L=32  B=512   m=1     inner=3506   min=     0.017 us/xform  median=     0.017  sd=  0.02%     45.79 GF/s  setup=0.000 s
d1_planner               L=32  B=512   m=1     inner=3344   min=     0.015 us/xform  median=     0.015  sd=  0.01%     52.08 GF/s  setup=0.000 s
d1_pow2                  L=32  B=512   m=1     inner=4414   min=     0.018 us/xform  median=     0.018  sd=  0.06%     45.52 GF/s  setup=0.000 s
d1_pow2                  L=32  B=512   m=1     inner=3494   min=     0.018 us/xform  median=     0.018  sd=  0.06%     45.52 GF/s  setup=0.001 s
d1_pow2                  L=32  B=512   m=1     inner=3490   min=     0.018 us/xform  median=     0.018  sd=  0.09%     45.53 GF/s  setup=0.000 s
d1_pow2                  L=32  B=512   m=1     inner=3326   min=     0.018 us/xform  median=     0.018  sd=  0.32%     45.52 GF/s  setup=0.001 s
d1_pow2                  L=32  B=512   m=1     inner=4422   min=     0.018 us/xform  median=     0.018  sd=  0.06%     45.50 GF/s  setup=0.000 s
d1_pow2                  L=32  B=512   m=1     inner=3492   min=     0.018 us/xform  median=     0.018  sd=  0.08%     45.52 GF/s  setup=0.000 s
d1_pow2                  L=32  B=512   m=1     inner=3334   min=     0.015 us/xform  median=     0.015  sd=  0.06%     51.81 GF/s  setup=0.000 s
d1_pow2                  L=32  B=512   m=1     inner=3476   min=     0.018 us/xform  median=     0.018  sd=  0.06%     45.52 GF/s  setup=0.000 s
d1_pow2                  L=32  B=512   m=1     inner=3474   min=     0.018 us/xform  median=     0.018  sd=  0.06%     45.52 GF/s  setup=0.000 s
d1_race                  L=32  B=512   m=1     inner=2174   min=     0.018 us/xform  median=     0.018  sd=  0.14%     45.51 GF/s  setup=0.007 s
d1_race                  L=32  B=512   m=1     inner=3478   min=     0.018 us/xform  median=     0.018  sd=  0.07%     45.49 GF/s  setup=0.012 s
d1_race                  L=32  B=512   m=1     inner=3316   min=     0.018 us/xform  median=     0.018  sd=  0.05%     45.48 GF/s  setup=0.014 s
d1_race                  L=32  B=512   m=1     inner=4370   min=     0.018 us/xform  median=     0.018  sd=  0.05%     45.52 GF/s  setup=0.011 s
d1_race                  L=32  B=512   m=1     inner=3334   min=     0.018 us/xform  median=     0.018  sd=  0.07%     45.50 GF/s  setup=0.011 s
d1_race                  L=32  B=512   m=1     inner=3480   min=     0.018 us/xform  median=     0.018  sd=  0.06%     45.48 GF/s  setup=0.013 s
d1_race                  L=32  B=512   m=1     inner=4388   min=     0.018 us/xform  median=     0.018  sd=  0.05%     45.49 GF/s  setup=0.011 s
d1_race                  L=32  B=512   m=1     inner=3484   min=     0.018 us/xform  median=     0.018  sd=  0.03%     45.46 GF/s  setup=0.011 s
d1_race                  L=32  B=512   m=1     inner=3484   min=     0.018 us/xform  median=     0.018  sd=  0.08%     45.50 GF/s  setup=0.011 s
d1_twiddle               L=32  B=512   m=1     inner=4436   min=     0.017 us/xform  median=     0.017  sd=  0.14%     45.96 GF/s  setup=0.000 s
d1_twiddle               L=32  B=512   m=1     inner=3344   min=     0.017 us/xform  median=     0.017  sd=  0.18%     45.96 GF/s  setup=0.000 s
d1_twiddle               L=32  B=512   m=1     inner=4446   min=     0.017 us/xform  median=     0.017  sd=  0.22%     46.11 GF/s  setup=0.000 s
d1_twiddle               L=32  B=512   m=1     inner=2217   min=     0.017 us/xform  median=     0.017  sd=  0.23%     46.02 GF/s  setup=0.000 s
d1_twiddle               L=32  B=512   m=1     inner=3492   min=     0.017 us/xform  median=     0.017  sd=  0.16%     46.08 GF/s  setup=0.000 s
d1_twiddle               L=32  B=512   m=1     inner=4410   min=     0.017 us/xform  median=     0.017  sd=  0.16%     46.13 GF/s  setup=0.000 s
d1_twiddle               L=32  B=512   m=1     inner=3362   min=     0.017 us/xform  median=     0.017  sd=  0.21%     46.09 GF/s  setup=0.000 s
d1_twiddle               L=32  B=512   m=1     inner=3376   min=     0.017 us/xform  median=     0.017  sd=  0.21%     46.17 GF/s  setup=0.000 s
d1_twiddle               L=32  B=512   m=1     inner=3488   min=     0.017 us/xform  median=     0.017  sd=  0.21%     46.20 GF/s  setup=0.000 s
fftw1d_custom            L=32  B=512   m=1     inner=336    min=     0.115 us/xform  median=     0.116  sd=  0.08%      6.93 GF/s  setup=0.000 s
fftw1d_custom            L=32  B=512   m=1     inner=692    min=     0.112 us/xform  median=     0.112  sd=  0.01%      7.15 GF/s  setup=0.000 s
fftw1d_custom            L=32  B=512   m=1     inner=694    min=     0.088 us/xform  median=     0.099  sd= 10.93%      9.05 GF/s  setup=0.000 s
fftw1d_custom            L=32  B=512   m=1     inner=878    min=     0.088 us/xform  median=     0.089  sd=  0.01%      9.04 GF/s  setup=0.000 s
fftw1d_custom            L=32  B=512   m=1     inner=850    min=     0.089 us/xform  median=     0.089  sd=  0.01%      9.02 GF/s  setup=0.000 s
fftw1d_custom            L=32  B=512   m=1     inner=574    min=     0.089 us/xform  median=     0.089  sd=  0.04%      9.03 GF/s  setup=0.000 s
fftw1d_custom            L=32  B=512   m=1     inner=878    min=     0.088 us/xform  median=     0.088  sd=  0.03%      9.07 GF/s  setup=0.000 s
fftw1d_custom            L=32  B=512   m=1     inner=570    min=     0.108 us/xform  median=     0.112  sd=  1.38%      7.41 GF/s  setup=0.000 s
fftw1d_custom            L=32  B=512   m=1     inner=818    min=     0.089 us/xform  median=     0.089  sd=  0.45%      9.02 GF/s  setup=0.000 s
fftw1d_custom_soa        L=32  B=512   m=1     inner=499    min=     0.078 us/xform  median=     0.078  sd=  2.58%     10.29 GF/s  setup=0.000 s
fftw1d_custom_soa        L=32  B=512   m=1     inner=656    min=     0.092 us/xform  median=     0.099  sd=  3.14%      8.74 GF/s  setup=0.000 s
fftw1d_custom_soa        L=32  B=512   m=1     inner=640    min=     0.079 us/xform  median=     0.079  sd=  1.26%     10.07 GF/s  setup=0.000 s
fftw1d_custom_soa        L=32  B=512   m=1     inner=676    min=     0.088 us/xform  median=     0.090  sd=  1.93%      9.06 GF/s  setup=0.000 s
fftw1d_custom_soa        L=32  B=512   m=1     inner=832    min=     0.080 us/xform  median=     0.080  sd=  1.16%      9.95 GF/s  setup=0.000 s
fftw1d_custom_soa        L=32  B=512   m=1     inner=682    min=     0.086 us/xform  median=     0.088  sd=  0.50%      9.26 GF/s  setup=0.000 s
fftw1d_custom_soa        L=32  B=512   m=1     inner=610    min=     0.099 us/xform  median=     0.100  sd=  0.05%      8.04 GF/s  setup=0.000 s
fftw1d_custom_soa        L=32  B=512   m=1     inner=600    min=     0.098 us/xform  median=     0.098  sd=  0.30%      8.19 GF/s  setup=0.000 s
fftw1d_custom_soa        L=32  B=512   m=1     inner=592    min=     0.104 us/xform  median=     0.104  sd=  0.08%      7.70 GF/s  setup=0.000 s
fftw1d_estimate          L=32  B=512   m=1     inner=872    min=     0.089 us/xform  median=     0.090  sd=  0.25%      8.96 GF/s  setup=0.001 s
fftw1d_estimate          L=32  B=512   m=1     inner=604    min=     0.101 us/xform  median=     0.102  sd=  0.11%      7.89 GF/s  setup=0.001 s
fftw1d_estimate          L=32  B=512   m=1     inner=764    min=     0.089 us/xform  median=     0.102  sd=  4.94%      8.96 GF/s  setup=0.001 s
fftw1d_estimate          L=32  B=512   m=1     inner=870    min=     0.089 us/xform  median=     0.089  sd=  0.03%      9.02 GF/s  setup=0.001 s
fftw1d_estimate          L=32  B=512   m=1     inner=614    min=     0.089 us/xform  median=     0.089  sd=  0.07%      8.97 GF/s  setup=0.001 s
fftw1d_estimate          L=32  B=512   m=1     inner=439    min=     0.088 us/xform  median=     0.089  sd=  1.03%      9.05 GF/s  setup=0.000 s
fftw1d_estimate          L=32  B=512   m=1     inner=614    min=     0.089 us/xform  median=     0.089  sd=  0.04%      8.99 GF/s  setup=0.001 s
fftw1d_estimate          L=32  B=512   m=1     inner=878    min=     0.089 us/xform  median=     0.089  sd=  0.23%      9.01 GF/s  setup=0.000 s
fftw1d_estimate          L=32  B=512   m=1     inner=580    min=     0.090 us/xform  median=     0.090  sd=  0.17%      8.92 GF/s  setup=0.001 s
fftw1d_measure           L=32  B=512   m=1     inner=2432   min=     0.030 us/xform  median=     0.030  sd=  0.02%     26.67 GF/s  setup=0.010 s
fftw1d_measure           L=32  B=512   m=1     inner=2664   min=     0.029 us/xform  median=     0.029  sd=  0.03%     27.59 GF/s  setup=0.010 s
fftw1d_measure           L=32  B=512   m=1     inner=2454   min=     0.026 us/xform  median=     0.028  sd=  6.49%     31.24 GF/s  setup=0.010 s
fftw1d_measure           L=32  B=512   m=1     inner=2074   min=     0.025 us/xform  median=     0.025  sd=  0.03%     31.76 GF/s  setup=0.011 s
fftw1d_measure           L=32  B=512   m=1     inner=2220   min=     0.025 us/xform  median=     0.025  sd=  0.03%     32.27 GF/s  setup=0.010 s
fftw1d_measure           L=32  B=512   m=1     inner=1106   min=     0.025 us/xform  median=     0.025  sd=  1.38%     32.27 GF/s  setup=0.010 s
fftw1d_measure           L=32  B=512   m=1     inner=2116   min=     0.026 us/xform  median=     0.026  sd=  0.06%     30.90 GF/s  setup=0.010 s
fftw1d_measure           L=32  B=512   m=1     inner=2922   min=     0.025 us/xform  median=     0.025  sd=  0.02%     31.56 GF/s  setup=0.009 s
fftw1d_measure           L=32  B=512   m=1     inner=2050   min=     0.026 us/xform  median=     0.026  sd=  0.02%     30.42 GF/s  setup=0.010 s
fftw1d_patient           L=32  B=512   m=1     inner=2926   min=     0.025 us/xform  median=     0.025  sd=  0.03%     32.00 GF/s  setup=0.057 s
fftw1d_patient           L=32  B=512   m=1     inner=2816   min=     0.026 us/xform  median=     0.026  sd=  0.04%     30.54 GF/s  setup=0.055 s
fftw1d_patient           L=32  B=512   m=1     inner=2842   min=     0.026 us/xform  median=     0.026  sd=  0.02%     31.23 GF/s  setup=0.055 s
fftw1d_patient           L=32  B=512   m=1     inner=2778   min=     0.026 us/xform  median=     0.026  sd=  0.02%     30.75 GF/s  setup=0.060 s
fftw1d_patient           L=32  B=512   m=1     inner=2868   min=     0.026 us/xform  median=     0.026  sd=  0.02%     31.24 GF/s  setup=0.060 s
fftw1d_patient           L=32  B=512   m=1     inner=2808   min=     0.027 us/xform  median=     0.027  sd=  0.05%     29.93 GF/s  setup=0.055 s
fftw1d_patient           L=32  B=512   m=1     inner=2916   min=     0.025 us/xform  median=     0.025  sd=  0.02%     32.15 GF/s  setup=0.061 s
fftw1d_patient           L=32  B=512   m=1     inner=2566   min=     0.028 us/xform  median=     0.028  sd=  0.03%     28.20 GF/s  setup=0.063 s
fftw1d_patient           L=32  B=512   m=1     inner=2676   min=     0.025 us/xform  median=     0.025  sd=  0.03%     32.25 GF/s  setup=0.061 s
mkl1d_dfti               L=32  B=512   m=1     inner=4446   min=     0.017 us/xform  median=     0.017  sd=  0.02%     45.99 GF/s  setup=0.002 s
mkl1d_dfti               L=32  B=512   m=1     inner=3518   min=     0.015 us/xform  median=     0.015  sd=  0.01%     52.30 GF/s  setup=0.002 s
mkl1d_dfti               L=32  B=512   m=1     inner=3526   min=     0.017 us/xform  median=     0.017  sd=  0.01%     45.99 GF/s  setup=0.002 s
mkl1d_dfti               L=32  B=512   m=1     inner=3682   min=     0.015 us/xform  median=     0.015  sd=  0.01%     52.34 GF/s  setup=0.002 s
mkl1d_dfti               L=32  B=512   m=1     inner=5058   min=     0.015 us/xform  median=     0.015  sd=  0.01%     52.34 GF/s  setup=0.001 s
mkl1d_dfti               L=32  B=512   m=1     inner=3396   min=     0.015 us/xform  median=     0.015  sd=  0.01%     52.34 GF/s  setup=0.001 s
mkl1d_dfti               L=32  B=512   m=1     inner=3534   min=     0.017 us/xform  median=     0.017  sd=  0.02%     45.97 GF/s  setup=0.002 s
mkl1d_dfti               L=32  B=512   m=1     inner=3508   min=     0.015 us/xform  median=     0.015  sd=  0.01%     52.31 GF/s  setup=0.002 s
mkl1d_dfti               L=32  B=512   m=1     inner=5062   min=     0.015 us/xform  median=     0.015  sd=  0.00%     52.31 GF/s  setup=0.001 s
   skipping baseline_dft at L=16384 B=1 (too expensive to be informative)
d1_bluestein             L=16384 B=1     m=250   inner=1      min=   109.985 us/xform  median=   110.051  sd=  0.03%     10.43 GF/s  setup=0.003 s
d1_bluestein             L=16384 B=1     m=250   inner=1      min=   137.904 us/xform  median=   137.970  sd=  0.05%      8.32 GF/s  setup=0.004 s
d1_bluestein             L=16384 B=1     m=250   inner=1      min=   138.698 us/xform  median=   138.767  sd=  0.03%      8.27 GF/s  setup=0.004 s
d1_bluestein             L=16384 B=1     m=2     inner=6      min=   138.353 us/xform  median=   138.353  sd=  0.00%      8.29 GF/s  setup=0.004 s
d1_planner               L=16384 B=1     m=250   inner=2      min=    64.005 us/xform  median=    67.612  sd=  1.63%     17.92 GF/s  setup=0.003 s
d1_planner               L=16384 B=1     m=250   inner=2      min=    53.176 us/xform  median=    53.198  sd=  0.02%     21.57 GF/s  setup=0.003 s
d1_planner               L=16384 B=1     m=250   inner=2      min=    62.907 us/xform  median=    64.318  sd=  0.64%     18.23 GF/s  setup=0.003 s
d1_planner               L=16384 B=1     m=2     inner=8      min=    99.556 us/xform  median=    99.556  sd=  0.00%     11.52 GF/s  setup=0.003 s
d1_pow2                  L=16384 B=1     m=250   inner=2      min=    60.341 us/xform  median=    60.628  sd=  0.14%     19.01 GF/s  setup=0.003 s
d1_pow2                  L=16384 B=1     m=250   inner=2      min=    48.300 us/xform  median=    48.345  sd=  0.22%     23.74 GF/s  setup=0.004 s
d1_pow2                  L=16384 B=1     m=250   inner=2      min=    49.263 us/xform  median=    49.341  sd=  0.06%     23.28 GF/s  setup=0.004 s
d1_pow2                  L=16384 B=1     m=2     inner=12     min=    68.407 us/xform  median=    68.407  sd=  0.00%     16.77 GF/s  setup=0.003 s
d1_race                  L=16384 B=1     m=250   inner=2      min=    49.593 us/xform  median=    49.740  sd=  0.22%     23.13 GF/s  setup=1.221 s
d1_race                  L=16384 B=1     m=250   inner=2      min=    61.908 us/xform  median=    61.980  sd=  0.08%     18.53 GF/s  setup=0.011 s
d1_race                  L=16384 B=1     m=250   inner=2      min=    49.268 us/xform  median=    49.310  sd=  0.09%     23.28 GF/s  setup=0.011 s
d1_race                  L=16384 B=1     m=2     inner=14     min=    66.226 us/xform  median=    66.226  sd=  0.00%     17.32 GF/s  setup=0.010 s
d1_twiddle               L=16384 B=1     m=250   inner=2      min=    54.951 us/xform  median=    54.965  sd=  0.63%     20.87 GF/s  setup=0.001 s
d1_twiddle               L=16384 B=1     m=250   inner=2      min=    54.105 us/xform  median=    54.119  sd=  0.03%     21.20 GF/s  setup=0.000 s
d1_twiddle               L=16384 B=1     m=250   inner=2      min=    60.935 us/xform  median=    61.007  sd=  0.04%     18.82 GF/s  setup=0.001 s
d1_twiddle               L=16384 B=1     m=2     inner=14     min=    64.870 us/xform  median=    64.870  sd=  0.00%     17.68 GF/s  setup=0.001 s
fftw1d_estimate          L=16384 B=1     m=250   inner=1      min=   119.853 us/xform  median=   119.867  sd=  0.30%      9.57 GF/s  setup=0.001 s
fftw1d_estimate          L=16384 B=1     m=250   inner=1      min=   135.677 us/xform  median=   135.707  sd=  0.01%      8.45 GF/s  setup=0.001 s
fftw1d_estimate          L=16384 B=1     m=250   inner=1      min=   119.893 us/xform  median=   119.906  sd=  0.01%      9.57 GF/s  setup=0.001 s
fftw1d_estimate          L=16384 B=1     m=2     inner=6      min=   140.230 us/xform  median=   140.230  sd=  0.00%      8.18 GF/s  setup=0.001 s
fftw1d_measure           L=16384 B=1     m=250   inner=1      min=    85.719 us/xform  median=    85.739  sd=  0.02%     13.38 GF/s  setup=0.562 s
fftw1d_measure           L=16384 B=1     m=250   inner=1      min=    86.012 us/xform  median=    86.033  sd=  0.01%     13.33 GF/s  setup=0.573 s
fftw1d_measure           L=16384 B=1     m=250   inner=1      min=    97.818 us/xform  median=    97.857  sd=  0.04%     11.72 GF/s  setup=0.620 s
fftw1d_measure           L=16384 B=1     m=2     inner=10     min=    89.737 us/xform  median=    89.737  sd=  0.00%     12.78 GF/s  setup=0.566 s
fftw1d_patient           L=16384 B=1     m=250   inner=1      min=    82.181 us/xform  median=    82.205  sd=  0.02%     13.96 GF/s  setup=6.260 s
fftw1d_patient           L=16384 B=1     m=250   inner=1      min=    83.398 us/xform  median=    83.412  sd=  0.01%     13.75 GF/s  setup=6.384 s
fftw1d_patient           L=16384 B=1     m=250   inner=1      min=    82.178 us/xform  median=    82.191  sd=  0.01%     13.96 GF/s  setup=6.390 s
fftw1d_patient           L=16384 B=1     m=2     inner=10     min=    85.830 us/xform  median=    85.830  sd=  0.00%     13.36 GF/s  setup=6.256 s
mkl1d_dfti               L=16384 B=1     m=250   inner=1      min=    97.805 us/xform  median=   103.835  sd=  2.00%     11.73 GF/s  setup=0.002 s
mkl1d_dfti               L=16384 B=1     m=250   inner=1      min=   105.348 us/xform  median=   105.413  sd=  0.06%     10.89 GF/s  setup=0.002 s
mkl1d_dfti               L=16384 B=1     m=250   inner=1      min=   103.310 us/xform  median=   103.359  sd=  0.03%     11.10 GF/s  setup=0.003 s
mkl1d_dfti               L=16384 B=1     m=2     inner=8      min=   106.104 us/xform  median=   106.104  sd=  0.00%     10.81 GF/s  setup=0.003 s
baseline_dft             L=128 B=1     m=1     inner=1172   min=    33.934 us/xform  median=    33.935  sd=  0.01%      0.13 GF/s  setup=0.001 s
baseline_dft             L=128 B=1     m=1     inner=1174   min=    33.934 us/xform  median=    33.936  sd=  0.01%      0.13 GF/s  setup=0.001 s
baseline_dft             L=128 B=1     m=1     inner=892    min=    33.933 us/xform  median=    33.936  sd=  0.01%      0.13 GF/s  setup=0.001 s
baseline_dft             L=128 B=1     m=1     inner=932    min=    33.933 us/xform  median=    33.936  sd=  0.02%      0.13 GF/s  setup=0.001 s
baseline_dft             L=128 B=1     m=1     inner=932    min=    33.934 us/xform  median=    33.936  sd=  0.02%      0.13 GF/s  setup=0.001 s
baseline_dft             L=128 B=1     m=1     inner=932    min=    33.934 us/xform  median=    33.939  sd=  0.01%      0.13 GF/s  setup=0.001 s
baseline_dft             L=128 B=1     m=1     inner=890    min=    33.934 us/xform  median=    33.939  sd=  0.02%      0.13 GF/s  setup=0.001 s
baseline_dft             L=128 B=1     m=1     inner=932    min=    33.934 us/xform  median=    33.937  sd=  0.03%      0.13 GF/s  setup=0.001 s
baseline_dft             L=128 B=1     m=1     inner=1174   min=    33.934 us/xform  median=    33.935  sd=  0.02%      0.13 GF/s  setup=0.001 s
d1_batchlane             L=128 B=1     m=1     inner=357484 min=     0.110 us/xform  median=     0.111  sd=  0.10%     40.56 GF/s  setup=0.000 s
d1_batchlane             L=128 B=1     m=1     inner=282504 min=     0.111 us/xform  median=     0.111  sd=  0.11%     40.54 GF/s  setup=0.000 s
d1_batchlane             L=128 B=1     m=1     inner=356956 min=     0.111 us/xform  median=     0.111  sd=  0.04%     40.47 GF/s  setup=0.000 s
d1_batchlane             L=128 B=1     m=1     inner=357418 min=     0.111 us/xform  median=     0.111  sd=  0.13%     40.45 GF/s  setup=0.000 s
d1_batchlane             L=128 B=1     m=1     inner=277708 min=     0.110 us/xform  median=     0.110  sd=  0.19%     40.65 GF/s  setup=0.000 s
d1_batchlane             L=128 B=1     m=1     inner=267468 min=     0.111 us/xform  median=     0.111  sd=  0.05%     40.41 GF/s  setup=0.000 s
d1_batchlane             L=128 B=1     m=1     inner=275108 min=     0.111 us/xform  median=     0.111  sd=  0.09%     40.53 GF/s  setup=0.000 s
d1_batchlane             L=128 B=1     m=1     inner=278030 min=     0.113 us/xform  median=     0.113  sd=  0.18%     39.63 GF/s  setup=0.000 s
d1_batchlane             L=128 B=1     m=1     inner=278198 min=     0.113 us/xform  median=     0.113  sd=  0.06%     39.60 GF/s  setup=0.000 s
d1_bluestein             L=128 B=1     m=1     inner=171740 min=     0.231 us/xform  median=     0.231  sd=  0.05%     19.43 GF/s  setup=0.001 s
d1_bluestein             L=128 B=1     m=1     inner=136410 min=     0.225 us/xform  median=     0.226  sd=  0.16%     19.87 GF/s  setup=0.001 s
d1_bluestein             L=128 B=1     m=1     inner=79144  min=     0.251 us/xform  median=     0.252  sd=  0.10%     17.82 GF/s  setup=0.001 s
d1_bluestein             L=128 B=1     m=1     inner=169168 min=     0.235 us/xform  median=     0.235  sd=  0.05%     19.05 GF/s  setup=0.001 s
d1_bluestein             L=128 B=1     m=1     inner=174576 min=     0.228 us/xform  median=     0.228  sd=  0.22%     19.66 GF/s  setup=0.001 s
d1_bluestein             L=128 B=1     m=1     inner=133762 min=     0.231 us/xform  median=     0.231  sd=  0.06%     19.43 GF/s  setup=0.001 s
d1_bluestein             L=128 B=1     m=1     inner=131814 min=     0.241 us/xform  median=     0.241  sd=  0.04%     18.62 GF/s  setup=0.001 s
d1_bluestein             L=128 B=1     m=1     inner=165376 min=     0.241 us/xform  median=     0.241  sd=  0.04%     18.61 GF/s  setup=0.001 s
d1_bluestein             L=128 B=1     m=1     inner=138164 min=     0.230 us/xform  median=     0.231  sd=  0.07%     19.46 GF/s  setup=0.001 s
d1_planner               L=128 B=1     m=1     inner=135521 min=     0.146 us/xform  median=     0.146  sd=  0.16%     30.70 GF/s  setup=0.000 s
d1_planner               L=128 B=1     m=1     inner=272002 min=     0.146 us/xform  median=     0.146  sd=  0.20%     30.78 GF/s  setup=0.000 s
d1_planner               L=128 B=1     m=1     inner=210634 min=     0.145 us/xform  median=     0.146  sd=  0.13%     30.82 GF/s  setup=0.000 s
d1_planner               L=128 B=1     m=1     inner=212466 min=     0.145 us/xform  median=     0.145  sd=  0.15%     30.84 GF/s  setup=0.000 s
d1_planner               L=128 B=1     m=1     inner=276714 min=     0.144 us/xform  median=     0.144  sd=  0.03%     31.22 GF/s  setup=0.000 s
d1_planner               L=128 B=1     m=1     inner=213910 min=     0.147 us/xform  median=     0.148  sd=  0.17%     30.41 GF/s  setup=0.000 s
d1_planner               L=128 B=1     m=1     inner=216134 min=     0.148 us/xform  median=     0.149  sd=  0.23%     30.23 GF/s  setup=0.000 s
d1_planner               L=128 B=1     m=1     inner=200630 min=     0.153 us/xform  median=     0.154  sd=  0.10%     29.19 GF/s  setup=0.000 s
d1_planner               L=128 B=1     m=1     inner=225456 min=     0.142 us/xform  median=     0.142  sd=  0.07%     31.54 GF/s  setup=0.000 s
d1_pow2                  L=128 B=1     m=1     inner=287642 min=     0.138 us/xform  median=     0.138  sd=  0.05%     32.40 GF/s  setup=0.001 s
d1_pow2                  L=128 B=1     m=1     inner=213330 min=     0.141 us/xform  median=     0.148  sd=  2.20%     31.67 GF/s  setup=0.001 s
d1_pow2                  L=128 B=1     m=1     inner=222682 min=     0.138 us/xform  median=     0.138  sd=  0.03%     32.40 GF/s  setup=0.000 s
d1_pow2                  L=128 B=1     m=1     inner=282912 min=     0.141 us/xform  median=     0.141  sd=  0.10%     31.88 GF/s  setup=0.000 s
d1_pow2                  L=128 B=1     m=1     inner=282782 min=     0.124 us/xform  median=     0.141  sd=  5.69%     36.26 GF/s  setup=0.000 s
d1_pow2                  L=128 B=1     m=1     inner=317802 min=     0.123 us/xform  median=     0.123  sd=  0.03%     36.43 GF/s  setup=0.000 s
d1_pow2                  L=128 B=1     m=1     inner=318184 min=     0.124 us/xform  median=     0.124  sd=  0.07%     36.23 GF/s  setup=0.000 s
d1_pow2                  L=128 B=1     m=1     inner=224164 min=     0.142 us/xform  median=     0.142  sd=  0.05%     31.64 GF/s  setup=0.000 s
d1_pow2                  L=128 B=1     m=1     inner=231150 min=     0.139 us/xform  median=     0.139  sd=  0.06%     32.30 GF/s  setup=0.001 s
d1_race                  L=128 B=1     m=1     inner=348936 min=     0.114 us/xform  median=     0.114  sd=  0.11%     39.41 GF/s  setup=0.072 s
d1_race                  L=128 B=1     m=1     inner=273646 min=     0.111 us/xform  median=     0.111  sd=  0.07%     40.25 GF/s  setup=0.008 s
d1_race                  L=128 B=1     m=1     inner=266148 min=     0.111 us/xform  median=     0.111  sd=  0.15%     40.33 GF/s  setup=0.008 s
d1_race                  L=128 B=1     m=1     inner=278120 min=     0.112 us/xform  median=     0.112  sd=  0.29%     40.17 GF/s  setup=0.010 s
d1_race                  L=128 B=1     m=1     inner=337456 min=     0.111 us/xform  median=     0.111  sd=  0.16%     40.38 GF/s  setup=0.007 s
d1_race                  L=128 B=1     m=1     inner=268450 min=     0.111 us/xform  median=     0.112  sd=  0.23%     40.26 GF/s  setup=0.009 s
d1_race                  L=128 B=1     m=1     inner=269550 min=     0.111 us/xform  median=     0.111  sd=  0.14%     40.41 GF/s  setup=0.011 s
d1_race                  L=128 B=1     m=1     inner=268502 min=     0.111 us/xform  median=     0.111  sd=  0.31%     40.29 GF/s  setup=0.008 s
d1_race                  L=128 B=1     m=1     inner=258448 min=     0.098 us/xform  median=     0.099  sd=  0.11%     45.58 GF/s  setup=0.007 s
d1_twiddle               L=128 B=1     m=1     inner=315862 min=     0.124 us/xform  median=     0.125  sd=  0.18%     36.04 GF/s  setup=0.000 s
d1_twiddle               L=128 B=1     m=1     inner=251242 min=     0.110 us/xform  median=     0.111  sd=  0.18%     40.63 GF/s  setup=0.000 s
d1_twiddle               L=128 B=1     m=1     inner=182674 min=     0.109 us/xform  median=     0.109  sd=  0.12%     41.05 GF/s  setup=0.000 s
d1_twiddle               L=128 B=1     m=1     inner=359440 min=     0.110 us/xform  median=     0.111  sd=  0.10%     40.59 GF/s  setup=0.000 s
d1_twiddle               L=128 B=1     m=1     inner=255804 min=     0.122 us/xform  median=     0.123  sd=  0.20%     36.67 GF/s  setup=0.000 s
d1_twiddle               L=128 B=1     m=1     inner=239724 min=     0.111 us/xform  median=     0.112  sd=  0.18%     40.24 GF/s  setup=0.000 s
d1_twiddle               L=128 B=1     m=1     inner=182588 min=     0.109 us/xform  median=     0.109  sd=  0.20%     41.18 GF/s  setup=0.000 s
d1_twiddle               L=128 B=1     m=1     inner=212894 min=     0.125 us/xform  median=     0.126  sd=  0.21%     35.84 GF/s  setup=0.000 s
d1_twiddle               L=128 B=1     m=1     inner=248012 min=     0.125 us/xform  median=     0.125  sd=  0.10%     35.94 GF/s  setup=0.000 s
fftw1d_custom            L=128 B=1     m=1     inner=39768  min=     0.772 us/xform  median=     0.773  sd=  0.02%      5.80 GF/s  setup=0.000 s
fftw1d_custom            L=128 B=1     m=1     inner=42148  min=     0.772 us/xform  median=     0.772  sd=  0.03%      5.80 GF/s  setup=0.000 s
fftw1d_custom            L=128 B=1     m=1     inner=42230  min=     0.772 us/xform  median=     0.772  sd=  0.03%      5.80 GF/s  setup=0.000 s
fftw1d_custom            L=128 B=1     m=1     inner=37008  min=     0.772 us/xform  median=     0.772  sd=  0.02%      5.80 GF/s  setup=0.000 s
fftw1d_custom            L=128 B=1     m=1     inner=46888  min=     0.772 us/xform  median=     0.772  sd=  0.02%      5.80 GF/s  setup=0.000 s
fftw1d_custom            L=128 B=1     m=1     inner=34482  min=     0.772 us/xform  median=     0.772  sd=  0.03%      5.80 GF/s  setup=0.000 s
fftw1d_custom            L=128 B=1     m=1     inner=47274  min=     0.772 us/xform  median=     0.772  sd=  0.02%      5.80 GF/s  setup=0.000 s
fftw1d_custom            L=128 B=1     m=1     inner=39592  min=     0.772 us/xform  median=     0.772  sd=  0.02%      5.80 GF/s  setup=0.000 s
fftw1d_custom            L=128 B=1     m=1     inner=46888  min=     0.772 us/xform  median=     0.772  sd=  0.02%      5.80 GF/s  setup=0.000 s
fftw1d_estimate          L=128 B=1     m=1     inner=183580 min=     0.173 us/xform  median=     0.173  sd=  0.18%     25.93 GF/s  setup=0.001 s
fftw1d_estimate          L=128 B=1     m=1     inner=185892 min=     0.170 us/xform  median=     0.171  sd=  0.30%     26.30 GF/s  setup=0.001 s
fftw1d_estimate          L=128 B=1     m=1     inner=114015 min=     0.174 us/xform  median=     0.175  sd=  0.22%     25.72 GF/s  setup=0.001 s
fftw1d_estimate          L=128 B=1     m=1     inner=230850 min=     0.172 us/xform  median=     0.173  sd=  0.20%     26.06 GF/s  setup=0.001 s
fftw1d_estimate          L=128 B=1     m=1     inner=175968 min=     0.173 us/xform  median=     0.173  sd=  0.14%     25.92 GF/s  setup=0.001 s
fftw1d_estimate          L=128 B=1     m=1     inner=186588 min=     0.169 us/xform  median=     0.171  sd=  0.39%     26.51 GF/s  setup=0.001 s
fftw1d_estimate          L=128 B=1     m=1     inner=115602 min=     0.173 us/xform  median=     0.174  sd=  0.32%     25.88 GF/s  setup=0.001 s
fftw1d_estimate          L=128 B=1     m=1     inner=227264 min=     0.174 us/xform  median=     0.175  sd=  0.14%     25.71 GF/s  setup=0.001 s
fftw1d_estimate          L=128 B=1     m=1     inner=177302 min=     0.174 us/xform  median=     0.174  sd=  0.16%     25.77 GF/s  setup=0.001 s
fftw1d_measure           L=128 B=1     m=1     inner=336970 min=     0.118 us/xform  median=     0.118  sd=  0.03%     38.00 GF/s  setup=0.041 s
fftw1d_measure           L=128 B=1     m=1     inner=314872 min=     0.126 us/xform  median=     0.126  sd=  0.13%     35.55 GF/s  setup=0.040 s
fftw1d_measure           L=128 B=1     m=1     inner=307786 min=     0.129 us/xform  median=     0.130  sd=  0.07%     34.61 GF/s  setup=0.040 s
fftw1d_measure           L=128 B=1     m=1     inner=292706 min=     0.136 us/xform  median=     0.136  sd=  0.06%     33.01 GF/s  setup=0.041 s
fftw1d_measure           L=128 B=1     m=1     inner=303372 min=     0.131 us/xform  median=     0.131  sd=  0.05%     34.14 GF/s  setup=0.040 s
fftw1d_measure           L=128 B=1     m=1     inner=301426 min=     0.132 us/xform  median=     0.132  sd=  0.04%     33.94 GF/s  setup=0.040 s
fftw1d_measure           L=128 B=1     m=1     inner=309456 min=     0.122 us/xform  median=     0.129  sd=  2.49%     36.69 GF/s  setup=0.040 s
fftw1d_measure           L=128 B=1     m=1     inner=312726 min=     0.122 us/xform  median=     0.122  sd=  0.58%     36.80 GF/s  setup=0.040 s
fftw1d_measure           L=128 B=1     m=1     inner=305072 min=     0.130 us/xform  median=     0.130  sd=  0.05%     34.38 GF/s  setup=0.040 s
fftw1d_patient           L=128 B=1     m=1     inner=338682 min=     0.118 us/xform  median=     0.118  sd=  0.03%     38.04 GF/s  setup=0.137 s
fftw1d_patient           L=128 B=1     m=1     inner=328638 min=     0.106 us/xform  median=     0.121  sd=  6.06%     42.09 GF/s  setup=0.136 s
fftw1d_patient           L=128 B=1     m=1     inner=323940 min=     0.123 us/xform  median=     0.123  sd=  0.05%     36.44 GF/s  setup=0.138 s
fftw1d_patient           L=128 B=1     m=1     inner=366220 min=     0.108 us/xform  median=     0.109  sd=  0.14%     41.34 GF/s  setup=0.135 s
fftw1d_patient           L=128 B=1     m=1     inner=384878 min=     0.104 us/xform  median=     0.104  sd=  0.05%     43.27 GF/s  setup=0.135 s
fftw1d_patient           L=128 B=1     m=1     inner=322946 min=     0.123 us/xform  median=     0.124  sd=  0.05%     36.29 GF/s  setup=0.137 s
fftw1d_patient           L=128 B=1     m=1     inner=309336 min=     0.123 us/xform  median=     0.123  sd=  0.02%     36.56 GF/s  setup=0.138 s
fftw1d_patient           L=128 B=1     m=1     inner=376972 min=     0.106 us/xform  median=     0.106  sd=  0.06%     42.39 GF/s  setup=0.135 s
fftw1d_patient           L=128 B=1     m=1     inner=340470 min=     0.117 us/xform  median=     0.117  sd=  0.10%     38.35 GF/s  setup=0.137 s
mkl1d_dfti               L=128 B=1     m=1     inner=413066 min=     0.091 us/xform  median=     0.092  sd=  0.78%     49.16 GF/s  setup=0.002 s
mkl1d_dfti               L=128 B=1     m=1     inner=305860 min=     0.104 us/xform  median=     0.104  sd=  2.79%     43.20 GF/s  setup=0.002 s
mkl1d_dfti               L=128 B=1     m=1     inner=301190 min=     0.105 us/xform  median=     0.105  sd=  0.25%     42.60 GF/s  setup=0.002 s
mkl1d_dfti               L=128 B=1     m=1     inner=309880 min=     0.104 us/xform  median=     0.104  sd=  0.21%     43.27 GF/s  setup=0.002 s
mkl1d_dfti               L=128 B=1     m=1     inner=191920 min=     0.104 us/xform  median=     0.104  sd=  0.46%     43.26 GF/s  setup=0.001 s
mkl1d_dfti               L=128 B=1     m=1     inner=290380 min=     0.104 us/xform  median=     0.105  sd=  0.37%     43.01 GF/s  setup=0.002 s
mkl1d_dfti               L=128 B=1     m=1     inner=308770 min=     0.104 us/xform  median=     0.105  sd=  0.22%     42.97 GF/s  setup=0.002 s
mkl1d_dfti               L=128 B=1     m=1     inner=291576 min=     0.111 us/xform  median=     0.111  sd=  0.17%     40.39 GF/s  setup=0.002 s
mkl1d_dfti               L=128 B=1     m=1     inner=284428 min=     0.106 us/xform  median=     0.107  sd=  1.95%     42.18 GF/s  setup=0.002 s
   skipping baseline_dft at L=128 B=512 (too expensive to be informative)
d1_batchlane             L=128 B=512   m=250   inner=1      min=     0.212 us/xform  median=     0.212  sd=  0.02%     21.13 GF/s  setup=0.000 s
d1_batchlane             L=128 B=512   m=250   inner=1      min=     0.213 us/xform  median=     0.213  sd=  0.03%     21.00 GF/s  setup=0.000 s
d1_batchlane             L=128 B=512   m=250   inner=1      min=     0.187 us/xform  median=     0.187  sd=  0.03%     23.95 GF/s  setup=0.000 s
d1_batchlane             L=128 B=512   m=2     inner=4      min=     0.351 us/xform  median=     0.351  sd=  0.00%     12.78 GF/s  setup=0.000 s
d1_bluestein             L=128 B=512   m=250   inner=1      min=     0.637 us/xform  median=     0.638  sd=  0.12%      7.03 GF/s  setup=0.001 s
d1_bluestein             L=128 B=512   m=250   inner=1      min=     0.729 us/xform  median=     0.729  sd=  0.01%      6.15 GF/s  setup=0.001 s
d1_bluestein             L=128 B=512   m=250   inner=1      min=     0.651 us/xform  median=     0.651  sd=  0.02%      6.88 GF/s  setup=0.001 s
d1_bluestein             L=128 B=512   m=2     inner=2      min=     0.828 us/xform  median=     0.828  sd=  0.00%      5.41 GF/s  setup=0.001 s
d1_planner               L=128 B=512   m=250   inner=1      min=     0.283 us/xform  median=     0.283  sd=  0.01%     15.81 GF/s  setup=0.000 s
d1_planner               L=128 B=512   m=250   inner=1      min=     0.294 us/xform  median=     0.294  sd=  0.04%     15.25 GF/s  setup=0.000 s
d1_planner               L=128 B=512   m=250   inner=1      min=     0.285 us/xform  median=     0.285  sd=  0.02%     15.70 GF/s  setup=0.000 s
d1_planner               L=128 B=512   m=2     inner=2      min=     0.555 us/xform  median=     0.555  sd=  0.00%      8.07 GF/s  setup=0.000 s
d1_pow2                  L=128 B=512   m=250   inner=1      min=     0.186 us/xform  median=     0.186  sd=  0.03%     24.04 GF/s  setup=0.000 s
d1_pow2                  L=128 B=512   m=250   inner=1      min=     0.187 us/xform  median=     0.188  sd=  0.03%     23.90 GF/s  setup=0.000 s
d1_pow2                  L=128 B=512   m=250   inner=1      min=     0.188 us/xform  median=     0.188  sd=  0.03%     23.86 GF/s  setup=0.000 s
d1_pow2                  L=128 B=512   m=2     inner=4      min=     0.346 us/xform  median=     0.346  sd=  0.00%     12.93 GF/s  setup=0.000 s
d1_race                  L=128 B=512   m=250   inner=1      min=     0.173 us/xform  median=     0.198  sd=  6.78%     25.86 GF/s  setup=0.006 s
d1_race                  L=128 B=512   m=250   inner=1      min=     0.196 us/xform  median=     0.196  sd=  0.12%     22.85 GF/s  setup=0.010 s
d1_race                  L=128 B=512   m=250   inner=1      min=     0.201 us/xform  median=     0.201  sd=  0.12%     22.33 GF/s  setup=0.011 s
d1_race                  L=128 B=512   m=2     inner=4      min=     0.403 us/xform  median=     0.403  sd=  0.00%     11.12 GF/s  setup=0.006 s
d1_twiddle               L=128 B=512   m=250   inner=1      min=     0.200 us/xform  median=     0.201  sd=  0.13%     22.41 GF/s  setup=0.000 s
d1_twiddle               L=128 B=512   m=250   inner=1      min=     0.198 us/xform  median=     0.198  sd=  0.11%     22.68 GF/s  setup=0.000 s
d1_twiddle               L=128 B=512   m=250   inner=1      min=     0.180 us/xform  median=     0.197  sd=  2.46%     24.84 GF/s  setup=0.000 s
d1_twiddle               L=128 B=512   m=2     inner=4      min=     0.432 us/xform  median=     0.432  sd=  0.00%     10.37 GF/s  setup=0.000 s
fftw1d_custom            L=128 B=512   m=250   inner=1      min=     0.669 us/xform  median=     0.856  sd= 11.19%      6.70 GF/s  setup=0.000 s
fftw1d_custom            L=128 B=512   m=250   inner=1      min=     0.668 us/xform  median=     0.669  sd=  0.09%      6.71 GF/s  setup=0.000 s
fftw1d_custom            L=128 B=512   m=250   inner=1      min=     0.690 us/xform  median=     0.693  sd=  0.24%      6.49 GF/s  setup=0.000 s
fftw1d_custom            L=128 B=512   m=2     inner=1      min=     1.817 us/xform  median=     1.817  sd=  0.00%      2.47 GF/s  setup=0.000 s
fftw1d_custom_soa        L=128 B=512   m=250   inner=1      min=     0.396 us/xform  median=     0.397  sd=  0.16%     11.30 GF/s  setup=0.000 s
fftw1d_custom_soa        L=128 B=512   m=250   inner=1      min=     0.442 us/xform  median=     0.442  sd=  0.12%     10.13 GF/s  setup=0.000 s
fftw1d_custom_soa        L=128 B=512   m=250   inner=1      min=     0.397 us/xform  median=     0.398  sd=  0.14%     11.27 GF/s  setup=0.000 s
fftw1d_custom_soa        L=128 B=512   m=2     inner=1      min=     1.495 us/xform  median=     1.495  sd=  0.00%      3.00 GF/s  setup=0.000 s
fftw1d_estimate          L=128 B=512   m=250   inner=1      min=     0.857 us/xform  median=     0.857  sd=  0.06%      5.23 GF/s  setup=0.001 s
fftw1d_estimate          L=128 B=512   m=250   inner=1      min=     0.856 us/xform  median=     0.856  sd=  0.08%      5.24 GF/s  setup=0.001 s
fftw1d_estimate          L=128 B=512   m=250   inner=1      min=     0.847 us/xform  median=     0.849  sd=  0.08%      5.29 GF/s  setup=0.001 s
fftw1d_estimate          L=128 B=512   m=2     inner=1      min=     1.153 us/xform  median=     1.153  sd=  0.00%      3.89 GF/s  setup=0.001 s
fftw1d_measure           L=128 B=512   m=250   inner=1      min=     0.575 us/xform  median=     0.576  sd=  0.02%      7.78 GF/s  setup=0.047 s
fftw1d_measure           L=128 B=512   m=250   inner=1      min=     0.575 us/xform  median=     0.576  sd=  0.02%      7.79 GF/s  setup=0.046 s
fftw1d_measure           L=128 B=512   m=250   inner=1      min=     0.575 us/xform  median=     0.575  sd=  0.01%      7.79 GF/s  setup=0.046 s
fftw1d_measure           L=128 B=512   m=2     inner=2      min=     0.800 us/xform  median=     0.800  sd=  0.00%      5.60 GF/s  setup=0.050 s
fftw1d_patient           L=128 B=512   m=250   inner=1      min=     0.592 us/xform  median=     0.592  sd=  2.87%      7.56 GF/s  setup=0.899 s
fftw1d_patient           L=128 B=512   m=250   inner=1      min=     0.596 us/xform  median=     0.596  sd=  5.60%      7.51 GF/s  setup=0.811 s
fftw1d_patient           L=128 B=512   m=250   inner=1      min=     0.579 us/xform  median=     0.579  sd=  0.02%      7.74 GF/s  setup=0.707 s
fftw1d_patient           L=128 B=512   m=2     inner=2      min=     0.662 us/xform  median=     0.662  sd=  0.00%      6.76 GF/s  setup=0.906 s
mkl1d_dfti               L=128 B=512   m=250   inner=1      min=     0.551 us/xform  median=     0.551  sd=  0.01%      8.13 GF/s  setup=0.002 s
mkl1d_dfti               L=128 B=512   m=250   inner=1      min=     0.538 us/xform  median=     0.538  sd=  0.01%      8.32 GF/s  setup=0.002 s
mkl1d_dfti               L=128 B=512   m=250   inner=1      min=     0.538 us/xform  median=     0.538  sd=  0.01%      8.33 GF/s  setup=0.001 s
mkl1d_dfti               L=128 B=512   m=2     inner=2      min=     0.775 us/xform  median=     0.775  sd=  0.00%      5.78 GF/s  setup=0.002 s
baseline_dft             L=32  B=1     m=1     inner=17550  min=     2.128 us/xform  median=     2.129  sd=  0.01%      0.38 GF/s  setup=0.000 s
baseline_dft             L=32  B=1     m=1     inner=18222  min=     2.128 us/xform  median=     2.128  sd=  0.01%      0.38 GF/s  setup=0.000 s
baseline_dft             L=32  B=1     m=1     inner=13774  min=     1.763 us/xform  median=     1.764  sd=  0.13%      0.45 GF/s  setup=0.000 s
baseline_dft             L=32  B=1     m=1     inner=14502  min=     2.128 us/xform  median=     2.128  sd=  0.00%      0.38 GF/s  setup=0.000 s
baseline_dft             L=32  B=1     m=1     inner=13872  min=     1.763 us/xform  median=     1.764  sd=  0.25%      0.45 GF/s  setup=0.000 s
baseline_dft             L=32  B=1     m=1     inner=13820  min=     2.128 us/xform  median=     2.129  sd=  0.02%      0.38 GF/s  setup=0.000 s
baseline_dft             L=32  B=1     m=1     inner=10881  min=     1.763 us/xform  median=     1.764  sd=  2.79%      0.45 GF/s  setup=0.000 s
baseline_dft             L=32  B=1     m=1     inner=13872  min=     2.128 us/xform  median=     2.129  sd=  0.01%      0.38 GF/s  setup=0.000 s
baseline_dft             L=32  B=1     m=1     inner=17864  min=     2.128 us/xform  median=     2.128  sd=  0.01%      0.38 GF/s  setup=0.000 s
d1_batchlane             L=32  B=1     m=1     inner=1733806 min=     0.022 us/xform  median=     0.023  sd=  0.88%     35.80 GF/s  setup=0.000 s
d1_batchlane             L=32  B=1     m=1     inner=1115090 min=     0.024 us/xform  median=     0.024  sd=  0.55%     33.90 GF/s  setup=0.000 s
d1_batchlane             L=32  B=1     m=1     inner=1048368 min=     0.019 us/xform  median=     0.019  sd=  0.60%     41.84 GF/s  setup=0.000 s
d1_batchlane             L=32  B=1     m=1     inner=1902006 min=     0.020 us/xform  median=     0.020  sd=  0.70%     39.76 GF/s  setup=0.000 s
d1_batchlane             L=32  B=1     m=1     inner=1657446 min=     0.024 us/xform  median=     0.024  sd=  0.60%     33.17 GF/s  setup=0.000 s
d1_batchlane             L=32  B=1     m=1     inner=1218398 min=     0.022 us/xform  median=     0.022  sd=  0.96%     37.06 GF/s  setup=0.000 s
d1_batchlane             L=32  B=1     m=1     inner=1386726 min=     0.019 us/xform  median=     0.020  sd=  1.13%     41.14 GF/s  setup=0.000 s
d1_batchlane             L=32  B=1     m=1     inner=1973384 min=     0.020 us/xform  median=     0.020  sd=  0.61%     40.82 GF/s  setup=0.000 s
d1_batchlane             L=32  B=1     m=1     inner=1991488 min=     0.019 us/xform  median=     0.019  sd=  0.61%     42.01 GF/s  setup=0.000 s
d1_bluestein             L=32  B=1     m=1     inner=449508 min=     0.088 us/xform  median=     0.088  sd=  0.43%      9.11 GF/s  setup=0.001 s
d1_bluestein             L=32  B=1     m=1     inner=447250 min=     0.088 us/xform  median=     0.089  sd=  0.45%      9.08 GF/s  setup=0.000 s
d1_bluestein             L=32  B=1     m=1     inner=445132 min=     0.087 us/xform  median=     0.088  sd=  0.63%      9.15 GF/s  setup=0.000 s
d1_bluestein             L=32  B=1     m=1     inner=312334 min=     0.100 us/xform  median=     0.100  sd=  0.44%      8.01 GF/s  setup=0.001 s
d1_bluestein             L=32  B=1     m=1     inner=308856 min=     0.087 us/xform  median=     0.088  sd=  0.37%      9.15 GF/s  setup=0.001 s
d1_bluestein             L=32  B=1     m=1     inner=203436 min=     0.098 us/xform  median=     0.098  sd=  0.38%      8.18 GF/s  setup=0.000 s
d1_bluestein             L=32  B=1     m=1     inner=283232 min=     0.111 us/xform  median=     0.111  sd=  0.09%      7.19 GF/s  setup=0.001 s
d1_bluestein             L=32  B=1     m=1     inner=294756 min=     0.096 us/xform  median=     0.096  sd=  0.11%      8.37 GF/s  setup=0.001 s
d1_bluestein             L=32  B=1     m=1     inner=424464 min=     0.088 us/xform  median=     0.088  sd=  0.62%      9.11 GF/s  setup=0.000 s
d1_planner               L=32  B=1     m=1     inner=1739344 min=     0.023 us/xform  median=     0.023  sd=  0.46%     35.25 GF/s  setup=0.000 s
d1_planner               L=32  B=1     m=1     inner=1439874 min=     0.021 us/xform  median=     0.021  sd=  0.58%     38.19 GF/s  setup=0.000 s
d1_planner               L=32  B=1     m=1     inner=1193040 min=     0.026 us/xform  median=     0.026  sd=  0.36%     30.55 GF/s  setup=0.000 s
d1_planner               L=32  B=1     m=1     inner=1828670 min=     0.021 us/xform  median=     0.021  sd=  0.29%     38.22 GF/s  setup=0.000 s
d1_planner               L=32  B=1     m=1     inner=1358112 min=     0.021 us/xform  median=     0.021  sd=  0.60%     38.16 GF/s  setup=0.000 s
d1_planner               L=32  B=1     m=1     inner=1490600 min=     0.021 us/xform  median=     0.021  sd=  0.48%     38.26 GF/s  setup=0.000 s
d1_planner               L=32  B=1     m=1     inner=1496304 min=     0.021 us/xform  median=     0.021  sd=  0.41%     38.17 GF/s  setup=0.000 s
d1_planner               L=32  B=1     m=1     inner=918575 min=     0.021 us/xform  median=     0.022  sd=  1.09%     37.84 GF/s  setup=0.000 s
d1_planner               L=32  B=1     m=1     inner=1857596 min=     0.021 us/xform  median=     0.021  sd=  0.62%     38.22 GF/s  setup=0.000 s
d1_pow2                  L=32  B=1     m=1     inner=1041331 min=     0.018 us/xform  median=     0.019  sd=  3.41%     43.41 GF/s  setup=0.000 s
d1_pow2                  L=32  B=1     m=1     inner=1072954 min=     0.018 us/xform  median=     0.019  sd=  1.18%     43.41 GF/s  setup=0.000 s
d1_pow2                  L=32  B=1     m=1     inner=1417808 min=     0.021 us/xform  median=     0.021  sd=  0.94%     37.77 GF/s  setup=0.001 s
d1_pow2                  L=32  B=1     m=1     inner=1418860 min=     0.021 us/xform  median=     0.021  sd=  1.15%     38.02 GF/s  setup=0.001 s
d1_pow2                  L=32  B=1     m=1     inner=1298542 min=     0.023 us/xform  median=     0.023  sd=  0.50%     34.25 GF/s  setup=0.000 s
d1_pow2                  L=32  B=1     m=1     inner=1859676 min=     0.021 us/xform  median=     0.021  sd=  0.95%     38.13 GF/s  setup=0.000 s
d1_pow2                  L=32  B=1     m=1     inner=1544208 min=     0.025 us/xform  median=     0.026  sd=  0.33%     31.45 GF/s  setup=0.000 s
d1_pow2                  L=32  B=1     m=1     inner=1144086 min=     0.027 us/xform  median=     0.027  sd=  0.50%     29.50 GF/s  setup=0.000 s
d1_pow2                  L=32  B=1     m=1     inner=1472264 min=     0.021 us/xform  median=     0.021  sd=  1.25%     38.19 GF/s  setup=0.001 s
d1_race                  L=32  B=1     m=1     inner=1474580 min=     0.027 us/xform  median=     0.027  sd=  0.50%     29.88 GF/s  setup=0.059 s
d1_race                  L=32  B=1     m=1     inner=1460976 min=     0.021 us/xform  median=     0.021  sd=  0.56%     37.82 GF/s  setup=0.010 s
d1_race                  L=32  B=1     m=1     inner=1866646 min=     0.021 us/xform  median=     0.021  sd=  0.58%     37.90 GF/s  setup=0.008 s
d1_race                  L=32  B=1     m=1     inner=1839948 min=     0.021 us/xform  median=     0.021  sd=  0.50%     37.64 GF/s  setup=0.008 s
d1_race                  L=32  B=1     m=1     inner=1413698 min=     0.021 us/xform  median=     0.021  sd=  0.43%     37.85 GF/s  setup=0.011 s
d1_race                  L=32  B=1     m=1     inner=1158074 min=     0.026 us/xform  median=     0.026  sd=  0.31%     30.63 GF/s  setup=0.009 s
d1_race                  L=32  B=1     m=1     inner=1450934 min=     0.021 us/xform  median=     0.021  sd=  0.59%     37.81 GF/s  setup=0.009 s
d1_race                  L=32  B=1     m=1     inner=1764556 min=     0.021 us/xform  median=     0.021  sd=  0.44%     37.91 GF/s  setup=0.015 s
d1_race                  L=32  B=1     m=1     inner=1833000 min=     0.021 us/xform  median=     0.021  sd=  0.52%     37.84 GF/s  setup=0.012 s
d1_twiddle               L=32  B=1     m=1     inner=2044882 min=     0.017 us/xform  median=     0.017  sd=  0.76%     46.89 GF/s  setup=0.000 s
d1_twiddle               L=32  B=1     m=1     inner=1306954 min=     0.019 us/xform  median=     0.020  sd=  0.80%     41.20 GF/s  setup=0.000 s
d1_twiddle               L=32  B=1     m=1     inner=1622212 min=     0.017 us/xform  median=     0.017  sd=  0.83%     46.88 GF/s  setup=0.000 s
d1_twiddle               L=32  B=1     m=1     inner=1566762 min=     0.020 us/xform  median=     0.020  sd=  0.91%     40.12 GF/s  setup=0.000 s
d1_twiddle               L=32  B=1     m=1     inner=1693278 min=     0.017 us/xform  median=     0.017  sd=  0.56%     46.65 GF/s  setup=0.000 s
d1_twiddle               L=32  B=1     m=1     inner=1445730 min=     0.021 us/xform  median=     0.021  sd=  0.45%     38.10 GF/s  setup=0.000 s
d1_twiddle               L=32  B=1     m=1     inner=1021190 min=     0.019 us/xform  median=     0.020  sd=  1.05%     41.59 GF/s  setup=0.000 s
d1_twiddle               L=32  B=1     m=1     inner=1659680 min=     0.017 us/xform  median=     0.017  sd=  0.46%     46.44 GF/s  setup=0.000 s
d1_twiddle               L=32  B=1     m=1     inner=1462034 min=     0.021 us/xform  median=     0.021  sd=  0.76%     38.81 GF/s  setup=0.000 s
fftw1d_custom            L=32  B=1     m=1     inner=200230 min=     0.110 us/xform  median=     0.110  sd=  0.15%      7.27 GF/s  setup=0.000 s
fftw1d_custom            L=32  B=1     m=1     inner=201640 min=     0.111 us/xform  median=     0.111  sd=  0.10%      7.23 GF/s  setup=0.000 s
fftw1d_custom            L=32  B=1     m=1     inner=329744 min=     0.111 us/xform  median=     0.111  sd=  0.14%      7.21 GF/s  setup=0.000 s
fftw1d_custom            L=32  B=1     m=1     inner=307332 min=     0.111 us/xform  median=     0.111  sd=  0.13%      7.22 GF/s  setup=0.000 s
fftw1d_custom            L=32  B=1     m=1     inner=311228 min=     0.111 us/xform  median=     0.111  sd=  0.12%      7.23 GF/s  setup=0.000 s
fftw1d_custom            L=32  B=1     m=1     inner=366872 min=     0.109 us/xform  median=     0.109  sd=  0.05%      7.37 GF/s  setup=0.000 s
fftw1d_custom            L=32  B=1     m=1     inner=195224 min=     0.109 us/xform  median=     0.109  sd=  0.32%      7.34 GF/s  setup=0.000 s
fftw1d_custom            L=32  B=1     m=1     inner=208492 min=     0.108 us/xform  median=     0.108  sd=  0.14%      7.40 GF/s  setup=0.000 s
fftw1d_custom            L=32  B=1     m=1     inner=208492 min=     0.089 us/xform  median=     0.090  sd=  4.12%      8.95 GF/s  setup=0.000 s
fftw1d_estimate          L=32  B=1     m=1     inner=647790 min=     0.048 us/xform  median=     0.049  sd=  0.33%     16.54 GF/s  setup=0.001 s
fftw1d_estimate          L=32  B=1     m=1     inner=671092 min=     0.047 us/xform  median=     0.047  sd=  0.22%     16.91 GF/s  setup=0.001 s
fftw1d_estimate          L=32  B=1     m=1     inner=589360 min=     0.043 us/xform  median=     0.043  sd=  4.02%     18.75 GF/s  setup=0.001 s
fftw1d_estimate          L=32  B=1     m=1     inner=481315 min=     0.041 us/xform  median=     0.042  sd=  0.31%     19.30 GF/s  setup=0.001 s
fftw1d_estimate          L=32  B=1     m=1     inner=656976 min=     0.047 us/xform  median=     0.047  sd=  0.29%     16.96 GF/s  setup=0.001 s
fftw1d_estimate          L=32  B=1     m=1     inner=839232 min=     0.047 us/xform  median=     0.047  sd=  0.22%     16.93 GF/s  setup=0.001 s
fftw1d_estimate          L=32  B=1     m=1     inner=769628 min=     0.044 us/xform  median=     0.051  sd=  4.40%     17.99 GF/s  setup=0.001 s
fftw1d_estimate          L=32  B=1     m=1     inner=948964 min=     0.042 us/xform  median=     0.042  sd=  0.20%     19.19 GF/s  setup=0.001 s
fftw1d_estimate          L=32  B=1     m=1     inner=640630 min=     0.043 us/xform  median=     0.043  sd=  0.06%     18.42 GF/s  setup=0.001 s
fftw1d_measure           L=32  B=1     m=1     inner=498803 min=     0.039 us/xform  median=     0.040  sd=  0.69%     20.39 GF/s  setup=0.008 s
fftw1d_measure           L=32  B=1     m=1     inner=368372 min=     0.044 us/xform  median=     0.044  sd=  0.46%     18.32 GF/s  setup=0.008 s
fftw1d_measure           L=32  B=1     m=1     inner=874776 min=     0.039 us/xform  median=     0.039  sd=  0.79%     20.66 GF/s  setup=0.008 s
fftw1d_measure           L=32  B=1     m=1     inner=452839 min=     0.044 us/xform  median=     0.044  sd=  0.41%     18.23 GF/s  setup=0.007 s
fftw1d_measure           L=32  B=1     m=1     inner=814234 min=     0.041 us/xform  median=     0.041  sd=  0.35%     19.61 GF/s  setup=0.008 s
fftw1d_measure           L=32  B=1     m=1     inner=364327 min=     0.047 us/xform  median=     0.047  sd=  0.71%     17.09 GF/s  setup=0.008 s
fftw1d_measure           L=32  B=1     m=1     inner=841462 min=     0.034 us/xform  median=     0.035  sd=  0.96%     23.55 GF/s  setup=0.008 s
fftw1d_measure           L=32  B=1     m=1     inner=610597 min=     0.032 us/xform  median=     0.032  sd=  0.27%     24.75 GF/s  setup=0.007 s
fftw1d_measure           L=32  B=1     m=1     inner=530128 min=     0.037 us/xform  median=     0.038  sd=  0.40%     21.48 GF/s  setup=0.007 s
fftw1d_patient           L=32  B=1     m=1     inner=519945 min=     0.039 us/xform  median=     0.039  sd=  0.67%     20.63 GF/s  setup=0.014 s
fftw1d_patient           L=32  B=1     m=1     inner=968066 min=     0.039 us/xform  median=     0.039  sd=  0.20%     20.67 GF/s  setup=0.015 s
fftw1d_patient           L=32  B=1     m=1     inner=891960 min=     0.041 us/xform  median=     0.041  sd=  0.62%     19.57 GF/s  setup=0.016 s
fftw1d_patient           L=32  B=1     m=1     inner=951318 min=     0.037 us/xform  median=     0.037  sd=  0.42%     21.66 GF/s  setup=0.016 s
fftw1d_patient           L=32  B=1     m=1     inner=898408 min=     0.044 us/xform  median=     0.044  sd=  0.28%     18.25 GF/s  setup=0.015 s
fftw1d_patient           L=32  B=1     m=1     inner=931286 min=     0.035 us/xform  median=     0.035  sd=  0.31%     23.14 GF/s  setup=0.016 s
fftw1d_patient           L=32  B=1     m=1     inner=1092622 min=     0.036 us/xform  median=     0.036  sd=  0.59%     22.40 GF/s  setup=0.014 s
fftw1d_patient           L=32  B=1     m=1     inner=1116614 min=     0.036 us/xform  median=     0.036  sd=  1.00%     22.50 GF/s  setup=0.014 s
fftw1d_patient           L=32  B=1     m=1     inner=915296 min=     0.040 us/xform  median=     0.040  sd=  0.22%     20.14 GF/s  setup=0.015 s
mkl1d_dfti               L=32  B=1     m=1     inner=1768406 min=     0.023 us/xform  median=     0.023  sd=  0.85%     35.54 GF/s  setup=0.002 s
mkl1d_dfti               L=32  B=1     m=1     inner=1027582 min=     0.031 us/xform  median=     0.031  sd=  0.72%     25.96 GF/s  setup=0.002 s
mkl1d_dfti               L=32  B=1     m=1     inner=1230328 min=     0.026 us/xform  median=     0.027  sd=  0.70%     30.37 GF/s  setup=0.002 s
mkl1d_dfti               L=32  B=1     m=1     inner=1221556 min=     0.025 us/xform  median=     0.026  sd=  0.52%     31.63 GF/s  setup=0.002 s
mkl1d_dfti               L=32  B=1     m=1     inner=1019846 min=     0.031 us/xform  median=     0.031  sd=  0.46%     26.17 GF/s  setup=0.002 s
mkl1d_dfti               L=32  B=1     m=1     inner=1204676 min=     0.026 us/xform  median=     0.027  sd=  0.75%     30.47 GF/s  setup=0.002 s
mkl1d_dfti               L=32  B=1     m=1     inner=1531768 min=     0.026 us/xform  median=     0.026  sd=  0.58%     30.89 GF/s  setup=0.001 s
mkl1d_dfti               L=32  B=1     m=1     inner=609417 min=     0.032 us/xform  median=     0.033  sd=  0.73%     24.71 GF/s  setup=0.001 s
mkl1d_dfti               L=32  B=1     m=1     inner=1232926 min=     0.025 us/xform  median=     0.026  sd=  0.63%     31.42 GF/s  setup=0.002 s
baseline_dft             L=60  B=1     m=60000 inner=1      min=     6.351 us/xform  median=     6.480  sd=  1.05%      0.28 GF/s  setup=0.000 s
baseline_dft             L=60  B=1     m=60000 inner=1      min=     6.351 us/xform  median=     6.351  sd=  0.00%      0.28 GF/s  setup=0.000 s
baseline_dft             L=60  B=1     m=60000 inner=1      min=     6.351 us/xform  median=     6.351  sd=  0.01%      0.28 GF/s  setup=0.000 s
baseline_dft             L=60  B=1     m=2     inner=128    min=     7.702 us/xform  median=     7.702  sd=  0.00%      0.23 GF/s  setup=0.000 s
d1_batchlane             L=60  B=1     m=60000 inner=4      min=     0.117 us/xform  median=     0.117  sd=  0.04%     15.17 GF/s  setup=0.000 s
d1_batchlane             L=60  B=1     m=60000 inner=4      min=     0.118 us/xform  median=     0.118  sd=  0.08%     15.06 GF/s  setup=0.000 s
d1_batchlane             L=60  B=1     m=60000 inner=4      min=     0.117 us/xform  median=     0.117  sd=  0.05%     15.21 GF/s  setup=0.000 s
d1_batchlane             L=60  B=1     m=2     inner=1254   min=     0.401 us/xform  median=     0.401  sd=  0.00%      4.42 GF/s  setup=0.000 s
d1_bluestein             L=60  B=1     m=60000 inner=1      min=     0.424 us/xform  median=     0.425  sd=  0.08%      4.18 GF/s  setup=0.001 s
d1_bluestein             L=60  B=1     m=60000 inner=1      min=     0.423 us/xform  median=     0.424  sd=  0.09%      4.19 GF/s  setup=0.001 s
d1_bluestein             L=60  B=1     m=60000 inner=1      min=     0.425 us/xform  median=     0.441  sd=  1.49%      4.17 GF/s  setup=0.001 s
d1_bluestein             L=60  B=1     m=2     inner=2228   min=     0.438 us/xform  median=     0.438  sd=  0.00%      4.04 GF/s  setup=0.001 s
d1_composite             L=60  B=1     m=60000 inner=6      min=     0.083 us/xform  median=     0.083  sd=  0.13%     21.40 GF/s  setup=0.000 s
d1_composite             L=60  B=1     m=60000 inner=8      min=     0.083 us/xform  median=     0.083  sd=  0.03%     21.39 GF/s  setup=0.000 s
d1_composite             L=60  B=1     m=60000 inner=8      min=     0.083 us/xform  median=     0.083  sd=  0.04%     21.40 GF/s  setup=0.000 s
d1_composite             L=60  B=1     m=2     inner=1518   min=     0.379 us/xform  median=     0.379  sd=  0.00%      4.67 GF/s  setup=0.000 s
d1_planner               L=60  B=1     m=60000 inner=4      min=     0.147 us/xform  median=     0.147  sd=  0.03%     12.08 GF/s  setup=0.000 s
d1_planner               L=60  B=1     m=60000 inner=4      min=     0.129 us/xform  median=     0.129  sd=  0.02%     13.74 GF/s  setup=0.000 s
d1_planner               L=60  B=1     m=60000 inner=4      min=     0.129 us/xform  median=     0.129  sd=  0.03%     13.75 GF/s  setup=0.000 s
d1_planner               L=60  B=1     m=2     inner=5902   min=     0.152 us/xform  median=     0.152  sd=  0.00%     11.63 GF/s  setup=0.000 s
d1_race                  L=60  B=1     m=60000 inner=6      min=     0.094 us/xform  median=     0.094  sd=  0.27%     18.79 GF/s  setup=0.058 s
d1_race                  L=60  B=1     m=60000 inner=6      min=     0.094 us/xform  median=     0.094  sd=  0.06%     18.81 GF/s  setup=0.010 s
d1_race                  L=60  B=1     m=60000 inner=6      min=     0.094 us/xform  median=     0.094  sd=  0.04%     18.81 GF/s  setup=0.009 s
d1_race                  L=60  B=1     m=2     inner=1402   min=     0.397 us/xform  median=     0.397  sd=  0.00%      4.46 GF/s  setup=0.007 s
d1_twiddle               L=60  B=1     m=60000 inner=2      min=     0.175 us/xform  median=     0.175  sd=  0.02%     10.10 GF/s  setup=0.000 s
d1_twiddle               L=60  B=1     m=60000 inner=4      min=     0.160 us/xform  median=     0.160  sd=  0.02%     11.08 GF/s  setup=0.000 s
d1_twiddle               L=60  B=1     m=60000 inner=4      min=     0.161 us/xform  median=     0.162  sd=  0.04%     10.97 GF/s  setup=0.000 s
d1_twiddle               L=60  B=1     m=2     inner=5274   min=     0.172 us/xform  median=     0.172  sd=  0.00%     10.29 GF/s  setup=0.000 s
fftw1d_custom            L=60  B=1     m=60000 inner=2      min=     0.328 us/xform  median=     0.328  sd=  0.17%      5.40 GF/s  setup=0.000 s
fftw1d_custom            L=60  B=1     m=60000 inner=2      min=     0.329 us/xform  median=     0.329  sd=  0.09%      5.39 GF/s  setup=0.000 s
fftw1d_custom            L=60  B=1     m=60000 inner=2      min=     0.328 us/xform  median=     0.328  sd=  0.14%      5.40 GF/s  setup=0.000 s
fftw1d_custom            L=60  B=1     m=2     inner=1446   min=     0.577 us/xform  median=     0.577  sd=  0.00%      3.07 GF/s  setup=0.000 s
fftw1d_estimate          L=60  B=1     m=60000 inner=2      min=     0.286 us/xform  median=     0.286  sd=  0.04%      6.19 GF/s  setup=0.001 s
fftw1d_estimate          L=60  B=1     m=60000 inner=2      min=     0.287 us/xform  median=     0.287  sd=  0.05%      6.18 GF/s  setup=0.001 s
fftw1d_estimate          L=60  B=1     m=60000 inner=2      min=     0.287 us/xform  median=     0.287  sd=  0.04%      6.18 GF/s  setup=0.001 s
fftw1d_estimate          L=60  B=1     m=2     inner=3274   min=     0.289 us/xform  median=     0.289  sd=  0.00%      6.13 GF/s  setup=0.001 s
fftw1d_measure           L=60  B=1     m=60000 inner=2      min=     0.277 us/xform  median=     0.277  sd=  0.07%      6.39 GF/s  setup=0.046 s
fftw1d_measure           L=60  B=1     m=60000 inner=2      min=     0.276 us/xform  median=     0.277  sd=  0.03%      6.41 GF/s  setup=0.046 s
fftw1d_measure           L=60  B=1     m=60000 inner=2      min=     0.286 us/xform  median=     0.286  sd=  0.23%      6.20 GF/s  setup=0.047 s
fftw1d_measure           L=60  B=1     m=2     inner=3416   min=     0.287 us/xform  median=     0.287  sd=  0.00%      6.18 GF/s  setup=0.046 s
fftw1d_patient           L=60  B=1     m=60000 inner=2      min=     0.284 us/xform  median=     0.284  sd=  0.08%      6.25 GF/s  setup=0.128 s
fftw1d_patient           L=60  B=1     m=60000 inner=2      min=     0.279 us/xform  median=     0.279  sd=  0.05%      6.36 GF/s  setup=0.129 s
fftw1d_patient           L=60  B=1     m=60000 inner=2      min=     0.277 us/xform  median=     0.278  sd=  0.05%      6.39 GF/s  setup=0.129 s
fftw1d_patient           L=60  B=1     m=2     inner=3506   min=     0.280 us/xform  median=     0.280  sd=  0.00%      6.33 GF/s  setup=0.128 s
mkl1d_dfti               L=60  B=1     m=60000 inner=2      min=     0.237 us/xform  median=     0.237  sd=  0.05%      7.48 GF/s  setup=0.002 s
mkl1d_dfti               L=60  B=1     m=60000 inner=2      min=     0.237 us/xform  median=     0.237  sd=  0.03%      7.47 GF/s  setup=0.001 s
mkl1d_dfti               L=60  B=1     m=60000 inner=2      min=     0.237 us/xform  median=     0.237  sd=  0.03%      7.47 GF/s  setup=0.001 s
mkl1d_dfti               L=60  B=1     m=2     inner=2606   min=     0.276 us/xform  median=     0.276  sd=  0.00%      6.43 GF/s  setup=0.002 s
baseline_dft             L=32  B=1     m=100000 inner=1      min=     1.847 us/xform  median=     1.847  sd=  0.00%      0.43 GF/s  setup=0.000 s
baseline_dft             L=32  B=1     m=100000 inner=1      min=     1.847 us/xform  median=     1.847  sd=  0.00%      0.43 GF/s  setup=0.000 s
baseline_dft             L=32  B=1     m=100000 inner=1      min=     1.847 us/xform  median=     1.847  sd=  0.00%      0.43 GF/s  setup=0.000 s
baseline_dft             L=32  B=1     m=2     inner=356    min=     2.244 us/xform  median=     2.244  sd=  0.00%      0.36 GF/s  setup=0.000 s
d1_batchlane             L=32  B=1     m=100000 inner=6      min=     0.057 us/xform  median=     0.058  sd=  0.34%     13.98 GF/s  setup=0.000 s
d1_batchlane             L=32  B=1     m=100000 inner=4      min=     0.067 us/xform  median=     0.067  sd=  0.05%     11.87 GF/s  setup=0.000 s
d1_batchlane             L=32  B=1     m=100000 inner=4      min=     0.067 us/xform  median=     0.067  sd=  0.04%     11.88 GF/s  setup=0.000 s
d1_batchlane             L=32  B=1     m=2     inner=9242   min=     0.098 us/xform  median=     0.098  sd=  0.00%      8.19 GF/s  setup=0.000 s
d1_bluestein             L=32  B=1     m=100000 inner=1      min=     0.210 us/xform  median=     0.211  sd=  0.36%      3.81 GF/s  setup=0.001 s
d1_bluestein             L=32  B=1     m=100000 inner=1      min=     0.221 us/xform  median=     0.221  sd=  0.05%      3.61 GF/s  setup=0.001 s
d1_bluestein             L=32  B=1     m=100000 inner=2      min=     0.194 us/xform  median=     0.194  sd=  0.02%      4.12 GF/s  setup=0.001 s
d1_bluestein             L=32  B=1     m=2     inner=3378   min=     0.277 us/xform  median=     0.277  sd=  0.00%      2.89 GF/s  setup=0.001 s
d1_planner               L=32  B=1     m=100000 inner=4      min=     0.079 us/xform  median=     0.079  sd=  0.28%     10.11 GF/s  setup=0.000 s
d1_planner               L=32  B=1     m=100000 inner=4      min=     0.079 us/xform  median=     0.079  sd=  0.01%     10.11 GF/s  setup=0.000 s
d1_planner               L=32  B=1     m=100000 inner=4      min=     0.079 us/xform  median=     0.079  sd=  0.00%     10.11 GF/s  setup=0.000 s
d1_planner               L=32  B=1     m=2     inner=9162   min=     0.100 us/xform  median=     0.100  sd=  0.00%      7.99 GF/s  setup=0.000 s
d1_pow2                  L=32  B=1     m=100000 inner=4      min=     0.080 us/xform  median=     0.080  sd=  0.01%      9.96 GF/s  setup=0.000 s
d1_pow2                  L=32  B=1     m=100000 inner=4      min=     0.080 us/xform  median=     0.080  sd=  0.01%      9.95 GF/s  setup=0.000 s
d1_pow2                  L=32  B=1     m=100000 inner=4      min=     0.071 us/xform  median=     0.080  sd=  5.58%     11.33 GF/s  setup=0.000 s
d1_pow2                  L=32  B=1     m=2     inner=11302  min=     0.080 us/xform  median=     0.080  sd=  0.00%      9.94 GF/s  setup=0.000 s
d1_race                  L=32  B=1     m=100000 inner=4      min=     0.057 us/xform  median=     0.058  sd=  8.14%     13.98 GF/s  setup=0.006 s
d1_race                  L=32  B=1     m=100000 inner=6      min=     0.057 us/xform  median=     0.058  sd=  0.29%     13.97 GF/s  setup=0.007 s
d1_race                  L=32  B=1     m=100000 inner=6      min=     0.057 us/xform  median=     0.058  sd=  0.23%     13.95 GF/s  setup=0.007 s
d1_race                  L=32  B=1     m=2     inner=9840   min=     0.094 us/xform  median=     0.094  sd=  0.00%      8.54 GF/s  setup=0.007 s
d1_twiddle               L=32  B=1     m=100000 inner=4      min=     0.065 us/xform  median=     0.074  sd=  5.61%     12.36 GF/s  setup=0.000 s
d1_twiddle               L=32  B=1     m=100000 inner=4      min=     0.065 us/xform  median=     0.065  sd=  0.30%     12.36 GF/s  setup=0.000 s
d1_twiddle               L=32  B=1     m=100000 inner=6      min=     0.065 us/xform  median=     0.065  sd=  0.01%     12.36 GF/s  setup=0.000 s
d1_twiddle               L=32  B=1     m=2     inner=13690  min=     0.068 us/xform  median=     0.068  sd=  0.00%     11.74 GF/s  setup=0.000 s
fftw1d_custom            L=32  B=1     m=100000 inner=2      min=     0.123 us/xform  median=     0.123  sd=  0.11%      6.52 GF/s  setup=0.000 s
fftw1d_custom            L=32  B=1     m=100000 inner=2      min=     0.122 us/xform  median=     0.122  sd=  0.19%      6.57 GF/s  setup=0.000 s
fftw1d_custom            L=32  B=1     m=100000 inner=2      min=     0.122 us/xform  median=     0.122  sd=  0.12%      6.58 GF/s  setup=0.000 s
fftw1d_custom            L=32  B=1     m=2     inner=3006   min=     0.224 us/xform  median=     0.224  sd=  0.00%      3.58 GF/s  setup=0.000 s
fftw1d_estimate          L=32  B=1     m=100000 inner=2      min=     0.146 us/xform  median=     0.146  sd=  0.02%      5.48 GF/s  setup=0.001 s
fftw1d_estimate          L=32  B=1     m=100000 inner=2      min=     0.145 us/xform  median=     0.145  sd=  0.08%      5.51 GF/s  setup=0.001 s
fftw1d_estimate          L=32  B=1     m=100000 inner=2      min=     0.145 us/xform  median=     0.145  sd=  0.02%      5.50 GF/s  setup=0.001 s
fftw1d_estimate          L=32  B=1     m=2     inner=5794   min=     0.167 us/xform  median=     0.167  sd=  0.00%      4.79 GF/s  setup=0.001 s
fftw1d_measure           L=32  B=1     m=100000 inner=2      min=     0.134 us/xform  median=     0.134  sd=  0.04%      5.96 GF/s  setup=0.007 s
fftw1d_measure           L=32  B=1     m=100000 inner=2      min=     0.136 us/xform  median=     0.136  sd=  0.05%      5.88 GF/s  setup=0.007 s
fftw1d_measure           L=32  B=1     m=100000 inner=2      min=     0.136 us/xform  median=     0.136  sd=  0.06%      5.89 GF/s  setup=0.008 s
fftw1d_measure           L=32  B=1     m=2     inner=6316   min=     0.155 us/xform  median=     0.155  sd=  0.00%      5.15 GF/s  setup=0.008 s
fftw1d_patient           L=32  B=1     m=100000 inner=2      min=     0.136 us/xform  median=     0.136  sd=  0.07%      5.89 GF/s  setup=0.014 s
fftw1d_patient           L=32  B=1     m=100000 inner=2      min=     0.136 us/xform  median=     0.136  sd=  0.08%      5.88 GF/s  setup=0.015 s
fftw1d_patient           L=32  B=1     m=100000 inner=2      min=     0.136 us/xform  median=     0.136  sd=  0.06%      5.87 GF/s  setup=0.015 s
fftw1d_patient           L=32  B=1     m=2     inner=5964   min=     0.137 us/xform  median=     0.137  sd=  0.00%      5.83 GF/s  setup=0.014 s
mkl1d_dfti               L=32  B=1     m=100000 inner=2      min=     0.131 us/xform  median=     0.131  sd=  0.06%      6.10 GF/s  setup=0.002 s
mkl1d_dfti               L=32  B=1     m=100000 inner=2      min=     0.149 us/xform  median=     0.149  sd=  0.07%      5.36 GF/s  setup=0.002 s
mkl1d_dfti               L=32  B=1     m=100000 inner=2      min=     0.131 us/xform  median=     0.131  sd=  0.08%      6.11 GF/s  setup=0.002 s
mkl1d_dfti               L=32  B=1     m=2     inner=4164   min=     0.153 us/xform  median=     0.153  sd=  0.00%      5.23 GF/s  setup=0.002 s
