baseline_matrix          L=10  B=64    m=1000  inner=1      min=    54.687 us/xform  median=    54.687  sd=  0.00%      0.91 GF/s  setup=0.000 s
baseline_matrix          L=10  B=64    m=1000  inner=1      min=    54.658 us/xform  median=    54.664  sd=  0.01%      0.91 GF/s  setup=0.000 s
baseline_matrix          L=10  B=64    m=1000  inner=1      min=    54.687 us/xform  median=    54.687  sd=  0.00%      0.91 GF/s  setup=0.000 s
baseline_matrix          L=10  B=64    m=2     inner=1      min=    66.628 us/xform  median=    66.628  sd=  0.00%      0.75 GF/s  setup=0.000 s
ducc0_c2c                L=10  B=64    m=1000  inner=1      min=     9.727 us/xform  median=     9.732  sd=  0.04%      5.12 GF/s  setup=0.000 s
ducc0_c2c                L=10  B=64    m=1000  inner=1      min=     9.897 us/xform  median=     9.905  sd=  0.05%      5.03 GF/s  setup=0.000 s
ducc0_c2c                L=10  B=64    m=1000  inner=1      min=     9.705 us/xform  median=     9.709  sd=  0.04%      5.13 GF/s  setup=0.000 s
ducc0_c2c                L=10  B=64    m=2     inner=1      min=    12.030 us/xform  median=    12.030  sd=  0.00%      4.14 GF/s  setup=0.000 s
fftw3_custom             L=10  B=64    m=1000  inner=1      min=     6.045 us/xform  median=     6.045  sd=  0.01%      8.24 GF/s  setup=0.000 s
fftw3_custom             L=10  B=64    m=1000  inner=1      min=     5.927 us/xform  median=     5.928  sd=  0.01%      8.41 GF/s  setup=0.000 s
fftw3_custom             L=10  B=64    m=1000  inner=1      min=     5.942 us/xform  median=     5.943  sd=  0.01%      8.39 GF/s  setup=0.000 s
fftw3_custom             L=10  B=64    m=2     inner=1      min=    11.934 us/xform  median=    11.934  sd=  0.00%      4.18 GF/s  setup=0.000 s
fftw3_custom_soa         L=10  B=64    m=1000  inner=1      min=     4.467 us/xform  median=     4.469  sd=  0.03%     11.15 GF/s  setup=0.000 s
fftw3_custom_soa         L=10  B=64    m=1000  inner=1      min=     4.457 us/xform  median=     4.462  sd=  0.05%     11.18 GF/s  setup=0.000 s
fftw3_custom_soa         L=10  B=64    m=1000  inner=1      min=     4.488 us/xform  median=     4.492  sd=  0.05%     11.10 GF/s  setup=0.000 s
fftw3_custom_soa         L=10  B=64    m=2     inner=1      min=    10.978 us/xform  median=    10.978  sd=  0.00%      4.54 GF/s  setup=0.000 s
fftw3_estimate           L=10  B=64    m=1000  inner=1      min=     7.317 us/xform  median=     7.318  sd=  0.01%      6.81 GF/s  setup=0.001 s
fftw3_estimate           L=10  B=64    m=1000  inner=1      min=     7.315 us/xform  median=     7.316  sd=  0.01%      6.81 GF/s  setup=0.001 s
fftw3_estimate           L=10  B=64    m=1000  inner=1      min=     7.315 us/xform  median=     7.316  sd=  0.01%      6.81 GF/s  setup=0.001 s
fftw3_estimate           L=10  B=64    m=2     inner=1      min=     8.790 us/xform  median=     8.790  sd=  0.00%      5.67 GF/s  setup=0.001 s
fftw3_guru               L=10  B=64    m=1000  inner=1      min=     6.364 us/xform  median=     6.365  sd=  0.00%      7.83 GF/s  setup=0.010 s
fftw3_guru               L=10  B=64    m=1000  inner=1      min=     6.375 us/xform  median=     6.375  sd=  0.01%      7.82 GF/s  setup=0.011 s
fftw3_guru               L=10  B=64    m=1000  inner=1      min=     6.365 us/xform  median=     6.365  sd=  0.00%      7.83 GF/s  setup=0.011 s
fftw3_guru               L=10  B=64    m=2     inner=1      min=     7.731 us/xform  median=     7.731  sd=  0.00%      6.45 GF/s  setup=0.010 s
fftw3_measure            L=10  B=64    m=1000  inner=1      min=     5.205 us/xform  median=     5.206  sd=  0.01%      9.57 GF/s  setup=0.013 s
fftw3_measure            L=10  B=64    m=1000  inner=1      min=     5.198 us/xform  median=     5.199  sd=  0.01%      9.59 GF/s  setup=0.013 s
fftw3_measure            L=10  B=64    m=1000  inner=1      min=     5.178 us/xform  median=     5.180  sd=  0.02%      9.62 GF/s  setup=0.013 s
fftw3_measure            L=10  B=64    m=2     inner=2      min=     5.855 us/xform  median=     5.855  sd=  0.00%      8.51 GF/s  setup=0.013 s
fftw3_patient            L=10  B=64    m=1000  inner=1      min=     5.028 us/xform  median=     5.035  sd=  0.10%      9.91 GF/s  setup=0.022 s
fftw3_patient            L=10  B=64    m=1000  inner=1      min=     5.353 us/xform  median=     5.354  sd=  0.01%      9.31 GF/s  setup=0.022 s
fftw3_patient            L=10  B=64    m=1000  inner=1      min=     5.177 us/xform  median=     5.179  sd=  0.02%      9.62 GF/s  setup=0.021 s
fftw3_patient            L=10  B=64    m=2     inner=2      min=     6.416 us/xform  median=     6.416  sd=  0.00%      7.77 GF/s  setup=0.022 s
gen_batchlane            L=10  B=64    m=1000  inner=1      min=     1.122 us/xform  median=     1.122  sd=  0.24%     44.42 GF/s  setup=0.000 s
gen_batchlane            L=10  B=64    m=1000  inner=1      min=     1.278 us/xform  median=     1.278  sd=  0.01%     39.00 GF/s  setup=0.000 s
gen_batchlane            L=10  B=64    m=1000  inner=1      min=     1.121 us/xform  median=     1.121  sd=  0.02%     44.45 GF/s  setup=0.001 s
gen_batchlane            L=10  B=64    m=2     inner=6      min=     2.216 us/xform  median=     2.216  sd=  0.00%     22.49 GF/s  setup=0.000 s
gen_bluestein            L=10  B=64    m=1000  inner=1      min=    12.865 us/xform  median=    12.866  sd=  0.01%      3.87 GF/s  setup=0.000 s
gen_bluestein            L=10  B=64    m=1000  inner=1      min=    12.839 us/xform  median=    12.845  sd=  0.02%      3.88 GF/s  setup=0.000 s
gen_bluestein            L=10  B=64    m=1000  inner=1      min=    12.898 us/xform  median=    12.899  sd=  0.00%      3.86 GF/s  setup=0.000 s
gen_bluestein            L=10  B=64    m=2     inner=1      min=    14.905 us/xform  median=    14.905  sd=  0.00%      3.34 GF/s  setup=0.000 s
gen_dense_prime          L=10  B=64    m=1000  inner=1      min=     5.213 us/xform  median=     5.214  sd=  0.01%      9.56 GF/s  setup=0.000 s
gen_dense_prime          L=10  B=64    m=1000  inner=1      min=     5.533 us/xform  median=     5.534  sd=  0.01%      9.01 GF/s  setup=0.000 s
gen_dense_prime          L=10  B=64    m=1000  inner=1      min=     5.195 us/xform  median=     5.197  sd=  0.02%      9.59 GF/s  setup=0.000 s
gen_dense_prime          L=10  B=64    m=2     inner=2      min=     6.709 us/xform  median=     6.709  sd=  0.00%      7.43 GF/s  setup=0.000 s
gen_layout               L=10  B=64    m=1000  inner=1      min=     4.995 us/xform  median=     4.998  sd=  0.06%      9.98 GF/s  setup=0.000 s
gen_layout               L=10  B=64    m=1000  inner=1      min=     5.000 us/xform  median=     5.009  sd=  0.08%      9.97 GF/s  setup=0.000 s
gen_layout               L=10  B=64    m=1000  inner=1      min=     4.972 us/xform  median=     4.974  sd=  0.02%     10.02 GF/s  setup=0.000 s
gen_layout               L=10  B=64    m=2     inner=2      min=     5.807 us/xform  median=     5.807  sd=  0.00%      8.58 GF/s  setup=0.000 s
gen_pfa_small            L=10  B=64    m=1000  inner=1      min=     1.116 us/xform  median=     1.116  sd=  0.23%     44.66 GF/s  setup=0.000 s
gen_pfa_small            L=10  B=64    m=1000  inner=1      min=     1.115 us/xform  median=     1.116  sd=  0.02%     44.67 GF/s  setup=0.000 s
gen_pfa_small            L=10  B=64    m=1000  inner=1      min=     1.115 us/xform  median=     1.116  sd=  0.01%     44.68 GF/s  setup=0.000 s
gen_pfa_small            L=10  B=64    m=2     inner=6      min=     2.148 us/xform  median=     2.148  sd=  0.00%     23.19 GF/s  setup=0.000 s
gen_planner              L=10  B=64    m=1000  inner=1      min=     1.328 us/xform  median=     1.329  sd=  0.14%     37.53 GF/s  setup=0.004 s
gen_planner              L=10  B=64    m=1000  inner=1      min=     1.328 us/xform  median=     1.328  sd=  0.02%     37.52 GF/s  setup=0.002 s
gen_planner              L=10  B=64    m=1000  inner=1      min=     1.333 us/xform  median=     1.517  sd=  6.12%     37.39 GF/s  setup=0.002 s
gen_planner              L=10  B=64    m=2     inner=2      min=     4.767 us/xform  median=     4.767  sd=  0.00%     10.45 GF/s  setup=0.002 s
gen_race                 L=10  B=64    m=1000  inner=1      min=     1.124 us/xform  median=     1.279  sd=  3.74%     44.32 GF/s  setup=9.828 s
gen_race                 L=10  B=64    m=1000  inner=1      min=     1.123 us/xform  median=     1.124  sd=  0.03%     44.36 GF/s  setup=0.009 s
gen_race                 L=10  B=64    m=1000  inner=1      min=     1.123 us/xform  median=     1.124  sd=  0.03%     44.37 GF/s  setup=0.008 s
gen_race                 L=10  B=64    m=2     inner=6      min=     2.075 us/xform  median=     2.075  sd=  0.00%     24.01 GF/s  setup=0.006 s
gen_twiddle              L=10  B=64    m=1000  inner=1      min=     5.277 us/xform  median=     5.277  sd=  0.01%      9.44 GF/s  setup=0.003 s
gen_twiddle              L=10  B=64    m=1000  inner=1      min=     5.234 us/xform  median=     5.235  sd=  0.01%      9.52 GF/s  setup=0.003 s
gen_twiddle              L=10  B=64    m=1000  inner=1      min=     5.226 us/xform  median=     5.226  sd=  0.01%      9.54 GF/s  setup=0.004 s
gen_twiddle              L=10  B=64    m=2     inner=2      min=     6.272 us/xform  median=     6.272  sd=  0.00%      7.95 GF/s  setup=0.003 s
mkl2026_dfti             L=10  B=64    m=1000  inner=1      min=     4.656 us/xform  median=     4.657  sd=  0.01%     10.70 GF/s  setup=0.002 s
mkl2026_dfti             L=10  B=64    m=1000  inner=1      min=     4.657 us/xform  median=     4.659  sd=  0.03%     10.70 GF/s  setup=0.002 s
mkl2026_dfti             L=10  B=64    m=1000  inner=1      min=     4.634 us/xform  median=     4.635  sd=  0.02%     10.75 GF/s  setup=0.002 s
mkl2026_dfti             L=10  B=64    m=2     inner=2      min=     5.435 us/xform  median=     5.435  sd=  0.00%      9.17 GF/s  setup=0.002 s
mkl_dfti                 L=10  B=64    m=1000  inner=1      min=     4.561 us/xform  median=     4.564  sd=  0.03%     10.92 GF/s  setup=0.002 s
mkl_dfti                 L=10  B=64    m=1000  inner=1      min=     4.556 us/xform  median=     4.558  sd=  0.03%     10.94 GF/s  setup=0.002 s
mkl_dfti                 L=10  B=64    m=1000  inner=1      min=     4.581 us/xform  median=     4.583  sd=  0.02%     10.88 GF/s  setup=0.002 s
mkl_dfti                 L=10  B=64    m=2     inner=2      min=     5.305 us/xform  median=     5.305  sd=  0.00%      9.39 GF/s  setup=0.002 s
baseline_matrix          L=12  B=64    m=600   inner=1      min=   112.156 us/xform  median=   112.159  sd=  0.00%      0.83 GF/s  setup=0.000 s
baseline_matrix          L=12  B=64    m=600   inner=1      min=   112.160 us/xform  median=   112.162  sd=  0.00%      0.83 GF/s  setup=0.000 s
baseline_matrix          L=12  B=64    m=600   inner=1      min=   112.104 us/xform  median=   112.106  sd=  0.00%      0.83 GF/s  setup=0.000 s
baseline_matrix          L=12  B=64    m=2     inner=1      min=   138.399 us/xform  median=   138.399  sd=  0.00%      0.67 GF/s  setup=0.000 s
ducc0_c2c                L=12  B=64    m=600   inner=1      min=    16.108 us/xform  median=    16.121  sd=  0.06%      5.77 GF/s  setup=0.000 s
ducc0_c2c                L=12  B=64    m=600   inner=1      min=    16.152 us/xform  median=    16.162  sd=  0.08%      5.75 GF/s  setup=0.000 s
ducc0_c2c                L=12  B=64    m=600   inner=1      min=    16.094 us/xform  median=    16.105  sd=  0.06%      5.77 GF/s  setup=0.000 s
ducc0_c2c                L=12  B=64    m=2     inner=1      min=    21.159 us/xform  median=    21.159  sd=  0.00%      4.39 GF/s  setup=0.000 s
fftw3_custom             L=12  B=64    m=600   inner=1      min=    10.401 us/xform  median=    10.403  sd=  0.01%      8.93 GF/s  setup=0.000 s
fftw3_custom             L=12  B=64    m=600   inner=1      min=    10.577 us/xform  median=    10.579  sd=  0.01%      8.79 GF/s  setup=0.000 s
fftw3_custom             L=12  B=64    m=600   inner=1      min=    10.550 us/xform  median=    10.552  sd=  0.01%      8.81 GF/s  setup=0.000 s
fftw3_custom             L=12  B=64    m=2     inner=1      min=    20.477 us/xform  median=    20.477  sd=  0.00%      4.54 GF/s  setup=0.000 s
fftw3_custom_soa         L=12  B=64    m=600   inner=1      min=     8.204 us/xform  median=     8.204  sd=  0.02%     11.33 GF/s  setup=0.000 s
fftw3_custom_soa         L=12  B=64    m=600   inner=1      min=     7.870 us/xform  median=     7.870  sd=  0.02%     11.81 GF/s  setup=0.000 s
fftw3_custom_soa         L=12  B=64    m=600   inner=1      min=     7.870 us/xform  median=     7.871  sd=  0.01%     11.81 GF/s  setup=0.000 s
fftw3_custom_soa         L=12  B=64    m=2     inner=1      min=    20.304 us/xform  median=    20.304  sd=  0.00%      4.58 GF/s  setup=0.000 s
fftw3_estimate           L=12  B=64    m=600   inner=1      min=    19.316 us/xform  median=    19.317  sd=  0.00%      4.81 GF/s  setup=0.001 s
fftw3_estimate           L=12  B=64    m=600   inner=1      min=    19.302 us/xform  median=    19.304  sd=  0.00%      4.81 GF/s  setup=0.001 s
fftw3_estimate           L=12  B=64    m=600   inner=1      min=    19.296 us/xform  median=    19.297  sd=  0.00%      4.82 GF/s  setup=0.001 s
fftw3_estimate           L=12  B=64    m=2     inner=1      min=    23.798 us/xform  median=    23.798  sd=  0.00%      3.90 GF/s  setup=0.001 s
fftw3_guru               L=12  B=64    m=600   inner=1      min=    10.168 us/xform  median=    10.169  sd=  0.01%      9.14 GF/s  setup=0.011 s
fftw3_guru               L=12  B=64    m=600   inner=1      min=    10.191 us/xform  median=    10.192  sd=  0.01%      9.12 GF/s  setup=0.011 s
fftw3_guru               L=12  B=64    m=600   inner=1      min=    10.245 us/xform  median=    10.245  sd=  0.01%      9.07 GF/s  setup=0.011 s
fftw3_guru               L=12  B=64    m=2     inner=1      min=    12.725 us/xform  median=    12.725  sd=  0.00%      7.30 GF/s  setup=0.011 s
fftw3_measure            L=12  B=64    m=600   inner=1      min=     8.872 us/xform  median=     8.873  sd=  0.01%     10.47 GF/s  setup=0.014 s
fftw3_measure            L=12  B=64    m=600   inner=1      min=     9.146 us/xform  median=     9.148  sd=  0.01%     10.16 GF/s  setup=0.014 s
fftw3_measure            L=12  B=64    m=600   inner=1      min=     8.840 us/xform  median=     8.843  sd=  0.02%     10.51 GF/s  setup=0.015 s
fftw3_measure            L=12  B=64    m=2     inner=1      min=    11.662 us/xform  median=    11.662  sd=  0.00%      7.97 GF/s  setup=0.014 s
fftw3_patient            L=12  B=64    m=600   inner=1      min=     8.559 us/xform  median=     8.571  sd=  0.08%     10.86 GF/s  setup=0.023 s
fftw3_patient            L=12  B=64    m=600   inner=1      min=     8.576 us/xform  median=     8.596  sd=  0.13%     10.83 GF/s  setup=0.023 s
fftw3_patient            L=12  B=64    m=600   inner=1      min=     8.633 us/xform  median=     8.643  sd=  0.09%     10.76 GF/s  setup=0.023 s
fftw3_patient            L=12  B=64    m=2     inner=1      min=    11.019 us/xform  median=    11.019  sd=  0.00%      8.43 GF/s  setup=0.023 s
gen_batchlane            L=12  B=64    m=600   inner=1      min=     1.917 us/xform  median=     1.919  sd=  0.03%     48.46 GF/s  setup=0.000 s
gen_batchlane            L=12  B=64    m=600   inner=1      min=     1.919 us/xform  median=     1.920  sd=  0.02%     48.43 GF/s  setup=0.000 s
gen_batchlane            L=12  B=64    m=600   inner=1      min=     1.917 us/xform  median=     1.918  sd=  0.02%     48.47 GF/s  setup=0.000 s
gen_batchlane            L=12  B=64    m=2     inner=4      min=     3.647 us/xform  median=     3.647  sd=  0.00%     25.48 GF/s  setup=0.000 s
gen_bluestein            L=12  B=64    m=600   inner=1      min=    19.009 us/xform  median=    19.011  sd=  0.01%      4.89 GF/s  setup=0.000 s
gen_bluestein            L=12  B=64    m=600   inner=1      min=    19.052 us/xform  median=    19.055  sd=  0.01%      4.88 GF/s  setup=0.000 s
gen_bluestein            L=12  B=64    m=600   inner=1      min=    19.022 us/xform  median=    19.026  sd=  0.01%      4.88 GF/s  setup=0.000 s
gen_bluestein            L=12  B=64    m=2     inner=1      min=    21.399 us/xform  median=    21.399  sd=  0.00%      4.34 GF/s  setup=0.000 s
gen_dense_prime          L=12  B=64    m=600   inner=1      min=     7.749 us/xform  median=     7.750  sd=  0.01%     11.99 GF/s  setup=0.000 s
gen_dense_prime          L=12  B=64    m=600   inner=1      min=     7.793 us/xform  median=     7.794  sd=  0.01%     11.92 GF/s  setup=0.000 s
gen_dense_prime          L=12  B=64    m=600   inner=1      min=     7.697 us/xform  median=     7.698  sd=  0.01%     12.07 GF/s  setup=0.000 s
gen_dense_prime          L=12  B=64    m=2     inner=1      min=     9.819 us/xform  median=     9.819  sd=  0.00%      9.46 GF/s  setup=0.000 s
gen_layout               L=12  B=64    m=600   inner=1      min=     8.123 us/xform  median=     8.130  sd=  0.04%     11.44 GF/s  setup=0.000 s
gen_layout               L=12  B=64    m=600   inner=1      min=     8.263 us/xform  median=     8.275  sd=  0.09%     11.25 GF/s  setup=0.000 s
gen_layout               L=12  B=64    m=600   inner=1      min=     8.412 us/xform  median=     8.417  sd=  0.03%     11.05 GF/s  setup=0.000 s
gen_layout               L=12  B=64    m=2     inner=1      min=     9.765 us/xform  median=     9.765  sd=  0.00%      9.52 GF/s  setup=0.000 s
gen_pfa_small            L=12  B=64    m=600   inner=1      min=     1.918 us/xform  median=     1.920  sd=  6.59%     48.45 GF/s  setup=0.000 s
gen_pfa_small            L=12  B=64    m=600   inner=1      min=     1.916 us/xform  median=     1.917  sd=  0.05%     48.49 GF/s  setup=0.000 s
gen_pfa_small            L=12  B=64    m=600   inner=1      min=     1.916 us/xform  median=     1.916  sd=  0.02%     48.51 GF/s  setup=0.000 s
gen_pfa_small            L=12  B=64    m=2     inner=2      min=     4.727 us/xform  median=     4.727  sd=  0.00%     19.66 GF/s  setup=0.000 s
gen_planner              L=12  B=64    m=600   inner=1      min=     2.355 us/xform  median=     2.357  sd=  0.03%     39.46 GF/s  setup=0.006 s
gen_planner              L=12  B=64    m=600   inner=1      min=     2.510 us/xform  median=     2.700  sd=  2.05%     37.02 GF/s  setup=0.004 s
gen_planner              L=12  B=64    m=600   inner=1      min=     2.344 us/xform  median=     2.346  sd=  0.05%     39.64 GF/s  setup=0.004 s
gen_planner              L=12  B=64    m=2     inner=1      min=     8.277 us/xform  median=     8.277  sd=  0.00%     11.23 GF/s  setup=0.003 s
gen_race                 L=12  B=64    m=600   inner=1      min=     1.914 us/xform  median=     1.915  sd=  5.63%     48.55 GF/s  setup=0.184 s
gen_race                 L=12  B=64    m=600   inner=1      min=     1.917 us/xform  median=     1.918  sd=  0.03%     48.46 GF/s  setup=0.010 s
gen_race                 L=12  B=64    m=600   inner=1      min=     1.923 us/xform  median=     1.924  sd=  0.02%     48.32 GF/s  setup=0.006 s
gen_race                 L=12  B=64    m=2     inner=4      min=     3.803 us/xform  median=     3.803  sd=  0.00%     24.43 GF/s  setup=0.007 s
gen_twiddle              L=12  B=64    m=600   inner=1      min=     8.071 us/xform  median=     8.072  sd=  0.01%     11.51 GF/s  setup=0.003 s
gen_twiddle              L=12  B=64    m=600   inner=1      min=     7.646 us/xform  median=     7.648  sd=  0.01%     12.15 GF/s  setup=0.003 s
gen_twiddle              L=12  B=64    m=600   inner=1      min=     7.635 us/xform  median=     7.636  sd=  0.01%     12.17 GF/s  setup=0.002 s
gen_twiddle              L=12  B=64    m=2     inner=1      min=    10.249 us/xform  median=    10.249  sd=  0.00%      9.07 GF/s  setup=0.003 s
mkl2026_dfti             L=12  B=64    m=600   inner=1      min=     7.808 us/xform  median=     7.808  sd=  0.01%     11.90 GF/s  setup=0.003 s
mkl2026_dfti             L=12  B=64    m=600   inner=1      min=     7.765 us/xform  median=     7.766  sd=  0.01%     11.97 GF/s  setup=0.002 s
mkl2026_dfti             L=12  B=64    m=600   inner=1      min=     7.760 us/xform  median=     7.760  sd=  0.01%     11.97 GF/s  setup=0.001 s
mkl2026_dfti             L=12  B=64    m=2     inner=1      min=    10.919 us/xform  median=    10.919  sd=  0.00%      8.51 GF/s  setup=0.002 s
mkl_dfti                 L=12  B=64    m=600   inner=1      min=     7.734 us/xform  median=     7.734  sd=  0.01%     12.02 GF/s  setup=0.003 s
mkl_dfti                 L=12  B=64    m=600   inner=1      min=     7.801 us/xform  median=     7.802  sd=  0.01%     11.91 GF/s  setup=0.002 s
mkl_dfti                 L=12  B=64    m=600   inner=1      min=     7.771 us/xform  median=     7.771  sd=  0.01%     11.96 GF/s  setup=0.002 s
mkl_dfti                 L=12  B=64    m=2     inner=1      min=    10.928 us/xform  median=    10.928  sd=  0.00%      8.50 GF/s  setup=0.002 s
baseline_matrix          L=15  B=32    m=600   inner=1      min=   272.399 us/xform  median=   272.404  sd=  0.00%      0.73 GF/s  setup=0.000 s
baseline_matrix          L=15  B=32    m=600   inner=1      min=   272.414 us/xform  median=   272.416  sd=  0.00%      0.73 GF/s  setup=0.000 s
baseline_matrix          L=15  B=32    m=600   inner=1      min=   272.413 us/xform  median=   272.418  sd=  0.00%      0.73 GF/s  setup=0.000 s
baseline_matrix          L=15  B=32    m=2     inner=1      min=   333.699 us/xform  median=   333.699  sd=  0.00%      0.59 GF/s  setup=0.000 s
ducc0_c2c                L=15  B=32    m=600   inner=1      min=    32.564 us/xform  median=    32.626  sd=  0.14%      6.07 GF/s  setup=0.000 s
ducc0_c2c                L=15  B=32    m=600   inner=1      min=    32.852 us/xform  median=    32.878  sd=  0.07%      6.02 GF/s  setup=0.000 s
ducc0_c2c                L=15  B=32    m=600   inner=1      min=    33.174 us/xform  median=    33.197  sd=  0.06%      5.96 GF/s  setup=0.000 s
ducc0_c2c                L=15  B=32    m=2     inner=1      min=    41.469 us/xform  median=    41.469  sd=  0.00%      4.77 GF/s  setup=0.000 s
fftw3_custom             L=15  B=32    m=600   inner=1      min=    25.063 us/xform  median=    25.067  sd=  0.02%      7.89 GF/s  setup=0.000 s
fftw3_custom             L=15  B=32    m=600   inner=1      min=    25.616 us/xform  median=    25.637  sd=  0.05%      7.72 GF/s  setup=0.000 s
fftw3_custom             L=15  B=32    m=600   inner=1      min=    25.055 us/xform  median=    25.061  sd=  0.01%      7.89 GF/s  setup=0.000 s
fftw3_custom             L=15  B=32    m=2     inner=1      min=    47.247 us/xform  median=    47.247  sd=  0.00%      4.19 GF/s  setup=0.000 s
fftw3_custom_soa         L=15  B=32    m=600   inner=1      min=    15.397 us/xform  median=    15.399  sd=  0.01%     12.85 GF/s  setup=0.000 s
fftw3_custom_soa         L=15  B=32    m=600   inner=1      min=    15.406 us/xform  median=    15.408  sd=  0.02%     12.84 GF/s  setup=0.000 s
fftw3_custom_soa         L=15  B=32    m=600   inner=1      min=    15.396 us/xform  median=    15.397  sd=  0.01%     12.85 GF/s  setup=0.000 s
fftw3_custom_soa         L=15  B=32    m=2     inner=1      min=    34.641 us/xform  median=    34.641  sd=  0.00%      5.71 GF/s  setup=0.000 s
fftw3_estimate           L=15  B=32    m=600   inner=1      min=    20.778 us/xform  median=    20.781  sd=  0.01%      9.52 GF/s  setup=0.001 s
fftw3_estimate           L=15  B=32    m=600   inner=1      min=    20.636 us/xform  median=    20.643  sd=  0.04%      9.58 GF/s  setup=0.001 s
fftw3_estimate           L=15  B=32    m=600   inner=1      min=    20.606 us/xform  median=    20.610  sd=  0.01%      9.60 GF/s  setup=0.001 s
fftw3_estimate           L=15  B=32    m=2     inner=1      min=    28.987 us/xform  median=    28.987  sd=  0.00%      6.82 GF/s  setup=0.001 s
fftw3_guru               L=15  B=32    m=600   inner=1      min=    26.346 us/xform  median=    26.884  sd=  1.07%      7.51 GF/s  setup=0.011 s
fftw3_guru               L=15  B=32    m=600   inner=1      min=    26.737 us/xform  median=    26.764  sd=  0.10%      7.40 GF/s  setup=0.010 s
fftw3_guru               L=15  B=32    m=600   inner=1      min=    26.620 us/xform  median=    26.668  sd=  0.09%      7.43 GF/s  setup=0.010 s
fftw3_guru               L=15  B=32    m=2     inner=1      min=    36.230 us/xform  median=    36.230  sd=  0.00%      5.46 GF/s  setup=0.011 s
fftw3_measure            L=15  B=32    m=600   inner=1      min=    19.704 us/xform  median=    19.707  sd=  0.01%     10.04 GF/s  setup=0.011 s
fftw3_measure            L=15  B=32    m=600   inner=1      min=    21.121 us/xform  median=    21.125  sd=  0.01%      9.36 GF/s  setup=0.012 s
fftw3_measure            L=15  B=32    m=600   inner=1      min=    20.663 us/xform  median=    20.665  sd=  0.01%      9.57 GF/s  setup=0.012 s
fftw3_measure            L=15  B=32    m=2     inner=1      min=    24.146 us/xform  median=    24.146  sd=  0.00%      8.19 GF/s  setup=0.010 s
fftw3_patient            L=15  B=32    m=600   inner=1      min=    19.825 us/xform  median=    19.827  sd=  0.01%      9.98 GF/s  setup=0.019 s
fftw3_patient            L=15  B=32    m=600   inner=1      min=    19.902 us/xform  median=    19.904  sd=  0.01%      9.94 GF/s  setup=0.021 s
fftw3_patient            L=15  B=32    m=600   inner=1      min=    19.742 us/xform  median=    19.746  sd=  0.01%     10.02 GF/s  setup=0.019 s
fftw3_patient            L=15  B=32    m=2     inner=1      min=    23.168 us/xform  median=    23.168  sd=  0.00%      8.54 GF/s  setup=0.019 s
gen_batchlane            L=15  B=32    m=600   inner=1      min=     4.342 us/xform  median=     4.344  sd=  5.31%     45.55 GF/s  setup=0.000 s
gen_batchlane            L=15  B=32    m=600   inner=1      min=     4.344 us/xform  median=     4.345  sd=  0.03%     45.54 GF/s  setup=0.000 s
gen_batchlane            L=15  B=32    m=600   inner=1      min=     4.340 us/xform  median=     4.949  sd=  5.45%     45.57 GF/s  setup=0.000 s
gen_batchlane            L=15  B=32    m=2     inner=2      min=     9.286 us/xform  median=     9.286  sd=  0.00%     21.30 GF/s  setup=0.000 s
gen_bluestein            L=15  B=32    m=600   inner=1      min=    33.083 us/xform  median=    33.106  sd=  0.03%      5.98 GF/s  setup=0.000 s
gen_bluestein            L=15  B=32    m=600   inner=1      min=    33.165 us/xform  median=    33.182  sd=  0.02%      5.96 GF/s  setup=0.000 s
gen_bluestein            L=15  B=32    m=600   inner=1      min=    32.903 us/xform  median=    32.911  sd=  0.02%      6.01 GF/s  setup=0.000 s
gen_bluestein            L=15  B=32    m=2     inner=1      min=    36.045 us/xform  median=    36.045  sd=  0.00%      5.49 GF/s  setup=0.000 s
gen_dense_prime          L=15  B=32    m=600   inner=1      min=    14.747 us/xform  median=    14.750  sd=  0.02%     13.41 GF/s  setup=0.000 s
gen_dense_prime          L=15  B=32    m=600   inner=1      min=    14.728 us/xform  median=    14.730  sd=  0.01%     13.43 GF/s  setup=0.000 s
gen_dense_prime          L=15  B=32    m=600   inner=1      min=    15.621 us/xform  median=    15.624  sd=  0.01%     12.66 GF/s  setup=0.000 s
gen_dense_prime          L=15  B=32    m=2     inner=1      min=    22.038 us/xform  median=    22.038  sd=  0.00%      8.97 GF/s  setup=0.000 s
gen_layout               L=15  B=32    m=600   inner=1      min=    19.958 us/xform  median=    19.971  sd=  0.04%      9.91 GF/s  setup=0.000 s
gen_layout               L=15  B=32    m=600   inner=1      min=    20.029 us/xform  median=    20.038  sd=  0.04%      9.88 GF/s  setup=0.000 s
gen_layout               L=15  B=32    m=600   inner=1      min=    19.604 us/xform  median=    19.615  sd=  0.03%     10.09 GF/s  setup=0.000 s
gen_layout               L=15  B=32    m=2     inner=1      min=    22.902 us/xform  median=    22.902  sd=  0.00%      8.64 GF/s  setup=0.000 s
gen_pfa_small            L=15  B=32    m=600   inner=1      min=     4.346 us/xform  median=     4.462  sd=  6.69%     45.51 GF/s  setup=0.000 s
gen_pfa_small            L=15  B=32    m=600   inner=1      min=     4.336 us/xform  median=     4.949  sd=  5.71%     45.61 GF/s  setup=0.000 s
gen_pfa_small            L=15  B=32    m=600   inner=1      min=     4.325 us/xform  median=     4.331  sd=  0.06%     45.73 GF/s  setup=0.000 s
gen_pfa_small            L=15  B=32    m=2     inner=2      min=     9.354 us/xform  median=     9.354  sd=  0.00%     21.14 GF/s  setup=0.000 s
gen_planner              L=15  B=32    m=600   inner=1      min=     5.563 us/xform  median=     5.564  sd=  0.01%     35.55 GF/s  setup=0.008 s
gen_planner              L=15  B=32    m=600   inner=1      min=     5.605 us/xform  median=     5.606  sd=  0.01%     35.29 GF/s  setup=0.005 s
gen_planner              L=15  B=32    m=600   inner=1      min=     5.575 us/xform  median=     5.576  sd=  0.01%     35.48 GF/s  setup=0.003 s
gen_planner              L=15  B=32    m=2     inner=1      min=    18.313 us/xform  median=    18.313  sd=  0.00%     10.80 GF/s  setup=0.003 s
gen_race                 L=15  B=32    m=600   inner=1      min=     4.341 us/xform  median=     4.345  sd=  0.04%     45.56 GF/s  setup=0.181 s
gen_race                 L=15  B=32    m=600   inner=1      min=     4.329 us/xform  median=     4.333  sd=  0.03%     45.69 GF/s  setup=0.009 s
gen_race                 L=15  B=32    m=600   inner=1      min=     4.952 us/xform  median=     4.955  sd=  0.02%     39.94 GF/s  setup=0.009 s
gen_race                 L=15  B=32    m=2     inner=2      min=     9.483 us/xform  median=     9.483  sd=  0.00%     20.86 GF/s  setup=0.006 s
gen_twiddle              L=15  B=32    m=600   inner=1      min=    18.468 us/xform  median=    18.469  sd=  0.01%     10.71 GF/s  setup=0.003 s
gen_twiddle              L=15  B=32    m=600   inner=1      min=    18.113 us/xform  median=    18.114  sd=  0.01%     10.92 GF/s  setup=0.004 s
gen_twiddle              L=15  B=32    m=600   inner=1      min=    18.706 us/xform  median=    18.708  sd=  0.01%     10.57 GF/s  setup=0.002 s
gen_twiddle              L=15  B=32    m=2     inner=1      min=    22.327 us/xform  median=    22.327  sd=  0.00%      8.86 GF/s  setup=0.003 s
mkl2026_dfti             L=15  B=32    m=600   inner=1      min=    16.698 us/xform  median=    16.699  sd=  0.01%     11.84 GF/s  setup=0.003 s
mkl2026_dfti             L=15  B=32    m=600   inner=1      min=    16.636 us/xform  median=    16.638  sd=  0.01%     11.89 GF/s  setup=0.002 s
mkl2026_dfti             L=15  B=32    m=600   inner=1      min=    16.685 us/xform  median=    16.686  sd=  0.01%     11.85 GF/s  setup=0.002 s
mkl2026_dfti             L=15  B=32    m=2     inner=1      min=    23.465 us/xform  median=    23.465  sd=  0.00%      8.43 GF/s  setup=0.002 s
mkl_dfti                 L=15  B=32    m=600   inner=1      min=    16.510 us/xform  median=    16.511  sd=  0.01%     11.98 GF/s  setup=0.003 s
mkl_dfti                 L=15  B=32    m=600   inner=1      min=    16.460 us/xform  median=    16.462  sd=  0.01%     12.02 GF/s  setup=0.002 s
mkl_dfti                 L=15  B=32    m=600   inner=1      min=    16.470 us/xform  median=    16.472  sd=  0.01%     12.01 GF/s  setup=0.001 s
mkl_dfti                 L=15  B=32    m=2     inner=1      min=    22.839 us/xform  median=    22.839  sd=  0.00%      8.66 GF/s  setup=0.002 s
baseline_matrix          L=20  B=32    m=256   inner=1      min=   850.272 us/xform  median=   850.292  sd=  0.00%      0.61 GF/s  setup=0.000 s
baseline_matrix          L=20  B=32    m=256   inner=1      min=   850.293 us/xform  median=   850.304  sd=  0.00%      0.61 GF/s  setup=0.000 s
baseline_matrix          L=20  B=32    m=256   inner=1      min=   850.284 us/xform  median=   850.289  sd=  0.00%      0.61 GF/s  setup=0.000 s
baseline_matrix          L=20  B=32    m=2     inner=1      min=   858.193 us/xform  median=   858.193  sd=  0.00%      0.60 GF/s  setup=0.000 s
ducc0_c2c                L=20  B=32    m=256   inner=1      min=    72.858 us/xform  median=    73.004  sd=  0.14%      7.12 GF/s  setup=0.000 s
ducc0_c2c                L=20  B=32    m=256   inner=1      min=    73.427 us/xform  median=    73.528  sd=  0.15%      7.06 GF/s  setup=0.000 s
ducc0_c2c                L=20  B=32    m=256   inner=1      min=    72.064 us/xform  median=    72.156  sd=  0.14%      7.20 GF/s  setup=0.000 s
ducc0_c2c                L=20  B=32    m=2     inner=1      min=    93.425 us/xform  median=    93.425  sd=  0.00%      5.55 GF/s  setup=0.000 s
fftw3_custom             L=20  B=32    m=256   inner=1      min=    63.323 us/xform  median=    63.356  sd=  0.03%      8.19 GF/s  setup=0.000 s
fftw3_custom             L=20  B=32    m=256   inner=1      min=    63.121 us/xform  median=    63.143  sd=  0.02%      8.22 GF/s  setup=0.000 s
fftw3_custom             L=20  B=32    m=256   inner=1      min=    63.378 us/xform  median=    63.414  sd=  0.03%      8.18 GF/s  setup=0.000 s
fftw3_custom             L=20  B=32    m=2     inner=1      min=   114.176 us/xform  median=   114.176  sd=  0.00%      4.54 GF/s  setup=0.000 s
fftw3_custom_soa         L=20  B=32    m=256   inner=1      min=    42.702 us/xform  median=    42.717  sd=  0.03%     12.15 GF/s  setup=0.000 s
fftw3_custom_soa         L=20  B=32    m=256   inner=1      min=    42.661 us/xform  median=    42.674  sd=  0.04%     12.16 GF/s  setup=0.000 s
fftw3_custom_soa         L=20  B=32    m=256   inner=1      min=    41.777 us/xform  median=    41.822  sd=  0.07%     12.41 GF/s  setup=0.000 s
fftw3_custom_soa         L=20  B=32    m=2     inner=1      min=   100.817 us/xform  median=   100.817  sd=  0.00%      5.14 GF/s  setup=0.000 s
fftw3_estimate           L=20  B=32    m=256   inner=1      min=    91.818 us/xform  median=    91.903  sd=  0.05%      5.65 GF/s  setup=0.001 s
fftw3_estimate           L=20  B=32    m=256   inner=1      min=    91.900 us/xform  median=    91.964  sd=  0.04%      5.64 GF/s  setup=0.001 s
fftw3_estimate           L=20  B=32    m=256   inner=1      min=    91.804 us/xform  median=    91.857  sd=  0.06%      5.65 GF/s  setup=0.001 s
fftw3_estimate           L=20  B=32    m=2     inner=1      min=   112.913 us/xform  median=   112.913  sd=  0.00%      4.59 GF/s  setup=0.001 s
fftw3_guru               L=20  B=32    m=256   inner=1      min=    60.744 us/xform  median=    60.762  sd=  0.02%      8.54 GF/s  setup=0.076 s
fftw3_guru               L=20  B=32    m=256   inner=1      min=    61.253 us/xform  median=    61.275  sd=  0.02%      8.47 GF/s  setup=0.075 s
fftw3_guru               L=20  B=32    m=256   inner=1      min=    61.030 us/xform  median=    61.045  sd=  0.02%      8.50 GF/s  setup=0.078 s
fftw3_guru               L=20  B=32    m=2     inner=1      min=    84.434 us/xform  median=    84.434  sd=  0.00%      6.14 GF/s  setup=0.077 s
fftw3_measure            L=20  B=32    m=256   inner=1      min=    44.928 us/xform  median=    44.938  sd=  0.02%     11.54 GF/s  setup=0.082 s
fftw3_measure            L=20  B=32    m=256   inner=1      min=    44.998 us/xform  median=    45.006  sd=  0.02%     11.53 GF/s  setup=0.085 s
fftw3_measure            L=20  B=32    m=256   inner=1      min=    45.019 us/xform  median=    45.033  sd=  0.02%     11.52 GF/s  setup=0.085 s
fftw3_measure            L=20  B=32    m=2     inner=1      min=    55.031 us/xform  median=    55.031  sd=  0.00%      9.42 GF/s  setup=0.085 s
fftw3_patient            L=20  B=32    m=256   inner=1      min=    44.949 us/xform  median=    44.967  sd=  0.03%     11.54 GF/s  setup=0.316 s
fftw3_patient            L=20  B=32    m=256   inner=1      min=    45.369 us/xform  median=    45.385  sd=  0.02%     11.43 GF/s  setup=0.299 s
fftw3_patient            L=20  B=32    m=256   inner=1      min=    45.147 us/xform  median=    45.167  sd=  0.02%     11.49 GF/s  setup=0.319 s
fftw3_patient            L=20  B=32    m=2     inner=1      min=    54.843 us/xform  median=    54.843  sd=  0.00%      9.46 GF/s  setup=0.301 s
gen_batchlane            L=20  B=32    m=256   inner=1      min=    12.571 us/xform  median=    12.586  sd=  0.06%     41.26 GF/s  setup=0.001 s
gen_batchlane            L=20  B=32    m=256   inner=1      min=    12.593 us/xform  median=    12.600  sd=  0.04%     41.18 GF/s  setup=0.001 s
gen_batchlane            L=20  B=32    m=256   inner=1      min=    12.756 us/xform  median=    13.536  sd=  5.16%     40.66 GF/s  setup=0.001 s
gen_batchlane            L=20  B=32    m=2     inner=1      min=    26.820 us/xform  median=    26.820  sd=  0.00%     19.34 GF/s  setup=0.001 s
gen_bluestein            L=20  B=32    m=256   inner=1      min=    81.845 us/xform  median=    81.852  sd=  0.01%      6.34 GF/s  setup=0.000 s
gen_bluestein            L=20  B=32    m=256   inner=1      min=    83.689 us/xform  median=    83.781  sd=  0.05%      6.20 GF/s  setup=0.000 s
gen_bluestein            L=20  B=32    m=256   inner=1      min=    82.174 us/xform  median=    82.342  sd=  0.09%      6.31 GF/s  setup=0.000 s
gen_bluestein            L=20  B=32    m=2     inner=1      min=    93.534 us/xform  median=    93.534  sd=  0.00%      5.54 GF/s  setup=0.000 s
gen_dense_prime          L=20  B=32    m=256   inner=1      min=    38.743 us/xform  median=    38.747  sd=  0.02%     13.39 GF/s  setup=0.000 s
gen_dense_prime          L=20  B=32    m=256   inner=1      min=    38.341 us/xform  median=    38.345  sd=  0.01%     13.53 GF/s  setup=0.000 s
gen_dense_prime          L=20  B=32    m=256   inner=1      min=    37.812 us/xform  median=    37.816  sd=  0.01%     13.72 GF/s  setup=0.000 s
gen_dense_prime          L=20  B=32    m=2     inner=1      min=    48.091 us/xform  median=    48.091  sd=  0.00%     10.78 GF/s  setup=0.000 s
gen_layout               L=20  B=32    m=256   inner=1      min=    34.815 us/xform  median=    34.823  sd=  0.02%     14.90 GF/s  setup=0.001 s
gen_layout               L=20  B=32    m=256   inner=1      min=    34.646 us/xform  median=    34.653  sd=  0.01%     14.97 GF/s  setup=0.000 s
gen_layout               L=20  B=32    m=256   inner=1      min=    35.250 us/xform  median=    35.255  sd=  0.06%     14.71 GF/s  setup=0.000 s
gen_layout               L=20  B=32    m=2     inner=1      min=    39.710 us/xform  median=    39.710  sd=  0.00%     13.06 GF/s  setup=0.000 s
gen_pfa_small            L=20  B=32    m=256   inner=1      min=    12.801 us/xform  median=    12.806  sd=  0.03%     40.52 GF/s  setup=0.001 s
gen_pfa_small            L=20  B=32    m=256   inner=1      min=    12.780 us/xform  median=    12.792  sd=  0.05%     40.58 GF/s  setup=0.001 s
gen_pfa_small            L=20  B=32    m=256   inner=1      min=    12.609 us/xform  median=    15.631  sd= 11.76%     41.13 GF/s  setup=0.001 s
gen_pfa_small            L=20  B=32    m=2     inner=1      min=    25.728 us/xform  median=    25.728  sd=  0.00%     20.16 GF/s  setup=0.001 s
gen_planner              L=20  B=32    m=256   inner=1      min=    17.226 us/xform  median=    17.228  sd=  0.04%     30.11 GF/s  setup=0.018 s
gen_planner              L=20  B=32    m=256   inner=1      min=    17.367 us/xform  median=    17.372  sd=  0.03%     29.86 GF/s  setup=0.008 s
gen_planner              L=20  B=32    m=256   inner=1      min=    17.623 us/xform  median=    17.630  sd=  0.03%     29.43 GF/s  setup=0.008 s
gen_planner              L=20  B=32    m=2     inner=1      min=    59.959 us/xform  median=    59.959  sd=  0.00%      8.65 GF/s  setup=0.007 s
gen_race                 L=20  B=32    m=256   inner=1      min=    12.770 us/xform  median=    12.779  sd=  0.24%     40.61 GF/s  setup=0.313 s
gen_race                 L=20  B=32    m=256   inner=1      min=    12.776 us/xform  median=    12.783  sd=  0.03%     40.59 GF/s  setup=0.010 s
gen_race                 L=20  B=32    m=256   inner=1      min=    12.767 us/xform  median=    12.776  sd=  0.04%     40.62 GF/s  setup=0.013 s
gen_race                 L=20  B=32    m=2     inner=1      min=    28.687 us/xform  median=    28.687  sd=  0.00%     18.08 GF/s  setup=0.008 s
gen_twiddle              L=20  B=32    m=256   inner=1      min=    33.323 us/xform  median=    33.326  sd=  0.01%     15.56 GF/s  setup=0.003 s
gen_twiddle              L=20  B=32    m=256   inner=1      min=    34.410 us/xform  median=    34.413  sd=  0.02%     15.07 GF/s  setup=0.003 s
gen_twiddle              L=20  B=32    m=256   inner=1      min=    34.314 us/xform  median=    34.318  sd=  0.02%     15.11 GF/s  setup=0.004 s
gen_twiddle              L=20  B=32    m=2     inner=1      min=    39.712 us/xform  median=    39.712  sd=  0.00%     13.06 GF/s  setup=0.003 s
mkl2026_dfti             L=20  B=32    m=256   inner=1      min=    57.421 us/xform  median=    57.540  sd=  0.15%      9.03 GF/s  setup=0.054 s
mkl2026_dfti             L=20  B=32    m=256   inner=1      min=    57.707 us/xform  median=    57.841  sd=  0.19%      8.99 GF/s  setup=0.048 s
mkl2026_dfti             L=20  B=32    m=256   inner=1      min=    57.580 us/xform  median=    57.781  sd=  0.88%      9.01 GF/s  setup=0.050 s
mkl2026_dfti             L=20  B=32    m=2     inner=1      min=    63.542 us/xform  median=    63.542  sd=  0.00%      8.16 GF/s  setup=0.051 s
mkl_dfti                 L=20  B=32    m=256   inner=1      min=    57.955 us/xform  median=    58.072  sd=  0.12%      8.95 GF/s  setup=0.033 s
mkl_dfti                 L=20  B=32    m=256   inner=1      min=    58.108 us/xform  median=    58.274  sd=  0.16%      8.93 GF/s  setup=0.051 s
mkl_dfti                 L=20  B=32    m=256   inner=1      min=    57.781 us/xform  median=    57.904  sd=  0.13%      8.98 GF/s  setup=0.050 s
mkl_dfti                 L=20  B=32    m=2     inner=1      min=    72.090 us/xform  median=    72.090  sd=  0.00%      7.19 GF/s  setup=0.055 s
baseline_matrix          L=25  B=16    m=256   inner=1      min=  2061.397 us/xform  median=  2061.439  sd=  0.00%      0.53 GF/s  setup=0.000 s
baseline_matrix          L=25  B=16    m=256   inner=1      min=  2061.385 us/xform  median=  2061.424  sd=  0.00%      0.53 GF/s  setup=0.000 s
baseline_matrix          L=25  B=16    m=256   inner=1      min=  2061.384 us/xform  median=  2061.433  sd=  0.00%      0.53 GF/s  setup=0.000 s
baseline_matrix          L=25  B=16    m=2     inner=1      min=  2078.746 us/xform  median=  2078.746  sd=  0.00%      0.52 GF/s  setup=0.000 s
ducc0_c2c                L=25  B=16    m=256   inner=1      min=   145.326 us/xform  median=   145.506  sd=  0.13%      7.49 GF/s  setup=0.000 s
ducc0_c2c                L=25  B=16    m=256   inner=1      min=   145.092 us/xform  median=   145.363  sd=  0.15%      7.50 GF/s  setup=0.000 s
ducc0_c2c                L=25  B=16    m=256   inner=1      min=   145.521 us/xform  median=   145.754  sd=  0.15%      7.48 GF/s  setup=0.000 s
ducc0_c2c                L=25  B=16    m=2     inner=1      min=   184.810 us/xform  median=   184.810  sd=  0.00%      5.89 GF/s  setup=0.000 s
fftw3_custom             L=25  B=16    m=256   inner=1      min=   161.128 us/xform  median=   161.188  sd=  0.02%      6.75 GF/s  setup=0.000 s
fftw3_custom             L=25  B=16    m=256   inner=1      min=   159.178 us/xform  median=   159.309  sd=  0.04%      6.84 GF/s  setup=0.000 s
fftw3_custom             L=25  B=16    m=256   inner=1      min=   160.957 us/xform  median=   160.999  sd=  0.02%      6.76 GF/s  setup=0.000 s
fftw3_custom             L=25  B=16    m=2     inner=1      min=   297.720 us/xform  median=   297.720  sd=  0.00%      3.66 GF/s  setup=0.000 s
fftw3_custom_soa         L=25  B=16    m=256   inner=1      min=    76.782 us/xform  median=    76.876  sd=  0.07%     14.18 GF/s  setup=0.000 s
fftw3_custom_soa         L=25  B=16    m=256   inner=1      min=    77.249 us/xform  median=    77.292  sd=  0.05%     14.09 GF/s  setup=0.000 s
fftw3_custom_soa         L=25  B=16    m=256   inner=1      min=    77.340 us/xform  median=    77.355  sd=  0.04%     14.07 GF/s  setup=0.000 s
fftw3_custom_soa         L=25  B=16    m=2     inner=1      min=   185.388 us/xform  median=   185.388  sd=  0.00%      5.87 GF/s  setup=0.000 s
fftw3_estimate           L=25  B=16    m=256   inner=1      min=   130.469 us/xform  median=   130.681  sd=  0.07%      8.34 GF/s  setup=0.001 s
fftw3_estimate           L=25  B=16    m=256   inner=1      min=   133.400 us/xform  median=   133.623  sd=  0.07%      8.16 GF/s  setup=0.001 s
fftw3_estimate           L=25  B=16    m=256   inner=1      min=   134.997 us/xform  median=   135.271  sd=  0.10%      8.06 GF/s  setup=0.001 s
fftw3_estimate           L=25  B=16    m=2     inner=1      min=   176.716 us/xform  median=   176.716  sd=  0.00%      6.16 GF/s  setup=0.001 s
fftw3_guru               L=25  B=16    m=256   inner=1      min=   175.187 us/xform  median=   175.233  sd=  0.01%      6.21 GF/s  setup=0.032 s
fftw3_guru               L=25  B=16    m=256   inner=1      min=   189.033 us/xform  median=   189.069  sd=  0.01%      5.76 GF/s  setup=0.033 s
fftw3_guru               L=25  B=16    m=256   inner=1      min=   192.471 us/xform  median=   192.490  sd=  0.01%      5.65 GF/s  setup=0.033 s
fftw3_guru               L=25  B=16    m=2     inner=1      min=   235.336 us/xform  median=   235.336  sd=  0.00%      4.62 GF/s  setup=0.032 s
fftw3_measure            L=25  B=16    m=256   inner=1      min=   118.392 us/xform  median=   118.401  sd=  0.02%      9.19 GF/s  setup=0.028 s
fftw3_measure            L=25  B=16    m=256   inner=1      min=   117.565 us/xform  median=   117.577  sd=  0.02%      9.26 GF/s  setup=0.028 s
fftw3_measure            L=25  B=16    m=256   inner=1      min=   117.750 us/xform  median=   117.769  sd=  0.01%      9.24 GF/s  setup=0.028 s
fftw3_measure            L=25  B=16    m=2     inner=1      min=   148.416 us/xform  median=   148.416  sd=  0.00%      7.33 GF/s  setup=0.029 s
fftw3_patient            L=25  B=16    m=256   inner=1      min=   107.868 us/xform  median=   107.886  sd=  0.02%     10.09 GF/s  setup=0.110 s
fftw3_patient            L=25  B=16    m=256   inner=1      min=   110.895 us/xform  median=   110.914  sd=  0.02%      9.81 GF/s  setup=0.103 s
fftw3_patient            L=25  B=16    m=256   inner=1      min=   108.627 us/xform  median=   108.674  sd=  0.02%     10.02 GF/s  setup=0.112 s
fftw3_patient            L=25  B=16    m=2     inner=1      min=   127.710 us/xform  median=   127.710  sd=  0.00%      8.52 GF/s  setup=0.111 s
gen_bluestein            L=25  B=16    m=256   inner=1      min=   170.309 us/xform  median=   170.418  sd=  0.04%      6.39 GF/s  setup=0.000 s
gen_bluestein            L=25  B=16    m=256   inner=1      min=   170.462 us/xform  median=   170.503  sd=  0.02%      6.39 GF/s  setup=0.000 s
gen_bluestein            L=25  B=16    m=256   inner=1      min=   170.487 us/xform  median=   170.554  sd=  0.05%      6.38 GF/s  setup=0.000 s
gen_bluestein            L=25  B=16    m=2     inner=1      min=   197.987 us/xform  median=   197.987  sd=  0.00%      5.50 GF/s  setup=0.000 s
gen_layout               L=25  B=16    m=256   inner=1      min=    92.979 us/xform  median=    93.013  sd=  0.02%     11.71 GF/s  setup=0.000 s
gen_layout               L=25  B=16    m=256   inner=1      min=    94.777 us/xform  median=    94.818  sd=  0.03%     11.48 GF/s  setup=0.000 s
gen_layout               L=25  B=16    m=256   inner=1      min=    94.847 us/xform  median=    94.875  sd=  0.04%     11.48 GF/s  setup=0.000 s
gen_layout               L=25  B=16    m=2     inner=1      min=   111.997 us/xform  median=   111.997  sd=  0.00%      9.72 GF/s  setup=0.000 s
gen_planner              L=25  B=16    m=256   inner=1      min=    41.730 us/xform  median=    41.736  sd=  0.03%     26.08 GF/s  setup=0.025 s
gen_planner              L=25  B=16    m=256   inner=1      min=    40.688 us/xform  median=    40.695  sd=  4.32%     26.75 GF/s  setup=0.015 s
gen_planner              L=25  B=16    m=256   inner=1      min=    41.660 us/xform  median=    41.667  sd=  0.03%     26.13 GF/s  setup=0.012 s
gen_planner              L=25  B=16    m=2     inner=1      min=   163.169 us/xform  median=   163.169  sd=  0.00%      6.67 GF/s  setup=0.013 s
gen_powp                 L=25  B=16    m=256   inner=1      min=    30.941 us/xform  median=    30.952  sd=  0.04%     35.18 GF/s  setup=0.590 s
gen_powp                 L=25  B=16    m=256   inner=1      min=    31.151 us/xform  median=    31.168  sd=  0.03%     34.94 GF/s  setup=0.004 s
gen_powp                 L=25  B=16    m=256   inner=1      min=    30.863 us/xform  median=    30.874  sd=  4.42%     35.27 GF/s  setup=0.004 s
gen_powp                 L=25  B=16    m=2     inner=1      min=    70.843 us/xform  median=    70.843  sd=  0.00%     15.36 GF/s  setup=0.003 s
gen_race                 L=25  B=16    m=256   inner=1      min=    31.386 us/xform  median=    31.400  sd=  3.43%     34.68 GF/s  setup=0.255 s
gen_race                 L=25  B=16    m=256   inner=1      min=    31.418 us/xform  median=    31.426  sd=  0.03%     34.64 GF/s  setup=0.013 s
gen_race                 L=25  B=16    m=256   inner=1      min=    31.037 us/xform  median=    31.052  sd=  0.04%     35.07 GF/s  setup=0.011 s
gen_race                 L=25  B=16    m=2     inner=1      min=    69.672 us/xform  median=    69.672  sd=  0.00%     15.62 GF/s  setup=0.010 s
gen_twiddle              L=25  B=16    m=256   inner=1      min=    74.491 us/xform  median=    74.499  sd=  0.01%     14.61 GF/s  setup=0.003 s
gen_twiddle              L=25  B=16    m=256   inner=1      min=    75.245 us/xform  median=    75.256  sd=  0.01%     14.46 GF/s  setup=0.003 s
gen_twiddle              L=25  B=16    m=256   inner=1      min=    76.384 us/xform  median=    76.388  sd=  0.01%     14.25 GF/s  setup=0.004 s
gen_twiddle              L=25  B=16    m=2     inner=1      min=    94.505 us/xform  median=    94.505  sd=  0.00%     11.52 GF/s  setup=0.004 s
mkl2026_dfti             L=25  B=16    m=256   inner=1      min=   123.181 us/xform  median=   123.611  sd=  0.19%      8.84 GF/s  setup=0.045 s
mkl2026_dfti             L=25  B=16    m=256   inner=1      min=   123.606 us/xform  median=   123.857  sd=  0.17%      8.81 GF/s  setup=0.051 s
mkl2026_dfti             L=25  B=16    m=256   inner=1      min=   123.931 us/xform  median=   124.206  sd=  0.15%      8.78 GF/s  setup=0.049 s
mkl2026_dfti             L=25  B=16    m=2     inner=1      min=   221.359 us/xform  median=   221.359  sd=  0.00%      4.92 GF/s  setup=0.049 s
mkl_dfti                 L=25  B=16    m=256   inner=1      min=   121.003 us/xform  median=   121.667  sd=  0.34%      8.99 GF/s  setup=0.036 s
mkl_dfti                 L=25  B=16    m=256   inner=1      min=   120.701 us/xform  median=   120.976  sd=  0.12%      9.02 GF/s  setup=0.049 s
mkl_dfti                 L=25  B=16    m=256   inner=1      min=   120.776 us/xform  median=   121.080  sd=  0.15%      9.01 GF/s  setup=0.049 s
mkl_dfti                 L=25  B=16    m=2     inner=1      min=   229.832 us/xform  median=   229.832  sd=  0.00%      4.74 GF/s  setup=0.050 s
baseline_matrix          L=27  B=16    m=200   inner=1      min=  2798.917 us/xform  median=  2799.087  sd=  0.00%      0.50 GF/s  setup=0.000 s
baseline_matrix          L=27  B=16    m=200   inner=1      min=  2799.031 us/xform  median=  2799.088  sd=  0.00%      0.50 GF/s  setup=0.000 s
baseline_matrix          L=27  B=16    m=200   inner=1      min=  2798.740 us/xform  median=  2798.894  sd=  0.00%      0.50 GF/s  setup=0.000 s
baseline_matrix          L=27  B=16    m=2     inner=1      min=  2820.677 us/xform  median=  2820.677  sd=  0.00%      0.50 GF/s  setup=0.000 s
ducc0_c2c                L=27  B=16    m=200   inner=1      min=   193.296 us/xform  median=   193.312  sd=  0.15%      7.26 GF/s  setup=0.000 s
ducc0_c2c                L=27  B=16    m=200   inner=1      min=   191.782 us/xform  median=   192.128  sd=  0.19%      7.32 GF/s  setup=0.000 s
ducc0_c2c                L=27  B=16    m=200   inner=1      min=   190.829 us/xform  median=   191.098  sd=  0.18%      7.36 GF/s  setup=0.000 s
ducc0_c2c                L=27  B=16    m=2     inner=1      min=   240.862 us/xform  median=   240.862  sd=  0.00%      5.83 GF/s  setup=0.000 s
fftw3_custom             L=27  B=16    m=200   inner=1      min=   200.829 us/xform  median=   200.945  sd=  0.03%      6.99 GF/s  setup=0.000 s
fftw3_custom             L=27  B=16    m=200   inner=1      min=   198.158 us/xform  median=   198.266  sd=  0.04%      7.08 GF/s  setup=0.000 s
fftw3_custom             L=27  B=16    m=200   inner=1      min=   197.916 us/xform  median=   198.081  sd=  0.05%      7.09 GF/s  setup=0.000 s
fftw3_custom             L=27  B=16    m=2     inner=1      min=   377.305 us/xform  median=   377.305  sd=  0.00%      3.72 GF/s  setup=0.000 s
fftw3_custom_soa         L=27  B=16    m=200   inner=1      min=    98.044 us/xform  median=    98.181  sd=  0.07%     14.32 GF/s  setup=0.000 s
fftw3_custom_soa         L=27  B=16    m=200   inner=1      min=    97.983 us/xform  median=    98.081  sd=  0.06%     14.33 GF/s  setup=0.000 s
fftw3_custom_soa         L=27  B=16    m=200   inner=1      min=    95.794 us/xform  median=    95.869  sd=  0.09%     14.65 GF/s  setup=0.000 s
fftw3_custom_soa         L=27  B=16    m=2     inner=1      min=   218.384 us/xform  median=   218.384  sd=  0.00%      6.43 GF/s  setup=0.000 s
fftw3_estimate           L=27  B=16    m=200   inner=1      min=   254.216 us/xform  median=   254.518  sd=  0.09%      5.52 GF/s  setup=0.003 s
fftw3_estimate           L=27  B=16    m=200   inner=1      min=   262.714 us/xform  median=   263.017  sd=  0.06%      5.34 GF/s  setup=0.003 s
fftw3_estimate           L=27  B=16    m=200   inner=1      min=   254.256 us/xform  median=   254.603  sd=  0.11%      5.52 GF/s  setup=0.003 s
fftw3_estimate           L=27  B=16    m=2     inner=1      min=   336.175 us/xform  median=   336.175  sd=  0.00%      4.18 GF/s  setup=0.003 s
fftw3_guru               L=27  B=16    m=200   inner=1      min=   258.973 us/xform  median=   259.268  sd=  0.11%      5.42 GF/s  setup=0.042 s
fftw3_guru               L=27  B=16    m=200   inner=1      min=   260.654 us/xform  median=   260.739  sd=  0.06%      5.39 GF/s  setup=0.041 s
fftw3_guru               L=27  B=16    m=200   inner=1      min=   260.993 us/xform  median=   261.186  sd=  0.04%      5.38 GF/s  setup=0.044 s
fftw3_guru               L=27  B=16    m=2     inner=1      min=   347.503 us/xform  median=   347.503  sd=  0.00%      4.04 GF/s  setup=0.043 s
fftw3_measure            L=27  B=16    m=200   inner=1      min=   228.392 us/xform  median=   229.430  sd=  0.19%      6.15 GF/s  setup=0.035 s
fftw3_measure            L=27  B=16    m=200   inner=1      min=   225.048 us/xform  median=   225.099  sd=  0.02%      6.24 GF/s  setup=0.034 s
fftw3_measure            L=27  B=16    m=200   inner=1      min=   228.885 us/xform  median=   229.017  sd=  0.05%      6.13 GF/s  setup=0.033 s
fftw3_measure            L=27  B=16    m=2     inner=1      min=   301.852 us/xform  median=   301.852  sd=  0.00%      4.65 GF/s  setup=0.034 s
fftw3_patient            L=27  B=16    m=200   inner=1      min=   202.596 us/xform  median=   202.656  sd=  0.07%      6.93 GF/s  setup=0.139 s
fftw3_patient            L=27  B=16    m=200   inner=1      min=   206.182 us/xform  median=   206.258  sd=  0.03%      6.81 GF/s  setup=0.137 s
fftw3_patient            L=27  B=16    m=200   inner=1      min=   204.879 us/xform  median=   204.937  sd=  0.01%      6.85 GF/s  setup=0.138 s
fftw3_patient            L=27  B=16    m=2     inner=1      min=   228.554 us/xform  median=   228.554  sd=  0.00%      6.14 GF/s  setup=0.145 s
gen_bluestein            L=27  B=16    m=200   inner=1      min=   203.595 us/xform  median=   203.663  sd=  0.05%      6.90 GF/s  setup=0.000 s
gen_bluestein            L=27  B=16    m=200   inner=1      min=   202.162 us/xform  median=   202.232  sd=  0.04%      6.94 GF/s  setup=0.000 s
gen_bluestein            L=27  B=16    m=200   inner=1      min=   201.001 us/xform  median=   201.068  sd=  0.02%      6.98 GF/s  setup=0.000 s
gen_bluestein            L=27  B=16    m=2     inner=1      min=   219.598 us/xform  median=   219.598  sd=  0.00%      6.39 GF/s  setup=0.000 s
gen_layout               L=27  B=16    m=200   inner=1      min=   126.669 us/xform  median=   126.725  sd=  0.03%     11.08 GF/s  setup=0.001 s
gen_layout               L=27  B=16    m=200   inner=1      min=   125.382 us/xform  median=   125.437  sd=  0.02%     11.20 GF/s  setup=0.000 s
gen_layout               L=27  B=16    m=200   inner=1      min=   123.766 us/xform  median=   123.845  sd=  0.03%     11.34 GF/s  setup=0.000 s
gen_layout               L=27  B=16    m=2     inner=1      min=   149.648 us/xform  median=   149.648  sd=  0.00%      9.38 GF/s  setup=0.000 s
gen_planner              L=27  B=16    m=200   inner=1      min=    59.832 us/xform  median=    59.841  sd=  0.04%     23.46 GF/s  setup=0.029 s
gen_planner              L=27  B=16    m=200   inner=1      min=    60.873 us/xform  median=    60.892  sd=  4.95%     23.06 GF/s  setup=0.018 s
gen_planner              L=27  B=16    m=200   inner=1      min=    59.771 us/xform  median=    59.786  sd=  0.04%     23.49 GF/s  setup=0.018 s
gen_planner              L=27  B=16    m=2     inner=1      min=   213.494 us/xform  median=   213.494  sd=  0.00%      6.58 GF/s  setup=0.016 s
gen_powp                 L=27  B=16    m=200   inner=1      min=    43.723 us/xform  median=    43.729  sd=  0.04%     32.11 GF/s  setup=0.515 s
gen_powp                 L=27  B=16    m=200   inner=1      min=    43.848 us/xform  median=    43.865  sd=  0.04%     32.02 GF/s  setup=0.003 s
gen_powp                 L=27  B=16    m=200   inner=1      min=    43.820 us/xform  median=    43.842  sd=  0.04%     32.04 GF/s  setup=0.004 s
gen_powp                 L=27  B=16    m=2     inner=1      min=    96.289 us/xform  median=    96.289  sd=  0.00%     14.58 GF/s  setup=0.003 s
gen_race                 L=27  B=16    m=200   inner=1      min=    42.837 us/xform  median=    42.858  sd=  0.04%     32.77 GF/s  setup=0.305 s
gen_race                 L=27  B=16    m=200   inner=1      min=    43.962 us/xform  median=    43.977  sd=  0.04%     31.93 GF/s  setup=0.015 s
gen_race                 L=27  B=16    m=200   inner=1      min=    44.475 us/xform  median=    48.533  sd=  6.69%     31.57 GF/s  setup=0.015 s
gen_race                 L=27  B=16    m=2     inner=1      min=    94.524 us/xform  median=    94.524  sd=  0.00%     14.85 GF/s  setup=0.010 s
gen_twiddle              L=27  B=16    m=200   inner=1      min=   121.392 us/xform  median=   121.421  sd=  0.02%     11.56 GF/s  setup=0.004 s
gen_twiddle              L=27  B=16    m=200   inner=1      min=   121.580 us/xform  median=   121.599  sd=  0.01%     11.55 GF/s  setup=0.004 s
gen_twiddle              L=27  B=16    m=200   inner=1      min=   123.304 us/xform  median=   123.326  sd=  0.02%     11.39 GF/s  setup=0.005 s
gen_twiddle              L=27  B=16    m=2     inner=1      min=   156.613 us/xform  median=   156.613  sd=  0.00%      8.96 GF/s  setup=0.004 s
mkl2026_dfti             L=27  B=16    m=200   inner=1      min=   148.293 us/xform  median=   148.379  sd=  0.05%      9.47 GF/s  setup=0.046 s
mkl2026_dfti             L=27  B=16    m=200   inner=1      min=   148.442 us/xform  median=   148.569  sd=  0.06%      9.46 GF/s  setup=0.051 s
mkl2026_dfti             L=27  B=16    m=200   inner=1      min=   148.384 us/xform  median=   148.464  sd=  0.04%      9.46 GF/s  setup=0.050 s
mkl2026_dfti             L=27  B=16    m=2     inner=1      min=   269.191 us/xform  median=   269.191  sd=  0.00%      5.22 GF/s  setup=0.050 s
mkl_dfti                 L=27  B=16    m=200   inner=1      min=   144.579 us/xform  median=   144.648  sd=  0.03%      9.71 GF/s  setup=0.035 s
mkl_dfti                 L=27  B=16    m=200   inner=1      min=   144.499 us/xform  median=   144.607  sd=  0.04%      9.72 GF/s  setup=0.053 s
mkl_dfti                 L=27  B=16    m=200   inner=1      min=   144.186 us/xform  median=   144.284  sd=  0.03%      9.74 GF/s  setup=0.048 s
mkl_dfti                 L=27  B=16    m=2     inner=1      min=   265.535 us/xform  median=   265.535  sd=  0.00%      5.29 GF/s  setup=0.048 s
baseline_matrix          L=31  B=16    m=140   inner=1      min=  4853.646 us/xform  median=  4853.852  sd=  0.00%      0.46 GF/s  setup=0.000 s
baseline_matrix          L=31  B=16    m=140   inner=1      min=  4852.151 us/xform  median=  4852.198  sd=  0.00%      0.46 GF/s  setup=0.000 s
baseline_matrix          L=31  B=16    m=140   inner=1      min=  4853.605 us/xform  median=  4853.719  sd=  0.00%      0.46 GF/s  setup=0.000 s
baseline_matrix          L=31  B=16    m=2     inner=1      min=  4877.419 us/xform  median=  4877.419  sd=  0.00%      0.45 GF/s  setup=0.000 s
ducc0_c2c                L=31  B=16    m=140   inner=1      min=   734.301 us/xform  median=   735.524  sd=  0.11%      3.01 GF/s  setup=0.000 s
ducc0_c2c                L=31  B=16    m=140   inner=1      min=   714.181 us/xform  median=   715.032  sd=  0.11%      3.10 GF/s  setup=0.000 s
ducc0_c2c                L=31  B=16    m=140   inner=1      min=   740.901 us/xform  median=   742.585  sd=  0.12%      2.99 GF/s  setup=0.000 s
ducc0_c2c                L=31  B=16    m=2     inner=1      min=   828.446 us/xform  median=   828.446  sd=  0.00%      2.67 GF/s  setup=0.000 s
fftw3_custom             L=31  B=16    m=140   inner=1      min=   501.594 us/xform  median=   502.090  sd=  0.04%      4.41 GF/s  setup=0.000 s
fftw3_custom             L=31  B=16    m=140   inner=1      min=   508.679 us/xform  median=   509.243  sd=  0.05%      4.35 GF/s  setup=0.000 s
fftw3_custom             L=31  B=16    m=140   inner=1      min=   497.538 us/xform  median=   498.058  sd=  0.07%      4.45 GF/s  setup=0.000 s
fftw3_custom             L=31  B=16    m=2     inner=1      min=   722.605 us/xform  median=   722.605  sd=  0.00%      3.06 GF/s  setup=0.000 s
fftw3_custom_soa         L=31  B=16    m=140   inner=1      min=   208.612 us/xform  median=   209.672  sd=  0.26%     10.61 GF/s  setup=0.000 s
fftw3_custom_soa         L=31  B=16    m=140   inner=1      min=   210.591 us/xform  median=   210.876  sd=  0.09%     10.51 GF/s  setup=0.000 s
fftw3_custom_soa         L=31  B=16    m=140   inner=1      min=   213.359 us/xform  median=   213.776  sd=  0.12%     10.38 GF/s  setup=0.000 s
fftw3_custom_soa         L=31  B=16    m=2     inner=1      min=   419.625 us/xform  median=   419.625  sd=  0.00%      5.28 GF/s  setup=0.000 s
fftw3_estimate           L=31  B=16    m=140   inner=1      min=   860.232 us/xform  median=   860.295  sd=  0.01%      2.57 GF/s  setup=0.002 s
fftw3_estimate           L=31  B=16    m=140   inner=1      min=   860.487 us/xform  median=   860.535  sd=  0.01%      2.57 GF/s  setup=0.002 s
fftw3_estimate           L=31  B=16    m=140   inner=1      min=   859.608 us/xform  median=   859.696  sd=  0.01%      2.58 GF/s  setup=0.003 s
fftw3_estimate           L=31  B=16    m=2     inner=1      min=   908.369 us/xform  median=   908.369  sd=  0.00%      2.44 GF/s  setup=0.002 s
fftw3_guru               L=31  B=16    m=140   inner=1      min=   832.554 us/xform  median=   832.716  sd=  0.16%      2.66 GF/s  setup=0.089 s
fftw3_guru               L=31  B=16    m=140   inner=1      min=   834.568 us/xform  median=   834.745  sd=  0.01%      2.65 GF/s  setup=0.089 s
fftw3_guru               L=31  B=16    m=140   inner=1      min=   835.024 us/xform  median=   835.248  sd=  0.01%      2.65 GF/s  setup=0.088 s
fftw3_guru               L=31  B=16    m=2     inner=1      min=   892.982 us/xform  median=   892.982  sd=  0.00%      2.48 GF/s  setup=0.088 s
fftw3_measure            L=31  B=16    m=140   inner=1      min=   860.130 us/xform  median=   860.304  sd=  0.01%      2.57 GF/s  setup=0.090 s
fftw3_measure            L=31  B=16    m=140   inner=1      min=   860.102 us/xform  median=   860.267  sd=  0.01%      2.57 GF/s  setup=0.092 s
fftw3_measure            L=31  B=16    m=140   inner=1      min=   859.532 us/xform  median=   859.646  sd=  0.00%      2.58 GF/s  setup=0.089 s
fftw3_measure            L=31  B=16    m=2     inner=1      min=   883.630 us/xform  median=   883.630  sd=  0.00%      2.51 GF/s  setup=0.085 s
fftw3_patient            L=31  B=16    m=140   inner=1      min=   859.792 us/xform  median=   859.928  sd=  0.01%      2.57 GF/s  setup=0.225 s
fftw3_patient            L=31  B=16    m=140   inner=1      min=   859.851 us/xform  median=   859.990  sd=  0.01%      2.57 GF/s  setup=0.240 s
fftw3_patient            L=31  B=16    m=140   inner=1      min=   860.270 us/xform  median=   860.361  sd=  0.00%      2.57 GF/s  setup=0.226 s
fftw3_patient            L=31  B=16    m=2     inner=1      min=   883.715 us/xform  median=   883.715  sd=  0.00%      2.51 GF/s  setup=0.225 s
gen_bluestein            L=31  B=16    m=140   inner=1      min=   277.633 us/xform  median=   277.715  sd=  0.03%      7.97 GF/s  setup=0.000 s
gen_bluestein            L=31  B=16    m=140   inner=1      min=   272.909 us/xform  median=   273.049  sd=  0.05%      8.11 GF/s  setup=0.000 s
gen_bluestein            L=31  B=16    m=140   inner=1      min=   275.000 us/xform  median=   275.150  sd=  0.03%      8.05 GF/s  setup=0.000 s
gen_bluestein            L=31  B=16    m=2     inner=1      min=   328.476 us/xform  median=   328.476  sd=  0.00%      6.74 GF/s  setup=0.000 s
gen_dense_prime          L=31  B=16    m=140   inner=1      min=   109.865 us/xform  median=   109.930  sd=  0.05%     20.15 GF/s  setup=0.001 s
gen_dense_prime          L=31  B=16    m=140   inner=1      min=   110.303 us/xform  median=   110.334  sd=  0.04%     20.07 GF/s  setup=0.000 s
gen_dense_prime          L=31  B=16    m=140   inner=1      min=   110.850 us/xform  median=   110.902  sd=  0.04%     19.97 GF/s  setup=0.001 s
gen_dense_prime          L=31  B=16    m=2     inner=1      min=   171.883 us/xform  median=   171.883  sd=  0.00%     12.88 GF/s  setup=0.001 s
gen_layout               L=31  B=16    m=140   inner=1      min=   198.586 us/xform  median=   198.708  sd=  0.03%     11.15 GF/s  setup=0.000 s
gen_layout               L=31  B=16    m=140   inner=1      min=   199.057 us/xform  median=   199.112  sd=  0.02%     11.12 GF/s  setup=0.001 s
gen_layout               L=31  B=16    m=140   inner=1      min=   202.371 us/xform  median=   202.471  sd=  0.03%     10.94 GF/s  setup=0.001 s
gen_layout               L=31  B=16    m=2     inner=1      min=   224.679 us/xform  median=   224.679  sd=  0.00%      9.85 GF/s  setup=0.000 s
gen_planner              L=31  B=16    m=140   inner=1      min=   139.481 us/xform  median=   139.534  sd=  0.04%     15.87 GF/s  setup=0.045 s
gen_planner              L=31  B=16    m=140   inner=1      min=   140.541 us/xform  median=   140.608  sd=  0.04%     15.75 GF/s  setup=0.031 s
gen_planner              L=31  B=16    m=140   inner=1      min=   139.656 us/xform  median=   139.689  sd=  0.04%     15.85 GF/s  setup=0.030 s
gen_planner              L=31  B=16    m=2     inner=1      min=   360.092 us/xform  median=   360.092  sd=  0.00%      6.15 GF/s  setup=0.023 s
gen_race                 L=31  B=16    m=140   inner=1      min=    85.107 us/xform  median=    85.255  sd=  0.10%     26.01 GF/s  setup=0.532 s
gen_race                 L=31  B=16    m=140   inner=1      min=    84.810 us/xform  median=    84.889  sd=  6.53%     26.10 GF/s  setup=0.026 s
gen_race                 L=31  B=16    m=140   inner=1      min=    84.519 us/xform  median=    84.657  sd=  6.24%     26.19 GF/s  setup=0.025 s
gen_race                 L=31  B=16    m=2     inner=1      min=   141.104 us/xform  median=   141.104  sd=  0.00%     15.69 GF/s  setup=0.012 s
gen_rader                L=31  B=16    m=140   inner=1      min=    85.189 us/xform  median=    85.277  sd=  0.08%     25.99 GF/s  setup=0.007 s
gen_rader                L=31  B=16    m=140   inner=1      min=    85.482 us/xform  median=    85.594  sd=  0.13%     25.90 GF/s  setup=0.009 s
gen_rader                L=31  B=16    m=140   inner=1      min=    84.838 us/xform  median=    85.050  sd=  1.59%     26.09 GF/s  setup=0.009 s
gen_rader                L=31  B=16    m=2     inner=1      min=   142.704 us/xform  median=   142.704  sd=  0.00%     15.51 GF/s  setup=0.007 s
gen_twiddle              L=31  B=16    m=140   inner=1      min=   261.094 us/xform  median=   261.116  sd=  0.03%      8.48 GF/s  setup=0.005 s
gen_twiddle              L=31  B=16    m=140   inner=1      min=   259.908 us/xform  median=   259.950  sd=  0.02%      8.52 GF/s  setup=0.006 s
gen_twiddle              L=31  B=16    m=140   inner=1      min=   260.410 us/xform  median=   260.534  sd=  0.03%      8.50 GF/s  setup=0.006 s
gen_twiddle              L=31  B=16    m=2     inner=1      min=   310.858 us/xform  median=   310.858  sd=  0.00%      7.12 GF/s  setup=0.005 s
mkl2026_dfti             L=31  B=16    m=140   inner=1      min=   883.084 us/xform  median=   883.184  sd=  0.01%      2.51 GF/s  setup=0.053 s
mkl2026_dfti             L=31  B=16    m=140   inner=1      min=   883.994 us/xform  median=   884.109  sd=  0.01%      2.50 GF/s  setup=0.049 s
mkl2026_dfti             L=31  B=16    m=140   inner=1      min=   883.689 us/xform  median=   883.824  sd=  0.01%      2.51 GF/s  setup=0.052 s
mkl2026_dfti             L=31  B=16    m=2     inner=1      min=   910.879 us/xform  median=   910.879  sd=  0.00%      2.43 GF/s  setup=0.029 s
mkl_dfti                 L=31  B=16    m=140   inner=1      min=   848.843 us/xform  median=   849.015  sd=  0.01%      2.61 GF/s  setup=0.031 s
mkl_dfti                 L=31  B=16    m=140   inner=1      min=   848.710 us/xform  median=   848.817  sd=  0.01%      2.61 GF/s  setup=0.049 s
mkl_dfti                 L=31  B=16    m=140   inner=1      min=   849.014 us/xform  median=   849.139  sd=  0.01%      2.61 GF/s  setup=0.051 s
mkl_dfti                 L=31  B=16    m=2     inner=1      min=   876.293 us/xform  median=   876.293  sd=  0.00%      2.53 GF/s  setup=0.047 s
baseline_matrix          L=32  B=8     m=250   inner=1      min=  5752.328 us/xform  median=  5752.383  sd=  0.00%      0.43 GF/s  setup=0.000 s
baseline_matrix          L=32  B=8     m=250   inner=1      min=  5755.899 us/xform  median=  5755.975  sd=  0.00%      0.43 GF/s  setup=0.000 s
baseline_matrix          L=32  B=8     m=250   inner=1      min=  5756.785 us/xform  median=  5756.842  sd=  0.00%      0.43 GF/s  setup=0.000 s
baseline_matrix          L=32  B=8     m=2     inner=1      min=  5784.207 us/xform  median=  5784.207  sd=  0.00%      0.42 GF/s  setup=0.000 s
ducc0_c2c                L=32  B=8     m=250   inner=1      min=   309.865 us/xform  median=   310.294  sd=  0.10%      7.93 GF/s  setup=0.000 s
ducc0_c2c                L=32  B=8     m=250   inner=1      min=   310.645 us/xform  median=   311.133  sd=  0.13%      7.91 GF/s  setup=0.000 s
ducc0_c2c                L=32  B=8     m=250   inner=1      min=   309.092 us/xform  median=   309.457  sd=  0.13%      7.95 GF/s  setup=0.000 s
ducc0_c2c                L=32  B=8     m=2     inner=1      min=   409.529 us/xform  median=   409.529  sd=  0.00%      6.00 GF/s  setup=0.000 s
fftw3_custom             L=32  B=8     m=250   inner=1      min=   410.416 us/xform  median=   410.754  sd=  0.05%      5.99 GF/s  setup=0.000 s
fftw3_custom             L=32  B=8     m=250   inner=1      min=   419.541 us/xform  median=   419.819  sd=  0.03%      5.86 GF/s  setup=0.000 s
fftw3_custom             L=32  B=8     m=250   inner=1      min=   410.203 us/xform  median=   410.480  sd=  0.06%      5.99 GF/s  setup=0.000 s
fftw3_custom             L=32  B=8     m=2     inner=1      min=   612.606 us/xform  median=   612.606  sd=  0.00%      4.01 GF/s  setup=0.000 s
fftw3_custom_soa         L=32  B=8     m=250   inner=1      min=   174.689 us/xform  median=   174.778  sd=  0.04%     14.07 GF/s  setup=0.000 s
fftw3_custom_soa         L=32  B=8     m=250   inner=1      min=   174.528 us/xform  median=   174.566  sd=  0.04%     14.08 GF/s  setup=0.000 s
fftw3_custom_soa         L=32  B=8     m=250   inner=1      min=   174.666 us/xform  median=   174.736  sd=  0.03%     14.07 GF/s  setup=0.000 s
fftw3_custom_soa         L=32  B=8     m=2     inner=1      min=   376.647 us/xform  median=   376.647  sd=  0.00%      6.52 GF/s  setup=0.000 s
fftw3_estimate           L=32  B=8     m=250   inner=1      min=   406.511 us/xform  median=   406.880  sd=  0.03%      6.05 GF/s  setup=0.001 s
fftw3_estimate           L=32  B=8     m=250   inner=1      min=   407.445 us/xform  median=   407.878  sd=  0.06%      6.03 GF/s  setup=0.001 s
fftw3_estimate           L=32  B=8     m=250   inner=1      min=   406.693 us/xform  median=   406.984  sd=  0.04%      6.04 GF/s  setup=0.001 s
fftw3_estimate           L=32  B=8     m=2     inner=1      min=   444.911 us/xform  median=   444.911  sd=  0.00%      5.52 GF/s  setup=0.001 s
fftw3_guru               L=32  B=8     m=250   inner=1      min=   301.554 us/xform  median=   301.685  sd=  0.04%      8.15 GF/s  setup=0.073 s
fftw3_guru               L=32  B=8     m=250   inner=1      min=   281.572 us/xform  median=   281.733  sd=  0.03%      8.73 GF/s  setup=0.072 s
fftw3_guru               L=32  B=8     m=250   inner=1      min=   295.916 us/xform  median=   296.092  sd=  0.05%      8.31 GF/s  setup=0.071 s
fftw3_guru               L=32  B=8     m=2     inner=1      min=   396.937 us/xform  median=   396.937  sd=  0.00%      6.19 GF/s  setup=0.073 s
fftw3_measure            L=32  B=8     m=250   inner=1      min=   208.338 us/xform  median=   208.390  sd=  0.02%     11.80 GF/s  setup=0.086 s
fftw3_measure            L=32  B=8     m=250   inner=1      min=   212.400 us/xform  median=   212.470  sd=  0.02%     11.57 GF/s  setup=0.087 s
fftw3_measure            L=32  B=8     m=250   inner=1      min=   209.589 us/xform  median=   209.637  sd=  0.04%     11.73 GF/s  setup=0.087 s
fftw3_measure            L=32  B=8     m=2     inner=1      min=   255.163 us/xform  median=   255.163  sd=  0.00%      9.63 GF/s  setup=0.086 s
fftw3_patient            L=32  B=8     m=250   inner=1      min=   209.203 us/xform  median=   209.366  sd=  0.04%     11.75 GF/s  setup=0.541 s
fftw3_patient            L=32  B=8     m=250   inner=1      min=   210.356 us/xform  median=   210.402  sd=  0.02%     11.68 GF/s  setup=0.547 s
fftw3_patient            L=32  B=8     m=250   inner=1      min=   208.482 us/xform  median=   208.562  sd=  0.02%     11.79 GF/s  setup=0.545 s
fftw3_patient            L=32  B=8     m=2     inner=1      min=   246.040 us/xform  median=   246.040  sd=  0.00%      9.99 GF/s  setup=0.501 s
gen_bluestein            L=32  B=8     m=250   inner=1      min=   302.852 us/xform  median=   302.886  sd=  0.01%      8.11 GF/s  setup=0.000 s
gen_bluestein            L=32  B=8     m=250   inner=1      min=   325.244 us/xform  median=   325.332  sd=  0.01%      7.56 GF/s  setup=0.000 s
gen_bluestein            L=32  B=8     m=250   inner=1      min=   299.575 us/xform  median=   299.642  sd=  0.01%      8.20 GF/s  setup=0.000 s
gen_bluestein            L=32  B=8     m=2     inner=1      min=   322.502 us/xform  median=   322.502  sd=  0.00%      7.62 GF/s  setup=0.000 s
gen_layout               L=32  B=8     m=250   inner=1      min=   151.352 us/xform  median=   151.380  sd=  0.02%     16.24 GF/s  setup=0.000 s
gen_layout               L=32  B=8     m=250   inner=1      min=   151.968 us/xform  median=   151.981  sd=  0.01%     16.17 GF/s  setup=0.001 s
gen_layout               L=32  B=8     m=250   inner=1      min=   148.961 us/xform  median=   148.983  sd=  0.01%     16.50 GF/s  setup=0.000 s
gen_layout               L=32  B=8     m=2     inner=1      min=   177.371 us/xform  median=   177.371  sd=  0.00%     13.86 GF/s  setup=0.001 s
gen_planner              L=32  B=8     m=250   inner=1      min=   106.879 us/xform  median=   106.906  sd=  0.03%     22.99 GF/s  setup=0.051 s
gen_planner              L=32  B=8     m=250   inner=1      min=   105.877 us/xform  median=   105.911  sd=  3.84%     23.21 GF/s  setup=0.005 s
gen_planner              L=32  B=8     m=250   inner=1      min=   106.303 us/xform  median=   106.336  sd=  2.83%     23.12 GF/s  setup=0.005 s
gen_planner              L=32  B=8     m=2     inner=1      min=   146.605 us/xform  median=   146.605  sd=  0.00%     16.76 GF/s  setup=0.003 s
gen_pow2                 L=32  B=8     m=250   inner=1      min=    54.478 us/xform  median=    54.494  sd=  0.02%     45.11 GF/s  setup=0.000 s
gen_pow2                 L=32  B=8     m=250   inner=1      min=    56.571 us/xform  median=    74.038  sd= 13.00%     43.44 GF/s  setup=0.000 s
gen_pow2                 L=32  B=8     m=250   inner=1      min=    55.018 us/xform  median=    55.039  sd=  0.02%     44.67 GF/s  setup=0.000 s
gen_pow2                 L=32  B=8     m=2     inner=1      min=   109.088 us/xform  median=   109.088  sd=  0.00%     22.53 GF/s  setup=0.000 s
gen_race                 L=32  B=8     m=250   inner=1      min=    55.581 us/xform  median=    55.590  sd=  0.06%     44.22 GF/s  setup=0.392 s
gen_race                 L=32  B=8     m=250   inner=1      min=    55.002 us/xform  median=    67.285  sd=  8.29%     44.68 GF/s  setup=0.013 s
gen_race                 L=32  B=8     m=250   inner=1      min=    54.926 us/xform  median=    67.038  sd=  9.18%     44.74 GF/s  setup=0.012 s
gen_race                 L=32  B=8     m=2     inner=1      min=   111.071 us/xform  median=   111.071  sd=  0.00%     22.13 GF/s  setup=0.008 s
gen_twiddle              L=32  B=8     m=250   inner=1      min=   156.688 us/xform  median=   156.720  sd=  0.01%     15.68 GF/s  setup=0.004 s
gen_twiddle              L=32  B=8     m=250   inner=1      min=   156.781 us/xform  median=   156.800  sd=  0.01%     15.68 GF/s  setup=0.004 s
gen_twiddle              L=32  B=8     m=250   inner=1      min=   155.828 us/xform  median=   155.855  sd=  0.01%     15.77 GF/s  setup=0.005 s
gen_twiddle              L=32  B=8     m=2     inner=1      min=   196.164 us/xform  median=   196.164  sd=  0.00%     12.53 GF/s  setup=0.005 s
mkl2026_dfti             L=32  B=8     m=250   inner=1      min=   187.827 us/xform  median=   188.222  sd=  0.18%     13.08 GF/s  setup=0.003 s
mkl2026_dfti             L=32  B=8     m=250   inner=1      min=   186.854 us/xform  median=   187.653  sd=  0.20%     13.15 GF/s  setup=0.002 s
mkl2026_dfti             L=32  B=8     m=250   inner=1      min=   187.038 us/xform  median=   187.355  sd=  0.13%     13.14 GF/s  setup=0.002 s
mkl2026_dfti             L=32  B=8     m=2     inner=1      min=   229.531 us/xform  median=   229.531  sd=  0.00%     10.71 GF/s  setup=0.002 s
mkl_dfti                 L=32  B=8     m=250   inner=1      min=   170.297 us/xform  median=   171.181  sd=  0.20%     14.43 GF/s  setup=0.003 s
mkl_dfti                 L=32  B=8     m=250   inner=1      min=   182.937 us/xform  median=   183.475  sd=  0.08%     13.43 GF/s  setup=0.002 s
mkl_dfti                 L=32  B=8     m=250   inner=1      min=   169.544 us/xform  median=   169.909  sd=  0.12%     14.50 GF/s  setup=0.002 s
mkl_dfti                 L=32  B=8     m=2     inner=1      min=   238.085 us/xform  median=   238.085  sd=  0.00%     10.32 GF/s  setup=0.002 s
baseline_matrix          L=40  B=8     m=128   inner=1      min= 13480.950 us/xform  median= 13481.366  sd=  0.00%      0.38 GF/s  setup=0.000 s
baseline_matrix          L=40  B=8     m=128   inner=1      min= 13458.297 us/xform  median= 13458.751  sd=  0.00%      0.38 GF/s  setup=0.000 s
baseline_matrix          L=40  B=8     m=128   inner=1      min= 13456.782 us/xform  median= 13457.225  sd=  0.00%      0.38 GF/s  setup=0.000 s
baseline_matrix          L=40  B=8     m=2     inner=1      min= 13506.974 us/xform  median= 13506.974  sd=  0.00%      0.38 GF/s  setup=0.000 s
ducc0_c2c                L=40  B=8     m=128   inner=1      min=   597.586 us/xform  median=   599.584  sd=  0.26%      8.55 GF/s  setup=0.000 s
ducc0_c2c                L=40  B=8     m=128   inner=1      min=   597.771 us/xform  median=   600.039  sd=  0.30%      8.55 GF/s  setup=0.000 s
ducc0_c2c                L=40  B=8     m=128   inner=1      min=   604.032 us/xform  median=   606.519  sd=  0.31%      8.46 GF/s  setup=0.000 s
ducc0_c2c                L=40  B=8     m=2     inner=1      min=   780.893 us/xform  median=   780.893  sd=  0.00%      6.54 GF/s  setup=0.000 s
fftw3_custom             L=40  B=8     m=128   inner=1      min=   781.686 us/xform  median=   782.689  sd=  0.09%      6.54 GF/s  setup=0.000 s
fftw3_custom             L=40  B=8     m=128   inner=1      min=   803.797 us/xform  median=   804.846  sd=  0.09%      6.36 GF/s  setup=0.000 s
fftw3_custom             L=40  B=8     m=128   inner=1      min=   788.449 us/xform  median=   788.906  sd=  0.09%      6.48 GF/s  setup=0.000 s
fftw3_custom             L=40  B=8     m=2     inner=1      min=  1431.677 us/xform  median=  1431.677  sd=  0.00%      3.57 GF/s  setup=0.000 s
fftw3_custom_soa         L=40  B=8     m=128   inner=1      min=   407.705 us/xform  median=   408.996  sd=  0.18%     12.53 GF/s  setup=0.000 s
fftw3_custom_soa         L=40  B=8     m=128   inner=1      min=   418.461 us/xform  median=   419.339  sd=  0.13%     12.21 GF/s  setup=0.000 s
fftw3_custom_soa         L=40  B=8     m=128   inner=1      min=   414.800 us/xform  median=   416.392  sd=  0.24%     12.32 GF/s  setup=0.000 s
fftw3_custom_soa         L=40  B=8     m=2     inner=1      min=   901.635 us/xform  median=   901.635  sd=  0.00%      5.67 GF/s  setup=0.000 s
fftw3_estimate           L=40  B=8     m=128   inner=1      min=  1613.967 us/xform  median=  1616.316  sd=  0.10%      3.17 GF/s  setup=0.002 s
fftw3_estimate           L=40  B=8     m=128   inner=1      min=  1613.718 us/xform  median=  1614.836  sd=  0.07%      3.17 GF/s  setup=0.002 s
fftw3_estimate           L=40  B=8     m=128   inner=1      min=  1614.443 us/xform  median=  1616.165  sd=  0.07%      3.16 GF/s  setup=0.002 s
fftw3_estimate           L=40  B=8     m=2     inner=1      min=  1678.656 us/xform  median=  1678.656  sd=  0.00%      3.04 GF/s  setup=0.002 s
fftw3_guru               L=40  B=8     m=128   inner=1      min=   681.781 us/xform  median=   683.976  sd=  0.24%      7.49 GF/s  setup=0.154 s
fftw3_guru               L=40  B=8     m=128   inner=1      min=   681.581 us/xform  median=   684.436  sd=  0.36%      7.50 GF/s  setup=0.153 s
fftw3_guru               L=40  B=8     m=128   inner=1      min=   685.640 us/xform  median=   687.523  sd=  0.21%      7.45 GF/s  setup=0.152 s
fftw3_guru               L=40  B=8     m=2     inner=1      min=   813.612 us/xform  median=   813.612  sd=  0.00%      6.28 GF/s  setup=0.153 s
fftw3_measure            L=40  B=8     m=128   inner=1      min=   547.665 us/xform  median=   548.133  sd=  0.04%      9.33 GF/s  setup=0.147 s
fftw3_measure            L=40  B=8     m=128   inner=1      min=   547.700 us/xform  median=   547.897  sd=  0.04%      9.33 GF/s  setup=0.153 s
fftw3_measure            L=40  B=8     m=128   inner=1      min=   551.863 us/xform  median=   552.263  sd=  0.04%      9.26 GF/s  setup=0.154 s
fftw3_measure            L=40  B=8     m=2     inner=1      min=   621.766 us/xform  median=   621.766  sd=  0.00%      8.22 GF/s  setup=0.147 s
fftw3_patient            L=40  B=8     m=128   inner=1      min=   527.958 us/xform  median=   528.538  sd=  0.05%      9.68 GF/s  setup=1.383 s
fftw3_patient            L=40  B=8     m=128   inner=1      min=   536.192 us/xform  median=   536.562  sd=  0.05%      9.53 GF/s  setup=1.494 s
fftw3_patient            L=40  B=8     m=128   inner=1      min=   531.924 us/xform  median=   532.664  sd=  0.06%      9.60 GF/s  setup=1.287 s
fftw3_patient            L=40  B=8     m=2     inner=1      min=   602.645 us/xform  median=   602.645  sd=  0.00%      8.48 GF/s  setup=1.289 s
gen_bluestein            L=40  B=8     m=128   inner=1      min=   601.717 us/xform  median=   602.086  sd=  0.05%      8.49 GF/s  setup=0.000 s
gen_bluestein            L=40  B=8     m=128   inner=1      min=   610.331 us/xform  median=   610.716  sd=  0.03%      8.37 GF/s  setup=0.000 s
gen_bluestein            L=40  B=8     m=128   inner=1      min=   605.009 us/xform  median=   605.292  sd=  0.03%      8.44 GF/s  setup=0.000 s
gen_bluestein            L=40  B=8     m=2     inner=1      min=   856.500 us/xform  median=   856.500  sd=  0.00%      5.97 GF/s  setup=0.000 s
gen_layout               L=40  B=8     m=128   inner=1      min=   334.467 us/xform  median=   334.590  sd=  0.03%     15.28 GF/s  setup=0.001 s
gen_layout               L=40  B=8     m=128   inner=1      min=   330.165 us/xform  median=   330.320  sd=  0.04%     15.47 GF/s  setup=0.001 s
gen_layout               L=40  B=8     m=128   inner=1      min=   335.108 us/xform  median=   335.206  sd=  0.03%     15.25 GF/s  setup=0.001 s
gen_layout               L=40  B=8     m=2     inner=1      min=   423.758 us/xform  median=   423.758  sd=  0.00%     12.06 GF/s  setup=0.001 s
gen_pfa_large            L=40  B=8     m=128   inner=1      min=   159.584 us/xform  median=   159.649  sd=  0.06%     32.01 GF/s  setup=0.003 s
gen_pfa_large            L=40  B=8     m=128   inner=1      min=   159.920 us/xform  median=   159.941  sd=  0.04%     31.95 GF/s  setup=0.001 s
gen_pfa_large            L=40  B=8     m=128   inner=1      min=   162.007 us/xform  median=   162.034  sd=  0.04%     31.54 GF/s  setup=0.002 s
gen_pfa_large            L=40  B=8     m=2     inner=1      min=   246.589 us/xform  median=   246.589  sd=  0.00%     20.72 GF/s  setup=0.001 s
gen_planner              L=40  B=8     m=128   inner=1      min=   236.298 us/xform  median=   236.340  sd=  0.05%     21.62 GF/s  setup=0.126 s
gen_planner              L=40  B=8     m=128   inner=1      min=   237.678 us/xform  median=   237.739  sd=  0.36%     21.50 GF/s  setup=0.009 s
gen_planner              L=40  B=8     m=128   inner=1      min=   238.393 us/xform  median=   238.438  sd=  0.05%     21.43 GF/s  setup=0.008 s
gen_planner              L=40  B=8     m=2     inner=1      min=   320.522 us/xform  median=   320.522  sd=  0.00%     15.94 GF/s  setup=0.005 s
gen_race                 L=40  B=8     m=128   inner=1      min=   161.162 us/xform  median=   161.233  sd=  0.13%     31.70 GF/s  setup=0.596 s
gen_race                 L=40  B=8     m=128   inner=1      min=   161.443 us/xform  median=   161.723  sd= 10.22%     31.65 GF/s  setup=0.025 s
gen_race                 L=40  B=8     m=128   inner=1      min=   160.050 us/xform  median=   160.208  sd=  0.23%     31.92 GF/s  setup=0.010 s
gen_race                 L=40  B=8     m=2     inner=1      min=   249.481 us/xform  median=   249.481  sd=  0.00%     20.48 GF/s  setup=0.009 s
gen_twiddle              L=40  B=8     m=128   inner=1      min=   287.162 us/xform  median=   287.197  sd=  0.04%     17.79 GF/s  setup=0.006 s
gen_twiddle              L=40  B=8     m=128   inner=1      min=   286.426 us/xform  median=   286.447  sd=  0.04%     17.84 GF/s  setup=0.005 s
gen_twiddle              L=40  B=8     m=128   inner=1      min=   288.806 us/xform  median=   288.842  sd=  0.03%     17.69 GF/s  setup=0.007 s
gen_twiddle              L=40  B=8     m=2     inner=1      min=   400.411 us/xform  median=   400.411  sd=  0.00%     12.76 GF/s  setup=0.006 s
mkl2026_dfti             L=40  B=8     m=128   inner=1      min=   404.132 us/xform  median=   404.517  sd=  0.07%     12.64 GF/s  setup=0.003 s
mkl2026_dfti             L=40  B=8     m=128   inner=1      min=   403.529 us/xform  median=   404.037  sd=  0.08%     12.66 GF/s  setup=0.002 s
mkl2026_dfti             L=40  B=8     m=128   inner=1      min=   405.773 us/xform  median=   406.323  sd=  0.19%     12.59 GF/s  setup=0.002 s
mkl2026_dfti             L=40  B=8     m=2     inner=1      min=   683.361 us/xform  median=   683.361  sd=  0.00%      7.48 GF/s  setup=0.002 s
mkl_dfti                 L=40  B=8     m=128   inner=1      min=   406.636 us/xform  median=   407.337  sd=  0.09%     12.56 GF/s  setup=0.003 s
mkl_dfti                 L=40  B=8     m=128   inner=1      min=   405.508 us/xform  median=   405.983  sd=  0.06%     12.60 GF/s  setup=0.002 s
mkl_dfti                 L=40  B=8     m=128   inner=1      min=   406.228 us/xform  median=   406.771  sd=  0.26%     12.58 GF/s  setup=0.003 s
mkl_dfti                 L=40  B=8     m=2     inner=1      min=   689.191 us/xform  median=   689.191  sd=  0.00%      7.41 GF/s  setup=0.002 s
baseline_matrix          L=50  B=4     m=128   inner=1      min= 33886.501 us/xform  median= 33898.264  sd=  0.02%      0.31 GF/s  setup=0.000 s
baseline_matrix          L=50  B=4     m=128   inner=1      min= 34116.372 us/xform  median= 34130.413  sd=  0.03%      0.31 GF/s  setup=0.000 s
baseline_matrix          L=50  B=4     m=128   inner=1      min= 34146.905 us/xform  median= 34164.571  sd=  0.03%      0.31 GF/s  setup=0.000 s
baseline_matrix          L=50  B=4     m=2     inner=1      min= 35054.769 us/xform  median= 35054.769  sd=  0.00%      0.30 GF/s  setup=0.000 s
ducc0_c2c                L=50  B=4     m=128   inner=1      min=  1290.426 us/xform  median=  1294.234  sd=  0.25%      8.20 GF/s  setup=0.000 s
ducc0_c2c                L=50  B=4     m=128   inner=1      min=  1282.079 us/xform  median=  1286.618  sd=  0.27%      8.25 GF/s  setup=0.000 s
ducc0_c2c                L=50  B=4     m=128   inner=1      min=  1271.101 us/xform  median=  1275.120  sd=  0.28%      8.33 GF/s  setup=0.000 s
ducc0_c2c                L=50  B=4     m=2     inner=1      min=  1653.764 us/xform  median=  1653.764  sd=  0.00%      6.40 GF/s  setup=0.000 s
fftw3_custom             L=50  B=4     m=128   inner=1      min=  1641.907 us/xform  median=  1643.663  sd=  0.09%      6.45 GF/s  setup=0.000 s
fftw3_custom             L=50  B=4     m=128   inner=1      min=  1714.539 us/xform  median=  1716.130  sd=  0.07%      6.17 GF/s  setup=0.000 s
fftw3_custom             L=50  B=4     m=128   inner=1      min=  1716.498 us/xform  median=  1717.863  sd=  0.06%      6.17 GF/s  setup=0.000 s
fftw3_custom             L=50  B=4     m=2     inner=1      min=  2647.081 us/xform  median=  2647.081  sd=  0.00%      4.00 GF/s  setup=0.000 s
fftw3_estimate           L=50  B=4     m=128   inner=1      min=  1620.952 us/xform  median=  1623.317  sd=  0.11%      6.53 GF/s  setup=0.003 s
fftw3_estimate           L=50  B=4     m=128   inner=1      min=  1554.209 us/xform  median=  1555.056  sd=  0.05%      6.81 GF/s  setup=0.002 s
fftw3_estimate           L=50  B=4     m=128   inner=1      min=  1619.540 us/xform  median=  1621.516  sd=  0.05%      6.53 GF/s  setup=0.002 s
fftw3_estimate           L=50  B=4     m=2     inner=1      min=  2009.400 us/xform  median=  2009.400  sd=  0.00%      5.27 GF/s  setup=0.003 s
fftw3_guru               L=50  B=4     m=128   inner=1      min=  1657.839 us/xform  median=  1658.495  sd=  0.05%      6.38 GF/s  setup=0.106 s
fftw3_guru               L=50  B=4     m=128   inner=1      min=  1746.617 us/xform  median=  1747.790  sd=  0.05%      6.06 GF/s  setup=0.106 s
fftw3_guru               L=50  B=4     m=128   inner=1      min=  1651.799 us/xform  median=  1652.558  sd=  0.03%      6.41 GF/s  setup=0.116 s
fftw3_guru               L=50  B=4     m=2     inner=1      min=  1915.883 us/xform  median=  1915.883  sd=  0.00%      5.52 GF/s  setup=0.108 s
fftw3_measure            L=50  B=4     m=128   inner=1      min=  1204.542 us/xform  median=  1207.088  sd=  0.16%      8.79 GF/s  setup=0.092 s
fftw3_measure            L=50  B=4     m=128   inner=1      min=  1200.188 us/xform  median=  1200.580  sd=  0.03%      8.82 GF/s  setup=0.091 s
fftw3_measure            L=50  B=4     m=128   inner=1      min=  1189.355 us/xform  median=  1190.972  sd=  0.08%      8.90 GF/s  setup=0.092 s
fftw3_measure            L=50  B=4     m=2     inner=1      min=  1371.762 us/xform  median=  1371.762  sd=  0.00%      7.71 GF/s  setup=0.091 s
fftw3_patient            L=50  B=4     m=128   inner=1      min=  1172.212 us/xform  median=  1172.992  sd=  0.04%      9.03 GF/s  setup=1.221 s
fftw3_patient            L=50  B=4     m=128   inner=1      min=  1167.108 us/xform  median=  1167.812  sd=  0.05%      9.07 GF/s  setup=1.114 s
fftw3_patient            L=50  B=4     m=128   inner=1      min=  1167.529 us/xform  median=  1167.998  sd=  0.03%      9.06 GF/s  setup=1.112 s
fftw3_patient            L=50  B=4     m=2     inner=1      min=  1306.622 us/xform  median=  1306.622  sd=  0.00%      8.10 GF/s  setup=1.114 s
gen_bluestein            L=50  B=4     m=128   inner=1      min=  1393.080 us/xform  median=  1393.729  sd=  0.03%      7.60 GF/s  setup=0.000 s
gen_bluestein            L=50  B=4     m=128   inner=1      min=  1387.583 us/xform  median=  1388.519  sd=  0.02%      7.63 GF/s  setup=0.000 s
gen_bluestein            L=50  B=4     m=128   inner=1      min=  1382.952 us/xform  median=  1383.605  sd=  0.02%      7.65 GF/s  setup=0.000 s
gen_bluestein            L=50  B=4     m=2     inner=1      min=  1901.198 us/xform  median=  1901.198  sd=  0.00%      5.57 GF/s  setup=0.000 s
gen_layout               L=50  B=4     m=128   inner=1      min=   944.304 us/xform  median=   944.505  sd=  0.02%     11.21 GF/s  setup=0.001 s
gen_layout               L=50  B=4     m=128   inner=1      min=   933.349 us/xform  median=   933.564  sd=  0.02%     11.34 GF/s  setup=0.001 s
gen_layout               L=50  B=4     m=128   inner=1      min=   941.960 us/xform  median=   942.138  sd=  0.02%     11.23 GF/s  setup=0.001 s
gen_layout               L=50  B=4     m=2     inner=1      min=  1169.515 us/xform  median=  1169.515  sd=  0.00%      9.05 GF/s  setup=0.001 s
gen_pfa_large            L=50  B=4     m=128   inner=1      min=   420.604 us/xform  median=   420.707  sd=  0.04%     25.16 GF/s  setup=0.002 s
gen_pfa_large            L=50  B=4     m=128   inner=1      min=   418.457 us/xform  median=   418.543  sd=  0.04%     25.29 GF/s  setup=0.002 s
gen_pfa_large            L=50  B=4     m=128   inner=1      min=   425.600 us/xform  median=   425.644  sd=  0.04%     24.86 GF/s  setup=0.002 s
gen_pfa_large            L=50  B=4     m=2     inner=1      min=   577.916 us/xform  median=   577.916  sd=  0.00%     18.31 GF/s  setup=0.002 s
gen_planner              L=50  B=4     m=128   inner=1      min=   561.767 us/xform  median=   561.867  sd=  0.04%     18.84 GF/s  setup=0.067 s
gen_planner              L=50  B=4     m=128   inner=1      min=   565.865 us/xform  median=   566.001  sd=  0.03%     18.70 GF/s  setup=0.011 s
gen_planner              L=50  B=4     m=128   inner=1      min=   562.553 us/xform  median=   562.681  sd=  0.03%     18.81 GF/s  setup=0.010 s
gen_planner              L=50  B=4     m=2     inner=1      min=   848.959 us/xform  median=   848.959  sd=  0.00%     12.46 GF/s  setup=0.011 s
gen_powp                 L=50  B=4     m=128   inner=1      min=   429.756 us/xform  median=   429.838  sd=  0.05%     24.62 GF/s  setup=1.668 s
gen_powp                 L=50  B=4     m=128   inner=1      min=   417.201 us/xform  median=   417.364  sd=  0.05%     25.36 GF/s  setup=0.004 s
gen_powp                 L=50  B=4     m=128   inner=1      min=   417.497 us/xform  median=   417.579  sd=  0.05%     25.35 GF/s  setup=0.003 s
gen_powp                 L=50  B=4     m=2     inner=1      min=   562.809 us/xform  median=   562.809  sd=  0.00%     18.80 GF/s  setup=0.002 s
gen_race                 L=50  B=4     m=128   inner=1      min=   420.219 us/xform  median=   420.402  sd=  0.08%     25.18 GF/s  setup=0.530 s
gen_race                 L=50  B=4     m=128   inner=1      min=   428.271 us/xform  median=   428.353  sd=  0.04%     24.71 GF/s  setup=0.009 s
gen_race                 L=50  B=4     m=128   inner=1      min=   425.740 us/xform  median=   425.830  sd=  0.04%     24.86 GF/s  setup=0.014 s
gen_race                 L=50  B=4     m=2     inner=1      min=   523.501 us/xform  median=   523.501  sd=  0.00%     20.21 GF/s  setup=0.007 s
gen_twiddle              L=50  B=4     m=128   inner=1      min=   719.206 us/xform  median=   719.428  sd=  0.02%     14.71 GF/s  setup=0.011 s
gen_twiddle              L=50  B=4     m=128   inner=1      min=   714.834 us/xform  median=   714.975  sd=  0.05%     14.80 GF/s  setup=0.012 s
gen_twiddle              L=50  B=4     m=128   inner=1      min=   712.142 us/xform  median=   712.274  sd=  0.03%     14.86 GF/s  setup=0.012 s
gen_twiddle              L=50  B=4     m=2     inner=1      min=   919.639 us/xform  median=   919.639  sd=  0.00%     11.51 GF/s  setup=0.010 s
mkl2026_dfti             L=50  B=4     m=128   inner=1      min=   963.705 us/xform  median=   965.126  sd=  0.09%     10.98 GF/s  setup=0.056 s
mkl2026_dfti             L=50  B=4     m=128   inner=1      min=   961.604 us/xform  median=   962.544  sd=  0.13%     11.00 GF/s  setup=0.048 s
mkl2026_dfti             L=50  B=4     m=128   inner=1      min=   962.742 us/xform  median=   964.284  sd=  0.09%     10.99 GF/s  setup=0.049 s
mkl2026_dfti             L=50  B=4     m=2     inner=1      min=  1495.720 us/xform  median=  1495.720  sd=  0.00%      7.08 GF/s  setup=0.050 s
mkl_dfti                 L=50  B=4     m=128   inner=1      min=   948.129 us/xform  median=   949.332  sd=  0.10%     11.16 GF/s  setup=0.013 s
mkl_dfti                 L=50  B=4     m=128   inner=1      min=   948.098 us/xform  median=   949.216  sd=  0.07%     11.16 GF/s  setup=0.051 s
mkl_dfti                 L=50  B=4     m=128   inner=1      min=   948.466 us/xform  median=   949.510  sd=  0.06%     11.16 GF/s  setup=0.049 s
mkl_dfti                 L=50  B=4     m=2     inner=1      min=  1078.150 us/xform  median=  1078.150  sd=  0.00%      9.82 GF/s  setup=0.047 s
baseline_matrix          L=100 B=1     m=2     inner=1      min=607963.687 us/xform  median=607963.687  sd=  0.00%      0.16 GF/s  setup=0.000 s
ducc0_c2c                L=100 B=1     m=64    inner=1      min= 11966.129 us/xform  median= 12005.911  sd=  0.39%      8.33 GF/s  setup=0.000 s
ducc0_c2c                L=100 B=1     m=64    inner=1      min= 11931.086 us/xform  median= 11983.453  sd=  0.48%      8.35 GF/s  setup=0.000 s
ducc0_c2c                L=100 B=1     m=64    inner=1      min= 11938.729 us/xform  median= 11986.005  sd=  0.48%      8.35 GF/s  setup=0.000 s
ducc0_c2c                L=100 B=1     m=2     inner=1      min= 12609.714 us/xform  median= 12609.714  sd=  0.00%      7.90 GF/s  setup=0.000 s
fftw3_estimate           L=100 B=1     m=64    inner=1      min= 20730.381 us/xform  median= 20741.508  sd=  0.03%      4.81 GF/s  setup=0.002 s
fftw3_estimate           L=100 B=1     m=64    inner=1      min= 20698.280 us/xform  median= 20709.367  sd=  0.03%      4.81 GF/s  setup=0.002 s
fftw3_estimate           L=100 B=1     m=64    inner=1      min= 20608.079 us/xform  median= 20624.416  sd=  0.04%      4.84 GF/s  setup=0.002 s
fftw3_estimate           L=100 B=1     m=2     inner=1      min= 21446.609 us/xform  median= 21446.609  sd=  0.00%      4.65 GF/s  setup=0.002 s
fftw3_guru               L=100 B=1     m=64    inner=1      min= 15773.899 us/xform  median= 15786.691  sd=  0.03%      6.32 GF/s  setup=0.386 s
fftw3_guru               L=100 B=1     m=64    inner=1      min= 14239.729 us/xform  median= 14250.221  sd=  0.07%      7.00 GF/s  setup=0.381 s
fftw3_guru               L=100 B=1     m=64    inner=1      min= 15605.649 us/xform  median= 15626.387  sd=  0.09%      6.39 GF/s  setup=0.384 s
fftw3_guru               L=100 B=1     m=2     inner=1      min= 16429.991 us/xform  median= 16429.991  sd=  0.00%      6.07 GF/s  setup=0.332 s
fftw3_measure            L=100 B=1     m=64    inner=1      min= 11990.652 us/xform  median= 11998.256  sd=  0.04%      8.31 GF/s  setup=0.311 s
fftw3_measure            L=100 B=1     m=64    inner=1      min= 12031.087 us/xform  median= 12044.573  sd=  0.04%      8.28 GF/s  setup=0.311 s
fftw3_measure            L=100 B=1     m=64    inner=1      min= 12102.405 us/xform  median= 12110.893  sd=  0.03%      8.23 GF/s  setup=0.313 s
fftw3_measure            L=100 B=1     m=2     inner=1      min= 12004.108 us/xform  median= 12004.108  sd=  0.00%      8.30 GF/s  setup=0.277 s
fftw3_patient            L=100 B=1     m=64    inner=1      min= 10040.993 us/xform  median= 10044.673  sd=  0.04%      9.93 GF/s  setup=17.288 s
fftw3_patient            L=100 B=1     m=64    inner=1      min=  9998.565 us/xform  median= 10008.120  sd=  0.05%      9.97 GF/s  setup=17.773 s
fftw3_patient            L=100 B=1     m=64    inner=1      min=  9977.853 us/xform  median=  9982.777  sd=  0.03%      9.99 GF/s  setup=17.164 s
fftw3_patient            L=100 B=1     m=2     inner=1      min= 10641.434 us/xform  median= 10641.434  sd=  0.00%      9.37 GF/s  setup=17.301 s
gen_bluestein            L=100 B=1     m=64    inner=1      min= 14132.058 us/xform  median= 14136.312  sd=  0.04%      7.05 GF/s  setup=0.000 s
gen_bluestein            L=100 B=1     m=64    inner=1      min= 14208.722 us/xform  median= 14212.195  sd=  0.05%      7.01 GF/s  setup=0.000 s
gen_bluestein            L=100 B=1     m=64    inner=1      min= 14208.349 us/xform  median= 14221.277  sd=  0.05%      7.01 GF/s  setup=0.000 s
gen_bluestein            L=100 B=1     m=2     inner=1      min= 17121.213 us/xform  median= 17121.213  sd=  0.00%      5.82 GF/s  setup=0.000 s
gen_layout               L=100 B=1     m=64    inner=1      min=  9352.357 us/xform  median=  9359.535  sd=  0.06%     10.66 GF/s  setup=0.005 s
gen_layout               L=100 B=1     m=64    inner=1      min=  9326.726 us/xform  median=  9331.326  sd=  0.05%     10.69 GF/s  setup=0.005 s
gen_layout               L=100 B=1     m=64    inner=1      min=  9358.699 us/xform  median=  9363.584  sd=  0.05%     10.65 GF/s  setup=0.004 s
gen_layout               L=100 B=1     m=2     inner=1      min=  9562.324 us/xform  median=  9562.324  sd=  0.00%     10.42 GF/s  setup=0.005 s
gen_pfa_large            L=100 B=1     m=64    inner=1      min=  4544.497 us/xform  median=  4547.059  sd=  0.12%     21.93 GF/s  setup=0.003 s
gen_pfa_large            L=100 B=1     m=64    inner=1      min=  4529.429 us/xform  median=  4532.684  sd=  0.08%     22.00 GF/s  setup=0.003 s
gen_pfa_large            L=100 B=1     m=64    inner=1      min=  4600.049 us/xform  median=  4604.555  sd=  0.07%     21.66 GF/s  setup=0.004 s
gen_pfa_large            L=100 B=1     m=2     inner=1      min=  5350.602 us/xform  median=  5350.602  sd=  0.00%     18.63 GF/s  setup=0.002 s
gen_planner              L=100 B=1     m=64    inner=1      min=  5017.903 us/xform  median=  5025.491  sd=  0.15%     19.86 GF/s  setup=0.413 s
gen_planner              L=100 B=1     m=64    inner=1      min=  5016.067 us/xform  median=  5024.592  sd=  0.08%     19.87 GF/s  setup=0.070 s
gen_planner              L=100 B=1     m=64    inner=1      min=  4987.540 us/xform  median=  4997.827  sd=  0.09%     19.98 GF/s  setup=0.081 s
gen_planner              L=100 B=1     m=2     inner=1      min=  6191.802 us/xform  median=  6191.802  sd=  0.00%     16.10 GF/s  setup=0.070 s
gen_powp                 L=100 B=1     m=64    inner=1      min=  5168.837 us/xform  median=  5340.433  sd=  1.09%     19.28 GF/s  setup=4.344 s
gen_powp                 L=100 B=1     m=64    inner=1      min=  4659.795 us/xform  median=  4665.567  sd=  0.12%     21.39 GF/s  setup=0.003 s
gen_powp                 L=100 B=1     m=64    inner=1      min=  4681.510 us/xform  median=  4685.283  sd=  0.08%     21.29 GF/s  setup=0.004 s
gen_powp                 L=100 B=1     m=2     inner=1      min=  5653.618 us/xform  median=  5653.618  sd=  0.00%     17.63 GF/s  setup=0.002 s
gen_race                 L=100 B=1     m=64    inner=1      min=  4742.954 us/xform  median=  4753.171  sd=  0.21%     21.01 GF/s  setup=1.980 s
gen_race                 L=100 B=1     m=64    inner=1      min=  4675.586 us/xform  median=  4683.061  sd=  0.07%     21.31 GF/s  setup=0.172 s
gen_race                 L=100 B=1     m=64    inner=1      min=  4655.896 us/xform  median=  4664.427  sd=  0.11%     21.40 GF/s  setup=0.016 s
gen_race                 L=100 B=1     m=2     inner=1      min=  5674.568 us/xform  median=  5674.568  sd=  0.00%     17.56 GF/s  setup=0.008 s
gen_twiddle              L=100 B=1     m=64    inner=1      min=  7264.196 us/xform  median=  7271.038  sd=  0.08%     13.72 GF/s  setup=0.082 s
gen_twiddle              L=100 B=1     m=64    inner=1      min=  7304.219 us/xform  median=  7310.007  sd=  0.06%     13.64 GF/s  setup=0.082 s
gen_twiddle              L=100 B=1     m=64    inner=1      min=  7247.232 us/xform  median=  7251.129  sd=  0.05%     13.75 GF/s  setup=0.074 s
gen_twiddle              L=100 B=1     m=2     inner=1      min=  9005.600 us/xform  median=  9005.600  sd=  0.00%     11.07 GF/s  setup=0.084 s
mkl2026_dfti             L=100 B=1     m=64    inner=1      min=  7973.479 us/xform  median=  7980.368  sd=  0.06%     12.50 GF/s  setup=0.055 s
mkl2026_dfti             L=100 B=1     m=64    inner=1      min=  7851.277 us/xform  median=  7859.549  sd=  0.05%     12.69 GF/s  setup=0.055 s
mkl2026_dfti             L=100 B=1     m=64    inner=1      min=  7857.019 us/xform  median=  7862.398  sd=  0.06%     12.68 GF/s  setup=0.049 s
mkl2026_dfti             L=100 B=1     m=2     inner=1      min=  9219.672 us/xform  median=  9219.672  sd=  0.00%     10.81 GF/s  setup=0.050 s
mkl_dfti                 L=100 B=1     m=64    inner=1      min=  7866.638 us/xform  median=  7874.077  sd=  0.06%     12.67 GF/s  setup=0.014 s
mkl_dfti                 L=100 B=1     m=64    inner=1      min=  7836.562 us/xform  median=  7846.761  sd=  0.06%     12.72 GF/s  setup=0.055 s
mkl_dfti                 L=100 B=1     m=64    inner=1      min=  7822.982 us/xform  median=  7831.806  sd=  0.06%     12.74 GF/s  setup=0.054 s
mkl_dfti                 L=100 B=1     m=2     inner=1      min=  9479.718 us/xform  median=  9479.718  sd=  0.00%     10.51 GF/s  setup=0.048 s
