baseline_dft             L=13  B=1     m=1     inner=98058  min=     0.293 us/xform  median=     0.293  sd=  1.10%      0.82 GF/s  setup=0.000 s
baseline_dft             L=13  B=1     m=1     inner=64008  min=     0.353 us/xform  median=     0.353  sd=  0.03%      0.68 GF/s  setup=0.000 s
baseline_dft             L=13  B=1     m=1     inner=74954  min=     0.293 us/xform  median=     0.293  sd=  0.51%      0.82 GF/s  setup=0.000 s
baseline_dft             L=13  B=1     m=1     inner=113772 min=     0.293 us/xform  median=     0.293  sd=  0.01%      0.82 GF/s  setup=0.000 s
baseline_dft             L=13  B=1     m=1     inner=113622 min=     0.295 us/xform  median=     0.295  sd=  0.01%      0.81 GF/s  setup=0.000 s
baseline_dft             L=13  B=1     m=1     inner=71344  min=     0.353 us/xform  median=     0.353  sd=  0.01%      0.68 GF/s  setup=0.000 s
baseline_dft             L=13  B=1     m=1     inner=75882  min=     0.353 us/xform  median=     0.353  sd=  0.02%      0.68 GF/s  setup=0.000 s
baseline_dft             L=13  B=1     m=1     inner=74890  min=     0.293 us/xform  median=     0.293  sd=  0.57%      0.82 GF/s  setup=0.000 s
baseline_dft             L=13  B=1     m=1     inner=71582  min=     0.293 us/xform  median=     0.293  sd=  0.58%      0.82 GF/s  setup=0.000 s
d1_batchlane             L=13  B=1     m=1     inner=2474318 min=     0.015 us/xform  median=     0.015  sd=  0.84%     16.15 GF/s  setup=0.000 s
d1_batchlane             L=13  B=1     m=1     inner=2805458 min=     0.014 us/xform  median=     0.014  sd=  0.30%     17.14 GF/s  setup=0.000 s
d1_batchlane             L=13  B=1     m=1     inner=1872422 min=     0.014 us/xform  median=     0.014  sd=  0.31%     17.14 GF/s  setup=0.000 s
d1_batchlane             L=13  B=1     m=1     inner=2464114 min=     0.016 us/xform  median=     0.016  sd=  0.26%     15.00 GF/s  setup=0.000 s
d1_batchlane             L=13  B=1     m=1     inner=1785604 min=     0.019 us/xform  median=     0.021  sd=  6.31%     12.40 GF/s  setup=0.000 s
d1_batchlane             L=13  B=1     m=1     inner=2159140 min=     0.018 us/xform  median=     0.018  sd=  0.27%     13.35 GF/s  setup=0.000 s
d1_batchlane             L=13  B=1     m=1     inner=2058806 min=     0.019 us/xform  median=     0.019  sd=  0.21%     12.49 GF/s  setup=0.000 s
d1_batchlane             L=13  B=1     m=1     inner=2029344 min=     0.019 us/xform  median=     0.019  sd=  0.14%     12.40 GF/s  setup=0.000 s
d1_batchlane             L=13  B=1     m=1     inner=2043390 min=     0.019 us/xform  median=     0.019  sd=  0.17%     12.40 GF/s  setup=0.000 s
d1_bluestein             L=13  B=1     m=1     inner=221962 min=     0.121 us/xform  median=     0.126  sd=  1.38%      1.98 GF/s  setup=0.000 s
d1_bluestein             L=13  B=1     m=1     inner=319920 min=     0.110 us/xform  median=     0.112  sd=  0.75%      2.18 GF/s  setup=0.000 s
d1_bluestein             L=13  B=1     m=1     inner=218572 min=     0.111 us/xform  median=     0.112  sd=  0.69%      2.17 GF/s  setup=0.000 s
d1_bluestein             L=13  B=1     m=1     inner=213148 min=     0.111 us/xform  median=     0.112  sd=  0.76%      2.18 GF/s  setup=0.000 s
d1_bluestein             L=13  B=1     m=1     inner=215286 min=     0.110 us/xform  median=     0.111  sd=  0.55%      2.18 GF/s  setup=0.000 s
d1_bluestein             L=13  B=1     m=1     inner=220820 min=     0.111 us/xform  median=     0.112  sd=  0.53%      2.17 GF/s  setup=0.000 s
d1_bluestein             L=13  B=1     m=1     inner=229676 min=     0.092 us/xform  median=     0.092  sd=  0.60%      2.62 GF/s  setup=0.000 s
d1_bluestein             L=13  B=1     m=1     inner=313500 min=     0.111 us/xform  median=     0.111  sd=  0.47%      2.17 GF/s  setup=0.000 s
d1_bluestein             L=13  B=1     m=1     inner=298260 min=     0.111 us/xform  median=     0.112  sd=  0.60%      2.17 GF/s  setup=0.000 s
d1_planner               L=13  B=1     m=1     inner=2165328 min=     0.016 us/xform  median=     0.016  sd=  1.26%     15.07 GF/s  setup=0.000 s
d1_planner               L=13  B=1     m=1     inner=2594674 min=     0.015 us/xform  median=     0.015  sd=  0.33%     16.23 GF/s  setup=0.000 s
d1_planner               L=13  B=1     m=1     inner=1781916 min=     0.017 us/xform  median=     0.017  sd=  0.29%     14.26 GF/s  setup=0.000 s
d1_planner               L=13  B=1     m=1     inner=1918864 min=     0.015 us/xform  median=     0.015  sd=  0.54%     16.28 GF/s  setup=0.000 s
d1_planner               L=13  B=1     m=1     inner=1852094 min=     0.017 us/xform  median=     0.017  sd=  0.45%     14.26 GF/s  setup=0.000 s
d1_planner               L=13  B=1     m=1     inner=2007380 min=     0.019 us/xform  median=     0.020  sd=  0.41%     12.35 GF/s  setup=0.000 s
d1_planner               L=13  B=1     m=1     inner=2074758 min=     0.019 us/xform  median=     0.019  sd=  0.44%     12.97 GF/s  setup=0.000 s
d1_planner               L=13  B=1     m=1     inner=2032582 min=     0.019 us/xform  median=     0.019  sd=  0.26%     12.39 GF/s  setup=0.000 s
d1_planner               L=13  B=1     m=1     inner=1821948 min=     0.017 us/xform  median=     0.017  sd=  0.25%     14.00 GF/s  setup=0.000 s
d1_prime                 L=13  B=1     m=1     inner=2133232 min=     0.018 us/xform  median=     0.018  sd=  0.96%     13.44 GF/s  setup=0.000 s
d1_prime                 L=13  B=1     m=1     inner=1462128 min=     0.018 us/xform  median=     0.018  sd=  0.59%     13.38 GF/s  setup=0.000 s
d1_prime                 L=13  B=1     m=1     inner=1543618 min=     0.020 us/xform  median=     0.020  sd=  0.49%     11.92 GF/s  setup=0.000 s
d1_prime                 L=13  B=1     m=1     inner=1098552 min=     0.018 us/xform  median=     0.018  sd=  0.83%     13.45 GF/s  setup=0.000 s
d1_prime                 L=13  B=1     m=1     inner=1445528 min=     0.022 us/xform  median=     0.022  sd=  0.43%     10.86 GF/s  setup=0.000 s
d1_prime                 L=13  B=1     m=1     inner=1505734 min=     0.020 us/xform  median=     0.021  sd=  0.28%     11.76 GF/s  setup=0.000 s
d1_prime                 L=13  B=1     m=1     inner=1268560 min=     0.025 us/xform  median=     0.026  sd=  0.17%      9.46 GF/s  setup=0.000 s
d1_prime                 L=13  B=1     m=1     inner=1705664 min=     0.018 us/xform  median=     0.018  sd=  1.47%     13.61 GF/s  setup=0.000 s
d1_prime                 L=13  B=1     m=1     inner=1614088 min=     0.021 us/xform  median=     0.021  sd=  4.02%     11.26 GF/s  setup=0.000 s
d1_race                  L=13  B=1     m=1     inner=1049339 min=     0.019 us/xform  median=     0.019  sd=  0.24%     12.70 GF/s  setup=19.666 s
d1_race                  L=13  B=1     m=1     inner=1041201 min=     0.019 us/xform  median=     0.019  sd=  0.28%     12.62 GF/s  setup=0.009 s
d1_race                  L=13  B=1     m=1     inner=1790032 min=     0.018 us/xform  median=     0.018  sd=  0.21%     13.65 GF/s  setup=0.008 s
d1_race                  L=13  B=1     m=1     inner=1600998 min=     0.019 us/xform  median=     0.019  sd=  0.12%     12.70 GF/s  setup=0.009 s
d1_race                  L=13  B=1     m=1     inner=1065019 min=     0.019 us/xform  median=     0.019  sd=  0.18%     12.84 GF/s  setup=0.008 s
d1_race                  L=13  B=1     m=1     inner=1573908 min=     0.019 us/xform  median=     0.019  sd=  0.15%     12.55 GF/s  setup=0.008 s
d1_race                  L=13  B=1     m=1     inner=1903672 min=     0.017 us/xform  median=     0.017  sd=  0.22%     14.54 GF/s  setup=0.008 s
d1_race                  L=13  B=1     m=1     inner=2115896 min=     0.019 us/xform  median=     0.019  sd=  0.11%     12.74 GF/s  setup=0.007 s
d1_race                  L=13  B=1     m=1     inner=1232599 min=     0.016 us/xform  median=     0.016  sd=  0.45%     14.90 GF/s  setup=0.008 s
d1_rader                 L=13  B=1     m=1     inner=355056 min=     0.056 us/xform  median=     0.056  sd=  0.06%      4.27 GF/s  setup=0.000 s
d1_rader                 L=13  B=1     m=1     inner=560926 min=     0.056 us/xform  median=     0.056  sd=  0.06%      4.28 GF/s  setup=0.000 s
d1_rader                 L=13  B=1     m=1     inner=708600 min=     0.056 us/xform  median=     0.056  sd=  0.05%      4.28 GF/s  setup=0.000 s
d1_rader                 L=13  B=1     m=1     inner=341437 min=     0.058 us/xform  median=     0.059  sd=  0.09%      4.11 GF/s  setup=0.000 s
d1_rader                 L=13  B=1     m=1     inner=549504 min=     0.058 us/xform  median=     0.058  sd=  0.07%      4.14 GF/s  setup=0.000 s
d1_rader                 L=13  B=1     m=1     inner=543866 min=     0.058 us/xform  median=     0.058  sd=  0.06%      4.14 GF/s  setup=0.000 s
d1_rader                 L=13  B=1     m=1     inner=555890 min=     0.056 us/xform  median=     0.056  sd=  0.07%      4.28 GF/s  setup=0.000 s
d1_rader                 L=13  B=1     m=1     inner=354500 min=     0.056 us/xform  median=     0.056  sd=  0.05%      4.27 GF/s  setup=0.000 s
d1_rader                 L=13  B=1     m=1     inner=556308 min=     0.057 us/xform  median=     0.057  sd=  0.04%      4.23 GF/s  setup=0.000 s
fftw1d_custom            L=13  B=1     m=1     inner=672734 min=     0.058 us/xform  median=     0.059  sd=  0.14%      4.11 GF/s  setup=0.000 s
fftw1d_custom            L=13  B=1     m=1     inner=548434 min=     0.057 us/xform  median=     0.057  sd=  0.14%      4.24 GF/s  setup=0.000 s
fftw1d_custom            L=13  B=1     m=1     inner=340616 min=     0.059 us/xform  median=     0.059  sd=  0.07%      4.11 GF/s  setup=0.000 s
fftw1d_custom            L=13  B=1     m=1     inner=558770 min=     0.057 us/xform  median=     0.057  sd=  0.14%      4.24 GF/s  setup=0.000 s
fftw1d_custom            L=13  B=1     m=1     inner=540404 min=     0.057 us/xform  median=     0.057  sd=  0.09%      4.24 GF/s  setup=0.000 s
fftw1d_custom            L=13  B=1     m=1     inner=542372 min=     0.060 us/xform  median=     0.060  sd=  2.55%      4.02 GF/s  setup=0.000 s
fftw1d_custom            L=13  B=1     m=1     inner=540654 min=     0.060 us/xform  median=     0.060  sd=  0.13%      4.03 GF/s  setup=0.000 s
fftw1d_custom            L=13  B=1     m=1     inner=547746 min=     0.057 us/xform  median=     0.057  sd=  0.15%      4.24 GF/s  setup=0.000 s
fftw1d_custom            L=13  B=1     m=1     inner=690992 min=     0.057 us/xform  median=     0.057  sd=  0.13%      4.21 GF/s  setup=0.000 s
fftw1d_estimate          L=13  B=1     m=1     inner=1194228 min=     0.027 us/xform  median=     0.027  sd=  0.07%      9.05 GF/s  setup=0.001 s
fftw1d_estimate          L=13  B=1     m=1     inner=1194404 min=     0.026 us/xform  median=     0.026  sd=  0.10%      9.11 GF/s  setup=0.001 s
fftw1d_estimate          L=13  B=1     m=1     inner=1143572 min=     0.026 us/xform  median=     0.026  sd=  0.08%      9.11 GF/s  setup=0.001 s
fftw1d_estimate          L=13  B=1     m=1     inner=1190860 min=     0.027 us/xform  median=     0.027  sd=  0.09%      9.06 GF/s  setup=0.001 s
fftw1d_estimate          L=13  B=1     m=1     inner=1185680 min=     0.026 us/xform  median=     0.026  sd=  0.15%      9.10 GF/s  setup=0.001 s
fftw1d_estimate          L=13  B=1     m=1     inner=1205384 min=     0.027 us/xform  median=     0.027  sd=  0.10%      9.02 GF/s  setup=0.001 s
fftw1d_estimate          L=13  B=1     m=1     inner=1199900 min=     0.026 us/xform  median=     0.026  sd=  0.11%      9.12 GF/s  setup=0.001 s
fftw1d_estimate          L=13  B=1     m=1     inner=1182532 min=     0.027 us/xform  median=     0.027  sd=  0.16%      9.03 GF/s  setup=0.001 s
fftw1d_estimate          L=13  B=1     m=1     inner=1153218 min=     0.026 us/xform  median=     0.026  sd=  0.15%      9.13 GF/s  setup=0.001 s
fftw1d_measure           L=13  B=1     m=1     inner=753660 min=     0.026 us/xform  median=     0.026  sd=  0.24%      9.13 GF/s  setup=0.001 s
fftw1d_measure           L=13  B=1     m=1     inner=542397 min=     0.028 us/xform  median=     0.028  sd=  0.27%      8.50 GF/s  setup=0.001 s
fftw1d_measure           L=13  B=1     m=1     inner=1059700 min=     0.029 us/xform  median=     0.029  sd=  0.10%      8.34 GF/s  setup=0.001 s
fftw1d_measure           L=13  B=1     m=1     inner=753410 min=     0.026 us/xform  median=     0.026  sd=  0.09%      9.12 GF/s  setup=0.001 s
fftw1d_measure           L=13  B=1     m=1     inner=1167348 min=     0.026 us/xform  median=     0.026  sd=  0.11%      9.12 GF/s  setup=0.001 s
fftw1d_measure           L=13  B=1     m=1     inner=1199278 min=     0.026 us/xform  median=     0.026  sd=  0.12%      9.11 GF/s  setup=0.001 s
fftw1d_measure           L=13  B=1     m=1     inner=694613 min=     0.029 us/xform  median=     0.029  sd=  0.08%      8.38 GF/s  setup=0.001 s
fftw1d_measure           L=13  B=1     m=1     inner=1172576 min=     0.026 us/xform  median=     0.026  sd=  0.09%      9.11 GF/s  setup=0.001 s
fftw1d_measure           L=13  B=1     m=1     inner=1196986 min=     0.026 us/xform  median=     0.026  sd=  0.13%      9.11 GF/s  setup=0.001 s
fftw1d_patient           L=13  B=1     m=1     inner=705877 min=     0.028 us/xform  median=     0.028  sd=  0.08%      8.50 GF/s  setup=0.002 s
fftw1d_patient           L=13  B=1     m=1     inner=1193266 min=     0.026 us/xform  median=     0.026  sd=  0.11%      9.12 GF/s  setup=0.001 s
fftw1d_patient           L=13  B=1     m=1     inner=1165330 min=     0.027 us/xform  median=     0.027  sd=  0.08%      8.88 GF/s  setup=0.001 s
fftw1d_patient           L=13  B=1     m=1     inner=1138236 min=     0.027 us/xform  median=     0.027  sd=  0.09%      8.86 GF/s  setup=0.001 s
fftw1d_patient           L=13  B=1     m=1     inner=1193132 min=     0.026 us/xform  median=     0.026  sd=  0.10%      9.11 GF/s  setup=0.001 s
fftw1d_patient           L=13  B=1     m=1     inner=1437304 min=     0.028 us/xform  median=     0.028  sd=  0.05%      8.68 GF/s  setup=0.001 s
fftw1d_patient           L=13  B=1     m=1     inner=758218 min=     0.026 us/xform  median=     0.026  sd=  0.17%      9.12 GF/s  setup=0.001 s
fftw1d_patient           L=13  B=1     m=1     inner=1132120 min=     0.027 us/xform  median=     0.027  sd=  0.06%      9.02 GF/s  setup=0.001 s
fftw1d_patient           L=13  B=1     m=1     inner=1206132 min=     0.026 us/xform  median=     0.026  sd=  0.13%      9.11 GF/s  setup=0.001 s
mkl1d_dfti               L=13  B=1     m=1     inner=392236 min=     0.028 us/xform  median=     0.028  sd= 17.78%      8.66 GF/s  setup=0.088 s
mkl1d_dfti               L=13  B=1     m=1     inner=1481528 min=     0.026 us/xform  median=     0.026  sd=  0.22%      9.28 GF/s  setup=0.015 s
mkl1d_dfti               L=13  B=1     m=1     inner=768587 min=     0.026 us/xform  median=     0.026  sd=  0.33%      9.25 GF/s  setup=0.034 s
mkl1d_dfti               L=13  B=1     m=1     inner=1541920 min=     0.026 us/xform  median=     0.026  sd=  0.21%      9.29 GF/s  setup=0.015 s
mkl1d_dfti               L=13  B=1     m=1     inner=1544074 min=     0.026 us/xform  median=     0.026  sd=  0.20%      9.29 GF/s  setup=0.033 s
mkl1d_dfti               L=13  B=1     m=1     inner=770255 min=     0.026 us/xform  median=     0.026  sd=  0.11%      9.27 GF/s  setup=0.014 s
mkl1d_dfti               L=13  B=1     m=1     inner=772303 min=     0.026 us/xform  median=     0.026  sd=  0.44%      9.30 GF/s  setup=0.033 s
mkl1d_dfti               L=13  B=1     m=1     inner=1543316 min=     0.026 us/xform  median=     0.026  sd=  0.17%      9.29 GF/s  setup=0.015 s
mkl1d_dfti               L=13  B=1     m=1     inner=1507172 min=     0.022 us/xform  median=     0.022  sd=  0.32%     10.97 GF/s  setup=0.014 s
baseline_dft             L=13  B=512   m=1     inner=222    min=     0.350 us/xform  median=     0.350  sd=  0.01%      0.69 GF/s  setup=0.000 s
baseline_dft             L=13  B=512   m=1     inner=168    min=     0.350 us/xform  median=     0.350  sd=  0.02%      0.69 GF/s  setup=0.000 s
baseline_dft             L=13  B=512   m=1     inner=176    min=     0.350 us/xform  median=     0.350  sd=  0.03%      0.69 GF/s  setup=0.000 s
baseline_dft             L=13  B=512   m=1     inner=176    min=     0.350 us/xform  median=     0.350  sd=  0.02%      0.69 GF/s  setup=0.000 s
baseline_dft             L=13  B=512   m=1     inner=176    min=     0.350 us/xform  median=     0.350  sd=  0.01%      0.69 GF/s  setup=0.000 s
baseline_dft             L=13  B=512   m=1     inner=176    min=     0.350 us/xform  median=     0.350  sd=  0.01%      0.69 GF/s  setup=0.000 s
baseline_dft             L=13  B=512   m=1     inner=176    min=     0.350 us/xform  median=     0.350  sd=  0.01%      0.69 GF/s  setup=0.000 s
baseline_dft             L=13  B=512   m=1     inner=222    min=     0.350 us/xform  median=     0.350  sd=  0.00%      0.69 GF/s  setup=0.000 s
baseline_dft             L=13  B=512   m=1     inner=168    min=     0.350 us/xform  median=     0.350  sd=  0.01%      0.69 GF/s  setup=0.000 s
d1_batchlane             L=13  B=512   m=1     inner=7096   min=     0.011 us/xform  median=     0.011  sd=  0.08%     22.28 GF/s  setup=0.000 s
d1_batchlane             L=13  B=512   m=1     inner=7098   min=     0.011 us/xform  median=     0.011  sd=  0.44%     22.48 GF/s  setup=0.000 s
d1_batchlane             L=13  B=512   m=1     inner=6162   min=     0.010 us/xform  median=     0.010  sd=  0.04%     25.30 GF/s  setup=0.000 s
d1_batchlane             L=13  B=512   m=1     inner=6026   min=     0.009 us/xform  median=     0.010  sd=  0.04%     25.34 GF/s  setup=0.000 s
d1_batchlane             L=13  B=512   m=1     inner=5424   min=     0.011 us/xform  median=     0.011  sd=  0.08%     22.30 GF/s  setup=0.000 s
d1_batchlane             L=13  B=512   m=1     inner=5378   min=     0.011 us/xform  median=     0.011  sd=  0.05%     22.13 GF/s  setup=0.000 s
d1_batchlane             L=13  B=512   m=1     inner=5668   min=     0.011 us/xform  median=     0.011  sd=  0.03%     22.23 GF/s  setup=0.000 s
d1_batchlane             L=13  B=512   m=1     inner=5594   min=     0.010 us/xform  median=     0.010  sd=  0.04%     25.10 GF/s  setup=0.000 s
d1_batchlane             L=13  B=512   m=1     inner=5694   min=     0.011 us/xform  median=     0.011  sd=  0.07%     22.31 GF/s  setup=0.000 s
d1_bluestein             L=13  B=512   m=1     inner=734    min=     0.105 us/xform  median=     0.105  sd=  0.14%      2.30 GF/s  setup=0.000 s
d1_bluestein             L=13  B=512   m=1     inner=732    min=     0.105 us/xform  median=     0.105  sd=  0.20%      2.29 GF/s  setup=0.000 s
d1_bluestein             L=13  B=512   m=1     inner=371    min=     0.087 us/xform  median=     0.087  sd=  5.82%      2.77 GF/s  setup=0.000 s
d1_bluestein             L=13  B=512   m=1     inner=273    min=     0.108 us/xform  median=     0.109  sd=  0.73%      2.23 GF/s  setup=0.000 s
d1_bluestein             L=13  B=512   m=1     inner=594    min=     0.087 us/xform  median=     0.087  sd=  0.26%      2.78 GF/s  setup=0.000 s
d1_bluestein             L=13  B=512   m=1     inner=802    min=     0.097 us/xform  median=     0.097  sd=  0.05%      2.48 GF/s  setup=0.000 s
d1_bluestein             L=13  B=512   m=1     inner=450    min=     0.087 us/xform  median=     0.087  sd=  0.28%      2.77 GF/s  setup=0.000 s
d1_bluestein             L=13  B=512   m=1     inner=558    min=     0.087 us/xform  median=     0.087  sd=  0.21%      2.77 GF/s  setup=0.000 s
d1_bluestein             L=13  B=512   m=1     inner=558    min=     0.105 us/xform  median=     0.105  sd=  0.21%      2.30 GF/s  setup=0.000 s
d1_planner               L=13  B=512   m=1     inner=7152   min=     0.011 us/xform  median=     0.011  sd=  0.03%     22.40 GF/s  setup=0.000 s
d1_planner               L=13  B=512   m=1     inner=5696   min=     0.009 us/xform  median=     0.009  sd=  0.49%     25.52 GF/s  setup=0.000 s
d1_planner               L=13  B=512   m=1     inner=7960   min=     0.009 us/xform  median=     0.009  sd=  0.01%     25.53 GF/s  setup=0.000 s
d1_planner               L=13  B=512   m=1     inner=6044   min=     0.009 us/xform  median=     0.009  sd=  0.02%     25.52 GF/s  setup=0.000 s
d1_planner               L=13  B=512   m=1     inner=6090   min=     0.009 us/xform  median=     0.009  sd=  0.02%     25.54 GF/s  setup=0.000 s
d1_planner               L=13  B=512   m=1     inner=5716   min=     0.009 us/xform  median=     0.009  sd=  0.02%     25.52 GF/s  setup=0.000 s
d1_planner               L=13  B=512   m=1     inner=8108   min=     0.009 us/xform  median=     0.009  sd=  0.02%     25.52 GF/s  setup=0.000 s
d1_planner               L=13  B=512   m=1     inner=7394   min=     0.009 us/xform  median=     0.009  sd=  0.03%     25.41 GF/s  setup=0.000 s
d1_planner               L=13  B=512   m=1     inner=5778   min=     0.010 us/xform  median=     0.010  sd=  0.04%     24.63 GF/s  setup=0.000 s
d1_prime                 L=13  B=512   m=1     inner=6230   min=     0.009 us/xform  median=     0.009  sd=  0.41%     25.90 GF/s  setup=0.000 s
d1_prime                 L=13  B=512   m=1     inner=7924   min=     0.009 us/xform  median=     0.009  sd=  0.10%     25.93 GF/s  setup=0.000 s
d1_prime                 L=13  B=512   m=1     inner=5834   min=     0.009 us/xform  median=     0.009  sd=  0.09%     25.96 GF/s  setup=0.000 s
d1_prime                 L=13  B=512   m=1     inner=6254   min=     0.009 us/xform  median=     0.009  sd=  0.12%     25.99 GF/s  setup=0.000 s
d1_prime                 L=13  B=512   m=1     inner=5816   min=     0.009 us/xform  median=     0.009  sd=  0.10%     25.97 GF/s  setup=0.000 s
d1_prime                 L=13  B=512   m=1     inner=5756   min=     0.011 us/xform  median=     0.011  sd=  0.09%     22.74 GF/s  setup=0.000 s
d1_prime                 L=13  B=512   m=1     inner=6418   min=     0.011 us/xform  median=     0.011  sd=  0.13%     22.81 GF/s  setup=0.000 s
d1_prime                 L=13  B=512   m=1     inner=3687   min=     0.011 us/xform  median=     0.011  sd=  0.10%     22.78 GF/s  setup=0.000 s
d1_prime                 L=13  B=512   m=1     inner=6184   min=     0.009 us/xform  median=     0.009  sd=  0.11%     25.95 GF/s  setup=0.000 s
d1_race                  L=13  B=512   m=1     inner=6014   min=     0.010 us/xform  median=     0.010  sd=  0.06%     25.20 GF/s  setup=0.828 s
d1_race                  L=13  B=512   m=1     inner=7818   min=     0.010 us/xform  median=     0.010  sd=  0.07%     25.15 GF/s  setup=0.007 s
d1_race                  L=13  B=512   m=1     inner=6904   min=     0.011 us/xform  median=     0.011  sd=  0.06%     21.78 GF/s  setup=0.008 s
d1_race                  L=13  B=512   m=1     inner=5362   min=     0.011 us/xform  median=     0.011  sd=  0.08%     22.20 GF/s  setup=0.009 s
d1_race                  L=13  B=512   m=1     inner=5606   min=     0.010 us/xform  median=     0.010  sd=  0.08%     25.23 GF/s  setup=0.008 s
d1_race                  L=13  B=512   m=1     inner=5608   min=     0.011 us/xform  median=     0.011  sd=  0.06%     22.16 GF/s  setup=0.008 s
d1_race                  L=13  B=512   m=1     inner=5624   min=     0.011 us/xform  median=     0.011  sd=  0.13%     22.02 GF/s  setup=0.011 s
d1_race                  L=13  B=512   m=1     inner=7082   min=     0.011 us/xform  median=     0.011  sd=  0.09%     22.12 GF/s  setup=0.009 s
d1_race                  L=13  B=512   m=1     inner=5554   min=     0.011 us/xform  median=     0.011  sd=  0.14%     22.16 GF/s  setup=0.008 s
d1_rader                 L=13  B=512   m=1     inner=4304   min=     0.016 us/xform  median=     0.016  sd=  0.62%     14.63 GF/s  setup=0.000 s
d1_rader                 L=13  B=512   m=1     inner=4718   min=     0.016 us/xform  median=     0.017  sd=  0.34%     14.62 GF/s  setup=0.000 s
d1_rader                 L=13  B=512   m=1     inner=3310   min=     0.019 us/xform  median=     0.019  sd=  0.16%     12.52 GF/s  setup=0.000 s
d1_rader                 L=13  B=512   m=1     inner=2458   min=     0.016 us/xform  median=     0.016  sd=  0.88%     14.71 GF/s  setup=0.000 s
d1_rader                 L=13  B=512   m=1     inner=2444   min=     0.016 us/xform  median=     0.016  sd=  0.04%     14.77 GF/s  setup=0.000 s
d1_rader                 L=13  B=512   m=1     inner=4716   min=     0.016 us/xform  median=     0.016  sd=  0.09%     14.62 GF/s  setup=0.000 s
d1_rader                 L=13  B=512   m=1     inner=4638   min=     0.017 us/xform  median=     0.017  sd=  0.36%     14.36 GF/s  setup=0.000 s
d1_rader                 L=13  B=512   m=1     inner=3216   min=     0.019 us/xform  median=     0.019  sd=  0.05%     12.79 GF/s  setup=0.000 s
d1_rader                 L=13  B=512   m=1     inner=3432   min=     0.017 us/xform  median=     0.017  sd=  0.06%     14.57 GF/s  setup=0.000 s
fftw1d_custom            L=13  B=512   m=1     inner=800    min=     0.049 us/xform  median=     0.049  sd=  0.07%      4.94 GF/s  setup=0.000 s
fftw1d_custom            L=13  B=512   m=1     inner=791    min=     0.049 us/xform  median=     0.049  sd=  0.05%      4.89 GF/s  setup=0.000 s
fftw1d_custom            L=13  B=512   m=1     inner=1260   min=     0.049 us/xform  median=     0.049  sd=  0.04%      4.91 GF/s  setup=0.000 s
fftw1d_custom            L=13  B=512   m=1     inner=795    min=     0.049 us/xform  median=     0.049  sd=  0.04%      4.92 GF/s  setup=0.000 s
fftw1d_custom            L=13  B=512   m=1     inner=1198   min=     0.049 us/xform  median=     0.049  sd=  0.02%      4.87 GF/s  setup=0.000 s
fftw1d_custom            L=13  B=512   m=1     inner=1208   min=     0.041 us/xform  median=     0.041  sd=  0.08%      5.94 GF/s  setup=0.000 s
fftw1d_custom            L=13  B=512   m=1     inner=1206   min=     0.049 us/xform  median=     0.049  sd=  0.03%      4.90 GF/s  setup=0.000 s
fftw1d_custom            L=13  B=512   m=1     inner=1210   min=     0.049 us/xform  median=     0.049  sd=  0.04%      4.94 GF/s  setup=0.000 s
fftw1d_custom            L=13  B=512   m=1     inner=797    min=     0.049 us/xform  median=     0.049  sd=  0.03%      4.91 GF/s  setup=0.000 s
fftw1d_custom_soa        L=13  B=512   m=1     inner=2108   min=     0.037 us/xform  median=     0.037  sd=  0.03%      6.53 GF/s  setup=0.000 s
fftw1d_custom_soa        L=13  B=512   m=1     inner=1676   min=     0.032 us/xform  median=     0.032  sd=  0.07%      7.43 GF/s  setup=0.000 s
fftw1d_custom_soa        L=13  B=512   m=1     inner=1210   min=     0.037 us/xform  median=     0.037  sd=  0.19%      6.56 GF/s  setup=0.000 s
fftw1d_custom_soa        L=13  B=512   m=1     inner=1596   min=     0.037 us/xform  median=     0.037  sd=  0.03%      6.54 GF/s  setup=0.000 s
fftw1d_custom_soa        L=13  B=512   m=1     inner=1062   min=     0.037 us/xform  median=     0.037  sd=  0.13%      6.56 GF/s  setup=0.000 s
fftw1d_custom_soa        L=13  B=512   m=1     inner=1612   min=     0.037 us/xform  median=     0.037  sd=  0.19%      6.53 GF/s  setup=0.000 s
fftw1d_custom_soa        L=13  B=512   m=1     inner=1662   min=     0.037 us/xform  median=     0.037  sd=  0.12%      6.56 GF/s  setup=0.000 s
fftw1d_custom_soa        L=13  B=512   m=1     inner=1604   min=     0.037 us/xform  median=     0.037  sd=  0.03%      6.54 GF/s  setup=0.000 s
fftw1d_custom_soa        L=13  B=512   m=1     inner=1604   min=     0.037 us/xform  median=     0.037  sd=  0.35%      6.59 GF/s  setup=0.000 s
fftw1d_estimate          L=13  B=512   m=1     inner=1936   min=     0.040 us/xform  median=     0.040  sd=  0.08%      5.99 GF/s  setup=0.001 s
fftw1d_estimate          L=13  B=512   m=1     inner=1940   min=     0.040 us/xform  median=     0.040  sd=  0.03%      5.99 GF/s  setup=0.001 s
fftw1d_estimate          L=13  B=512   m=1     inner=1940   min=     0.035 us/xform  median=     0.036  sd=  6.52%      6.83 GF/s  setup=0.001 s
fftw1d_estimate          L=13  B=512   m=1     inner=1472   min=     0.040 us/xform  median=     0.040  sd=  0.06%      6.00 GF/s  setup=0.001 s
fftw1d_estimate          L=13  B=512   m=1     inner=1536   min=     0.040 us/xform  median=     0.040  sd=  0.03%      6.00 GF/s  setup=0.001 s
fftw1d_estimate          L=13  B=512   m=1     inner=1468   min=     0.040 us/xform  median=     0.040  sd=  0.02%      6.00 GF/s  setup=0.001 s
fftw1d_estimate          L=13  B=512   m=1     inner=1476   min=     0.040 us/xform  median=     0.040  sd=  0.06%      6.01 GF/s  setup=0.001 s
fftw1d_estimate          L=13  B=512   m=1     inner=1470   min=     0.040 us/xform  median=     0.040  sd=  0.03%      5.99 GF/s  setup=0.001 s
fftw1d_estimate          L=13  B=512   m=1     inner=1946   min=     0.036 us/xform  median=     0.040  sd=  3.43%      6.77 GF/s  setup=0.001 s
fftw1d_measure           L=13  B=512   m=1     inner=5410   min=     0.014 us/xform  median=     0.014  sd=  0.06%     17.25 GF/s  setup=0.002 s
fftw1d_measure           L=13  B=512   m=1     inner=5436   min=     0.014 us/xform  median=     0.014  sd=  0.07%     17.07 GF/s  setup=0.002 s
fftw1d_measure           L=13  B=512   m=1     inner=5404   min=     0.012 us/xform  median=     0.012  sd=  3.90%     19.32 GF/s  setup=0.002 s
fftw1d_measure           L=13  B=512   m=1     inner=4468   min=     0.014 us/xform  median=     0.014  sd=  0.04%     17.21 GF/s  setup=0.002 s
fftw1d_measure           L=13  B=512   m=1     inner=4376   min=     0.014 us/xform  median=     0.014  sd=  0.05%     16.84 GF/s  setup=0.002 s
fftw1d_measure           L=13  B=512   m=1     inner=2860   min=     0.015 us/xform  median=     0.015  sd=  0.39%     16.43 GF/s  setup=0.002 s
fftw1d_measure           L=13  B=512   m=1     inner=5108   min=     0.014 us/xform  median=     0.014  sd=  0.07%     16.75 GF/s  setup=0.002 s
fftw1d_measure           L=13  B=512   m=1     inner=5408   min=     0.012 us/xform  median=     0.014  sd=  6.32%     19.46 GF/s  setup=0.002 s
fftw1d_measure           L=13  B=512   m=1     inner=4116   min=     0.015 us/xform  median=     0.015  sd=  0.04%     15.99 GF/s  setup=0.002 s
fftw1d_patient           L=13  B=512   m=1     inner=3325   min=     0.012 us/xform  median=     0.012  sd=  0.14%     19.57 GF/s  setup=0.002 s
fftw1d_patient           L=13  B=512   m=1     inner=4082   min=     0.014 us/xform  median=     0.014  sd=  0.05%     16.78 GF/s  setup=0.003 s
fftw1d_patient           L=13  B=512   m=1     inner=4128   min=     0.014 us/xform  median=     0.014  sd=  0.04%     16.94 GF/s  setup=0.003 s
fftw1d_patient           L=13  B=512   m=1     inner=4316   min=     0.012 us/xform  median=     0.012  sd=  0.07%     19.57 GF/s  setup=0.003 s
fftw1d_patient           L=13  B=512   m=1     inner=4228   min=     0.014 us/xform  median=     0.014  sd=  0.08%     16.81 GF/s  setup=0.002 s
fftw1d_patient           L=13  B=512   m=1     inner=2712   min=     0.014 us/xform  median=     0.014  sd=  0.15%     17.09 GF/s  setup=0.002 s
fftw1d_patient           L=13  B=512   m=1     inner=5416   min=     0.014 us/xform  median=     0.014  sd=  0.03%     17.08 GF/s  setup=0.002 s
fftw1d_patient           L=13  B=512   m=1     inner=5360   min=     0.014 us/xform  median=     0.014  sd=  0.06%     16.95 GF/s  setup=0.002 s
fftw1d_patient           L=13  B=512   m=1     inner=4144   min=     0.014 us/xform  median=     0.014  sd=  0.06%     17.10 GF/s  setup=0.003 s
mkl1d_dfti               L=13  B=512   m=1     inner=4022   min=     0.019 us/xform  median=     0.019  sd=  0.16%     12.45 GF/s  setup=0.047 s
mkl1d_dfti               L=13  B=512   m=1     inner=3900   min=     0.020 us/xform  median=     0.020  sd=  0.11%     12.25 GF/s  setup=0.035 s
mkl1d_dfti               L=13  B=512   m=1     inner=4016   min=     0.016 us/xform  median=     0.016  sd=  0.08%     15.11 GF/s  setup=0.030 s
mkl1d_dfti               L=13  B=512   m=1     inner=2277   min=     0.016 us/xform  median=     0.016  sd=  9.19%     15.03 GF/s  setup=0.037 s
mkl1d_dfti               L=13  B=512   m=1     inner=4566   min=     0.016 us/xform  median=     0.016  sd=  0.13%     15.07 GF/s  setup=0.011 s
mkl1d_dfti               L=13  B=512   m=1     inner=4566   min=     0.016 us/xform  median=     0.016  sd=  0.17%     15.08 GF/s  setup=0.034 s
mkl1d_dfti               L=13  B=512   m=1     inner=4566   min=     0.016 us/xform  median=     0.016  sd=  0.12%     15.08 GF/s  setup=0.034 s
mkl1d_dfti               L=13  B=512   m=1     inner=4564   min=     0.016 us/xform  median=     0.016  sd=  0.17%     15.03 GF/s  setup=0.013 s
mkl1d_dfti               L=13  B=512   m=1     inner=4542   min=     0.016 us/xform  median=     0.016  sd=  0.09%     15.06 GF/s  setup=0.031 s
baseline_dft             L=13  B=1     m=200000 inner=1      min=     0.393 us/xform  median=     0.393  sd=  0.01%      0.61 GF/s  setup=0.000 s
baseline_dft             L=13  B=1     m=200000 inner=1      min=     0.393 us/xform  median=     0.393  sd=  0.01%      0.61 GF/s  setup=0.000 s
baseline_dft             L=13  B=1     m=200000 inner=1      min=     0.326 us/xform  median=     0.326  sd=  0.00%      0.74 GF/s  setup=0.000 s
baseline_dft             L=13  B=1     m=2     inner=2014   min=     0.346 us/xform  median=     0.346  sd=  0.00%      0.69 GF/s  setup=0.000 s
d1_batchlane             L=13  B=1     m=200000 inner=4      min=     0.039 us/xform  median=     0.039  sd=  4.31%      6.14 GF/s  setup=0.000 s
d1_batchlane             L=13  B=1     m=200000 inner=4      min=     0.045 us/xform  median=     0.045  sd=  0.04%      5.39 GF/s  setup=0.000 s
d1_batchlane             L=13  B=1     m=200000 inner=4      min=     0.039 us/xform  median=     0.045  sd=  6.48%      6.14 GF/s  setup=0.000 s
d1_batchlane             L=13  B=1     m=2     inner=4364   min=     0.134 us/xform  median=     0.134  sd=  0.00%      1.80 GF/s  setup=0.000 s
d1_bluestein             L=13  B=1     m=200000 inner=1      min=     0.147 us/xform  median=     0.148  sd=  0.35%      1.64 GF/s  setup=0.000 s
d1_bluestein             L=13  B=1     m=200000 inner=1      min=     0.121 us/xform  median=     0.147  sd=  9.03%      1.99 GF/s  setup=0.000 s
d1_bluestein             L=13  B=1     m=200000 inner=1      min=     0.122 us/xform  median=     0.123  sd=  0.87%      1.98 GF/s  setup=0.000 s
d1_bluestein             L=13  B=1     m=2     inner=5632   min=     0.163 us/xform  median=     0.163  sd=  0.00%      1.47 GF/s  setup=0.000 s
d1_planner               L=13  B=1     m=200000 inner=4      min=     0.045 us/xform  median=     0.045  sd=  0.11%      5.37 GF/s  setup=0.000 s
d1_planner               L=13  B=1     m=200000 inner=4      min=     0.045 us/xform  median=     0.045  sd=  0.11%      5.37 GF/s  setup=0.000 s
d1_planner               L=13  B=1     m=200000 inner=4      min=     0.045 us/xform  median=     0.045  sd=  0.10%      5.36 GF/s  setup=0.000 s
d1_planner               L=13  B=1     m=2     inner=14444  min=     0.066 us/xform  median=     0.066  sd=  0.00%      3.63 GF/s  setup=0.000 s
d1_prime                 L=13  B=1     m=200000 inner=4      min=     0.038 us/xform  median=     0.038  sd=  0.01%      6.25 GF/s  setup=0.000 s
d1_prime                 L=13  B=1     m=200000 inner=4      min=     0.038 us/xform  median=     0.038  sd=  0.02%      6.25 GF/s  setup=0.000 s
d1_prime                 L=13  B=1     m=200000 inner=4      min=     0.038 us/xform  median=     0.038  sd=  0.01%      6.25 GF/s  setup=0.000 s
d1_prime                 L=13  B=1     m=2     inner=16244  min=     0.058 us/xform  median=     0.058  sd=  0.00%      4.15 GF/s  setup=0.000 s
d1_race                  L=13  B=1     m=200000 inner=4      min=     0.034 us/xform  median=     0.034  sd=  0.02%      7.11 GF/s  setup=0.006 s
d1_race                  L=13  B=1     m=200000 inner=4      min=     0.034 us/xform  median=     0.034  sd=  0.01%      7.11 GF/s  setup=0.007 s
d1_race                  L=13  B=1     m=200000 inner=4      min=     0.034 us/xform  median=     0.034  sd=  0.01%      7.11 GF/s  setup=0.006 s
d1_race                  L=13  B=1     m=2     inner=15790  min=     0.058 us/xform  median=     0.058  sd=  0.00%      4.15 GF/s  setup=0.005 s
d1_rader                 L=13  B=1     m=200000 inner=2      min=     0.080 us/xform  median=     0.080  sd=  0.28%      3.00 GF/s  setup=0.000 s
d1_rader                 L=13  B=1     m=200000 inner=2      min=     0.097 us/xform  median=     0.097  sd=  0.04%      2.49 GF/s  setup=0.000 s
d1_rader                 L=13  B=1     m=200000 inner=2      min=     0.097 us/xform  median=     0.097  sd=  0.04%      2.49 GF/s  setup=0.000 s
d1_rader                 L=13  B=1     m=2     inner=8772   min=     0.112 us/xform  median=     0.112  sd=  0.00%      2.14 GF/s  setup=0.000 s
fftw1d_custom            L=13  B=1     m=200000 inner=2      min=     0.063 us/xform  median=     0.063  sd=  0.42%      3.84 GF/s  setup=0.000 s
fftw1d_custom            L=13  B=1     m=200000 inner=2      min=     0.076 us/xform  median=     0.076  sd=  0.32%      3.18 GF/s  setup=0.000 s
fftw1d_custom            L=13  B=1     m=200000 inner=2      min=     0.062 us/xform  median=     0.063  sd=  0.37%      3.85 GF/s  setup=0.000 s
fftw1d_custom            L=13  B=1     m=2     inner=4306   min=     0.154 us/xform  median=     0.154  sd=  0.00%      1.56 GF/s  setup=0.000 s
fftw1d_estimate          L=13  B=1     m=200000 inner=2      min=     0.081 us/xform  median=     0.081  sd=  0.02%      2.96 GF/s  setup=0.001 s
fftw1d_estimate          L=13  B=1     m=200000 inner=2      min=     0.067 us/xform  median=     0.081  sd=  9.36%      3.57 GF/s  setup=0.001 s
fftw1d_estimate          L=13  B=1     m=200000 inner=2      min=     0.067 us/xform  median=     0.067  sd=  0.02%      3.57 GF/s  setup=0.000 s
fftw1d_estimate          L=13  B=1     m=2     inner=9216   min=     0.080 us/xform  median=     0.080  sd=  0.00%      3.02 GF/s  setup=0.001 s
fftw1d_measure           L=13  B=1     m=200000 inner=2      min=     0.067 us/xform  median=     0.067  sd=  0.01%      3.57 GF/s  setup=0.001 s
fftw1d_measure           L=13  B=1     m=200000 inner=2      min=     0.067 us/xform  median=     0.067  sd=  0.01%      3.57 GF/s  setup=0.001 s
fftw1d_measure           L=13  B=1     m=200000 inner=2      min=     0.067 us/xform  median=     0.067  sd=  0.01%      3.57 GF/s  setup=0.001 s
fftw1d_measure           L=13  B=1     m=2     inner=12012  min=     0.079 us/xform  median=     0.079  sd=  0.00%      3.03 GF/s  setup=0.001 s
fftw1d_patient           L=13  B=1     m=200000 inner=2      min=     0.081 us/xform  median=     0.081  sd=  0.04%      2.96 GF/s  setup=0.001 s
fftw1d_patient           L=13  B=1     m=200000 inner=2      min=     0.081 us/xform  median=     0.081  sd=  0.32%      2.96 GF/s  setup=0.001 s
fftw1d_patient           L=13  B=1     m=200000 inner=2      min=     0.081 us/xform  median=     0.081  sd=  0.01%      2.96 GF/s  setup=0.001 s
fftw1d_patient           L=13  B=1     m=2     inner=5362   min=     0.100 us/xform  median=     0.100  sd=  0.00%      2.41 GF/s  setup=0.001 s
mkl1d_dfti               L=13  B=1     m=200000 inner=2      min=     0.067 us/xform  median=     0.067  sd=  0.08%      3.61 GF/s  setup=0.051 s
mkl1d_dfti               L=13  B=1     m=200000 inner=2      min=     0.067 us/xform  median=     0.067  sd=  0.07%      3.61 GF/s  setup=0.012 s
mkl1d_dfti               L=13  B=1     m=200000 inner=2      min=     0.067 us/xform  median=     0.067  sd=  0.15%      3.61 GF/s  setup=0.032 s
mkl1d_dfti               L=13  B=1     m=2     inner=7064   min=     0.076 us/xform  median=     0.076  sd=  0.00%      3.15 GF/s  setup=0.050 s
baseline_dft             L=13  B=512   m=2000  inner=1      min=     0.327 us/xform  median=     0.327  sd=  0.02%      0.74 GF/s  setup=0.000 s
baseline_dft             L=13  B=512   m=2000  inner=1      min=     0.327 us/xform  median=     0.327  sd=  0.00%      0.74 GF/s  setup=0.000 s
baseline_dft             L=13  B=512   m=2000  inner=1      min=     0.327 us/xform  median=     0.327  sd=  0.00%      0.74 GF/s  setup=0.000 s
baseline_dft             L=13  B=512   m=2     inner=4      min=     0.397 us/xform  median=     0.397  sd=  0.00%      0.61 GF/s  setup=0.000 s
d1_batchlane             L=13  B=512   m=2000  inner=2      min=     0.017 us/xform  median=     0.018  sd=  0.29%     13.76 GF/s  setup=0.000 s
d1_batchlane             L=13  B=512   m=2000  inner=2      min=     0.015 us/xform  median=     0.015  sd=  0.03%     15.55 GF/s  setup=0.000 s
d1_batchlane             L=13  B=512   m=2000  inner=2      min=     0.018 us/xform  median=     0.018  sd=  0.04%     13.67 GF/s  setup=0.000 s
d1_batchlane             L=13  B=512   m=2     inner=62     min=     0.030 us/xform  median=     0.030  sd=  0.00%      8.13 GF/s  setup=0.000 s
d1_bluestein             L=13  B=512   m=2000  inner=1      min=     0.124 us/xform  median=     0.124  sd=  0.05%      1.94 GF/s  setup=0.000 s
d1_bluestein             L=13  B=512   m=2000  inner=1      min=     0.124 us/xform  median=     0.124  sd=  0.08%      1.95 GF/s  setup=0.000 s
d1_bluestein             L=13  B=512   m=2000  inner=1      min=     0.124 us/xform  median=     0.124  sd=  0.08%      1.94 GF/s  setup=0.000 s
d1_bluestein             L=13  B=512   m=2     inner=6      min=     0.191 us/xform  median=     0.191  sd=  0.00%      1.26 GF/s  setup=0.000 s
d1_planner               L=13  B=512   m=2000  inner=2      min=     0.016 us/xform  median=     0.016  sd=  0.08%     15.51 GF/s  setup=0.000 s
d1_planner               L=13  B=512   m=2000  inner=2      min=     0.015 us/xform  median=     0.015  sd=  0.09%     15.55 GF/s  setup=0.000 s
d1_planner               L=13  B=512   m=2000  inner=2      min=     0.015 us/xform  median=     0.016  sd=  0.09%     15.55 GF/s  setup=0.000 s
d1_planner               L=13  B=512   m=2     inner=56     min=     0.034 us/xform  median=     0.034  sd=  0.00%      7.11 GF/s  setup=0.000 s
d1_prime                 L=13  B=512   m=2000  inner=2      min=     0.016 us/xform  median=     0.016  sd=  0.23%     15.33 GF/s  setup=0.000 s
d1_prime                 L=13  B=512   m=2000  inner=2      min=     0.016 us/xform  median=     0.016  sd=  0.30%     15.35 GF/s  setup=0.000 s
d1_prime                 L=13  B=512   m=2000  inner=2      min=     0.014 us/xform  median=     0.016  sd=  3.91%     17.34 GF/s  setup=0.000 s
d1_prime                 L=13  B=512   m=2     inner=56     min=     0.033 us/xform  median=     0.033  sd=  0.00%      7.21 GF/s  setup=0.000 s
d1_race                  L=13  B=512   m=2000  inner=2      min=     0.016 us/xform  median=     0.016  sd=  0.28%     15.37 GF/s  setup=0.010 s
d1_race                  L=13  B=512   m=2000  inner=2      min=     0.016 us/xform  median=     0.016  sd=  0.16%     15.29 GF/s  setup=0.011 s
d1_race                  L=13  B=512   m=2000  inner=2      min=     0.016 us/xform  median=     0.016  sd=  0.18%     15.17 GF/s  setup=0.011 s
d1_race                  L=13  B=512   m=2     inner=29     min=     0.033 us/xform  median=     0.033  sd=  0.00%      7.24 GF/s  setup=0.008 s
d1_rader                 L=13  B=512   m=2000  inner=2      min=     0.017 us/xform  median=     0.017  sd=  0.02%     14.47 GF/s  setup=0.000 s
d1_rader                 L=13  B=512   m=2000  inner=2      min=     0.017 us/xform  median=     0.017  sd=  0.02%     14.48 GF/s  setup=0.000 s
d1_rader                 L=13  B=512   m=2000  inner=2      min=     0.017 us/xform  median=     0.017  sd=  0.07%     14.47 GF/s  setup=0.000 s
d1_rader                 L=13  B=512   m=2     inner=66     min=     0.029 us/xform  median=     0.029  sd=  0.00%      8.36 GF/s  setup=0.000 s
fftw1d_custom            L=13  B=512   m=2000  inner=1      min=     0.057 us/xform  median=     0.057  sd=  0.03%      4.21 GF/s  setup=0.000 s
fftw1d_custom            L=13  B=512   m=2000  inner=1      min=     0.058 us/xform  median=     0.058  sd=  0.07%      4.17 GF/s  setup=0.000 s
fftw1d_custom            L=13  B=512   m=2000  inner=1      min=     0.048 us/xform  median=     0.048  sd=  8.38%      5.05 GF/s  setup=0.000 s
fftw1d_custom            L=13  B=512   m=2     inner=20     min=     0.063 us/xform  median=     0.063  sd=  0.00%      3.81 GF/s  setup=0.000 s
fftw1d_custom_soa        L=13  B=512   m=2000  inner=1      min=     0.030 us/xform  median=     0.030  sd=  0.03%      8.04 GF/s  setup=0.000 s
fftw1d_custom_soa        L=13  B=512   m=2000  inner=1      min=     0.027 us/xform  median=     0.027  sd=  0.04%      9.02 GF/s  setup=0.000 s
fftw1d_custom_soa        L=13  B=512   m=2000  inner=1      min=     0.026 us/xform  median=     0.026  sd=  0.10%      9.19 GF/s  setup=0.000 s
fftw1d_custom_soa        L=13  B=512   m=2     inner=18     min=     0.059 us/xform  median=     0.059  sd=  0.00%      4.08 GF/s  setup=0.000 s
fftw1d_estimate          L=13  B=512   m=2000  inner=1      min=     0.085 us/xform  median=     0.085  sd=  0.01%      2.83 GF/s  setup=0.001 s
fftw1d_estimate          L=13  B=512   m=2000  inner=1      min=     0.085 us/xform  median=     0.085  sd=  0.01%      2.83 GF/s  setup=0.001 s
fftw1d_estimate          L=13  B=512   m=2000  inner=1      min=     0.075 us/xform  median=     0.075  sd=  0.02%      3.23 GF/s  setup=0.001 s
fftw1d_estimate          L=13  B=512   m=2     inner=20     min=     0.089 us/xform  median=     0.089  sd=  0.00%      2.70 GF/s  setup=0.001 s
fftw1d_measure           L=13  B=512   m=2000  inner=1      min=     0.051 us/xform  median=     0.058  sd=  6.69%      4.68 GF/s  setup=0.002 s
fftw1d_measure           L=13  B=512   m=2000  inner=1      min=     0.059 us/xform  median=     0.059  sd=  0.02%      4.08 GF/s  setup=0.002 s
fftw1d_measure           L=13  B=512   m=2000  inner=1      min=     0.051 us/xform  median=     0.051  sd=  6.33%      4.68 GF/s  setup=0.002 s
fftw1d_measure           L=13  B=512   m=2     inner=24     min=     0.077 us/xform  median=     0.077  sd=  0.00%      3.13 GF/s  setup=0.002 s
fftw1d_patient           L=13  B=512   m=2000  inner=1      min=     0.051 us/xform  median=     0.058  sd=  3.58%      4.70 GF/s  setup=0.002 s
fftw1d_patient           L=13  B=512   m=2000  inner=1      min=     0.052 us/xform  median=     0.052  sd=  0.01%      4.66 GF/s  setup=0.002 s
fftw1d_patient           L=13  B=512   m=2000  inner=1      min=     0.051 us/xform  median=     0.051  sd=  0.01%      4.69 GF/s  setup=0.002 s
fftw1d_patient           L=13  B=512   m=2     inner=30     min=     0.062 us/xform  median=     0.062  sd=  0.00%      3.90 GF/s  setup=0.003 s
mkl1d_dfti               L=13  B=512   m=2000  inner=1      min=     0.065 us/xform  median=     0.065  sd=  0.03%      3.67 GF/s  setup=0.052 s
mkl1d_dfti               L=13  B=512   m=2000  inner=1      min=     0.053 us/xform  median=     0.064  sd=  6.19%      4.53 GF/s  setup=0.052 s
mkl1d_dfti               L=13  B=512   m=2000  inner=1      min=     0.053 us/xform  median=     0.053  sd=  0.03%      4.53 GF/s  setup=0.053 s
mkl1d_dfti               L=13  B=512   m=2     inner=16     min=     0.113 us/xform  median=     0.113  sd=  0.00%      2.12 GF/s  setup=0.045 s
baseline_dft             L=31  B=1     m=1     inner=19394  min=     1.998 us/xform  median=     1.998  sd=  0.02%      0.38 GF/s  setup=0.000 s
baseline_dft             L=31  B=1     m=1     inner=15180  min=     1.998 us/xform  median=     1.998  sd=  0.02%      0.38 GF/s  setup=0.000 s
baseline_dft             L=31  B=1     m=1     inner=15384  min=     1.998 us/xform  median=     1.998  sd=  0.01%      0.38 GF/s  setup=0.000 s
baseline_dft             L=31  B=1     m=1     inner=19372  min=     1.998 us/xform  median=     1.998  sd=  0.06%      0.38 GF/s  setup=0.000 s
baseline_dft             L=31  B=1     m=1     inner=19372  min=     1.998 us/xform  median=     1.998  sd=  0.01%      0.38 GF/s  setup=0.000 s
baseline_dft             L=31  B=1     m=1     inner=14642  min=     1.998 us/xform  median=     1.998  sd=  0.02%      0.38 GF/s  setup=0.000 s
baseline_dft             L=31  B=1     m=1     inner=19118  min=     1.998 us/xform  median=     1.998  sd=  0.02%      0.38 GF/s  setup=0.000 s
baseline_dft             L=31  B=1     m=1     inner=14720  min=     1.998 us/xform  median=     1.998  sd=  0.01%      0.38 GF/s  setup=0.000 s
baseline_dft             L=31  B=1     m=1     inner=14672  min=     1.998 us/xform  median=     1.998  sd=  0.02%      0.38 GF/s  setup=0.000 s
d1_batchlane             L=31  B=1     m=1     inner=722210 min=     0.055 us/xform  median=     0.055  sd=  0.03%     13.91 GF/s  setup=0.000 s
d1_batchlane             L=31  B=1     m=1     inner=750674 min=     0.053 us/xform  median=     0.053  sd=  0.03%     14.49 GF/s  setup=0.000 s
d1_batchlane             L=31  B=1     m=1     inner=573784 min=     0.055 us/xform  median=     0.055  sd=  0.03%     13.97 GF/s  setup=0.000 s
d1_batchlane             L=31  B=1     m=1     inner=587866 min=     0.054 us/xform  median=     0.054  sd=  0.02%     14.13 GF/s  setup=0.000 s
d1_batchlane             L=31  B=1     m=1     inner=593588 min=     0.054 us/xform  median=     0.054  sd=  0.10%     14.23 GF/s  setup=0.000 s
d1_batchlane             L=31  B=1     m=1     inner=579912 min=     0.054 us/xform  median=     0.054  sd=  0.01%     14.21 GF/s  setup=0.000 s
d1_batchlane             L=31  B=1     m=1     inner=687646 min=     0.058 us/xform  median=     0.058  sd=  0.03%     13.26 GF/s  setup=0.000 s
d1_batchlane             L=31  B=1     m=1     inner=749164 min=     0.053 us/xform  median=     0.053  sd=  0.04%     14.46 GF/s  setup=0.000 s
d1_batchlane             L=31  B=1     m=1     inner=571550 min=     0.054 us/xform  median=     0.054  sd=  0.01%     14.27 GF/s  setup=0.000 s
d1_bluestein             L=31  B=1     m=1     inner=188210 min=     0.209 us/xform  median=     0.210  sd=  0.12%      3.67 GF/s  setup=0.002 s
d1_bluestein             L=31  B=1     m=1     inner=148052 min=     0.210 us/xform  median=     0.211  sd=  0.17%      3.66 GF/s  setup=0.002 s
d1_bluestein             L=31  B=1     m=1     inner=153534 min=     0.210 us/xform  median=     0.210  sd=  0.11%      3.66 GF/s  setup=0.001 s
d1_bluestein             L=31  B=1     m=1     inner=144558 min=     0.214 us/xform  median=     0.215  sd=  1.96%      3.59 GF/s  setup=0.001 s
d1_bluestein             L=31  B=1     m=1     inner=151868 min=     0.210 us/xform  median=     0.210  sd=  0.18%      3.67 GF/s  setup=0.001 s
d1_bluestein             L=31  B=1     m=1     inner=171416 min=     0.232 us/xform  median=     0.232  sd=  0.08%      3.31 GF/s  setup=0.001 s
d1_bluestein             L=31  B=1     m=1     inner=136196 min=     0.228 us/xform  median=     0.228  sd=  0.16%      3.37 GF/s  setup=0.001 s
d1_bluestein             L=31  B=1     m=1     inner=186490 min=     0.212 us/xform  median=     0.213  sd=  0.09%      3.62 GF/s  setup=0.001 s
d1_bluestein             L=31  B=1     m=1     inner=148194 min=     0.210 us/xform  median=     0.210  sd=  0.13%      3.66 GF/s  setup=0.001 s
d1_planner               L=31  B=1     m=1     inner=547742 min=     0.058 us/xform  median=     0.058  sd=  0.02%     13.35 GF/s  setup=0.000 s
d1_planner               L=31  B=1     m=1     inner=676646 min=     0.059 us/xform  median=     0.059  sd=  0.01%     13.04 GF/s  setup=0.000 s
d1_planner               L=31  B=1     m=1     inner=530932 min=     0.059 us/xform  median=     0.059  sd=  0.02%     13.06 GF/s  setup=0.000 s
d1_planner               L=31  B=1     m=1     inner=529182 min=     0.059 us/xform  median=     0.059  sd=  0.01%     13.04 GF/s  setup=0.000 s
d1_planner               L=31  B=1     m=1     inner=519788 min=     0.059 us/xform  median=     0.059  sd=  0.01%     13.10 GF/s  setup=0.000 s
d1_planner               L=31  B=1     m=1     inner=550208 min=     0.058 us/xform  median=     0.058  sd=  0.01%     13.15 GF/s  setup=0.000 s
d1_planner               L=31  B=1     m=1     inner=535880 min=     0.058 us/xform  median=     0.058  sd=  0.02%     13.34 GF/s  setup=0.000 s
d1_planner               L=31  B=1     m=1     inner=676766 min=     0.059 us/xform  median=     0.059  sd=  0.01%     13.05 GF/s  setup=0.000 s
d1_planner               L=31  B=1     m=1     inner=644668 min=     0.062 us/xform  median=     0.062  sd=  0.01%     12.42 GF/s  setup=0.000 s
d1_prime                 L=31  B=1     m=1     inner=574748 min=     0.054 us/xform  median=     0.054  sd=  0.03%     14.30 GF/s  setup=0.000 s
d1_prime                 L=31  B=1     m=1     inner=515442 min=     0.055 us/xform  median=     0.055  sd=  0.03%     14.01 GF/s  setup=0.000 s
d1_prime                 L=31  B=1     m=1     inner=743694 min=     0.054 us/xform  median=     0.054  sd=  0.03%     14.33 GF/s  setup=0.000 s
d1_prime                 L=31  B=1     m=1     inner=731626 min=     0.054 us/xform  median=     0.054  sd=  0.05%     14.12 GF/s  setup=0.000 s
d1_prime                 L=31  B=1     m=1     inner=589728 min=     0.055 us/xform  median=     0.055  sd=  0.01%     14.00 GF/s  setup=0.000 s
d1_prime                 L=31  B=1     m=1     inner=541820 min=     0.058 us/xform  median=     0.058  sd=  0.10%     13.29 GF/s  setup=0.000 s
d1_prime                 L=31  B=1     m=1     inner=720720 min=     0.055 us/xform  median=     0.055  sd=  0.00%     13.91 GF/s  setup=0.000 s
d1_prime                 L=31  B=1     m=1     inner=742770 min=     0.047 us/xform  median=     0.050  sd=  6.45%     16.32 GF/s  setup=0.000 s
d1_prime                 L=31  B=1     m=1     inner=823254 min=     0.048 us/xform  median=     0.048  sd=  0.03%     16.11 GF/s  setup=0.000 s
d1_race                  L=31  B=1     m=1     inner=740264 min=     0.053 us/xform  median=     0.054  sd=  0.02%     14.36 GF/s  setup=0.057 s
d1_race                  L=31  B=1     m=1     inner=533536 min=     0.057 us/xform  median=     0.057  sd=  0.02%     13.50 GF/s  setup=0.012 s
d1_race                  L=31  B=1     m=1     inner=563272 min=     0.059 us/xform  median=     0.059  sd=  0.01%     13.03 GF/s  setup=0.009 s
d1_race                  L=31  B=1     m=1     inner=377147 min=     0.053 us/xform  median=     0.053  sd=  0.01%     14.51 GF/s  setup=0.010 s
d1_race                  L=31  B=1     m=1     inner=726094 min=     0.055 us/xform  median=     0.055  sd=  0.03%     14.00 GF/s  setup=0.011 s
d1_race                  L=31  B=1     m=1     inner=563334 min=     0.054 us/xform  median=     0.054  sd=  0.02%     14.34 GF/s  setup=0.010 s
d1_race                  L=31  B=1     m=1     inner=582368 min=     0.055 us/xform  median=     0.055  sd=  0.01%     13.92 GF/s  setup=0.009 s
d1_race                  L=31  B=1     m=1     inner=592956 min=     0.053 us/xform  median=     0.053  sd=  0.04%     14.43 GF/s  setup=0.010 s
d1_race                  L=31  B=1     m=1     inner=598382 min=     0.047 us/xform  median=     0.047  sd=  0.02%     16.50 GF/s  setup=0.007 s
d1_rader                 L=31  B=1     m=1     inner=113024 min=     0.210 us/xform  median=     0.211  sd=  0.16%      3.65 GF/s  setup=0.000 s
d1_rader                 L=31  B=1     m=1     inner=88464  min=     0.234 us/xform  median=     0.234  sd=  0.45%      3.28 GF/s  setup=0.000 s
d1_rader                 L=31  B=1     m=1     inner=97834  min=     0.215 us/xform  median=     0.215  sd=  0.05%      3.58 GF/s  setup=0.000 s
d1_rader                 L=31  B=1     m=1     inner=95656  min=     0.213 us/xform  median=     0.213  sd=  0.08%      3.61 GF/s  setup=0.000 s
d1_rader                 L=31  B=1     m=1     inner=98508  min=     0.210 us/xform  median=     0.211  sd=  0.15%      3.65 GF/s  setup=0.000 s
d1_rader                 L=31  B=1     m=1     inner=99534  min=     0.210 us/xform  median=     0.210  sd=  0.05%      3.66 GF/s  setup=0.000 s
d1_rader                 L=31  B=1     m=1     inner=106178 min=     0.211 us/xform  median=     0.211  sd=  0.04%      3.64 GF/s  setup=0.000 s
d1_rader                 L=31  B=1     m=1     inner=100466 min=     0.214 us/xform  median=     0.215  sd=  0.06%      3.58 GF/s  setup=0.000 s
d1_rader                 L=31  B=1     m=1     inner=101414 min=     0.211 us/xform  median=     0.211  sd=  0.13%      3.64 GF/s  setup=0.000 s
fftw1d_custom            L=31  B=1     m=1     inner=134848 min=     0.178 us/xform  median=     0.179  sd=  1.01%      4.31 GF/s  setup=0.000 s
fftw1d_custom            L=31  B=1     m=1     inner=134216 min=     0.178 us/xform  median=     0.179  sd=  0.44%      4.32 GF/s  setup=0.000 s
fftw1d_custom            L=31  B=1     m=1     inner=148102 min=     0.180 us/xform  median=     0.180  sd=  0.36%      4.27 GF/s  setup=0.000 s
fftw1d_custom            L=31  B=1     m=1     inner=95020  min=     0.215 us/xform  median=     0.216  sd=  0.24%      3.56 GF/s  setup=0.000 s
fftw1d_custom            L=31  B=1     m=1     inner=99190  min=     0.217 us/xform  median=     0.218  sd=  0.25%      3.53 GF/s  setup=0.000 s
fftw1d_custom            L=31  B=1     m=1     inner=95442  min=     0.215 us/xform  median=     0.215  sd=  0.34%      3.57 GF/s  setup=0.000 s
fftw1d_custom            L=31  B=1     m=1     inner=94290  min=     0.217 us/xform  median=     0.218  sd=  0.22%      3.54 GF/s  setup=0.000 s
fftw1d_custom            L=31  B=1     m=1     inner=92166  min=     0.215 us/xform  median=     0.216  sd=  0.27%      3.57 GF/s  setup=0.000 s
fftw1d_custom            L=31  B=1     m=1     inner=95976  min=     0.215 us/xform  median=     0.215  sd=  0.25%      3.57 GF/s  setup=0.000 s
fftw1d_estimate          L=31  B=1     m=1     inner=83154  min=     0.314 us/xform  median=     0.315  sd=  0.13%      2.45 GF/s  setup=0.001 s
fftw1d_estimate          L=31  B=1     m=1     inner=78878  min=     0.323 us/xform  median=     0.324  sd=  0.39%      2.37 GF/s  setup=0.001 s
fftw1d_estimate          L=31  B=1     m=1     inner=63912  min=     0.385 us/xform  median=     0.385  sd=  0.02%      1.99 GF/s  setup=0.001 s
fftw1d_estimate          L=31  B=1     m=1     inner=115144 min=     0.316 us/xform  median=     0.317  sd=  0.26%      2.43 GF/s  setup=0.001 s
fftw1d_estimate          L=31  B=1     m=1     inner=68718  min=     0.314 us/xform  median=     0.315  sd=  0.06%      2.44 GF/s  setup=0.001 s
fftw1d_estimate          L=31  B=1     m=1     inner=92364  min=     0.317 us/xform  median=     0.318  sd=  0.09%      2.42 GF/s  setup=0.001 s
fftw1d_estimate          L=31  B=1     m=1     inner=74890  min=     0.314 us/xform  median=     0.315  sd=  0.26%      2.44 GF/s  setup=0.001 s
fftw1d_estimate          L=31  B=1     m=1     inner=65024  min=     0.314 us/xform  median=     0.315  sd=  0.09%      2.45 GF/s  setup=0.001 s
fftw1d_estimate          L=31  B=1     m=1     inner=69950  min=     0.313 us/xform  median=     0.315  sd=  0.16%      2.45 GF/s  setup=0.001 s
fftw1d_measure           L=31  B=1     m=1     inner=76422  min=     0.322 us/xform  median=     0.323  sd=  0.07%      2.38 GF/s  setup=0.043 s
fftw1d_measure           L=31  B=1     m=1     inner=86156  min=     0.315 us/xform  median=     0.317  sd=  0.29%      2.44 GF/s  setup=0.043 s
fftw1d_measure           L=31  B=1     m=1     inner=77386  min=     0.313 us/xform  median=     0.315  sd=  0.17%      2.45 GF/s  setup=0.043 s
fftw1d_measure           L=31  B=1     m=1     inner=88738  min=     0.330 us/xform  median=     0.331  sd=  0.10%      2.33 GF/s  setup=0.042 s
fftw1d_measure           L=31  B=1     m=1     inner=100232 min=     0.316 us/xform  median=     0.317  sd=  0.10%      2.43 GF/s  setup=0.042 s
fftw1d_measure           L=31  B=1     m=1     inner=73796  min=     0.314 us/xform  median=     0.315  sd=  0.10%      2.45 GF/s  setup=0.042 s
fftw1d_measure           L=31  B=1     m=1     inner=72184  min=     0.260 us/xform  median=     0.261  sd=  5.74%      2.95 GF/s  setup=0.042 s
fftw1d_measure           L=31  B=1     m=1     inner=101296 min=     0.317 us/xform  median=     0.318  sd=  0.10%      2.42 GF/s  setup=0.044 s
fftw1d_measure           L=31  B=1     m=1     inner=89292  min=     0.315 us/xform  median=     0.316  sd=  0.10%      2.44 GF/s  setup=0.043 s
fftw1d_patient           L=31  B=1     m=1     inner=72304  min=     0.316 us/xform  median=     0.317  sd=  0.17%      2.43 GF/s  setup=0.120 s
fftw1d_patient           L=31  B=1     m=1     inner=79980  min=     0.313 us/xform  median=     0.315  sd=  0.15%      2.45 GF/s  setup=0.120 s
fftw1d_patient           L=31  B=1     m=1     inner=114532 min=     0.262 us/xform  median=     0.263  sd=  0.09%      2.93 GF/s  setup=0.120 s
fftw1d_patient           L=31  B=1     m=1     inner=98508  min=     0.262 us/xform  median=     0.263  sd=  0.08%      2.93 GF/s  setup=0.119 s
fftw1d_patient           L=31  B=1     m=1     inner=123194 min=     0.323 us/xform  median=     0.324  sd=  0.14%      2.38 GF/s  setup=0.120 s
fftw1d_patient           L=31  B=1     m=1     inner=85642  min=     0.325 us/xform  median=     0.327  sd=  0.13%      2.36 GF/s  setup=0.119 s
fftw1d_patient           L=31  B=1     m=1     inner=71642  min=     0.385 us/xform  median=     0.385  sd=  0.00%      1.99 GF/s  setup=0.121 s
fftw1d_patient           L=31  B=1     m=1     inner=86766  min=     0.322 us/xform  median=     0.323  sd=  0.10%      2.38 GF/s  setup=0.120 s
fftw1d_patient           L=31  B=1     m=1     inner=68608  min=     0.317 us/xform  median=     0.318  sd=  0.10%      2.42 GF/s  setup=0.119 s
mkl1d_dfti               L=31  B=1     m=1     inner=99998  min=     0.279 us/xform  median=     0.280  sd=  0.08%      2.75 GF/s  setup=0.048 s
mkl1d_dfti               L=31  B=1     m=1     inner=93980  min=     0.279 us/xform  median=     0.280  sd=  0.05%      2.75 GF/s  setup=0.037 s
mkl1d_dfti               L=31  B=1     m=1     inner=90706  min=     0.232 us/xform  median=     0.281  sd=  9.27%      3.30 GF/s  setup=0.033 s
mkl1d_dfti               L=31  B=1     m=1     inner=117028 min=     0.232 us/xform  median=     0.232  sd=  0.06%      3.32 GF/s  setup=0.032 s
mkl1d_dfti               L=31  B=1     m=1     inner=117670 min=     0.232 us/xform  median=     0.232  sd=  0.09%      3.32 GF/s  setup=0.032 s
mkl1d_dfti               L=31  B=1     m=1     inner=126694 min=     0.232 us/xform  median=     0.232  sd=  0.04%      3.32 GF/s  setup=0.013 s
mkl1d_dfti               L=31  B=1     m=1     inner=120474 min=     0.232 us/xform  median=     0.232  sd=  0.06%      3.31 GF/s  setup=0.033 s
mkl1d_dfti               L=31  B=1     m=1     inner=134216 min=     0.232 us/xform  median=     0.232  sd=  0.04%      3.32 GF/s  setup=0.014 s
mkl1d_dfti               L=31  B=1     m=1     inner=119138 min=     0.232 us/xform  median=     0.232  sd=  0.06%      3.32 GF/s  setup=0.014 s
baseline_dft             L=31  B=512   m=1     inner=38     min=     1.994 us/xform  median=     1.994  sd=  0.02%      0.39 GF/s  setup=0.000 s
baseline_dft             L=31  B=512   m=1     inner=30     min=     1.994 us/xform  median=     1.994  sd=  0.04%      0.39 GF/s  setup=0.000 s
baseline_dft             L=31  B=512   m=1     inner=32     min=     1.994 us/xform  median=     1.994  sd=  0.02%      0.39 GF/s  setup=0.000 s
baseline_dft             L=31  B=512   m=1     inner=30     min=     1.994 us/xform  median=     1.994  sd=  0.01%      0.39 GF/s  setup=0.000 s
baseline_dft             L=31  B=512   m=1     inner=32     min=     1.994 us/xform  median=     1.994  sd=  0.01%      0.39 GF/s  setup=0.000 s
baseline_dft             L=31  B=512   m=1     inner=30     min=     1.994 us/xform  median=     1.994  sd=  0.04%      0.39 GF/s  setup=0.000 s
baseline_dft             L=31  B=512   m=1     inner=30     min=     1.994 us/xform  median=     1.994  sd=  0.05%      0.39 GF/s  setup=0.000 s
baseline_dft             L=31  B=512   m=1     inner=32     min=     1.994 us/xform  median=     1.994  sd=  0.07%      0.39 GF/s  setup=0.000 s
baseline_dft             L=31  B=512   m=1     inner=38     min=     1.994 us/xform  median=     1.994  sd=  0.01%      0.39 GF/s  setup=0.000 s
d1_batchlane             L=31  B=512   m=1     inner=1546   min=     0.050 us/xform  median=     0.050  sd=  0.02%     15.29 GF/s  setup=0.000 s
d1_batchlane             L=31  B=512   m=1     inner=1226   min=     0.050 us/xform  median=     0.050  sd=  0.05%     15.29 GF/s  setup=0.000 s
d1_batchlane             L=31  B=512   m=1     inner=1232   min=     0.050 us/xform  median=     0.050  sd=  0.02%     15.29 GF/s  setup=0.000 s
d1_batchlane             L=31  B=512   m=1     inner=777    min=     0.050 us/xform  median=     0.050  sd=  0.04%     15.29 GF/s  setup=0.000 s
d1_batchlane             L=31  B=512   m=1     inner=1554   min=     0.050 us/xform  median=     0.050  sd=  0.01%     15.29 GF/s  setup=0.000 s
d1_batchlane             L=31  B=512   m=1     inner=1228   min=     0.050 us/xform  median=     0.050  sd=  0.01%     15.29 GF/s  setup=0.000 s
d1_batchlane             L=31  B=512   m=1     inner=1228   min=     0.050 us/xform  median=     0.050  sd=  0.01%     15.29 GF/s  setup=0.000 s
d1_batchlane             L=31  B=512   m=1     inner=1166   min=     0.050 us/xform  median=     0.050  sd=  0.01%     15.27 GF/s  setup=0.000 s
d1_batchlane             L=31  B=512   m=1     inner=1550   min=     0.050 us/xform  median=     0.050  sd=  0.01%     15.27 GF/s  setup=0.000 s
d1_bluestein             L=31  B=512   m=1     inner=186    min=     0.209 us/xform  median=     0.210  sd=  0.28%      3.68 GF/s  setup=0.002 s
d1_bluestein             L=31  B=512   m=1     inner=181    min=     0.216 us/xform  median=     0.216  sd=  0.13%      3.56 GF/s  setup=0.002 s
d1_bluestein             L=31  B=512   m=1     inner=294    min=     0.209 us/xform  median=     0.210  sd=  0.18%      3.68 GF/s  setup=0.002 s
d1_bluestein             L=31  B=512   m=1     inner=282    min=     0.209 us/xform  median=     0.210  sd=  0.21%      3.68 GF/s  setup=0.002 s
d1_bluestein             L=31  B=512   m=1     inner=292    min=     0.208 us/xform  median=     0.210  sd=  0.35%      3.69 GF/s  setup=0.001 s
d1_bluestein             L=31  B=512   m=1     inner=250    min=     0.209 us/xform  median=     0.209  sd=  0.17%      3.68 GF/s  setup=0.001 s
d1_bluestein             L=31  B=512   m=1     inner=298    min=     0.209 us/xform  median=     0.210  sd=  0.20%      3.68 GF/s  setup=0.001 s
d1_bluestein             L=31  B=512   m=1     inner=186    min=     0.211 us/xform  median=     0.213  sd=  0.34%      3.64 GF/s  setup=0.001 s
d1_bluestein             L=31  B=512   m=1     inner=280    min=     0.209 us/xform  median=     0.210  sd=  0.18%      3.67 GF/s  setup=0.001 s
d1_planner               L=31  B=512   m=1     inner=775    min=     0.050 us/xform  median=     0.050  sd=  0.05%     15.29 GF/s  setup=0.000 s
d1_planner               L=31  B=512   m=1     inner=1228   min=     0.050 us/xform  median=     0.050  sd=  0.02%     15.29 GF/s  setup=0.000 s
d1_planner               L=31  B=512   m=1     inner=1230   min=     0.050 us/xform  median=     0.050  sd=  0.02%     15.30 GF/s  setup=0.000 s
d1_planner               L=31  B=512   m=1     inner=1230   min=     0.050 us/xform  median=     0.050  sd=  0.03%     15.29 GF/s  setup=0.000 s
d1_planner               L=31  B=512   m=1     inner=1178   min=     0.050 us/xform  median=     0.050  sd=  0.02%     15.29 GF/s  setup=0.000 s
d1_planner               L=31  B=512   m=1     inner=776    min=     0.050 us/xform  median=     0.050  sd=  0.02%     15.30 GF/s  setup=0.000 s
d1_planner               L=31  B=512   m=1     inner=779    min=     0.050 us/xform  median=     0.050  sd=  0.05%     15.29 GF/s  setup=0.000 s
d1_planner               L=31  B=512   m=1     inner=1546   min=     0.050 us/xform  median=     0.050  sd=  0.01%     15.29 GF/s  setup=0.000 s
d1_planner               L=31  B=512   m=1     inner=1230   min=     0.050 us/xform  median=     0.050  sd=  0.01%     15.29 GF/s  setup=0.000 s
d1_prime                 L=31  B=512   m=1     inner=810    min=     0.048 us/xform  median=     0.048  sd=  0.04%     15.97 GF/s  setup=0.000 s
d1_prime                 L=31  B=512   m=1     inner=1260   min=     0.049 us/xform  median=     0.049  sd=  0.04%     15.73 GF/s  setup=0.000 s
d1_prime                 L=31  B=512   m=1     inner=1258   min=     0.049 us/xform  median=     0.049  sd=  0.04%     15.72 GF/s  setup=0.000 s
d1_prime                 L=31  B=512   m=1     inner=1222   min=     0.048 us/xform  median=     0.048  sd=  0.02%     15.88 GF/s  setup=0.000 s
d1_prime                 L=31  B=512   m=1     inner=1270   min=     0.048 us/xform  median=     0.048  sd=  0.03%     15.87 GF/s  setup=0.000 s
d1_prime                 L=31  B=512   m=1     inner=1594   min=     0.049 us/xform  median=     0.049  sd=  0.02%     15.74 GF/s  setup=0.000 s
d1_prime                 L=31  B=512   m=1     inner=1600   min=     0.048 us/xform  median=     0.048  sd=  0.03%     15.90 GF/s  setup=0.000 s
d1_prime                 L=31  B=512   m=1     inner=1630   min=     0.042 us/xform  median=     0.048  sd=  6.27%     18.33 GF/s  setup=0.000 s
d1_prime                 L=31  B=512   m=1     inner=1240   min=     0.048 us/xform  median=     0.048  sd=  0.03%     16.11 GF/s  setup=0.000 s
d1_race                  L=31  B=512   m=1     inner=1610   min=     0.042 us/xform  median=     0.042  sd=  0.04%     18.19 GF/s  setup=0.950 s
d1_race                  L=31  B=512   m=1     inner=1206   min=     0.049 us/xform  median=     0.049  sd=  0.03%     15.68 GF/s  setup=0.009 s
d1_race                  L=31  B=512   m=1     inner=1610   min=     0.048 us/xform  median=     0.048  sd=  0.02%     15.94 GF/s  setup=0.015 s
d1_race                  L=31  B=512   m=1     inner=1596   min=     0.048 us/xform  median=     0.048  sd=  0.04%     15.92 GF/s  setup=0.011 s
d1_race                  L=31  B=512   m=1     inner=1274   min=     0.049 us/xform  median=     0.049  sd=  0.04%     15.82 GF/s  setup=0.015 s
d1_race                  L=31  B=512   m=1     inner=1598   min=     0.049 us/xform  median=     0.049  sd=  0.02%     15.77 GF/s  setup=0.012 s
d1_race                  L=31  B=512   m=1     inner=1602   min=     0.048 us/xform  median=     0.048  sd=  0.03%     15.87 GF/s  setup=0.010 s
d1_race                  L=31  B=512   m=1     inner=1594   min=     0.049 us/xform  median=     0.049  sd=  0.03%     15.73 GF/s  setup=0.011 s
d1_race                  L=31  B=512   m=1     inner=1284   min=     0.048 us/xform  median=     0.048  sd=  0.05%     16.02 GF/s  setup=0.011 s
d1_rader                 L=31  B=512   m=1     inner=598    min=     0.063 us/xform  median=     0.063  sd=  2.63%     12.21 GF/s  setup=0.000 s
d1_rader                 L=31  B=512   m=1     inner=862    min=     0.071 us/xform  median=     0.072  sd=  0.29%     10.77 GF/s  setup=0.000 s
d1_rader                 L=31  B=512   m=1     inner=1086   min=     0.072 us/xform  median=     0.072  sd=  0.01%     10.65 GF/s  setup=0.000 s
d1_rader                 L=31  B=512   m=1     inner=824    min=     0.063 us/xform  median=     0.063  sd=  0.04%     12.15 GF/s  setup=0.000 s
d1_rader                 L=31  B=512   m=1     inner=832    min=     0.063 us/xform  median=     0.063  sd=  0.24%     12.26 GF/s  setup=0.000 s
d1_rader                 L=31  B=512   m=1     inner=864    min=     0.072 us/xform  median=     0.072  sd=  0.01%     10.68 GF/s  setup=0.000 s
d1_rader                 L=31  B=512   m=1     inner=620    min=     0.063 us/xform  median=     0.063  sd=  1.49%     12.16 GF/s  setup=0.000 s
d1_rader                 L=31  B=512   m=1     inner=862    min=     0.063 us/xform  median=     0.063  sd=  0.04%     12.12 GF/s  setup=0.000 s
d1_rader                 L=31  B=512   m=1     inner=866    min=     0.071 us/xform  median=     0.072  sd=  0.13%     10.74 GF/s  setup=0.000 s
fftw1d_custom            L=31  B=512   m=1     inner=400    min=     0.195 us/xform  median=     0.195  sd=  0.05%      3.94 GF/s  setup=0.000 s
fftw1d_custom            L=31  B=512   m=1     inner=310    min=     0.199 us/xform  median=     0.199  sd=  0.05%      3.86 GF/s  setup=0.000 s
fftw1d_custom            L=31  B=512   m=1     inner=386    min=     0.200 us/xform  median=     0.200  sd=  0.07%      3.84 GF/s  setup=0.000 s
fftw1d_custom            L=31  B=512   m=1     inner=336    min=     0.201 us/xform  median=     0.201  sd=  0.03%      3.83 GF/s  setup=0.000 s
fftw1d_custom            L=31  B=512   m=1     inner=300    min=     0.197 us/xform  median=     0.197  sd=  0.15%      3.90 GF/s  setup=0.000 s
fftw1d_custom            L=31  B=512   m=1     inner=312    min=     0.198 us/xform  median=     0.198  sd=  0.03%      3.89 GF/s  setup=0.000 s
fftw1d_custom            L=31  B=512   m=1     inner=298    min=     0.197 us/xform  median=     0.197  sd=  0.04%      3.90 GF/s  setup=0.000 s
fftw1d_custom            L=31  B=512   m=1     inner=196    min=     0.197 us/xform  median=     0.198  sd=  0.42%      3.89 GF/s  setup=0.000 s
fftw1d_custom            L=31  B=512   m=1     inner=292    min=     0.202 us/xform  median=     0.202  sd=  0.03%      3.80 GF/s  setup=0.000 s
fftw1d_custom_soa        L=31  B=512   m=1     inner=748    min=     0.104 us/xform  median=     0.105  sd=  0.21%      7.38 GF/s  setup=0.000 s
fftw1d_custom_soa        L=31  B=512   m=1     inner=746    min=     0.101 us/xform  median=     0.104  sd=  0.67%      7.57 GF/s  setup=0.000 s
fftw1d_custom_soa        L=31  B=512   m=1     inner=526    min=     0.122 us/xform  median=     0.122  sd=  0.09%      6.29 GF/s  setup=0.000 s
fftw1d_custom_soa        L=31  B=512   m=1     inner=604    min=     0.102 us/xform  median=     0.102  sd=  0.03%      7.52 GF/s  setup=0.000 s
fftw1d_custom_soa        L=31  B=512   m=1     inner=580    min=     0.089 us/xform  median=     0.089  sd=  0.06%      8.60 GF/s  setup=0.000 s
fftw1d_custom_soa        L=31  B=512   m=1     inner=858    min=     0.091 us/xform  median=     0.091  sd=  0.01%      8.48 GF/s  setup=0.000 s
fftw1d_custom_soa        L=31  B=512   m=1     inner=426    min=     0.092 us/xform  median=     0.092  sd=  0.02%      8.39 GF/s  setup=0.000 s
fftw1d_custom_soa        L=31  B=512   m=1     inner=596    min=     0.105 us/xform  median=     0.110  sd=  1.64%      7.30 GF/s  setup=0.000 s
fftw1d_custom_soa        L=31  B=512   m=1     inner=562    min=     0.092 us/xform  median=     0.092  sd=  0.73%      8.32 GF/s  setup=0.000 s
fftw1d_estimate          L=31  B=512   m=1     inner=244    min=     0.318 us/xform  median=     0.319  sd=  0.09%      2.42 GF/s  setup=0.001 s
fftw1d_estimate          L=31  B=512   m=1     inner=192    min=     0.319 us/xform  median=     0.319  sd=  0.05%      2.41 GF/s  setup=0.001 s
fftw1d_estimate          L=31  B=512   m=1     inner=244    min=     0.264 us/xform  median=     0.319  sd=  6.82%      2.91 GF/s  setup=0.001 s
fftw1d_estimate          L=31  B=512   m=1     inner=192    min=     0.318 us/xform  median=     0.319  sd=  0.09%      2.42 GF/s  setup=0.001 s
fftw1d_estimate          L=31  B=512   m=1     inner=242    min=     0.321 us/xform  median=     0.322  sd=  0.09%      2.39 GF/s  setup=0.001 s
fftw1d_estimate          L=31  B=512   m=1     inner=242    min=     0.264 us/xform  median=     0.319  sd=  8.11%      2.91 GF/s  setup=0.001 s
fftw1d_estimate          L=31  B=512   m=1     inner=286    min=     0.263 us/xform  median=     0.264  sd=  0.11%      2.92 GF/s  setup=0.001 s
fftw1d_estimate          L=31  B=512   m=1     inner=190    min=     0.321 us/xform  median=     0.322  sd=  0.11%      2.39 GF/s  setup=0.001 s
fftw1d_estimate          L=31  B=512   m=1     inner=192    min=     0.263 us/xform  median=     0.264  sd=  0.09%      2.91 GF/s  setup=0.001 s
fftw1d_measure           L=31  B=512   m=1     inner=244    min=     0.318 us/xform  median=     0.319  sd=  0.08%      2.41 GF/s  setup=0.043 s
fftw1d_measure           L=31  B=512   m=1     inner=202    min=     0.385 us/xform  median=     0.385  sd=  0.03%      2.00 GF/s  setup=0.043 s
fftw1d_measure           L=31  B=512   m=1     inner=244    min=     0.318 us/xform  median=     0.319  sd=  0.12%      2.41 GF/s  setup=0.044 s
fftw1d_measure           L=31  B=512   m=1     inner=202    min=     0.319 us/xform  median=     0.319  sd=  3.39%      2.41 GF/s  setup=0.043 s
fftw1d_measure           L=31  B=512   m=1     inner=244    min=     0.318 us/xform  median=     0.319  sd=  0.12%      2.42 GF/s  setup=0.043 s
fftw1d_measure           L=31  B=512   m=1     inner=202    min=     0.385 us/xform  median=     0.385  sd=  0.05%      2.00 GF/s  setup=0.043 s
fftw1d_measure           L=31  B=512   m=1     inner=200    min=     0.387 us/xform  median=     0.388  sd=  0.06%      1.98 GF/s  setup=0.043 s
fftw1d_measure           L=31  B=512   m=1     inner=244    min=     0.318 us/xform  median=     0.319  sd=  0.22%      2.42 GF/s  setup=0.043 s
fftw1d_measure           L=31  B=512   m=1     inner=244    min=     0.318 us/xform  median=     0.319  sd=  0.09%      2.42 GF/s  setup=0.044 s
fftw1d_patient           L=31  B=512   m=1     inner=244    min=     0.318 us/xform  median=     0.319  sd=  0.10%      2.42 GF/s  setup=0.120 s
fftw1d_patient           L=31  B=512   m=1     inner=242    min=     0.265 us/xform  median=     0.320  sd=  8.02%      2.89 GF/s  setup=0.119 s
fftw1d_patient           L=31  B=512   m=1     inner=244    min=     0.318 us/xform  median=     0.319  sd=  0.10%      2.41 GF/s  setup=0.120 s
fftw1d_patient           L=31  B=512   m=1     inner=244    min=     0.318 us/xform  median=     0.319  sd=  0.09%      2.41 GF/s  setup=0.121 s
fftw1d_patient           L=31  B=512   m=1     inner=242    min=     0.318 us/xform  median=     0.319  sd=  0.09%      2.42 GF/s  setup=0.120 s
fftw1d_patient           L=31  B=512   m=1     inner=244    min=     0.318 us/xform  median=     0.319  sd=  0.09%      2.42 GF/s  setup=0.120 s
fftw1d_patient           L=31  B=512   m=1     inner=242    min=     0.318 us/xform  median=     0.319  sd=  0.09%      2.41 GF/s  setup=0.121 s
fftw1d_patient           L=31  B=512   m=1     inner=244    min=     0.318 us/xform  median=     0.319  sd=  0.10%      2.42 GF/s  setup=0.121 s
fftw1d_patient           L=31  B=512   m=1     inner=202    min=     0.319 us/xform  median=     0.319  sd=  9.45%      2.41 GF/s  setup=0.122 s
mkl1d_dfti               L=31  B=512   m=1     inner=186    min=     0.274 us/xform  median=     0.274  sd=  0.10%      2.81 GF/s  setup=0.050 s
mkl1d_dfti               L=31  B=512   m=1     inner=284    min=     0.274 us/xform  median=     0.274  sd=  0.04%      2.81 GF/s  setup=0.036 s
mkl1d_dfti               L=31  B=512   m=1     inner=284    min=     0.274 us/xform  median=     0.274  sd=  0.02%      2.80 GF/s  setup=0.014 s
mkl1d_dfti               L=31  B=512   m=1     inner=284    min=     0.274 us/xform  median=     0.274  sd=  0.02%      2.81 GF/s  setup=0.032 s
mkl1d_dfti               L=31  B=512   m=1     inner=284    min=     0.226 us/xform  median=     0.241  sd=  9.52%      3.39 GF/s  setup=0.033 s
mkl1d_dfti               L=31  B=512   m=1     inner=324    min=     0.227 us/xform  median=     0.227  sd=  0.02%      3.39 GF/s  setup=0.031 s
mkl1d_dfti               L=31  B=512   m=1     inner=324    min=     0.227 us/xform  median=     0.227  sd=  0.04%      3.39 GF/s  setup=0.030 s
mkl1d_dfti               L=31  B=512   m=1     inner=324    min=     0.227 us/xform  median=     0.227  sd=  0.06%      3.39 GF/s  setup=0.013 s
mkl1d_dfti               L=31  B=512   m=1     inner=324    min=     0.227 us/xform  median=     0.227  sd=  0.04%      3.39 GF/s  setup=0.013 s
baseline_dft             L=31  B=1     m=100000 inner=1      min=     1.739 us/xform  median=     1.739  sd=  5.66%      0.44 GF/s  setup=0.000 s
baseline_dft             L=31  B=1     m=100000 inner=1      min=     1.739 us/xform  median=     1.739  sd=  2.63%      0.44 GF/s  setup=0.000 s
baseline_dft             L=31  B=1     m=100000 inner=1      min=     1.739 us/xform  median=     1.739  sd=  0.00%      0.44 GF/s  setup=0.000 s
baseline_dft             L=31  B=1     m=2     inner=456    min=     2.106 us/xform  median=     2.106  sd=  0.00%      0.36 GF/s  setup=0.000 s
d1_batchlane             L=31  B=1     m=100000 inner=6      min=     0.062 us/xform  median=     0.062  sd=  0.13%     12.36 GF/s  setup=0.000 s
d1_batchlane             L=31  B=1     m=100000 inner=6      min=     0.062 us/xform  median=     0.062  sd=  0.15%     12.35 GF/s  setup=0.000 s
d1_batchlane             L=31  B=1     m=100000 inner=6      min=     0.062 us/xform  median=     0.062  sd=  0.28%     12.40 GF/s  setup=0.000 s
d1_batchlane             L=31  B=1     m=2     inner=3934   min=     0.245 us/xform  median=     0.245  sd=  0.00%      3.14 GF/s  setup=0.000 s
d1_bluestein             L=31  B=1     m=100000 inner=1      min=     0.248 us/xform  median=     0.248  sd=  0.09%      3.10 GF/s  setup=0.001 s
d1_bluestein             L=31  B=1     m=100000 inner=1      min=     0.240 us/xform  median=     0.241  sd=  0.14%      3.20 GF/s  setup=0.002 s
d1_bluestein             L=31  B=1     m=100000 inner=1      min=     0.215 us/xform  median=     0.234  sd=  6.49%      3.57 GF/s  setup=0.001 s
d1_bluestein             L=31  B=1     m=2     inner=2808   min=     0.248 us/xform  median=     0.248  sd=  0.00%      3.09 GF/s  setup=0.001 s
d1_planner               L=31  B=1     m=100000 inner=4      min=     0.060 us/xform  median=     0.069  sd=  4.03%     12.73 GF/s  setup=0.000 s
d1_planner               L=31  B=1     m=100000 inner=6      min=     0.059 us/xform  median=     0.060  sd=  0.27%     12.96 GF/s  setup=0.000 s
d1_planner               L=31  B=1     m=100000 inner=6      min=     0.058 us/xform  median=     0.058  sd=  0.01%     13.19 GF/s  setup=0.000 s
d1_planner               L=31  B=1     m=2     inner=8722   min=     0.109 us/xform  median=     0.109  sd=  0.00%      7.07 GF/s  setup=0.000 s
d1_prime                 L=31  B=1     m=100000 inner=6      min=     0.051 us/xform  median=     0.051  sd=  0.10%     15.02 GF/s  setup=0.000 s
d1_prime                 L=31  B=1     m=100000 inner=6      min=     0.051 us/xform  median=     0.051  sd=  0.18%     15.05 GF/s  setup=0.000 s
d1_prime                 L=31  B=1     m=100000 inner=6      min=     0.058 us/xform  median=     0.058  sd=  0.12%     13.23 GF/s  setup=0.000 s
d1_prime                 L=31  B=1     m=2     inner=8650   min=     0.104 us/xform  median=     0.104  sd=  0.00%      7.40 GF/s  setup=0.000 s
d1_race                  L=31  B=1     m=100000 inner=6      min=     0.051 us/xform  median=     0.051  sd=  0.25%     15.05 GF/s  setup=0.005 s
d1_race                  L=31  B=1     m=100000 inner=6      min=     0.051 us/xform  median=     0.051  sd=  0.29%     15.06 GF/s  setup=0.007 s
d1_race                  L=31  B=1     m=100000 inner=6      min=     0.051 us/xform  median=     0.051  sd=  0.19%     15.04 GF/s  setup=0.006 s
d1_race                  L=31  B=1     m=2     inner=8894   min=     0.104 us/xform  median=     0.104  sd=  0.00%      7.41 GF/s  setup=0.005 s
d1_rader                 L=31  B=1     m=100000 inner=1      min=     0.235 us/xform  median=     0.235  sd=  0.03%      3.27 GF/s  setup=0.000 s
d1_rader                 L=31  B=1     m=100000 inner=1      min=     0.209 us/xform  median=     0.216  sd=  1.70%      3.68 GF/s  setup=0.000 s
d1_rader                 L=31  B=1     m=100000 inner=1      min=     0.235 us/xform  median=     0.235  sd=  0.02%      3.26 GF/s  setup=0.000 s
d1_rader                 L=31  B=1     m=2     inner=3448   min=     0.276 us/xform  median=     0.276  sd=  0.00%      2.78 GF/s  setup=0.000 s
fftw1d_custom            L=31  B=1     m=100000 inner=1      min=     0.252 us/xform  median=     0.253  sd=  0.26%      3.04 GF/s  setup=0.000 s
fftw1d_custom            L=31  B=1     m=100000 inner=1      min=     0.209 us/xform  median=     0.252  sd=  9.42%      3.68 GF/s  setup=0.000 s
fftw1d_custom            L=31  B=1     m=100000 inner=1      min=     0.209 us/xform  median=     0.210  sd=  0.20%      3.67 GF/s  setup=0.000 s
fftw1d_custom            L=31  B=1     m=2     inner=1314   min=     0.385 us/xform  median=     0.385  sd=  0.00%      1.99 GF/s  setup=0.000 s
fftw1d_estimate          L=31  B=1     m=100000 inner=1      min=     0.422 us/xform  median=     0.422  sd=  0.01%      1.82 GF/s  setup=0.001 s
fftw1d_estimate          L=31  B=1     m=100000 inner=1      min=     0.350 us/xform  median=     0.422  sd=  7.86%      2.19 GF/s  setup=0.001 s
fftw1d_estimate          L=31  B=1     m=100000 inner=1      min=     0.359 us/xform  median=     0.359  sd=  0.02%      2.14 GF/s  setup=0.001 s
fftw1d_estimate          L=31  B=1     m=2     inner=2304   min=     0.398 us/xform  median=     0.398  sd=  0.00%      1.93 GF/s  setup=0.001 s
fftw1d_measure           L=31  B=1     m=100000 inner=1      min=     0.423 us/xform  median=     0.424  sd=  0.02%      1.81 GF/s  setup=0.043 s
fftw1d_measure           L=31  B=1     m=100000 inner=1      min=     0.348 us/xform  median=     0.348  sd=  0.02%      2.20 GF/s  setup=0.043 s
fftw1d_measure           L=31  B=1     m=100000 inner=1      min=     0.348 us/xform  median=     0.348  sd=  0.03%      2.21 GF/s  setup=0.041 s
fftw1d_measure           L=31  B=1     m=2     inner=1826   min=     0.429 us/xform  median=     0.429  sd=  0.00%      1.79 GF/s  setup=0.043 s
fftw1d_patient           L=31  B=1     m=100000 inner=1      min=     0.420 us/xform  median=     0.420  sd=  0.01%      1.83 GF/s  setup=0.120 s
fftw1d_patient           L=31  B=1     m=100000 inner=1      min=     0.357 us/xform  median=     0.358  sd=  0.01%      2.15 GF/s  setup=0.119 s
fftw1d_patient           L=31  B=1     m=100000 inner=1      min=     0.348 us/xform  median=     0.348  sd=  0.02%      2.21 GF/s  setup=0.119 s
fftw1d_patient           L=31  B=1     m=2     inner=1784   min=     0.423 us/xform  median=     0.423  sd=  0.00%      1.82 GF/s  setup=0.120 s
mkl1d_dfti               L=31  B=1     m=100000 inner=1      min=     0.386 us/xform  median=     0.386  sd=  0.05%      1.99 GF/s  setup=0.043 s
mkl1d_dfti               L=31  B=1     m=100000 inner=1      min=     0.386 us/xform  median=     0.386  sd=  0.04%      1.99 GF/s  setup=0.036 s
mkl1d_dfti               L=31  B=1     m=100000 inner=1      min=     0.384 us/xform  median=     0.384  sd=  0.05%      2.00 GF/s  setup=0.031 s
mkl1d_dfti               L=31  B=1     m=2     inner=1198   min=     0.705 us/xform  median=     0.705  sd=  0.00%      1.09 GF/s  setup=0.052 s
baseline_dft             L=31  B=512   m=1200  inner=1      min=     1.745 us/xform  median=     1.745  sd=  0.01%      0.44 GF/s  setup=0.000 s
baseline_dft             L=31  B=512   m=1200  inner=1      min=     1.745 us/xform  median=     1.745  sd=  0.01%      0.44 GF/s  setup=0.000 s
baseline_dft             L=31  B=512   m=1200  inner=1      min=     1.745 us/xform  median=     1.745  sd=  0.02%      0.44 GF/s  setup=0.000 s
baseline_dft             L=31  B=512   m=2     inner=1      min=     1.857 us/xform  median=     1.857  sd=  0.00%      0.41 GF/s  setup=0.000 s
d1_batchlane             L=31  B=512   m=1200  inner=1      min=     0.055 us/xform  median=     0.055  sd=  0.05%     13.90 GF/s  setup=0.000 s
d1_batchlane             L=31  B=512   m=1200  inner=1      min=     0.055 us/xform  median=     0.055  sd=  0.03%     13.90 GF/s  setup=0.000 s
d1_batchlane             L=31  B=512   m=1200  inner=1      min=     0.056 us/xform  median=     0.056  sd=  0.12%     13.80 GF/s  setup=0.000 s
d1_batchlane             L=31  B=512   m=2     inner=18     min=     0.085 us/xform  median=     0.085  sd=  0.00%      8.99 GF/s  setup=0.000 s
d1_bluestein             L=31  B=512   m=1200  inner=1      min=     0.213 us/xform  median=     0.214  sd=  5.71%      3.61 GF/s  setup=0.001 s
d1_bluestein             L=31  B=512   m=1200  inner=1      min=     0.219 us/xform  median=     0.220  sd=  6.29%      3.50 GF/s  setup=0.001 s
d1_bluestein             L=31  B=512   m=1200  inner=1      min=     0.217 us/xform  median=     0.217  sd=  0.06%      3.54 GF/s  setup=0.001 s
d1_bluestein             L=31  B=512   m=2     inner=6      min=     0.263 us/xform  median=     0.263  sd=  0.00%      2.92 GF/s  setup=0.002 s
d1_planner               L=31  B=512   m=1200  inner=1      min=     0.055 us/xform  median=     0.055  sd=  0.01%     13.90 GF/s  setup=0.000 s
d1_planner               L=31  B=512   m=1200  inner=1      min=     0.055 us/xform  median=     0.055  sd=  0.15%     13.99 GF/s  setup=0.000 s
d1_planner               L=31  B=512   m=1200  inner=1      min=     0.049 us/xform  median=     0.049  sd=  0.01%     15.82 GF/s  setup=0.000 s
d1_planner               L=31  B=512   m=2     inner=20     min=     0.090 us/xform  median=     0.090  sd=  0.00%      8.49 GF/s  setup=0.000 s
d1_prime                 L=31  B=512   m=1200  inner=1      min=     0.051 us/xform  median=     0.051  sd=  0.09%     15.08 GF/s  setup=0.000 s
d1_prime                 L=31  B=512   m=1200  inner=1      min=     0.051 us/xform  median=     0.051  sd=  0.07%     14.98 GF/s  setup=0.000 s
d1_prime                 L=31  B=512   m=1200  inner=1      min=     0.051 us/xform  median=     0.051  sd=  0.04%     15.02 GF/s  setup=0.000 s
d1_prime                 L=31  B=512   m=2     inner=11     min=     0.089 us/xform  median=     0.089  sd=  0.00%      8.66 GF/s  setup=0.000 s
d1_race                  L=31  B=512   m=1200  inner=1      min=     0.046 us/xform  median=     0.046  sd=  0.06%     16.73 GF/s  setup=0.008 s
d1_race                  L=31  B=512   m=1200  inner=1      min=     0.045 us/xform  median=     0.045  sd=  0.02%     16.99 GF/s  setup=0.007 s
d1_race                  L=31  B=512   m=1200  inner=1      min=     0.046 us/xform  median=     0.046  sd=  0.08%     16.67 GF/s  setup=0.006 s
d1_race                  L=31  B=512   m=2     inner=20     min=     0.089 us/xform  median=     0.089  sd=  0.00%      8.64 GF/s  setup=0.006 s
d1_rader                 L=31  B=512   m=1200  inner=1      min=     0.055 us/xform  median=     0.063  sd=  4.25%     13.86 GF/s  setup=0.000 s
d1_rader                 L=31  B=512   m=1200  inner=1      min=     0.055 us/xform  median=     0.055  sd=  0.02%     13.88 GF/s  setup=0.000 s
d1_rader                 L=31  B=512   m=1200  inner=1      min=     0.055 us/xform  median=     0.055  sd=  0.04%     13.88 GF/s  setup=0.000 s
d1_rader                 L=31  B=512   m=2     inner=20     min=     0.089 us/xform  median=     0.089  sd=  0.00%      8.59 GF/s  setup=0.000 s
fftw1d_custom            L=31  B=512   m=1200  inner=1      min=     0.177 us/xform  median=     0.177  sd=  0.05%      4.35 GF/s  setup=0.000 s
fftw1d_custom            L=31  B=512   m=1200  inner=1      min=     0.177 us/xform  median=     0.177  sd=  0.01%      4.33 GF/s  setup=0.000 s
fftw1d_custom            L=31  B=512   m=1200  inner=1      min=     0.177 us/xform  median=     0.177  sd=  0.02%      4.34 GF/s  setup=0.000 s
fftw1d_custom            L=31  B=512   m=2     inner=4      min=     0.357 us/xform  median=     0.357  sd=  0.00%      2.15 GF/s  setup=0.000 s
fftw1d_custom_soa        L=31  B=512   m=1200  inner=1      min=     0.078 us/xform  median=     0.078  sd=  5.51%      9.89 GF/s  setup=0.000 s
fftw1d_custom_soa        L=31  B=512   m=1200  inner=1      min=     0.078 us/xform  median=     0.078  sd=  0.03%      9.89 GF/s  setup=0.000 s
fftw1d_custom_soa        L=31  B=512   m=1200  inner=1      min=     0.078 us/xform  median=     0.078  sd=  0.03%      9.89 GF/s  setup=0.000 s
fftw1d_custom_soa        L=31  B=512   m=2     inner=4      min=     0.223 us/xform  median=     0.223  sd=  0.00%      3.44 GF/s  setup=0.000 s
fftw1d_estimate          L=31  B=512   m=1200  inner=1      min=     0.354 us/xform  median=     0.354  sd=  0.05%      2.17 GF/s  setup=0.001 s
fftw1d_estimate          L=31  B=512   m=1200  inner=1      min=     0.357 us/xform  median=     0.357  sd=  0.01%      2.15 GF/s  setup=0.001 s
fftw1d_estimate          L=31  B=512   m=1200  inner=1      min=     0.353 us/xform  median=     0.353  sd=  0.04%      2.17 GF/s  setup=0.001 s
fftw1d_estimate          L=31  B=512   m=2     inner=4      min=     0.436 us/xform  median=     0.436  sd=  0.00%      1.76 GF/s  setup=0.001 s
fftw1d_measure           L=31  B=512   m=1200  inner=1      min=     0.354 us/xform  median=     0.354  sd=  0.04%      2.17 GF/s  setup=0.041 s
fftw1d_measure           L=31  B=512   m=1200  inner=1      min=     0.353 us/xform  median=     0.354  sd=  0.03%      2.17 GF/s  setup=0.042 s
fftw1d_measure           L=31  B=512   m=1200  inner=1      min=     0.354 us/xform  median=     0.354  sd=  0.02%      2.17 GF/s  setup=0.043 s
fftw1d_measure           L=31  B=512   m=2     inner=4      min=     0.435 us/xform  median=     0.435  sd=  0.00%      1.77 GF/s  setup=0.043 s
fftw1d_patient           L=31  B=512   m=1200  inner=1      min=     0.354 us/xform  median=     0.354  sd=  0.00%      2.17 GF/s  setup=0.120 s
fftw1d_patient           L=31  B=512   m=1200  inner=1      min=     0.354 us/xform  median=     0.354  sd=  0.00%      2.17 GF/s  setup=0.119 s
fftw1d_patient           L=31  B=512   m=1200  inner=1      min=     0.354 us/xform  median=     0.354  sd=  0.01%      2.17 GF/s  setup=0.120 s
fftw1d_patient           L=31  B=512   m=2     inner=4      min=     0.435 us/xform  median=     0.435  sd=  0.00%      1.76 GF/s  setup=0.122 s
mkl1d_dfti               L=31  B=512   m=1200  inner=1      min=     0.315 us/xform  median=     0.316  sd=  0.09%      2.43 GF/s  setup=0.050 s
mkl1d_dfti               L=31  B=512   m=1200  inner=1      min=     0.315 us/xform  median=     0.316  sd=  0.10%      2.44 GF/s  setup=0.054 s
mkl1d_dfti               L=31  B=512   m=1200  inner=1      min=     0.315 us/xform  median=     0.315  sd=  0.07%      2.44 GF/s  setup=0.054 s
mkl1d_dfti               L=31  B=512   m=2     inner=2      min=     0.627 us/xform  median=     0.627  sd=  0.00%      1.22 GF/s  setup=0.047 s
baseline_dft             L=32  B=1     m=1     inner=18222  min=     2.128 us/xform  median=     2.128  sd=  0.02%      0.38 GF/s  setup=0.000 s
baseline_dft             L=32  B=1     m=1     inner=14466  min=     2.128 us/xform  median=     2.128  sd=  0.01%      0.38 GF/s  setup=0.000 s
baseline_dft             L=32  B=1     m=1     inner=18226  min=     2.128 us/xform  median=     2.129  sd=  0.01%      0.38 GF/s  setup=0.000 s
baseline_dft             L=32  B=1     m=1     inner=14414  min=     2.130 us/xform  median=     2.130  sd=  0.02%      0.38 GF/s  setup=0.000 s
baseline_dft             L=32  B=1     m=1     inner=14446  min=     2.129 us/xform  median=     2.129  sd=  0.01%      0.38 GF/s  setup=0.000 s
baseline_dft             L=32  B=1     m=1     inner=13830  min=     2.128 us/xform  median=     2.128  sd=  0.02%      0.38 GF/s  setup=0.000 s
baseline_dft             L=32  B=1     m=1     inner=13778  min=     2.128 us/xform  median=     2.128  sd=  0.01%      0.38 GF/s  setup=0.000 s
baseline_dft             L=32  B=1     m=1     inner=14466  min=     2.128 us/xform  median=     2.128  sd=  0.01%      0.38 GF/s  setup=0.000 s
baseline_dft             L=32  B=1     m=1     inner=13824  min=     2.128 us/xform  median=     2.128  sd=  0.01%      0.38 GF/s  setup=0.000 s
d1_batchlane             L=32  B=1     m=1     inner=845770 min=     0.023 us/xform  median=     0.023  sd=  1.95%     35.11 GF/s  setup=0.000 s
d1_batchlane             L=32  B=1     m=1     inner=1447402 min=     0.022 us/xform  median=     0.022  sd=  0.53%     36.97 GF/s  setup=0.000 s
d1_batchlane             L=32  B=1     m=1     inner=1413618 min=     0.021 us/xform  median=     0.022  sd=  1.74%     37.27 GF/s  setup=0.000 s
d1_batchlane             L=32  B=1     m=1     inner=853106 min=     0.023 us/xform  median=     0.023  sd=  0.83%     35.20 GF/s  setup=0.000 s
d1_batchlane             L=32  B=1     m=1     inner=1148476 min=     0.026 us/xform  median=     0.026  sd=  0.94%     30.58 GF/s  setup=0.000 s
d1_batchlane             L=32  B=1     m=1     inner=1428974 min=     0.021 us/xform  median=     0.022  sd=  0.75%     37.34 GF/s  setup=0.000 s
d1_batchlane             L=32  B=1     m=1     inner=1724982 min=     0.022 us/xform  median=     0.023  sd=  1.04%     36.05 GF/s  setup=0.000 s
d1_batchlane             L=32  B=1     m=1     inner=1446346 min=     0.021 us/xform  median=     0.022  sd=  1.03%     37.38 GF/s  setup=0.000 s
d1_batchlane             L=32  B=1     m=1     inner=1329500 min=     0.023 us/xform  median=     0.023  sd=  0.68%     35.25 GF/s  setup=0.000 s
d1_bluestein             L=32  B=1     m=1     inner=296022 min=     0.105 us/xform  median=     0.105  sd=  0.17%      7.63 GF/s  setup=0.001 s
d1_bluestein             L=32  B=1     m=1     inner=311442 min=     0.097 us/xform  median=     0.098  sd=  0.20%      8.23 GF/s  setup=0.001 s
d1_bluestein             L=32  B=1     m=1     inner=302380 min=     0.103 us/xform  median=     0.103  sd=  0.09%      7.80 GF/s  setup=0.001 s
d1_bluestein             L=32  B=1     m=1     inner=278450 min=     0.112 us/xform  median=     0.112  sd=  0.13%      7.17 GF/s  setup=0.001 s
d1_bluestein             L=32  B=1     m=1     inner=324066 min=     0.098 us/xform  median=     0.098  sd=  0.17%      8.18 GF/s  setup=0.001 s
d1_bluestein             L=32  B=1     m=1     inner=393788 min=     0.101 us/xform  median=     0.101  sd=  0.14%      7.95 GF/s  setup=0.001 s
d1_bluestein             L=32  B=1     m=1     inner=326532 min=     0.097 us/xform  median=     0.098  sd=  0.16%      8.21 GF/s  setup=0.001 s
d1_bluestein             L=32  B=1     m=1     inner=325070 min=     0.097 us/xform  median=     0.098  sd=  0.20%      8.22 GF/s  setup=0.001 s
d1_bluestein             L=32  B=1     m=1     inner=292538 min=     0.110 us/xform  median=     0.110  sd=  0.14%      7.28 GF/s  setup=0.001 s
d1_planner               L=32  B=1     m=1     inner=1739474 min=     0.023 us/xform  median=     0.023  sd=  0.39%     35.32 GF/s  setup=0.000 s
d1_planner               L=32  B=1     m=1     inner=1371980 min=     0.022 us/xform  median=     0.022  sd=  0.21%     35.98 GF/s  setup=0.000 s
d1_planner               L=32  B=1     m=1     inner=1420900 min=     0.021 us/xform  median=     0.021  sd=  0.60%     37.86 GF/s  setup=0.000 s
d1_planner               L=32  B=1     m=1     inner=1423626 min=     0.021 us/xform  median=     0.021  sd=  0.64%     38.27 GF/s  setup=0.000 s
d1_planner               L=32  B=1     m=1     inner=1450016 min=     0.027 us/xform  median=     0.027  sd=  0.33%     29.95 GF/s  setup=0.000 s
d1_planner               L=32  B=1     m=1     inner=1827360 min=     0.019 us/xform  median=     0.021  sd=  3.79%     43.00 GF/s  setup=0.000 s
d1_planner               L=32  B=1     m=1     inner=1458036 min=     0.021 us/xform  median=     0.021  sd=  0.81%     38.50 GF/s  setup=0.000 s
d1_planner               L=32  B=1     m=1     inner=1297724 min=     0.020 us/xform  median=     0.020  sd=  0.30%     39.45 GF/s  setup=0.000 s
d1_planner               L=32  B=1     m=1     inner=1965026 min=     0.020 us/xform  median=     0.020  sd=  0.64%     40.91 GF/s  setup=0.000 s
d1_pow2                  L=32  B=1     m=1     inner=1888774 min=     0.021 us/xform  median=     0.021  sd=  0.39%     37.94 GF/s  setup=0.001 s
d1_pow2                  L=32  B=1     m=1     inner=1196966 min=     0.024 us/xform  median=     0.024  sd=  0.44%     34.01 GF/s  setup=0.001 s
d1_pow2                  L=32  B=1     m=1     inner=2128276 min=     0.019 us/xform  median=     0.019  sd=  0.57%     42.72 GF/s  setup=0.001 s
d1_pow2                  L=32  B=1     m=1     inner=2089634 min=     0.019 us/xform  median=     0.019  sd=  0.67%     43.09 GF/s  setup=0.001 s
d1_pow2                  L=32  B=1     m=1     inner=1426848 min=     0.021 us/xform  median=     0.021  sd=  0.57%     37.98 GF/s  setup=0.001 s
d1_pow2                  L=32  B=1     m=1     inner=1493160 min=     0.019 us/xform  median=     0.019  sd=  0.52%     43.14 GF/s  setup=0.001 s
d1_pow2                  L=32  B=1     m=1     inner=1176470 min=     0.027 us/xform  median=     0.027  sd=  0.43%     29.71 GF/s  setup=0.001 s
d1_pow2                  L=32  B=1     m=1     inner=1679706 min=     0.023 us/xform  median=     0.023  sd=  0.63%     34.55 GF/s  setup=0.001 s
d1_pow2                  L=32  B=1     m=1     inner=890098 min=     0.022 us/xform  median=     0.023  sd=  0.59%     35.81 GF/s  setup=0.001 s
d1_race                  L=32  B=1     m=1     inner=2047364 min=     0.019 us/xform  median=     0.020  sd=  0.87%     41.57 GF/s  setup=0.066 s
d1_race                  L=32  B=1     m=1     inner=1026119 min=     0.019 us/xform  median=     0.020  sd=  0.59%     41.50 GF/s  setup=0.012 s
d1_race                  L=32  B=1     m=1     inner=1559826 min=     0.019 us/xform  median=     0.019  sd=  0.79%     42.13 GF/s  setup=0.011 s
d1_race                  L=32  B=1     m=1     inner=857095 min=     0.023 us/xform  median=     0.023  sd=  0.79%     34.96 GF/s  setup=0.011 s
d1_race                  L=32  B=1     m=1     inner=1557392 min=     0.017 us/xform  median=     0.018  sd=  0.96%     46.44 GF/s  setup=0.009 s
d1_race                  L=32  B=1     m=1     inner=1035051 min=     0.019 us/xform  median=     0.019  sd=  2.05%     42.64 GF/s  setup=0.007 s
d1_race                  L=32  B=1     m=1     inner=1608936 min=     0.019 us/xform  median=     0.019  sd=  0.68%     41.78 GF/s  setup=0.013 s
d1_race                  L=32  B=1     m=1     inner=1823084 min=     0.020 us/xform  median=     0.020  sd=  1.34%     40.68 GF/s  setup=0.015 s
d1_race                  L=32  B=1     m=1     inner=1497712 min=     0.020 us/xform  median=     0.020  sd=  1.39%     40.69 GF/s  setup=0.017 s
d1_twiddle               L=32  B=1     m=1     inner=1983330 min=     0.019 us/xform  median=     0.020  sd=  0.41%     41.09 GF/s  setup=0.000 s
d1_twiddle               L=32  B=1     m=1     inner=1955318 min=     0.019 us/xform  median=     0.020  sd=  0.72%     41.52 GF/s  setup=0.000 s
d1_twiddle               L=32  B=1     m=1     inner=1449226 min=     0.021 us/xform  median=     0.021  sd=  0.61%     38.89 GF/s  setup=0.000 s
d1_twiddle               L=32  B=1     m=1     inner=1639762 min=     0.019 us/xform  median=     0.020  sd=  0.63%     41.36 GF/s  setup=0.000 s
d1_twiddle               L=32  B=1     m=1     inner=1492220 min=     0.020 us/xform  median=     0.020  sd=  0.56%     39.89 GF/s  setup=0.000 s
d1_twiddle               L=32  B=1     m=1     inner=1022328 min=     0.019 us/xform  median=     0.020  sd=  4.32%     41.22 GF/s  setup=0.000 s
d1_twiddle               L=32  B=1     m=1     inner=1611902 min=     0.017 us/xform  median=     0.020  sd=  6.82%     46.15 GF/s  setup=0.000 s
d1_twiddle               L=32  B=1     m=1     inner=1548746 min=     0.019 us/xform  median=     0.020  sd=  0.71%     41.34 GF/s  setup=0.000 s
d1_twiddle               L=32  B=1     m=1     inner=1395570 min=     0.021 us/xform  median=     0.021  sd=  1.60%     38.96 GF/s  setup=0.000 s
fftw1d_custom            L=32  B=1     m=1     inner=367660 min=     0.108 us/xform  median=     0.108  sd=  0.13%      7.40 GF/s  setup=0.000 s
fftw1d_custom            L=32  B=1     m=1     inner=288802 min=     0.091 us/xform  median=     0.092  sd=  0.34%      8.77 GF/s  setup=0.000 s
fftw1d_custom            L=32  B=1     m=1     inner=302992 min=     0.108 us/xform  median=     0.109  sd=  0.13%      7.39 GF/s  setup=0.000 s
fftw1d_custom            L=32  B=1     m=1     inner=317556 min=     0.111 us/xform  median=     0.112  sd=  0.12%      7.18 GF/s  setup=0.000 s
fftw1d_custom            L=32  B=1     m=1     inner=362490 min=     0.110 us/xform  median=     0.110  sd=  0.08%      7.27 GF/s  setup=0.000 s
fftw1d_custom            L=32  B=1     m=1     inner=316388 min=     0.108 us/xform  median=     0.108  sd=  0.07%      7.40 GF/s  setup=0.000 s
fftw1d_custom            L=32  B=1     m=1     inner=307880 min=     0.111 us/xform  median=     0.111  sd=  0.15%      7.20 GF/s  setup=0.000 s
fftw1d_custom            L=32  B=1     m=1     inner=181035 min=     0.110 us/xform  median=     0.111  sd=  0.11%      7.24 GF/s  setup=0.000 s
fftw1d_custom            L=32  B=1     m=1     inner=311228 min=     0.109 us/xform  median=     0.110  sd=  0.18%      7.33 GF/s  setup=0.000 s
fftw1d_estimate          L=32  B=1     m=1     inner=831680 min=     0.047 us/xform  median=     0.047  sd=  0.16%     16.90 GF/s  setup=0.001 s
fftw1d_estimate          L=32  B=1     m=1     inner=740118 min=     0.054 us/xform  median=     0.054  sd=  0.25%     14.91 GF/s  setup=0.001 s
fftw1d_estimate          L=32  B=1     m=1     inner=840440 min=     0.041 us/xform  median=     0.042  sd=  0.19%     19.29 GF/s  setup=0.001 s
fftw1d_estimate          L=32  B=1     m=1     inner=597762 min=     0.053 us/xform  median=     0.054  sd=  0.54%     15.18 GF/s  setup=0.001 s
fftw1d_estimate          L=32  B=1     m=1     inner=642936 min=     0.047 us/xform  median=     0.047  sd=  0.14%     16.89 GF/s  setup=0.001 s
fftw1d_estimate          L=32  B=1     m=1     inner=650390 min=     0.047 us/xform  median=     0.047  sd=  0.38%     17.01 GF/s  setup=0.001 s
fftw1d_estimate          L=32  B=1     m=1     inner=637618 min=     0.049 us/xform  median=     0.050  sd=  0.38%     16.18 GF/s  setup=0.001 s
fftw1d_estimate          L=32  B=1     m=1     inner=768758 min=     0.050 us/xform  median=     0.051  sd=  0.31%     15.85 GF/s  setup=0.001 s
fftw1d_estimate          L=32  B=1     m=1     inner=422344 min=     0.047 us/xform  median=     0.047  sd=  0.23%     16.94 GF/s  setup=0.001 s
fftw1d_measure           L=32  B=1     m=1     inner=1148044 min=     0.034 us/xform  median=     0.034  sd=  0.84%     23.57 GF/s  setup=0.007 s
fftw1d_measure           L=32  B=1     m=1     inner=567074 min=     0.035 us/xform  median=     0.035  sd=  0.61%     22.92 GF/s  setup=0.007 s
fftw1d_measure           L=32  B=1     m=1     inner=1187802 min=     0.033 us/xform  median=     0.033  sd=  0.42%     24.28 GF/s  setup=0.007 s
fftw1d_measure           L=32  B=1     m=1     inner=821804 min=     0.042 us/xform  median=     0.042  sd=  0.30%     19.27 GF/s  setup=0.008 s
fftw1d_measure           L=32  B=1     m=1     inner=774590 min=     0.039 us/xform  median=     0.039  sd=  0.29%     20.67 GF/s  setup=0.008 s
fftw1d_measure           L=32  B=1     m=1     inner=900096 min=     0.039 us/xform  median=     0.039  sd=  0.98%     20.71 GF/s  setup=0.008 s
fftw1d_measure           L=32  B=1     m=1     inner=772798 min=     0.039 us/xform  median=     0.039  sd=  0.09%     20.62 GF/s  setup=0.008 s
fftw1d_measure           L=32  B=1     m=1     inner=893010 min=     0.038 us/xform  median=     0.038  sd=  0.47%     21.05 GF/s  setup=0.008 s
fftw1d_measure           L=32  B=1     m=1     inner=885588 min=     0.033 us/xform  median=     0.033  sd=  0.62%     24.58 GF/s  setup=0.008 s
fftw1d_patient           L=32  B=1     m=1     inner=1067138 min=     0.037 us/xform  median=     0.037  sd=  0.41%     21.62 GF/s  setup=0.014 s
fftw1d_patient           L=32  B=1     m=1     inner=1140358 min=     0.035 us/xform  median=     0.035  sd=  0.26%     23.12 GF/s  setup=0.014 s
fftw1d_patient           L=32  B=1     m=1     inner=545268 min=     0.037 us/xform  median=     0.037  sd=  1.20%     21.88 GF/s  setup=0.014 s
fftw1d_patient           L=32  B=1     m=1     inner=955322 min=     0.037 us/xform  median=     0.037  sd=  0.37%     21.65 GF/s  setup=0.016 s
fftw1d_patient           L=32  B=1     m=1     inner=765932 min=     0.047 us/xform  median=     0.047  sd=  0.08%     17.19 GF/s  setup=0.016 s
fftw1d_patient           L=32  B=1     m=1     inner=537938 min=     0.037 us/xform  median=     0.037  sd=  0.20%     21.59 GF/s  setup=0.015 s
fftw1d_patient           L=32  B=1     m=1     inner=791978 min=     0.046 us/xform  median=     0.046  sd=  0.47%     17.39 GF/s  setup=0.016 s
fftw1d_patient           L=32  B=1     m=1     inner=880276 min=     0.041 us/xform  median=     0.041  sd=  0.32%     19.57 GF/s  setup=0.015 s
fftw1d_patient           L=32  B=1     m=1     inner=878434 min=     0.041 us/xform  median=     0.041  sd=  0.52%     19.54 GF/s  setup=0.015 s
mkl1d_dfti               L=32  B=1     m=1     inner=1556984 min=     0.026 us/xform  median=     0.026  sd=  0.74%     31.33 GF/s  setup=0.002 s
mkl1d_dfti               L=32  B=1     m=1     inner=1515854 min=     0.024 us/xform  median=     0.027  sd=  3.35%     33.61 GF/s  setup=0.002 s
mkl1d_dfti               L=32  B=1     m=1     inner=1767970 min=     0.022 us/xform  median=     0.022  sd=  0.74%     35.81 GF/s  setup=0.001 s
mkl1d_dfti               L=32  B=1     m=1     inner=933652 min=     0.030 us/xform  median=     0.030  sd=  0.27%     26.99 GF/s  setup=0.001 s
mkl1d_dfti               L=32  B=1     m=1     inner=893722 min=     0.023 us/xform  median=     0.023  sd=  0.76%     35.52 GF/s  setup=0.001 s
mkl1d_dfti               L=32  B=1     m=1     inner=1186950 min=     0.026 us/xform  median=     0.027  sd=  1.07%     30.28 GF/s  setup=0.001 s
mkl1d_dfti               L=32  B=1     m=1     inner=1223622 min=     0.026 us/xform  median=     0.026  sd=  0.40%     31.15 GF/s  setup=0.002 s
mkl1d_dfti               L=32  B=1     m=1     inner=1287848 min=     0.022 us/xform  median=     0.023  sd=  0.97%     35.62 GF/s  setup=0.002 s
mkl1d_dfti               L=32  B=1     m=1     inner=877768 min=     0.036 us/xform  median=     0.037  sd=  0.57%     22.06 GF/s  setup=0.001 s
baseline_dft             L=32  B=512   m=1     inner=36     min=     2.124 us/xform  median=     2.124  sd=  0.01%      0.38 GF/s  setup=0.000 s
baseline_dft             L=32  B=512   m=1     inner=36     min=     2.124 us/xform  median=     2.124  sd=  0.01%      0.38 GF/s  setup=0.000 s
baseline_dft             L=32  B=512   m=1     inner=36     min=     2.124 us/xform  median=     2.124  sd=  0.02%      0.38 GF/s  setup=0.000 s
baseline_dft             L=32  B=512   m=1     inner=36     min=     1.760 us/xform  median=     1.760  sd=  5.86%      0.45 GF/s  setup=0.000 s
baseline_dft             L=32  B=512   m=1     inner=44     min=     1.760 us/xform  median=     1.760  sd=  0.01%      0.45 GF/s  setup=0.000 s
baseline_dft             L=32  B=512   m=1     inner=28     min=     2.124 us/xform  median=     2.124  sd=  0.00%      0.38 GF/s  setup=0.000 s
baseline_dft             L=32  B=512   m=1     inner=30     min=     1.760 us/xform  median=     1.760  sd=  0.01%      0.45 GF/s  setup=0.000 s
baseline_dft             L=32  B=512   m=1     inner=28     min=     2.124 us/xform  median=     2.124  sd=  0.01%      0.38 GF/s  setup=0.000 s
baseline_dft             L=32  B=512   m=1     inner=28     min=     2.124 us/xform  median=     2.124  sd=  0.08%      0.38 GF/s  setup=0.000 s
d1_batchlane             L=32  B=512   m=1     inner=4346   min=     0.018 us/xform  median=     0.018  sd=  0.05%     45.41 GF/s  setup=0.000 s
d1_batchlane             L=32  B=512   m=1     inner=3428   min=     0.015 us/xform  median=     0.015  sd=  0.03%     51.67 GF/s  setup=0.000 s
d1_batchlane             L=32  B=512   m=1     inner=2407   min=     0.015 us/xform  median=     0.015  sd=  1.50%     51.70 GF/s  setup=0.000 s
d1_batchlane             L=32  B=512   m=1     inner=4980   min=     0.015 us/xform  median=     0.015  sd=  0.04%     51.71 GF/s  setup=0.000 s
d1_batchlane             L=32  B=512   m=1     inner=4992   min=     0.015 us/xform  median=     0.015  sd=  0.04%     51.67 GF/s  setup=0.000 s
d1_batchlane             L=32  B=512   m=1     inner=3482   min=     0.018 us/xform  median=     0.018  sd=  0.04%     45.42 GF/s  setup=0.000 s
d1_batchlane             L=32  B=512   m=1     inner=2480   min=     0.015 us/xform  median=     0.015  sd=  1.34%     51.72 GF/s  setup=0.000 s
d1_batchlane             L=32  B=512   m=1     inner=3320   min=     0.018 us/xform  median=     0.018  sd=  0.03%     45.42 GF/s  setup=0.000 s
d1_batchlane             L=32  B=512   m=1     inner=3308   min=     0.015 us/xform  median=     0.015  sd=  0.04%     51.69 GF/s  setup=0.000 s
d1_bluestein             L=32  B=512   m=1     inner=379    min=     0.103 us/xform  median=     0.103  sd=  0.10%      7.79 GF/s  setup=0.001 s
d1_bluestein             L=32  B=512   m=1     inner=638    min=     0.093 us/xform  median=     0.093  sd=  0.21%      8.60 GF/s  setup=0.001 s
d1_bluestein             L=32  B=512   m=1     inner=582    min=     0.105 us/xform  median=     0.105  sd=  0.11%      7.62 GF/s  setup=0.001 s
d1_bluestein             L=32  B=512   m=1     inner=586    min=     0.093 us/xform  median=     0.093  sd=  0.17%      8.64 GF/s  setup=0.001 s
d1_bluestein             L=32  B=512   m=1     inner=660    min=     0.094 us/xform  median=     0.094  sd=  0.13%      8.55 GF/s  setup=0.001 s
d1_bluestein             L=32  B=512   m=1     inner=650    min=     0.094 us/xform  median=     0.095  sd=  0.13%      8.49 GF/s  setup=0.001 s
d1_bluestein             L=32  B=512   m=1     inner=622    min=     0.087 us/xform  median=     0.099  sd=  3.73%      9.19 GF/s  setup=0.001 s
d1_bluestein             L=32  B=512   m=1     inner=556    min=     0.092 us/xform  median=     0.105  sd=  4.83%      8.66 GF/s  setup=0.001 s
d1_bluestein             L=32  B=512   m=1     inner=928    min=     0.083 us/xform  median=     0.084  sd=  0.09%      9.59 GF/s  setup=0.001 s
d1_planner               L=32  B=512   m=1     inner=4294   min=     0.017 us/xform  median=     0.017  sd=  0.03%     45.73 GF/s  setup=0.000 s
d1_planner               L=32  B=512   m=1     inner=2515   min=     0.015 us/xform  median=     0.015  sd=  1.24%     52.05 GF/s  setup=0.000 s
d1_planner               L=32  B=512   m=1     inner=3906   min=     0.015 us/xform  median=     0.015  sd=  0.01%     52.06 GF/s  setup=0.000 s
d1_planner               L=32  B=512   m=1     inner=2576   min=     0.017 us/xform  median=     0.017  sd=  0.02%     45.75 GF/s  setup=0.000 s
d1_planner               L=32  B=512   m=1     inner=3320   min=     0.015 us/xform  median=     0.015  sd=  0.02%     52.05 GF/s  setup=0.000 s
d1_planner               L=32  B=512   m=1     inner=4870   min=     0.015 us/xform  median=     0.015  sd=  0.01%     52.04 GF/s  setup=0.000 s
d1_planner               L=32  B=512   m=1     inner=3352   min=     0.017 us/xform  median=     0.017  sd=  0.01%     45.74 GF/s  setup=0.000 s
d1_planner               L=32  B=512   m=1     inner=3348   min=     0.015 us/xform  median=     0.015  sd=  0.01%     52.06 GF/s  setup=0.000 s
d1_planner               L=32  B=512   m=1     inner=3366   min=     0.017 us/xform  median=     0.017  sd=  0.01%     45.74 GF/s  setup=0.000 s
d1_pow2                  L=32  B=512   m=1     inner=4416   min=     0.018 us/xform  median=     0.018  sd=  0.05%     45.57 GF/s  setup=0.001 s
d1_pow2                  L=32  B=512   m=1     inner=3504   min=     0.018 us/xform  median=     0.018  sd=  0.02%     45.58 GF/s  setup=0.001 s
d1_pow2                  L=32  B=512   m=1     inner=3518   min=     0.018 us/xform  median=     0.018  sd=  0.04%     45.55 GF/s  setup=0.001 s
d1_pow2                  L=32  B=512   m=1     inner=3344   min=     0.018 us/xform  median=     0.018  sd=  0.03%     45.56 GF/s  setup=0.001 s
d1_pow2                  L=32  B=512   m=1     inner=3360   min=     0.018 us/xform  median=     0.018  sd=  0.04%     45.57 GF/s  setup=0.001 s
d1_pow2                  L=32  B=512   m=1     inner=1671   min=     0.018 us/xform  median=     0.018  sd=  0.67%     45.58 GF/s  setup=0.001 s
d1_pow2                  L=32  B=512   m=1     inner=3328   min=     0.018 us/xform  median=     0.018  sd=  0.26%     45.57 GF/s  setup=0.001 s
d1_pow2                  L=32  B=512   m=1     inner=3480   min=     0.018 us/xform  median=     0.018  sd=  0.02%     45.58 GF/s  setup=0.001 s
d1_pow2                  L=32  B=512   m=1     inner=3344   min=     0.018 us/xform  median=     0.018  sd=  0.02%     45.57 GF/s  setup=0.001 s
d1_race                  L=32  B=512   m=1     inner=4344   min=     0.015 us/xform  median=     0.018  sd=  6.50%     51.79 GF/s  setup=0.888 s
d1_race                  L=32  B=512   m=1     inner=4258   min=     0.018 us/xform  median=     0.018  sd=  0.09%     45.53 GF/s  setup=0.014 s
d1_race                  L=32  B=512   m=1     inner=4404   min=     0.018 us/xform  median=     0.018  sd=  0.03%     45.52 GF/s  setup=0.015 s
d1_race                  L=32  B=512   m=1     inner=3618   min=     0.015 us/xform  median=     0.015  sd=  0.02%     51.81 GF/s  setup=0.010 s
d1_race                  L=32  B=512   m=1     inner=3502   min=     0.018 us/xform  median=     0.018  sd=  0.03%     45.53 GF/s  setup=0.013 s
d1_race                  L=32  B=512   m=1     inner=4394   min=     0.018 us/xform  median=     0.018  sd=  0.08%     45.52 GF/s  setup=0.013 s
d1_race                  L=32  B=512   m=1     inner=2190   min=     0.018 us/xform  median=     0.018  sd=  1.15%     45.52 GF/s  setup=0.014 s
d1_race                  L=32  B=512   m=1     inner=3496   min=     0.015 us/xform  median=     0.015  sd=  0.03%     51.80 GF/s  setup=0.009 s
d1_race                  L=32  B=512   m=1     inner=3338   min=     0.018 us/xform  median=     0.018  sd=  0.31%     45.53 GF/s  setup=0.009 s
d1_twiddle               L=32  B=512   m=1     inner=2480   min=     0.015 us/xform  median=     0.015  sd=  1.33%     52.76 GF/s  setup=0.000 s
d1_twiddle               L=32  B=512   m=1     inner=5042   min=     0.015 us/xform  median=     0.015  sd=  0.31%     52.56 GF/s  setup=0.000 s
d1_twiddle               L=32  B=512   m=1     inner=3332   min=     0.017 us/xform  median=     0.017  sd=  0.36%     46.15 GF/s  setup=0.000 s
d1_twiddle               L=32  B=512   m=1     inner=3344   min=     0.017 us/xform  median=     0.017  sd=  0.34%     46.19 GF/s  setup=0.000 s
d1_twiddle               L=32  B=512   m=1     inner=4456   min=     0.017 us/xform  median=     0.017  sd=  0.27%     46.05 GF/s  setup=0.000 s
d1_twiddle               L=32  B=512   m=1     inner=3520   min=     0.017 us/xform  median=     0.017  sd=  0.50%     46.35 GF/s  setup=0.000 s
d1_twiddle               L=32  B=512   m=1     inner=3366   min=     0.017 us/xform  median=     0.017  sd=  0.41%     46.30 GF/s  setup=0.000 s
d1_twiddle               L=32  B=512   m=1     inner=4422   min=     0.017 us/xform  median=     0.017  sd=  0.38%     46.23 GF/s  setup=0.000 s
d1_twiddle               L=32  B=512   m=1     inner=4444   min=     0.016 us/xform  median=     0.017  sd=  1.54%     48.58 GF/s  setup=0.000 s
fftw1d_custom            L=32  B=512   m=1     inner=714    min=     0.110 us/xform  median=     0.114  sd=  1.30%      7.29 GF/s  setup=0.000 s
fftw1d_custom            L=32  B=512   m=1     inner=698    min=     0.110 us/xform  median=     0.111  sd=  0.02%      7.24 GF/s  setup=0.000 s
fftw1d_custom            L=32  B=512   m=1     inner=694    min=     0.089 us/xform  median=     0.089  sd=  2.08%      9.00 GF/s  setup=0.000 s
fftw1d_custom            L=32  B=512   m=1     inner=580    min=     0.106 us/xform  median=     0.107  sd=  0.50%      7.57 GF/s  setup=0.000 s
fftw1d_custom            L=32  B=512   m=1     inner=542    min=     0.110 us/xform  median=     0.111  sd=  0.30%      7.25 GF/s  setup=0.000 s
fftw1d_custom            L=32  B=512   m=1     inner=274    min=     0.107 us/xform  median=     0.107  sd=  1.09%      7.46 GF/s  setup=0.000 s
fftw1d_custom            L=32  B=512   m=1     inner=718    min=     0.108 us/xform  median=     0.108  sd=  0.02%      7.42 GF/s  setup=0.000 s
fftw1d_custom            L=32  B=512   m=1     inner=736    min=     0.105 us/xform  median=     0.105  sd=  0.07%      7.60 GF/s  setup=0.000 s
fftw1d_custom            L=32  B=512   m=1     inner=530    min=     0.113 us/xform  median=     0.114  sd=  0.06%      7.05 GF/s  setup=0.000 s
fftw1d_custom_soa        L=32  B=512   m=1     inner=902    min=     0.086 us/xform  median=     0.087  sd=  0.34%      9.28 GF/s  setup=0.000 s
fftw1d_custom_soa        L=32  B=512   m=1     inner=648    min=     0.096 us/xform  median=     0.096  sd=  0.04%      8.35 GF/s  setup=0.000 s
fftw1d_custom_soa        L=32  B=512   m=1     inner=812    min=     0.094 us/xform  median=     0.094  sd=  0.02%      8.47 GF/s  setup=0.000 s
fftw1d_custom_soa        L=32  B=512   m=1     inner=662    min=     0.078 us/xform  median=     0.078  sd=  0.94%     10.21 GF/s  setup=0.000 s
fftw1d_custom_soa        L=32  B=512   m=1     inner=704    min=     0.088 us/xform  median=     0.092  sd=  1.93%      9.06 GF/s  setup=0.000 s
fftw1d_custom_soa        L=32  B=512   m=1     inner=824    min=     0.093 us/xform  median=     0.093  sd=  0.05%      8.61 GF/s  setup=0.000 s
fftw1d_custom_soa        L=32  B=512   m=1     inner=656    min=     0.077 us/xform  median=     0.077  sd=  0.62%     10.39 GF/s  setup=0.000 s
fftw1d_custom_soa        L=32  B=512   m=1     inner=676    min=     0.077 us/xform  median=     0.077  sd=  0.03%     10.37 GF/s  setup=0.000 s
fftw1d_custom_soa        L=32  B=512   m=1     inner=678    min=     0.088 us/xform  median=     0.089  sd=  1.80%      9.11 GF/s  setup=0.000 s
fftw1d_estimate          L=32  B=512   m=1     inner=386    min=     0.101 us/xform  median=     0.101  sd=  0.10%      7.90 GF/s  setup=0.001 s
fftw1d_estimate          L=32  B=512   m=1     inner=612    min=     0.089 us/xform  median=     0.089  sd=  0.15%      9.00 GF/s  setup=0.001 s
fftw1d_estimate          L=32  B=512   m=1     inner=614    min=     0.101 us/xform  median=     0.101  sd=  0.04%      7.94 GF/s  setup=0.001 s
fftw1d_estimate          L=32  B=512   m=1     inner=612    min=     0.101 us/xform  median=     0.101  sd=  0.21%      7.93 GF/s  setup=0.001 s
fftw1d_estimate          L=32  B=512   m=1     inner=428    min=     0.089 us/xform  median=     0.089  sd=  0.10%      9.03 GF/s  setup=0.001 s
fftw1d_estimate          L=32  B=512   m=1     inner=602    min=     0.102 us/xform  median=     0.102  sd=  0.26%      7.86 GF/s  setup=0.001 s
fftw1d_estimate          L=32  B=512   m=1     inner=612    min=     0.101 us/xform  median=     0.101  sd=  0.06%      7.94 GF/s  setup=0.001 s
fftw1d_estimate          L=32  B=512   m=1     inner=772    min=     0.101 us/xform  median=     0.102  sd=  0.35%      7.91 GF/s  setup=0.001 s
fftw1d_estimate          L=32  B=512   m=1     inner=614    min=     0.088 us/xform  median=     0.088  sd=  0.47%      9.06 GF/s  setup=0.001 s
fftw1d_measure           L=32  B=512   m=1     inner=2552   min=     0.029 us/xform  median=     0.029  sd=  0.02%     27.54 GF/s  setup=0.010 s
fftw1d_measure           L=32  B=512   m=1     inner=2314   min=     0.029 us/xform  median=     0.029  sd=  0.03%     27.76 GF/s  setup=0.011 s
fftw1d_measure           L=32  B=512   m=1     inner=2196   min=     0.029 us/xform  median=     0.029  sd=  0.03%     28.04 GF/s  setup=0.011 s
fftw1d_measure           L=32  B=512   m=1     inner=2518   min=     0.026 us/xform  median=     0.027  sd=  6.46%     31.18 GF/s  setup=0.010 s
fftw1d_measure           L=32  B=512   m=1     inner=2094   min=     0.029 us/xform  median=     0.029  sd=  0.02%     27.29 GF/s  setup=0.011 s
fftw1d_measure           L=32  B=512   m=1     inner=2192   min=     0.029 us/xform  median=     0.029  sd=  0.03%     28.04 GF/s  setup=0.011 s
fftw1d_measure           L=32  B=512   m=1     inner=2132   min=     0.030 us/xform  median=     0.030  sd=  0.14%     26.64 GF/s  setup=0.011 s
fftw1d_measure           L=32  B=512   m=1     inner=2480   min=     0.029 us/xform  median=     0.029  sd=  0.08%     27.46 GF/s  setup=0.010 s
fftw1d_measure           L=32  B=512   m=1     inner=2474   min=     0.029 us/xform  median=     0.029  sd=  0.03%     27.57 GF/s  setup=0.010 s
fftw1d_patient           L=32  B=512   m=1     inner=2768   min=     0.026 us/xform  median=     0.026  sd=  0.02%     30.87 GF/s  setup=0.057 s
fftw1d_patient           L=32  B=512   m=1     inner=2900   min=     0.025 us/xform  median=     0.025  sd=  0.03%     31.98 GF/s  setup=0.056 s
fftw1d_patient           L=32  B=512   m=1     inner=2776   min=     0.027 us/xform  median=     0.027  sd=  0.03%     29.82 GF/s  setup=0.056 s
fftw1d_patient           L=32  B=512   m=1     inner=2420   min=     0.030 us/xform  median=     0.030  sd=  0.03%     26.72 GF/s  setup=0.063 s
fftw1d_patient           L=32  B=512   m=1     inner=2490   min=     0.029 us/xform  median=     0.029  sd=  0.01%     27.66 GF/s  setup=0.064 s
fftw1d_patient           L=32  B=512   m=1     inner=2496   min=     0.029 us/xform  median=     0.029  sd=  0.20%     27.72 GF/s  setup=0.061 s
fftw1d_patient           L=32  B=512   m=1     inner=2506   min=     0.029 us/xform  median=     0.029  sd=  0.02%     27.34 GF/s  setup=0.064 s
fftw1d_patient           L=32  B=512   m=1     inner=2556   min=     0.025 us/xform  median=     0.029  sd=  6.21%     31.66 GF/s  setup=0.066 s
fftw1d_patient           L=32  B=512   m=1     inner=2878   min=     0.025 us/xform  median=     0.025  sd=  0.05%     31.62 GF/s  setup=0.060 s
mkl1d_dfti               L=32  B=512   m=1     inner=4462   min=     0.017 us/xform  median=     0.017  sd=  0.02%     45.98 GF/s  setup=0.002 s
mkl1d_dfti               L=32  B=512   m=1     inner=3666   min=     0.017 us/xform  median=     0.017  sd=  0.04%     45.96 GF/s  setup=0.002 s
mkl1d_dfti               L=32  B=512   m=1     inner=3526   min=     0.017 us/xform  median=     0.017  sd=  0.02%     45.97 GF/s  setup=0.002 s
mkl1d_dfti               L=32  B=512   m=1     inner=3536   min=     0.017 us/xform  median=     0.017  sd=  0.01%     45.96 GF/s  setup=0.002 s
mkl1d_dfti               L=32  B=512   m=1     inner=3502   min=     0.017 us/xform  median=     0.017  sd=  0.09%     45.96 GF/s  setup=0.002 s
mkl1d_dfti               L=32  B=512   m=1     inner=3678   min=     0.017 us/xform  median=     0.017  sd=  0.01%     45.97 GF/s  setup=0.002 s
mkl1d_dfti               L=32  B=512   m=1     inner=3522   min=     0.017 us/xform  median=     0.017  sd=  0.09%     45.97 GF/s  setup=0.002 s
mkl1d_dfti               L=32  B=512   m=1     inner=3686   min=     0.017 us/xform  median=     0.017  sd=  0.02%     45.99 GF/s  setup=0.002 s
mkl1d_dfti               L=32  B=512   m=1     inner=3514   min=     0.017 us/xform  median=     0.017  sd=  0.08%     45.96 GF/s  setup=0.002 s
baseline_dft             L=32  B=1     m=100000 inner=1      min=     1.847 us/xform  median=     1.847  sd=  5.85%      0.43 GF/s  setup=0.000 s
baseline_dft             L=32  B=1     m=100000 inner=1      min=     1.847 us/xform  median=     1.847  sd=  4.92%      0.43 GF/s  setup=0.000 s
baseline_dft             L=32  B=1     m=100000 inner=1      min=     1.847 us/xform  median=     1.847  sd=  0.00%      0.43 GF/s  setup=0.000 s
baseline_dft             L=32  B=1     m=2     inner=370    min=     1.965 us/xform  median=     1.965  sd=  0.00%      0.41 GF/s  setup=0.000 s
d1_batchlane             L=32  B=1     m=100000 inner=4      min=     0.060 us/xform  median=     0.070  sd=  4.12%     13.31 GF/s  setup=0.000 s
d1_batchlane             L=32  B=1     m=100000 inner=6      min=     0.060 us/xform  median=     0.060  sd=  0.06%     13.36 GF/s  setup=0.000 s
d1_batchlane             L=32  B=1     m=100000 inner=6      min=     0.060 us/xform  median=     0.060  sd=  0.06%     13.36 GF/s  setup=0.000 s
d1_batchlane             L=32  B=1     m=2     inner=8762   min=     0.100 us/xform  median=     0.100  sd=  0.00%      7.99 GF/s  setup=0.000 s
d1_bluestein             L=32  B=1     m=100000 inner=2      min=     0.191 us/xform  median=     0.191  sd=  0.12%      4.19 GF/s  setup=0.001 s
d1_bluestein             L=32  B=1     m=100000 inner=2      min=     0.191 us/xform  median=     0.192  sd=  0.07%      4.18 GF/s  setup=0.001 s
d1_bluestein             L=32  B=1     m=100000 inner=2      min=     0.189 us/xform  median=     0.189  sd=  0.10%      4.24 GF/s  setup=0.000 s
d1_bluestein             L=32  B=1     m=2     inner=3342   min=     0.280 us/xform  median=     0.280  sd=  0.00%      2.85 GF/s  setup=0.001 s
d1_planner               L=32  B=1     m=100000 inner=4      min=     0.079 us/xform  median=     0.079  sd=  0.01%     10.11 GF/s  setup=0.000 s
d1_planner               L=32  B=1     m=100000 inner=4      min=     0.079 us/xform  median=     0.079  sd=  0.01%     10.11 GF/s  setup=0.000 s
d1_planner               L=32  B=1     m=100000 inner=4      min=     0.079 us/xform  median=     0.079  sd=  0.01%     10.11 GF/s  setup=0.000 s
d1_planner               L=32  B=1     m=2     inner=13086  min=     0.074 us/xform  median=     0.074  sd=  0.00%     10.86 GF/s  setup=0.000 s
d1_pow2                  L=32  B=1     m=100000 inner=4      min=     0.080 us/xform  median=     0.080  sd=  0.26%      9.95 GF/s  setup=0.001 s
d1_pow2                  L=32  B=1     m=100000 inner=4      min=     0.080 us/xform  median=     0.080  sd=  0.05%      9.95 GF/s  setup=0.001 s
d1_pow2                  L=32  B=1     m=100000 inner=4      min=     0.071 us/xform  median=     0.071  sd=  6.65%     11.33 GF/s  setup=0.001 s
d1_pow2                  L=32  B=1     m=2     inner=10954  min=     0.081 us/xform  median=     0.081  sd=  0.00%      9.84 GF/s  setup=0.001 s
d1_race                  L=32  B=1     m=100000 inner=4      min=     0.070 us/xform  median=     0.070  sd=  0.04%     11.44 GF/s  setup=0.006 s
d1_race                  L=32  B=1     m=100000 inner=4      min=     0.070 us/xform  median=     0.070  sd=  0.02%     11.43 GF/s  setup=0.009 s
d1_race                  L=32  B=1     m=100000 inner=4      min=     0.070 us/xform  median=     0.070  sd=  0.02%     11.43 GF/s  setup=0.008 s
d1_race                  L=32  B=1     m=2     inner=7606   min=     0.122 us/xform  median=     0.122  sd=  0.00%      6.54 GF/s  setup=0.007 s
d1_twiddle               L=32  B=1     m=100000 inner=4      min=     0.080 us/xform  median=     0.080  sd=  0.07%      9.95 GF/s  setup=0.000 s
d1_twiddle               L=32  B=1     m=100000 inner=4      min=     0.080 us/xform  median=     0.081  sd=  0.06%      9.95 GF/s  setup=0.000 s
d1_twiddle               L=32  B=1     m=100000 inner=4      min=     0.080 us/xform  median=     0.080  sd=  0.07%      9.95 GF/s  setup=0.000 s
d1_twiddle               L=32  B=1     m=2     inner=10278  min=     0.084 us/xform  median=     0.084  sd=  0.00%      9.51 GF/s  setup=0.000 s
fftw1d_custom            L=32  B=1     m=100000 inner=2      min=     0.147 us/xform  median=     0.147  sd=  0.18%      5.45 GF/s  setup=0.000 s
fftw1d_custom            L=32  B=1     m=100000 inner=2      min=     0.147 us/xform  median=     0.147  sd=  0.15%      5.46 GF/s  setup=0.000 s
fftw1d_custom            L=32  B=1     m=100000 inner=2      min=     0.147 us/xform  median=     0.147  sd=  0.15%      5.45 GF/s  setup=0.000 s
fftw1d_custom            L=32  B=1     m=2     inner=3828   min=     0.252 us/xform  median=     0.252  sd=  0.00%      3.17 GF/s  setup=0.000 s
fftw1d_estimate          L=32  B=1     m=100000 inner=2      min=     0.165 us/xform  median=     0.166  sd=  0.06%      4.84 GF/s  setup=0.001 s
fftw1d_estimate          L=32  B=1     m=100000 inner=2      min=     0.145 us/xform  median=     0.145  sd=  0.02%      5.50 GF/s  setup=0.001 s
fftw1d_estimate          L=32  B=1     m=100000 inner=2      min=     0.146 us/xform  median=     0.146  sd=  0.01%      5.48 GF/s  setup=0.001 s
fftw1d_estimate          L=32  B=1     m=2     inner=6604   min=     0.146 us/xform  median=     0.146  sd=  0.00%      5.46 GF/s  setup=0.001 s
fftw1d_measure           L=32  B=1     m=100000 inner=2      min=     0.136 us/xform  median=     0.136  sd=  0.09%      5.88 GF/s  setup=0.007 s
fftw1d_measure           L=32  B=1     m=100000 inner=2      min=     0.155 us/xform  median=     0.155  sd=  0.11%      5.17 GF/s  setup=0.008 s
fftw1d_measure           L=32  B=1     m=100000 inner=2      min=     0.155 us/xform  median=     0.155  sd=  0.05%      5.17 GF/s  setup=0.007 s
fftw1d_measure           L=32  B=1     m=2     inner=7094   min=     0.138 us/xform  median=     0.138  sd=  0.00%      5.80 GF/s  setup=0.007 s
fftw1d_patient           L=32  B=1     m=100000 inner=2      min=     0.155 us/xform  median=     0.155  sd=  0.07%      5.17 GF/s  setup=0.015 s
fftw1d_patient           L=32  B=1     m=100000 inner=2      min=     0.141 us/xform  median=     0.155  sd=  2.58%      5.67 GF/s  setup=0.015 s
fftw1d_patient           L=32  B=1     m=100000 inner=2      min=     0.136 us/xform  median=     0.136  sd=  0.07%      5.88 GF/s  setup=0.016 s
fftw1d_patient           L=32  B=1     m=2     inner=7056   min=     0.138 us/xform  median=     0.138  sd=  0.00%      5.81 GF/s  setup=0.014 s
mkl1d_dfti               L=32  B=1     m=100000 inner=2      min=     0.131 us/xform  median=     0.131  sd=  0.12%      6.11 GF/s  setup=0.002 s
mkl1d_dfti               L=32  B=1     m=100000 inner=2      min=     0.131 us/xform  median=     0.131  sd=  0.06%      6.10 GF/s  setup=0.002 s
mkl1d_dfti               L=32  B=1     m=100000 inner=2      min=     0.131 us/xform  median=     0.131  sd=  0.08%      6.11 GF/s  setup=0.001 s
mkl1d_dfti               L=32  B=1     m=2     inner=6602   min=     0.151 us/xform  median=     0.151  sd=  0.00%      5.28 GF/s  setup=0.002 s
baseline_dft             L=32  B=512   m=1000  inner=1      min=     1.951 us/xform  median=     1.953  sd=  0.03%      0.41 GF/s  setup=0.000 s
baseline_dft             L=32  B=512   m=1000  inner=1      min=     1.951 us/xform  median=     1.953  sd=  0.03%      0.41 GF/s  setup=0.000 s
baseline_dft             L=32  B=512   m=1000  inner=1      min=     1.951 us/xform  median=     1.953  sd=  0.03%      0.41 GF/s  setup=0.000 s
baseline_dft             L=32  B=512   m=2     inner=1      min=     2.249 us/xform  median=     2.249  sd=  0.00%      0.36 GF/s  setup=0.000 s
d1_batchlane             L=32  B=512   m=1000  inner=1      min=     0.039 us/xform  median=     0.039  sd=  0.05%     20.33 GF/s  setup=0.000 s
d1_batchlane             L=32  B=512   m=1000  inner=2      min=     0.039 us/xform  median=     0.039  sd=  0.14%     20.55 GF/s  setup=0.000 s
d1_batchlane             L=32  B=512   m=1000  inner=1      min=     0.039 us/xform  median=     0.039  sd=  0.04%     20.44 GF/s  setup=0.000 s
d1_batchlane             L=32  B=512   m=2     inner=34     min=     0.055 us/xform  median=     0.055  sd=  0.00%     14.50 GF/s  setup=0.000 s
d1_bluestein             L=32  B=512   m=1000  inner=1      min=     0.180 us/xform  median=     0.205  sd=  6.49%      4.44 GF/s  setup=0.001 s
d1_bluestein             L=32  B=512   m=1000  inner=1      min=     0.179 us/xform  median=     0.204  sd=  4.78%      4.47 GF/s  setup=0.001 s
d1_bluestein             L=32  B=512   m=1000  inner=1      min=     0.180 us/xform  median=     0.180  sd=  0.04%      4.44 GF/s  setup=0.001 s
d1_bluestein             L=32  B=512   m=2     inner=10     min=     0.188 us/xform  median=     0.188  sd=  0.00%      4.26 GF/s  setup=0.001 s
d1_planner               L=32  B=512   m=1000  inner=1      min=     0.077 us/xform  median=     0.077  sd=  0.01%     10.34 GF/s  setup=0.000 s
d1_planner               L=32  B=512   m=1000  inner=1      min=     0.078 us/xform  median=     0.078  sd=  0.02%     10.32 GF/s  setup=0.000 s
d1_planner               L=32  B=512   m=1000  inner=1      min=     0.078 us/xform  median=     0.078  sd=  0.04%     10.31 GF/s  setup=0.000 s
d1_planner               L=32  B=512   m=2     inner=14     min=     0.123 us/xform  median=     0.123  sd=  0.00%      6.53 GF/s  setup=0.000 s
d1_pow2                  L=32  B=512   m=1000  inner=2      min=     0.039 us/xform  median=     0.039  sd=  0.03%     20.68 GF/s  setup=0.001 s
d1_pow2                  L=32  B=512   m=1000  inner=2      min=     0.039 us/xform  median=     0.039  sd=  0.06%     20.70 GF/s  setup=0.001 s
d1_pow2                  L=32  B=512   m=1000  inner=2      min=     0.039 us/xform  median=     0.039  sd=  0.18%     20.60 GF/s  setup=0.001 s
d1_pow2                  L=32  B=512   m=2     inner=30     min=     0.058 us/xform  median=     0.058  sd=  0.00%     13.78 GF/s  setup=0.001 s
d1_race                  L=32  B=512   m=1000  inner=1      min=     0.039 us/xform  median=     0.039  sd=  0.04%     20.40 GF/s  setup=0.008 s
d1_race                  L=32  B=512   m=1000  inner=1      min=     0.039 us/xform  median=     0.039  sd=  0.03%     20.42 GF/s  setup=0.011 s
d1_race                  L=32  B=512   m=1000  inner=1      min=     0.039 us/xform  median=     0.039  sd=  0.04%     20.44 GF/s  setup=0.010 s
d1_race                  L=32  B=512   m=2     inner=32     min=     0.053 us/xform  median=     0.053  sd=  0.00%     15.21 GF/s  setup=0.008 s
d1_twiddle               L=32  B=512   m=1000  inner=1      min=     0.042 us/xform  median=     0.042  sd=  0.02%     19.17 GF/s  setup=0.000 s
d1_twiddle               L=32  B=512   m=1000  inner=2      min=     0.037 us/xform  median=     0.037  sd=  0.19%     21.85 GF/s  setup=0.000 s
d1_twiddle               L=32  B=512   m=1000  inner=2      min=     0.037 us/xform  median=     0.037  sd=  0.01%     21.74 GF/s  setup=0.000 s
d1_twiddle               L=32  B=512   m=2     inner=24     min=     0.078 us/xform  median=     0.078  sd=  0.00%     10.26 GF/s  setup=0.000 s
fftw1d_custom            L=32  B=512   m=1000  inner=1      min=     0.104 us/xform  median=     0.104  sd=  5.92%      7.69 GF/s  setup=0.000 s
fftw1d_custom            L=32  B=512   m=1000  inner=1      min=     0.104 us/xform  median=     0.104  sd=  0.20%      7.70 GF/s  setup=0.000 s
fftw1d_custom            L=32  B=512   m=1000  inner=1      min=     0.104 us/xform  median=     0.104  sd=  0.08%      7.69 GF/s  setup=0.000 s
fftw1d_custom            L=32  B=512   m=2     inner=6      min=     0.169 us/xform  median=     0.169  sd=  0.00%      4.73 GF/s  setup=0.000 s
fftw1d_custom_soa        L=32  B=512   m=1000  inner=1      min=     0.067 us/xform  median=     0.067  sd=  0.13%     12.03 GF/s  setup=0.000 s
fftw1d_custom_soa        L=32  B=512   m=1000  inner=1      min=     0.066 us/xform  median=     0.066  sd=  0.10%     12.04 GF/s  setup=0.000 s
fftw1d_custom_soa        L=32  B=512   m=1000  inner=1      min=     0.067 us/xform  median=     0.067  sd=  0.10%     12.02 GF/s  setup=0.000 s
fftw1d_custom_soa        L=32  B=512   m=2     inner=6      min=     0.163 us/xform  median=     0.163  sd=  0.00%      4.90 GF/s  setup=0.000 s
fftw1d_estimate          L=32  B=512   m=1000  inner=1      min=     0.186 us/xform  median=     0.187  sd=  0.17%      4.30 GF/s  setup=0.001 s
fftw1d_estimate          L=32  B=512   m=1000  inner=1      min=     0.187 us/xform  median=     0.187  sd=  0.10%      4.29 GF/s  setup=0.001 s
fftw1d_estimate          L=32  B=512   m=1000  inner=1      min=     0.186 us/xform  median=     0.211  sd=  6.41%      4.31 GF/s  setup=0.001 s
fftw1d_estimate          L=32  B=512   m=2     inner=8      min=     0.221 us/xform  median=     0.221  sd=  0.00%      3.62 GF/s  setup=0.001 s
fftw1d_measure           L=32  B=512   m=1000  inner=1      min=     0.140 us/xform  median=     0.140  sd=  0.02%      5.72 GF/s  setup=0.010 s
fftw1d_measure           L=32  B=512   m=1000  inner=1      min=     0.122 us/xform  median=     0.122  sd=  0.01%      6.54 GF/s  setup=0.010 s
fftw1d_measure           L=32  B=512   m=1000  inner=1      min=     0.122 us/xform  median=     0.122  sd=  0.01%      6.53 GF/s  setup=0.010 s
fftw1d_measure           L=32  B=512   m=2     inner=12     min=     0.149 us/xform  median=     0.149  sd=  0.00%      5.38 GF/s  setup=0.010 s
fftw1d_patient           L=32  B=512   m=1000  inner=1      min=     0.122 us/xform  median=     0.122  sd=  2.60%      6.54 GF/s  setup=0.061 s
fftw1d_patient           L=32  B=512   m=1000  inner=1      min=     0.138 us/xform  median=     0.138  sd=  0.01%      5.78 GF/s  setup=0.063 s
fftw1d_patient           L=32  B=512   m=1000  inner=1      min=     0.124 us/xform  median=     0.124  sd=  0.00%      6.46 GF/s  setup=0.060 s
fftw1d_patient           L=32  B=512   m=2     inner=12     min=     0.148 us/xform  median=     0.148  sd=  0.00%      5.42 GF/s  setup=0.066 s
mkl1d_dfti               L=32  B=512   m=1000  inner=1      min=     0.129 us/xform  median=     0.129  sd=  0.02%      6.19 GF/s  setup=0.003 s
mkl1d_dfti               L=32  B=512   m=1000  inner=1      min=     0.112 us/xform  median=     0.112  sd=  0.00%      7.13 GF/s  setup=0.002 s
mkl1d_dfti               L=32  B=512   m=1000  inner=1      min=     0.112 us/xform  median=     0.112  sd=  0.00%      7.13 GF/s  setup=0.001 s
mkl1d_dfti               L=32  B=512   m=2     inner=12     min=     0.138 us/xform  median=     0.138  sd=  0.00%      5.81 GF/s  setup=0.002 s
baseline_dft             L=60  B=1     m=1     inner=6032   min=     6.192 us/xform  median=     6.193  sd=  0.82%      0.29 GF/s  setup=0.000 s
baseline_dft             L=60  B=1     m=1     inner=2644   min=     7.472 us/xform  median=     7.472  sd=  0.08%      0.24 GF/s  setup=0.000 s
baseline_dft             L=60  B=1     m=1     inner=4204   min=     7.472 us/xform  median=     7.472  sd=  0.01%      0.24 GF/s  setup=0.000 s
baseline_dft             L=60  B=1     m=1     inner=5246   min=     7.471 us/xform  median=     7.472  sd=  0.00%      0.24 GF/s  setup=0.000 s
baseline_dft             L=60  B=1     m=1     inner=3996   min=     7.472 us/xform  median=     7.472  sd=  0.01%      0.24 GF/s  setup=0.000 s
baseline_dft             L=60  B=1     m=1     inner=4024   min=     7.472 us/xform  median=     7.473  sd=  0.01%      0.24 GF/s  setup=0.000 s
baseline_dft             L=60  B=1     m=1     inner=5248   min=     7.472 us/xform  median=     7.473  sd=  0.02%      0.24 GF/s  setup=0.000 s
baseline_dft             L=60  B=1     m=1     inner=3988   min=     7.472 us/xform  median=     7.472  sd=  0.02%      0.24 GF/s  setup=0.000 s
baseline_dft             L=60  B=1     m=1     inner=3982   min=     7.472 us/xform  median=     7.472  sd=  0.01%      0.24 GF/s  setup=0.000 s
d1_batchlane             L=60  B=1     m=1     inner=886712 min=     0.045 us/xform  median=     0.045  sd=  0.02%     39.48 GF/s  setup=0.000 s
d1_batchlane             L=60  B=1     m=1     inner=426316 min=     0.047 us/xform  median=     0.047  sd=  0.02%     37.91 GF/s  setup=0.000 s
d1_batchlane             L=60  B=1     m=1     inner=609074 min=     0.051 us/xform  median=     0.051  sd=  0.03%     34.69 GF/s  setup=0.000 s
d1_batchlane             L=60  B=1     m=1     inner=616182 min=     0.051 us/xform  median=     0.051  sd=  0.01%     34.68 GF/s  setup=0.000 s
d1_batchlane             L=60  B=1     m=1     inner=387849 min=     0.051 us/xform  median=     0.051  sd=  0.37%     34.49 GF/s  setup=0.000 s
d1_batchlane             L=60  B=1     m=1     inner=302245 min=     0.051 us/xform  median=     0.051  sd=  0.09%     34.68 GF/s  setup=0.000 s
d1_batchlane             L=60  B=1     m=1     inner=611134 min=     0.053 us/xform  median=     0.053  sd=  0.02%     33.31 GF/s  setup=0.000 s
d1_batchlane             L=60  B=1     m=1     inner=363139 min=     0.055 us/xform  median=     0.055  sd=  0.12%     32.31 GF/s  setup=0.000 s
d1_batchlane             L=60  B=1     m=1     inner=615882 min=     0.051 us/xform  median=     0.051  sd=  0.03%     34.69 GF/s  setup=0.000 s
d1_bluestein             L=60  B=1     m=1     inner=88622  min=     0.225 us/xform  median=     0.225  sd=  0.05%      7.89 GF/s  setup=0.001 s
d1_bluestein             L=60  B=1     m=1     inner=130124 min=     0.251 us/xform  median=     0.251  sd=  0.05%      7.06 GF/s  setup=0.001 s
d1_bluestein             L=60  B=1     m=1     inner=126372 min=     0.247 us/xform  median=     0.247  sd=  0.05%      7.17 GF/s  setup=0.001 s
d1_bluestein             L=60  B=1     m=1     inner=140072 min=     0.226 us/xform  median=     0.226  sd=  0.09%      7.84 GF/s  setup=0.001 s
d1_bluestein             L=60  B=1     m=1     inner=181894 min=     0.219 us/xform  median=     0.219  sd=  0.08%      8.09 GF/s  setup=0.001 s
d1_bluestein             L=60  B=1     m=1     inner=176288 min=     0.226 us/xform  median=     0.226  sd=  0.06%      7.84 GF/s  setup=0.001 s
d1_bluestein             L=60  B=1     m=1     inner=166244 min=     0.210 us/xform  median=     0.211  sd=  0.06%      8.43 GF/s  setup=0.001 s
d1_bluestein             L=60  B=1     m=1     inner=140548 min=     0.219 us/xform  median=     0.220  sd=  0.08%      8.08 GF/s  setup=0.001 s
d1_bluestein             L=60  B=1     m=1     inner=148154 min=     0.192 us/xform  median=     0.193  sd=  0.10%      9.21 GF/s  setup=0.001 s
d1_composite             L=60  B=1     m=1     inner=964672 min=     0.041 us/xform  median=     0.041  sd=  0.02%     42.90 GF/s  setup=0.000 s
d1_composite             L=60  B=1     m=1     inner=664978 min=     0.047 us/xform  median=     0.047  sd=  0.04%     37.69 GF/s  setup=0.000 s
d1_composite             L=60  B=1     m=1     inner=636914 min=     0.043 us/xform  median=     0.043  sd=  0.02%     41.27 GF/s  setup=0.000 s
d1_composite             L=60  B=1     m=1     inner=585140 min=     0.047 us/xform  median=     0.047  sd=  0.05%     37.73 GF/s  setup=0.000 s
d1_composite             L=60  B=1     m=1     inner=686760 min=     0.041 us/xform  median=     0.041  sd=  0.05%     42.92 GF/s  setup=0.000 s
d1_composite             L=60  B=1     m=1     inner=478402 min=     0.042 us/xform  median=     0.042  sd=  0.07%     42.45 GF/s  setup=0.000 s
d1_composite             L=60  B=1     m=1     inner=922726 min=     0.043 us/xform  median=     0.043  sd=  0.02%     41.01 GF/s  setup=0.000 s
d1_composite             L=60  B=1     m=1     inner=625638 min=     0.049 us/xform  median=     0.049  sd=  0.03%     35.94 GF/s  setup=0.000 s
d1_composite             L=60  B=1     m=1     inner=681214 min=     0.041 us/xform  median=     0.041  sd=  0.06%     42.92 GF/s  setup=0.000 s
d1_planner               L=60  B=1     m=1     inner=606926 min=     0.052 us/xform  median=     0.052  sd=  0.03%     33.87 GF/s  setup=0.000 s
d1_planner               L=60  B=1     m=1     inner=635004 min=     0.049 us/xform  median=     0.049  sd=  0.03%     36.16 GF/s  setup=0.000 s
d1_planner               L=60  B=1     m=1     inner=642180 min=     0.046 us/xform  median=     0.046  sd=  0.03%     38.54 GF/s  setup=0.000 s
d1_planner               L=60  B=1     m=1     inner=606174 min=     0.053 us/xform  median=     0.053  sd=  0.02%     33.52 GF/s  setup=0.000 s
d1_planner               L=60  B=1     m=1     inner=591186 min=     0.047 us/xform  median=     0.047  sd=  0.02%     37.46 GF/s  setup=0.000 s
d1_planner               L=60  B=1     m=1     inner=654016 min=     0.049 us/xform  median=     0.049  sd=  0.04%     36.35 GF/s  setup=0.000 s
d1_planner               L=60  B=1     m=1     inner=620760 min=     0.045 us/xform  median=     0.045  sd=  0.04%     39.46 GF/s  setup=0.000 s
d1_planner               L=60  B=1     m=1     inner=447651 min=     0.045 us/xform  median=     0.045  sd=  0.02%     39.73 GF/s  setup=0.000 s
d1_planner               L=60  B=1     m=1     inner=880142 min=     0.045 us/xform  median=     0.045  sd=  0.02%     39.11 GF/s  setup=0.000 s
d1_race                  L=60  B=1     m=1     inner=802390 min=     0.042 us/xform  median=     0.042  sd=  0.06%     42.35 GF/s  setup=0.060 s
d1_race                  L=60  B=1     m=1     inner=460753 min=     0.043 us/xform  median=     0.043  sd=  0.04%     40.91 GF/s  setup=0.005 s
d1_race                  L=60  B=1     m=1     inner=959998 min=     0.042 us/xform  median=     0.042  sd=  0.06%     42.65 GF/s  setup=0.006 s
d1_race                  L=60  B=1     m=1     inner=460348 min=     0.043 us/xform  median=     0.043  sd=  0.06%     40.84 GF/s  setup=0.006 s
d1_race                  L=60  B=1     m=1     inner=480863 min=     0.042 us/xform  median=     0.042  sd=  0.05%     42.66 GF/s  setup=0.007 s
d1_race                  L=60  B=1     m=1     inner=842856 min=     0.047 us/xform  median=     0.047  sd=  0.04%     37.48 GF/s  setup=0.012 s
d1_race                  L=60  B=1     m=1     inner=640622 min=     0.043 us/xform  median=     0.044  sd=  0.04%     40.75 GF/s  setup=0.008 s
d1_race                  L=60  B=1     m=1     inner=459509 min=     0.043 us/xform  median=     0.043  sd=  0.03%     40.77 GF/s  setup=0.006 s
d1_race                  L=60  B=1     m=1     inner=947150 min=     0.042 us/xform  median=     0.042  sd=  0.03%     42.24 GF/s  setup=0.006 s
d1_twiddle               L=60  B=1     m=1     inner=255218 min=     0.078 us/xform  median=     0.078  sd=  0.19%     22.81 GF/s  setup=0.000 s
d1_twiddle               L=60  B=1     m=1     inner=364378 min=     0.084 us/xform  median=     0.084  sd=  0.09%     21.11 GF/s  setup=0.000 s
d1_twiddle               L=60  B=1     m=1     inner=390542 min=     0.080 us/xform  median=     0.081  sd=  0.18%     22.05 GF/s  setup=0.000 s
d1_twiddle               L=60  B=1     m=1     inner=520796 min=     0.076 us/xform  median=     0.076  sd=  0.16%     23.28 GF/s  setup=0.000 s
d1_twiddle               L=60  B=1     m=1     inner=399838 min=     0.076 us/xform  median=     0.076  sd=  0.26%     23.29 GF/s  setup=0.000 s
d1_twiddle               L=60  B=1     m=1     inner=379936 min=     0.083 us/xform  median=     0.083  sd=  0.13%     21.38 GF/s  setup=0.000 s
d1_twiddle               L=60  B=1     m=1     inner=500834 min=     0.079 us/xform  median=     0.079  sd=  0.16%     22.51 GF/s  setup=0.000 s
d1_twiddle               L=60  B=1     m=1     inner=508222 min=     0.069 us/xform  median=     0.078  sd=  4.87%     25.77 GF/s  setup=0.000 s
d1_twiddle               L=60  B=1     m=1     inner=375590 min=     0.084 us/xform  median=     0.084  sd=  0.29%     21.16 GF/s  setup=0.000 s
fftw1d_custom            L=60  B=1     m=1     inner=86942  min=     0.278 us/xform  median=     0.280  sd=  0.44%      6.38 GF/s  setup=0.000 s
fftw1d_custom            L=60  B=1     m=1     inner=110268 min=     0.279 us/xform  median=     0.281  sd=  0.21%      6.34 GF/s  setup=0.000 s
fftw1d_custom            L=60  B=1     m=1     inner=99998  min=     0.279 us/xform  median=     0.280  sd=  0.68%      6.35 GF/s  setup=0.000 s
fftw1d_custom            L=60  B=1     m=1     inner=93674  min=     0.232 us/xform  median=     0.279  sd=  9.24%      7.65 GF/s  setup=0.000 s
fftw1d_custom            L=60  B=1     m=1     inner=83478  min=     0.230 us/xform  median=     0.233  sd=  1.12%      7.70 GF/s  setup=0.000 s
fftw1d_custom            L=60  B=1     m=1     inner=70582  min=     0.275 us/xform  median=     0.279  sd=  0.58%      6.45 GF/s  setup=0.000 s
fftw1d_custom            L=60  B=1     m=1     inner=87384  min=     0.277 us/xform  median=     0.278  sd=  0.29%      6.39 GF/s  setup=0.000 s
fftw1d_custom            L=60  B=1     m=1     inner=88100  min=     0.230 us/xform  median=     0.232  sd=  0.86%      7.69 GF/s  setup=0.000 s
fftw1d_custom            L=60  B=1     m=1     inner=80204  min=     0.231 us/xform  median=     0.233  sd=  1.07%      7.67 GF/s  setup=0.000 s
fftw1d_estimate          L=60  B=1     m=1     inner=407422 min=     0.095 us/xform  median=     0.095  sd=  0.09%     18.75 GF/s  setup=0.001 s
fftw1d_estimate          L=60  B=1     m=1     inner=414356 min=     0.096 us/xform  median=     0.096  sd=  0.04%     18.45 GF/s  setup=0.001 s
fftw1d_estimate          L=60  B=1     m=1     inner=323132 min=     0.086 us/xform  median=     0.086  sd=  0.10%     20.68 GF/s  setup=0.001 s
fftw1d_estimate          L=60  B=1     m=1     inner=341106 min=     0.095 us/xform  median=     0.095  sd=  0.14%     18.74 GF/s  setup=0.001 s
fftw1d_estimate          L=60  B=1     m=1     inner=208734 min=     0.095 us/xform  median=     0.096  sd=  0.14%     18.59 GF/s  setup=0.001 s
fftw1d_estimate          L=60  B=1     m=1     inner=333462 min=     0.096 us/xform  median=     0.096  sd=  0.09%     18.45 GF/s  setup=0.001 s
fftw1d_estimate          L=60  B=1     m=1     inner=337078 min=     0.095 us/xform  median=     0.095  sd=  0.14%     18.75 GF/s  setup=0.001 s
fftw1d_estimate          L=60  B=1     m=1     inner=336844 min=     0.096 us/xform  median=     0.096  sd=  0.08%     18.50 GF/s  setup=0.001 s
fftw1d_estimate          L=60  B=1     m=1     inner=418504 min=     0.095 us/xform  median=     0.095  sd=  0.12%     18.73 GF/s  setup=0.001 s
fftw1d_measure           L=60  B=1     m=1     inner=569568 min=     0.070 us/xform  median=     0.070  sd=  0.16%     25.45 GF/s  setup=0.046 s
fftw1d_measure           L=60  B=1     m=1     inner=470008 min=     0.084 us/xform  median=     0.085  sd=  0.32%     21.00 GF/s  setup=0.047 s
fftw1d_measure           L=60  B=1     m=1     inner=242433 min=     0.082 us/xform  median=     0.083  sd=  0.16%     21.52 GF/s  setup=0.047 s
fftw1d_measure           L=60  B=1     m=1     inner=243810 min=     0.082 us/xform  median=     0.082  sd=  0.37%     21.73 GF/s  setup=0.047 s
fftw1d_measure           L=60  B=1     m=1     inner=230303 min=     0.086 us/xform  median=     0.087  sd=  0.24%     20.55 GF/s  setup=0.047 s
fftw1d_measure           L=60  B=1     m=1     inner=527364 min=     0.074 us/xform  median=     0.075  sd=  0.40%     23.81 GF/s  setup=0.047 s
fftw1d_measure           L=60  B=1     m=1     inner=636942 min=     0.062 us/xform  median=     0.062  sd=  0.17%     28.55 GF/s  setup=0.045 s
fftw1d_measure           L=60  B=1     m=1     inner=307946 min=     0.064 us/xform  median=     0.065  sd=  0.50%     27.57 GF/s  setup=0.045 s
fftw1d_measure           L=60  B=1     m=1     inner=617924 min=     0.064 us/xform  median=     0.064  sd=  0.05%     27.56 GF/s  setup=0.046 s
fftw1d_patient           L=60  B=1     m=1     inner=572476 min=     0.069 us/xform  median=     0.070  sd=  0.12%     25.53 GF/s  setup=0.128 s
fftw1d_patient           L=60  B=1     m=1     inner=498740 min=     0.080 us/xform  median=     0.080  sd=  0.18%     22.28 GF/s  setup=0.129 s
fftw1d_patient           L=60  B=1     m=1     inner=500478 min=     0.079 us/xform  median=     0.080  sd=  0.44%     22.33 GF/s  setup=0.129 s
fftw1d_patient           L=60  B=1     m=1     inner=560800 min=     0.071 us/xform  median=     0.071  sd=  0.02%     24.96 GF/s  setup=0.129 s
fftw1d_patient           L=60  B=1     m=1     inner=514620 min=     0.077 us/xform  median=     0.077  sd=  0.22%     23.11 GF/s  setup=0.129 s
fftw1d_patient           L=60  B=1     m=1     inner=522400 min=     0.076 us/xform  median=     0.076  sd=  0.26%     23.31 GF/s  setup=0.129 s
fftw1d_patient           L=60  B=1     m=1     inner=262716 min=     0.076 us/xform  median=     0.076  sd=  0.33%     23.38 GF/s  setup=0.129 s
fftw1d_patient           L=60  B=1     m=1     inner=541212 min=     0.073 us/xform  median=     0.073  sd=  0.05%     24.22 GF/s  setup=0.129 s
fftw1d_patient           L=60  B=1     m=1     inner=482176 min=     0.073 us/xform  median=     0.083  sd=  3.53%     24.41 GF/s  setup=0.128 s
mkl1d_dfti               L=60  B=1     m=1     inner=351365 min=     0.054 us/xform  median=     0.054  sd=  2.03%     33.10 GF/s  setup=0.002 s
mkl1d_dfti               L=60  B=1     m=1     inner=520228 min=     0.061 us/xform  median=     0.061  sd=  0.24%     29.15 GF/s  setup=0.002 s
mkl1d_dfti               L=60  B=1     m=1     inner=505432 min=     0.063 us/xform  median=     0.063  sd=  0.26%     28.27 GF/s  setup=0.002 s
mkl1d_dfti               L=60  B=1     m=1     inner=515234 min=     0.061 us/xform  median=     0.061  sd=  0.25%     29.13 GF/s  setup=0.002 s
mkl1d_dfti               L=60  B=1     m=1     inner=513138 min=     0.062 us/xform  median=     0.062  sd=  0.20%     28.73 GF/s  setup=0.002 s
mkl1d_dfti               L=60  B=1     m=1     inner=643378 min=     0.062 us/xform  median=     0.062  sd=  0.22%     28.79 GF/s  setup=0.002 s
mkl1d_dfti               L=60  B=1     m=1     inner=250393 min=     0.063 us/xform  median=     0.063  sd=  0.33%     28.05 GF/s  setup=0.002 s
mkl1d_dfti               L=60  B=1     m=1     inner=502360 min=     0.066 us/xform  median=     0.067  sd=  0.19%     26.66 GF/s  setup=0.002 s
mkl1d_dfti               L=60  B=1     m=1     inner=513114 min=     0.062 us/xform  median=     0.062  sd=  0.21%     28.55 GF/s  setup=0.002 s
baseline_dft             L=60  B=512   m=1     inner=10     min=     7.461 us/xform  median=     7.462  sd=  0.01%      0.24 GF/s  setup=0.000 s
baseline_dft             L=60  B=512   m=1     inner=8      min=     7.459 us/xform  median=     7.612  sd=  1.18%      0.24 GF/s  setup=0.000 s
baseline_dft             L=60  B=512   m=1     inner=10     min=     7.459 us/xform  median=     7.459  sd=  0.02%      0.24 GF/s  setup=0.000 s
baseline_dft             L=60  B=512   m=1     inner=10     min=     7.458 us/xform  median=     7.459  sd=  0.21%      0.24 GF/s  setup=0.000 s
baseline_dft             L=60  B=512   m=1     inner=10     min=     7.459 us/xform  median=     7.459  sd=  0.62%      0.24 GF/s  setup=0.000 s
baseline_dft             L=60  B=512   m=1     inner=5      min=     7.609 us/xform  median=     7.613  sd=  0.08%      0.23 GF/s  setup=0.000 s
baseline_dft             L=60  B=512   m=1     inner=10     min=     7.610 us/xform  median=     7.617  sd=  0.06%      0.23 GF/s  setup=0.000 s
baseline_dft             L=60  B=512   m=1     inner=10     min=     7.458 us/xform  median=     7.459  sd=  0.61%      0.24 GF/s  setup=0.000 s
baseline_dft             L=60  B=512   m=1     inner=10     min=     7.459 us/xform  median=     7.460  sd=  0.02%      0.24 GF/s  setup=0.000 s
d1_batchlane             L=60  B=512   m=1     inner=1118   min=     0.069 us/xform  median=     0.069  sd=  0.06%     25.73 GF/s  setup=0.000 s
d1_batchlane             L=60  B=512   m=1     inner=555    min=     0.070 us/xform  median=     0.070  sd=  0.15%     25.29 GF/s  setup=0.000 s
d1_batchlane             L=60  B=512   m=1     inner=926    min=     0.065 us/xform  median=     0.065  sd=  0.09%     27.34 GF/s  setup=0.000 s
d1_batchlane             L=60  B=512   m=1     inner=974    min=     0.065 us/xform  median=     0.065  sd=  0.05%     27.26 GF/s  setup=0.000 s
d1_batchlane             L=60  B=512   m=1     inner=962    min=     0.067 us/xform  median=     0.068  sd=  0.28%     26.25 GF/s  setup=0.000 s
d1_batchlane             L=60  B=512   m=1     inner=1086   min=     0.057 us/xform  median=     0.057  sd=  0.07%     31.31 GF/s  setup=0.000 s
d1_batchlane             L=60  B=512   m=1     inner=1374   min=     0.056 us/xform  median=     0.056  sd=  0.04%     31.40 GF/s  setup=0.000 s
d1_batchlane             L=60  B=512   m=1     inner=635    min=     0.061 us/xform  median=     0.061  sd=  0.12%     28.90 GF/s  setup=0.000 s
d1_batchlane             L=60  B=512   m=1     inner=864    min=     0.072 us/xform  median=     0.073  sd=  0.26%     24.45 GF/s  setup=0.000 s
d1_bluestein             L=60  B=512   m=1     inner=344    min=     0.221 us/xform  median=     0.221  sd=  0.11%      8.02 GF/s  setup=0.001 s
d1_bluestein             L=60  B=512   m=1     inner=280    min=     0.224 us/xform  median=     0.224  sd=  0.06%      7.92 GF/s  setup=0.001 s
d1_bluestein             L=60  B=512   m=1     inner=175    min=     0.222 us/xform  median=     0.223  sd=  0.16%      7.97 GF/s  setup=0.001 s
d1_bluestein             L=60  B=512   m=1     inner=282    min=     0.219 us/xform  median=     0.219  sd=  0.06%      8.10 GF/s  setup=0.001 s
d1_bluestein             L=60  B=512   m=1     inner=280    min=     0.220 us/xform  median=     0.221  sd=  0.11%      8.04 GF/s  setup=0.001 s
d1_bluestein             L=60  B=512   m=1     inner=280    min=     0.278 us/xform  median=     0.278  sd=  0.03%      6.38 GF/s  setup=0.001 s
d1_bluestein             L=60  B=512   m=1     inner=284    min=     0.217 us/xform  median=     0.217  sd=  0.07%      8.18 GF/s  setup=0.001 s
d1_bluestein             L=60  B=512   m=1     inner=284    min=     0.220 us/xform  median=     0.220  sd=  0.07%      8.06 GF/s  setup=0.001 s
d1_bluestein             L=60  B=512   m=1     inner=248    min=     0.241 us/xform  median=     0.250  sd=  1.61%      7.36 GF/s  setup=0.001 s
d1_composite             L=60  B=512   m=1     inner=1530   min=     0.050 us/xform  median=     0.050  sd=  0.06%     35.14 GF/s  setup=0.000 s
d1_composite             L=60  B=512   m=1     inner=1100   min=     0.053 us/xform  median=     0.053  sd=  0.04%     33.28 GF/s  setup=0.000 s
d1_composite             L=60  B=512   m=1     inner=1530   min=     0.051 us/xform  median=     0.051  sd=  0.02%     35.09 GF/s  setup=0.000 s
d1_composite             L=60  B=512   m=1     inner=1118   min=     0.054 us/xform  median=     0.054  sd=  0.06%     32.88 GF/s  setup=0.000 s
d1_composite             L=60  B=512   m=1     inner=1150   min=     0.054 us/xform  median=     0.054  sd=  0.06%     32.89 GF/s  setup=0.000 s
d1_composite             L=60  B=512   m=1     inner=1478   min=     0.052 us/xform  median=     0.052  sd=  0.04%     34.11 GF/s  setup=0.000 s
d1_composite             L=60  B=512   m=1     inner=729    min=     0.054 us/xform  median=     0.054  sd=  0.10%     33.08 GF/s  setup=0.000 s
d1_composite             L=60  B=512   m=1     inner=1162   min=     0.051 us/xform  median=     0.051  sd=  0.03%     35.06 GF/s  setup=0.000 s
d1_composite             L=60  B=512   m=1     inner=1130   min=     0.056 us/xform  median=     0.056  sd=  0.07%     31.80 GF/s  setup=0.000 s
d1_planner               L=60  B=512   m=1     inner=1544   min=     0.050 us/xform  median=     0.050  sd=  0.05%     35.14 GF/s  setup=0.000 s
d1_planner               L=60  B=512   m=1     inner=1470   min=     0.052 us/xform  median=     0.052  sd=  0.04%     33.84 GF/s  setup=0.000 s
d1_planner               L=60  B=512   m=1     inner=1072   min=     0.055 us/xform  median=     0.055  sd=  0.07%     32.51 GF/s  setup=0.000 s
d1_planner               L=60  B=512   m=1     inner=1460   min=     0.053 us/xform  median=     0.053  sd=  0.06%     33.49 GF/s  setup=0.000 s
d1_planner               L=60  B=512   m=1     inner=1048   min=     0.058 us/xform  median=     0.058  sd=  0.03%     30.32 GF/s  setup=0.000 s
d1_planner               L=60  B=512   m=1     inner=1198   min=     0.051 us/xform  median=     0.051  sd=  0.05%     34.89 GF/s  setup=0.000 s
d1_planner               L=60  B=512   m=1     inner=1046   min=     0.059 us/xform  median=     0.059  sd=  0.04%     29.82 GF/s  setup=0.000 s
d1_planner               L=60  B=512   m=1     inner=1140   min=     0.052 us/xform  median=     0.052  sd=  0.04%     33.93 GF/s  setup=0.000 s
d1_planner               L=60  B=512   m=1     inner=1074   min=     0.059 us/xform  median=     0.060  sd=  0.06%     29.79 GF/s  setup=0.000 s
d1_race                  L=60  B=512   m=1     inner=1532   min=     0.044 us/xform  median=     0.044  sd=  0.03%     39.92 GF/s  setup=0.899 s
d1_race                  L=60  B=512   m=1     inner=1466   min=     0.054 us/xform  median=     0.058  sd=  2.64%     33.05 GF/s  setup=0.011 s
d1_race                  L=60  B=512   m=1     inner=1090   min=     0.056 us/xform  median=     0.056  sd=  0.06%     31.89 GF/s  setup=0.012 s
d1_race                  L=60  B=512   m=1     inner=1172   min=     0.051 us/xform  median=     0.051  sd=  0.08%     35.04 GF/s  setup=0.011 s
d1_race                  L=60  B=512   m=1     inner=1124   min=     0.056 us/xform  median=     0.056  sd=  0.05%     31.39 GF/s  setup=0.013 s
d1_race                  L=60  B=512   m=1     inner=726    min=     0.053 us/xform  median=     0.053  sd=  0.29%     33.64 GF/s  setup=0.009 s
d1_race                  L=60  B=512   m=1     inner=1110   min=     0.057 us/xform  median=     0.057  sd=  0.05%     30.88 GF/s  setup=0.012 s
d1_race                  L=60  B=512   m=1     inner=1148   min=     0.054 us/xform  median=     0.054  sd=  0.07%     33.04 GF/s  setup=0.008 s
d1_race                  L=60  B=512   m=1     inner=1144   min=     0.051 us/xform  median=     0.051  sd=  0.03%     35.05 GF/s  setup=0.010 s
d1_twiddle               L=60  B=512   m=1     inner=914    min=     0.084 us/xform  median=     0.087  sd=  1.61%     21.06 GF/s  setup=0.000 s
d1_twiddle               L=60  B=512   m=1     inner=696    min=     0.090 us/xform  median=     0.090  sd=  0.11%     19.76 GF/s  setup=0.000 s
d1_twiddle               L=60  B=512   m=1     inner=714    min=     0.088 us/xform  median=     0.088  sd=  0.10%     20.22 GF/s  setup=0.000 s
d1_twiddle               L=60  B=512   m=1     inner=858    min=     0.089 us/xform  median=     0.089  sd=  0.13%     19.86 GF/s  setup=0.000 s
d1_twiddle               L=60  B=512   m=1     inner=441    min=     0.088 us/xform  median=     0.089  sd=  0.18%     20.05 GF/s  setup=0.000 s
d1_twiddle               L=60  B=512   m=1     inner=694    min=     0.086 us/xform  median=     0.087  sd=  0.12%     20.50 GF/s  setup=0.000 s
d1_twiddle               L=60  B=512   m=1     inner=700    min=     0.090 us/xform  median=     0.091  sd=  0.08%     19.59 GF/s  setup=0.000 s
d1_twiddle               L=60  B=512   m=1     inner=708    min=     0.088 us/xform  median=     0.089  sd=  0.47%     20.05 GF/s  setup=0.000 s
d1_twiddle               L=60  B=512   m=1     inner=732    min=     0.086 us/xform  median=     0.086  sd=  0.14%     20.62 GF/s  setup=0.000 s
fftw1d_custom            L=60  B=512   m=1     inner=210    min=     0.325 us/xform  median=     0.325  sd=  0.12%      5.46 GF/s  setup=0.000 s
fftw1d_custom            L=60  B=512   m=1     inner=186    min=     0.309 us/xform  median=     0.309  sd=  0.05%      5.74 GF/s  setup=0.000 s
fftw1d_custom            L=60  B=512   m=1     inner=244    min=     0.304 us/xform  median=     0.304  sd=  0.23%      5.83 GF/s  setup=0.000 s
fftw1d_custom            L=60  B=512   m=1     inner=212    min=     0.360 us/xform  median=     0.379  sd=  1.47%      4.93 GF/s  setup=0.000 s
fftw1d_custom            L=60  B=512   m=1     inner=204    min=     0.375 us/xform  median=     0.376  sd=  0.04%      4.72 GF/s  setup=0.000 s
fftw1d_custom            L=60  B=512   m=1     inner=176    min=     0.306 us/xform  median=     0.306  sd=  0.89%      5.80 GF/s  setup=0.000 s
fftw1d_custom            L=60  B=512   m=1     inner=248    min=     0.306 us/xform  median=     0.306  sd=  0.50%      5.80 GF/s  setup=0.000 s
fftw1d_custom            L=60  B=512   m=1     inner=248    min=     0.303 us/xform  median=     0.304  sd=  0.06%      5.84 GF/s  setup=0.000 s
fftw1d_custom            L=60  B=512   m=1     inner=200    min=     0.356 us/xform  median=     0.367  sd=  0.83%      4.97 GF/s  setup=0.000 s
fftw1d_custom_soa        L=60  B=512   m=1     inner=230    min=     0.255 us/xform  median=     0.255  sd=  1.43%      6.95 GF/s  setup=0.000 s
fftw1d_custom_soa        L=60  B=512   m=1     inner=222    min=     0.217 us/xform  median=     0.217  sd=  3.19%      8.16 GF/s  setup=0.000 s
fftw1d_custom_soa        L=60  B=512   m=1     inner=292    min=     0.214 us/xform  median=     0.254  sd=  5.79%      8.29 GF/s  setup=0.000 s
fftw1d_custom_soa        L=60  B=512   m=1     inner=288    min=     0.237 us/xform  median=     0.256  sd=  2.12%      7.47 GF/s  setup=0.000 s
fftw1d_custom_soa        L=60  B=512   m=1     inner=246    min=     0.224 us/xform  median=     0.227  sd=  1.25%      7.90 GF/s  setup=0.000 s
fftw1d_custom_soa        L=60  B=512   m=1     inner=282    min=     0.190 us/xform  median=     0.190  sd=  0.08%      9.34 GF/s  setup=0.000 s
fftw1d_custom_soa        L=60  B=512   m=1     inner=402    min=     0.189 us/xform  median=     0.189  sd=  0.01%      9.39 GF/s  setup=0.000 s
fftw1d_custom_soa        L=60  B=512   m=1     inner=410    min=     0.187 us/xform  median=     0.187  sd=  0.06%      9.48 GF/s  setup=0.000 s
fftw1d_custom_soa        L=60  B=512   m=1     inner=400    min=     0.189 us/xform  median=     0.189  sd=  0.02%      9.37 GF/s  setup=0.000 s
fftw1d_estimate          L=60  B=512   m=1     inner=782    min=     0.099 us/xform  median=     0.099  sd=  0.30%     17.94 GF/s  setup=0.001 s
fftw1d_estimate          L=60  B=512   m=1     inner=389    min=     0.100 us/xform  median=     0.100  sd=  0.18%     17.81 GF/s  setup=0.001 s
fftw1d_estimate          L=60  B=512   m=1     inner=586    min=     0.100 us/xform  median=     0.101  sd=  0.12%     17.66 GF/s  setup=0.001 s
fftw1d_estimate          L=60  B=512   m=1     inner=562    min=     0.105 us/xform  median=     0.105  sd=  0.08%     16.95 GF/s  setup=0.001 s
fftw1d_estimate          L=60  B=512   m=1     inner=736    min=     0.105 us/xform  median=     0.105  sd=  0.09%     16.87 GF/s  setup=0.001 s
fftw1d_estimate          L=60  B=512   m=1     inner=600    min=     0.104 us/xform  median=     0.104  sd=  0.26%     17.12 GF/s  setup=0.001 s
fftw1d_estimate          L=60  B=512   m=1     inner=620    min=     0.101 us/xform  median=     0.101  sd=  0.08%     17.60 GF/s  setup=0.001 s
fftw1d_estimate          L=60  B=512   m=1     inner=376    min=     0.104 us/xform  median=     0.104  sd=  0.11%     17.11 GF/s  setup=0.001 s
fftw1d_estimate          L=60  B=512   m=1     inner=606    min=     0.100 us/xform  median=     0.100  sd=  0.15%     17.73 GF/s  setup=0.001 s
fftw1d_measure           L=60  B=512   m=1     inner=902    min=     0.083 us/xform  median=     0.086  sd=  1.77%     21.44 GF/s  setup=0.047 s
fftw1d_measure           L=60  B=512   m=1     inner=736    min=     0.103 us/xform  median=     0.103  sd=  0.07%     17.26 GF/s  setup=0.047 s
fftw1d_measure           L=60  B=512   m=1     inner=652    min=     0.110 us/xform  median=     0.113  sd=  2.81%     16.17 GF/s  setup=0.046 s
fftw1d_measure           L=60  B=512   m=1     inner=369    min=     0.106 us/xform  median=     0.106  sd=  0.09%     16.70 GF/s  setup=0.047 s
fftw1d_measure           L=60  B=512   m=1     inner=760    min=     0.102 us/xform  median=     0.103  sd=  0.08%     17.31 GF/s  setup=0.047 s
fftw1d_measure           L=60  B=512   m=1     inner=750    min=     0.104 us/xform  median=     0.104  sd=  0.11%     17.11 GF/s  setup=0.047 s
fftw1d_measure           L=60  B=512   m=1     inner=368    min=     0.106 us/xform  median=     0.106  sd=  0.16%     16.73 GF/s  setup=0.047 s
fftw1d_measure           L=60  B=512   m=1     inner=728    min=     0.104 us/xform  median=     0.104  sd=  0.07%     17.06 GF/s  setup=0.047 s
fftw1d_measure           L=60  B=512   m=1     inner=760    min=     0.100 us/xform  median=     0.101  sd=  1.00%     17.66 GF/s  setup=0.047 s
fftw1d_patient           L=60  B=512   m=1     inner=1048   min=     0.065 us/xform  median=     0.074  sd=  4.81%     27.20 GF/s  setup=0.436 s
fftw1d_patient           L=60  B=512   m=1     inner=992    min=     0.078 us/xform  median=     0.078  sd=  0.03%     22.73 GF/s  setup=0.440 s
fftw1d_patient           L=60  B=512   m=1     inner=1118   min=     0.070 us/xform  median=     0.070  sd=  0.06%     25.48 GF/s  setup=0.390 s
fftw1d_patient           L=60  B=512   m=1     inner=1202   min=     0.065 us/xform  median=     0.065  sd=  0.04%     27.43 GF/s  setup=0.383 s
fftw1d_patient           L=60  B=512   m=1     inner=1182   min=     0.066 us/xform  median=     0.066  sd=  0.06%     26.94 GF/s  setup=0.383 s
fftw1d_patient           L=60  B=512   m=1     inner=1186   min=     0.065 us/xform  median=     0.065  sd=  0.03%     27.06 GF/s  setup=0.384 s
fftw1d_patient           L=60  B=512   m=1     inner=1198   min=     0.065 us/xform  median=     0.065  sd=  0.02%     27.32 GF/s  setup=0.385 s
fftw1d_patient           L=60  B=512   m=1     inner=1124   min=     0.069 us/xform  median=     0.069  sd=  0.05%     25.65 GF/s  setup=0.390 s
fftw1d_patient           L=60  B=512   m=1     inner=958    min=     0.081 us/xform  median=     0.081  sd=  0.06%     21.89 GF/s  setup=0.440 s
mkl1d_dfti               L=60  B=512   m=1     inner=1500   min=     0.049 us/xform  median=     0.050  sd=  0.29%     35.88 GF/s  setup=0.002 s
mkl1d_dfti               L=60  B=512   m=1     inner=1186   min=     0.054 us/xform  median=     0.054  sd=  0.08%     32.65 GF/s  setup=0.002 s
mkl1d_dfti               L=60  B=512   m=1     inner=1582   min=     0.049 us/xform  median=     0.049  sd=  0.04%     36.01 GF/s  setup=0.001 s
mkl1d_dfti               L=60  B=512   m=1     inner=1166   min=     0.050 us/xform  median=     0.050  sd=  0.05%     35.31 GF/s  setup=0.002 s
mkl1d_dfti               L=60  B=512   m=1     inner=1256   min=     0.052 us/xform  median=     0.052  sd=  0.05%     33.99 GF/s  setup=0.002 s
mkl1d_dfti               L=60  B=512   m=1     inner=1134   min=     0.054 us/xform  median=     0.055  sd=  0.06%     32.52 GF/s  setup=0.002 s
mkl1d_dfti               L=60  B=512   m=1     inner=1156   min=     0.055 us/xform  median=     0.055  sd=  0.05%     32.34 GF/s  setup=0.002 s
mkl1d_dfti               L=60  B=512   m=1     inner=1208   min=     0.051 us/xform  median=     0.051  sd=  0.06%     34.49 GF/s  setup=0.002 s
mkl1d_dfti               L=60  B=512   m=1     inner=1306   min=     0.049 us/xform  median=     0.049  sd=  0.05%     36.05 GF/s  setup=0.002 s
baseline_dft             L=60  B=1     m=60000 inner=1      min=     6.351 us/xform  median=     6.480  sd=  1.03%      0.28 GF/s  setup=0.000 s
baseline_dft             L=60  B=1     m=60000 inner=1      min=     6.351 us/xform  median=     6.351  sd=  0.00%      0.28 GF/s  setup=0.000 s
baseline_dft             L=60  B=1     m=60000 inner=1      min=     6.349 us/xform  median=     6.350  sd=  0.01%      0.28 GF/s  setup=0.000 s
baseline_dft             L=60  B=1     m=2     inner=128    min=     7.667 us/xform  median=     7.667  sd=  0.00%      0.23 GF/s  setup=0.000 s
d1_batchlane             L=60  B=1     m=60000 inner=4      min=     0.138 us/xform  median=     0.138  sd=  0.03%     12.84 GF/s  setup=0.000 s
d1_batchlane             L=60  B=1     m=60000 inner=4      min=     0.146 us/xform  median=     0.146  sd=  0.02%     12.15 GF/s  setup=0.000 s
d1_batchlane             L=60  B=1     m=60000 inner=4      min=     0.137 us/xform  median=     0.137  sd=  0.03%     12.93 GF/s  setup=0.000 s
d1_batchlane             L=60  B=1     m=2     inner=6472   min=     0.152 us/xform  median=     0.152  sd=  0.00%     11.62 GF/s  setup=0.000 s
d1_bluestein             L=60  B=1     m=60000 inner=1      min=     0.442 us/xform  median=     0.442  sd=  0.16%      4.01 GF/s  setup=0.001 s
d1_bluestein             L=60  B=1     m=60000 inner=1      min=     0.430 us/xform  median=     0.430  sd=  0.03%      4.12 GF/s  setup=0.001 s
d1_bluestein             L=60  B=1     m=60000 inner=1      min=     0.420 us/xform  median=     0.420  sd=  0.33%      4.22 GF/s  setup=0.001 s
d1_bluestein             L=60  B=1     m=2     inner=2210   min=     0.439 us/xform  median=     0.439  sd=  0.00%      4.04 GF/s  setup=0.001 s
d1_composite             L=60  B=1     m=60000 inner=4      min=     0.126 us/xform  median=     0.126  sd=  0.04%     14.11 GF/s  setup=0.000 s
d1_composite             L=60  B=1     m=60000 inner=4      min=     0.126 us/xform  median=     0.126  sd=  0.03%     14.11 GF/s  setup=0.000 s
d1_composite             L=60  B=1     m=60000 inner=4      min=     0.126 us/xform  median=     0.126  sd=  0.03%     14.11 GF/s  setup=0.000 s
d1_composite             L=60  B=1     m=2     inner=2484   min=     0.399 us/xform  median=     0.399  sd=  0.00%      4.44 GF/s  setup=0.000 s
d1_planner               L=60  B=1     m=60000 inner=4      min=     0.147 us/xform  median=     0.147  sd=  0.02%     12.07 GF/s  setup=0.000 s
d1_planner               L=60  B=1     m=60000 inner=4      min=     0.150 us/xform  median=     0.150  sd=  0.02%     11.81 GF/s  setup=0.000 s
d1_planner               L=60  B=1     m=60000 inner=4      min=     0.147 us/xform  median=     0.147  sd=  0.01%     12.07 GF/s  setup=0.000 s
d1_planner               L=60  B=1     m=2     inner=6272   min=     0.152 us/xform  median=     0.152  sd=  0.00%     11.66 GF/s  setup=0.000 s
d1_race                  L=60  B=1     m=60000 inner=4      min=     0.125 us/xform  median=     0.125  sd=  0.03%     14.15 GF/s  setup=0.006 s
d1_race                  L=60  B=1     m=60000 inner=4      min=     0.125 us/xform  median=     0.125  sd=  0.18%     14.15 GF/s  setup=0.008 s
d1_race                  L=60  B=1     m=60000 inner=4      min=     0.125 us/xform  median=     0.125  sd=  0.07%     14.15 GF/s  setup=0.010 s
d1_race                  L=60  B=1     m=2     inner=2356   min=     0.397 us/xform  median=     0.397  sd=  0.00%      4.46 GF/s  setup=0.008 s
d1_twiddle               L=60  B=1     m=60000 inner=4      min=     0.165 us/xform  median=     0.165  sd=  0.11%     10.73 GF/s  setup=0.000 s
d1_twiddle               L=60  B=1     m=60000 inner=2      min=     0.167 us/xform  median=     0.167  sd=  0.10%     10.62 GF/s  setup=0.000 s
d1_twiddle               L=60  B=1     m=60000 inner=4      min=     0.164 us/xform  median=     0.164  sd=  0.14%     10.81 GF/s  setup=0.000 s
d1_twiddle               L=60  B=1     m=2     inner=5062   min=     0.178 us/xform  median=     0.178  sd=  0.00%      9.97 GF/s  setup=0.000 s
fftw1d_custom            L=60  B=1     m=60000 inner=2      min=     0.328 us/xform  median=     0.329  sd=  0.06%      5.40 GF/s  setup=0.000 s
fftw1d_custom            L=60  B=1     m=60000 inner=2      min=     0.328 us/xform  median=     0.328  sd=  0.17%      5.41 GF/s  setup=0.000 s
fftw1d_custom            L=60  B=1     m=60000 inner=2      min=     0.328 us/xform  median=     0.328  sd=  0.20%      5.41 GF/s  setup=0.000 s
fftw1d_custom            L=60  B=1     m=2     inner=1698   min=     0.464 us/xform  median=     0.464  sd=  0.00%      3.82 GF/s  setup=0.000 s
fftw1d_estimate          L=60  B=1     m=60000 inner=2      min=     0.286 us/xform  median=     0.286  sd=  0.07%      6.20 GF/s  setup=0.001 s
fftw1d_estimate          L=60  B=1     m=60000 inner=2      min=     0.254 us/xform  median=     0.254  sd=  0.09%      6.98 GF/s  setup=0.001 s
fftw1d_estimate          L=60  B=1     m=60000 inner=2      min=     0.251 us/xform  median=     0.251  sd=  0.05%      7.05 GF/s  setup=0.001 s
fftw1d_estimate          L=60  B=1     m=2     inner=3154   min=     0.291 us/xform  median=     0.291  sd=  0.00%      6.09 GF/s  setup=0.001 s
fftw1d_measure           L=60  B=1     m=60000 inner=2      min=     0.275 us/xform  median=     0.275  sd=  0.05%      6.45 GF/s  setup=0.046 s
fftw1d_measure           L=60  B=1     m=60000 inner=2      min=     0.231 us/xform  median=     0.231  sd=  0.09%      7.67 GF/s  setup=0.047 s
fftw1d_measure           L=60  B=1     m=60000 inner=2      min=     0.242 us/xform  median=     0.242  sd=  0.03%      7.33 GF/s  setup=0.047 s
fftw1d_measure           L=60  B=1     m=2     inner=2168   min=     0.290 us/xform  median=     0.290  sd=  0.00%      6.10 GF/s  setup=0.046 s
fftw1d_patient           L=60  B=1     m=60000 inner=2      min=     0.242 us/xform  median=     0.242  sd=  0.09%      7.34 GF/s  setup=0.126 s
fftw1d_patient           L=60  B=1     m=60000 inner=2      min=     0.241 us/xform  median=     0.242  sd=  0.05%      7.34 GF/s  setup=0.125 s
fftw1d_patient           L=60  B=1     m=60000 inner=2      min=     0.242 us/xform  median=     0.242  sd=  0.09%      7.34 GF/s  setup=0.124 s
fftw1d_patient           L=60  B=1     m=2     inner=3422   min=     0.286 us/xform  median=     0.286  sd=  0.00%      6.20 GF/s  setup=0.128 s
mkl1d_dfti               L=60  B=1     m=60000 inner=2      min=     0.270 us/xform  median=     0.270  sd=  0.03%      6.57 GF/s  setup=0.002 s
mkl1d_dfti               L=60  B=1     m=60000 inner=2      min=     0.270 us/xform  median=     0.270  sd=  0.04%      6.57 GF/s  setup=0.002 s
mkl1d_dfti               L=60  B=1     m=60000 inner=2      min=     0.270 us/xform  median=     0.270  sd=  0.02%      6.57 GF/s  setup=0.002 s
mkl1d_dfti               L=60  B=1     m=2     inner=2386   min=     0.281 us/xform  median=     0.281  sd=  0.00%      6.30 GF/s  setup=0.002 s
baseline_dft             L=60  B=512   m=600   inner=1      min=     6.371 us/xform  median=     6.510  sd=  0.65%      0.28 GF/s  setup=0.000 s
baseline_dft             L=60  B=512   m=600   inner=1      min=     6.508 us/xform  median=     6.510  sd=  0.01%      0.27 GF/s  setup=0.000 s
baseline_dft             L=60  B=512   m=600   inner=1      min=     6.428 us/xform  median=     6.510  sd=  0.37%      0.28 GF/s  setup=0.000 s
baseline_dft             L=60  B=512   m=2     inner=1      min=     7.743 us/xform  median=     7.743  sd=  0.00%      0.23 GF/s  setup=0.000 s
d1_batchlane             L=60  B=512   m=600   inner=1      min=     0.066 us/xform  median=     0.066  sd=  0.01%     27.03 GF/s  setup=0.000 s
d1_batchlane             L=60  B=512   m=600   inner=1      min=     0.066 us/xform  median=     0.066  sd=  0.01%     27.00 GF/s  setup=0.000 s
d1_batchlane             L=60  B=512   m=600   inner=1      min=     0.075 us/xform  median=     0.075  sd=  0.02%     23.73 GF/s  setup=0.000 s
d1_batchlane             L=60  B=512   m=2     inner=12     min=     0.154 us/xform  median=     0.154  sd=  0.00%     11.53 GF/s  setup=0.000 s
d1_bluestein             L=60  B=512   m=600   inner=1      min=     0.374 us/xform  median=     0.433  sd=  7.45%      4.74 GF/s  setup=0.001 s
d1_bluestein             L=60  B=512   m=600   inner=1      min=     0.384 us/xform  median=     0.384  sd=  0.02%      4.62 GF/s  setup=0.001 s
d1_bluestein             L=60  B=512   m=600   inner=1      min=     0.375 us/xform  median=     0.379  sd=  7.70%      4.72 GF/s  setup=0.001 s
d1_bluestein             L=60  B=512   m=2     inner=4      min=     0.422 us/xform  median=     0.422  sd=  0.00%      4.20 GF/s  setup=0.001 s
d1_composite             L=60  B=512   m=600   inner=1      min=     0.068 us/xform  median=     0.072  sd=  2.60%     26.01 GF/s  setup=0.000 s
d1_composite             L=60  B=512   m=600   inner=2      min=     0.058 us/xform  median=     0.058  sd=  0.03%     30.66 GF/s  setup=0.000 s
d1_composite             L=60  B=512   m=600   inner=2      min=     0.060 us/xform  median=     0.061  sd=  0.05%     29.30 GF/s  setup=0.000 s
d1_composite             L=60  B=512   m=2     inner=4      min=     0.317 us/xform  median=     0.317  sd=  0.00%      5.60 GF/s  setup=0.000 s
d1_planner               L=60  B=512   m=600   inner=1      min=     0.147 us/xform  median=     0.147  sd=  0.02%     12.02 GF/s  setup=0.000 s
d1_planner               L=60  B=512   m=600   inner=1      min=     0.147 us/xform  median=     0.147  sd=  0.02%     12.03 GF/s  setup=0.000 s
d1_planner               L=60  B=512   m=600   inner=1      min=     0.148 us/xform  median=     0.148  sd=  0.01%     12.01 GF/s  setup=0.000 s
d1_planner               L=60  B=512   m=2     inner=8      min=     0.211 us/xform  median=     0.211  sd=  0.00%      8.38 GF/s  setup=0.000 s
d1_race                  L=60  B=512   m=600   inner=1      min=     0.075 us/xform  median=     0.075  sd=  0.02%     23.68 GF/s  setup=0.009 s
d1_race                  L=60  B=512   m=600   inner=1      min=     0.075 us/xform  median=     0.075  sd=  0.02%     23.67 GF/s  setup=0.008 s
d1_race                  L=60  B=512   m=600   inner=1      min=     0.075 us/xform  median=     0.075  sd=  0.02%     23.68 GF/s  setup=0.010 s
d1_race                  L=60  B=512   m=2     inner=12     min=     0.141 us/xform  median=     0.141  sd=  0.00%     12.57 GF/s  setup=0.008 s
d1_twiddle               L=60  B=512   m=600   inner=1      min=     0.089 us/xform  median=     0.089  sd=  0.15%     19.94 GF/s  setup=0.000 s
d1_twiddle               L=60  B=512   m=600   inner=1      min=     0.090 us/xform  median=     0.090  sd=  0.14%     19.74 GF/s  setup=0.000 s
d1_twiddle               L=60  B=512   m=600   inner=1      min=     0.090 us/xform  median=     0.090  sd=  0.13%     19.79 GF/s  setup=0.000 s
d1_twiddle               L=60  B=512   m=2     inner=10     min=     0.192 us/xform  median=     0.192  sd=  0.00%      9.25 GF/s  setup=0.000 s
fftw1d_custom            L=60  B=512   m=600   inner=1      min=     0.231 us/xform  median=     0.232  sd= 10.64%      7.66 GF/s  setup=0.000 s
fftw1d_custom            L=60  B=512   m=600   inner=1      min=     0.231 us/xform  median=     0.231  sd=  0.02%      7.66 GF/s  setup=0.000 s
fftw1d_custom            L=60  B=512   m=600   inner=1      min=     0.232 us/xform  median=     0.232  sd=  0.04%      7.64 GF/s  setup=0.000 s
fftw1d_custom            L=60  B=512   m=2     inner=2      min=     0.585 us/xform  median=     0.585  sd=  0.00%      3.03 GF/s  setup=0.000 s
fftw1d_custom_soa        L=60  B=512   m=600   inner=1      min=     0.165 us/xform  median=     0.169  sd=  0.68%     10.71 GF/s  setup=0.000 s
fftw1d_custom_soa        L=60  B=512   m=600   inner=1      min=     0.134 us/xform  median=     0.135  sd=  8.16%     13.18 GF/s  setup=0.000 s
fftw1d_custom_soa        L=60  B=512   m=600   inner=1      min=     0.168 us/xform  median=     0.169  sd=  1.39%     10.57 GF/s  setup=0.000 s
fftw1d_custom_soa        L=60  B=512   m=2     inner=2      min=     0.534 us/xform  median=     0.534  sd=  0.00%      3.32 GF/s  setup=0.000 s
fftw1d_estimate          L=60  B=512   m=600   inner=1      min=     0.270 us/xform  median=     0.270  sd=  0.02%      6.56 GF/s  setup=0.001 s
fftw1d_estimate          L=60  B=512   m=600   inner=1      min=     0.305 us/xform  median=     0.316  sd=  1.00%      5.81 GF/s  setup=0.001 s
fftw1d_estimate          L=60  B=512   m=600   inner=1      min=     0.275 us/xform  median=     0.275  sd=  0.03%      6.44 GF/s  setup=0.001 s
fftw1d_estimate          L=60  B=512   m=2     inner=4      min=     0.352 us/xform  median=     0.352  sd=  0.00%      5.04 GF/s  setup=0.001 s
fftw1d_measure           L=60  B=512   m=600   inner=1      min=     0.253 us/xform  median=     0.253  sd=  4.97%      7.00 GF/s  setup=0.046 s
fftw1d_measure           L=60  B=512   m=600   inner=1      min=     0.257 us/xform  median=     0.257  sd=  0.02%      6.90 GF/s  setup=0.045 s
fftw1d_measure           L=60  B=512   m=600   inner=1      min=     0.274 us/xform  median=     0.321  sd=  7.55%      6.47 GF/s  setup=0.046 s
fftw1d_measure           L=60  B=512   m=2     inner=6      min=     0.304 us/xform  median=     0.304  sd=  0.00%      5.83 GF/s  setup=0.046 s
fftw1d_patient           L=60  B=512   m=600   inner=1      min=     0.253 us/xform  median=     0.253  sd=  0.01%      7.00 GF/s  setup=0.386 s
fftw1d_patient           L=60  B=512   m=600   inner=1      min=     0.251 us/xform  median=     0.251  sd=  0.05%      7.07 GF/s  setup=0.385 s
fftw1d_patient           L=60  B=512   m=600   inner=1      min=     0.253 us/xform  median=     0.253  sd=  0.07%      7.02 GF/s  setup=0.382 s
fftw1d_patient           L=60  B=512   m=2     inner=4      min=     0.357 us/xform  median=     0.357  sd=  0.00%      4.96 GF/s  setup=0.439 s
mkl1d_dfti               L=60  B=512   m=600   inner=1      min=     0.233 us/xform  median=     0.277  sd=  4.84%      7.61 GF/s  setup=0.003 s
mkl1d_dfti               L=60  B=512   m=600   inner=1      min=     0.269 us/xform  median=     0.269  sd=  0.02%      6.59 GF/s  setup=0.002 s
mkl1d_dfti               L=60  B=512   m=600   inner=1      min=     0.227 us/xform  median=     0.227  sd=  0.01%      7.80 GF/s  setup=0.002 s
mkl1d_dfti               L=60  B=512   m=2     inner=6      min=     0.294 us/xform  median=     0.294  sd=  0.00%      6.03 GF/s  setup=0.002 s
baseline_dft             L=64  B=1     m=1     inner=4668   min=     8.498 us/xform  median=     8.499  sd=  0.03%      0.23 GF/s  setup=0.000 s
baseline_dft             L=64  B=1     m=1     inner=4672   min=     8.498 us/xform  median=     8.499  sd=  0.00%      0.23 GF/s  setup=0.000 s
baseline_dft             L=64  B=1     m=1     inner=3702   min=     7.038 us/xform  median=     7.041  sd=  0.11%      0.27 GF/s  setup=0.000 s
baseline_dft             L=64  B=1     m=1     inner=3542   min=     8.499 us/xform  median=     8.510  sd=  0.22%      0.23 GF/s  setup=0.000 s
baseline_dft             L=64  B=1     m=1     inner=3524   min=     8.498 us/xform  median=     8.499  sd=  0.02%      0.23 GF/s  setup=0.000 s
baseline_dft             L=64  B=1     m=1     inner=3544   min=     8.498 us/xform  median=     8.499  sd=  0.06%      0.23 GF/s  setup=0.000 s
baseline_dft             L=64  B=1     m=1     inner=4666   min=     8.500 us/xform  median=     8.501  sd=  0.18%      0.23 GF/s  setup=0.000 s
baseline_dft             L=64  B=1     m=1     inner=4670   min=     8.500 us/xform  median=     8.512  sd=  0.05%      0.23 GF/s  setup=0.000 s
baseline_dft             L=64  B=1     m=1     inner=3680   min=     8.499 us/xform  median=     8.499  sd=  0.01%      0.23 GF/s  setup=0.000 s
d1_batchlane             L=64  B=1     m=1     inner=722468 min=     0.054 us/xform  median=     0.054  sd=  0.36%     35.43 GF/s  setup=0.000 s
d1_batchlane             L=64  B=1     m=1     inner=578572 min=     0.051 us/xform  median=     0.051  sd=  0.51%     37.70 GF/s  setup=0.000 s
d1_batchlane             L=64  B=1     m=1     inner=781744 min=     0.051 us/xform  median=     0.051  sd=  0.53%     37.64 GF/s  setup=0.000 s
d1_batchlane             L=64  B=1     m=1     inner=726988 min=     0.053 us/xform  median=     0.053  sd=  0.27%     36.17 GF/s  setup=0.000 s
d1_batchlane             L=64  B=1     m=1     inner=722606 min=     0.054 us/xform  median=     0.054  sd=  0.16%     35.43 GF/s  setup=0.000 s
d1_batchlane             L=64  B=1     m=1     inner=567346 min=     0.055 us/xform  median=     0.056  sd=  0.25%     34.74 GF/s  setup=0.000 s
d1_batchlane             L=64  B=1     m=1     inner=599760 min=     0.051 us/xform  median=     0.051  sd=  0.41%     37.71 GF/s  setup=0.000 s
d1_batchlane             L=64  B=1     m=1     inner=527966 min=     0.057 us/xform  median=     0.057  sd=  0.36%     33.61 GF/s  setup=0.000 s
d1_batchlane             L=64  B=1     m=1     inner=687194 min=     0.058 us/xform  median=     0.058  sd=  0.18%     33.30 GF/s  setup=0.000 s
d1_bluestein             L=64  B=1     m=1     inner=290638 min=     0.136 us/xform  median=     0.137  sd=  0.21%     14.10 GF/s  setup=0.001 s
d1_bluestein             L=64  B=1     m=1     inner=236086 min=     0.134 us/xform  median=     0.134  sd=  0.06%     14.30 GF/s  setup=0.001 s
d1_bluestein             L=64  B=1     m=1     inner=300128 min=     0.133 us/xform  median=     0.133  sd=  0.01%     14.48 GF/s  setup=0.001 s
d1_bluestein             L=64  B=1     m=1     inner=119775 min=     0.133 us/xform  median=     0.133  sd=  0.06%     14.46 GF/s  setup=0.001 s
d1_bluestein             L=64  B=1     m=1     inner=243692 min=     0.133 us/xform  median=     0.133  sd=  0.01%     14.48 GF/s  setup=0.001 s
d1_bluestein             L=64  B=1     m=1     inner=240350 min=     0.133 us/xform  median=     0.133  sd=  0.02%     14.48 GF/s  setup=0.001 s
d1_bluestein             L=64  B=1     m=1     inner=300180 min=     0.133 us/xform  median=     0.133  sd=  0.02%     14.48 GF/s  setup=0.001 s
d1_bluestein             L=64  B=1     m=1     inner=238188 min=     0.133 us/xform  median=     0.133  sd=  0.02%     14.48 GF/s  setup=0.001 s
d1_bluestein             L=64  B=1     m=1     inner=240284 min=     0.133 us/xform  median=     0.133  sd=  0.02%     14.48 GF/s  setup=0.001 s
d1_planner               L=64  B=1     m=1     inner=537590 min=     0.059 us/xform  median=     0.059  sd=  0.19%     32.76 GF/s  setup=0.000 s
d1_planner               L=64  B=1     m=1     inner=521802 min=     0.059 us/xform  median=     0.059  sd=  0.21%     32.49 GF/s  setup=0.000 s
d1_planner               L=64  B=1     m=1     inner=549050 min=     0.057 us/xform  median=     0.058  sd=  0.22%     33.46 GF/s  setup=0.000 s
d1_planner               L=64  B=1     m=1     inner=505880 min=     0.061 us/xform  median=     0.061  sd=  0.17%     31.57 GF/s  setup=0.000 s
d1_planner               L=64  B=1     m=1     inner=483086 min=     0.066 us/xform  median=     0.066  sd=  0.10%     28.99 GF/s  setup=0.000 s
d1_planner               L=64  B=1     m=1     inner=300720 min=     0.066 us/xform  median=     0.067  sd=  0.59%     28.99 GF/s  setup=0.000 s
d1_planner               L=64  B=1     m=1     inner=302152 min=     0.066 us/xform  median=     0.066  sd=  0.18%     29.11 GF/s  setup=0.000 s
d1_planner               L=64  B=1     m=1     inner=531772 min=     0.059 us/xform  median=     0.059  sd=  0.26%     32.63 GF/s  setup=0.000 s
d1_planner               L=64  B=1     m=1     inner=511904 min=     0.062 us/xform  median=     0.062  sd=  0.26%     31.22 GF/s  setup=0.000 s
d1_pow2                  L=64  B=1     m=1     inner=275656 min=     0.071 us/xform  median=     0.072  sd=  0.66%     26.99 GF/s  setup=0.001 s
d1_pow2                  L=64  B=1     m=1     inner=600044 min=     0.066 us/xform  median=     0.067  sd=  0.23%     28.99 GF/s  setup=0.001 s
d1_pow2                  L=64  B=1     m=1     inner=527624 min=     0.060 us/xform  median=     0.060  sd=  0.19%     32.16 GF/s  setup=0.001 s
d1_pow2                  L=64  B=1     m=1     inner=614990 min=     0.064 us/xform  median=     0.065  sd=  0.47%     29.83 GF/s  setup=0.001 s
d1_pow2                  L=64  B=1     m=1     inner=453190 min=     0.066 us/xform  median=     0.066  sd=  0.13%     28.99 GF/s  setup=0.001 s
d1_pow2                  L=64  B=1     m=1     inner=475336 min=     0.066 us/xform  median=     0.066  sd=  0.16%     28.97 GF/s  setup=0.001 s
d1_pow2                  L=64  B=1     m=1     inner=432744 min=     0.074 us/xform  median=     0.075  sd=  0.58%     25.87 GF/s  setup=0.001 s
d1_pow2                  L=64  B=1     m=1     inner=267280 min=     0.060 us/xform  median=     0.060  sd=  0.36%     32.24 GF/s  setup=0.001 s
d1_pow2                  L=64  B=1     m=1     inner=516592 min=     0.061 us/xform  median=     0.061  sd=  0.26%     31.40 GF/s  setup=0.001 s
d1_race                  L=64  B=1     m=1     inner=807098 min=     0.049 us/xform  median=     0.049  sd=  0.08%     39.31 GF/s  setup=0.088 s
d1_race                  L=64  B=1     m=1     inner=595354 min=     0.050 us/xform  median=     0.051  sd=  0.07%     38.03 GF/s  setup=0.016 s
d1_race                  L=64  B=1     m=1     inner=376775 min=     0.048 us/xform  median=     0.048  sd=  0.23%     40.11 GF/s  setup=0.013 s
d1_race                  L=64  B=1     m=1     inner=645164 min=     0.047 us/xform  median=     0.047  sd=  0.16%     40.92 GF/s  setup=0.015 s
d1_race                  L=64  B=1     m=1     inner=835100 min=     0.047 us/xform  median=     0.047  sd=  0.13%     40.95 GF/s  setup=0.013 s
d1_race                  L=64  B=1     m=1     inner=610172 min=     0.050 us/xform  median=     0.050  sd=  0.25%     38.64 GF/s  setup=0.014 s
d1_race                  L=64  B=1     m=1     inner=729396 min=     0.043 us/xform  median=     0.043  sd=  0.14%     44.39 GF/s  setup=0.014 s
d1_race                  L=64  B=1     m=1     inner=716492 min=     0.044 us/xform  median=     0.044  sd=  0.29%     43.62 GF/s  setup=0.015 s
d1_race                  L=64  B=1     m=1     inner=619702 min=     0.049 us/xform  median=     0.049  sd=  0.06%     39.52 GF/s  setup=0.017 s
d1_twiddle               L=64  B=1     m=1     inner=706280 min=     0.045 us/xform  median=     0.045  sd=  0.21%     42.96 GF/s  setup=0.000 s
d1_twiddle               L=64  B=1     m=1     inner=908482 min=     0.044 us/xform  median=     0.044  sd=  0.12%     43.84 GF/s  setup=0.000 s
d1_twiddle               L=64  B=1     m=1     inner=690128 min=     0.044 us/xform  median=     0.044  sd=  0.08%     43.83 GF/s  setup=0.000 s
d1_twiddle               L=64  B=1     m=1     inner=595666 min=     0.052 us/xform  median=     0.052  sd=  0.15%     36.78 GF/s  setup=0.000 s
d1_twiddle               L=64  B=1     m=1     inner=628050 min=     0.050 us/xform  median=     0.050  sd=  0.07%     38.45 GF/s  setup=0.000 s
d1_twiddle               L=64  B=1     m=1     inner=673422 min=     0.045 us/xform  median=     0.045  sd=  0.23%     42.76 GF/s  setup=0.000 s
d1_twiddle               L=64  B=1     m=1     inner=664468 min=     0.045 us/xform  median=     0.045  sd=  0.24%     42.52 GF/s  setup=0.000 s
d1_twiddle               L=64  B=1     m=1     inner=686730 min=     0.045 us/xform  median=     0.045  sd=  0.27%     42.59 GF/s  setup=0.000 s
d1_twiddle               L=64  B=1     m=1     inner=905160 min=     0.044 us/xform  median=     0.044  sd=  0.16%     43.85 GF/s  setup=0.000 s
fftw1d_custom            L=64  B=1     m=1     inner=102260 min=     0.274 us/xform  median=     0.275  sd=  0.09%      7.00 GF/s  setup=0.000 s
fftw1d_custom            L=64  B=1     m=1     inner=78878  min=     0.256 us/xform  median=     0.257  sd=  0.09%      7.49 GF/s  setup=0.000 s
fftw1d_custom            L=64  B=1     m=1     inner=82356  min=     0.272 us/xform  median=     0.274  sd=  0.15%      7.05 GF/s  setup=0.000 s
fftw1d_custom            L=64  B=1     m=1     inner=80808  min=     0.272 us/xform  median=     0.273  sd=  0.18%      7.05 GF/s  setup=0.000 s
fftw1d_custom            L=64  B=1     m=1     inner=106310 min=     0.273 us/xform  median=     0.274  sd=  0.13%      7.04 GF/s  setup=0.000 s
fftw1d_custom            L=64  B=1     m=1     inner=79682  min=     0.273 us/xform  median=     0.273  sd=  0.10%      7.04 GF/s  setup=0.000 s
fftw1d_custom            L=64  B=1     m=1     inner=102626 min=     0.272 us/xform  median=     0.273  sd=  0.10%      7.05 GF/s  setup=0.000 s
fftw1d_custom            L=64  B=1     m=1     inner=101534 min=     0.273 us/xform  median=     0.275  sd=  0.22%      7.03 GF/s  setup=0.000 s
fftw1d_custom            L=64  B=1     m=1     inner=96842  min=     0.273 us/xform  median=     0.274  sd=  0.07%      7.02 GF/s  setup=0.000 s
fftw1d_estimate          L=64  B=1     m=1     inner=362102 min=     0.089 us/xform  median=     0.090  sd=  0.31%     21.46 GF/s  setup=0.001 s
fftw1d_estimate          L=64  B=1     m=1     inner=336404 min=     0.091 us/xform  median=     0.091  sd=  1.03%     21.12 GF/s  setup=0.001 s
fftw1d_estimate          L=64  B=1     m=1     inner=320064 min=     0.097 us/xform  median=     0.097  sd=  0.13%     19.90 GF/s  setup=0.001 s
fftw1d_estimate          L=64  B=1     m=1     inner=343036 min=     0.090 us/xform  median=     0.091  sd=  0.37%     21.30 GF/s  setup=0.001 s
fftw1d_estimate          L=64  B=1     m=1     inner=442726 min=     0.090 us/xform  median=     0.090  sd=  0.37%     21.39 GF/s  setup=0.001 s
fftw1d_estimate          L=64  B=1     m=1     inner=418348 min=     0.084 us/xform  median=     0.095  sd=  4.19%     22.97 GF/s  setup=0.001 s
fftw1d_estimate          L=64  B=1     m=1     inner=349980 min=     0.090 us/xform  median=     0.090  sd=  0.44%     21.45 GF/s  setup=0.001 s
fftw1d_estimate          L=64  B=1     m=1     inner=318174 min=     0.094 us/xform  median=     0.094  sd=  0.59%     20.52 GF/s  setup=0.001 s
fftw1d_estimate          L=64  B=1     m=1     inner=357088 min=     0.090 us/xform  median=     0.090  sd=  0.79%     21.44 GF/s  setup=0.001 s
fftw1d_measure           L=64  B=1     m=1     inner=573706 min=     0.069 us/xform  median=     0.069  sd=  0.28%     27.80 GF/s  setup=0.022 s
fftw1d_measure           L=64  B=1     m=1     inner=606828 min=     0.065 us/xform  median=     0.065  sd=  0.12%     29.67 GF/s  setup=0.023 s
fftw1d_measure           L=64  B=1     m=1     inner=488374 min=     0.072 us/xform  median=     0.072  sd=  0.33%     26.79 GF/s  setup=0.022 s
fftw1d_measure           L=64  B=1     m=1     inner=488434 min=     0.080 us/xform  median=     0.082  sd=  1.50%     24.09 GF/s  setup=0.022 s
fftw1d_measure           L=64  B=1     m=1     inner=593152 min=     0.066 us/xform  median=     0.067  sd=  0.26%     28.94 GF/s  setup=0.022 s
fftw1d_measure           L=64  B=1     m=1     inner=547990 min=     0.069 us/xform  median=     0.069  sd=  0.34%     27.95 GF/s  setup=0.023 s
fftw1d_measure           L=64  B=1     m=1     inner=609558 min=     0.064 us/xform  median=     0.064  sd=  0.12%     29.90 GF/s  setup=0.023 s
fftw1d_measure           L=64  B=1     m=1     inner=595748 min=     0.067 us/xform  median=     0.067  sd=  0.14%     28.83 GF/s  setup=0.022 s
fftw1d_measure           L=64  B=1     m=1     inner=502122 min=     0.070 us/xform  median=     0.070  sd=  6.60%     27.51 GF/s  setup=0.022 s
fftw1d_patient           L=64  B=1     m=1     inner=617600 min=     0.064 us/xform  median=     0.064  sd=  0.13%     29.88 GF/s  setup=0.055 s
fftw1d_patient           L=64  B=1     m=1     inner=646214 min=     0.062 us/xform  median=     0.062  sd=  0.13%     31.09 GF/s  setup=0.055 s
fftw1d_patient           L=64  B=1     m=1     inner=643474 min=     0.062 us/xform  median=     0.062  sd=  0.10%     31.16 GF/s  setup=0.054 s
fftw1d_patient           L=64  B=1     m=1     inner=726770 min=     0.055 us/xform  median=     0.055  sd=  0.08%     35.07 GF/s  setup=0.054 s
fftw1d_patient           L=64  B=1     m=1     inner=714800 min=     0.056 us/xform  median=     0.056  sd=  0.08%     34.46 GF/s  setup=0.053 s
fftw1d_patient           L=64  B=1     m=1     inner=677278 min=     0.059 us/xform  median=     0.059  sd=  0.08%     32.70 GF/s  setup=0.053 s
fftw1d_patient           L=64  B=1     m=1     inner=694878 min=     0.057 us/xform  median=     0.057  sd=  0.14%     33.61 GF/s  setup=0.053 s
fftw1d_patient           L=64  B=1     m=1     inner=577148 min=     0.069 us/xform  median=     0.069  sd=  0.11%     27.89 GF/s  setup=0.055 s
fftw1d_patient           L=64  B=1     m=1     inner=356729 min=     0.056 us/xform  median=     0.056  sd=  0.40%     34.34 GF/s  setup=0.055 s
mkl1d_dfti               L=64  B=1     m=1     inner=406731 min=     0.049 us/xform  median=     0.049  sd=  0.26%     39.18 GF/s  setup=0.002 s
mkl1d_dfti               L=64  B=1     m=1     inner=605876 min=     0.052 us/xform  median=     0.052  sd=  0.07%     37.09 GF/s  setup=0.002 s
mkl1d_dfti               L=64  B=1     m=1     inner=629696 min=     0.044 us/xform  median=     0.045  sd=  0.29%     43.21 GF/s  setup=0.002 s
mkl1d_dfti               L=64  B=1     m=1     inner=455943 min=     0.044 us/xform  median=     0.044  sd=  0.15%     43.84 GF/s  setup=0.001 s
mkl1d_dfti               L=64  B=1     m=1     inner=891354 min=     0.043 us/xform  median=     0.043  sd=  0.15%     44.42 GF/s  setup=0.001 s
mkl1d_dfti               L=64  B=1     m=1     inner=894744 min=     0.043 us/xform  median=     0.043  sd=  0.15%     44.42 GF/s  setup=0.001 s
mkl1d_dfti               L=64  B=1     m=1     inner=904192 min=     0.043 us/xform  median=     0.043  sd=  0.19%     45.07 GF/s  setup=0.001 s
mkl1d_dfti               L=64  B=1     m=1     inner=649696 min=     0.043 us/xform  median=     0.043  sd=  0.20%     44.72 GF/s  setup=0.001 s
mkl1d_dfti               L=64  B=1     m=1     inner=640790 min=     0.049 us/xform  median=     0.049  sd=  0.26%     39.26 GF/s  setup=0.001 s
baseline_dft             L=64  B=512   m=1     inner=8      min=     8.485 us/xform  median=     8.486  sd=  0.01%      0.23 GF/s  setup=0.000 s
baseline_dft             L=64  B=512   m=1     inner=8      min=     8.487 us/xform  median=     8.488  sd=  0.02%      0.23 GF/s  setup=0.000 s
baseline_dft             L=64  B=512   m=1     inner=8      min=     8.486 us/xform  median=     8.488  sd=  0.03%      0.23 GF/s  setup=0.000 s
baseline_dft             L=64  B=512   m=1     inner=8      min=     8.486 us/xform  median=     8.487  sd=  0.03%      0.23 GF/s  setup=0.000 s
baseline_dft             L=64  B=512   m=1     inner=8      min=     8.486 us/xform  median=     8.486  sd=  0.22%      0.23 GF/s  setup=0.000 s
baseline_dft             L=64  B=512   m=1     inner=8      min=     8.487 us/xform  median=     8.488  sd=  0.01%      0.23 GF/s  setup=0.000 s
baseline_dft             L=64  B=512   m=1     inner=8      min=     8.487 us/xform  median=     8.488  sd=  0.23%      0.23 GF/s  setup=0.000 s
baseline_dft             L=64  B=512   m=1     inner=8      min=     8.485 us/xform  median=     8.485  sd=  0.02%      0.23 GF/s  setup=0.000 s
baseline_dft             L=64  B=512   m=1     inner=8      min=     8.485 us/xform  median=     8.486  sd=  0.23%      0.23 GF/s  setup=0.000 s
d1_batchlane             L=64  B=512   m=1     inner=1712   min=     0.045 us/xform  median=     0.048  sd=  2.14%     43.08 GF/s  setup=0.000 s
d1_batchlane             L=64  B=512   m=1     inner=1160   min=     0.055 us/xform  median=     0.055  sd=  0.07%     34.75 GF/s  setup=0.000 s
d1_batchlane             L=64  B=512   m=1     inner=1288   min=     0.045 us/xform  median=     0.045  sd=  0.07%     42.78 GF/s  setup=0.000 s
d1_batchlane             L=64  B=512   m=1     inner=1192   min=     0.056 us/xform  median=     0.056  sd=  0.10%     34.14 GF/s  setup=0.000 s
d1_batchlane             L=64  B=512   m=1     inner=1318   min=     0.058 us/xform  median=     0.058  sd=  0.05%     33.24 GF/s  setup=0.000 s
d1_batchlane             L=64  B=512   m=1     inner=1312   min=     0.043 us/xform  median=     0.054  sd=  7.29%     44.91 GF/s  setup=0.000 s
d1_batchlane             L=64  B=512   m=1     inner=1848   min=     0.040 us/xform  median=     0.040  sd=  0.06%     48.30 GF/s  setup=0.000 s
d1_batchlane             L=64  B=512   m=1     inner=1960   min=     0.040 us/xform  median=     0.040  sd=  0.06%     48.51 GF/s  setup=0.000 s
d1_batchlane             L=64  B=512   m=1     inner=1910   min=     0.040 us/xform  median=     0.040  sd=  0.05%     48.47 GF/s  setup=0.000 s
d1_bluestein             L=64  B=512   m=1     inner=578    min=     0.135 us/xform  median=     0.137  sd=  0.62%     14.27 GF/s  setup=0.001 s
d1_bluestein             L=64  B=512   m=1     inner=572    min=     0.135 us/xform  median=     0.135  sd=  0.10%     14.18 GF/s  setup=0.001 s
d1_bluestein             L=64  B=512   m=1     inner=452    min=     0.137 us/xform  median=     0.138  sd=  0.13%     13.97 GF/s  setup=0.001 s
d1_bluestein             L=64  B=512   m=1     inner=247    min=     0.157 us/xform  median=     0.158  sd=  0.14%     12.20 GF/s  setup=0.001 s
d1_bluestein             L=64  B=512   m=1     inner=452    min=     0.137 us/xform  median=     0.137  sd=  0.13%     14.02 GF/s  setup=0.001 s
d1_bluestein             L=64  B=512   m=1     inner=564    min=     0.137 us/xform  median=     0.138  sd=  0.08%     13.97 GF/s  setup=0.001 s
d1_bluestein             L=64  B=512   m=1     inner=578    min=     0.118 us/xform  median=     0.119  sd=  6.53%     16.22 GF/s  setup=0.000 s
d1_bluestein             L=64  B=512   m=1     inner=642    min=     0.118 us/xform  median=     0.118  sd=  0.12%     16.27 GF/s  setup=0.000 s
d1_bluestein             L=64  B=512   m=1     inner=436    min=     0.120 us/xform  median=     0.120  sd=  0.09%     16.01 GF/s  setup=0.001 s
d1_planner               L=64  B=512   m=1     inner=1452   min=     0.043 us/xform  median=     0.045  sd=  2.73%     44.90 GF/s  setup=0.000 s
d1_planner               L=64  B=512   m=1     inner=1358   min=     0.037 us/xform  median=     0.038  sd=  0.86%     51.28 GF/s  setup=0.000 s
d1_planner               L=64  B=512   m=1     inner=2046   min=     0.038 us/xform  median=     0.038  sd=  0.04%     50.53 GF/s  setup=0.000 s
d1_planner               L=64  B=512   m=1     inner=2066   min=     0.038 us/xform  median=     0.038  sd=  0.04%     50.99 GF/s  setup=0.000 s
d1_planner               L=64  B=512   m=1     inner=2024   min=     0.037 us/xform  median=     0.037  sd=  0.05%     51.50 GF/s  setup=0.000 s
d1_planner               L=64  B=512   m=1     inner=1436   min=     0.038 us/xform  median=     0.038  sd=  0.06%     50.28 GF/s  setup=0.000 s
d1_planner               L=64  B=512   m=1     inner=1380   min=     0.044 us/xform  median=     0.050  sd=  4.51%     43.60 GF/s  setup=0.000 s
d1_planner               L=64  B=512   m=1     inner=779    min=     0.050 us/xform  median=     0.050  sd=  0.18%     38.47 GF/s  setup=0.000 s
d1_planner               L=64  B=512   m=1     inner=1130   min=     0.044 us/xform  median=     0.044  sd=  0.08%     43.25 GF/s  setup=0.000 s
d1_pow2                  L=64  B=512   m=1     inner=848    min=     0.047 us/xform  median=     0.048  sd=  0.70%     40.66 GF/s  setup=0.001 s
d1_pow2                  L=64  B=512   m=1     inner=1284   min=     0.045 us/xform  median=     0.045  sd=  0.14%     42.51 GF/s  setup=0.001 s
d1_pow2                  L=64  B=512   m=1     inner=1160   min=     0.051 us/xform  median=     0.052  sd=  0.08%     37.29 GF/s  setup=0.001 s
d1_pow2                  L=64  B=512   m=1     inner=1382   min=     0.043 us/xform  median=     0.043  sd=  0.12%     44.39 GF/s  setup=0.001 s
d1_pow2                  L=64  B=512   m=1     inner=1288   min=     0.051 us/xform  median=     0.051  sd=  0.07%     37.51 GF/s  setup=0.001 s
d1_pow2                  L=64  B=512   m=1     inner=1232   min=     0.048 us/xform  median=     0.048  sd=  0.17%     39.94 GF/s  setup=0.001 s
d1_pow2                  L=64  B=512   m=1     inner=1438   min=     0.043 us/xform  median=     0.043  sd=  0.09%     44.58 GF/s  setup=0.001 s
d1_pow2                  L=64  B=512   m=1     inner=1790   min=     0.043 us/xform  median=     0.043  sd=  0.09%     44.68 GF/s  setup=0.001 s
d1_pow2                  L=64  B=512   m=1     inner=1632   min=     0.047 us/xform  median=     0.047  sd=  0.09%     41.06 GF/s  setup=0.001 s
d1_race                  L=64  B=512   m=1     inner=1368   min=     0.039 us/xform  median=     0.047  sd= 13.74%     48.66 GF/s  setup=0.840 s
d1_race                  L=64  B=512   m=1     inner=1788   min=     0.044 us/xform  median=     0.050  sd=  6.38%     43.76 GF/s  setup=0.016 s
d1_race                  L=64  B=512   m=1     inner=1328   min=     0.048 us/xform  median=     0.048  sd=  0.06%     39.77 GF/s  setup=0.011 s
d1_race                  L=64  B=512   m=1     inner=1412   min=     0.045 us/xform  median=     0.045  sd=  0.07%     43.13 GF/s  setup=0.011 s
d1_race                  L=64  B=512   m=1     inner=1694   min=     0.045 us/xform  median=     0.045  sd=  0.14%     42.85 GF/s  setup=0.009 s
d1_race                  L=64  B=512   m=1     inner=1320   min=     0.051 us/xform  median=     0.051  sd=  0.07%     37.57 GF/s  setup=0.011 s
d1_race                  L=64  B=512   m=1     inner=1470   min=     0.042 us/xform  median=     0.042  sd=  0.09%     45.56 GF/s  setup=0.012 s
d1_race                  L=64  B=512   m=1     inner=1364   min=     0.047 us/xform  median=     0.047  sd=  0.10%     41.14 GF/s  setup=0.012 s
d1_race                  L=64  B=512   m=1     inner=1290   min=     0.051 us/xform  median=     0.051  sd=  0.08%     37.48 GF/s  setup=0.011 s
d1_twiddle               L=64  B=512   m=1     inner=1794   min=     0.043 us/xform  median=     0.044  sd=  1.39%     44.82 GF/s  setup=0.000 s
d1_twiddle               L=64  B=512   m=1     inner=895    min=     0.044 us/xform  median=     0.044  sd=  0.08%     43.97 GF/s  setup=0.000 s
d1_twiddle               L=64  B=512   m=1     inner=1372   min=     0.047 us/xform  median=     0.047  sd=  0.03%     41.25 GF/s  setup=0.000 s
d1_twiddle               L=64  B=512   m=1     inner=1426   min=     0.044 us/xform  median=     0.044  sd=  0.06%     43.42 GF/s  setup=0.000 s
d1_twiddle               L=64  B=512   m=1     inner=1358   min=     0.047 us/xform  median=     0.047  sd=  0.04%     40.98 GF/s  setup=0.000 s
d1_twiddle               L=64  B=512   m=1     inner=907    min=     0.043 us/xform  median=     0.043  sd=  0.09%     44.89 GF/s  setup=0.000 s
d1_twiddle               L=64  B=512   m=1     inner=1806   min=     0.043 us/xform  median=     0.043  sd=  0.03%     44.89 GF/s  setup=0.000 s
d1_twiddle               L=64  B=512   m=1     inner=1386   min=     0.046 us/xform  median=     0.046  sd=  0.13%     41.83 GF/s  setup=0.000 s
d1_twiddle               L=64  B=512   m=1     inner=1364   min=     0.047 us/xform  median=     0.047  sd=  0.03%     41.20 GF/s  setup=0.000 s
fftw1d_custom            L=64  B=512   m=1     inner=188    min=     0.341 us/xform  median=     0.350  sd=  1.28%      5.63 GF/s  setup=0.000 s
fftw1d_custom            L=64  B=512   m=1     inner=188    min=     0.376 us/xform  median=     0.377  sd=  0.04%      5.10 GF/s  setup=0.000 s
fftw1d_custom            L=64  B=512   m=1     inner=192    min=     0.379 us/xform  median=     0.380  sd=  0.04%      5.06 GF/s  setup=0.000 s
fftw1d_custom            L=64  B=512   m=1     inner=178    min=     0.380 us/xform  median=     0.381  sd=  0.03%      5.05 GF/s  setup=0.000 s
fftw1d_custom            L=64  B=512   m=1     inner=166    min=     0.338 us/xform  median=     0.338  sd=  0.42%      5.68 GF/s  setup=0.000 s
fftw1d_custom            L=64  B=512   m=1     inner=222    min=     0.342 us/xform  median=     0.342  sd=  0.10%      5.62 GF/s  setup=0.000 s
fftw1d_custom            L=64  B=512   m=1     inner=222    min=     0.260 us/xform  median=     0.320  sd= 12.47%      7.38 GF/s  setup=0.000 s
fftw1d_custom            L=64  B=512   m=1     inner=198    min=     0.326 us/xform  median=     0.343  sd=  1.45%      5.89 GF/s  setup=0.000 s
fftw1d_custom            L=64  B=512   m=1     inner=158    min=     0.318 us/xform  median=     0.318  sd=  1.29%      6.04 GF/s  setup=0.000 s
fftw1d_custom_soa        L=64  B=512   m=1     inner=330    min=     0.256 us/xform  median=     0.274  sd=  1.91%      7.49 GF/s  setup=0.000 s
fftw1d_custom_soa        L=64  B=512   m=1     inner=272    min=     0.239 us/xform  median=     0.283  sd=  4.59%      8.03 GF/s  setup=0.000 s
fftw1d_custom_soa        L=64  B=512   m=1     inner=246    min=     0.239 us/xform  median=     0.242  sd=  0.45%      8.03 GF/s  setup=0.000 s
fftw1d_custom_soa        L=64  B=512   m=1     inner=270    min=     0.252 us/xform  median=     0.276  sd=  2.68%      7.61 GF/s  setup=0.000 s
fftw1d_custom_soa        L=64  B=512   m=1     inner=274    min=     0.281 us/xform  median=     0.281  sd=  0.02%      6.84 GF/s  setup=0.000 s
fftw1d_custom_soa        L=64  B=512   m=1     inner=166    min=     0.247 us/xform  median=     0.269  sd=  2.55%      7.78 GF/s  setup=0.000 s
fftw1d_custom_soa        L=64  B=512   m=1     inner=214    min=     0.241 us/xform  median=     0.241  sd=  2.31%      7.96 GF/s  setup=0.000 s
fftw1d_custom_soa        L=64  B=512   m=1     inner=324    min=     0.239 us/xform  median=     0.239  sd=  0.03%      8.02 GF/s  setup=0.000 s
fftw1d_custom_soa        L=64  B=512   m=1     inner=252    min=     0.241 us/xform  median=     0.241  sd=  0.25%      7.97 GF/s  setup=0.000 s
fftw1d_estimate          L=64  B=512   m=1     inner=346    min=     0.227 us/xform  median=     0.240  sd=  2.19%      8.47 GF/s  setup=0.001 s
fftw1d_estimate          L=64  B=512   m=1     inner=238    min=     0.232 us/xform  median=     0.232  sd=  0.07%      8.28 GF/s  setup=0.001 s
fftw1d_estimate          L=64  B=512   m=1     inner=268    min=     0.232 us/xform  median=     0.233  sd=  0.14%      8.27 GF/s  setup=0.001 s
fftw1d_estimate          L=64  B=512   m=1     inner=324    min=     0.237 us/xform  median=     0.238  sd=  0.09%      8.10 GF/s  setup=0.001 s
fftw1d_estimate          L=64  B=512   m=1     inner=274    min=     0.228 us/xform  median=     0.228  sd=  0.07%      8.42 GF/s  setup=0.001 s
fftw1d_estimate          L=64  B=512   m=1     inner=168    min=     0.231 us/xform  median=     0.231  sd=  0.24%      8.30 GF/s  setup=0.001 s
fftw1d_estimate          L=64  B=512   m=1     inner=280    min=     0.221 us/xform  median=     0.222  sd=  0.18%      8.67 GF/s  setup=0.001 s
fftw1d_estimate          L=64  B=512   m=1     inner=262    min=     0.237 us/xform  median=     0.237  sd=  0.08%      8.10 GF/s  setup=0.001 s
fftw1d_estimate          L=64  B=512   m=1     inner=314    min=     0.244 us/xform  median=     0.244  sd=  0.07%      7.87 GF/s  setup=0.001 s
fftw1d_measure           L=64  B=512   m=1     inner=954    min=     0.081 us/xform  median=     0.082  sd=  0.07%     23.56 GF/s  setup=0.028 s
fftw1d_measure           L=64  B=512   m=1     inner=852    min=     0.068 us/xform  median=     0.084  sd=  8.81%     28.26 GF/s  setup=0.028 s
fftw1d_measure           L=64  B=512   m=1     inner=926    min=     0.082 us/xform  median=     0.083  sd=  0.63%     23.49 GF/s  setup=0.029 s
fftw1d_measure           L=64  B=512   m=1     inner=818    min=     0.087 us/xform  median=     0.091  sd=  1.86%     21.95 GF/s  setup=0.029 s
fftw1d_measure           L=64  B=512   m=1     inner=880    min=     0.083 us/xform  median=     0.083  sd=  0.09%     23.26 GF/s  setup=0.028 s
fftw1d_measure           L=64  B=512   m=1     inner=898    min=     0.071 us/xform  median=     0.081  sd=  3.48%     26.95 GF/s  setup=0.027 s
fftw1d_measure           L=64  B=512   m=1     inner=1048   min=     0.068 us/xform  median=     0.068  sd=  0.20%     28.19 GF/s  setup=0.026 s
fftw1d_measure           L=64  B=512   m=1     inner=1042   min=     0.069 us/xform  median=     0.069  sd=  0.07%     27.66 GF/s  setup=0.026 s
fftw1d_measure           L=64  B=512   m=1     inner=1080   min=     0.066 us/xform  median=     0.066  sd=  0.03%     29.01 GF/s  setup=0.026 s
fftw1d_patient           L=64  B=512   m=1     inner=864    min=     0.089 us/xform  median=     0.089  sd=  0.05%     21.53 GF/s  setup=0.248 s
fftw1d_patient           L=64  B=512   m=1     inner=746    min=     0.071 us/xform  median=     0.080  sd= 15.10%     27.02 GF/s  setup=0.251 s
fftw1d_patient           L=64  B=512   m=1     inner=944    min=     0.076 us/xform  median=     0.080  sd=  1.69%     25.29 GF/s  setup=0.244 s
fftw1d_patient           L=64  B=512   m=1     inner=1126   min=     0.069 us/xform  median=     0.069  sd=  0.13%     28.01 GF/s  setup=0.237 s
fftw1d_patient           L=64  B=512   m=1     inner=1068   min=     0.072 us/xform  median=     0.072  sd=  0.05%     26.58 GF/s  setup=0.225 s
fftw1d_patient           L=64  B=512   m=1     inner=1058   min=     0.068 us/xform  median=     0.068  sd=  0.04%     28.33 GF/s  setup=0.212 s
fftw1d_patient           L=64  B=512   m=1     inner=1044   min=     0.068 us/xform  median=     0.068  sd=  0.09%     28.36 GF/s  setup=0.211 s
fftw1d_patient           L=64  B=512   m=1     inner=1020   min=     0.072 us/xform  median=     0.072  sd=  0.09%     26.69 GF/s  setup=0.211 s
fftw1d_patient           L=64  B=512   m=1     inner=1096   min=     0.066 us/xform  median=     0.066  sd=  0.06%     29.18 GF/s  setup=0.217 s
mkl1d_dfti               L=64  B=512   m=1     inner=1712   min=     0.042 us/xform  median=     0.044  sd=  1.43%     45.45 GF/s  setup=0.002 s
mkl1d_dfti               L=64  B=512   m=1     inner=1842   min=     0.039 us/xform  median=     0.042  sd=  1.82%     48.65 GF/s  setup=0.002 s
mkl1d_dfti               L=64  B=512   m=1     inner=1968   min=     0.037 us/xform  median=     0.037  sd=  0.27%     51.60 GF/s  setup=0.001 s
mkl1d_dfti               L=64  B=512   m=1     inner=2098   min=     0.037 us/xform  median=     0.037  sd=  0.03%     52.21 GF/s  setup=0.001 s
mkl1d_dfti               L=64  B=512   m=1     inner=1342   min=     0.043 us/xform  median=     0.047  sd=  2.97%     44.17 GF/s  setup=0.001 s
mkl1d_dfti               L=64  B=512   m=1     inner=1452   min=     0.037 us/xform  median=     0.037  sd=  0.73%     52.06 GF/s  setup=0.002 s
mkl1d_dfti               L=64  B=512   m=1     inner=1072   min=     0.043 us/xform  median=     0.046  sd=  2.92%     44.40 GF/s  setup=0.002 s
mkl1d_dfti               L=64  B=512   m=1     inner=1756   min=     0.043 us/xform  median=     0.043  sd=  0.07%     44.95 GF/s  setup=0.002 s
mkl1d_dfti               L=64  B=512   m=1     inner=1288   min=     0.053 us/xform  median=     0.053  sd=  0.05%     36.42 GF/s  setup=0.002 s
baseline_dft             L=64  B=1     m=60000 inner=1      min=     7.212 us/xform  median=     7.213  sd=  0.00%      0.27 GF/s  setup=0.000 s
baseline_dft             L=64  B=1     m=60000 inner=1      min=     7.212 us/xform  median=     7.212  sd=  0.00%      0.27 GF/s  setup=0.000 s
baseline_dft             L=64  B=1     m=60000 inner=1      min=     7.212 us/xform  median=     7.212  sd=  0.02%      0.27 GF/s  setup=0.000 s
baseline_dft             L=64  B=1     m=2     inner=112    min=     8.757 us/xform  median=     8.757  sd=  0.00%      0.22 GF/s  setup=0.000 s
d1_batchlane             L=64  B=1     m=60000 inner=6      min=     0.085 us/xform  median=     0.085  sd=  0.01%     22.64 GF/s  setup=0.000 s
d1_batchlane             L=64  B=1     m=60000 inner=6      min=     0.096 us/xform  median=     0.097  sd=  0.02%     19.90 GF/s  setup=0.000 s
d1_batchlane             L=64  B=1     m=60000 inner=6      min=     0.085 us/xform  median=     0.085  sd=  0.01%     22.64 GF/s  setup=0.000 s
d1_batchlane             L=64  B=1     m=2     inner=6140   min=     0.152 us/xform  median=     0.152  sd=  0.00%     12.62 GF/s  setup=0.000 s
d1_bluestein             L=64  B=1     m=60000 inner=1      min=     0.344 us/xform  median=     0.344  sd=  0.04%      5.59 GF/s  setup=0.001 s
d1_bluestein             L=64  B=1     m=60000 inner=1      min=     0.362 us/xform  median=     0.363  sd=  0.05%      5.30 GF/s  setup=0.001 s
d1_bluestein             L=64  B=1     m=60000 inner=1      min=     0.344 us/xform  median=     0.344  sd=  0.09%      5.58 GF/s  setup=0.001 s
d1_bluestein             L=64  B=1     m=2     inner=1436   min=     0.362 us/xform  median=     0.362  sd=  0.00%      5.30 GF/s  setup=0.001 s
d1_planner               L=64  B=1     m=60000 inner=4      min=     0.133 us/xform  median=     0.134  sd=  0.07%     14.39 GF/s  setup=0.000 s
d1_planner               L=64  B=1     m=60000 inner=4      min=     0.117 us/xform  median=     0.117  sd=  0.08%     16.38 GF/s  setup=0.000 s
d1_planner               L=64  B=1     m=60000 inner=4      min=     0.133 us/xform  median=     0.134  sd=  0.04%     14.38 GF/s  setup=0.000 s
d1_planner               L=64  B=1     m=2     inner=6150   min=     0.152 us/xform  median=     0.152  sd=  0.00%     12.64 GF/s  setup=0.000 s
d1_pow2                  L=64  B=1     m=60000 inner=4      min=     0.146 us/xform  median=     0.146  sd=  0.25%     13.18 GF/s  setup=0.001 s
d1_pow2                  L=64  B=1     m=60000 inner=4      min=     0.146 us/xform  median=     0.146  sd=  0.03%     13.19 GF/s  setup=0.001 s
d1_pow2                  L=64  B=1     m=60000 inner=4      min=     0.146 us/xform  median=     0.146  sd=  0.02%     13.19 GF/s  setup=0.001 s
d1_pow2                  L=64  B=1     m=2     inner=4420   min=     0.211 us/xform  median=     0.211  sd=  0.00%      9.08 GF/s  setup=0.001 s
d1_race                  L=64  B=1     m=60000 inner=6      min=     0.097 us/xform  median=     0.097  sd=  0.01%     19.90 GF/s  setup=0.006 s
d1_race                  L=64  B=1     m=60000 inner=6      min=     0.097 us/xform  median=     0.097  sd=  0.01%     19.89 GF/s  setup=0.012 s
d1_race                  L=64  B=1     m=60000 inner=6      min=     0.097 us/xform  median=     0.097  sd=  0.04%     19.89 GF/s  setup=0.011 s
d1_race                  L=64  B=1     m=2     inner=6052   min=     0.146 us/xform  median=     0.146  sd=  0.00%     13.13 GF/s  setup=0.010 s
d1_twiddle               L=64  B=1     m=60000 inner=4      min=     0.136 us/xform  median=     0.136  sd=  0.03%     14.14 GF/s  setup=0.000 s
d1_twiddle               L=64  B=1     m=60000 inner=4      min=     0.136 us/xform  median=     0.136  sd=  0.03%     14.14 GF/s  setup=0.000 s
d1_twiddle               L=64  B=1     m=60000 inner=4      min=     0.136 us/xform  median=     0.136  sd=  0.03%     14.14 GF/s  setup=0.000 s
d1_twiddle               L=64  B=1     m=2     inner=6100   min=     0.153 us/xform  median=     0.153  sd=  0.00%     12.57 GF/s  setup=0.000 s
fftw1d_custom            L=64  B=1     m=60000 inner=1      min=     0.361 us/xform  median=     0.361  sd=  0.12%      5.32 GF/s  setup=0.000 s
fftw1d_custom            L=64  B=1     m=60000 inner=1      min=     0.360 us/xform  median=     0.360  sd=  0.03%      5.33 GF/s  setup=0.000 s
fftw1d_custom            L=64  B=1     m=60000 inner=1      min=     0.361 us/xform  median=     0.361  sd=  0.04%      5.33 GF/s  setup=0.000 s
fftw1d_custom            L=64  B=1     m=2     inner=1794   min=     0.480 us/xform  median=     0.480  sd=  0.00%      4.00 GF/s  setup=0.000 s
fftw1d_estimate          L=64  B=1     m=60000 inner=2      min=     0.307 us/xform  median=     0.307  sd=  0.07%      6.26 GF/s  setup=0.001 s
fftw1d_estimate          L=64  B=1     m=60000 inner=2      min=     0.305 us/xform  median=     0.305  sd=  0.10%      6.30 GF/s  setup=0.001 s
fftw1d_estimate          L=64  B=1     m=60000 inner=2      min=     0.305 us/xform  median=     0.305  sd=  0.11%      6.29 GF/s  setup=0.001 s
fftw1d_estimate          L=64  B=1     m=2     inner=3058   min=     0.315 us/xform  median=     0.315  sd=  0.00%      6.09 GF/s  setup=0.001 s
fftw1d_measure           L=64  B=1     m=60000 inner=2      min=     0.278 us/xform  median=     0.279  sd=  0.03%      6.90 GF/s  setup=0.022 s
fftw1d_measure           L=64  B=1     m=60000 inner=2      min=     0.292 us/xform  median=     0.292  sd=  0.05%      6.57 GF/s  setup=0.023 s
fftw1d_measure           L=64  B=1     m=60000 inner=2      min=     0.279 us/xform  median=     0.279  sd=  0.03%      6.87 GF/s  setup=0.022 s
fftw1d_measure           L=64  B=1     m=2     inner=1796   min=     0.283 us/xform  median=     0.283  sd=  0.00%      6.78 GF/s  setup=0.022 s
fftw1d_patient           L=64  B=1     m=60000 inner=2      min=     0.279 us/xform  median=     0.280  sd=  0.03%      6.87 GF/s  setup=0.054 s
fftw1d_patient           L=64  B=1     m=60000 inner=2      min=     0.279 us/xform  median=     0.279  sd=  0.03%      6.88 GF/s  setup=0.054 s
fftw1d_patient           L=64  B=1     m=60000 inner=2      min=     0.245 us/xform  median=     0.246  sd=  6.41%      7.84 GF/s  setup=0.054 s
fftw1d_patient           L=64  B=1     m=2     inner=3454   min=     0.284 us/xform  median=     0.284  sd=  0.00%      6.77 GF/s  setup=0.055 s
mkl1d_dfti               L=64  B=1     m=60000 inner=2      min=     0.237 us/xform  median=     0.237  sd=  0.01%      8.10 GF/s  setup=0.002 s
mkl1d_dfti               L=64  B=1     m=60000 inner=2      min=     0.237 us/xform  median=     0.237  sd=  0.01%      8.09 GF/s  setup=0.001 s
mkl1d_dfti               L=64  B=1     m=60000 inner=2      min=     0.237 us/xform  median=     0.237  sd=  0.10%      8.10 GF/s  setup=0.001 s
mkl1d_dfti               L=64  B=1     m=2     inner=2432   min=     0.276 us/xform  median=     0.276  sd=  0.00%      6.96 GF/s  setup=0.002 s
baseline_dft             L=64  B=512   m=500   inner=1      min=     7.226 us/xform  median=     7.227  sd=  0.01%      0.27 GF/s  setup=0.000 s
baseline_dft             L=64  B=512   m=500   inner=1      min=     7.227 us/xform  median=     7.227  sd=  0.01%      0.27 GF/s  setup=0.000 s
baseline_dft             L=64  B=512   m=500   inner=1      min=     7.226 us/xform  median=     7.227  sd=  0.02%      0.27 GF/s  setup=0.000 s
baseline_dft             L=64  B=512   m=2     inner=1      min=     8.817 us/xform  median=     8.817  sd=  0.00%      0.22 GF/s  setup=0.000 s
d1_batchlane             L=64  B=512   m=500   inner=2      min=     0.078 us/xform  median=     0.078  sd=  0.03%     24.77 GF/s  setup=0.000 s
d1_batchlane             L=64  B=512   m=500   inner=2      min=     0.078 us/xform  median=     0.078  sd=  0.02%     24.75 GF/s  setup=0.000 s
d1_batchlane             L=64  B=512   m=500   inner=2      min=     0.077 us/xform  median=     0.078  sd=  0.06%     24.81 GF/s  setup=0.000 s
d1_batchlane             L=64  B=512   m=2     inner=12     min=     0.128 us/xform  median=     0.128  sd=  0.00%     15.04 GF/s  setup=0.000 s
d1_bluestein             L=64  B=512   m=500   inner=1      min=     0.317 us/xform  median=     0.317  sd=  0.03%      6.06 GF/s  setup=0.001 s
d1_bluestein             L=64  B=512   m=500   inner=1      min=     0.317 us/xform  median=     0.317  sd=  0.03%      6.05 GF/s  setup=0.001 s
d1_bluestein             L=64  B=512   m=500   inner=1      min=     0.325 us/xform  median=     0.325  sd=  0.03%      5.91 GF/s  setup=0.000 s
d1_bluestein             L=64  B=512   m=2     inner=4      min=     0.415 us/xform  median=     0.415  sd=  0.00%      4.62 GF/s  setup=0.001 s
d1_planner               L=64  B=512   m=500   inner=1      min=     0.134 us/xform  median=     0.134  sd=  0.05%     14.38 GF/s  setup=0.000 s
d1_planner               L=64  B=512   m=500   inner=1      min=     0.134 us/xform  median=     0.134  sd=  0.06%     14.38 GF/s  setup=0.000 s
d1_planner               L=64  B=512   m=500   inner=1      min=     0.117 us/xform  median=     0.127  sd=  6.49%     16.36 GF/s  setup=0.000 s
d1_planner               L=64  B=512   m=2     inner=12     min=     0.146 us/xform  median=     0.146  sd=  0.00%     13.17 GF/s  setup=0.000 s
d1_pow2                  L=64  B=512   m=500   inner=1      min=     0.090 us/xform  median=     0.090  sd=  0.04%     21.43 GF/s  setup=0.001 s
d1_pow2                  L=64  B=512   m=500   inner=1      min=     0.079 us/xform  median=     0.079  sd=  0.01%     24.26 GF/s  setup=0.001 s
d1_pow2                  L=64  B=512   m=500   inner=1      min=     0.080 us/xform  median=     0.080  sd=  0.01%     24.04 GF/s  setup=0.001 s
d1_pow2                  L=64  B=512   m=2     inner=10     min=     0.164 us/xform  median=     0.164  sd=  0.00%     11.69 GF/s  setup=0.001 s
d1_race                  L=64  B=512   m=500   inner=2      min=     0.078 us/xform  median=     0.078  sd=  0.02%     24.75 GF/s  setup=0.009 s
d1_race                  L=64  B=512   m=500   inner=2      min=     0.077 us/xform  median=     0.077  sd=  0.02%     24.78 GF/s  setup=0.011 s
d1_race                  L=64  B=512   m=500   inner=2      min=     0.077 us/xform  median=     0.077  sd=  0.03%     24.79 GF/s  setup=0.013 s
d1_race                  L=64  B=512   m=2     inner=12     min=     0.145 us/xform  median=     0.145  sd=  0.00%     13.21 GF/s  setup=0.008 s
d1_twiddle               L=64  B=512   m=500   inner=1      min=     0.092 us/xform  median=     0.092  sd=  0.02%     20.92 GF/s  setup=0.000 s
d1_twiddle               L=64  B=512   m=500   inner=1      min=     0.093 us/xform  median=     0.093  sd=  0.03%     20.66 GF/s  setup=0.000 s
d1_twiddle               L=64  B=512   m=500   inner=1      min=     0.081 us/xform  median=     0.081  sd=  0.03%     23.83 GF/s  setup=0.000 s
d1_twiddle               L=64  B=512   m=2     inner=8      min=     0.179 us/xform  median=     0.179  sd=  0.00%     10.72 GF/s  setup=0.000 s
fftw1d_custom            L=64  B=512   m=500   inner=1      min=     0.251 us/xform  median=     0.251  sd=  0.09%      7.66 GF/s  setup=0.000 s
fftw1d_custom            L=64  B=512   m=500   inner=1      min=     0.250 us/xform  median=     0.250  sd=  0.46%      7.67 GF/s  setup=0.000 s
fftw1d_custom            L=64  B=512   m=500   inner=1      min=     0.250 us/xform  median=     0.251  sd=  0.07%      7.67 GF/s  setup=0.000 s
fftw1d_custom            L=64  B=512   m=2     inner=2      min=     0.654 us/xform  median=     0.654  sd=  0.00%      2.94 GF/s  setup=0.000 s
fftw1d_custom_soa        L=64  B=512   m=500   inner=1      min=     0.148 us/xform  median=     0.150  sd=  1.26%     12.93 GF/s  setup=0.000 s
fftw1d_custom_soa        L=64  B=512   m=500   inner=1      min=     0.151 us/xform  median=     0.152  sd=  0.25%     12.68 GF/s  setup=0.000 s
fftw1d_custom_soa        L=64  B=512   m=500   inner=1      min=     0.152 us/xform  median=     0.154  sd=  0.45%     12.65 GF/s  setup=0.000 s
fftw1d_custom_soa        L=64  B=512   m=2     inner=2      min=     0.572 us/xform  median=     0.572  sd=  0.00%      3.36 GF/s  setup=0.000 s
fftw1d_estimate          L=64  B=512   m=500   inner=1      min=     0.398 us/xform  median=     0.398  sd=  0.01%      4.82 GF/s  setup=0.001 s
fftw1d_estimate          L=64  B=512   m=500   inner=1      min=     0.397 us/xform  median=     0.397  sd=  0.11%      4.83 GF/s  setup=0.001 s
fftw1d_estimate          L=64  B=512   m=500   inner=1      min=     0.399 us/xform  median=     0.400  sd=  0.10%      4.81 GF/s  setup=0.001 s
fftw1d_estimate          L=64  B=512   m=2     inner=2      min=     0.534 us/xform  median=     0.534  sd=  0.00%      3.59 GF/s  setup=0.001 s
fftw1d_measure           L=64  B=512   m=500   inner=1      min=     0.272 us/xform  median=     0.272  sd=  0.03%      7.06 GF/s  setup=0.027 s
fftw1d_measure           L=64  B=512   m=500   inner=1      min=     0.273 us/xform  median=     0.273  sd=  0.02%      7.04 GF/s  setup=0.026 s
fftw1d_measure           L=64  B=512   m=500   inner=1      min=     0.320 us/xform  median=     0.324  sd=  0.30%      6.00 GF/s  setup=0.029 s
fftw1d_measure           L=64  B=512   m=2     inner=4      min=     0.406 us/xform  median=     0.406  sd=  0.00%      4.73 GF/s  setup=0.028 s
fftw1d_patient           L=64  B=512   m=500   inner=1      min=     0.267 us/xform  median=     0.267  sd=  0.01%      7.18 GF/s  setup=0.213 s
fftw1d_patient           L=64  B=512   m=500   inner=1      min=     0.269 us/xform  median=     0.269  sd=  0.03%      7.14 GF/s  setup=0.211 s
fftw1d_patient           L=64  B=512   m=500   inner=1      min=     0.268 us/xform  median=     0.334  sd= 10.13%      7.17 GF/s  setup=0.242 s
fftw1d_patient           L=64  B=512   m=2     inner=4      min=     0.399 us/xform  median=     0.399  sd=  0.00%      4.81 GF/s  setup=0.244 s
mkl1d_dfti               L=64  B=512   m=500   inner=1      min=     0.238 us/xform  median=     0.238  sd=  0.02%      8.08 GF/s  setup=0.002 s
mkl1d_dfti               L=64  B=512   m=500   inner=1      min=     0.237 us/xform  median=     0.237  sd=  0.01%      8.11 GF/s  setup=0.001 s
mkl1d_dfti               L=64  B=512   m=500   inner=1      min=     0.291 us/xform  median=     0.291  sd=  0.12%      6.61 GF/s  setup=0.002 s
mkl1d_dfti               L=64  B=512   m=2     inner=4      min=     0.346 us/xform  median=     0.346  sd=  0.00%      5.56 GF/s  setup=0.002 s
baseline_dft             L=128 B=1     m=1     inner=588    min=    33.934 us/xform  median=    33.946  sd=  0.03%      0.13 GF/s  setup=0.001 s
baseline_dft             L=128 B=1     m=1     inner=930    min=    33.933 us/xform  median=    33.939  sd=  0.02%      0.13 GF/s  setup=0.001 s
baseline_dft             L=128 B=1     m=1     inner=932    min=    33.934 us/xform  median=    33.940  sd=  0.02%      0.13 GF/s  setup=0.001 s
baseline_dft             L=128 B=1     m=1     inner=1174   min=    33.934 us/xform  median=    33.935  sd=  0.01%      0.13 GF/s  setup=0.001 s
baseline_dft             L=128 B=1     m=1     inner=890    min=    33.934 us/xform  median=    33.935  sd=  0.02%      0.13 GF/s  setup=0.001 s
baseline_dft             L=128 B=1     m=1     inner=890    min=    33.933 us/xform  median=    33.937  sd=  0.01%      0.13 GF/s  setup=0.001 s
baseline_dft             L=128 B=1     m=1     inner=1174   min=    33.935 us/xform  median=    33.936  sd=  0.01%      0.13 GF/s  setup=0.001 s
baseline_dft             L=128 B=1     m=1     inner=1174   min=    33.934 us/xform  median=    33.939  sd=  0.01%      0.13 GF/s  setup=0.001 s
baseline_dft             L=128 B=1     m=1     inner=588    min=    33.934 us/xform  median=    33.937  sd=  0.02%      0.13 GF/s  setup=0.001 s
d1_batchlane             L=128 B=1     m=1     inner=352218 min=     0.112 us/xform  median=     0.112  sd=  0.12%     40.00 GF/s  setup=0.000 s
d1_batchlane             L=128 B=1     m=1     inner=269308 min=     0.111 us/xform  median=     0.111  sd=  0.16%     40.32 GF/s  setup=0.000 s
d1_batchlane             L=128 B=1     m=1     inner=274620 min=     0.110 us/xform  median=     0.111  sd=  0.16%     40.57 GF/s  setup=0.000 s
d1_batchlane             L=128 B=1     m=1     inner=355232 min=     0.111 us/xform  median=     0.111  sd=  0.10%     40.34 GF/s  setup=0.000 s
d1_batchlane             L=128 B=1     m=1     inner=269692 min=     0.111 us/xform  median=     0.111  sd=  0.33%     40.44 GF/s  setup=0.000 s
d1_batchlane             L=128 B=1     m=1     inner=356344 min=     0.111 us/xform  median=     0.111  sd=  0.08%     40.32 GF/s  setup=0.000 s
d1_batchlane             L=128 B=1     m=1     inner=280714 min=     0.112 us/xform  median=     0.112  sd=  0.13%     40.04 GF/s  setup=0.000 s
d1_batchlane             L=128 B=1     m=1     inner=281850 min=     0.111 us/xform  median=     0.111  sd=  0.11%     40.35 GF/s  setup=0.000 s
d1_batchlane             L=128 B=1     m=1     inner=356538 min=     0.111 us/xform  median=     0.111  sd=  0.23%     40.41 GF/s  setup=0.000 s
d1_bluestein             L=128 B=1     m=1     inner=181924 min=     0.205 us/xform  median=     0.206  sd=  2.59%     21.81 GF/s  setup=0.001 s
d1_bluestein             L=128 B=1     m=1     inner=199128 min=     0.200 us/xform  median=     0.200  sd=  0.05%     22.40 GF/s  setup=0.001 s
d1_bluestein             L=128 B=1     m=1     inner=133536 min=     0.238 us/xform  median=     0.238  sd=  0.03%     18.81 GF/s  setup=0.001 s
d1_bluestein             L=128 B=1     m=1     inner=137084 min=     0.232 us/xform  median=     0.232  sd=  0.06%     19.35 GF/s  setup=0.001 s
d1_bluestein             L=128 B=1     m=1     inner=119972 min=     0.260 us/xform  median=     0.260  sd=  0.09%     17.26 GF/s  setup=0.001 s
d1_bluestein             L=128 B=1     m=1     inner=121372 min=     0.257 us/xform  median=     0.258  sd=  0.04%     17.41 GF/s  setup=0.001 s
d1_bluestein             L=128 B=1     m=1     inner=136572 min=     0.234 us/xform  median=     0.234  sd=  0.09%     19.16 GF/s  setup=0.001 s
d1_bluestein             L=128 B=1     m=1     inner=129194 min=     0.250 us/xform  median=     0.250  sd=  0.10%     17.94 GF/s  setup=0.001 s
d1_bluestein             L=128 B=1     m=1     inner=134704 min=     0.226 us/xform  median=     0.226  sd=  0.08%     19.84 GF/s  setup=0.001 s
d1_planner               L=128 B=1     m=1     inner=263892 min=     0.148 us/xform  median=     0.148  sd=  0.10%     30.32 GF/s  setup=0.000 s
d1_planner               L=128 B=1     m=1     inner=260098 min=     0.152 us/xform  median=     0.152  sd=  0.14%     29.50 GF/s  setup=0.000 s
d1_planner               L=128 B=1     m=1     inner=205370 min=     0.148 us/xform  median=     0.149  sd=  0.16%     30.19 GF/s  setup=0.000 s
d1_planner               L=128 B=1     m=1     inner=131425 min=     0.149 us/xform  median=     0.151  sd=  0.43%     29.97 GF/s  setup=0.000 s
d1_planner               L=128 B=1     m=1     inner=219570 min=     0.146 us/xform  median=     0.146  sd=  0.28%     30.73 GF/s  setup=0.000 s
d1_planner               L=128 B=1     m=1     inner=183240 min=     0.164 us/xform  median=     0.165  sd=  0.09%     27.24 GF/s  setup=0.000 s
d1_planner               L=128 B=1     m=1     inner=263770 min=     0.151 us/xform  median=     0.151  sd=  0.08%     29.72 GF/s  setup=0.000 s
d1_planner               L=128 B=1     m=1     inner=267988 min=     0.148 us/xform  median=     0.148  sd=  0.10%     30.25 GF/s  setup=0.000 s
d1_planner               L=128 B=1     m=1     inner=207602 min=     0.150 us/xform  median=     0.151  sd=  0.16%     29.86 GF/s  setup=0.000 s
d1_pow2                  L=128 B=1     m=1     inner=284296 min=     0.140 us/xform  median=     0.140  sd=  0.06%     31.96 GF/s  setup=0.001 s
d1_pow2                  L=128 B=1     m=1     inner=283912 min=     0.133 us/xform  median=     0.140  sd=  1.56%     33.74 GF/s  setup=0.001 s
d1_pow2                  L=128 B=1     m=1     inner=323188 min=     0.123 us/xform  median=     0.123  sd=  0.02%     36.40 GF/s  setup=0.001 s
d1_pow2                  L=128 B=1     m=1     inner=223402 min=     0.141 us/xform  median=     0.141  sd=  0.03%     31.76 GF/s  setup=0.001 s
d1_pow2                  L=128 B=1     m=1     inner=217914 min=     0.141 us/xform  median=     0.141  sd=  0.11%     31.68 GF/s  setup=0.001 s
d1_pow2                  L=128 B=1     m=1     inner=267772 min=     0.149 us/xform  median=     0.149  sd=  0.20%     30.12 GF/s  setup=0.001 s
d1_pow2                  L=128 B=1     m=1     inner=216864 min=     0.140 us/xform  median=     0.140  sd=  0.08%     32.03 GF/s  setup=0.001 s
d1_pow2                  L=128 B=1     m=1     inner=282588 min=     0.141 us/xform  median=     0.141  sd=  0.08%     31.78 GF/s  setup=0.001 s
d1_pow2                  L=128 B=1     m=1     inner=213082 min=     0.142 us/xform  median=     0.142  sd=  0.06%     31.51 GF/s  setup=0.001 s
d1_race                  L=128 B=1     m=1     inner=348598 min=     0.113 us/xform  median=     0.113  sd=  0.14%     39.61 GF/s  setup=0.090 s
d1_race                  L=128 B=1     m=1     inner=170774 min=     0.111 us/xform  median=     0.111  sd=  0.12%     40.49 GF/s  setup=0.012 s
d1_race                  L=128 B=1     m=1     inner=178584 min=     0.097 us/xform  median=     0.097  sd=  1.07%     46.16 GF/s  setup=0.008 s
d1_race                  L=128 B=1     m=1     inner=394512 min=     0.097 us/xform  median=     0.097  sd=  0.06%     46.05 GF/s  setup=0.006 s
d1_race                  L=128 B=1     m=1     inner=185126 min=     0.111 us/xform  median=     0.111  sd=  0.08%     40.43 GF/s  setup=0.012 s
d1_race                  L=128 B=1     m=1     inner=174592 min=     0.099 us/xform  median=     0.100  sd=  1.06%     45.05 GF/s  setup=0.008 s
d1_race                  L=128 B=1     m=1     inner=227246 min=     0.110 us/xform  median=     0.110  sd=  0.06%     40.63 GF/s  setup=0.010 s
d1_race                  L=128 B=1     m=1     inner=179330 min=     0.097 us/xform  median=     0.097  sd=  0.74%     46.05 GF/s  setup=0.009 s
d1_race                  L=128 B=1     m=1     inner=177112 min=     0.111 us/xform  median=     0.111  sd=  0.10%     40.45 GF/s  setup=0.010 s
d1_twiddle               L=128 B=1     m=1     inner=288208 min=     0.135 us/xform  median=     0.135  sd=  0.08%     33.14 GF/s  setup=0.000 s
d1_twiddle               L=128 B=1     m=1     inner=193754 min=     0.140 us/xform  median=     0.140  sd=  0.14%     32.09 GF/s  setup=0.000 s
d1_twiddle               L=128 B=1     m=1     inner=239412 min=     0.132 us/xform  median=     0.132  sd=  0.04%     33.90 GF/s  setup=0.000 s
d1_twiddle               L=128 B=1     m=1     inner=296344 min=     0.134 us/xform  median=     0.135  sd=  0.07%     33.36 GF/s  setup=0.000 s
d1_twiddle               L=128 B=1     m=1     inner=301938 min=     0.132 us/xform  median=     0.132  sd=  0.07%     33.93 GF/s  setup=0.000 s
d1_twiddle               L=128 B=1     m=1     inner=232402 min=     0.119 us/xform  median=     0.119  sd=  0.09%     37.69 GF/s  setup=0.000 s
d1_twiddle               L=128 B=1     m=1     inner=316474 min=     0.123 us/xform  median=     0.123  sd=  0.09%     36.49 GF/s  setup=0.000 s
d1_twiddle               L=128 B=1     m=1     inner=239660 min=     0.132 us/xform  median=     0.132  sd=  0.05%     33.89 GF/s  setup=0.000 s
d1_twiddle               L=128 B=1     m=1     inner=296962 min=     0.134 us/xform  median=     0.134  sd=  0.06%     33.50 GF/s  setup=0.000 s
fftw1d_custom            L=128 B=1     m=1     inner=39990  min=     0.772 us/xform  median=     0.772  sd=  0.03%      5.80 GF/s  setup=0.000 s
fftw1d_custom            L=128 B=1     m=1     inner=23444  min=     0.772 us/xform  median=     0.772  sd=  0.21%      5.80 GF/s  setup=0.000 s
fftw1d_custom            L=128 B=1     m=1     inner=46582  min=     0.772 us/xform  median=     0.772  sd=  0.01%      5.80 GF/s  setup=0.000 s
fftw1d_custom            L=128 B=1     m=1     inner=34168  min=     0.771 us/xform  median=     0.772  sd=  0.05%      5.81 GF/s  setup=0.000 s
fftw1d_custom            L=128 B=1     m=1     inner=36290  min=     0.772 us/xform  median=     0.772  sd=  0.03%      5.80 GF/s  setup=0.000 s
fftw1d_custom            L=128 B=1     m=1     inner=44738  min=     0.772 us/xform  median=     0.773  sd=  0.02%      5.80 GF/s  setup=0.000 s
fftw1d_custom            L=128 B=1     m=1     inner=35776  min=     0.772 us/xform  median=     0.772  sd=  0.02%      5.80 GF/s  setup=0.000 s
fftw1d_custom            L=128 B=1     m=1     inner=35436  min=     0.772 us/xform  median=     0.772  sd=  0.02%      5.80 GF/s  setup=0.000 s
fftw1d_custom            L=128 B=1     m=1     inner=46990  min=     0.772 us/xform  median=     0.772  sd=  0.01%      5.80 GF/s  setup=0.000 s
fftw1d_estimate          L=128 B=1     m=1     inner=230698 min=     0.172 us/xform  median=     0.172  sd=  0.19%     26.09 GF/s  setup=0.001 s
fftw1d_estimate          L=128 B=1     m=1     inner=181664 min=     0.174 us/xform  median=     0.175  sd=  0.27%     25.74 GF/s  setup=0.001 s
fftw1d_estimate          L=128 B=1     m=1     inner=183888 min=     0.173 us/xform  median=     0.174  sd=  0.20%     25.91 GF/s  setup=0.001 s
fftw1d_estimate          L=128 B=1     m=1     inner=171032 min=     0.181 us/xform  median=     0.182  sd=  0.31%     24.79 GF/s  setup=0.001 s
fftw1d_estimate          L=128 B=1     m=1     inner=183866 min=     0.172 us/xform  median=     0.173  sd=  0.15%     25.97 GF/s  setup=0.001 s
fftw1d_estimate          L=128 B=1     m=1     inner=185156 min=     0.174 us/xform  median=     0.174  sd=  0.22%     25.80 GF/s  setup=0.001 s
fftw1d_estimate          L=128 B=1     m=1     inner=233178 min=     0.170 us/xform  median=     0.171  sd=  0.24%     26.40 GF/s  setup=0.001 s
fftw1d_estimate          L=128 B=1     m=1     inner=233586 min=     0.170 us/xform  median=     0.170  sd=  0.31%     26.42 GF/s  setup=0.001 s
fftw1d_estimate          L=128 B=1     m=1     inner=179354 min=     0.169 us/xform  median=     0.171  sd=  0.25%     26.46 GF/s  setup=0.001 s
fftw1d_measure           L=128 B=1     m=1     inner=297470 min=     0.133 us/xform  median=     0.133  sd=  0.04%     33.81 GF/s  setup=0.040 s
fftw1d_measure           L=128 B=1     m=1     inner=337628 min=     0.118 us/xform  median=     0.118  sd=  0.01%     38.05 GF/s  setup=0.040 s
fftw1d_measure           L=128 B=1     m=1     inner=156180 min=     0.130 us/xform  median=     0.130  sd=  0.09%     34.51 GF/s  setup=0.040 s
fftw1d_measure           L=128 B=1     m=1     inner=293764 min=     0.135 us/xform  median=     0.136  sd=  0.06%     33.08 GF/s  setup=0.040 s
fftw1d_measure           L=128 B=1     m=1     inner=334258 min=     0.119 us/xform  median=     0.119  sd=  0.04%     37.59 GF/s  setup=0.040 s
fftw1d_measure           L=128 B=1     m=1     inner=335916 min=     0.118 us/xform  median=     0.119  sd=  0.05%     37.82 GF/s  setup=0.040 s
fftw1d_measure           L=128 B=1     m=1     inner=328676 min=     0.121 us/xform  median=     0.121  sd=  0.03%     36.97 GF/s  setup=0.040 s
fftw1d_measure           L=128 B=1     m=1     inner=322230 min=     0.123 us/xform  median=     0.123  sd=  0.08%     36.40 GF/s  setup=0.040 s
fftw1d_measure           L=128 B=1     m=1     inner=328636 min=     0.121 us/xform  median=     0.121  sd=  0.02%     36.94 GF/s  setup=0.040 s
fftw1d_patient           L=128 B=1     m=1     inner=320580 min=     0.124 us/xform  median=     0.124  sd=  0.03%     36.09 GF/s  setup=0.137 s
fftw1d_patient           L=128 B=1     m=1     inner=337710 min=     0.118 us/xform  median=     0.118  sd=  0.03%     37.99 GF/s  setup=0.137 s
fftw1d_patient           L=128 B=1     m=1     inner=331586 min=     0.120 us/xform  median=     0.120  sd=  0.05%     37.21 GF/s  setup=0.136 s
fftw1d_patient           L=128 B=1     m=1     inner=338544 min=     0.104 us/xform  median=     0.118  sd=  6.42%     43.28 GF/s  setup=0.136 s
fftw1d_patient           L=128 B=1     m=1     inner=388078 min=     0.103 us/xform  median=     0.103  sd=  0.06%     43.68 GF/s  setup=0.134 s
fftw1d_patient           L=128 B=1     m=1     inner=375160 min=     0.106 us/xform  median=     0.106  sd=  0.06%     42.21 GF/s  setup=0.134 s
fftw1d_patient           L=128 B=1     m=1     inner=387032 min=     0.103 us/xform  median=     0.103  sd=  0.06%     43.59 GF/s  setup=0.134 s
fftw1d_patient           L=128 B=1     m=1     inner=385668 min=     0.103 us/xform  median=     0.103  sd=  0.02%     43.33 GF/s  setup=0.135 s
fftw1d_patient           L=128 B=1     m=1     inner=381476 min=     0.104 us/xform  median=     0.104  sd=  0.05%     42.91 GF/s  setup=0.134 s
mkl1d_dfti               L=128 B=1     m=1     inner=202116 min=     0.104 us/xform  median=     0.104  sd=  0.43%     43.24 GF/s  setup=0.002 s
mkl1d_dfti               L=128 B=1     m=1     inner=322262 min=     0.105 us/xform  median=     0.105  sd=  0.32%     42.70 GF/s  setup=0.002 s
mkl1d_dfti               L=128 B=1     m=1     inner=317538 min=     0.105 us/xform  median=     0.106  sd=  0.30%     42.52 GF/s  setup=0.002 s
mkl1d_dfti               L=128 B=1     m=1     inner=380576 min=     0.105 us/xform  median=     0.105  sd=  0.26%     42.78 GF/s  setup=0.001 s
mkl1d_dfti               L=128 B=1     m=1     inner=191821 min=     0.104 us/xform  median=     0.105  sd=  0.37%     42.92 GF/s  setup=0.001 s
mkl1d_dfti               L=128 B=1     m=1     inner=363016 min=     0.096 us/xform  median=     0.110  sd=  6.33%     46.47 GF/s  setup=0.001 s
mkl1d_dfti               L=128 B=1     m=1     inner=305434 min=     0.105 us/xform  median=     0.106  sd=  0.25%     42.63 GF/s  setup=0.001 s
mkl1d_dfti               L=128 B=1     m=1     inner=190624 min=     0.104 us/xform  median=     0.105  sd=  0.45%     43.04 GF/s  setup=0.001 s
mkl1d_dfti               L=128 B=1     m=1     inner=381414 min=     0.104 us/xform  median=     0.104  sd=  0.32%     43.17 GF/s  setup=0.001 s
   skipping baseline_dft at L=128 B=512 (too expensive to be informative)
d1_batchlane             L=128 B=512   m=1     inner=257    min=     0.145 us/xform  median=     0.148  sd=  1.21%     30.99 GF/s  setup=0.000 s
d1_batchlane             L=128 B=512   m=1     inner=350    min=     0.163 us/xform  median=     0.164  sd=  0.07%     27.42 GF/s  setup=0.000 s
d1_batchlane             L=128 B=512   m=1     inner=422    min=     0.149 us/xform  median=     0.150  sd=  0.20%     29.97 GF/s  setup=0.000 s
d1_batchlane             L=128 B=512   m=1     inner=364    min=     0.166 us/xform  median=     0.166  sd=  0.65%     27.07 GF/s  setup=0.000 s
d1_batchlane             L=128 B=512   m=1     inner=404    min=     0.163 us/xform  median=     0.164  sd=  0.29%     27.56 GF/s  setup=0.000 s
d1_batchlane             L=128 B=512   m=1     inner=390    min=     0.163 us/xform  median=     0.163  sd=  0.05%     27.51 GF/s  setup=0.000 s
d1_batchlane             L=128 B=512   m=1     inner=412    min=     0.159 us/xform  median=     0.163  sd=  0.92%     28.14 GF/s  setup=0.000 s
d1_batchlane             L=128 B=512   m=1     inner=392    min=     0.150 us/xform  median=     0.150  sd=  0.09%     29.85 GF/s  setup=0.000 s
d1_batchlane             L=128 B=512   m=1     inner=400    min=     0.166 us/xform  median=     0.166  sd=  0.05%     27.03 GF/s  setup=0.000 s
d1_bluestein             L=128 B=512   m=1     inner=284    min=     0.295 us/xform  median=     0.300  sd=  0.46%     15.20 GF/s  setup=0.001 s
d1_bluestein             L=128 B=512   m=1     inner=113    min=     0.349 us/xform  median=     0.349  sd=  0.15%     12.85 GF/s  setup=0.001 s
d1_bluestein             L=128 B=512   m=1     inner=174    min=     0.263 us/xform  median=     0.263  sd=  4.16%     17.05 GF/s  setup=0.001 s
d1_bluestein             L=128 B=512   m=1     inner=220    min=     0.290 us/xform  median=     0.302  sd=  1.19%     15.43 GF/s  setup=0.001 s
d1_bluestein             L=128 B=512   m=1     inner=230    min=     0.337 us/xform  median=     0.337  sd=  0.04%     13.30 GF/s  setup=0.001 s
d1_bluestein             L=128 B=512   m=1     inner=188    min=     0.319 us/xform  median=     0.319  sd=  0.22%     14.04 GF/s  setup=0.001 s
d1_bluestein             L=128 B=512   m=1     inner=246    min=     0.298 us/xform  median=     0.299  sd=  0.68%     15.03 GF/s  setup=0.001 s
d1_bluestein             L=128 B=512   m=1     inner=216    min=     0.300 us/xform  median=     0.301  sd=  0.84%     14.91 GF/s  setup=0.001 s
d1_bluestein             L=128 B=512   m=1     inner=129    min=     0.302 us/xform  median=     0.302  sd=  0.10%     14.86 GF/s  setup=0.001 s
d1_planner               L=128 B=512   m=1     inner=342    min=     0.207 us/xform  median=     0.208  sd=  0.18%     21.61 GF/s  setup=0.000 s
d1_planner               L=128 B=512   m=1     inner=187    min=     0.208 us/xform  median=     0.209  sd=  0.25%     21.52 GF/s  setup=0.000 s
d1_planner               L=128 B=512   m=1     inner=266    min=     0.222 us/xform  median=     0.222  sd=  0.15%     20.22 GF/s  setup=0.000 s
d1_planner               L=128 B=512   m=1     inner=288    min=     0.249 us/xform  median=     0.250  sd=  0.15%     17.96 GF/s  setup=0.000 s
d1_planner               L=128 B=512   m=1     inner=302    min=     0.248 us/xform  median=     0.257  sd=  1.85%     18.04 GF/s  setup=0.000 s
d1_planner               L=128 B=512   m=1     inner=149    min=     0.262 us/xform  median=     0.263  sd=  0.14%     17.11 GF/s  setup=0.000 s
d1_planner               L=128 B=512   m=1     inner=146    min=     0.258 us/xform  median=     0.259  sd=  1.20%     17.36 GF/s  setup=0.000 s
d1_planner               L=128 B=512   m=1     inner=290    min=     0.194 us/xform  median=     0.246  sd= 13.40%     23.05 GF/s  setup=0.000 s
d1_planner               L=128 B=512   m=1     inner=276    min=     0.228 us/xform  median=     0.230  sd=  0.45%     19.62 GF/s  setup=0.000 s
d1_pow2                  L=128 B=512   m=1     inner=410    min=     0.162 us/xform  median=     0.162  sd=  1.08%     27.60 GF/s  setup=0.001 s
d1_pow2                  L=128 B=512   m=1     inner=240    min=     0.162 us/xform  median=     0.163  sd=  0.16%     27.57 GF/s  setup=0.001 s
d1_pow2                  L=128 B=512   m=1     inner=352    min=     0.182 us/xform  median=     0.183  sd=  0.06%     24.56 GF/s  setup=0.001 s
d1_pow2                  L=128 B=512   m=1     inner=340    min=     0.167 us/xform  median=     0.167  sd=  0.36%     26.88 GF/s  setup=0.001 s
d1_pow2                  L=128 B=512   m=1     inner=342    min=     0.183 us/xform  median=     0.183  sd=  0.06%     24.50 GF/s  setup=0.001 s
d1_pow2                  L=128 B=512   m=1     inner=416    min=     0.184 us/xform  median=     0.184  sd=  0.04%     24.35 GF/s  setup=0.001 s
d1_pow2                  L=128 B=512   m=1     inner=418    min=     0.183 us/xform  median=     0.183  sd=  0.06%     24.48 GF/s  setup=0.001 s
d1_pow2                  L=128 B=512   m=1     inner=212    min=     0.182 us/xform  median=     0.182  sd=  0.10%     24.62 GF/s  setup=0.001 s
d1_pow2                  L=128 B=512   m=1     inner=354    min=     0.164 us/xform  median=     0.164  sd=  0.06%     27.34 GF/s  setup=0.001 s
d1_race                  L=128 B=512   m=1     inner=350    min=     0.173 us/xform  median=     0.173  sd=  0.62%     25.96 GF/s  setup=1.016 s
d1_race                  L=128 B=512   m=1     inner=526    min=     0.150 us/xform  median=     0.150  sd=  0.06%     29.88 GF/s  setup=0.010 s
d1_race                  L=128 B=512   m=1     inner=261    min=     0.149 us/xform  median=     0.149  sd=  0.10%     30.15 GF/s  setup=0.008 s
d1_race                  L=128 B=512   m=1     inner=256    min=     0.149 us/xform  median=     0.150  sd=  0.34%     29.98 GF/s  setup=0.009 s
d1_race                  L=128 B=512   m=1     inner=400    min=     0.164 us/xform  median=     0.164  sd=  0.10%     27.37 GF/s  setup=0.014 s
d1_race                  L=128 B=512   m=1     inner=414    min=     0.149 us/xform  median=     0.150  sd=  0.17%     29.97 GF/s  setup=0.009 s
d1_race                  L=128 B=512   m=1     inner=396    min=     0.163 us/xform  median=     0.164  sd=  0.08%     27.42 GF/s  setup=0.013 s
d1_race                  L=128 B=512   m=1     inner=422    min=     0.149 us/xform  median=     0.150  sd=  0.04%     29.98 GF/s  setup=0.009 s
d1_race                  L=128 B=512   m=1     inner=260    min=     0.148 us/xform  median=     0.149  sd=  0.12%     30.20 GF/s  setup=0.008 s
d1_twiddle               L=128 B=512   m=1     inner=274    min=     0.176 us/xform  median=     0.176  sd=  5.10%     25.49 GF/s  setup=0.000 s
d1_twiddle               L=128 B=512   m=1     inner=222    min=     0.174 us/xform  median=     0.175  sd=  0.11%     25.74 GF/s  setup=0.000 s
d1_twiddle               L=128 B=512   m=1     inner=217    min=     0.178 us/xform  median=     0.178  sd=  0.10%     25.15 GF/s  setup=0.000 s
d1_twiddle               L=128 B=512   m=1     inner=212    min=     0.167 us/xform  median=     0.183  sd=  3.24%     26.84 GF/s  setup=0.000 s
d1_twiddle               L=128 B=512   m=1     inner=368    min=     0.180 us/xform  median=     0.180  sd=  0.08%     24.90 GF/s  setup=0.000 s
d1_twiddle               L=128 B=512   m=1     inner=221    min=     0.177 us/xform  median=     0.177  sd=  0.05%     25.30 GF/s  setup=0.000 s
d1_twiddle               L=128 B=512   m=1     inner=352    min=     0.192 us/xform  median=     0.194  sd=  0.23%     23.31 GF/s  setup=0.000 s
d1_twiddle               L=128 B=512   m=1     inner=414    min=     0.185 us/xform  median=     0.185  sd=  0.07%     24.19 GF/s  setup=0.000 s
d1_twiddle               L=128 B=512   m=1     inner=336    min=     0.175 us/xform  median=     0.176  sd=  0.14%     25.53 GF/s  setup=0.000 s
fftw1d_custom            L=128 B=512   m=1     inner=46     min=     0.869 us/xform  median=     0.917  sd=  2.57%      5.16 GF/s  setup=0.000 s
fftw1d_custom            L=128 B=512   m=1     inner=70     min=     0.996 us/xform  median=     0.997  sd=  0.08%      4.50 GF/s  setup=0.000 s
fftw1d_custom            L=128 B=512   m=1     inner=64     min=     0.933 us/xform  median=     0.934  sd=  0.14%      4.80 GF/s  setup=0.000 s
fftw1d_custom            L=128 B=512   m=1     inner=68     min=     0.997 us/xform  median=     1.002  sd=  0.21%      4.50 GF/s  setup=0.000 s
fftw1d_custom            L=128 B=512   m=1     inner=39     min=     1.035 us/xform  median=     1.037  sd=  0.10%      4.33 GF/s  setup=0.000 s
fftw1d_custom            L=128 B=512   m=1     inner=60     min=     0.728 us/xform  median=     0.729  sd=  3.37%      6.16 GF/s  setup=0.000 s
fftw1d_custom            L=128 B=512   m=1     inner=74     min=     0.911 us/xform  median=     0.937  sd=  0.80%      4.92 GF/s  setup=0.000 s
fftw1d_custom            L=128 B=512   m=1     inner=68     min=     0.997 us/xform  median=     0.998  sd=  0.04%      4.49 GF/s  setup=0.000 s
fftw1d_custom            L=128 B=512   m=1     inner=66     min=     0.724 us/xform  median=     0.725  sd=  1.86%      6.19 GF/s  setup=0.000 s
fftw1d_custom_soa        L=128 B=512   m=1     inner=70     min=     0.572 us/xform  median=     0.581  sd=  0.58%      7.83 GF/s  setup=0.000 s
fftw1d_custom_soa        L=128 B=512   m=1     inner=110    min=     0.555 us/xform  median=     0.555  sd=  1.00%      8.08 GF/s  setup=0.000 s
fftw1d_custom_soa        L=128 B=512   m=1     inner=114    min=     0.565 us/xform  median=     0.565  sd=  0.03%      7.93 GF/s  setup=0.000 s
fftw1d_custom_soa        L=128 B=512   m=1     inner=136    min=     0.562 us/xform  median=     0.562  sd=  0.02%      7.97 GF/s  setup=0.000 s
fftw1d_custom_soa        L=128 B=512   m=1     inner=138    min=     0.560 us/xform  median=     0.560  sd=  0.01%      8.00 GF/s  setup=0.000 s
fftw1d_custom_soa        L=128 B=512   m=1     inner=138    min=     0.512 us/xform  median=     0.512  sd=  2.35%      8.75 GF/s  setup=0.000 s
fftw1d_custom_soa        L=128 B=512   m=1     inner=152    min=     0.511 us/xform  median=     0.511  sd=  0.01%      8.77 GF/s  setup=0.000 s
fftw1d_custom_soa        L=128 B=512   m=1     inner=76     min=     0.514 us/xform  median=     0.514  sd=  0.05%      8.72 GF/s  setup=0.000 s
fftw1d_custom_soa        L=128 B=512   m=1     inner=116    min=     0.556 us/xform  median=     0.557  sd=  0.02%      8.05 GF/s  setup=0.000 s
fftw1d_estimate          L=128 B=512   m=1     inner=150    min=     0.538 us/xform  median=     0.668  sd=  8.12%      8.32 GF/s  setup=0.001 s
fftw1d_estimate          L=128 B=512   m=1     inner=102    min=     0.646 us/xform  median=     0.648  sd=  0.18%      6.93 GF/s  setup=0.001 s
fftw1d_estimate          L=128 B=512   m=1     inner=120    min=     0.642 us/xform  median=     0.644  sd=  0.15%      6.98 GF/s  setup=0.001 s
fftw1d_estimate          L=128 B=512   m=1     inner=120    min=     0.639 us/xform  median=     0.641  sd=  0.29%      7.01 GF/s  setup=0.001 s
fftw1d_estimate          L=128 B=512   m=1     inner=114    min=     0.453 us/xform  median=     0.644  sd= 15.39%      9.88 GF/s  setup=0.001 s
fftw1d_estimate          L=128 B=512   m=1     inner=166    min=     0.450 us/xform  median=     0.451  sd=  0.06%      9.94 GF/s  setup=0.001 s
fftw1d_estimate          L=128 B=512   m=1     inner=170    min=     0.450 us/xform  median=     0.451  sd=  0.11%      9.95 GF/s  setup=0.000 s
fftw1d_estimate          L=128 B=512   m=1     inner=172    min=     0.449 us/xform  median=     0.449  sd=  0.06%      9.98 GF/s  setup=0.000 s
fftw1d_estimate          L=128 B=512   m=1     inner=172    min=     0.451 us/xform  median=     0.451  sd=  0.06%      9.94 GF/s  setup=0.000 s
fftw1d_measure           L=128 B=512   m=1     inner=408    min=     0.182 us/xform  median=     0.182  sd=  0.04%     24.66 GF/s  setup=0.047 s
fftw1d_measure           L=128 B=512   m=1     inner=372    min=     0.206 us/xform  median=     0.206  sd=  0.02%     21.71 GF/s  setup=0.050 s
fftw1d_measure           L=128 B=512   m=1     inner=356    min=     0.207 us/xform  median=     0.209  sd=  1.25%     21.67 GF/s  setup=0.050 s
fftw1d_measure           L=128 B=512   m=1     inner=348    min=     0.206 us/xform  median=     0.206  sd=  0.05%     21.77 GF/s  setup=0.050 s
fftw1d_measure           L=128 B=512   m=1     inner=177    min=     0.208 us/xform  median=     0.208  sd=  1.13%     21.57 GF/s  setup=0.050 s
fftw1d_measure           L=128 B=512   m=1     inner=342    min=     0.212 us/xform  median=     0.212  sd=  0.04%     21.15 GF/s  setup=0.050 s
fftw1d_measure           L=128 B=512   m=1     inner=332    min=     0.207 us/xform  median=     0.207  sd=  0.28%     21.66 GF/s  setup=0.050 s
fftw1d_measure           L=128 B=512   m=1     inner=412    min=     0.189 us/xform  median=     0.189  sd=  0.06%     23.75 GF/s  setup=0.046 s
fftw1d_measure           L=128 B=512   m=1     inner=374    min=     0.206 us/xform  median=     0.206  sd=  0.03%     21.71 GF/s  setup=0.050 s
fftw1d_patient           L=128 B=512   m=1     inner=210    min=     0.214 us/xform  median=     0.214  sd=  5.89%     20.95 GF/s  setup=0.858 s
fftw1d_patient           L=128 B=512   m=1     inner=422    min=     0.184 us/xform  median=     0.184  sd=  0.03%     24.30 GF/s  setup=0.756 s
fftw1d_patient           L=128 B=512   m=1     inner=420    min=     0.185 us/xform  median=     0.185  sd=  0.05%     24.25 GF/s  setup=0.696 s
fftw1d_patient           L=128 B=512   m=1     inner=422    min=     0.184 us/xform  median=     0.184  sd=  0.03%     24.31 GF/s  setup=0.698 s
fftw1d_patient           L=128 B=512   m=1     inner=416    min=     0.187 us/xform  median=     0.187  sd=  0.02%     24.01 GF/s  setup=0.700 s
fftw1d_patient           L=128 B=512   m=1     inner=426    min=     0.183 us/xform  median=     0.183  sd=  0.04%     24.51 GF/s  setup=0.699 s
fftw1d_patient           L=128 B=512   m=1     inner=426    min=     0.182 us/xform  median=     0.182  sd=  0.04%     24.58 GF/s  setup=0.691 s
fftw1d_patient           L=128 B=512   m=1     inner=420    min=     0.185 us/xform  median=     0.185  sd=  0.02%     24.18 GF/s  setup=0.708 s
fftw1d_patient           L=128 B=512   m=1     inner=210    min=     0.186 us/xform  median=     0.186  sd=  0.04%     24.05 GF/s  setup=0.703 s
mkl1d_dfti               L=128 B=512   m=1     inner=536    min=     0.141 us/xform  median=     0.141  sd=  0.10%     31.86 GF/s  setup=0.002 s
mkl1d_dfti               L=128 B=512   m=1     inner=540    min=     0.141 us/xform  median=     0.141  sd=  0.06%     31.73 GF/s  setup=0.001 s
mkl1d_dfti               L=128 B=512   m=1     inner=277    min=     0.142 us/xform  median=     0.142  sd=  0.09%     31.57 GF/s  setup=0.001 s
mkl1d_dfti               L=128 B=512   m=1     inner=426    min=     0.156 us/xform  median=     0.157  sd=  0.10%     28.67 GF/s  setup=0.001 s
mkl1d_dfti               L=128 B=512   m=1     inner=247    min=     0.157 us/xform  median=     0.157  sd=  0.11%     28.58 GF/s  setup=0.001 s
mkl1d_dfti               L=128 B=512   m=1     inner=492    min=     0.155 us/xform  median=     0.155  sd=  0.06%     28.97 GF/s  setup=0.001 s
mkl1d_dfti               L=128 B=512   m=1     inner=422    min=     0.142 us/xform  median=     0.142  sd=  0.07%     31.57 GF/s  setup=0.001 s
mkl1d_dfti               L=128 B=512   m=1     inner=277    min=     0.141 us/xform  median=     0.141  sd=  0.14%     31.75 GF/s  setup=0.001 s
mkl1d_dfti               L=128 B=512   m=1     inner=428    min=     0.156 us/xform  median=     0.156  sd=  0.07%     28.69 GF/s  setup=0.002 s
baseline_dft             L=128 B=1     m=30000 inner=1      min=    28.469 us/xform  median=    28.470  sd=  0.00%      0.16 GF/s  setup=0.001 s
baseline_dft             L=128 B=1     m=30000 inner=1      min=    28.467 us/xform  median=    28.469  sd=  0.00%      0.16 GF/s  setup=0.000 s
baseline_dft             L=128 B=1     m=30000 inner=1      min=    28.472 us/xform  median=    28.473  sd=  0.00%      0.16 GF/s  setup=0.001 s
baseline_dft             L=128 B=1     m=2     inner=34     min=    30.177 us/xform  median=    30.177  sd=  0.00%      0.15 GF/s  setup=0.001 s
d1_batchlane             L=128 B=1     m=30000 inner=6      min=     0.186 us/xform  median=     0.186  sd=  0.02%     24.15 GF/s  setup=0.000 s
d1_batchlane             L=128 B=1     m=30000 inner=6      min=     0.191 us/xform  median=     0.191  sd=  0.02%     23.48 GF/s  setup=0.000 s
d1_batchlane             L=128 B=1     m=30000 inner=6      min=     0.185 us/xform  median=     0.185  sd=  0.03%     24.22 GF/s  setup=0.000 s
d1_batchlane             L=128 B=1     m=2     inner=3670   min=     0.259 us/xform  median=     0.259  sd=  0.00%     17.30 GF/s  setup=0.000 s
d1_bluestein             L=128 B=1     m=30000 inner=1      min=     0.706 us/xform  median=     0.706  sd=  0.03%      6.34 GF/s  setup=0.001 s
d1_bluestein             L=128 B=1     m=30000 inner=2      min=     0.665 us/xform  median=     0.665  sd=  0.03%      6.74 GF/s  setup=0.001 s
d1_bluestein             L=128 B=1     m=30000 inner=2      min=     0.584 us/xform  median=     0.584  sd=  0.03%      7.67 GF/s  setup=0.001 s
d1_bluestein             L=128 B=1     m=2     inner=806    min=     0.695 us/xform  median=     0.695  sd=  0.00%      6.45 GF/s  setup=0.001 s
d1_planner               L=128 B=1     m=30000 inner=4      min=     0.283 us/xform  median=     0.283  sd=  0.08%     15.82 GF/s  setup=0.000 s
d1_planner               L=128 B=1     m=30000 inner=4      min=     0.330 us/xform  median=     0.330  sd=  0.07%     13.58 GF/s  setup=0.000 s
d1_planner               L=128 B=1     m=30000 inner=4      min=     0.285 us/xform  median=     0.285  sd=  0.03%     15.72 GF/s  setup=0.000 s
d1_planner               L=128 B=1     m=2     inner=2384   min=     0.395 us/xform  median=     0.395  sd=  0.00%     11.35 GF/s  setup=0.000 s
d1_pow2                  L=128 B=1     m=30000 inner=4      min=     0.257 us/xform  median=     0.257  sd=  0.04%     17.45 GF/s  setup=0.001 s
d1_pow2                  L=128 B=1     m=30000 inner=4      min=     0.250 us/xform  median=     0.250  sd=  0.03%     17.91 GF/s  setup=0.001 s
d1_pow2                  L=128 B=1     m=30000 inner=4      min=     0.228 us/xform  median=     0.228  sd=  0.04%     19.67 GF/s  setup=0.001 s
d1_pow2                  L=128 B=1     m=2     inner=3444   min=     0.280 us/xform  median=     0.280  sd=  0.00%     15.97 GF/s  setup=0.001 s
d1_race                  L=128 B=1     m=30000 inner=6      min=     0.162 us/xform  median=     0.163  sd=  0.02%     27.57 GF/s  setup=0.006 s
d1_race                  L=128 B=1     m=30000 inner=8      min=     0.165 us/xform  median=     0.165  sd=  0.01%     27.14 GF/s  setup=0.006 s
d1_race                  L=128 B=1     m=30000 inner=6      min=     0.185 us/xform  median=     0.185  sd=  0.01%     24.23 GF/s  setup=0.012 s
d1_race                  L=128 B=1     m=2     inner=3162   min=     0.291 us/xform  median=     0.291  sd=  0.00%     15.37 GF/s  setup=0.008 s
d1_twiddle               L=128 B=1     m=30000 inner=2      min=     0.335 us/xform  median=     0.336  sd=  0.04%     13.36 GF/s  setup=0.000 s
d1_twiddle               L=128 B=1     m=30000 inner=4      min=     0.319 us/xform  median=     0.319  sd=  0.02%     14.04 GF/s  setup=0.000 s
d1_twiddle               L=128 B=1     m=30000 inner=4      min=     0.317 us/xform  median=     0.317  sd=  0.03%     14.13 GF/s  setup=0.000 s
d1_twiddle               L=128 B=1     m=2     inner=2704   min=     0.352 us/xform  median=     0.352  sd=  0.00%     12.73 GF/s  setup=0.000 s
fftw1d_custom            L=128 B=1     m=30000 inner=1      min=     0.746 us/xform  median=     0.746  sd=  0.01%      6.01 GF/s  setup=0.000 s
fftw1d_custom            L=128 B=1     m=30000 inner=1      min=     0.745 us/xform  median=     0.746  sd=  0.03%      6.02 GF/s  setup=0.000 s
fftw1d_custom            L=128 B=1     m=30000 inner=1      min=     0.899 us/xform  median=     0.900  sd=  0.02%      4.98 GF/s  setup=0.000 s
fftw1d_custom            L=128 B=1     m=2     inner=844    min=     1.102 us/xform  median=     1.102  sd=  0.00%      4.07 GF/s  setup=0.000 s
fftw1d_estimate          L=128 B=1     m=30000 inner=2      min=     0.602 us/xform  median=     0.603  sd=  0.06%      7.44 GF/s  setup=0.001 s
fftw1d_estimate          L=128 B=1     m=30000 inner=2      min=     0.532 us/xform  median=     0.532  sd=  0.03%      8.42 GF/s  setup=0.001 s
fftw1d_estimate          L=128 B=1     m=30000 inner=2      min=     0.603 us/xform  median=     0.603  sd=  0.04%      7.43 GF/s  setup=0.001 s
fftw1d_estimate          L=128 B=1     m=2     inner=806    min=     0.619 us/xform  median=     0.619  sd=  0.00%      7.24 GF/s  setup=0.001 s
fftw1d_measure           L=128 B=1     m=30000 inner=2      min=     0.553 us/xform  median=     0.553  sd=  0.03%      8.11 GF/s  setup=0.040 s
fftw1d_measure           L=128 B=1     m=30000 inner=2      min=     0.555 us/xform  median=     0.555  sd=  0.01%      8.07 GF/s  setup=0.041 s
fftw1d_measure           L=128 B=1     m=30000 inner=2      min=     0.555 us/xform  median=     0.555  sd=  0.02%      8.07 GF/s  setup=0.040 s
fftw1d_measure           L=128 B=1     m=2     inner=1090   min=     0.566 us/xform  median=     0.566  sd=  0.00%      7.92 GF/s  setup=0.040 s
fftw1d_patient           L=128 B=1     m=30000 inner=2      min=     0.485 us/xform  median=     0.485  sd=  0.02%      9.23 GF/s  setup=0.135 s
fftw1d_patient           L=128 B=1     m=30000 inner=2      min=     0.493 us/xform  median=     0.493  sd=  0.02%      9.09 GF/s  setup=0.134 s
fftw1d_patient           L=128 B=1     m=30000 inner=2      min=     0.485 us/xform  median=     0.485  sd=  0.00%      9.24 GF/s  setup=0.134 s
fftw1d_patient           L=128 B=1     m=2     inner=994    min=     0.569 us/xform  median=     0.569  sd=  0.00%      7.87 GF/s  setup=0.137 s
mkl1d_dfti               L=128 B=1     m=30000 inner=2      min=     0.541 us/xform  median=     0.542  sd=  0.04%      8.28 GF/s  setup=0.002 s
mkl1d_dfti               L=128 B=1     m=30000 inner=2      min=     0.544 us/xform  median=     0.544  sd=  0.05%      8.24 GF/s  setup=0.002 s
mkl1d_dfti               L=128 B=1     m=30000 inner=2      min=     0.542 us/xform  median=     0.543  sd=  0.04%      8.26 GF/s  setup=0.002 s
mkl1d_dfti               L=128 B=1     m=2     inner=1226   min=     0.557 us/xform  median=     0.557  sd=  0.00%      8.04 GF/s  setup=0.002 s
   skipping baseline_dft at L=128 B=512 (too expensive to be informative)
d1_batchlane             L=128 B=512   m=250   inner=1      min=     0.217 us/xform  median=     0.217  sd=  0.05%     20.69 GF/s  setup=0.000 s
d1_batchlane             L=128 B=512   m=250   inner=1      min=     0.216 us/xform  median=     0.216  sd=  0.03%     20.76 GF/s  setup=0.000 s
d1_batchlane             L=128 B=512   m=250   inner=1      min=     0.216 us/xform  median=     0.216  sd=  0.02%     20.75 GF/s  setup=0.000 s
d1_batchlane             L=128 B=512   m=2     inner=4      min=     0.398 us/xform  median=     0.398  sd=  0.00%     11.27 GF/s  setup=0.000 s
d1_bluestein             L=128 B=512   m=250   inner=1      min=     0.640 us/xform  median=     0.684  sd=  7.67%      7.00 GF/s  setup=0.001 s
d1_bluestein             L=128 B=512   m=250   inner=1      min=     0.636 us/xform  median=     0.636  sd=  0.02%      7.05 GF/s  setup=0.001 s
d1_bluestein             L=128 B=512   m=250   inner=1      min=     0.635 us/xform  median=     0.635  sd=  0.02%      7.05 GF/s  setup=0.001 s
d1_bluestein             L=128 B=512   m=2     inner=2      min=     0.829 us/xform  median=     0.829  sd=  0.00%      5.40 GF/s  setup=0.001 s
d1_planner               L=128 B=512   m=250   inner=1      min=     0.324 us/xform  median=     0.324  sd=  0.02%     13.82 GF/s  setup=0.000 s
d1_planner               L=128 B=512   m=250   inner=1      min=     0.284 us/xform  median=     0.284  sd=  0.01%     15.78 GF/s  setup=0.000 s
d1_planner               L=128 B=512   m=250   inner=1      min=     0.285 us/xform  median=     0.285  sd=  0.04%     15.72 GF/s  setup=0.000 s
d1_planner               L=128 B=512   m=2     inner=2      min=     0.547 us/xform  median=     0.547  sd=  0.00%      8.18 GF/s  setup=0.000 s
d1_pow2                  L=128 B=512   m=250   inner=1      min=     0.187 us/xform  median=     0.187  sd=  0.04%     23.90 GF/s  setup=0.001 s
d1_pow2                  L=128 B=512   m=250   inner=1      min=     0.216 us/xform  median=     0.216  sd=  0.03%     20.73 GF/s  setup=0.001 s
d1_pow2                  L=128 B=512   m=250   inner=1      min=     0.215 us/xform  median=     0.215  sd=  0.03%     20.80 GF/s  setup=0.001 s
d1_pow2                  L=128 B=512   m=2     inner=4      min=     0.347 us/xform  median=     0.347  sd=  0.00%     12.92 GF/s  setup=0.001 s
d1_race                  L=128 B=512   m=250   inner=1      min=     0.213 us/xform  median=     0.213  sd=  0.07%     21.07 GF/s  setup=0.008 s
d1_race                  L=128 B=512   m=250   inner=1      min=     0.197 us/xform  median=     0.197  sd=  0.04%     22.78 GF/s  setup=0.010 s
d1_race                  L=128 B=512   m=250   inner=1      min=     0.197 us/xform  median=     0.197  sd=  0.03%     22.72 GF/s  setup=0.011 s
d1_race                  L=128 B=512   m=2     inner=4      min=     0.335 us/xform  median=     0.335  sd=  0.00%     13.36 GF/s  setup=0.007 s
d1_twiddle               L=128 B=512   m=250   inner=1      min=     0.211 us/xform  median=     0.211  sd=  0.06%     21.21 GF/s  setup=0.000 s
d1_twiddle               L=128 B=512   m=250   inner=1      min=     0.216 us/xform  median=     0.216  sd=  0.04%     20.75 GF/s  setup=0.000 s
d1_twiddle               L=128 B=512   m=250   inner=1      min=     0.211 us/xform  median=     0.211  sd=  0.02%     21.22 GF/s  setup=0.000 s
d1_twiddle               L=128 B=512   m=2     inner=4      min=     0.395 us/xform  median=     0.395  sd=  0.00%     11.35 GF/s  setup=0.000 s
fftw1d_custom            L=128 B=512   m=250   inner=1      min=     0.670 us/xform  median=     0.671  sd=  0.16%      6.69 GF/s  setup=0.000 s
fftw1d_custom            L=128 B=512   m=250   inner=1      min=     0.669 us/xform  median=     0.670  sd=  0.17%      6.70 GF/s  setup=0.000 s
fftw1d_custom            L=128 B=512   m=250   inner=1      min=     0.667 us/xform  median=     0.669  sd=  0.15%      6.71 GF/s  setup=0.000 s
fftw1d_custom            L=128 B=512   m=2     inner=1      min=     2.191 us/xform  median=     2.191  sd=  0.00%      2.04 GF/s  setup=0.000 s
fftw1d_custom_soa        L=128 B=512   m=250   inner=1      min=     0.401 us/xform  median=     0.402  sd=  0.14%     11.16 GF/s  setup=0.000 s
fftw1d_custom_soa        L=128 B=512   m=250   inner=1      min=     0.398 us/xform  median=     0.399  sd=  0.15%     11.25 GF/s  setup=0.000 s
fftw1d_custom_soa        L=128 B=512   m=250   inner=1      min=     0.400 us/xform  median=     0.400  sd=  0.47%     11.20 GF/s  setup=0.000 s
fftw1d_custom_soa        L=128 B=512   m=2     inner=1      min=     1.113 us/xform  median=     1.113  sd=  0.00%      4.03 GF/s  setup=0.000 s
fftw1d_estimate          L=128 B=512   m=250   inner=1      min=     0.845 us/xform  median=     0.845  sd=  2.90%      5.30 GF/s  setup=0.001 s
fftw1d_estimate          L=128 B=512   m=250   inner=1      min=     0.842 us/xform  median=     0.844  sd=  0.12%      5.32 GF/s  setup=0.001 s
fftw1d_estimate          L=128 B=512   m=250   inner=1      min=     0.844 us/xform  median=     0.845  sd=  0.07%      5.31 GF/s  setup=0.001 s
fftw1d_estimate          L=128 B=512   m=2     inner=1      min=     1.020 us/xform  median=     1.020  sd=  0.00%      4.39 GF/s  setup=0.001 s
fftw1d_measure           L=128 B=512   m=250   inner=1      min=     0.577 us/xform  median=     0.669  sd=  5.52%      7.76 GF/s  setup=0.049 s
fftw1d_measure           L=128 B=512   m=250   inner=1      min=     0.574 us/xform  median=     0.575  sd=  0.01%      7.80 GF/s  setup=0.046 s
fftw1d_measure           L=128 B=512   m=250   inner=1      min=     0.575 us/xform  median=     0.575  sd=  0.01%      7.79 GF/s  setup=0.046 s
fftw1d_measure           L=128 B=512   m=2     inner=2      min=     0.683 us/xform  median=     0.683  sd=  0.00%      6.56 GF/s  setup=0.049 s
fftw1d_patient           L=128 B=512   m=250   inner=1      min=     0.577 us/xform  median=     0.577  sd=  0.03%      7.77 GF/s  setup=0.825 s
fftw1d_patient           L=128 B=512   m=250   inner=1      min=     0.574 us/xform  median=     0.574  sd=  0.01%      7.81 GF/s  setup=0.701 s
fftw1d_patient           L=128 B=512   m=250   inner=1      min=     0.577 us/xform  median=     0.577  sd=  0.02%      7.76 GF/s  setup=0.707 s
fftw1d_patient           L=128 B=512   m=2     inner=1      min=     0.982 us/xform  median=     0.982  sd=  0.00%      4.56 GF/s  setup=0.899 s
mkl1d_dfti               L=128 B=512   m=250   inner=1      min=     0.538 us/xform  median=     0.538  sd=  0.01%      8.33 GF/s  setup=0.002 s
mkl1d_dfti               L=128 B=512   m=250   inner=1      min=     0.613 us/xform  median=     0.613  sd=  0.03%      7.31 GF/s  setup=0.002 s
mkl1d_dfti               L=128 B=512   m=250   inner=1      min=     0.535 us/xform  median=     0.535  sd=  0.01%      8.38 GF/s  setup=0.002 s
mkl1d_dfti               L=128 B=512   m=2     inner=2      min=     0.812 us/xform  median=     0.812  sd=  0.00%      5.52 GF/s  setup=0.002 s
baseline_dft             L=1024 B=1     m=1     inner=20     min=  1826.908 us/xform  median=  1828.810  sd=  0.16%      0.03 GF/s  setup=0.037 s
baseline_dft             L=1024 B=1     m=1     inner=20     min=  1826.677 us/xform  median=  1828.796  sd=  0.06%      0.03 GF/s  setup=0.027 s
baseline_dft             L=1024 B=1     m=1     inner=16     min=  2222.943 us/xform  median=  2246.958  sd=  0.33%      0.02 GF/s  setup=0.037 s
baseline_dft             L=1024 B=1     m=1     inner=20     min=  1828.116 us/xform  median=  1830.849  sd=  0.15%      0.03 GF/s  setup=0.037 s
baseline_dft             L=1024 B=1     m=1     inner=16     min=  2209.014 us/xform  median=  2234.334  sd=  0.59%      0.02 GF/s  setup=0.038 s
baseline_dft             L=1024 B=1     m=1     inner=20     min=  1821.320 us/xform  median=  1822.358  sd=  0.11%      0.03 GF/s  setup=0.028 s
baseline_dft             L=1024 B=1     m=1     inner=20     min=  1819.039 us/xform  median=  1820.293  sd=  0.06%      0.03 GF/s  setup=0.027 s
baseline_dft             L=1024 B=1     m=1     inner=20     min=  1822.263 us/xform  median=  1824.860  sd=  0.09%      0.03 GF/s  setup=0.027 s
baseline_dft             L=1024 B=1     m=1     inner=20     min=  1819.448 us/xform  median=  1820.314  sd=  0.05%      0.03 GF/s  setup=0.027 s
d1_bluestein             L=1024 B=1     m=1     inner=19824  min=     1.879 us/xform  median=     1.880  sd=  0.26%     27.24 GF/s  setup=0.001 s
d1_bluestein             L=1024 B=1     m=1     inner=12602  min=     2.130 us/xform  median=     2.131  sd=  0.04%     24.04 GF/s  setup=0.001 s
d1_bluestein             L=1024 B=1     m=1     inner=11918  min=     2.151 us/xform  median=     2.152  sd=  0.03%     23.80 GF/s  setup=0.001 s
d1_bluestein             L=1024 B=1     m=1     inner=12686  min=     2.130 us/xform  median=     2.131  sd=  0.04%     24.04 GF/s  setup=0.001 s
d1_bluestein             L=1024 B=1     m=1     inner=12870  min=     2.133 us/xform  median=     2.134  sd=  0.03%     24.01 GF/s  setup=0.001 s
d1_bluestein             L=1024 B=1     m=1     inner=12158  min=     2.265 us/xform  median=     2.270  sd=  0.13%     22.61 GF/s  setup=0.001 s
d1_bluestein             L=1024 B=1     m=1     inner=13032  min=     2.145 us/xform  median=     2.145  sd=  0.04%     23.87 GF/s  setup=0.001 s
d1_bluestein             L=1024 B=1     m=1     inner=9840   min=     1.887 us/xform  median=     1.888  sd=  0.32%     27.13 GF/s  setup=0.001 s
d1_bluestein             L=1024 B=1     m=1     inner=20662  min=     1.894 us/xform  median=     1.895  sd=  0.02%     27.03 GF/s  setup=0.001 s
d1_planner               L=1024 B=1     m=1     inner=20048  min=     1.973 us/xform  median=     1.975  sd=  0.07%     25.95 GF/s  setup=0.000 s
d1_planner               L=1024 B=1     m=1     inner=14728  min=     1.902 us/xform  median=     1.903  sd=  0.03%     26.92 GF/s  setup=0.000 s
d1_planner               L=1024 B=1     m=1     inner=12968  min=     2.206 us/xform  median=     2.220  sd=  0.32%     23.20 GF/s  setup=0.000 s
d1_planner               L=1024 B=1     m=1     inner=20344  min=     1.822 us/xform  median=     1.823  sd=  0.02%     28.10 GF/s  setup=0.000 s
d1_planner               L=1024 B=1     m=1     inner=14472  min=     1.860 us/xform  median=     1.861  sd=  0.04%     27.53 GF/s  setup=0.000 s
d1_planner               L=1024 B=1     m=1     inner=19062  min=     1.891 us/xform  median=     1.893  sd=  0.05%     27.07 GF/s  setup=0.000 s
d1_planner               L=1024 B=1     m=1     inner=15406  min=     1.875 us/xform  median=     1.877  sd=  0.05%     27.31 GF/s  setup=0.000 s
d1_planner               L=1024 B=1     m=1     inner=15168  min=     1.914 us/xform  median=     1.916  sd=  0.04%     26.75 GF/s  setup=0.000 s
d1_planner               L=1024 B=1     m=1     inner=20022  min=     1.847 us/xform  median=     1.848  sd=  0.04%     27.72 GF/s  setup=0.000 s
d1_pow2                  L=1024 B=1     m=1     inner=23584  min=     1.427 us/xform  median=     1.428  sd=  0.04%     35.88 GF/s  setup=0.001 s
d1_pow2                  L=1024 B=1     m=1     inner=17128  min=     1.458 us/xform  median=     1.459  sd=  0.04%     35.11 GF/s  setup=0.001 s
d1_pow2                  L=1024 B=1     m=1     inner=18314  min=     1.413 us/xform  median=     1.414  sd=  0.05%     36.23 GF/s  setup=0.001 s
d1_pow2                  L=1024 B=1     m=1     inner=18424  min=     1.413 us/xform  median=     1.414  sd=  0.06%     36.24 GF/s  setup=0.001 s
d1_pow2                  L=1024 B=1     m=1     inner=18592  min=     1.415 us/xform  median=     1.416  sd=  0.06%     36.19 GF/s  setup=0.001 s
d1_pow2                  L=1024 B=1     m=1     inner=23794  min=     1.420 us/xform  median=     1.421  sd=  0.06%     36.07 GF/s  setup=0.001 s
d1_pow2                  L=1024 B=1     m=1     inner=23122  min=     1.416 us/xform  median=     1.418  sd=  0.04%     36.15 GF/s  setup=0.001 s
d1_pow2                  L=1024 B=1     m=1     inner=22428  min=     1.410 us/xform  median=     1.411  sd=  0.03%     36.32 GF/s  setup=0.001 s
d1_pow2                  L=1024 B=1     m=1     inner=22216  min=     1.421 us/xform  median=     1.424  sd=  0.07%     36.03 GF/s  setup=0.001 s
d1_race                  L=1024 B=1     m=1     inner=21130  min=     1.294 us/xform  median=     1.294  sd=  0.10%     39.58 GF/s  setup=0.306 s
d1_race                  L=1024 B=1     m=1     inner=21818  min=     1.288 us/xform  median=     1.289  sd=  0.03%     39.75 GF/s  setup=0.015 s
d1_race                  L=1024 B=1     m=1     inner=27700  min=     1.287 us/xform  median=     1.287  sd=  0.01%     39.78 GF/s  setup=0.017 s
d1_race                  L=1024 B=1     m=1     inner=22700  min=     1.294 us/xform  median=     1.294  sd=  0.10%     39.57 GF/s  setup=0.013 s
d1_race                  L=1024 B=1     m=1     inner=22790  min=     1.286 us/xform  median=     1.286  sd=  0.02%     39.82 GF/s  setup=0.013 s
d1_race                  L=1024 B=1     m=1     inner=22948  min=     1.287 us/xform  median=     1.287  sd=  0.02%     39.78 GF/s  setup=0.013 s
d1_race                  L=1024 B=1     m=1     inner=21784  min=     1.311 us/xform  median=     1.313  sd=  0.04%     39.04 GF/s  setup=0.013 s
d1_race                  L=1024 B=1     m=1     inner=29712  min=     1.289 us/xform  median=     1.290  sd=  0.01%     39.71 GF/s  setup=0.014 s
d1_race                  L=1024 B=1     m=1     inner=14544  min=     1.297 us/xform  median=     1.297  sd=  0.93%     39.49 GF/s  setup=0.013 s
d1_twiddle               L=1024 B=1     m=1     inner=18314  min=     1.282 us/xform  median=     1.283  sd=  0.05%     39.93 GF/s  setup=0.000 s
d1_twiddle               L=1024 B=1     m=1     inner=16694  min=     1.289 us/xform  median=     1.290  sd=  0.06%     39.71 GF/s  setup=0.000 s
d1_twiddle               L=1024 B=1     m=1     inner=17248  min=     1.292 us/xform  median=     1.293  sd=  0.03%     39.62 GF/s  setup=0.000 s
d1_twiddle               L=1024 B=1     m=1     inner=17590  min=     1.299 us/xform  median=     1.299  sd=  0.06%     39.43 GF/s  setup=0.000 s
d1_twiddle               L=1024 B=1     m=1     inner=23310  min=     1.274 us/xform  median=     1.275  sd=  0.07%     40.19 GF/s  setup=0.000 s
d1_twiddle               L=1024 B=1     m=1     inner=17612  min=     1.283 us/xform  median=     1.283  sd=  0.04%     39.91 GF/s  setup=0.000 s
d1_twiddle               L=1024 B=1     m=1     inner=22270  min=     1.277 us/xform  median=     1.278  sd=  0.03%     40.08 GF/s  setup=0.000 s
d1_twiddle               L=1024 B=1     m=1     inner=17744  min=     1.276 us/xform  median=     1.277  sd=  0.05%     40.11 GF/s  setup=0.000 s
d1_twiddle               L=1024 B=1     m=1     inner=17580  min=     1.279 us/xform  median=     1.279  sd=  0.03%     40.04 GF/s  setup=0.000 s
fftw1d_estimate          L=1024 B=1     m=1     inner=19990  min=     1.530 us/xform  median=     1.535  sd=  0.15%     33.47 GF/s  setup=0.001 s
fftw1d_estimate          L=1024 B=1     m=1     inner=26032  min=     1.517 us/xform  median=     1.530  sd=  0.29%     33.75 GF/s  setup=0.001 s
fftw1d_estimate          L=1024 B=1     m=1     inner=15804  min=     1.526 us/xform  median=     1.530  sd=  0.19%     33.56 GF/s  setup=0.001 s
fftw1d_estimate          L=1024 B=1     m=1     inner=15626  min=     1.527 us/xform  median=     1.535  sd=  0.23%     33.52 GF/s  setup=0.001 s
fftw1d_estimate          L=1024 B=1     m=1     inner=19130  min=     1.547 us/xform  median=     1.551  sd=  0.18%     33.09 GF/s  setup=0.001 s
fftw1d_estimate          L=1024 B=1     m=1     inner=19302  min=     1.540 us/xform  median=     1.543  sd=  0.11%     33.25 GF/s  setup=0.001 s
fftw1d_estimate          L=1024 B=1     m=1     inner=15594  min=     1.362 us/xform  median=     1.367  sd=  0.21%     37.58 GF/s  setup=0.001 s
fftw1d_estimate          L=1024 B=1     m=1     inner=20886  min=     1.526 us/xform  median=     1.529  sd=  0.18%     33.54 GF/s  setup=0.001 s
fftw1d_estimate          L=1024 B=1     m=1     inner=14766  min=     1.528 us/xform  median=     1.532  sd=  0.14%     33.50 GF/s  setup=0.001 s
fftw1d_measure           L=1024 B=1     m=1     inner=24258  min=     1.144 us/xform  median=     1.147  sd=  0.12%     44.76 GF/s  setup=0.115 s
fftw1d_measure           L=1024 B=1     m=1     inner=27434  min=     1.335 us/xform  median=     1.338  sd=  0.12%     38.36 GF/s  setup=0.117 s
fftw1d_measure           L=1024 B=1     m=1     inner=31178  min=     1.167 us/xform  median=     1.168  sd=  0.05%     43.88 GF/s  setup=0.115 s
fftw1d_measure           L=1024 B=1     m=1     inner=28126  min=     1.326 us/xform  median=     1.327  sd=  0.05%     38.62 GF/s  setup=0.117 s
fftw1d_measure           L=1024 B=1     m=1     inner=27654  min=     1.193 us/xform  median=     1.358  sd=  5.93%     42.93 GF/s  setup=0.116 s
fftw1d_measure           L=1024 B=1     m=1     inner=32414  min=     1.153 us/xform  median=     1.156  sd=  0.07%     44.39 GF/s  setup=0.115 s
fftw1d_measure           L=1024 B=1     m=1     inner=31720  min=     1.171 us/xform  median=     1.173  sd=  0.09%     43.74 GF/s  setup=0.115 s
fftw1d_measure           L=1024 B=1     m=1     inner=26196  min=     1.367 us/xform  median=     1.369  sd=  0.07%     37.45 GF/s  setup=0.117 s
fftw1d_measure           L=1024 B=1     m=1     inner=27798  min=     1.165 us/xform  median=     1.321  sd=  6.39%     43.94 GF/s  setup=0.117 s
fftw1d_patient           L=1024 B=1     m=1     inner=26044  min=     1.320 us/xform  median=     1.321  sd=  0.09%     38.80 GF/s  setup=0.815 s
fftw1d_patient           L=1024 B=1     m=1     inner=29692  min=     1.159 us/xform  median=     1.161  sd=  0.05%     44.16 GF/s  setup=0.791 s
fftw1d_patient           L=1024 B=1     m=1     inner=31202  min=     1.158 us/xform  median=     1.163  sd=  0.18%     44.22 GF/s  setup=0.795 s
fftw1d_patient           L=1024 B=1     m=1     inner=32074  min=     1.152 us/xform  median=     1.153  sd=  0.07%     44.45 GF/s  setup=0.794 s
fftw1d_patient           L=1024 B=1     m=1     inner=30842  min=     1.162 us/xform  median=     1.163  sd=  0.06%     44.06 GF/s  setup=0.792 s
fftw1d_patient           L=1024 B=1     m=1     inner=26364  min=     1.234 us/xform  median=     1.404  sd=  4.20%     41.49 GF/s  setup=0.811 s
fftw1d_patient           L=1024 B=1     m=1     inner=30932  min=     1.164 us/xform  median=     1.165  sd=  0.07%     44.01 GF/s  setup=0.793 s
fftw1d_patient           L=1024 B=1     m=1     inner=32172  min=     1.153 us/xform  median=     1.154  sd=  0.06%     44.40 GF/s  setup=0.795 s
fftw1d_patient           L=1024 B=1     m=1     inner=32292  min=     1.167 us/xform  median=     1.167  sd=  0.03%     43.89 GF/s  setup=0.794 s
mkl1d_dfti               L=1024 B=1     m=1     inner=28424  min=     1.087 us/xform  median=     1.087  sd=  1.47%     47.11 GF/s  setup=0.002 s
mkl1d_dfti               L=1024 B=1     m=1     inner=28508  min=     1.079 us/xform  median=     1.079  sd=  0.08%     47.46 GF/s  setup=0.001 s
mkl1d_dfti               L=1024 B=1     m=1     inner=28208  min=     1.084 us/xform  median=     1.084  sd=  0.02%     47.25 GF/s  setup=0.001 s
mkl1d_dfti               L=1024 B=1     m=1     inner=19832  min=     1.082 us/xform  median=     1.082  sd=  0.16%     47.33 GF/s  setup=0.001 s
mkl1d_dfti               L=1024 B=1     m=1     inner=19372  min=     1.081 us/xform  median=     1.082  sd=  0.02%     47.34 GF/s  setup=0.001 s
mkl1d_dfti               L=1024 B=1     m=1     inner=19998  min=     1.241 us/xform  median=     1.241  sd=  0.04%     41.26 GF/s  setup=0.002 s
mkl1d_dfti               L=1024 B=1     m=1     inner=24264  min=     1.232 us/xform  median=     1.232  sd=  0.02%     41.56 GF/s  setup=0.001 s
mkl1d_dfti               L=1024 B=1     m=1     inner=25094  min=     1.234 us/xform  median=     1.235  sd=  0.02%     41.49 GF/s  setup=0.001 s
mkl1d_dfti               L=1024 B=1     m=1     inner=25398  min=     1.170 us/xform  median=     1.231  sd=  1.44%     43.77 GF/s  setup=0.001 s
   skipping baseline_dft at L=1024 B=512 (too expensive to be informative)
d1_bluestein             L=1024 B=512   m=1     inner=26     min=     2.866 us/xform  median=     3.786  sd=  8.37%     17.87 GF/s  setup=0.001 s
d1_bluestein             L=1024 B=512   m=1     inner=22     min=     2.346 us/xform  median=     2.349  sd=  2.31%     21.82 GF/s  setup=0.001 s
d1_bluestein             L=1024 B=512   m=1     inner=24     min=     2.718 us/xform  median=     3.069  sd=  4.39%     18.83 GF/s  setup=0.001 s
d1_bluestein             L=1024 B=512   m=1     inner=24     min=     2.353 us/xform  median=     2.353  sd=  0.66%     21.76 GF/s  setup=0.001 s
d1_bluestein             L=1024 B=512   m=1     inner=26     min=     2.384 us/xform  median=     2.385  sd=  0.02%     21.48 GF/s  setup=0.001 s
d1_bluestein             L=1024 B=512   m=1     inner=32     min=     2.368 us/xform  median=     2.368  sd=  0.02%     21.62 GF/s  setup=0.001 s
d1_bluestein             L=1024 B=512   m=1     inner=22     min=     2.690 us/xform  median=     2.694  sd=  0.07%     19.03 GF/s  setup=0.001 s
d1_bluestein             L=1024 B=512   m=1     inner=30     min=     2.510 us/xform  median=     2.511  sd=  0.05%     20.40 GF/s  setup=0.001 s
d1_bluestein             L=1024 B=512   m=1     inner=24     min=     3.162 us/xform  median=     3.164  sd=  0.06%     16.19 GF/s  setup=0.001 s
d1_planner               L=1024 B=512   m=1     inner=28     min=     2.572 us/xform  median=     2.610  sd=  0.60%     19.91 GF/s  setup=0.000 s
d1_planner               L=1024 B=512   m=1     inner=28     min=     2.110 us/xform  median=     2.115  sd=  0.17%     24.27 GF/s  setup=0.000 s
d1_planner               L=1024 B=512   m=1     inner=30     min=     2.507 us/xform  median=     2.956  sd=  5.63%     20.43 GF/s  setup=0.000 s
d1_planner               L=1024 B=512   m=1     inner=22     min=     2.127 us/xform  median=     2.131  sd=  3.37%     24.07 GF/s  setup=0.000 s
d1_planner               L=1024 B=512   m=1     inner=28     min=     2.560 us/xform  median=     2.965  sd=  4.62%     20.00 GF/s  setup=0.000 s
d1_planner               L=1024 B=512   m=1     inner=24     min=     2.113 us/xform  median=     2.117  sd=  2.57%     24.23 GF/s  setup=0.000 s
d1_planner               L=1024 B=512   m=1     inner=30     min=     2.538 us/xform  median=     2.959  sd=  6.55%     20.17 GF/s  setup=0.000 s
d1_planner               L=1024 B=512   m=1     inner=24     min=     2.108 us/xform  median=     2.112  sd=  2.72%     24.28 GF/s  setup=0.000 s
d1_planner               L=1024 B=512   m=1     inner=28     min=     2.585 us/xform  median=     3.024  sd=  5.59%     19.81 GF/s  setup=0.000 s
d1_pow2                  L=1024 B=512   m=1     inner=40     min=     1.763 us/xform  median=     1.767  sd=  0.42%     29.04 GF/s  setup=0.001 s
d1_pow2                  L=1024 B=512   m=1     inner=34     min=     2.109 us/xform  median=     2.370  sd=  3.94%     24.28 GF/s  setup=0.001 s
d1_pow2                  L=1024 B=512   m=1     inner=30     min=     2.377 us/xform  median=     2.382  sd=  0.34%     21.54 GF/s  setup=0.001 s
d1_pow2                  L=1024 B=512   m=1     inner=30     min=     2.072 us/xform  median=     2.077  sd=  0.74%     24.71 GF/s  setup=0.001 s
d1_pow2                  L=1024 B=512   m=1     inner=32     min=     1.780 us/xform  median=     1.785  sd=  0.29%     28.76 GF/s  setup=0.001 s
d1_pow2                  L=1024 B=512   m=1     inner=36     min=     2.115 us/xform  median=     2.350  sd=  3.31%     24.21 GF/s  setup=0.001 s
d1_pow2                  L=1024 B=512   m=1     inner=30     min=     2.080 us/xform  median=     2.129  sd=  1.18%     24.62 GF/s  setup=0.001 s
d1_pow2                  L=1024 B=512   m=1     inner=32     min=     1.765 us/xform  median=     1.768  sd=  0.56%     29.00 GF/s  setup=0.001 s
d1_pow2                  L=1024 B=512   m=1     inner=36     min=     2.125 us/xform  median=     2.370  sd=  3.19%     24.09 GF/s  setup=0.001 s
d1_race                  L=1024 B=512   m=1     inner=26     min=     1.778 us/xform  median=     1.785  sd=  8.19%     28.79 GF/s  setup=1.557 s
d1_race                  L=1024 B=512   m=1     inner=38     min=     2.166 us/xform  median=     2.414  sd=  3.05%     23.64 GF/s  setup=0.012 s
d1_race                  L=1024 B=512   m=1     inner=26     min=     2.359 us/xform  median=     2.364  sd=  1.87%     21.71 GF/s  setup=0.017 s
d1_race                  L=1024 B=512   m=1     inner=30     min=     2.172 us/xform  median=     2.175  sd=  0.64%     23.57 GF/s  setup=0.011 s
d1_race                  L=1024 B=512   m=1     inner=40     min=     1.781 us/xform  median=     1.785  sd=  0.25%     28.74 GF/s  setup=0.010 s
d1_race                  L=1024 B=512   m=1     inner=38     min=     2.092 us/xform  median=     2.260  sd=  6.07%     24.47 GF/s  setup=0.012 s
d1_race                  L=1024 B=512   m=1     inner=40     min=     1.790 us/xform  median=     1.794  sd=  0.17%     28.60 GF/s  setup=0.010 s
d1_race                  L=1024 B=512   m=1     inner=38     min=     2.117 us/xform  median=     2.368  sd=  3.33%     24.19 GF/s  setup=0.012 s
d1_race                  L=1024 B=512   m=1     inner=28     min=     2.366 us/xform  median=     2.371  sd=  0.88%     21.64 GF/s  setup=0.014 s
d1_twiddle               L=1024 B=512   m=1     inner=42     min=     1.731 us/xform  median=     1.734  sd=  0.53%     29.58 GF/s  setup=0.000 s
d1_twiddle               L=1024 B=512   m=1     inner=36     min=     1.746 us/xform  median=     1.750  sd=  0.29%     29.33 GF/s  setup=0.000 s
d1_twiddle               L=1024 B=512   m=1     inner=42     min=     1.737 us/xform  median=     1.743  sd=  0.34%     29.47 GF/s  setup=0.000 s
d1_twiddle               L=1024 B=512   m=1     inner=42     min=     1.746 us/xform  median=     1.754  sd=  0.28%     29.32 GF/s  setup=0.000 s
d1_twiddle               L=1024 B=512   m=1     inner=42     min=     1.744 us/xform  median=     1.748  sd=  0.17%     29.36 GF/s  setup=0.000 s
d1_twiddle               L=1024 B=512   m=1     inner=42     min=     1.740 us/xform  median=     1.749  sd=  0.32%     29.42 GF/s  setup=0.000 s
d1_twiddle               L=1024 B=512   m=1     inner=42     min=     1.744 us/xform  median=     1.751  sd=  0.27%     29.36 GF/s  setup=0.000 s
d1_twiddle               L=1024 B=512   m=1     inner=42     min=     1.741 us/xform  median=     1.746  sd=  0.21%     29.41 GF/s  setup=0.000 s
d1_twiddle               L=1024 B=512   m=1     inner=42     min=     1.747 us/xform  median=     1.751  sd=  0.24%     29.31 GF/s  setup=0.000 s
fftw1d_estimate          L=1024 B=512   m=1     inner=26     min=     3.021 us/xform  median=     3.608  sd=  4.98%     16.95 GF/s  setup=0.001 s
fftw1d_estimate          L=1024 B=512   m=1     inner=18     min=     3.856 us/xform  median=     3.866  sd=  0.28%     13.28 GF/s  setup=0.001 s
fftw1d_estimate          L=1024 B=512   m=1     inner=20     min=     2.384 us/xform  median=     2.390  sd=  4.22%     21.47 GF/s  setup=0.001 s
fftw1d_estimate          L=1024 B=512   m=1     inner=26     min=     3.051 us/xform  median=     3.604  sd=  4.69%     16.78 GF/s  setup=0.001 s
fftw1d_estimate          L=1024 B=512   m=1     inner=18     min=     4.053 us/xform  median=     4.066  sd=  0.29%     12.63 GF/s  setup=0.001 s
fftw1d_estimate          L=1024 B=512   m=1     inner=20     min=     2.408 us/xform  median=     2.411  sd=  3.56%     21.26 GF/s  setup=0.001 s
fftw1d_estimate          L=1024 B=512   m=1     inner=26     min=     3.230 us/xform  median=     3.614  sd=  3.16%     15.85 GF/s  setup=0.001 s
fftw1d_estimate          L=1024 B=512   m=1     inner=20     min=     2.400 us/xform  median=     2.410  sd=  3.88%     21.33 GF/s  setup=0.001 s
fftw1d_estimate          L=1024 B=512   m=1     inner=26     min=     3.021 us/xform  median=     3.622  sd=  5.01%     16.95 GF/s  setup=0.001 s
fftw1d_measure           L=1024 B=512   m=1     inner=32     min=     2.373 us/xform  median=     2.378  sd=  0.18%     21.58 GF/s  setup=0.117 s
fftw1d_measure           L=1024 B=512   m=1     inner=24     min=     2.212 us/xform  median=     2.257  sd=  1.77%     23.15 GF/s  setup=0.117 s
fftw1d_measure           L=1024 B=512   m=1     inner=24     min=     2.192 us/xform  median=     2.203  sd=  1.40%     23.36 GF/s  setup=0.118 s
fftw1d_measure           L=1024 B=512   m=1     inner=38     min=     1.919 us/xform  median=     1.925  sd=  0.30%     26.68 GF/s  setup=0.117 s
fftw1d_measure           L=1024 B=512   m=1     inner=40     min=     1.829 us/xform  median=     1.835  sd=  0.29%     27.99 GF/s  setup=0.115 s
fftw1d_measure           L=1024 B=512   m=1     inner=42     min=     1.818 us/xform  median=     1.823  sd=  0.14%     28.16 GF/s  setup=0.115 s
fftw1d_measure           L=1024 B=512   m=1     inner=32     min=     2.564 us/xform  median=     2.670  sd=  1.15%     19.97 GF/s  setup=0.118 s
fftw1d_measure           L=1024 B=512   m=1     inner=28     min=     1.800 us/xform  median=     1.803  sd=  3.55%     28.45 GF/s  setup=0.118 s
fftw1d_measure           L=1024 B=512   m=1     inner=38     min=     1.909 us/xform  median=     1.914  sd=  0.22%     26.83 GF/s  setup=0.117 s
fftw1d_patient           L=1024 B=512   m=1     inner=40     min=     1.824 us/xform  median=     1.830  sd=  0.19%     28.07 GF/s  setup=11.399 s
fftw1d_patient           L=1024 B=512   m=1     inner=38     min=     1.921 us/xform  median=     1.925  sd=  0.20%     26.65 GF/s  setup=11.441 s
fftw1d_patient           L=1024 B=512   m=1     inner=40     min=     1.826 us/xform  median=     1.829  sd=  0.25%     28.04 GF/s  setup=11.421 s
fftw1d_patient           L=1024 B=512   m=1     inner=40     min=     1.896 us/xform  median=     1.902  sd=  0.19%     27.01 GF/s  setup=11.436 s
fftw1d_patient           L=1024 B=512   m=1     inner=38     min=     1.924 us/xform  median=     1.929  sd=  0.21%     26.61 GF/s  setup=11.737 s
fftw1d_patient           L=1024 B=512   m=1     inner=40     min=     1.832 us/xform  median=     1.834  sd=  0.18%     27.95 GF/s  setup=11.481 s
fftw1d_patient           L=1024 B=512   m=1     inner=40     min=     1.894 us/xform  median=     1.901  sd=  0.17%     27.03 GF/s  setup=11.686 s
fftw1d_patient           L=1024 B=512   m=1     inner=38     min=     1.937 us/xform  median=     1.943  sd=  1.05%     26.43 GF/s  setup=11.470 s
fftw1d_patient           L=1024 B=512   m=1     inner=40     min=     1.842 us/xform  median=     1.845  sd=  0.20%     27.80 GF/s  setup=11.461 s
mkl1d_dfti               L=1024 B=512   m=1     inner=40     min=     1.947 us/xform  median=     1.952  sd=  0.18%     26.30 GF/s  setup=0.003 s
mkl1d_dfti               L=1024 B=512   m=1     inner=36     min=     1.931 us/xform  median=     1.933  sd=  0.18%     26.52 GF/s  setup=0.002 s
mkl1d_dfti               L=1024 B=512   m=1     inner=38     min=     1.928 us/xform  median=     1.932  sd=  0.25%     26.55 GF/s  setup=0.002 s
mkl1d_dfti               L=1024 B=512   m=1     inner=34     min=     1.919 us/xform  median=     1.922  sd=  0.33%     26.68 GF/s  setup=0.002 s
mkl1d_dfti               L=1024 B=512   m=1     inner=32     min=     1.884 us/xform  median=     1.891  sd=  0.26%     27.17 GF/s  setup=0.002 s
mkl1d_dfti               L=1024 B=512   m=1     inner=34     min=     1.951 us/xform  median=     1.956  sd=  0.93%     26.25 GF/s  setup=0.002 s
mkl1d_dfti               L=1024 B=512   m=1     inner=34     min=     2.197 us/xform  median=     2.203  sd=  0.31%     23.30 GF/s  setup=0.002 s
mkl1d_dfti               L=1024 B=512   m=1     inner=30     min=     1.917 us/xform  median=     1.921  sd=  0.88%     26.70 GF/s  setup=0.003 s
mkl1d_dfti               L=1024 B=512   m=1     inner=38     min=     2.122 us/xform  median=     2.185  sd=  0.89%     24.13 GF/s  setup=0.002 s
baseline_dft             L=1024 B=1     m=4000  inner=1      min=  1838.447 us/xform  median=  1839.418  sd=  0.03%      0.03 GF/s  setup=0.034 s
baseline_dft             L=1024 B=1     m=4000  inner=1      min=  1830.706 us/xform  median=  1838.074  sd=  0.22%      0.03 GF/s  setup=0.037 s
baseline_dft             L=1024 B=1     m=4000  inner=1      min=  1835.258 us/xform  median=  1836.524  sd=  0.05%      0.03 GF/s  setup=0.037 s
baseline_dft             L=1024 B=1     m=2     inner=1      min=  2313.638 us/xform  median=  2313.638  sd=  0.00%      0.02 GF/s  setup=0.035 s
d1_bluestein             L=1024 B=1     m=4000  inner=1      min=     5.349 us/xform  median=     5.350  sd=  0.03%      9.57 GF/s  setup=0.001 s
d1_bluestein             L=1024 B=1     m=4000  inner=1      min=     5.284 us/xform  median=     5.286  sd=  0.02%      9.69 GF/s  setup=0.001 s
d1_bluestein             L=1024 B=1     m=4000  inner=1      min=     5.289 us/xform  median=     5.290  sd=  0.01%      9.68 GF/s  setup=0.001 s
d1_bluestein             L=1024 B=1     m=2     inner=120    min=     6.083 us/xform  median=     6.083  sd=  0.00%      8.42 GF/s  setup=0.001 s
d1_planner               L=1024 B=1     m=4000  inner=2      min=     2.728 us/xform  median=     2.729  sd=  0.06%     18.77 GF/s  setup=0.000 s
d1_planner               L=1024 B=1     m=4000  inner=4      min=     2.460 us/xform  median=     2.462  sd=  0.05%     20.81 GF/s  setup=0.000 s
d1_planner               L=1024 B=1     m=4000  inner=2      min=     2.701 us/xform  median=     2.703  sd=  0.10%     18.96 GF/s  setup=0.000 s
d1_planner               L=1024 B=1     m=2     inner=192    min=     4.595 us/xform  median=     4.595  sd=  0.00%     11.14 GF/s  setup=0.000 s
d1_pow2                  L=1024 B=1     m=4000  inner=4      min=     2.285 us/xform  median=     2.287  sd=  0.04%     22.41 GF/s  setup=0.001 s
d1_pow2                  L=1024 B=1     m=4000  inner=4      min=     2.281 us/xform  median=     2.282  sd=  0.08%     22.45 GF/s  setup=0.001 s
d1_pow2                  L=1024 B=1     m=4000  inner=4      min=     2.285 us/xform  median=     2.287  sd=  0.04%     22.40 GF/s  setup=0.001 s
d1_pow2                  L=1024 B=1     m=2     inner=390    min=     2.454 us/xform  median=     2.454  sd=  0.00%     20.86 GF/s  setup=0.001 s
d1_race                  L=1024 B=1     m=4000  inner=4      min=     2.012 us/xform  median=     2.015  sd=  0.11%     25.44 GF/s  setup=0.009 s
d1_race                  L=1024 B=1     m=4000  inner=4      min=     2.292 us/xform  median=     2.293  sd=  0.09%     22.34 GF/s  setup=0.011 s
d1_race                  L=1024 B=1     m=4000  inner=4      min=     2.281 us/xform  median=     2.281  sd=  0.12%     22.45 GF/s  setup=0.012 s
d1_race                  L=1024 B=1     m=2     inner=418    min=     2.371 us/xform  median=     2.371  sd=  0.00%     21.59 GF/s  setup=0.008 s
d1_twiddle               L=1024 B=1     m=4000  inner=2      min=     2.752 us/xform  median=     2.753  sd=  0.02%     18.61 GF/s  setup=0.000 s
d1_twiddle               L=1024 B=1     m=4000  inner=2      min=     2.748 us/xform  median=     2.749  sd=  0.01%     18.63 GF/s  setup=0.000 s
d1_twiddle               L=1024 B=1     m=4000  inner=2      min=     2.747 us/xform  median=     2.748  sd=  0.02%     18.64 GF/s  setup=0.000 s
d1_twiddle               L=1024 B=1     m=2     inner=266    min=     2.997 us/xform  median=     2.997  sd=  0.00%     17.08 GF/s  setup=0.000 s
fftw1d_estimate          L=1024 B=1     m=4000  inner=1      min=     5.083 us/xform  median=     5.087  sd=  0.06%     10.07 GF/s  setup=0.001 s
fftw1d_estimate          L=1024 B=1     m=4000  inner=1      min=     5.047 us/xform  median=     5.050  sd=  0.03%     10.15 GF/s  setup=0.001 s
fftw1d_estimate          L=1024 B=1     m=4000  inner=1      min=     5.050 us/xform  median=     5.054  sd=  0.05%     10.14 GF/s  setup=0.001 s
fftw1d_estimate          L=1024 B=1     m=2     inner=128    min=     5.313 us/xform  median=     5.313  sd=  0.00%      9.64 GF/s  setup=0.001 s
fftw1d_measure           L=1024 B=1     m=4000  inner=2      min=     4.233 us/xform  median=     4.234  sd=  0.01%     12.10 GF/s  setup=0.114 s
fftw1d_measure           L=1024 B=1     m=4000  inner=2      min=     4.244 us/xform  median=     4.246  sd=  0.02%     12.06 GF/s  setup=0.114 s
fftw1d_measure           L=1024 B=1     m=4000  inner=2      min=     4.866 us/xform  median=     4.867  sd=  0.01%     10.52 GF/s  setup=0.117 s
fftw1d_measure           L=1024 B=1     m=2     inner=190    min=     4.993 us/xform  median=     4.993  sd=  0.00%     10.26 GF/s  setup=0.117 s
fftw1d_patient           L=1024 B=1     m=4000  inner=2      min=     4.857 us/xform  median=     4.858  sd=  0.01%     10.54 GF/s  setup=0.811 s
fftw1d_patient           L=1024 B=1     m=4000  inner=2      min=     4.829 us/xform  median=     4.830  sd=  0.02%     10.60 GF/s  setup=0.810 s
fftw1d_patient           L=1024 B=1     m=4000  inner=2      min=     4.237 us/xform  median=     4.239  sd=  0.01%     12.08 GF/s  setup=0.797 s
fftw1d_patient           L=1024 B=1     m=2     inner=190    min=     5.031 us/xform  median=     5.031  sd=  0.00%     10.18 GF/s  setup=0.811 s
mkl1d_dfti               L=1024 B=1     m=4000  inner=2      min=     4.167 us/xform  median=     4.168  sd=  0.01%     12.29 GF/s  setup=0.002 s
mkl1d_dfti               L=1024 B=1     m=4000  inner=2      min=     4.166 us/xform  median=     4.166  sd=  0.01%     12.29 GF/s  setup=0.001 s
mkl1d_dfti               L=1024 B=1     m=4000  inner=2      min=     4.749 us/xform  median=     4.749  sd=  0.01%     10.78 GF/s  setup=0.001 s
mkl1d_dfti               L=1024 B=1     m=2     inner=198    min=     4.837 us/xform  median=     4.837  sd=  0.00%     10.59 GF/s  setup=0.002 s
   skipping baseline_dft at L=1024 B=512 (too expensive to be informative)
d1_bluestein             L=1024 B=512   m=2000  inner=1      min=     5.741 us/xform  median=     5.751  sd=  0.09%      8.92 GF/s  setup=0.001 s
d1_bluestein             L=1024 B=512   m=2000  inner=1      min=     5.808 us/xform  median=     5.810  sd=  0.01%      8.82 GF/s  setup=0.001 s
d1_bluestein             L=1024 B=512   m=2000  inner=1      min=     5.674 us/xform  median=     5.675  sd=  0.02%      9.02 GF/s  setup=0.001 s
d1_bluestein             L=1024 B=512   m=2     inner=1      min=     7.964 us/xform  median=     7.964  sd=  0.00%      6.43 GF/s  setup=0.001 s
d1_planner               L=1024 B=512   m=2000  inner=1      min=     2.347 us/xform  median=     2.347  sd=  0.01%     21.82 GF/s  setup=0.000 s
d1_planner               L=1024 B=512   m=2000  inner=1      min=     2.608 us/xform  median=     2.608  sd=  0.00%     19.63 GF/s  setup=0.000 s
d1_planner               L=1024 B=512   m=2000  inner=1      min=     2.408 us/xform  median=     2.409  sd=  0.02%     21.26 GF/s  setup=0.000 s
d1_planner               L=1024 B=512   m=2     inner=1      min=     3.723 us/xform  median=     3.723  sd=  0.00%     13.75 GF/s  setup=0.000 s
d1_pow2                  L=1024 B=512   m=2000  inner=1      min=     2.576 us/xform  median=     2.576  sd=  0.00%     19.88 GF/s  setup=0.001 s
d1_pow2                  L=1024 B=512   m=2000  inner=1      min=     2.565 us/xform  median=     2.565  sd=  0.00%     19.96 GF/s  setup=0.001 s
d1_pow2                  L=1024 B=512   m=2000  inner=1      min=     2.581 us/xform  median=     2.581  sd=  0.01%     19.84 GF/s  setup=0.001 s
d1_pow2                  L=1024 B=512   m=2     inner=1      min=     4.035 us/xform  median=     4.035  sd=  0.00%     12.69 GF/s  setup=0.001 s
d1_race                  L=1024 B=512   m=2000  inner=1      min=     2.335 us/xform  median=     2.335  sd=  0.01%     21.93 GF/s  setup=0.009 s
d1_race                  L=1024 B=512   m=2000  inner=1      min=     2.340 us/xform  median=     2.340  sd=  0.01%     21.88 GF/s  setup=0.009 s
d1_race                  L=1024 B=512   m=2000  inner=1      min=     2.334 us/xform  median=     2.335  sd=  0.01%     21.93 GF/s  setup=0.008 s
d1_race                  L=1024 B=512   m=2     inner=1      min=     3.624 us/xform  median=     3.624  sd=  0.00%     14.13 GF/s  setup=0.009 s
d1_twiddle               L=1024 B=512   m=2000  inner=1      min=     2.660 us/xform  median=     2.661  sd=  0.00%     19.25 GF/s  setup=0.000 s
d1_twiddle               L=1024 B=512   m=2000  inner=1      min=     2.661 us/xform  median=     2.662  sd=  0.01%     19.24 GF/s  setup=0.000 s
d1_twiddle               L=1024 B=512   m=2000  inner=1      min=     2.774 us/xform  median=     2.774  sd=  0.00%     18.46 GF/s  setup=0.000 s
d1_twiddle               L=1024 B=512   m=2     inner=1      min=     6.319 us/xform  median=     6.319  sd=  0.00%      8.10 GF/s  setup=0.000 s
fftw1d_estimate          L=1024 B=512   m=2000  inner=1      min=     5.654 us/xform  median=     5.656  sd=  0.04%      9.06 GF/s  setup=0.001 s
fftw1d_estimate          L=1024 B=512   m=2000  inner=1      min=     5.669 us/xform  median=     5.673  sd=  0.04%      9.03 GF/s  setup=0.001 s
fftw1d_estimate          L=1024 B=512   m=2000  inner=1      min=     5.678 us/xform  median=     5.680  sd=  0.02%      9.02 GF/s  setup=0.001 s
fftw1d_estimate          L=1024 B=512   m=2     inner=1      min=     7.518 us/xform  median=     7.518  sd=  0.00%      6.81 GF/s  setup=0.001 s
fftw1d_measure           L=1024 B=512   m=2000  inner=1      min=     5.093 us/xform  median=     5.103  sd=  0.11%     10.05 GF/s  setup=0.115 s
fftw1d_measure           L=1024 B=512   m=2000  inner=1      min=     5.104 us/xform  median=     5.106  sd=  0.03%     10.03 GF/s  setup=0.116 s
fftw1d_measure           L=1024 B=512   m=2000  inner=1      min=     5.224 us/xform  median=     5.227  sd=  0.02%      9.80 GF/s  setup=0.115 s
fftw1d_measure           L=1024 B=512   m=2     inner=1      min=     6.618 us/xform  median=     6.618  sd=  0.00%      7.74 GF/s  setup=0.116 s
fftw1d_patient           L=1024 B=512   m=2000  inner=1      min=     5.157 us/xform  median=     5.159  sd=  0.02%      9.93 GF/s  setup=11.463 s
fftw1d_patient           L=1024 B=512   m=2000  inner=1      min=     5.268 us/xform  median=     5.277  sd=  0.09%      9.72 GF/s  setup=12.175 s
fftw1d_patient           L=1024 B=512   m=2000  inner=1      min=     5.021 us/xform  median=     5.022  sd=  0.02%     10.20 GF/s  setup=11.724 s
fftw1d_patient           L=1024 B=512   m=2     inner=1      min=     6.565 us/xform  median=     6.565  sd=  0.00%      7.80 GF/s  setup=11.454 s
mkl1d_dfti               L=1024 B=512   m=2000  inner=1      min=     4.918 us/xform  median=     4.920  sd=  0.03%     10.41 GF/s  setup=0.003 s
mkl1d_dfti               L=1024 B=512   m=2000  inner=1      min=     4.871 us/xform  median=     4.873  sd=  0.03%     10.51 GF/s  setup=0.004 s
mkl1d_dfti               L=1024 B=512   m=2000  inner=1      min=     4.898 us/xform  median=     4.900  sd=  0.02%     10.45 GF/s  setup=0.003 s
mkl1d_dfti               L=1024 B=512   m=2     inner=1      min=     6.633 us/xform  median=     6.633  sd=  0.00%      7.72 GF/s  setup=0.002 s
   skipping baseline_dft at L=4096 B=1 (too expensive to be informative)
d1_bluestein             L=4096 B=1     m=1     inner=1574   min=    12.121 us/xform  median=    12.125  sd=  2.03%     20.28 GF/s  setup=0.001 s
d1_bluestein             L=4096 B=1     m=1     inner=3166   min=    12.283 us/xform  median=    12.289  sd=  0.02%     20.01 GF/s  setup=0.001 s
d1_bluestein             L=4096 B=1     m=1     inner=2282   min=    12.115 us/xform  median=    12.117  sd=  0.02%     20.29 GF/s  setup=0.002 s
d1_bluestein             L=4096 B=1     m=1     inner=2210   min=    13.735 us/xform  median=    13.738  sd=  0.02%     17.89 GF/s  setup=0.002 s
d1_bluestein             L=4096 B=1     m=1     inner=2300   min=    12.101 us/xform  median=    12.107  sd=  0.04%     20.31 GF/s  setup=0.002 s
d1_bluestein             L=4096 B=1     m=1     inner=2296   min=    12.088 us/xform  median=    12.091  sd=  0.03%     20.33 GF/s  setup=0.001 s
d1_bluestein             L=4096 B=1     m=1     inner=2260   min=    13.913 us/xform  median=    13.919  sd=  0.02%     17.66 GF/s  setup=0.001 s
d1_bluestein             L=4096 B=1     m=1     inner=2292   min=    12.189 us/xform  median=    12.194  sd=  0.02%     20.16 GF/s  setup=0.001 s
d1_bluestein             L=4096 B=1     m=1     inner=2284   min=    13.794 us/xform  median=    13.799  sd=  0.02%     17.82 GF/s  setup=0.001 s
d1_planner               L=4096 B=1     m=1     inner=3732   min=    10.629 us/xform  median=    10.638  sd=  0.05%     23.12 GF/s  setup=0.001 s
d1_planner               L=4096 B=1     m=1     inner=2914   min=    10.740 us/xform  median=    10.746  sd=  0.03%     22.88 GF/s  setup=0.001 s
d1_planner               L=4096 B=1     m=1     inner=3026   min=    10.835 us/xform  median=    10.838  sd=  0.03%     22.68 GF/s  setup=0.001 s
d1_planner               L=4096 B=1     m=1     inner=2746   min=    10.880 us/xform  median=    10.888  sd=  0.05%     22.59 GF/s  setup=0.001 s
d1_planner               L=4096 B=1     m=1     inner=3730   min=    10.615 us/xform  median=    10.620  sd=  0.03%     23.15 GF/s  setup=0.001 s
d1_planner               L=4096 B=1     m=1     inner=2732   min=    10.994 us/xform  median=    10.998  sd=  0.03%     22.35 GF/s  setup=0.001 s
d1_planner               L=4096 B=1     m=1     inner=2864   min=    10.680 us/xform  median=    10.686  sd=  0.04%     23.01 GF/s  setup=0.001 s
d1_planner               L=4096 B=1     m=1     inner=2928   min=    10.615 us/xform  median=    10.623  sd=  0.04%     23.15 GF/s  setup=0.001 s
d1_planner               L=4096 B=1     m=1     inner=2822   min=    10.635 us/xform  median=    10.643  sd=  0.03%     23.11 GF/s  setup=0.001 s
d1_pow2                  L=4096 B=1     m=1     inner=3572   min=     8.325 us/xform  median=     8.326  sd=  0.03%     29.52 GF/s  setup=0.002 s
d1_pow2                  L=4096 B=1     m=1     inner=4756   min=     8.285 us/xform  median=     8.289  sd=  0.03%     29.66 GF/s  setup=0.001 s
d1_pow2                  L=4096 B=1     m=1     inner=4748   min=     8.312 us/xform  median=     8.314  sd=  0.02%     29.57 GF/s  setup=0.001 s
d1_pow2                  L=4096 B=1     m=1     inner=4760   min=     7.340 us/xform  median=     8.352  sd=  5.69%     33.48 GF/s  setup=0.001 s
d1_pow2                  L=4096 B=1     m=1     inner=3792   min=     8.281 us/xform  median=     8.284  sd=  0.02%     29.68 GF/s  setup=0.002 s
d1_pow2                  L=4096 B=1     m=1     inner=4764   min=     8.309 us/xform  median=     8.313  sd=  0.02%     29.58 GF/s  setup=0.001 s
d1_pow2                  L=4096 B=1     m=1     inner=4752   min=     7.323 us/xform  median=     7.328  sd=  5.22%     33.56 GF/s  setup=0.001 s
d1_pow2                  L=4096 B=1     m=1     inner=2716   min=     7.361 us/xform  median=     7.366  sd=  0.03%     33.38 GF/s  setup=0.001 s
d1_pow2                  L=4096 B=1     m=1     inner=3614   min=     8.334 us/xform  median=     8.337  sd=  0.03%     29.49 GF/s  setup=0.002 s
d1_race                  L=4096 B=1     m=1     inner=5026   min=     6.954 us/xform  median=     6.956  sd=  0.03%     35.34 GF/s  setup=1.153 s
d1_race                  L=4096 B=1     m=1     inner=3890   min=     7.065 us/xform  median=     7.068  sd=  0.02%     34.79 GF/s  setup=0.010 s
d1_race                  L=4096 B=1     m=1     inner=3780   min=     8.002 us/xform  median=     8.004  sd=  0.02%     30.71 GF/s  setup=0.009 s
d1_race                  L=4096 B=1     m=1     inner=3792   min=     7.925 us/xform  median=     7.935  sd=  0.05%     31.01 GF/s  setup=0.011 s
d1_race                  L=4096 B=1     m=1     inner=3824   min=     7.922 us/xform  median=     7.929  sd=  0.05%     31.02 GF/s  setup=0.011 s
d1_race                  L=4096 B=1     m=1     inner=3982   min=     6.970 us/xform  median=     6.972  sd=  0.01%     35.26 GF/s  setup=0.010 s
d1_race                  L=4096 B=1     m=1     inner=5300   min=     7.219 us/xform  median=     7.226  sd=  0.06%     34.04 GF/s  setup=0.007 s
d1_race                  L=4096 B=1     m=1     inner=3810   min=     7.886 us/xform  median=     7.895  sd=  0.04%     31.16 GF/s  setup=0.010 s
d1_race                  L=4096 B=1     m=1     inner=4012   min=     6.930 us/xform  median=     6.933  sd=  0.02%     35.46 GF/s  setup=0.010 s
d1_twiddle               L=4096 B=1     m=1     inner=4018   min=     8.021 us/xform  median=     8.025  sd=  0.04%     30.64 GF/s  setup=0.000 s
d1_twiddle               L=4096 B=1     m=1     inner=3756   min=     8.054 us/xform  median=     8.058  sd=  0.04%     30.51 GF/s  setup=0.000 s
d1_twiddle               L=4096 B=1     m=1     inner=3946   min=     8.064 us/xform  median=     8.068  sd=  0.02%     30.48 GF/s  setup=0.000 s
d1_twiddle               L=4096 B=1     m=1     inner=3950   min=     8.041 us/xform  median=     8.044  sd=  0.02%     30.56 GF/s  setup=0.000 s
d1_twiddle               L=4096 B=1     m=1     inner=2533   min=     8.003 us/xform  median=     8.006  sd=  0.08%     30.71 GF/s  setup=0.000 s
d1_twiddle               L=4096 B=1     m=1     inner=3848   min=     7.981 us/xform  median=     7.987  sd=  0.03%     30.79 GF/s  setup=0.000 s
d1_twiddle               L=4096 B=1     m=1     inner=2537   min=     7.963 us/xform  median=     7.972  sd=  0.06%     30.86 GF/s  setup=0.000 s
d1_twiddle               L=4096 B=1     m=1     inner=2499   min=     8.022 us/xform  median=     8.024  sd=  0.10%     30.64 GF/s  setup=0.000 s
d1_twiddle               L=4096 B=1     m=1     inner=3996   min=     8.057 us/xform  median=     8.059  sd=  0.02%     30.50 GF/s  setup=0.000 s
fftw1d_estimate          L=4096 B=1     m=1     inner=1762   min=    18.023 us/xform  median=    18.026  sd=  0.03%     13.64 GF/s  setup=0.001 s
fftw1d_estimate          L=4096 B=1     m=1     inner=2234   min=    17.816 us/xform  median=    17.821  sd=  0.01%     13.79 GF/s  setup=0.001 s
fftw1d_estimate          L=4096 B=1     m=1     inner=1127   min=    17.807 us/xform  median=    17.813  sd=  0.06%     13.80 GF/s  setup=0.001 s
fftw1d_estimate          L=4096 B=1     m=1     inner=1696   min=    17.889 us/xform  median=    17.895  sd=  0.02%     13.74 GF/s  setup=0.001 s
fftw1d_estimate          L=4096 B=1     m=1     inner=1776   min=    17.778 us/xform  median=    17.783  sd=  0.04%     13.82 GF/s  setup=0.001 s
fftw1d_estimate          L=4096 B=1     m=1     inner=1710   min=    17.777 us/xform  median=    17.781  sd=  0.02%     13.82 GF/s  setup=0.001 s
fftw1d_estimate          L=4096 B=1     m=1     inner=2242   min=    17.735 us/xform  median=    17.739  sd=  0.02%     13.86 GF/s  setup=0.001 s
fftw1d_estimate          L=4096 B=1     m=1     inner=1686   min=    17.919 us/xform  median=    17.921  sd=  0.01%     13.71 GF/s  setup=0.001 s
fftw1d_estimate          L=4096 B=1     m=1     inner=1692   min=    17.994 us/xform  median=    17.996  sd=  0.02%     13.66 GF/s  setup=0.001 s
fftw1d_measure           L=4096 B=1     m=1     inner=2367   min=     8.479 us/xform  median=     8.481  sd=  0.01%     28.98 GF/s  setup=0.234 s
fftw1d_measure           L=4096 B=1     m=1     inner=4716   min=     8.353 us/xform  median=     8.355  sd=  0.02%     29.42 GF/s  setup=0.235 s
fftw1d_measure           L=4096 B=1     m=1     inner=4664   min=     8.516 us/xform  median=     8.519  sd=  0.02%     28.86 GF/s  setup=0.235 s
fftw1d_measure           L=4096 B=1     m=1     inner=2373   min=     8.443 us/xform  median=     8.447  sd=  0.02%     29.11 GF/s  setup=0.234 s
fftw1d_measure           L=4096 B=1     m=1     inner=4666   min=     8.458 us/xform  median=     8.460  sd=  0.01%     29.06 GF/s  setup=0.233 s
fftw1d_measure           L=4096 B=1     m=1     inner=4638   min=     8.472 us/xform  median=     8.474  sd=  1.07%     29.01 GF/s  setup=0.234 s
fftw1d_measure           L=4096 B=1     m=1     inner=2379   min=     8.418 us/xform  median=     8.419  sd=  0.01%     29.20 GF/s  setup=0.235 s
fftw1d_measure           L=4096 B=1     m=1     inner=4650   min=     8.517 us/xform  median=     8.519  sd=  0.01%     28.86 GF/s  setup=0.234 s
fftw1d_measure           L=4096 B=1     m=1     inner=2325   min=     8.643 us/xform  median=     8.646  sd=  0.04%     28.43 GF/s  setup=0.234 s
fftw1d_patient           L=4096 B=1     m=1     inner=5750   min=     6.842 us/xform  median=     6.843  sd=  0.01%     35.92 GF/s  setup=1.976 s
fftw1d_patient           L=4096 B=1     m=1     inner=5902   min=     6.728 us/xform  median=     6.731  sd=  0.01%     36.53 GF/s  setup=1.992 s
fftw1d_patient           L=4096 B=1     m=1     inner=5820   min=     6.809 us/xform  median=     6.811  sd=  0.01%     36.09 GF/s  setup=1.991 s
fftw1d_patient           L=4096 B=1     m=1     inner=5796   min=     6.842 us/xform  median=     6.842  sd=  0.02%     35.92 GF/s  setup=1.928 s
fftw1d_patient           L=4096 B=1     m=1     inner=5870   min=     6.736 us/xform  median=     6.738  sd=  0.03%     36.49 GF/s  setup=1.931 s
fftw1d_patient           L=4096 B=1     m=1     inner=5782   min=     6.841 us/xform  median=     6.842  sd=  0.01%     35.93 GF/s  setup=1.984 s
fftw1d_patient           L=4096 B=1     m=1     inner=5920   min=     6.718 us/xform  median=     6.721  sd=  0.02%     36.58 GF/s  setup=1.930 s
fftw1d_patient           L=4096 B=1     m=1     inner=5902   min=     6.731 us/xform  median=     6.733  sd=  0.03%     36.51 GF/s  setup=1.931 s
fftw1d_patient           L=4096 B=1     m=1     inner=5680   min=     6.981 us/xform  median=     6.984  sd=  0.04%     35.21 GF/s  setup=1.932 s
mkl1d_dfti               L=4096 B=1     m=1     inner=6032   min=     6.051 us/xform  median=     6.053  sd=  0.96%     40.61 GF/s  setup=0.002 s
mkl1d_dfti               L=4096 B=1     m=1     inner=6466   min=     6.065 us/xform  median=     6.067  sd=  0.02%     40.52 GF/s  setup=0.001 s
mkl1d_dfti               L=4096 B=1     m=1     inner=6276   min=     6.036 us/xform  median=     6.038  sd=  0.01%     40.71 GF/s  setup=0.001 s
mkl1d_dfti               L=4096 B=1     m=1     inner=6260   min=     6.066 us/xform  median=     6.068  sd=  0.02%     40.52 GF/s  setup=0.001 s
mkl1d_dfti               L=4096 B=1     m=1     inner=6306   min=     5.980 us/xform  median=     5.980  sd=  0.01%     41.10 GF/s  setup=0.001 s
mkl1d_dfti               L=4096 B=1     m=1     inner=6274   min=     6.049 us/xform  median=     6.050  sd=  0.03%     40.63 GF/s  setup=0.001 s
mkl1d_dfti               L=4096 B=1     m=1     inner=6562   min=     5.999 us/xform  median=     6.000  sd=  0.01%     40.97 GF/s  setup=0.001 s
mkl1d_dfti               L=4096 B=1     m=1     inner=6348   min=     6.042 us/xform  median=     6.043  sd=  0.02%     40.68 GF/s  setup=0.001 s
mkl1d_dfti               L=4096 B=1     m=1     inner=6370   min=     6.002 us/xform  median=     6.004  sd=  0.01%     40.94 GF/s  setup=0.001 s
   skipping baseline_dft at L=4096 B=256 (too expensive to be informative)
d1_bluestein             L=4096 B=256   m=1     inner=8      min=    17.937 us/xform  median=    17.943  sd=  0.02%     13.70 GF/s  setup=0.002 s
d1_bluestein             L=4096 B=256   m=1     inner=8      min=    19.354 us/xform  median=    19.360  sd=  0.02%     12.70 GF/s  setup=0.002 s
d1_bluestein             L=4096 B=256   m=1     inner=8      min=    19.304 us/xform  median=    19.315  sd=  0.04%     12.73 GF/s  setup=0.002 s
d1_bluestein             L=4096 B=256   m=1     inner=8      min=    18.880 us/xform  median=    18.889  sd=  0.04%     13.02 GF/s  setup=0.002 s
d1_bluestein             L=4096 B=256   m=1     inner=8      min=    19.062 us/xform  median=    19.067  sd=  0.03%     12.89 GF/s  setup=0.002 s
d1_bluestein             L=4096 B=256   m=1     inner=8      min=    19.377 us/xform  median=    19.393  sd=  0.04%     12.68 GF/s  setup=0.002 s
d1_bluestein             L=4096 B=256   m=1     inner=8      min=    19.216 us/xform  median=    19.223  sd=  0.03%     12.79 GF/s  setup=0.002 s
d1_bluestein             L=4096 B=256   m=1     inner=8      min=    19.193 us/xform  median=    19.200  sd=  0.04%     12.80 GF/s  setup=0.002 s
d1_bluestein             L=4096 B=256   m=1     inner=8      min=    14.222 us/xform  median=    19.082  sd= 11.09%     17.28 GF/s  setup=0.002 s
d1_planner               L=4096 B=256   m=1     inner=10     min=    14.490 us/xform  median=    16.950  sd=  4.36%     16.96 GF/s  setup=0.001 s
d1_planner               L=4096 B=256   m=1     inner=10     min=    11.724 us/xform  median=    11.731  sd=  0.91%     20.96 GF/s  setup=0.001 s
d1_planner               L=4096 B=256   m=1     inner=10     min=    14.399 us/xform  median=    16.198  sd=  3.26%     17.07 GF/s  setup=0.001 s
d1_planner               L=4096 B=256   m=1     inner=8      min=    16.078 us/xform  median=    16.093  sd=  0.04%     15.29 GF/s  setup=0.001 s
d1_planner               L=4096 B=256   m=1     inner=8      min=    16.963 us/xform  median=    17.265  sd=  0.51%     14.49 GF/s  setup=0.001 s
d1_planner               L=4096 B=256   m=1     inner=10     min=    11.667 us/xform  median=    11.679  sd=  1.03%     21.06 GF/s  setup=0.001 s
d1_planner               L=4096 B=256   m=1     inner=10     min=    14.270 us/xform  median=    16.259  sd=  3.90%     17.22 GF/s  setup=0.001 s
d1_planner               L=4096 B=256   m=1     inner=10     min=    11.616 us/xform  median=    11.628  sd=  0.94%     21.16 GF/s  setup=0.001 s
d1_planner               L=4096 B=256   m=1     inner=10     min=    13.818 us/xform  median=    16.128  sd=  4.98%     17.79 GF/s  setup=0.001 s
d1_pow2                  L=4096 B=256   m=1     inner=12     min=    11.960 us/xform  median=    11.965  sd=  0.05%     20.55 GF/s  setup=0.002 s
d1_pow2                  L=4096 B=256   m=1     inner=10     min=    11.025 us/xform  median=    11.037  sd=  1.28%     22.29 GF/s  setup=0.002 s
d1_pow2                  L=4096 B=256   m=1     inner=12     min=    11.909 us/xform  median=    11.914  sd=  0.06%     20.64 GF/s  setup=0.002 s
d1_pow2                  L=4096 B=256   m=1     inner=12     min=     9.368 us/xform  median=     9.374  sd=  1.18%     26.23 GF/s  setup=0.002 s
d1_pow2                  L=4096 B=256   m=1     inner=14     min=    10.709 us/xform  median=    11.702  sd=  8.84%     22.95 GF/s  setup=0.002 s
d1_pow2                  L=4096 B=256   m=1     inner=10     min=    13.213 us/xform  median=    13.220  sd=  1.21%     18.60 GF/s  setup=0.002 s
d1_pow2                  L=4096 B=256   m=1     inner=10     min=    11.886 us/xform  median=    11.893  sd=  1.32%     20.68 GF/s  setup=0.002 s
d1_pow2                  L=4096 B=256   m=1     inner=10     min=    13.283 us/xform  median=    13.290  sd=  2.87%     18.50 GF/s  setup=0.002 s
d1_pow2                  L=4096 B=256   m=1     inner=10     min=    11.830 us/xform  median=    11.836  sd=  0.05%     20.77 GF/s  setup=0.002 s
d1_race                  L=4096 B=256   m=1     inner=12     min=    10.135 us/xform  median=    10.140  sd=  0.77%     24.25 GF/s  setup=2.157 s
d1_race                  L=4096 B=256   m=1     inner=10     min=     9.038 us/xform  median=     9.043  sd=  4.03%     27.19 GF/s  setup=0.016 s
d1_race                  L=4096 B=256   m=1     inner=16     min=     9.901 us/xform  median=    10.171  sd=  0.76%     24.82 GF/s  setup=0.013 s
d1_race                  L=4096 B=256   m=1     inner=12     min=    10.204 us/xform  median=    10.207  sd=  0.03%     24.09 GF/s  setup=0.017 s
d1_race                  L=4096 B=256   m=1     inner=12     min=    10.187 us/xform  median=    10.193  sd=  0.13%     24.12 GF/s  setup=0.014 s
d1_race                  L=4096 B=256   m=1     inner=12     min=    10.139 us/xform  median=    10.148  sd=  0.17%     24.24 GF/s  setup=0.011 s
d1_race                  L=4096 B=256   m=1     inner=14     min=     9.251 us/xform  median=     9.253  sd=  0.49%     26.57 GF/s  setup=0.012 s
d1_race                  L=4096 B=256   m=1     inner=16     min=     9.054 us/xform  median=     9.057  sd=  0.02%     27.14 GF/s  setup=0.014 s
d1_race                  L=4096 B=256   m=1     inner=16     min=     9.718 us/xform  median=     9.723  sd=  0.03%     25.29 GF/s  setup=0.011 s
d1_twiddle               L=4096 B=256   m=1     inner=12     min=     9.985 us/xform  median=     9.990  sd=  0.07%     24.61 GF/s  setup=0.000 s
d1_twiddle               L=4096 B=256   m=1     inner=12     min=    10.025 us/xform  median=    10.032  sd=  0.23%     24.52 GF/s  setup=0.000 s
d1_twiddle               L=4096 B=256   m=1     inner=12     min=    10.164 us/xform  median=    10.173  sd=  0.81%     24.18 GF/s  setup=0.000 s
d1_twiddle               L=4096 B=256   m=1     inner=12     min=    10.051 us/xform  median=    10.055  sd=  0.04%     24.45 GF/s  setup=0.000 s
d1_twiddle               L=4096 B=256   m=1     inner=12     min=    10.047 us/xform  median=    10.053  sd=  0.06%     24.46 GF/s  setup=0.000 s
d1_twiddle               L=4096 B=256   m=1     inner=12     min=    10.051 us/xform  median=    10.061  sd=  0.11%     24.45 GF/s  setup=0.000 s
d1_twiddle               L=4096 B=256   m=1     inner=12     min=    10.255 us/xform  median=    10.549  sd=  1.31%     23.96 GF/s  setup=0.000 s
d1_twiddle               L=4096 B=256   m=1     inner=12     min=    11.381 us/xform  median=    11.383  sd=  0.05%     21.59 GF/s  setup=0.000 s
d1_twiddle               L=4096 B=256   m=1     inner=12     min=    10.600 us/xform  median=    10.608  sd=  0.05%     23.18 GF/s  setup=0.000 s
fftw1d_estimate          L=4096 B=256   m=1     inner=4      min=    31.916 us/xform  median=    32.041  sd=  0.26%      7.70 GF/s  setup=0.001 s
fftw1d_estimate          L=4096 B=256   m=1     inner=4      min=    32.770 us/xform  median=    32.885  sd=  0.69%      7.50 GF/s  setup=0.001 s
fftw1d_estimate          L=4096 B=256   m=1     inner=4      min=    32.158 us/xform  median=    32.202  sd=  0.28%      7.64 GF/s  setup=0.001 s
fftw1d_estimate          L=4096 B=256   m=1     inner=4      min=    32.191 us/xform  median=    32.321  sd=  0.38%      7.63 GF/s  setup=0.001 s
fftw1d_estimate          L=4096 B=256   m=1     inner=4      min=    33.305 us/xform  median=    33.531  sd=  0.41%      7.38 GF/s  setup=0.001 s
fftw1d_estimate          L=4096 B=256   m=1     inner=4      min=    31.869 us/xform  median=    32.048  sd=  0.42%      7.71 GF/s  setup=0.001 s
fftw1d_estimate          L=4096 B=256   m=1     inner=4      min=    32.703 us/xform  median=    32.770  sd=  0.11%      7.51 GF/s  setup=0.001 s
fftw1d_estimate          L=4096 B=256   m=1     inner=4      min=    32.044 us/xform  median=    32.170  sd=  0.38%      7.67 GF/s  setup=0.001 s
fftw1d_estimate          L=4096 B=256   m=1     inner=4      min=    32.794 us/xform  median=    32.971  sd=  0.38%      7.49 GF/s  setup=0.001 s
fftw1d_measure           L=4096 B=256   m=1     inner=6      min=    15.243 us/xform  median=    16.278  sd= 20.94%     16.12 GF/s  setup=0.235 s
fftw1d_measure           L=4096 B=256   m=1     inner=8      min=    15.544 us/xform  median=    15.626  sd=  0.73%     15.81 GF/s  setup=0.220 s
fftw1d_measure           L=4096 B=256   m=1     inner=8      min=    22.337 us/xform  median=    25.385  sd=  3.52%     11.00 GF/s  setup=0.233 s
fftw1d_measure           L=4096 B=256   m=1     inner=6      min=    24.766 us/xform  median=    24.990  sd=  0.70%      9.92 GF/s  setup=0.235 s
fftw1d_measure           L=4096 B=256   m=1     inner=10     min=    14.988 us/xform  median=    15.063  sd=  0.44%     16.40 GF/s  setup=0.222 s
fftw1d_measure           L=4096 B=256   m=1     inner=6      min=    24.097 us/xform  median=    24.229  sd=  0.45%     10.20 GF/s  setup=0.234 s
fftw1d_measure           L=4096 B=256   m=1     inner=4      min=    26.062 us/xform  median=    26.206  sd=  0.58%      9.43 GF/s  setup=0.234 s
fftw1d_measure           L=4096 B=256   m=1     inner=8      min=    15.332 us/xform  median=    15.406  sd=  0.42%     16.03 GF/s  setup=0.222 s
fftw1d_measure           L=4096 B=256   m=1     inner=4      min=    25.655 us/xform  median=    25.871  sd=  0.97%      9.58 GF/s  setup=0.234 s
fftw1d_patient           L=4096 B=256   m=1     inner=12     min=    11.142 us/xform  median=    11.168  sd=  0.26%     22.06 GF/s  setup=45.561 s
fftw1d_patient           L=4096 B=256   m=1     inner=12     min=    11.789 us/xform  median=    11.810  sd=  0.20%     20.85 GF/s  setup=44.938 s
fftw1d_patient           L=4096 B=256   m=1     inner=12     min=    11.285 us/xform  median=    11.326  sd=  0.24%     21.78 GF/s  setup=45.585 s
fftw1d_patient           L=4096 B=256   m=1     inner=12     min=    11.155 us/xform  median=    11.211  sd=  0.31%     22.03 GF/s  setup=44.637 s
fftw1d_patient           L=4096 B=256   m=1     inner=12     min=    11.112 us/xform  median=    11.148  sd=  0.27%     22.12 GF/s  setup=45.051 s
fftw1d_patient           L=4096 B=256   m=1     inner=12     min=    10.944 us/xform  median=    11.003  sd=  0.42%     22.46 GF/s  setup=45.018 s
fftw1d_patient           L=4096 B=256   m=1     inner=12     min=    11.141 us/xform  median=    11.158  sd=  0.30%     22.06 GF/s  setup=44.968 s
fftw1d_patient           L=4096 B=256   m=1     inner=12     min=    11.180 us/xform  median=    11.205  sd=  0.31%     21.98 GF/s  setup=46.012 s
fftw1d_patient           L=4096 B=256   m=1     inner=12     min=    10.964 us/xform  median=    11.016  sd=  0.42%     22.42 GF/s  setup=44.973 s
mkl1d_dfti               L=4096 B=256   m=1     inner=12     min=    12.198 us/xform  median=    16.242  sd=  9.42%     20.15 GF/s  setup=0.003 s
mkl1d_dfti               L=4096 B=256   m=1     inner=5      min=    13.830 us/xform  median=    16.200  sd=  4.41%     17.77 GF/s  setup=0.003 s
mkl1d_dfti               L=4096 B=256   m=1     inner=14     min=    10.051 us/xform  median=    10.070  sd=  0.35%     24.45 GF/s  setup=0.002 s
mkl1d_dfti               L=4096 B=256   m=1     inner=12     min=    10.091 us/xform  median=    10.130  sd=  0.35%     24.35 GF/s  setup=0.002 s
mkl1d_dfti               L=4096 B=256   m=1     inner=14     min=    10.071 us/xform  median=    10.109  sd=  0.42%     24.40 GF/s  setup=0.002 s
mkl1d_dfti               L=4096 B=256   m=1     inner=12     min=    10.119 us/xform  median=    10.169  sd=  0.35%     24.29 GF/s  setup=0.002 s
mkl1d_dfti               L=4096 B=256   m=1     inner=14     min=    10.039 us/xform  median=    10.095  sd=  0.43%     24.48 GF/s  setup=0.002 s
mkl1d_dfti               L=4096 B=256   m=1     inner=14     min=    10.008 us/xform  median=    10.023  sd=  0.41%     24.56 GF/s  setup=0.002 s
mkl1d_dfti               L=4096 B=256   m=1     inner=14     min=    10.013 us/xform  median=    10.058  sd=  0.31%     24.54 GF/s  setup=0.002 s
   skipping baseline_dft at L=4096 B=1 (too expensive to be informative)
d1_bluestein             L=4096 B=1     m=1000  inner=1      min=    27.874 us/xform  median=    27.878  sd=  0.01%      8.82 GF/s  setup=0.002 s
d1_bluestein             L=4096 B=1     m=1000  inner=1      min=    27.842 us/xform  median=    27.851  sd=  0.03%      8.83 GF/s  setup=0.002 s
d1_bluestein             L=4096 B=1     m=1000  inner=1      min=    24.469 us/xform  median=    24.474  sd=  0.01%     10.04 GF/s  setup=0.002 s
d1_bluestein             L=4096 B=1     m=2     inner=36     min=    27.026 us/xform  median=    27.026  sd=  0.00%      9.09 GF/s  setup=0.002 s
d1_planner               L=4096 B=1     m=1000  inner=2      min=    15.438 us/xform  median=    15.445  sd=  0.03%     15.92 GF/s  setup=0.001 s
d1_planner               L=4096 B=1     m=1000  inner=2      min=    15.397 us/xform  median=    15.404  sd=  0.02%     15.96 GF/s  setup=0.001 s
d1_planner               L=4096 B=1     m=1000  inner=2      min=    15.757 us/xform  median=    15.770  sd=  0.04%     15.60 GF/s  setup=0.001 s
d1_planner               L=4096 B=1     m=2     inner=40     min=    24.464 us/xform  median=    24.464  sd=  0.00%     10.05 GF/s  setup=0.001 s
d1_pow2                  L=4096 B=1     m=1000  inner=2      min=     9.794 us/xform  median=     9.797  sd=  0.92%     25.09 GF/s  setup=0.001 s
d1_pow2                  L=4096 B=1     m=1000  inner=4      min=     9.806 us/xform  median=     9.810  sd=  0.02%     25.06 GF/s  setup=0.001 s
d1_pow2                  L=4096 B=1     m=1000  inner=4      min=     9.937 us/xform  median=     9.938  sd=  0.01%     24.73 GF/s  setup=0.002 s
d1_pow2                  L=4096 B=1     m=2     inner=80     min=    12.199 us/xform  median=    12.199  sd=  0.00%     20.15 GF/s  setup=0.002 s
d1_race                  L=4096 B=1     m=1000  inner=2      min=    11.054 us/xform  median=    11.064  sd=  0.04%     22.23 GF/s  setup=0.011 s
d1_race                  L=4096 B=1     m=1000  inner=4      min=     9.833 us/xform  median=     9.836  sd=  0.02%     24.99 GF/s  setup=0.011 s
d1_race                  L=4096 B=1     m=1000  inner=2      min=    11.084 us/xform  median=    11.089  sd=  0.03%     22.17 GF/s  setup=0.011 s
d1_race                  L=4096 B=1     m=2     inner=76     min=    12.281 us/xform  median=    12.281  sd=  0.00%     20.01 GF/s  setup=0.009 s
d1_twiddle               L=4096 B=1     m=1000  inner=2      min=    12.964 us/xform  median=    12.969  sd=  0.03%     18.96 GF/s  setup=0.000 s
d1_twiddle               L=4096 B=1     m=1000  inner=2      min=    13.076 us/xform  median=    13.081  sd=  0.02%     18.80 GF/s  setup=0.000 s
d1_twiddle               L=4096 B=1     m=1000  inner=2      min=    12.976 us/xform  median=    12.979  sd=  0.01%     18.94 GF/s  setup=0.000 s
d1_twiddle               L=4096 B=1     m=2     inner=74     min=    13.196 us/xform  median=    13.196  sd=  0.00%     18.62 GF/s  setup=0.000 s
fftw1d_estimate          L=4096 B=1     m=1000  inner=1      min=    31.938 us/xform  median=    31.941  sd=  0.01%      7.69 GF/s  setup=0.001 s
fftw1d_estimate          L=4096 B=1     m=1000  inner=1      min=    28.460 us/xform  median=    28.466  sd=  0.01%      8.64 GF/s  setup=0.001 s
fftw1d_estimate          L=4096 B=1     m=1000  inner=1      min=    31.734 us/xform  median=    31.737  sd=  0.01%      7.74 GF/s  setup=0.001 s
fftw1d_estimate          L=4096 B=1     m=2     inner=30     min=    32.458 us/xform  median=    32.458  sd=  0.00%      7.57 GF/s  setup=0.001 s
fftw1d_measure           L=4096 B=1     m=1000  inner=1      min=    22.381 us/xform  median=    22.386  sd=  0.01%     10.98 GF/s  setup=0.234 s
fftw1d_measure           L=4096 B=1     m=1000  inner=1      min=    22.638 us/xform  median=    22.643  sd=  0.01%     10.86 GF/s  setup=0.239 s
fftw1d_measure           L=4096 B=1     m=1000  inner=1      min=    23.297 us/xform  median=    23.302  sd=  0.03%     10.55 GF/s  setup=0.237 s
fftw1d_measure           L=4096 B=1     m=2     inner=48     min=    20.428 us/xform  median=    20.428  sd=  0.00%     12.03 GF/s  setup=0.220 s
fftw1d_patient           L=4096 B=1     m=1000  inner=2      min=    19.230 us/xform  median=    19.232  sd=  0.03%     12.78 GF/s  setup=1.982 s
fftw1d_patient           L=4096 B=1     m=1000  inner=2      min=    19.209 us/xform  median=    19.213  sd=  0.01%     12.79 GF/s  setup=1.926 s
fftw1d_patient           L=4096 B=1     m=1000  inner=2      min=    19.211 us/xform  median=    19.214  sd=  0.01%     12.79 GF/s  setup=1.929 s
fftw1d_patient           L=4096 B=1     m=2     inner=48     min=    19.864 us/xform  median=    19.864  sd=  0.00%     12.37 GF/s  setup=1.971 s
mkl1d_dfti               L=4096 B=1     m=1000  inner=1      min=    20.971 us/xform  median=    20.975  sd=  0.03%     11.72 GF/s  setup=0.002 s
mkl1d_dfti               L=4096 B=1     m=1000  inner=1      min=    20.920 us/xform  median=    20.923  sd=  0.04%     11.75 GF/s  setup=0.002 s
mkl1d_dfti               L=4096 B=1     m=1000  inner=1      min=    20.949 us/xform  median=    20.957  sd=  0.03%     11.73 GF/s  setup=0.002 s
mkl1d_dfti               L=4096 B=1     m=2     inner=44     min=    21.734 us/xform  median=    21.734  sd=  0.00%     11.31 GF/s  setup=0.003 s
   skipping baseline_dft at L=4096 B=256 (too expensive to be informative)
d1_bluestein             L=4096 B=256   m=400   inner=1      min=    30.347 us/xform  median=    30.357  sd=  0.02%      8.10 GF/s  setup=0.001 s
d1_bluestein             L=4096 B=256   m=400   inner=1      min=    30.438 us/xform  median=    30.451  sd=  0.02%      8.07 GF/s  setup=0.002 s
d1_bluestein             L=4096 B=256   m=400   inner=1      min=    30.253 us/xform  median=    30.263  sd=  0.02%      8.12 GF/s  setup=0.002 s
d1_bluestein             L=4096 B=256   m=2     inner=1      min=    33.877 us/xform  median=    33.877  sd=  0.00%      7.25 GF/s  setup=0.001 s
d1_planner               L=4096 B=256   m=400   inner=1      min=    13.567 us/xform  median=    13.569  sd=  0.02%     18.11 GF/s  setup=0.001 s
d1_planner               L=4096 B=256   m=400   inner=1      min=    13.542 us/xform  median=    13.543  sd=  0.02%     18.15 GF/s  setup=0.001 s
d1_planner               L=4096 B=256   m=400   inner=1      min=    13.500 us/xform  median=    13.502  sd=  0.01%     18.20 GF/s  setup=0.001 s
d1_planner               L=4096 B=256   m=2     inner=1      min=    19.971 us/xform  median=    19.971  sd=  0.00%     12.31 GF/s  setup=0.001 s
d1_pow2                  L=4096 B=256   m=400   inner=1      min=    10.371 us/xform  median=    10.372  sd=  0.03%     23.70 GF/s  setup=0.002 s
d1_pow2                  L=4096 B=256   m=400   inner=1      min=    10.406 us/xform  median=    10.408  sd=  0.02%     23.62 GF/s  setup=0.002 s
d1_pow2                  L=4096 B=256   m=400   inner=1      min=    10.165 us/xform  median=    10.167  sd=  0.01%     24.18 GF/s  setup=0.002 s
d1_pow2                  L=4096 B=256   m=2     inner=1      min=    15.630 us/xform  median=    15.630  sd=  0.00%     15.72 GF/s  setup=0.001 s
d1_race                  L=4096 B=256   m=400   inner=1      min=    10.237 us/xform  median=    10.238  sd=  0.01%     24.01 GF/s  setup=0.012 s
d1_race                  L=4096 B=256   m=400   inner=1      min=    10.176 us/xform  median=    10.177  sd=  0.03%     24.15 GF/s  setup=0.012 s
d1_race                  L=4096 B=256   m=400   inner=1      min=    10.234 us/xform  median=    10.236  sd=  0.02%     24.01 GF/s  setup=0.013 s
d1_race                  L=4096 B=256   m=2     inner=1      min=    13.592 us/xform  median=    13.592  sd=  0.00%     18.08 GF/s  setup=0.007 s
d1_twiddle               L=4096 B=256   m=400   inner=1      min=    11.477 us/xform  median=    11.477  sd=  0.02%     21.41 GF/s  setup=0.000 s
d1_twiddle               L=4096 B=256   m=400   inner=1      min=    11.545 us/xform  median=    11.546  sd=  0.04%     21.29 GF/s  setup=0.000 s
d1_twiddle               L=4096 B=256   m=400   inner=1      min=    11.469 us/xform  median=    11.469  sd=  0.04%     21.43 GF/s  setup=0.000 s
d1_twiddle               L=4096 B=256   m=2     inner=1      min=    15.798 us/xform  median=    15.798  sd=  0.00%     15.56 GF/s  setup=0.000 s
fftw1d_estimate          L=4096 B=256   m=400   inner=1      min=    35.740 us/xform  median=    35.754  sd=  0.02%      6.88 GF/s  setup=0.001 s
fftw1d_estimate          L=4096 B=256   m=400   inner=1      min=    35.746 us/xform  median=    35.752  sd=  0.01%      6.88 GF/s  setup=0.001 s
fftw1d_estimate          L=4096 B=256   m=400   inner=1      min=    35.667 us/xform  median=    35.682  sd=  0.02%      6.89 GF/s  setup=0.001 s
fftw1d_estimate          L=4096 B=256   m=2     inner=1      min=    40.771 us/xform  median=    40.771  sd=  0.00%      6.03 GF/s  setup=0.001 s
fftw1d_measure           L=4096 B=256   m=400   inner=1      min=    28.963 us/xform  median=    28.980  sd=  0.04%      8.49 GF/s  setup=0.234 s
fftw1d_measure           L=4096 B=256   m=400   inner=1      min=    30.318 us/xform  median=    30.329  sd=  0.03%      8.11 GF/s  setup=0.221 s
fftw1d_measure           L=4096 B=256   m=400   inner=1      min=    29.227 us/xform  median=    29.262  sd=  0.06%      8.41 GF/s  setup=0.233 s
fftw1d_measure           L=4096 B=256   m=2     inner=1      min=    32.404 us/xform  median=    32.404  sd=  0.00%      7.58 GF/s  setup=0.221 s
fftw1d_patient           L=4096 B=256   m=400   inner=1      min=    24.055 us/xform  median=    24.065  sd=  0.02%     10.22 GF/s  setup=45.351 s
fftw1d_patient           L=4096 B=256   m=400   inner=1      min=    24.110 us/xform  median=    24.119  sd=  0.03%     10.19 GF/s  setup=45.062 s
fftw1d_patient           L=4096 B=256   m=400   inner=1      min=    23.968 us/xform  median=    23.976  sd=  0.03%     10.25 GF/s  setup=45.081 s
fftw1d_patient           L=4096 B=256   m=2     inner=1      min=    28.352 us/xform  median=    28.352  sd=  0.00%      8.67 GF/s  setup=44.962 s
mkl1d_dfti               L=4096 B=256   m=400   inner=1      min=    22.731 us/xform  median=    22.738  sd=  0.01%     10.81 GF/s  setup=0.003 s
mkl1d_dfti               L=4096 B=256   m=400   inner=1      min=    22.622 us/xform  median=    22.628  sd=  0.02%     10.86 GF/s  setup=0.002 s
mkl1d_dfti               L=4096 B=256   m=400   inner=1      min=    23.200 us/xform  median=    23.206  sd=  0.02%     10.59 GF/s  setup=0.002 s
mkl1d_dfti               L=4096 B=256   m=2     inner=1      min=    26.931 us/xform  median=    26.931  sd=  0.00%      9.13 GF/s  setup=0.002 s
   skipping baseline_dft at L=16384 B=1 (too expensive to be informative)
d1_bluestein             L=16384 B=1     m=1     inner=616    min=    65.657 us/xform  median=    71.646  sd=  2.93%     17.47 GF/s  setup=0.003 s
d1_bluestein             L=16384 B=1     m=1     inner=450    min=    57.584 us/xform  median=    57.627  sd=  1.18%     19.92 GF/s  setup=0.005 s
d1_bluestein             L=16384 B=1     m=1     inner=702    min=    56.336 us/xform  median=    56.353  sd=  0.03%     20.36 GF/s  setup=0.003 s
d1_bluestein             L=16384 B=1     m=1     inner=698    min=    56.626 us/xform  median=    56.643  sd=  0.02%     20.25 GF/s  setup=0.003 s
d1_bluestein             L=16384 B=1     m=1     inner=710    min=    55.975 us/xform  median=    56.000  sd=  0.03%     20.49 GF/s  setup=0.003 s
d1_bluestein             L=16384 B=1     m=1     inner=604    min=    56.220 us/xform  median=    56.238  sd=  0.02%     20.40 GF/s  setup=0.003 s
d1_bluestein             L=16384 B=1     m=1     inner=680    min=    56.371 us/xform  median=    56.393  sd=  0.02%     20.35 GF/s  setup=0.003 s
d1_bluestein             L=16384 B=1     m=1     inner=684    min=    55.923 us/xform  median=    55.934  sd=  0.01%     20.51 GF/s  setup=0.003 s
d1_bluestein             L=16384 B=1     m=1     inner=712    min=    55.671 us/xform  median=    55.689  sd=  0.02%     20.60 GF/s  setup=0.003 s
d1_planner               L=16384 B=1     m=1     inner=636    min=    50.547 us/xform  median=    60.439  sd=  7.58%     22.69 GF/s  setup=0.003 s
d1_planner               L=16384 B=1     m=1     inner=574    min=    42.542 us/xform  median=    42.578  sd=  1.94%     26.96 GF/s  setup=0.003 s
d1_planner               L=16384 B=1     m=1     inner=636    min=    50.349 us/xform  median=    58.158  sd=  6.16%     22.78 GF/s  setup=0.003 s
d1_planner               L=16384 B=1     m=1     inner=518    min=    60.556 us/xform  median=    60.611  sd=  0.10%     18.94 GF/s  setup=0.003 s
d1_planner               L=16384 B=1     m=1     inner=576    min=    42.807 us/xform  median=    42.848  sd=  1.77%     26.79 GF/s  setup=0.003 s
d1_planner               L=16384 B=1     m=1     inner=624    min=    52.104 us/xform  median=    59.653  sd=  4.64%     22.01 GF/s  setup=0.003 s
d1_planner               L=16384 B=1     m=1     inner=566    min=    43.105 us/xform  median=    43.156  sd=  2.10%     26.61 GF/s  setup=0.003 s
d1_planner               L=16384 B=1     m=1     inner=638    min=    51.674 us/xform  median=    52.248  sd=  6.64%     22.19 GF/s  setup=0.003 s
d1_planner               L=16384 B=1     m=1     inner=574    min=    42.837 us/xform  median=    42.887  sd=  2.22%     26.77 GF/s  setup=0.003 s
d1_pow2                  L=16384 B=1     m=1     inner=1100   min=    33.433 us/xform  median=    33.444  sd=  0.78%     34.30 GF/s  setup=0.003 s
d1_pow2                  L=16384 B=1     m=1     inner=1220   min=    32.630 us/xform  median=    32.638  sd=  0.19%     35.15 GF/s  setup=0.003 s
d1_pow2                  L=16384 B=1     m=1     inner=772    min=    40.446 us/xform  median=    47.172  sd=  6.98%     28.36 GF/s  setup=0.004 s
d1_pow2                  L=16384 B=1     m=1     inner=454    min=    44.359 us/xform  median=    44.408  sd=  0.05%     25.85 GF/s  setup=0.003 s
d1_pow2                  L=16384 B=1     m=1     inner=864    min=    32.788 us/xform  median=    32.799  sd=  0.39%     34.98 GF/s  setup=0.004 s
d1_pow2                  L=16384 B=1     m=1     inner=1156   min=    34.076 us/xform  median=    34.092  sd=  0.02%     33.66 GF/s  setup=0.003 s
d1_pow2                  L=16384 B=1     m=1     inner=816    min=    40.338 us/xform  median=    46.238  sd=  5.30%     28.43 GF/s  setup=0.004 s
d1_pow2                  L=16384 B=1     m=1     inner=694    min=    43.450 us/xform  median=    43.487  sd=  0.05%     26.40 GF/s  setup=0.005 s
d1_pow2                  L=16384 B=1     m=1     inner=776    min=    33.367 us/xform  median=    33.412  sd=  0.95%     34.37 GF/s  setup=0.004 s
d1_race                  L=16384 B=1     m=1     inner=1174   min=    33.933 us/xform  median=    33.952  sd=  0.03%     33.80 GF/s  setup=1.394 s
d1_race                  L=16384 B=1     m=1     inner=882    min=    33.393 us/xform  median=    33.434  sd=  0.05%     34.34 GF/s  setup=0.014 s
d1_race                  L=16384 B=1     m=1     inner=1148   min=    33.829 us/xform  median=    33.840  sd=  0.02%     33.90 GF/s  setup=0.010 s
d1_race                  L=16384 B=1     m=1     inner=1062   min=    37.860 us/xform  median=    40.863  sd=  2.81%     30.29 GF/s  setup=0.014 s
d1_race                  L=16384 B=1     m=1     inner=424    min=    47.322 us/xform  median=    47.360  sd=  0.06%     24.24 GF/s  setup=0.013 s
d1_race                  L=16384 B=1     m=1     inner=914    min=    33.259 us/xform  median=    33.287  sd=  1.77%     34.48 GF/s  setup=0.015 s
d1_race                  L=16384 B=1     m=1     inner=842    min=    33.613 us/xform  median=    33.628  sd=  0.03%     34.12 GF/s  setup=0.013 s
d1_race                  L=16384 B=1     m=1     inner=806    min=    39.374 us/xform  median=    46.079  sd=  6.12%     29.13 GF/s  setup=0.016 s
d1_race                  L=16384 B=1     m=1     inner=894    min=    32.116 us/xform  median=    32.124  sd=  0.03%     35.71 GF/s  setup=0.013 s
d1_twiddle               L=16384 B=1     m=1     inner=1062   min=    37.525 us/xform  median=    41.188  sd=  3.44%     30.56 GF/s  setup=0.001 s
d1_twiddle               L=16384 B=1     m=1     inner=686    min=    47.736 us/xform  median=    47.825  sd=  0.13%     24.03 GF/s  setup=0.001 s
d1_twiddle               L=16384 B=1     m=1     inner=730    min=    41.361 us/xform  median=    41.537  sd=  0.13%     27.73 GF/s  setup=0.001 s
d1_twiddle               L=16384 B=1     m=1     inner=726    min=    46.792 us/xform  median=    46.845  sd=  0.06%     24.51 GF/s  setup=0.001 s
d1_twiddle               L=16384 B=1     m=1     inner=788    min=    41.486 us/xform  median=    41.506  sd=  0.04%     27.64 GF/s  setup=0.001 s
d1_twiddle               L=16384 B=1     m=1     inner=688    min=    47.656 us/xform  median=    47.687  sd=  0.03%     24.07 GF/s  setup=0.001 s
d1_twiddle               L=16384 B=1     m=1     inner=828    min=    47.969 us/xform  median=    48.003  sd=  0.04%     23.91 GF/s  setup=0.001 s
d1_twiddle               L=16384 B=1     m=1     inner=432    min=    46.606 us/xform  median=    46.639  sd=  0.07%     24.61 GF/s  setup=0.001 s
d1_twiddle               L=16384 B=1     m=1     inner=660    min=    49.679 us/xform  median=    49.756  sd=  0.08%     23.09 GF/s  setup=0.001 s
fftw1d_estimate          L=16384 B=1     m=1     inner=378    min=    80.036 us/xform  median=    80.046  sd=  0.02%     14.33 GF/s  setup=0.002 s
fftw1d_estimate          L=16384 B=1     m=1     inner=400    min=    79.191 us/xform  median=    79.205  sd=  0.02%     14.48 GF/s  setup=0.001 s
fftw1d_estimate          L=16384 B=1     m=1     inner=370    min=    81.627 us/xform  median=    81.635  sd=  0.01%     14.05 GF/s  setup=0.001 s
fftw1d_estimate          L=16384 B=1     m=1     inner=398    min=    79.209 us/xform  median=    79.231  sd=  0.01%     14.48 GF/s  setup=0.001 s
fftw1d_estimate          L=16384 B=1     m=1     inner=500    min=    79.399 us/xform  median=    79.409  sd=  0.01%     14.44 GF/s  setup=0.001 s
fftw1d_estimate          L=16384 B=1     m=1     inner=400    min=    78.829 us/xform  median=    78.842  sd=  0.02%     14.55 GF/s  setup=0.001 s
fftw1d_estimate          L=16384 B=1     m=1     inner=500    min=    79.537 us/xform  median=    79.553  sd=  0.01%     14.42 GF/s  setup=0.001 s
fftw1d_estimate          L=16384 B=1     m=1     inner=370    min=    81.574 us/xform  median=    81.591  sd=  0.01%     14.06 GF/s  setup=0.001 s
fftw1d_estimate          L=16384 B=1     m=1     inner=400    min=    79.133 us/xform  median=    79.146  sd=  0.03%     14.49 GF/s  setup=0.001 s
fftw1d_measure           L=16384 B=1     m=1     inner=904    min=    36.850 us/xform  median=    43.079  sd=  5.70%     31.12 GF/s  setup=0.619 s
fftw1d_measure           L=16384 B=1     m=1     inner=978    min=    40.747 us/xform  median=    40.760  sd=  0.04%     28.15 GF/s  setup=0.620 s
fftw1d_measure           L=16384 B=1     m=1     inner=1104   min=    35.960 us/xform  median=    35.963  sd=  0.02%     31.89 GF/s  setup=0.612 s
fftw1d_measure           L=16384 B=1     m=1     inner=994    min=    39.978 us/xform  median=    39.989  sd=  0.02%     28.69 GF/s  setup=0.618 s
fftw1d_measure           L=16384 B=1     m=1     inner=990    min=    40.196 us/xform  median=    40.202  sd=  0.03%     28.53 GF/s  setup=0.629 s
fftw1d_measure           L=16384 B=1     m=1     inner=954    min=    41.670 us/xform  median=    41.679  sd=  0.01%     27.52 GF/s  setup=0.618 s
fftw1d_measure           L=16384 B=1     m=1     inner=940    min=    41.395 us/xform  median=    41.432  sd=  0.06%     27.71 GF/s  setup=0.621 s
fftw1d_measure           L=16384 B=1     m=1     inner=1106   min=    36.030 us/xform  median=    36.036  sd=  0.01%     31.83 GF/s  setup=0.568 s
fftw1d_measure           L=16384 B=1     m=1     inner=978    min=    40.647 us/xform  median=    40.659  sd=  0.02%     28.22 GF/s  setup=0.618 s
fftw1d_patient           L=16384 B=1     m=1     inner=1234   min=    32.175 us/xform  median=    32.187  sd=  0.02%     35.65 GF/s  setup=6.366 s
fftw1d_patient           L=16384 B=1     m=1     inner=1224   min=    32.415 us/xform  median=    32.419  sd=  0.01%     35.38 GF/s  setup=6.378 s
fftw1d_patient           L=16384 B=1     m=1     inner=1224   min=    32.503 us/xform  median=    32.506  sd=  0.01%     35.29 GF/s  setup=6.260 s
fftw1d_patient           L=16384 B=1     m=1     inner=1228   min=    32.415 us/xform  median=    32.426  sd=  0.02%     35.38 GF/s  setup=6.261 s
fftw1d_patient           L=16384 B=1     m=1     inner=1218   min=    32.649 us/xform  median=    32.656  sd=  0.01%     35.13 GF/s  setup=6.304 s
fftw1d_patient           L=16384 B=1     m=1     inner=1214   min=    32.568 us/xform  median=    32.575  sd=  0.01%     35.22 GF/s  setup=6.400 s
fftw1d_patient           L=16384 B=1     m=1     inner=1254   min=    31.768 us/xform  median=    31.788  sd=  0.03%     36.10 GF/s  setup=6.269 s
fftw1d_patient           L=16384 B=1     m=1     inner=1140   min=    32.709 us/xform  median=    32.714  sd=  0.01%     35.06 GF/s  setup=6.251 s
fftw1d_patient           L=16384 B=1     m=1     inner=1224   min=    32.671 us/xform  median=    32.676  sd=  0.01%     35.10 GF/s  setup=6.248 s
mkl1d_dfti               L=16384 B=1     m=1     inner=1008   min=    39.332 us/xform  median=    43.975  sd=  4.53%     29.16 GF/s  setup=0.003 s
mkl1d_dfti               L=16384 B=1     m=1     inner=900    min=    43.842 us/xform  median=    43.861  sd=  0.03%     26.16 GF/s  setup=0.002 s
mkl1d_dfti               L=16384 B=1     m=1     inner=894    min=    34.590 us/xform  median=    34.598  sd=  1.92%     33.16 GF/s  setup=0.002 s
mkl1d_dfti               L=16384 B=1     m=1     inner=1082   min=    35.589 us/xform  median=    35.616  sd=  0.02%     32.23 GF/s  setup=0.002 s
mkl1d_dfti               L=16384 B=1     m=1     inner=816    min=    38.691 us/xform  median=    41.383  sd=  2.26%     29.64 GF/s  setup=0.002 s
mkl1d_dfti               L=16384 B=1     m=1     inner=914    min=    43.168 us/xform  median=    43.191  sd=  0.03%     26.57 GF/s  setup=0.002 s
mkl1d_dfti               L=16384 B=1     m=1     inner=1046   min=    32.952 us/xform  median=    38.029  sd=  5.07%     34.80 GF/s  setup=0.002 s
mkl1d_dfti               L=16384 B=1     m=1     inner=1020   min=    35.610 us/xform  median=    35.625  sd=  0.40%     32.21 GF/s  setup=0.002 s
mkl1d_dfti               L=16384 B=1     m=1     inner=1072   min=    36.067 us/xform  median=    36.087  sd=  0.03%     31.80 GF/s  setup=0.002 s
   skipping baseline_dft at L=16384 B=64 (too expensive to be informative)
d1_bluestein             L=16384 B=64    m=1     inner=8      min=    73.488 us/xform  median=    82.745  sd=  3.35%     15.61 GF/s  setup=0.003 s
d1_bluestein             L=16384 B=64    m=1     inner=8      min=    61.089 us/xform  median=    61.122  sd=  0.33%     18.77 GF/s  setup=0.004 s
d1_bluestein             L=16384 B=64    m=1     inner=8      min=    61.163 us/xform  median=    61.198  sd=  0.03%     18.75 GF/s  setup=0.004 s
d1_bluestein             L=16384 B=64    m=1     inner=10     min=    61.552 us/xform  median=    61.577  sd=  0.03%     18.63 GF/s  setup=0.003 s
d1_bluestein             L=16384 B=64    m=1     inner=10     min=    61.472 us/xform  median=    61.507  sd=  0.05%     18.66 GF/s  setup=0.003 s
d1_bluestein             L=16384 B=64    m=1     inner=10     min=    61.478 us/xform  median=    61.538  sd=  0.04%     18.66 GF/s  setup=0.003 s
d1_bluestein             L=16384 B=64    m=1     inner=10     min=    61.084 us/xform  median=    61.110  sd=  0.03%     18.78 GF/s  setup=0.003 s
d1_bluestein             L=16384 B=64    m=1     inner=8      min=    72.948 us/xform  median=    82.992  sd=  3.79%     15.72 GF/s  setup=0.004 s
d1_bluestein             L=16384 B=64    m=1     inner=6      min=    82.320 us/xform  median=    82.348  sd=  0.04%     13.93 GF/s  setup=0.004 s
d1_planner               L=16384 B=64    m=1     inner=10     min=    56.484 us/xform  median=    64.435  sd=  4.59%     20.30 GF/s  setup=0.003 s
d1_planner               L=16384 B=64    m=1     inner=8      min=    60.326 us/xform  median=    60.373  sd=  0.08%     19.01 GF/s  setup=0.003 s
d1_planner               L=16384 B=64    m=1     inner=8      min=    63.825 us/xform  median=    63.881  sd=  0.05%     17.97 GF/s  setup=0.003 s
d1_planner               L=16384 B=64    m=1     inner=8      min=    66.234 us/xform  median=    66.302  sd=  0.07%     17.32 GF/s  setup=0.003 s
d1_planner               L=16384 B=64    m=1     inner=10     min=    48.055 us/xform  median=    48.111  sd=  0.96%     23.87 GF/s  setup=0.003 s
d1_planner               L=16384 B=64    m=1     inner=12     min=    48.607 us/xform  median=    48.645  sd=  0.05%     23.59 GF/s  setup=0.002 s
d1_planner               L=16384 B=64    m=1     inner=10     min=    61.235 us/xform  median=    66.303  sd=  2.22%     18.73 GF/s  setup=0.003 s
d1_planner               L=16384 B=64    m=1     inner=10     min=    47.583 us/xform  median=    47.623  sd=  0.92%     24.10 GF/s  setup=0.003 s
d1_planner               L=16384 B=64    m=1     inner=10     min=    61.211 us/xform  median=    66.255  sd=  2.31%     18.74 GF/s  setup=0.003 s
d1_pow2                  L=16384 B=64    m=1     inner=12     min=    44.234 us/xform  median=    44.267  sd=  0.29%     25.93 GF/s  setup=0.003 s
d1_pow2                  L=16384 B=64    m=1     inner=12     min=    44.696 us/xform  median=    44.732  sd=  0.13%     25.66 GF/s  setup=0.003 s
d1_pow2                  L=16384 B=64    m=1     inner=6      min=    52.604 us/xform  median=    58.750  sd=  3.77%     21.80 GF/s  setup=0.004 s
d1_pow2                  L=16384 B=64    m=1     inner=10     min=    44.291 us/xform  median=    44.343  sd=  1.55%     25.89 GF/s  setup=0.004 s
d1_pow2                  L=16384 B=64    m=1     inner=14     min=    44.442 us/xform  median=    44.466  sd=  0.04%     25.81 GF/s  setup=0.003 s
d1_pow2                  L=16384 B=64    m=1     inner=7      min=    44.129 us/xform  median=    44.181  sd=  0.07%     25.99 GF/s  setup=0.003 s
d1_pow2                  L=16384 B=64    m=1     inner=6      min=    54.638 us/xform  median=    59.298  sd=  2.40%     20.99 GF/s  setup=0.004 s
d1_pow2                  L=16384 B=64    m=1     inner=10     min=    44.282 us/xform  median=    44.334  sd=  1.25%     25.90 GF/s  setup=0.004 s
d1_pow2                  L=16384 B=64    m=1     inner=12     min=    44.576 us/xform  median=    44.608  sd=  0.07%     25.73 GF/s  setup=0.003 s
d1_race                  L=16384 B=64    m=1     inner=14     min=    39.338 us/xform  median=    39.356  sd=  0.26%     29.15 GF/s  setup=2.017 s
d1_race                  L=16384 B=64    m=1     inner=10     min=    52.139 us/xform  median=    52.192  sd=  0.10%     22.00 GF/s  setup=0.015 s
d1_race                  L=16384 B=64    m=1     inner=14     min=    41.915 us/xform  median=    41.941  sd=  0.06%     27.36 GF/s  setup=0.017 s
d1_race                  L=16384 B=64    m=1     inner=14     min=    39.762 us/xform  median=    39.794  sd=  0.06%     28.84 GF/s  setup=0.011 s
d1_race                  L=16384 B=64    m=1     inner=10     min=    49.860 us/xform  median=    51.225  sd=  1.37%     23.00 GF/s  setup=0.016 s
d1_race                  L=16384 B=64    m=1     inner=10     min=    51.764 us/xform  median=    51.788  sd=  0.05%     22.16 GF/s  setup=0.014 s
d1_race                  L=16384 B=64    m=1     inner=10     min=    50.847 us/xform  median=    50.874  sd=  0.06%     22.56 GF/s  setup=0.016 s
d1_race                  L=16384 B=64    m=1     inner=10     min=    50.484 us/xform  median=    50.542  sd=  1.33%     22.72 GF/s  setup=0.015 s
d1_race                  L=16384 B=64    m=1     inner=14     min=    39.564 us/xform  median=    39.576  sd=  0.03%     28.99 GF/s  setup=0.012 s
d1_twiddle               L=16384 B=64    m=1     inner=12     min=    46.133 us/xform  median=    50.587  sd=  3.01%     24.86 GF/s  setup=0.001 s
d1_twiddle               L=16384 B=64    m=1     inner=8      min=    48.319 us/xform  median=    48.473  sd=  2.34%     23.74 GF/s  setup=0.001 s
d1_twiddle               L=16384 B=64    m=1     inner=12     min=    50.712 us/xform  median=    50.785  sd=  0.06%     22.62 GF/s  setup=0.001 s
d1_twiddle               L=16384 B=64    m=1     inner=12     min=    50.025 us/xform  median=    50.089  sd=  1.41%     22.93 GF/s  setup=0.001 s
d1_twiddle               L=16384 B=64    m=1     inner=10     min=    45.223 us/xform  median=    45.281  sd=  2.17%     25.36 GF/s  setup=0.001 s
d1_twiddle               L=16384 B=64    m=1     inner=12     min=    50.113 us/xform  median=    51.471  sd=  1.33%     22.89 GF/s  setup=0.001 s
d1_twiddle               L=16384 B=64    m=1     inner=10     min=    51.639 us/xform  median=    51.717  sd=  0.08%     22.21 GF/s  setup=0.001 s
d1_twiddle               L=16384 B=64    m=1     inner=12     min=    40.410 us/xform  median=    40.444  sd=  0.24%     28.38 GF/s  setup=0.001 s
d1_twiddle               L=16384 B=64    m=1     inner=12     min=    51.333 us/xform  median=    51.370  sd=  0.06%     22.34 GF/s  setup=0.001 s
fftw1d_estimate          L=16384 B=64    m=1     inner=4      min=   129.389 us/xform  median=   130.123  sd=  0.30%      8.86 GF/s  setup=0.001 s
fftw1d_estimate          L=16384 B=64    m=1     inner=4      min=   129.772 us/xform  median=   130.266  sd=  0.25%      8.84 GF/s  setup=0.001 s
fftw1d_estimate          L=16384 B=64    m=1     inner=4      min=   127.588 us/xform  median=   128.411  sd=  0.41%      8.99 GF/s  setup=0.001 s
fftw1d_estimate          L=16384 B=64    m=1     inner=4      min=   128.406 us/xform  median=   128.756  sd=  0.16%      8.93 GF/s  setup=0.001 s
fftw1d_estimate          L=16384 B=64    m=1     inner=4      min=   129.962 us/xform  median=   130.617  sd=  0.54%      8.82 GF/s  setup=0.001 s
fftw1d_estimate          L=16384 B=64    m=1     inner=4      min=   127.730 us/xform  median=   128.149  sd=  0.35%      8.98 GF/s  setup=0.001 s
fftw1d_estimate          L=16384 B=64    m=1     inner=4      min=   128.770 us/xform  median=   129.193  sd=  0.30%      8.91 GF/s  setup=0.001 s
fftw1d_estimate          L=16384 B=64    m=1     inner=4      min=    90.741 us/xform  median=    92.044  sd= 11.13%     12.64 GF/s  setup=0.001 s
fftw1d_estimate          L=16384 B=64    m=1     inner=6      min=    92.016 us/xform  median=    92.287  sd=  0.25%     12.46 GF/s  setup=0.001 s
fftw1d_measure           L=16384 B=64    m=1     inner=4      min=    89.731 us/xform  median=   116.459  sd=  7.57%     12.78 GF/s  setup=0.619 s
fftw1d_measure           L=16384 B=64    m=1     inner=6      min=    96.365 us/xform  median=    96.786  sd=  0.31%     11.90 GF/s  setup=0.620 s
fftw1d_measure           L=16384 B=64    m=1     inner=6      min=    97.062 us/xform  median=    97.341  sd=  0.28%     11.82 GF/s  setup=0.617 s
fftw1d_measure           L=16384 B=64    m=1     inner=8      min=    62.247 us/xform  median=    62.515  sd=  0.33%     18.42 GF/s  setup=0.587 s
fftw1d_measure           L=16384 B=64    m=1     inner=8      min=    62.934 us/xform  median=    63.290  sd=  0.38%     18.22 GF/s  setup=0.576 s
fftw1d_measure           L=16384 B=64    m=1     inner=8      min=    62.150 us/xform  median=    62.272  sd=  0.26%     18.45 GF/s  setup=0.600 s
fftw1d_measure           L=16384 B=64    m=1     inner=8      min=    62.544 us/xform  median=    62.806  sd=  0.70%     18.34 GF/s  setup=0.569 s
fftw1d_measure           L=16384 B=64    m=1     inner=8      min=    62.205 us/xform  median=    62.444  sd=  0.23%     18.44 GF/s  setup=0.564 s
fftw1d_measure           L=16384 B=64    m=1     inner=6      min=    77.102 us/xform  median=    98.572  sd=  6.69%     14.87 GF/s  setup=0.618 s
fftw1d_patient           L=16384 B=64    m=1     inner=12     min=    46.080 us/xform  median=    46.155  sd=  0.17%     24.89 GF/s  setup=66.989 s
fftw1d_patient           L=16384 B=64    m=1     inner=12     min=    46.410 us/xform  median=    46.563  sd=  0.20%     24.71 GF/s  setup=67.781 s
fftw1d_patient           L=16384 B=64    m=1     inner=12     min=    45.156 us/xform  median=    45.299  sd=  0.30%     25.40 GF/s  setup=67.394 s
fftw1d_patient           L=16384 B=64    m=1     inner=12     min=    47.704 us/xform  median=    47.794  sd=  0.11%     24.04 GF/s  setup=66.930 s
fftw1d_patient           L=16384 B=64    m=1     inner=12     min=    47.525 us/xform  median=    47.646  sd=  0.17%     24.13 GF/s  setup=66.941 s
fftw1d_patient           L=16384 B=64    m=1     inner=14     min=    45.809 us/xform  median=    45.958  sd=  0.38%     25.04 GF/s  setup=67.410 s
fftw1d_patient           L=16384 B=64    m=1     inner=12     min=    44.801 us/xform  median=    44.968  sd=  0.37%     25.60 GF/s  setup=67.346 s
fftw1d_patient           L=16384 B=64    m=1     inner=12     min=    46.024 us/xform  median=    46.174  sd=  0.24%     24.92 GF/s  setup=67.456 s
fftw1d_patient           L=16384 B=64    m=1     inner=12     min=    50.614 us/xform  median=    50.781  sd=  0.29%     22.66 GF/s  setup=67.701 s
mkl1d_dfti               L=16384 B=64    m=1     inner=10     min=    54.207 us/xform  median=    54.334  sd=  0.25%     21.16 GF/s  setup=0.003 s
mkl1d_dfti               L=16384 B=64    m=1     inner=10     min=    64.895 us/xform  median=    64.973  sd=  0.09%     17.67 GF/s  setup=0.003 s
mkl1d_dfti               L=16384 B=64    m=1     inner=8      min=    66.500 us/xform  median=    66.749  sd=  0.22%     17.25 GF/s  setup=0.004 s
mkl1d_dfti               L=16384 B=64    m=1     inner=8      min=    73.957 us/xform  median=    74.100  sd=  0.22%     15.51 GF/s  setup=0.003 s
mkl1d_dfti               L=16384 B=64    m=1     inner=8      min=    73.073 us/xform  median=    73.488  sd=  0.19%     15.70 GF/s  setup=0.003 s
mkl1d_dfti               L=16384 B=64    m=1     inner=10     min=    47.226 us/xform  median=    47.421  sd=  1.28%     24.28 GF/s  setup=0.003 s
mkl1d_dfti               L=16384 B=64    m=1     inner=10     min=    57.421 us/xform  median=    72.871  sd=  7.22%     19.97 GF/s  setup=0.003 s
mkl1d_dfti               L=16384 B=64    m=1     inner=8      min=    68.545 us/xform  median=    68.674  sd=  0.19%     16.73 GF/s  setup=0.004 s
mkl1d_dfti               L=16384 B=64    m=1     inner=10     min=    67.263 us/xform  median=    67.448  sd=  0.18%     17.05 GF/s  setup=0.003 s
   skipping baseline_dft at L=16384 B=1 (too expensive to be informative)
d1_bluestein             L=16384 B=1     m=250   inner=1      min=   135.684 us/xform  median=   135.820  sd=  0.07%      8.45 GF/s  setup=0.003 s
d1_bluestein             L=16384 B=1     m=250   inner=1      min=   134.926 us/xform  median=   135.075  sd=  0.08%      8.50 GF/s  setup=0.004 s
d1_bluestein             L=16384 B=1     m=250   inner=1      min=   138.867 us/xform  median=   139.033  sd=  0.06%      8.26 GF/s  setup=0.005 s
d1_bluestein             L=16384 B=1     m=2     inner=6      min=   132.041 us/xform  median=   132.041  sd=  0.00%      8.69 GF/s  setup=0.004 s
d1_planner               L=16384 B=1     m=250   inner=2      min=    66.903 us/xform  median=    67.655  sd=  0.32%     17.14 GF/s  setup=0.003 s
d1_planner               L=16384 B=1     m=250   inner=2      min=    60.700 us/xform  median=    67.232  sd=  2.83%     18.89 GF/s  setup=0.003 s
d1_planner               L=16384 B=1     m=250   inner=2      min=    57.879 us/xform  median=    57.919  sd=  0.03%     19.82 GF/s  setup=0.002 s
d1_planner               L=16384 B=1     m=2     inner=10     min=    87.338 us/xform  median=    87.338  sd=  0.00%     13.13 GF/s  setup=0.003 s
d1_pow2                  L=16384 B=1     m=250   inner=2      min=    50.603 us/xform  median=    50.645  sd=  0.05%     22.66 GF/s  setup=0.003 s
d1_pow2                  L=16384 B=1     m=250   inner=2      min=    49.931 us/xform  median=    49.964  sd=  0.05%     22.97 GF/s  setup=0.003 s
d1_pow2                  L=16384 B=1     m=250   inner=2      min=    50.328 us/xform  median=    50.361  sd=  0.03%     22.79 GF/s  setup=0.003 s
d1_pow2                  L=16384 B=1     m=2     inner=14     min=    64.214 us/xform  median=    64.214  sd=  0.00%     17.86 GF/s  setup=0.003 s
d1_race                  L=16384 B=1     m=250   inner=2      min=    58.161 us/xform  median=    63.957  sd=  4.27%     19.72 GF/s  setup=0.012 s
d1_race                  L=16384 B=1     m=250   inner=2      min=    50.493 us/xform  median=    50.528  sd=  0.06%     22.71 GF/s  setup=0.014 s
d1_race                  L=16384 B=1     m=250   inner=2      min=    67.468 us/xform  median=    67.560  sd=  0.08%     17.00 GF/s  setup=0.016 s
d1_race                  L=16384 B=1     m=2     inner=14     min=    63.736 us/xform  median=    63.736  sd=  0.00%     17.99 GF/s  setup=0.011 s
d1_twiddle               L=16384 B=1     m=250   inner=2      min=    57.377 us/xform  median=    57.402  sd=  0.02%     19.99 GF/s  setup=0.001 s
d1_twiddle               L=16384 B=1     m=250   inner=2      min=    56.573 us/xform  median=    56.599  sd=  0.02%     20.27 GF/s  setup=0.001 s
d1_twiddle               L=16384 B=1     m=250   inner=2      min=    56.683 us/xform  median=    56.695  sd=  0.01%     20.23 GF/s  setup=0.001 s
d1_twiddle               L=16384 B=1     m=2     inner=12     min=    69.495 us/xform  median=    69.495  sd=  0.00%     16.50 GF/s  setup=0.001 s
fftw1d_estimate          L=16384 B=1     m=250   inner=1      min=   135.932 us/xform  median=   135.960  sd=  0.01%      8.44 GF/s  setup=0.001 s
fftw1d_estimate          L=16384 B=1     m=250   inner=1      min=   118.849 us/xform  median=   118.859  sd=  0.00%      9.65 GF/s  setup=0.001 s
fftw1d_estimate          L=16384 B=1     m=250   inner=1      min=   135.193 us/xform  median=   135.217  sd=  0.01%      8.48 GF/s  setup=0.001 s
fftw1d_estimate          L=16384 B=1     m=2     inner=6      min=   140.548 us/xform  median=   140.548  sd=  0.00%      8.16 GF/s  setup=0.001 s
fftw1d_measure           L=16384 B=1     m=250   inner=1      min=    97.891 us/xform  median=    97.928  sd=  0.02%     11.72 GF/s  setup=0.614 s
fftw1d_measure           L=16384 B=1     m=250   inner=1      min=    85.222 us/xform  median=    85.239  sd=  0.02%     13.46 GF/s  setup=0.569 s
fftw1d_measure           L=16384 B=1     m=250   inner=1      min=    98.206 us/xform  median=    98.226  sd=  0.01%     11.68 GF/s  setup=0.617 s
fftw1d_measure           L=16384 B=1     m=2     inner=8      min=   104.969 us/xform  median=   104.969  sd=  0.00%     10.93 GF/s  setup=0.616 s
fftw1d_patient           L=16384 B=1     m=250   inner=1      min=    82.146 us/xform  median=    82.173  sd=  0.01%     13.96 GF/s  setup=6.237 s
fftw1d_patient           L=16384 B=1     m=250   inner=1      min=    82.030 us/xform  median=    82.037  sd=  0.02%     13.98 GF/s  setup=6.404 s
fftw1d_patient           L=16384 B=1     m=250   inner=1      min=    82.698 us/xform  median=    82.706  sd=  0.01%     13.87 GF/s  setup=6.377 s
fftw1d_patient           L=16384 B=1     m=2     inner=10     min=    86.260 us/xform  median=    86.260  sd=  0.00%     13.30 GF/s  setup=6.330 s
mkl1d_dfti               L=16384 B=1     m=250   inner=1      min=    85.061 us/xform  median=    85.102  sd=  0.02%     13.48 GF/s  setup=0.002 s
mkl1d_dfti               L=16384 B=1     m=250   inner=1      min=    84.917 us/xform  median=    84.953  sd=  0.27%     13.51 GF/s  setup=0.002 s
mkl1d_dfti               L=16384 B=1     m=250   inner=1      min=    85.360 us/xform  median=    85.391  sd=  0.02%     13.44 GF/s  setup=0.002 s
mkl1d_dfti               L=16384 B=1     m=2     inner=8      min=   108.416 us/xform  median=   108.416  sd=  0.00%     10.58 GF/s  setup=0.003 s
   skipping baseline_dft at L=16384 B=64 (too expensive to be informative)
d1_bluestein             L=16384 B=64    m=150   inner=1      min=   128.904 us/xform  median=   128.931  sd=  0.01%      8.90 GF/s  setup=0.004 s
d1_bluestein             L=16384 B=64    m=150   inner=1      min=   129.548 us/xform  median=   129.600  sd=  0.03%      8.85 GF/s  setup=0.004 s
d1_bluestein             L=16384 B=64    m=150   inner=1      min=   128.134 us/xform  median=   128.194  sd=  0.03%      8.95 GF/s  setup=0.004 s
d1_bluestein             L=16384 B=64    m=2     inner=1      min=   147.200 us/xform  median=   147.200  sd=  0.00%      7.79 GF/s  setup=0.003 s
d1_planner               L=16384 B=64    m=150   inner=1      min=    57.671 us/xform  median=    57.723  sd=  0.04%     19.89 GF/s  setup=0.002 s
d1_planner               L=16384 B=64    m=150   inner=1      min=    58.853 us/xform  median=    58.912  sd=  0.07%     19.49 GF/s  setup=0.003 s
d1_planner               L=16384 B=64    m=150   inner=1      min=    58.726 us/xform  median=    58.778  sd=  0.04%     19.53 GF/s  setup=0.003 s
d1_planner               L=16384 B=64    m=2     inner=1      min=    90.219 us/xform  median=    90.219  sd=  0.00%     12.71 GF/s  setup=0.002 s
d1_pow2                  L=16384 B=64    m=150   inner=1      min=    50.775 us/xform  median=    50.790  sd=  0.05%     22.59 GF/s  setup=0.003 s
d1_pow2                  L=16384 B=64    m=150   inner=1      min=    51.078 us/xform  median=    51.123  sd=  0.05%     22.45 GF/s  setup=0.004 s
d1_pow2                  L=16384 B=64    m=150   inner=1      min=    51.202 us/xform  median=    51.246  sd=  0.05%     22.40 GF/s  setup=0.004 s
d1_pow2                  L=16384 B=64    m=2     inner=1      min=    72.855 us/xform  median=    72.855  sd=  0.00%     15.74 GF/s  setup=0.003 s
d1_race                  L=16384 B=64    m=150   inner=1      min=    51.436 us/xform  median=    51.486  sd=  0.04%     22.30 GF/s  setup=0.016 s
d1_race                  L=16384 B=64    m=150   inner=1      min=    50.595 us/xform  median=    50.646  sd=  0.06%     22.67 GF/s  setup=0.011 s
d1_race                  L=16384 B=64    m=150   inner=1      min=    51.197 us/xform  median=    51.243  sd=  0.05%     22.40 GF/s  setup=0.012 s
d1_race                  L=16384 B=64    m=2     inner=1      min=    71.848 us/xform  median=    71.848  sd=  0.00%     15.96 GF/s  setup=0.009 s
d1_twiddle               L=16384 B=64    m=150   inner=1      min=    57.670 us/xform  median=    57.707  sd=  0.04%     19.89 GF/s  setup=0.001 s
d1_twiddle               L=16384 B=64    m=150   inner=1      min=    57.674 us/xform  median=    57.728  sd=  0.04%     19.89 GF/s  setup=0.001 s
d1_twiddle               L=16384 B=64    m=150   inner=1      min=    57.458 us/xform  median=    57.508  sd=  0.04%     19.96 GF/s  setup=0.001 s
d1_twiddle               L=16384 B=64    m=2     inner=1      min=    85.735 us/xform  median=    85.735  sd=  0.00%     13.38 GF/s  setup=0.001 s
fftw1d_estimate          L=16384 B=64    m=150   inner=1      min=   146.748 us/xform  median=   146.860  sd=  0.04%      7.82 GF/s  setup=0.001 s
fftw1d_estimate          L=16384 B=64    m=150   inner=1      min=   145.920 us/xform  median=   145.991  sd=  0.03%      7.86 GF/s  setup=0.001 s
fftw1d_estimate          L=16384 B=64    m=150   inner=1      min=   146.521 us/xform  median=   146.602  sd=  0.04%      7.83 GF/s  setup=0.001 s
fftw1d_estimate          L=16384 B=64    m=2     inner=1      min=   157.735 us/xform  median=   157.735  sd=  0.00%      7.27 GF/s  setup=0.001 s
fftw1d_measure           L=16384 B=64    m=150   inner=1      min=   115.999 us/xform  median=   116.059  sd=  0.03%      9.89 GF/s  setup=0.571 s
fftw1d_measure           L=16384 B=64    m=150   inner=1      min=   119.228 us/xform  median=   119.306  sd=  0.03%      9.62 GF/s  setup=0.616 s
fftw1d_measure           L=16384 B=64    m=150   inner=1      min=   119.095 us/xform  median=   119.149  sd=  0.03%      9.63 GF/s  setup=0.617 s
fftw1d_measure           L=16384 B=64    m=2     inner=1      min=   137.529 us/xform  median=   137.529  sd=  0.00%      8.34 GF/s  setup=0.569 s
fftw1d_patient           L=16384 B=64    m=150   inner=1      min=    98.408 us/xform  median=    98.429  sd=  0.08%     11.65 GF/s  setup=66.781 s
fftw1d_patient           L=16384 B=64    m=150   inner=1      min=    97.848 us/xform  median=    97.884  sd=  0.01%     11.72 GF/s  setup=66.625 s
fftw1d_patient           L=16384 B=64    m=150   inner=1      min=    99.028 us/xform  median=    99.056  sd=  0.02%     11.58 GF/s  setup=66.765 s
fftw1d_patient           L=16384 B=64    m=2     inner=1      min=   110.392 us/xform  median=   110.392  sd=  0.00%     10.39 GF/s  setup=67.668 s
mkl1d_dfti               L=16384 B=64    m=150   inner=1      min=   101.395 us/xform  median=   101.498  sd=  0.06%     11.31 GF/s  setup=0.004 s
mkl1d_dfti               L=16384 B=64    m=150   inner=1      min=   101.360 us/xform  median=   101.418  sd=  0.03%     11.31 GF/s  setup=0.002 s
mkl1d_dfti               L=16384 B=64    m=150   inner=1      min=   103.758 us/xform  median=   103.799  sd=  0.02%     11.05 GF/s  setup=0.002 s
mkl1d_dfti               L=16384 B=64    m=2     inner=1      min=   116.698 us/xform  median=   116.698  sd=  0.00%      9.83 GF/s  setup=0.002 s
baseline_dft             L=1021 B=1     m=1     inner=18     min=  2187.967 us/xform  median=  2205.165  sd=  0.24%      0.02 GF/s  setup=0.034 s
baseline_dft             L=1021 B=1     m=1     inner=16     min=  2206.700 us/xform  median=  2211.594  sd=  0.17%      0.02 GF/s  setup=0.039 s
baseline_dft             L=1021 B=1     m=1     inner=18     min=  2200.520 us/xform  median=  2203.180  sd=  0.11%      0.02 GF/s  setup=0.034 s
baseline_dft             L=1021 B=1     m=1     inner=18     min=  1808.938 us/xform  median=  2204.513  sd=  9.12%      0.03 GF/s  setup=0.034 s
baseline_dft             L=1021 B=1     m=1     inner=18     min=  2196.129 us/xform  median=  2218.009  sd=  0.34%      0.02 GF/s  setup=0.038 s
baseline_dft             L=1021 B=1     m=1     inner=20     min=  1810.754 us/xform  median=  1812.471  sd=  0.11%      0.03 GF/s  setup=0.028 s
baseline_dft             L=1021 B=1     m=1     inner=20     min=  1809.492 us/xform  median=  1810.870  sd=  0.10%      0.03 GF/s  setup=0.028 s
baseline_dft             L=1021 B=1     m=1     inner=22     min=  1808.637 us/xform  median=  1810.411  sd=  0.06%      0.03 GF/s  setup=0.028 s
baseline_dft             L=1021 B=1     m=1     inner=18     min=  2195.079 us/xform  median=  2211.167  sd=  0.25%      0.02 GF/s  setup=0.038 s
d1_bluestein             L=1021 B=1     m=1     inner=4450   min=     8.897 us/xform  median=     8.902  sd=  0.05%      5.74 GF/s  setup=0.002 s
d1_bluestein             L=1021 B=1     m=1     inner=3380   min=     8.916 us/xform  median=     8.923  sd=  0.07%      5.72 GF/s  setup=0.003 s
d1_bluestein             L=1021 B=1     m=1     inner=3520   min=     8.915 us/xform  median=     8.925  sd=  0.05%      5.72 GF/s  setup=0.003 s
d1_bluestein             L=1021 B=1     m=1     inner=3438   min=     9.001 us/xform  median=     9.010  sd=  0.05%      5.67 GF/s  setup=0.002 s
d1_bluestein             L=1021 B=1     m=1     inner=3482   min=     8.915 us/xform  median=     8.921  sd=  0.04%      5.72 GF/s  setup=0.003 s
d1_bluestein             L=1021 B=1     m=1     inner=3556   min=     8.915 us/xform  median=     8.922  sd=  0.04%      5.72 GF/s  setup=0.002 s
d1_bluestein             L=1021 B=1     m=1     inner=3428   min=     8.827 us/xform  median=     8.832  sd=  0.04%      5.78 GF/s  setup=0.002 s
d1_bluestein             L=1021 B=1     m=1     inner=4394   min=     8.913 us/xform  median=     8.921  sd=  0.04%      5.73 GF/s  setup=0.002 s
d1_bluestein             L=1021 B=1     m=1     inner=4456   min=     8.858 us/xform  median=     8.861  sd=  0.04%      5.76 GF/s  setup=0.002 s
d1_planner               L=1021 B=1     m=1     inner=4108   min=     7.616 us/xform  median=     7.619  sd=  0.03%      6.70 GF/s  setup=0.001 s
d1_planner               L=1021 B=1     m=1     inner=2627   min=     7.591 us/xform  median=     7.599  sd=  0.04%      6.72 GF/s  setup=0.000 s
d1_planner               L=1021 B=1     m=1     inner=4148   min=     7.566 us/xform  median=     7.568  sd=  0.03%      6.74 GF/s  setup=0.001 s
d1_planner               L=1021 B=1     m=1     inner=4148   min=     7.534 us/xform  median=     7.538  sd=  0.03%      6.77 GF/s  setup=0.001 s
d1_planner               L=1021 B=1     m=1     inner=3914   min=     7.711 us/xform  median=     7.714  sd=  0.03%      6.62 GF/s  setup=0.001 s
d1_planner               L=1021 B=1     m=1     inner=3924   min=     7.593 us/xform  median=     7.595  sd=  0.02%      6.72 GF/s  setup=0.001 s
d1_planner               L=1021 B=1     m=1     inner=5202   min=     7.555 us/xform  median=     7.557  sd=  0.02%      6.75 GF/s  setup=0.000 s
d1_planner               L=1021 B=1     m=1     inner=3904   min=     7.624 us/xform  median=     7.626  sd=  0.03%      6.69 GF/s  setup=0.001 s
d1_planner               L=1021 B=1     m=1     inner=4154   min=     7.544 us/xform  median=     7.546  sd=  0.02%      6.76 GF/s  setup=0.001 s
d1_race                  L=1021 B=1     m=1     inner=4984   min=     7.555 us/xform  median=     7.557  sd=  0.03%      6.75 GF/s  setup=0.484 s
d1_race                  L=1021 B=1     m=1     inner=2516   min=     7.941 us/xform  median=     7.946  sd=  0.03%      6.43 GF/s  setup=0.017 s
d1_race                  L=1021 B=1     m=1     inner=5024   min=     7.572 us/xform  median=     7.576  sd=  0.02%      6.74 GF/s  setup=0.019 s
d1_race                  L=1021 B=1     m=1     inner=4132   min=     7.621 us/xform  median=     7.623  sd=  0.02%      6.70 GF/s  setup=0.016 s
d1_race                  L=1021 B=1     m=1     inner=4120   min=     7.624 us/xform  median=     7.627  sd=  0.02%      6.69 GF/s  setup=0.018 s
d1_race                  L=1021 B=1     m=1     inner=2616   min=     7.640 us/xform  median=     7.643  sd=  0.02%      6.68 GF/s  setup=0.016 s
d1_race                  L=1021 B=1     m=1     inner=5244   min=     7.551 us/xform  median=     7.553  sd=  0.03%      6.76 GF/s  setup=0.017 s
d1_race                  L=1021 B=1     m=1     inner=4846   min=     8.036 us/xform  median=     8.040  sd=  0.03%      6.35 GF/s  setup=0.014 s
d1_race                  L=1021 B=1     m=1     inner=5042   min=     6.953 us/xform  median=     6.955  sd=  3.40%      7.34 GF/s  setup=0.013 s
d1_rader                 L=1021 B=1     m=1     inner=4944   min=     7.490 us/xform  median=     7.492  sd=  0.03%      6.81 GF/s  setup=0.000 s
d1_rader                 L=1021 B=1     m=1     inner=5232   min=     7.613 us/xform  median=     7.614  sd=  0.01%      6.70 GF/s  setup=0.000 s
d1_rader                 L=1021 B=1     m=1     inner=5184   min=     6.768 us/xform  median=     7.702  sd=  4.14%      7.54 GF/s  setup=0.000 s
d1_rader                 L=1021 B=1     m=1     inner=4092   min=     7.534 us/xform  median=     7.539  sd=  0.04%      6.77 GF/s  setup=0.000 s
d1_rader                 L=1021 B=1     m=1     inner=5258   min=     7.522 us/xform  median=     7.529  sd=  0.05%      6.78 GF/s  setup=0.000 s
d1_rader                 L=1021 B=1     m=1     inner=3958   min=     6.642 us/xform  median=     6.643  sd=  0.02%      7.68 GF/s  setup=0.000 s
d1_rader                 L=1021 B=1     m=1     inner=4710   min=     7.559 us/xform  median=     7.565  sd=  0.06%      6.75 GF/s  setup=0.000 s
d1_rader                 L=1021 B=1     m=1     inner=5818   min=     6.778 us/xform  median=     6.781  sd=  0.03%      7.53 GF/s  setup=0.000 s
d1_rader                 L=1021 B=1     m=1     inner=5370   min=     7.088 us/xform  median=     7.095  sd=  0.04%      7.20 GF/s  setup=0.000 s
fftw1d_estimate          L=1021 B=1     m=1     inner=2924   min=    12.814 us/xform  median=    12.828  sd=  0.05%      3.98 GF/s  setup=0.001 s
fftw1d_estimate          L=1021 B=1     m=1     inner=2106   min=    14.637 us/xform  median=    14.657  sd=  0.06%      3.49 GF/s  setup=0.001 s
fftw1d_estimate          L=1021 B=1     m=1     inner=2668   min=    14.566 us/xform  median=    14.576  sd=  0.05%      3.50 GF/s  setup=0.001 s
fftw1d_estimate          L=1021 B=1     m=1     inner=2652   min=    14.522 us/xform  median=    14.532  sd=  0.04%      3.51 GF/s  setup=0.001 s
fftw1d_estimate          L=1021 B=1     m=1     inner=2708   min=    12.792 us/xform  median=    13.827  sd=  6.47%      3.99 GF/s  setup=0.001 s
fftw1d_estimate          L=1021 B=1     m=1     inner=2112   min=    12.757 us/xform  median=    12.770  sd=  0.06%      4.00 GF/s  setup=0.001 s
fftw1d_estimate          L=1021 B=1     m=1     inner=2212   min=    12.735 us/xform  median=    12.742  sd=  0.07%      4.01 GF/s  setup=0.001 s
fftw1d_estimate          L=1021 B=1     m=1     inner=1522   min=    12.804 us/xform  median=    12.817  sd=  1.50%      3.99 GF/s  setup=0.001 s
fftw1d_estimate          L=1021 B=1     m=1     inner=2118   min=    12.779 us/xform  median=    12.791  sd=  0.05%      3.99 GF/s  setup=0.001 s
fftw1d_measure           L=1021 B=1     m=1     inner=3124   min=    12.394 us/xform  median=    12.398  sd=  0.03%      4.12 GF/s  setup=0.286 s
fftw1d_measure           L=1021 B=1     m=1     inner=3188   min=    12.232 us/xform  median=    12.243  sd=  0.04%      4.17 GF/s  setup=0.285 s
fftw1d_measure           L=1021 B=1     m=1     inner=1693   min=    11.934 us/xform  median=    11.940  sd=  0.05%      4.28 GF/s  setup=0.284 s
fftw1d_measure           L=1021 B=1     m=1     inner=1687   min=    12.006 us/xform  median=    12.015  sd=  0.04%      4.25 GF/s  setup=0.287 s
fftw1d_measure           L=1021 B=1     m=1     inner=1695   min=    11.920 us/xform  median=    11.931  sd=  0.06%      4.28 GF/s  setup=0.288 s
fftw1d_measure           L=1021 B=1     m=1     inner=3198   min=    12.453 us/xform  median=    12.461  sd=  0.04%      4.10 GF/s  setup=0.286 s
fftw1d_measure           L=1021 B=1     m=1     inner=3260   min=    11.925 us/xform  median=    11.931  sd=  0.03%      4.28 GF/s  setup=0.285 s
fftw1d_measure           L=1021 B=1     m=1     inner=3264   min=    11.984 us/xform  median=    11.990  sd=  0.03%      4.26 GF/s  setup=0.289 s
fftw1d_measure           L=1021 B=1     m=1     inner=1710   min=    11.879 us/xform  median=    11.897  sd=  0.06%      4.30 GF/s  setup=0.287 s
fftw1d_patient           L=1021 B=1     m=1     inner=1707   min=    11.862 us/xform  median=    11.871  sd=  0.06%      4.30 GF/s  setup=2.981 s
fftw1d_patient           L=1021 B=1     m=1     inner=3238   min=    12.020 us/xform  median=    12.026  sd=  0.03%      4.25 GF/s  setup=2.956 s
fftw1d_patient           L=1021 B=1     m=1     inner=3316   min=    11.894 us/xform  median=    11.906  sd=  0.04%      4.29 GF/s  setup=2.989 s
fftw1d_patient           L=1021 B=1     m=1     inner=3252   min=    11.936 us/xform  median=    11.939  sd=  0.03%      4.28 GF/s  setup=2.943 s
fftw1d_patient           L=1021 B=1     m=1     inner=3222   min=    11.887 us/xform  median=    11.892  sd=  0.04%      4.29 GF/s  setup=2.946 s
fftw1d_patient           L=1021 B=1     m=1     inner=3354   min=    11.895 us/xform  median=    11.906  sd=  0.05%      4.29 GF/s  setup=2.951 s
fftw1d_patient           L=1021 B=1     m=1     inner=3278   min=    12.067 us/xform  median=    12.073  sd=  0.02%      4.23 GF/s  setup=2.949 s
fftw1d_patient           L=1021 B=1     m=1     inner=3182   min=    12.114 us/xform  median=    12.126  sd=  0.06%      4.21 GF/s  setup=2.952 s
fftw1d_patient           L=1021 B=1     m=1     inner=1682   min=    11.999 us/xform  median=    12.007  sd=  0.04%      4.25 GF/s  setup=2.947 s
mkl1d_dfti               L=1021 B=1     m=1     inner=2434   min=     9.420 us/xform  median=     9.424  sd=  0.61%      5.42 GF/s  setup=0.051 s
mkl1d_dfti               L=1021 B=1     m=1     inner=4200   min=     9.420 us/xform  median=     9.422  sd=  0.01%      5.42 GF/s  setup=0.013 s
mkl1d_dfti               L=1021 B=1     m=1     inner=4168   min=     9.407 us/xform  median=     9.409  sd=  0.01%      5.42 GF/s  setup=0.014 s
mkl1d_dfti               L=1021 B=1     m=1     inner=4188   min=     9.421 us/xform  median=     9.423  sd=  0.01%      5.42 GF/s  setup=0.034 s
mkl1d_dfti               L=1021 B=1     m=1     inner=4176   min=     9.409 us/xform  median=     9.412  sd=  0.02%      5.42 GF/s  setup=0.014 s
mkl1d_dfti               L=1021 B=1     m=1     inner=4686   min=     8.268 us/xform  median=     8.269  sd=  0.01%      6.17 GF/s  setup=0.013 s
mkl1d_dfti               L=1021 B=1     m=1     inner=4500   min=     8.269 us/xform  median=     8.272  sd=  0.01%      6.17 GF/s  setup=0.012 s
mkl1d_dfti               L=1021 B=1     m=1     inner=4774   min=     8.267 us/xform  median=     8.269  sd=  0.01%      6.17 GF/s  setup=0.013 s
mkl1d_dfti               L=1021 B=1     m=1     inner=4722   min=     8.266 us/xform  median=     8.269  sd=  0.02%      6.17 GF/s  setup=0.013 s
   skipping baseline_dft at L=1021 B=256 (too expensive to be informative)
d1_bluestein             L=1021 B=256   m=1     inner=16     min=     9.207 us/xform  median=     9.218  sd=  0.05%      5.54 GF/s  setup=0.002 s
d1_bluestein             L=1021 B=256   m=1     inner=14     min=     8.019 us/xform  median=     8.028  sd=  0.05%      6.36 GF/s  setup=0.002 s
d1_bluestein             L=1021 B=256   m=1     inner=14     min=     9.177 us/xform  median=     9.184  sd=  0.04%      5.56 GF/s  setup=0.002 s
d1_bluestein             L=1021 B=256   m=1     inner=16     min=     9.200 us/xform  median=     9.205  sd=  0.04%      5.55 GF/s  setup=0.002 s
d1_bluestein             L=1021 B=256   m=1     inner=14     min=     9.191 us/xform  median=     9.197  sd=  0.06%      5.55 GF/s  setup=0.002 s
d1_bluestein             L=1021 B=256   m=1     inner=14     min=     9.139 us/xform  median=     9.147  sd=  0.05%      5.58 GF/s  setup=0.002 s
d1_bluestein             L=1021 B=256   m=1     inner=16     min=     9.162 us/xform  median=     9.167  sd=  0.05%      5.57 GF/s  setup=0.002 s
d1_bluestein             L=1021 B=256   m=1     inner=14     min=     9.134 us/xform  median=     9.151  sd=  0.06%      5.59 GF/s  setup=0.002 s
d1_bluestein             L=1021 B=256   m=1     inner=16     min=     9.304 us/xform  median=     9.317  sd=  0.07%      5.48 GF/s  setup=0.002 s
d1_planner               L=1021 B=256   m=1     inner=18     min=     8.304 us/xform  median=     8.377  sd=  0.38%      6.15 GF/s  setup=0.000 s
d1_planner               L=1021 B=256   m=1     inner=16     min=     8.458 us/xform  median=     8.462  sd=  0.03%      6.03 GF/s  setup=0.001 s
d1_planner               L=1021 B=256   m=1     inner=16     min=     8.711 us/xform  median=     8.717  sd=  0.05%      5.86 GF/s  setup=0.001 s
d1_planner               L=1021 B=256   m=1     inner=16     min=     8.779 us/xform  median=     8.782  sd=  0.02%      5.81 GF/s  setup=0.001 s
d1_planner               L=1021 B=256   m=1     inner=16     min=     8.415 us/xform  median=     8.419  sd=  0.03%      6.06 GF/s  setup=0.001 s
d1_planner               L=1021 B=256   m=1     inner=16     min=     8.436 us/xform  median=     8.509  sd=  0.58%      6.05 GF/s  setup=0.001 s
d1_planner               L=1021 B=256   m=1     inner=16     min=     8.329 us/xform  median=     8.333  sd=  0.03%      6.13 GF/s  setup=0.001 s
d1_planner               L=1021 B=256   m=1     inner=18     min=     8.344 us/xform  median=     8.346  sd=  0.02%      6.12 GF/s  setup=0.000 s
d1_planner               L=1021 B=256   m=1     inner=18     min=     8.371 us/xform  median=     8.375  sd=  0.47%      6.10 GF/s  setup=0.000 s
d1_race                  L=1021 B=256   m=1     inner=18     min=     8.041 us/xform  median=     8.048  sd=  0.08%      6.35 GF/s  setup=1.967 s
d1_race                  L=1021 B=256   m=1     inner=16     min=     9.561 us/xform  median=     9.569  sd=  0.05%      5.34 GF/s  setup=0.013 s
d1_race                  L=1021 B=256   m=1     inner=16     min=     9.527 us/xform  median=     9.531  sd=  0.02%      5.36 GF/s  setup=0.013 s
d1_race                  L=1021 B=256   m=1     inner=14     min=     9.838 us/xform  median=     9.846  sd=  0.04%      5.19 GF/s  setup=0.016 s
d1_race                  L=1021 B=256   m=1     inner=16     min=     9.522 us/xform  median=     9.524  sd=  0.03%      5.36 GF/s  setup=0.014 s
d1_race                  L=1021 B=256   m=1     inner=16     min=     9.661 us/xform  median=     9.665  sd=  0.05%      5.28 GF/s  setup=0.016 s
d1_race                  L=1021 B=256   m=1     inner=16     min=     9.689 us/xform  median=     9.709  sd=  0.08%      5.27 GF/s  setup=0.020 s
d1_race                  L=1021 B=256   m=1     inner=16     min=     9.538 us/xform  median=     9.543  sd=  0.05%      5.35 GF/s  setup=0.016 s
d1_race                  L=1021 B=256   m=1     inner=14     min=     8.328 us/xform  median=     9.762  sd=  5.76%      6.13 GF/s  setup=0.013 s
d1_rader                 L=1021 B=256   m=1     inner=9      min=     8.749 us/xform  median=     9.361  sd=  5.05%      5.83 GF/s  setup=0.000 s
d1_rader                 L=1021 B=256   m=1     inner=14     min=     9.763 us/xform  median=     9.766  sd=  0.03%      5.23 GF/s  setup=0.000 s
d1_rader                 L=1021 B=256   m=1     inner=8      min=     9.748 us/xform  median=     9.755  sd=  0.04%      5.23 GF/s  setup=0.000 s
d1_rader                 L=1021 B=256   m=1     inner=14     min=     9.827 us/xform  median=     9.833  sd=  0.05%      5.19 GF/s  setup=0.000 s
d1_rader                 L=1021 B=256   m=1     inner=8      min=     7.652 us/xform  median=     8.388  sd= 10.29%      6.67 GF/s  setup=0.000 s
d1_rader                 L=1021 B=256   m=1     inner=16     min=     8.995 us/xform  median=     9.877  sd=  2.85%      5.67 GF/s  setup=0.000 s
d1_rader                 L=1021 B=256   m=1     inner=14     min=     9.853 us/xform  median=     9.858  sd=  0.03%      5.18 GF/s  setup=0.000 s
d1_rader                 L=1021 B=256   m=1     inner=14     min=     9.924 us/xform  median=     9.932  sd=  0.04%      5.14 GF/s  setup=0.000 s
d1_rader                 L=1021 B=256   m=1     inner=14     min=     7.599 us/xform  median=     7.603  sd=  1.20%      6.72 GF/s  setup=0.000 s
fftw1d_estimate          L=1021 B=256   m=1     inner=10     min=    13.049 us/xform  median=    13.062  sd=  0.05%      3.91 GF/s  setup=0.001 s
fftw1d_estimate          L=1021 B=256   m=1     inner=10     min=    14.895 us/xform  median=    15.244  sd=  0.71%      3.43 GF/s  setup=0.001 s
fftw1d_estimate          L=1021 B=256   m=1     inner=8      min=    16.009 us/xform  median=    16.028  sd=  0.07%      3.19 GF/s  setup=0.002 s
fftw1d_estimate          L=1021 B=256   m=1     inner=8      min=    15.773 us/xform  median=    15.779  sd=  0.02%      3.24 GF/s  setup=0.002 s
fftw1d_estimate          L=1021 B=256   m=1     inner=8      min=    15.735 us/xform  median=    15.739  sd=  0.02%      3.24 GF/s  setup=0.001 s
fftw1d_estimate          L=1021 B=256   m=1     inner=8      min=    15.756 us/xform  median=    15.760  sd=  0.01%      3.24 GF/s  setup=0.001 s
fftw1d_estimate          L=1021 B=256   m=1     inner=10     min=    15.283 us/xform  median=    15.296  sd=  0.05%      3.34 GF/s  setup=0.002 s
fftw1d_estimate          L=1021 B=256   m=1     inner=10     min=    15.274 us/xform  median=    15.286  sd=  0.04%      3.34 GF/s  setup=0.001 s
fftw1d_estimate          L=1021 B=256   m=1     inner=10     min=    15.253 us/xform  median=    15.266  sd=  0.04%      3.35 GF/s  setup=0.002 s
fftw1d_measure           L=1021 B=256   m=1     inner=10     min=    14.270 us/xform  median=    14.280  sd=  0.05%      3.58 GF/s  setup=0.294 s
fftw1d_measure           L=1021 B=256   m=1     inner=10     min=    14.331 us/xform  median=    14.350  sd=  0.07%      3.56 GF/s  setup=0.296 s
fftw1d_measure           L=1021 B=256   m=1     inner=10     min=    14.400 us/xform  median=    14.406  sd=  0.05%      3.54 GF/s  setup=0.295 s
fftw1d_measure           L=1021 B=256   m=1     inner=10     min=    14.134 us/xform  median=    14.147  sd=  0.06%      3.61 GF/s  setup=0.294 s
fftw1d_measure           L=1021 B=256   m=1     inner=10     min=    14.301 us/xform  median=    14.310  sd=  0.03%      3.57 GF/s  setup=0.296 s
fftw1d_measure           L=1021 B=256   m=1     inner=10     min=    12.278 us/xform  median=    14.409  sd=  7.61%      4.16 GF/s  setup=0.294 s
fftw1d_measure           L=1021 B=256   m=1     inner=12     min=    12.189 us/xform  median=    12.202  sd=  0.03%      4.19 GF/s  setup=0.287 s
fftw1d_measure           L=1021 B=256   m=1     inner=10     min=    14.300 us/xform  median=    14.314  sd=  0.04%      3.57 GF/s  setup=0.296 s
fftw1d_measure           L=1021 B=256   m=1     inner=12     min=    12.015 us/xform  median=    12.031  sd=  0.06%      4.25 GF/s  setup=0.288 s
fftw1d_patient           L=1021 B=256   m=1     inner=12     min=    12.157 us/xform  median=    12.163  sd=  0.03%      4.20 GF/s  setup=2.949 s
fftw1d_patient           L=1021 B=256   m=1     inner=12     min=    12.251 us/xform  median=    12.257  sd=  0.03%      4.17 GF/s  setup=2.949 s
fftw1d_patient           L=1021 B=256   m=1     inner=12     min=    12.148 us/xform  median=    12.156  sd=  0.04%      4.20 GF/s  setup=2.949 s
fftw1d_patient           L=1021 B=256   m=1     inner=12     min=    12.215 us/xform  median=    12.225  sd=  0.05%      4.18 GF/s  setup=2.951 s
fftw1d_patient           L=1021 B=256   m=1     inner=12     min=    12.291 us/xform  median=    12.299  sd=  0.03%      4.15 GF/s  setup=2.990 s
fftw1d_patient           L=1021 B=256   m=1     inner=12     min=    12.202 us/xform  median=    12.215  sd=  0.04%      4.18 GF/s  setup=2.966 s
fftw1d_patient           L=1021 B=256   m=1     inner=12     min=    12.330 us/xform  median=    12.338  sd=  0.05%      4.14 GF/s  setup=2.952 s
fftw1d_patient           L=1021 B=256   m=1     inner=12     min=    12.285 us/xform  median=    12.292  sd=  0.03%      4.15 GF/s  setup=2.948 s
fftw1d_patient           L=1021 B=256   m=1     inner=12     min=    12.238 us/xform  median=    12.251  sd=  0.05%      4.17 GF/s  setup=2.952 s
mkl1d_dfti               L=1021 B=256   m=1     inner=10     min=    10.001 us/xform  median=    10.640  sd=  2.41%      5.10 GF/s  setup=0.048 s
mkl1d_dfti               L=1021 B=256   m=1     inner=14     min=    10.637 us/xform  median=    10.638  sd=  0.03%      4.80 GF/s  setup=0.037 s
mkl1d_dfti               L=1021 B=256   m=1     inner=14     min=    10.656 us/xform  median=    10.659  sd=  0.02%      4.79 GF/s  setup=0.034 s
mkl1d_dfti               L=1021 B=256   m=1     inner=14     min=    10.625 us/xform  median=    10.628  sd=  0.03%      4.80 GF/s  setup=0.054 s
mkl1d_dfti               L=1021 B=256   m=1     inner=14     min=     8.744 us/xform  median=     8.797  sd=  7.85%      5.84 GF/s  setup=0.032 s
mkl1d_dfti               L=1021 B=256   m=1     inner=16     min=     8.747 us/xform  median=     8.748  sd=  0.01%      5.83 GF/s  setup=0.033 s
mkl1d_dfti               L=1021 B=256   m=1     inner=16     min=     8.754 us/xform  median=     8.757  sd=  0.01%      5.83 GF/s  setup=0.011 s
mkl1d_dfti               L=1021 B=256   m=1     inner=16     min=     8.749 us/xform  median=     8.753  sd=  0.02%      5.83 GF/s  setup=0.012 s
mkl1d_dfti               L=1021 B=256   m=1     inner=16     min=     8.746 us/xform  median=     8.748  sd=  0.01%      5.83 GF/s  setup=0.013 s
baseline_dft             L=1021 B=1     m=2000  inner=1      min=  1830.537 us/xform  median=  1830.979  sd=  0.02%      0.03 GF/s  setup=0.030 s
baseline_dft             L=1021 B=1     m=2000  inner=1      min=  1830.178 us/xform  median=  1831.658  sd=  0.04%      0.03 GF/s  setup=0.028 s
baseline_dft             L=1021 B=1     m=2000  inner=1      min=  1821.676 us/xform  median=  1823.302  sd=  0.08%      0.03 GF/s  setup=0.038 s
baseline_dft             L=1021 B=1     m=2     inner=1      min=  1951.200 us/xform  median=  1951.200  sd=  0.00%      0.03 GF/s  setup=0.030 s
d1_bluestein             L=1021 B=1     m=2000  inner=2      min=     8.392 us/xform  median=     8.400  sd=  0.04%      6.08 GF/s  setup=0.002 s
d1_bluestein             L=1021 B=1     m=2000  inner=2      min=     8.571 us/xform  median=     8.575  sd=  0.03%      5.95 GF/s  setup=0.001 s
d1_bluestein             L=1021 B=1     m=2000  inner=2      min=     8.386 us/xform  median=     8.390  sd=  0.03%      6.08 GF/s  setup=0.001 s
d1_bluestein             L=1021 B=1     m=2     inner=84     min=     9.596 us/xform  median=     9.596  sd=  0.00%      5.32 GF/s  setup=0.002 s
d1_planner               L=1021 B=1     m=2000  inner=2      min=     7.462 us/xform  median=     7.463  sd=  0.02%      6.84 GF/s  setup=0.000 s
d1_planner               L=1021 B=1     m=2000  inner=2      min=     7.469 us/xform  median=     7.471  sd=  0.03%      6.83 GF/s  setup=0.001 s
d1_planner               L=1021 B=1     m=2000  inner=2      min=     7.735 us/xform  median=     7.738  sd=  0.04%      6.60 GF/s  setup=0.000 s
d1_planner               L=1021 B=1     m=2     inner=96     min=    10.089 us/xform  median=    10.089  sd=  0.00%      5.06 GF/s  setup=0.000 s
d1_race                  L=1021 B=1     m=2000  inner=2      min=     7.615 us/xform  median=     7.617  sd=  0.02%      6.70 GF/s  setup=0.012 s
d1_race                  L=1021 B=1     m=2000  inner=2      min=     7.605 us/xform  median=     7.609  sd=  0.03%      6.71 GF/s  setup=0.011 s
d1_race                  L=1021 B=1     m=2000  inner=2      min=     6.775 us/xform  median=     6.777  sd=  0.01%      7.53 GF/s  setup=0.010 s
d1_race                  L=1021 B=1     m=2     inner=62     min=    10.015 us/xform  median=    10.015  sd=  0.00%      5.10 GF/s  setup=0.009 s
d1_rader                 L=1021 B=1     m=2000  inner=2      min=     7.090 us/xform  median=     7.092  sd=  0.01%      7.20 GF/s  setup=0.000 s
d1_rader                 L=1021 B=1     m=2000  inner=2      min=     7.027 us/xform  median=     7.028  sd=  0.01%      7.26 GF/s  setup=0.000 s
d1_rader                 L=1021 B=1     m=2000  inner=2      min=     7.114 us/xform  median=     7.116  sd=  0.02%      7.17 GF/s  setup=0.000 s
d1_rader                 L=1021 B=1     m=2     inner=90     min=    10.812 us/xform  median=    10.812  sd=  0.00%      4.72 GF/s  setup=0.000 s
fftw1d_estimate          L=1021 B=1     m=2000  inner=1      min=    18.048 us/xform  median=    18.163  sd=  0.28%      2.83 GF/s  setup=0.001 s
fftw1d_estimate          L=1021 B=1     m=2000  inner=1      min=    18.115 us/xform  median=    18.134  sd=  0.05%      2.82 GF/s  setup=0.001 s
fftw1d_estimate          L=1021 B=1     m=2000  inner=1      min=    18.132 us/xform  median=    18.145  sd=  0.04%      2.81 GF/s  setup=0.001 s
fftw1d_estimate          L=1021 B=1     m=2     inner=27     min=    18.226 us/xform  median=    18.226  sd=  0.00%      2.80 GF/s  setup=0.001 s
fftw1d_measure           L=1021 B=1     m=2000  inner=1      min=    17.560 us/xform  median=    17.570  sd=  0.03%      2.91 GF/s  setup=0.296 s
fftw1d_measure           L=1021 B=1     m=2000  inner=1      min=    15.237 us/xform  median=    15.247  sd=  0.05%      3.35 GF/s  setup=0.288 s
fftw1d_measure           L=1021 B=1     m=2000  inner=1      min=    14.970 us/xform  median=    14.987  sd=  0.06%      3.41 GF/s  setup=0.288 s
fftw1d_measure           L=1021 B=1     m=2     inner=56     min=    17.192 us/xform  median=    17.192  sd=  0.00%      2.97 GF/s  setup=0.295 s
fftw1d_patient           L=1021 B=1     m=2000  inner=1      min=    15.034 us/xform  median=    15.040  sd=  0.04%      3.39 GF/s  setup=3.005 s
fftw1d_patient           L=1021 B=1     m=2000  inner=1      min=    15.209 us/xform  median=    15.218  sd=  0.04%      3.36 GF/s  setup=2.951 s
fftw1d_patient           L=1021 B=1     m=2000  inner=1      min=    15.296 us/xform  median=    15.306  sd=  0.04%      3.34 GF/s  setup=2.947 s
fftw1d_patient           L=1021 B=1     m=2     inner=64     min=    15.228 us/xform  median=    15.228  sd=  0.00%      3.35 GF/s  setup=2.980 s
mkl1d_dfti               L=1021 B=1     m=2000  inner=1      min=    12.976 us/xform  median=    12.979  sd=  0.01%      3.93 GF/s  setup=0.053 s
mkl1d_dfti               L=1021 B=1     m=2000  inner=1      min=    13.427 us/xform  median=    13.429  sd=  0.01%      3.80 GF/s  setup=0.013 s
mkl1d_dfti               L=1021 B=1     m=2000  inner=1      min=    12.958 us/xform  median=    12.961  sd=  0.03%      3.94 GF/s  setup=0.037 s
mkl1d_dfti               L=1021 B=1     m=2     inner=44     min=    22.259 us/xform  median=    22.259  sd=  0.00%      2.29 GF/s  setup=0.054 s
   skipping baseline_dft at L=1021 B=256 (too expensive to be informative)
d1_bluestein             L=1021 B=256   m=400   inner=1      min=     8.889 us/xform  median=     8.890  sd=  0.01%      5.74 GF/s  setup=0.002 s
d1_bluestein             L=1021 B=256   m=400   inner=1      min=     8.902 us/xform  median=     8.905  sd=  0.02%      5.73 GF/s  setup=0.002 s
d1_bluestein             L=1021 B=256   m=400   inner=1      min=     8.765 us/xform  median=     8.766  sd=  0.01%      5.82 GF/s  setup=0.002 s
d1_bluestein             L=1021 B=256   m=2     inner=1      min=    10.469 us/xform  median=    10.469  sd=  0.00%      4.87 GF/s  setup=0.002 s
d1_planner               L=1021 B=256   m=400   inner=1      min=     6.699 us/xform  median=     6.700  sd=  0.01%      7.62 GF/s  setup=0.000 s
d1_planner               L=1021 B=256   m=400   inner=1      min=     6.676 us/xform  median=     6.678  sd=  0.02%      7.64 GF/s  setup=0.001 s
d1_planner               L=1021 B=256   m=400   inner=1      min=     6.598 us/xform  median=     6.600  sd=  0.02%      7.73 GF/s  setup=0.000 s
d1_planner               L=1021 B=256   m=2     inner=1      min=    10.333 us/xform  median=    10.333  sd=  0.00%      4.94 GF/s  setup=0.000 s
d1_race                  L=1021 B=256   m=400   inner=1      min=     6.711 us/xform  median=     6.712  sd=  0.01%      7.60 GF/s  setup=0.015 s
d1_race                  L=1021 B=256   m=400   inner=1      min=     6.661 us/xform  median=     6.663  sd=  0.01%      7.66 GF/s  setup=0.015 s
d1_race                  L=1021 B=256   m=400   inner=1      min=     6.605 us/xform  median=     6.607  sd=  0.02%      7.73 GF/s  setup=0.010 s
d1_race                  L=1021 B=256   m=2     inner=1      min=    10.285 us/xform  median=    10.285  sd=  0.00%      4.96 GF/s  setup=0.010 s
d1_rader                 L=1021 B=256   m=400   inner=1      min=     7.163 us/xform  median=     7.165  sd=  0.01%      7.12 GF/s  setup=0.000 s
d1_rader                 L=1021 B=256   m=400   inner=1      min=     7.283 us/xform  median=     7.285  sd=  0.01%      7.01 GF/s  setup=0.000 s
d1_rader                 L=1021 B=256   m=400   inner=1      min=     7.222 us/xform  median=     7.225  sd=  0.02%      7.07 GF/s  setup=0.000 s
d1_rader                 L=1021 B=256   m=2     inner=1      min=    10.724 us/xform  median=    10.724  sd=  0.00%      4.76 GF/s  setup=0.000 s
fftw1d_estimate          L=1021 B=256   m=400   inner=1      min=    17.221 us/xform  median=    17.240  sd=  0.06%      2.96 GF/s  setup=0.001 s
fftw1d_estimate          L=1021 B=256   m=400   inner=1      min=    16.491 us/xform  median=    16.514  sd=  0.06%      3.09 GF/s  setup=0.001 s
fftw1d_estimate          L=1021 B=256   m=400   inner=1      min=    16.543 us/xform  median=    16.560  sd=  0.07%      3.08 GF/s  setup=0.001 s
fftw1d_estimate          L=1021 B=256   m=2     inner=1      min=    18.803 us/xform  median=    18.803  sd=  0.00%      2.71 GF/s  setup=0.001 s
fftw1d_measure           L=1021 B=256   m=400   inner=1      min=    15.502 us/xform  median=    15.505  sd=  0.01%      3.29 GF/s  setup=0.294 s
fftw1d_measure           L=1021 B=256   m=400   inner=1      min=    15.971 us/xform  median=    15.985  sd=  0.05%      3.19 GF/s  setup=0.297 s
fftw1d_measure           L=1021 B=256   m=400   inner=1      min=    15.938 us/xform  median=    15.943  sd=  0.04%      3.20 GF/s  setup=0.296 s
fftw1d_measure           L=1021 B=256   m=2     inner=1      min=    16.530 us/xform  median=    16.530  sd=  0.00%      3.09 GF/s  setup=0.286 s
fftw1d_patient           L=1021 B=256   m=400   inner=1      min=    15.769 us/xform  median=    15.784  sd=  0.06%      3.24 GF/s  setup=2.954 s
fftw1d_patient           L=1021 B=256   m=400   inner=1      min=    15.614 us/xform  median=    15.630  sd=  0.05%      3.27 GF/s  setup=2.992 s
fftw1d_patient           L=1021 B=256   m=400   inner=1      min=    15.681 us/xform  median=    15.696  sd=  0.06%      3.25 GF/s  setup=2.989 s
fftw1d_patient           L=1021 B=256   m=2     inner=1      min=    17.042 us/xform  median=    17.042  sd=  0.00%      2.99 GF/s  setup=2.953 s
mkl1d_dfti               L=1021 B=256   m=400   inner=1      min=    12.397 us/xform  median=    12.402  sd=  0.02%      4.12 GF/s  setup=0.050 s
mkl1d_dfti               L=1021 B=256   m=400   inner=1      min=    12.398 us/xform  median=    12.403  sd=  0.02%      4.12 GF/s  setup=0.047 s
mkl1d_dfti               L=1021 B=256   m=400   inner=1      min=    12.397 us/xform  median=    12.399  sd=  0.01%      4.12 GF/s  setup=0.051 s
mkl1d_dfti               L=1021 B=256   m=2     inner=1      min=    21.621 us/xform  median=    21.621  sd=  0.00%      2.36 GF/s  setup=0.052 s
   skipping baseline_dft at L=10007 B=1 (too expensive to be informative)
d1_bluestein             L=10007 B=1     m=1     inner=316    min=   124.973 us/xform  median=   126.147  sd=  0.30%      5.32 GF/s  setup=0.007 s
d1_bluestein             L=10007 B=1     m=1     inner=252    min=   110.189 us/xform  median=   110.251  sd=  0.04%      6.03 GF/s  setup=0.008 s
d1_bluestein             L=10007 B=1     m=1     inner=250    min=   126.143 us/xform  median=   126.179  sd=  0.11%      5.27 GF/s  setup=0.008 s
d1_bluestein             L=10007 B=1     m=1     inner=312    min=   125.201 us/xform  median=   126.038  sd=  0.20%      5.31 GF/s  setup=0.006 s
d1_bluestein             L=10007 B=1     m=1     inner=276    min=   109.838 us/xform  median=   109.891  sd=  0.08%      6.05 GF/s  setup=0.008 s
d1_bluestein             L=10007 B=1     m=1     inner=266    min=   111.035 us/xform  median=   111.097  sd=  0.03%      5.99 GF/s  setup=0.007 s
d1_bluestein             L=10007 B=1     m=1     inner=360    min=   110.163 us/xform  median=   110.185  sd=  0.02%      6.04 GF/s  setup=0.005 s
d1_bluestein             L=10007 B=1     m=1     inner=356    min=   110.066 us/xform  median=   110.085  sd=  0.02%      6.04 GF/s  setup=0.005 s
d1_bluestein             L=10007 B=1     m=1     inner=356    min=   110.636 us/xform  median=   110.653  sd=  0.02%      6.01 GF/s  setup=0.005 s
d1_planner               L=10007 B=1     m=1     inner=308    min=   124.637 us/xform  median=   124.674  sd=  0.03%      5.33 GF/s  setup=0.005 s
d1_planner               L=10007 B=1     m=1     inner=318    min=   123.994 us/xform  median=   124.044  sd=  0.18%      5.36 GF/s  setup=0.005 s
d1_planner               L=10007 B=1     m=1     inner=310    min=   124.430 us/xform  median=   124.467  sd=  0.03%      5.34 GF/s  setup=0.005 s
d1_planner               L=10007 B=1     m=1     inner=238    min=   124.381 us/xform  median=   124.449  sd=  0.05%      5.35 GF/s  setup=0.007 s
d1_planner               L=10007 B=1     m=1     inner=316    min=   125.064 us/xform  median=   125.104  sd=  0.01%      5.32 GF/s  setup=0.005 s
d1_planner               L=10007 B=1     m=1     inner=318    min=   124.159 us/xform  median=   124.210  sd=  0.02%      5.36 GF/s  setup=0.005 s
d1_planner               L=10007 B=1     m=1     inner=236    min=   147.003 us/xform  median=   168.397  sd=  4.66%      4.52 GF/s  setup=0.007 s
d1_planner               L=10007 B=1     m=1     inner=218    min=   124.574 us/xform  median=   124.604  sd=  1.52%      5.34 GF/s  setup=0.007 s
d1_planner               L=10007 B=1     m=1     inner=314    min=   125.190 us/xform  median=   125.224  sd=  0.02%      5.31 GF/s  setup=0.005 s
d1_race                  L=10007 B=1     m=1     inner=360    min=   109.391 us/xform  median=   109.422  sd=  0.02%      6.08 GF/s  setup=3.359 s
d1_race                  L=10007 B=1     m=1     inner=310    min=   144.939 us/xform  median=   151.348  sd=  1.23%      4.59 GF/s  setup=0.017 s
d1_race                  L=10007 B=1     m=1     inner=254    min=   141.759 us/xform  median=   141.866  sd=  0.50%      4.69 GF/s  setup=0.018 s
d1_race                  L=10007 B=1     m=1     inner=258    min=   151.477 us/xform  median=   151.579  sd=  0.05%      4.39 GF/s  setup=0.020 s
d1_race                  L=10007 B=1     m=1     inner=258    min=   140.566 us/xform  median=   145.387  sd=  1.65%      4.73 GF/s  setup=0.018 s
d1_race                  L=10007 B=1     m=1     inner=254    min=   142.561 us/xform  median=   142.586  sd=  0.02%      4.66 GF/s  setup=0.016 s
d1_race                  L=10007 B=1     m=1     inner=258    min=   144.754 us/xform  median=   144.846  sd=  0.04%      4.59 GF/s  setup=0.017 s
d1_race                  L=10007 B=1     m=1     inner=256    min=   145.401 us/xform  median=   145.443  sd=  0.05%      4.57 GF/s  setup=0.015 s
d1_race                  L=10007 B=1     m=1     inner=254    min=   141.562 us/xform  median=   141.597  sd=  0.03%      4.70 GF/s  setup=0.019 s
fftw1d_estimate          L=10007 B=1     m=1     inner=56     min=   591.538 us/xform  median=   592.450  sd=  0.07%      1.12 GF/s  setup=0.003 s
fftw1d_estimate          L=10007 B=1     m=1     inner=54     min=   584.443 us/xform  median=   585.097  sd=  0.08%      1.14 GF/s  setup=0.002 s
fftw1d_estimate          L=10007 B=1     m=1     inner=68     min=   583.778 us/xform  median=   584.200  sd=  0.06%      1.14 GF/s  setup=0.002 s
fftw1d_estimate          L=10007 B=1     m=1     inner=34     min=   588.782 us/xform  median=   589.633  sd=  0.10%      1.13 GF/s  setup=0.002 s
fftw1d_estimate          L=10007 B=1     m=1     inner=54     min=   581.331 us/xform  median=   581.692  sd=  0.07%      1.14 GF/s  setup=0.002 s
fftw1d_estimate          L=10007 B=1     m=1     inner=66     min=   588.060 us/xform  median=   588.350  sd=  0.05%      1.13 GF/s  setup=0.002 s
fftw1d_estimate          L=10007 B=1     m=1     inner=54     min=   585.820 us/xform  median=   586.343  sd=  0.07%      1.13 GF/s  setup=0.002 s
fftw1d_estimate          L=10007 B=1     m=1     inner=68     min=   581.150 us/xform  median=   581.585  sd=  0.04%      1.14 GF/s  setup=0.002 s
fftw1d_estimate          L=10007 B=1     m=1     inner=68     min=   464.906 us/xform  median=   470.379  sd= 10.41%      1.43 GF/s  setup=0.002 s
fftw1d_measure           L=10007 B=1     m=1     inner=118    min=   331.238 us/xform  median=   331.735  sd=  0.18%      2.01 GF/s  setup=1.136 s
fftw1d_measure           L=10007 B=1     m=1     inner=122    min=   323.921 us/xform  median=   324.430  sd=  0.08%      2.05 GF/s  setup=1.144 s
fftw1d_measure           L=10007 B=1     m=1     inner=98     min=   323.280 us/xform  median=   329.435  sd= 10.06%      2.06 GF/s  setup=1.275 s
fftw1d_measure           L=10007 B=1     m=1     inner=120    min=   330.135 us/xform  median=   330.421  sd=  0.07%      2.01 GF/s  setup=1.142 s
fftw1d_measure           L=10007 B=1     m=1     inner=106    min=   325.145 us/xform  median=   325.677  sd=  0.59%      2.04 GF/s  setup=1.271 s
fftw1d_measure           L=10007 B=1     m=1     inner=62     min=   322.580 us/xform  median=   322.923  sd=  0.08%      2.06 GF/s  setup=1.148 s
fftw1d_measure           L=10007 B=1     m=1     inner=122    min=   325.438 us/xform  median=   325.998  sd=  0.12%      2.04 GF/s  setup=1.143 s
fftw1d_measure           L=10007 B=1     m=1     inner=122    min=   322.587 us/xform  median=   322.972  sd=  0.07%      2.06 GF/s  setup=1.138 s
fftw1d_measure           L=10007 B=1     m=1     inner=114    min=   324.616 us/xform  median=   324.932  sd=  0.36%      2.05 GF/s  setup=1.262 s
fftw1d_patient           L=10007 B=1     m=1     inner=194    min=   204.446 us/xform  median=   204.867  sd=  0.19%      3.25 GF/s  setup=19.787 s
fftw1d_patient           L=10007 B=1     m=1     inner=200    min=   197.571 us/xform  median=   198.578  sd=  0.29%      3.37 GF/s  setup=19.804 s
fftw1d_patient           L=10007 B=1     m=1     inner=194    min=   200.035 us/xform  median=   201.231  sd=  0.25%      3.32 GF/s  setup=19.778 s
fftw1d_patient           L=10007 B=1     m=1     inner=194    min=   199.985 us/xform  median=   202.647  sd=  0.76%      3.32 GF/s  setup=19.847 s
fftw1d_patient           L=10007 B=1     m=1     inner=196    min=   199.045 us/xform  median=   199.358  sd=  0.09%      3.34 GF/s  setup=19.757 s
fftw1d_patient           L=10007 B=1     m=1     inner=200    min=   198.467 us/xform  median=   200.323  sd=  0.55%      3.35 GF/s  setup=19.740 s
fftw1d_patient           L=10007 B=1     m=1     inner=97     min=   204.201 us/xform  median=   208.678  sd=  1.57%      3.26 GF/s  setup=19.866 s
fftw1d_patient           L=10007 B=1     m=1     inner=101    min=   200.103 us/xform  median=   202.345  sd=  0.56%      3.32 GF/s  setup=19.740 s
fftw1d_patient           L=10007 B=1     m=1     inner=198    min=   203.255 us/xform  median=   205.541  sd=  1.02%      3.27 GF/s  setup=19.735 s
mkl1d_dfti               L=10007 B=1     m=1     inner=132    min=   304.276 us/xform  median=   343.574  sd=  4.59%      2.19 GF/s  setup=0.004 s
mkl1d_dfti               L=10007 B=1     m=1     inner=116    min=   270.614 us/xform  median=   347.173  sd=  9.60%      2.46 GF/s  setup=0.003 s
mkl1d_dfti               L=10007 B=1     m=1     inner=144    min=   265.303 us/xform  median=   265.433  sd=  0.03%      2.51 GF/s  setup=0.002 s
mkl1d_dfti               L=10007 B=1     m=1     inner=144    min=   265.285 us/xform  median=   265.323  sd=  0.01%      2.51 GF/s  setup=0.002 s
mkl1d_dfti               L=10007 B=1     m=1     inner=150    min=   265.271 us/xform  median=   265.312  sd=  0.03%      2.51 GF/s  setup=0.002 s
mkl1d_dfti               L=10007 B=1     m=1     inner=104    min=   306.311 us/xform  median=   345.429  sd=  4.18%      2.17 GF/s  setup=0.003 s
mkl1d_dfti               L=10007 B=1     m=1     inner=114    min=   345.565 us/xform  median=   345.747  sd=  0.02%      1.92 GF/s  setup=0.003 s
mkl1d_dfti               L=10007 B=1     m=1     inner=100    min=   266.033 us/xform  median=   266.119  sd=  1.27%      2.50 GF/s  setup=0.003 s
mkl1d_dfti               L=10007 B=1     m=1     inner=108    min=   306.632 us/xform  median=   341.242  sd=  5.40%      2.17 GF/s  setup=0.003 s
   skipping baseline_dft at L=10007 B=64 (too expensive to be informative)
d1_bluestein             L=10007 B=64    m=1     inner=4      min=   112.458 us/xform  median=   112.491  sd=  0.32%      5.91 GF/s  setup=0.007 s
d1_bluestein             L=10007 B=64    m=1     inner=4      min=   129.457 us/xform  median=   143.561  sd=  4.74%      5.14 GF/s  setup=0.008 s
d1_bluestein             L=10007 B=64    m=1     inner=4      min=   150.426 us/xform  median=   150.551  sd=  0.04%      4.42 GF/s  setup=0.008 s
d1_bluestein             L=10007 B=64    m=1     inner=4      min=   149.338 us/xform  median=   149.408  sd=  0.05%      4.45 GF/s  setup=0.008 s
d1_bluestein             L=10007 B=64    m=1     inner=4      min=   149.091 us/xform  median=   149.164  sd=  0.02%      4.46 GF/s  setup=0.007 s
d1_bluestein             L=10007 B=64    m=1     inner=4      min=   111.661 us/xform  median=   111.675  sd=  0.18%      5.95 GF/s  setup=0.008 s
d1_bluestein             L=10007 B=64    m=1     inner=4      min=   132.847 us/xform  median=   150.563  sd=  4.92%      5.01 GF/s  setup=0.007 s
d1_bluestein             L=10007 B=64    m=1     inner=4      min=   149.050 us/xform  median=   149.161  sd=  0.04%      4.46 GF/s  setup=0.008 s
d1_bluestein             L=10007 B=64    m=1     inner=4      min=   149.532 us/xform  median=   149.613  sd=  0.03%      4.45 GF/s  setup=0.008 s
d1_planner               L=10007 B=64    m=1     inner=2      min=   187.765 us/xform  median=   189.250  sd=  0.29%      3.54 GF/s  setup=0.007 s
d1_planner               L=10007 B=64    m=1     inner=2      min=   170.113 us/xform  median=   170.446  sd=  0.11%      3.91 GF/s  setup=0.007 s
d1_planner               L=10007 B=64    m=1     inner=2      min=   183.962 us/xform  median=   184.336  sd=  0.19%      3.61 GF/s  setup=0.007 s
d1_planner               L=10007 B=64    m=1     inner=2      min=   189.702 us/xform  median=   190.196  sd=  0.29%      3.50 GF/s  setup=0.007 s
d1_planner               L=10007 B=64    m=1     inner=2      min=   192.307 us/xform  median=   193.006  sd=  0.26%      3.46 GF/s  setup=0.007 s
d1_planner               L=10007 B=64    m=1     inner=2      min=   188.177 us/xform  median=   188.600  sd=  0.18%      3.53 GF/s  setup=0.007 s
d1_planner               L=10007 B=64    m=1     inner=2      min=   188.742 us/xform  median=   189.386  sd=  0.27%      3.52 GF/s  setup=0.007 s
d1_planner               L=10007 B=64    m=1     inner=2      min=   190.146 us/xform  median=   190.850  sd=  0.22%      3.50 GF/s  setup=0.007 s
d1_planner               L=10007 B=64    m=1     inner=2      min=   189.648 us/xform  median=   190.169  sd=  0.22%      3.51 GF/s  setup=0.007 s
d1_race                  L=10007 B=64    m=1     inner=4      min=   112.899 us/xform  median=   112.931  sd=  0.01%      5.89 GF/s  setup=4.146 s
d1_race                  L=10007 B=64    m=1     inner=4      min=   113.096 us/xform  median=   113.165  sd=  0.03%      5.88 GF/s  setup=0.012 s
d1_race                  L=10007 B=64    m=1     inner=4      min=   149.671 us/xform  median=   149.748  sd=  0.03%      4.44 GF/s  setup=0.019 s
d1_race                  L=10007 B=64    m=1     inner=4      min=   149.424 us/xform  median=   149.486  sd=  0.03%      4.45 GF/s  setup=0.020 s
d1_race                  L=10007 B=64    m=1     inner=4      min=   149.094 us/xform  median=   149.139  sd=  0.02%      4.46 GF/s  setup=0.019 s
d1_race                  L=10007 B=64    m=1     inner=4      min=   148.106 us/xform  median=   148.165  sd=  0.05%      4.49 GF/s  setup=0.017 s
d1_race                  L=10007 B=64    m=1     inner=4      min=   111.664 us/xform  median=   111.717  sd=  0.02%      5.95 GF/s  setup=0.013 s
d1_race                  L=10007 B=64    m=1     inner=4      min=   112.736 us/xform  median=   112.801  sd=  0.02%      5.90 GF/s  setup=0.013 s
d1_race                  L=10007 B=64    m=1     inner=4      min=   112.103 us/xform  median=   112.135  sd=  0.02%      5.93 GF/s  setup=0.013 s
fftw1d_estimate          L=10007 B=64    m=1     inner=1      min=   362.028 us/xform  median=   362.414  sd=  0.38%      1.84 GF/s  setup=0.002 s
fftw1d_estimate          L=10007 B=64    m=1     inner=1      min=   360.584 us/xform  median=   361.132  sd=  0.09%      1.84 GF/s  setup=0.002 s
fftw1d_estimate          L=10007 B=64    m=1     inner=1      min=   360.375 us/xform  median=   361.098  sd=  0.12%      1.85 GF/s  setup=0.002 s
fftw1d_estimate          L=10007 B=64    m=1     inner=1      min=   363.087 us/xform  median=   363.970  sd=  0.12%      1.83 GF/s  setup=0.002 s
fftw1d_estimate          L=10007 B=64    m=1     inner=1      min=   449.925 us/xform  median=   452.602  sd=  0.18%      1.48 GF/s  setup=0.002 s
fftw1d_estimate          L=10007 B=64    m=1     inner=1      min=   359.825 us/xform  median=   360.446  sd=  0.08%      1.85 GF/s  setup=0.003 s
fftw1d_estimate          L=10007 B=64    m=1     inner=1      min=   361.236 us/xform  median=   361.974  sd=  0.11%      1.84 GF/s  setup=0.002 s
fftw1d_estimate          L=10007 B=64    m=1     inner=1      min=   360.431 us/xform  median=   361.110  sd=  0.10%      1.84 GF/s  setup=0.002 s
fftw1d_estimate          L=10007 B=64    m=1     inner=1      min=   361.835 us/xform  median=   362.165  sd=  0.06%      1.84 GF/s  setup=0.002 s
fftw1d_measure           L=10007 B=64    m=1     inner=2      min=   218.993 us/xform  median=   220.084  sd=  0.32%      3.04 GF/s  setup=1.142 s
fftw1d_measure           L=10007 B=64    m=1     inner=2      min=   216.310 us/xform  median=   216.685  sd=  0.09%      3.07 GF/s  setup=1.142 s
fftw1d_measure           L=10007 B=64    m=1     inner=2      min=   220.527 us/xform  median=   221.293  sd=  0.22%      3.02 GF/s  setup=1.144 s
fftw1d_measure           L=10007 B=64    m=1     inner=2      min=   218.971 us/xform  median=   219.621  sd=  0.38%      3.04 GF/s  setup=1.272 s
fftw1d_measure           L=10007 B=64    m=1     inner=2      min=   217.436 us/xform  median=   217.958  sd=  0.15%      3.06 GF/s  setup=1.145 s
fftw1d_measure           L=10007 B=64    m=1     inner=2      min=   224.607 us/xform  median=   225.238  sd=  0.16%      2.96 GF/s  setup=1.129 s
fftw1d_measure           L=10007 B=64    m=1     inner=2      min=   219.197 us/xform  median=   219.467  sd=  0.06%      3.03 GF/s  setup=1.137 s
fftw1d_measure           L=10007 B=64    m=1     inner=2      min=   219.143 us/xform  median=   219.594  sd=  0.07%      3.03 GF/s  setup=1.144 s
fftw1d_measure           L=10007 B=64    m=1     inner=2      min=   221.774 us/xform  median=   222.596  sd=  0.26%      3.00 GF/s  setup=1.146 s
fftw1d_patient           L=10007 B=64    m=1     inner=2      min=   208.312 us/xform  median=   210.249  sd=  0.37%      3.19 GF/s  setup=19.810 s
fftw1d_patient           L=10007 B=64    m=1     inner=2      min=   210.041 us/xform  median=   211.301  sd=  0.50%      3.17 GF/s  setup=19.766 s
fftw1d_patient           L=10007 B=64    m=1     inner=2      min=   207.744 us/xform  median=   208.086  sd=  0.16%      3.20 GF/s  setup=19.764 s
fftw1d_patient           L=10007 B=64    m=1     inner=2      min=   206.485 us/xform  median=   207.693  sd=  0.36%      3.22 GF/s  setup=19.871 s
fftw1d_patient           L=10007 B=64    m=1     inner=2      min=   207.370 us/xform  median=   208.295  sd=  0.25%      3.21 GF/s  setup=19.745 s
fftw1d_patient           L=10007 B=64    m=1     inner=2      min=   203.468 us/xform  median=   208.004  sd=  0.65%      3.27 GF/s  setup=19.880 s
fftw1d_patient           L=10007 B=64    m=1     inner=2      min=   208.599 us/xform  median=   209.663  sd=  0.47%      3.19 GF/s  setup=19.840 s
fftw1d_patient           L=10007 B=64    m=1     inner=2      min=   209.514 us/xform  median=   210.116  sd=  0.26%      3.17 GF/s  setup=19.835 s
fftw1d_patient           L=10007 B=64    m=1     inner=2      min=   210.443 us/xform  median=   211.630  sd=  0.36%      3.16 GF/s  setup=19.728 s
mkl1d_dfti               L=10007 B=64    m=1     inner=1      min=   371.318 us/xform  median=   371.923  sd=  0.23%      1.79 GF/s  setup=0.052 s
mkl1d_dfti               L=10007 B=64    m=1     inner=1      min=   341.777 us/xform  median=   368.437  sd=  2.14%      1.95 GF/s  setup=0.054 s
mkl1d_dfti               L=10007 B=64    m=1     inner=1      min=   371.696 us/xform  median=   372.471  sd=  0.15%      1.79 GF/s  setup=0.017 s
mkl1d_dfti               L=10007 B=64    m=1     inner=1      min=   371.871 us/xform  median=   372.529  sd=  0.16%      1.79 GF/s  setup=0.017 s
mkl1d_dfti               L=10007 B=64    m=1     inner=1      min=   372.808 us/xform  median=   373.488  sd=  0.17%      1.78 GF/s  setup=0.016 s
mkl1d_dfti               L=10007 B=64    m=1     inner=1      min=   372.855 us/xform  median=   373.930  sd=  0.15%      1.78 GF/s  setup=0.034 s
mkl1d_dfti               L=10007 B=64    m=1     inner=1      min=   278.021 us/xform  median=   302.512  sd= 12.05%      2.39 GF/s  setup=0.038 s
mkl1d_dfti               L=10007 B=64    m=1     inner=2      min=   277.812 us/xform  median=   278.334  sd=  0.11%      2.39 GF/s  setup=0.015 s
mkl1d_dfti               L=10007 B=64    m=1     inner=2      min=   277.673 us/xform  median=   278.124  sd=  0.12%      2.39 GF/s  setup=0.035 s
   skipping baseline_dft at L=10007 B=1 (too expensive to be informative)
d1_bluestein             L=10007 B=1     m=400   inner=1      min=   151.977 us/xform  median=   152.031  sd=  0.02%      4.38 GF/s  setup=0.007 s
d1_bluestein             L=10007 B=1     m=400   inner=1      min=   121.683 us/xform  median=   121.709  sd=  0.02%      5.46 GF/s  setup=0.009 s
d1_bluestein             L=10007 B=1     m=400   inner=1      min=   167.043 us/xform  median=   167.083  sd=  0.03%      3.98 GF/s  setup=0.008 s
d1_bluestein             L=10007 B=1     m=2     inner=6      min=   148.704 us/xform  median=   148.704  sd=  0.00%      4.47 GF/s  setup=0.007 s
d1_planner               L=10007 B=1     m=400   inner=1      min=   177.632 us/xform  median=   177.670  sd=  0.01%      3.74 GF/s  setup=0.006 s
d1_planner               L=10007 B=1     m=400   inner=1      min=   141.515 us/xform  median=   141.610  sd=  0.03%      4.70 GF/s  setup=0.005 s
d1_planner               L=10007 B=1     m=400   inner=1      min=   173.322 us/xform  median=   179.351  sd=  0.97%      3.84 GF/s  setup=0.007 s
d1_planner               L=10007 B=1     m=2     inner=6      min=   158.216 us/xform  median=   158.216  sd=  0.00%      4.20 GF/s  setup=0.005 s
d1_race                  L=10007 B=1     m=400   inner=1      min=   139.186 us/xform  median=   168.049  sd=  7.31%      4.78 GF/s  setup=0.014 s
d1_race                  L=10007 B=1     m=400   inner=1      min=   121.789 us/xform  median=   121.846  sd=  0.02%      5.46 GF/s  setup=0.015 s
d1_race                  L=10007 B=1     m=400   inner=1      min=   122.415 us/xform  median=   122.449  sd= 16.98%      5.43 GF/s  setup=0.013 s
d1_race                  L=10007 B=1     m=2     inner=6      min=   150.184 us/xform  median=   150.184  sd=  0.00%      4.43 GF/s  setup=0.012 s
fftw1d_estimate          L=10007 B=1     m=400   inner=1      min=   498.379 us/xform  median=   498.504  sd=  9.66%      1.33 GF/s  setup=0.002 s
fftw1d_estimate          L=10007 B=1     m=400   inner=1      min=   497.009 us/xform  median=   497.295  sd=  0.04%      1.34 GF/s  setup=0.002 s
fftw1d_estimate          L=10007 B=1     m=400   inner=1      min=   495.923 us/xform  median=   496.079  sd=  0.03%      1.34 GF/s  setup=0.002 s
fftw1d_estimate          L=10007 B=1     m=2     inner=1      min=   667.515 us/xform  median=   667.515  sd=  0.00%      1.00 GF/s  setup=0.002 s
fftw1d_measure           L=10007 B=1     m=400   inner=1      min=   356.936 us/xform  median=   357.203  sd=  0.03%      1.86 GF/s  setup=1.140 s
fftw1d_measure           L=10007 B=1     m=400   inner=1      min=   356.902 us/xform  median=   357.116  sd=  0.03%      1.86 GF/s  setup=1.130 s
fftw1d_measure           L=10007 B=1     m=400   inner=1      min=   355.781 us/xform  median=   356.045  sd=  0.05%      1.87 GF/s  setup=1.136 s
fftw1d_measure           L=10007 B=1     m=2     inner=2      min=   362.841 us/xform  median=   362.841  sd=  0.00%      1.83 GF/s  setup=1.197 s
fftw1d_patient           L=10007 B=1     m=400   inner=1      min=   230.583 us/xform  median=   231.825  sd=  0.77%      2.88 GF/s  setup=19.841 s
fftw1d_patient           L=10007 B=1     m=400   inner=1      min=   238.903 us/xform  median=   239.547  sd=  0.17%      2.78 GF/s  setup=19.730 s
fftw1d_patient           L=10007 B=1     m=400   inner=1      min=   230.013 us/xform  median=   230.205  sd=  0.08%      2.89 GF/s  setup=19.746 s
fftw1d_patient           L=10007 B=1     m=2     inner=4      min=   234.344 us/xform  median=   234.344  sd=  0.00%      2.84 GF/s  setup=19.787 s
mkl1d_dfti               L=10007 B=1     m=400   inner=1      min=   295.560 us/xform  median=   295.585  sd=  0.01%      2.25 GF/s  setup=0.004 s
mkl1d_dfti               L=10007 B=1     m=400   inner=1      min=   295.735 us/xform  median=   295.816  sd= 11.01%      2.25 GF/s  setup=0.003 s
mkl1d_dfti               L=10007 B=1     m=400   inner=1      min=   296.082 us/xform  median=   305.722  sd=  1.56%      2.25 GF/s  setup=0.003 s
mkl1d_dfti               L=10007 B=1     m=2     inner=2      min=   352.292 us/xform  median=   352.292  sd=  0.00%      1.89 GF/s  setup=0.004 s
   skipping baseline_dft at L=10007 B=64 (too expensive to be informative)
d1_bluestein             L=10007 B=64    m=80    inner=1      min=   130.468 us/xform  median=   130.539  sd=  0.03%      5.10 GF/s  setup=0.007 s
d1_bluestein             L=10007 B=64    m=80    inner=1      min=   131.417 us/xform  median=   131.483  sd=  0.06%      5.06 GF/s  setup=0.008 s
d1_bluestein             L=10007 B=64    m=80    inner=1      min=   134.937 us/xform  median=   134.993  sd=  0.02%      4.93 GF/s  setup=0.007 s
d1_bluestein             L=10007 B=64    m=2     inner=1      min=   151.535 us/xform  median=   151.535  sd=  0.00%      4.39 GF/s  setup=0.006 s
d1_planner               L=10007 B=64    m=80    inner=1      min=   140.070 us/xform  median=   140.089  sd=  0.02%      4.75 GF/s  setup=0.006 s
d1_planner               L=10007 B=64    m=80    inner=1      min=   142.975 us/xform  median=   142.989  sd=  0.02%      4.65 GF/s  setup=0.007 s
d1_planner               L=10007 B=64    m=80    inner=1      min=   138.915 us/xform  median=   138.930  sd=  0.04%      4.79 GF/s  setup=0.006 s
d1_planner               L=10007 B=64    m=2     inner=1      min=   177.366 us/xform  median=   177.366  sd=  0.00%      3.75 GF/s  setup=0.006 s
d1_race                  L=10007 B=64    m=80    inner=1      min=   130.286 us/xform  median=   130.332  sd=  0.03%      5.10 GF/s  setup=0.018 s
d1_race                  L=10007 B=64    m=80    inner=1      min=   130.677 us/xform  median=   130.759  sd=  0.05%      5.09 GF/s  setup=0.011 s
d1_race                  L=10007 B=64    m=80    inner=1      min=   135.039 us/xform  median=   135.120  sd=  0.05%      4.92 GF/s  setup=0.017 s
d1_race                  L=10007 B=64    m=2     inner=1      min=   142.679 us/xform  median=   142.679  sd=  0.00%      4.66 GF/s  setup=0.014 s
fftw1d_estimate          L=10007 B=64    m=80    inner=1      min=   391.856 us/xform  median=   391.930  sd=  0.01%      1.70 GF/s  setup=0.002 s
fftw1d_estimate          L=10007 B=64    m=80    inner=1      min=   394.650 us/xform  median=   394.745  sd=  0.04%      1.68 GF/s  setup=0.002 s
fftw1d_estimate          L=10007 B=64    m=80    inner=1      min=   395.011 us/xform  median=   395.113  sd=  0.01%      1.68 GF/s  setup=0.002 s
fftw1d_estimate          L=10007 B=64    m=2     inner=1      min=   403.510 us/xform  median=   403.510  sd=  0.00%      1.65 GF/s  setup=0.002 s
fftw1d_measure           L=10007 B=64    m=80    inner=1      min=   249.456 us/xform  median=   249.556  sd=  0.03%      2.67 GF/s  setup=1.238 s
fftw1d_measure           L=10007 B=64    m=80    inner=1      min=   247.553 us/xform  median=   247.719  sd=  0.03%      2.69 GF/s  setup=1.139 s
fftw1d_measure           L=10007 B=64    m=80    inner=1      min=   252.130 us/xform  median=   252.361  sd=  0.06%      2.64 GF/s  setup=1.161 s
fftw1d_measure           L=10007 B=64    m=2     inner=1      min=   259.997 us/xform  median=   259.997  sd=  0.00%      2.56 GF/s  setup=1.140 s
fftw1d_patient           L=10007 B=64    m=80    inner=1      min=   236.488 us/xform  median=   236.793  sd=  0.08%      2.81 GF/s  setup=19.828 s
fftw1d_patient           L=10007 B=64    m=80    inner=1      min=   240.264 us/xform  median=   240.600  sd=  0.09%      2.77 GF/s  setup=19.767 s
fftw1d_patient           L=10007 B=64    m=80    inner=1      min=   237.213 us/xform  median=   237.503  sd=  0.09%      2.80 GF/s  setup=19.863 s
fftw1d_patient           L=10007 B=64    m=2     inner=1      min=   250.258 us/xform  median=   250.258  sd=  0.00%      2.66 GF/s  setup=19.756 s
mkl1d_dfti               L=10007 B=64    m=80    inner=1      min=   303.363 us/xform  median=   303.434  sd=  0.01%      2.19 GF/s  setup=0.056 s
mkl1d_dfti               L=10007 B=64    m=80    inner=1      min=   304.365 us/xform  median=   304.433  sd=  0.01%      2.18 GF/s  setup=0.050 s
mkl1d_dfti               L=10007 B=64    m=80    inner=1      min=   305.319 us/xform  median=   305.394  sd=  0.02%      2.18 GF/s  setup=0.051 s
mkl1d_dfti               L=10007 B=64    m=2     inner=1      min=   332.328 us/xform  median=   332.328  sd=  0.00%      2.00 GF/s  setup=0.048 s
   skipping baseline_dft at L=65537 B=1 (too expensive to be informative)
d1_bluestein             L=65537 B=1     m=1     inner=22     min=  1779.760 us/xform  median=  2072.675  sd=  5.20%      2.95 GF/s  setup=0.022 s
d1_bluestein             L=65537 B=1     m=1     inner=18     min=  1879.356 us/xform  median=  2063.020  sd=  3.48%      2.79 GF/s  setup=0.023 s
d1_bluestein             L=65537 B=1     m=1     inner=24     min=  1562.190 us/xform  median=  1562.782  sd=  0.02%      3.36 GF/s  setup=0.018 s
d1_bluestein             L=65537 B=1     m=1     inner=26     min=  1521.397 us/xform  median=  1522.253  sd=  0.02%      3.45 GF/s  setup=0.018 s
d1_bluestein             L=65537 B=1     m=1     inner=26     min=  1526.484 us/xform  median=  1527.064  sd=  0.02%      3.43 GF/s  setup=0.017 s
d1_bluestein             L=65537 B=1     m=1     inner=26     min=  1529.842 us/xform  median=  1530.651  sd=  0.02%      3.43 GF/s  setup=0.017 s
d1_bluestein             L=65537 B=1     m=1     inner=26     min=  1526.557 us/xform  median=  1527.418  sd=  0.03%      3.43 GF/s  setup=0.017 s
d1_bluestein             L=65537 B=1     m=1     inner=24     min=  1530.769 us/xform  median=  1531.256  sd=  0.01%      3.43 GF/s  setup=0.017 s
d1_bluestein             L=65537 B=1     m=1     inner=24     min=  1561.909 us/xform  median=  1562.370  sd=  0.02%      3.36 GF/s  setup=0.017 s
d1_planner               L=65537 B=1     m=1     inner=38     min=   995.644 us/xform  median=   996.225  sd=  0.03%      5.27 GF/s  setup=0.025 s
d1_planner               L=65537 B=1     m=1     inner=38     min=   976.447 us/xform  median=   976.812  sd=  0.02%      5.37 GF/s  setup=0.027 s
d1_planner               L=65537 B=1     m=1     inner=38     min=   976.594 us/xform  median=   976.841  sd=  0.01%      5.37 GF/s  setup=0.025 s
d1_planner               L=65537 B=1     m=1     inner=36     min=   996.249 us/xform  median=   996.733  sd=  0.02%      5.26 GF/s  setup=0.030 s
d1_planner               L=65537 B=1     m=1     inner=38     min=   976.078 us/xform  median=   976.309  sd=  0.01%      5.37 GF/s  setup=0.028 s
d1_planner               L=65537 B=1     m=1     inner=36     min=   993.773 us/xform  median=   993.934  sd=  0.02%      5.28 GF/s  setup=0.028 s
d1_planner               L=65537 B=1     m=1     inner=36     min=   994.317 us/xform  median=   994.939  sd=  0.03%      5.27 GF/s  setup=0.025 s
d1_planner               L=65537 B=1     m=1     inner=38     min=   976.981 us/xform  median=   977.437  sd=  0.02%      5.37 GF/s  setup=0.028 s
d1_planner               L=65537 B=1     m=1     inner=36     min=   994.321 us/xform  median=   994.587  sd=  0.02%      5.27 GF/s  setup=0.028 s
d1_race                  L=65537 B=1     m=1     inner=52     min=   752.498 us/xform  median=   752.749  sd=  0.02%      6.97 GF/s  setup=3.527 s
d1_race                  L=65537 B=1     m=1     inner=46     min=   807.115 us/xform  median=   807.234  sd=  0.02%      6.50 GF/s  setup=0.015 s
d1_race                  L=65537 B=1     m=1     inner=48     min=   802.496 us/xform  median=   802.709  sd=  0.02%      6.53 GF/s  setup=0.011 s
d1_race                  L=65537 B=1     m=1     inner=52     min=   747.856 us/xform  median=   747.984  sd=  0.01%      7.01 GF/s  setup=0.013 s
d1_race                  L=65537 B=1     m=1     inner=52     min=   744.996 us/xform  median=   745.203  sd=  0.02%      7.04 GF/s  setup=0.009 s
d1_race                  L=65537 B=1     m=1     inner=52     min=   746.967 us/xform  median=   747.305  sd=  0.02%      7.02 GF/s  setup=0.010 s
d1_race                  L=65537 B=1     m=1     inner=44     min=   817.985 us/xform  median=   818.242  sd=  0.02%      6.41 GF/s  setup=0.016 s
d1_race                  L=65537 B=1     m=1     inner=50     min=   782.411 us/xform  median=   782.595  sd=  0.02%      6.70 GF/s  setup=0.013 s
d1_race                  L=65537 B=1     m=1     inner=52     min=   750.371 us/xform  median=   750.647  sd=  0.02%      6.99 GF/s  setup=0.010 s
d1_rader                 L=65537 B=1     m=1     inner=48     min=   783.632 us/xform  median=   783.856  sd=  0.41%      6.69 GF/s  setup=0.005 s
d1_rader                 L=65537 B=1     m=1     inner=50     min=   785.835 us/xform  median=   785.927  sd=  0.01%      6.67 GF/s  setup=0.005 s
d1_rader                 L=65537 B=1     m=1     inner=40     min=   863.755 us/xform  median=   864.155  sd=  0.02%      6.07 GF/s  setup=0.007 s
d1_rader                 L=65537 B=1     m=1     inner=42     min=   899.479 us/xform  median=   923.461  sd=  1.04%      5.83 GF/s  setup=0.007 s
d1_rader                 L=65537 B=1     m=1     inner=40     min=   783.873 us/xform  median=   783.971  sd=  0.01%      6.69 GF/s  setup=0.007 s
d1_rader                 L=65537 B=1     m=1     inner=44     min=   766.302 us/xform  median=   766.458  sd=  0.02%      6.84 GF/s  setup=0.007 s
d1_rader                 L=65537 B=1     m=1     inner=26     min=   768.181 us/xform  median=   768.534  sd=  0.02%      6.83 GF/s  setup=0.005 s
d1_rader                 L=65537 B=1     m=1     inner=52     min=   764.145 us/xform  median=   764.329  sd=  0.02%      6.86 GF/s  setup=0.005 s
d1_rader                 L=65537 B=1     m=1     inner=52     min=   763.058 us/xform  median=   763.300  sd=  0.01%      6.87 GF/s  setup=0.005 s
fftw1d_estimate          L=65537 B=1     m=1     inner=20     min=  1973.396 us/xform  median=  2181.592  sd=  3.31%      2.66 GF/s  setup=0.008 s
fftw1d_estimate          L=65537 B=1     m=1     inner=18     min=  1725.636 us/xform  median=  1727.470  sd=  0.39%      3.04 GF/s  setup=0.010 s
fftw1d_estimate          L=65537 B=1     m=1     inner=20     min=  1735.669 us/xform  median=  1737.399  sd=  0.04%      3.02 GF/s  setup=0.010 s
fftw1d_estimate          L=65537 B=1     m=1     inner=20     min=  1726.182 us/xform  median=  1728.642  sd=  0.06%      3.04 GF/s  setup=0.010 s
fftw1d_estimate          L=65537 B=1     m=1     inner=22     min=  1726.084 us/xform  median=  1726.494  sd=  0.03%      3.04 GF/s  setup=0.007 s
fftw1d_estimate          L=65537 B=1     m=1     inner=22     min=  1728.012 us/xform  median=  1730.323  sd=  0.06%      3.03 GF/s  setup=0.007 s
fftw1d_estimate          L=65537 B=1     m=1     inner=22     min=  1727.334 us/xform  median=  1728.392  sd=  0.04%      3.04 GF/s  setup=0.007 s
fftw1d_estimate          L=65537 B=1     m=1     inner=18     min=  1733.357 us/xform  median=  1734.651  sd=  0.04%      3.02 GF/s  setup=0.010 s
fftw1d_estimate          L=65537 B=1     m=1     inner=20     min=  2007.090 us/xform  median=  2198.605  sd=  2.62%      2.61 GF/s  setup=0.010 s
fftw1d_measure           L=65537 B=1     m=1     inner=24     min=  1582.053 us/xform  median=  1583.736  sd=  0.05%      3.31 GF/s  setup=4.311 s
fftw1d_measure           L=65537 B=1     m=1     inner=24     min=  1584.793 us/xform  median=  1586.799  sd=  0.08%      3.31 GF/s  setup=4.257 s
fftw1d_measure           L=65537 B=1     m=1     inner=24     min=  1575.717 us/xform  median=  1576.942  sd=  0.06%      3.33 GF/s  setup=4.253 s
fftw1d_measure           L=65537 B=1     m=1     inner=24     min=  1582.449 us/xform  median=  1584.148  sd=  0.07%      3.31 GF/s  setup=4.257 s
fftw1d_measure           L=65537 B=1     m=1     inner=24     min=  1582.910 us/xform  median=  1585.133  sd=  0.07%      3.31 GF/s  setup=4.262 s
fftw1d_measure           L=65537 B=1     m=1     inner=24     min=  1574.065 us/xform  median=  1575.103  sd=  0.04%      3.33 GF/s  setup=4.360 s
fftw1d_measure           L=65537 B=1     m=1     inner=24     min=  1568.405 us/xform  median=  1569.399  sd=  0.06%      3.34 GF/s  setup=4.239 s
fftw1d_measure           L=65537 B=1     m=1     inner=24     min=  1581.726 us/xform  median=  1584.548  sd=  0.10%      3.31 GF/s  setup=4.230 s
fftw1d_measure           L=65537 B=1     m=1     inner=24     min=  1582.158 us/xform  median=  1586.251  sd=  0.10%      3.31 GF/s  setup=4.360 s
fftw1d_patient           L=65537 B=1     m=1     inner=26     min=  1460.224 us/xform  median=  1462.913  sd=  0.10%      3.59 GF/s  setup=57.907 s
fftw1d_patient           L=65537 B=1     m=1     inner=26     min=  1466.911 us/xform  median=  1468.194  sd=  0.09%      3.57 GF/s  setup=58.670 s
fftw1d_patient           L=65537 B=1     m=1     inner=26     min=  1463.794 us/xform  median=  1465.629  sd=  0.09%      3.58 GF/s  setup=57.886 s
fftw1d_patient           L=65537 B=1     m=1     inner=26     min=  1455.232 us/xform  median=  1456.920  sd=  0.05%      3.60 GF/s  setup=57.860 s
fftw1d_patient           L=65537 B=1     m=1     inner=26     min=  1465.179 us/xform  median=  1467.184  sd=  0.07%      3.58 GF/s  setup=58.055 s
fftw1d_patient           L=65537 B=1     m=1     inner=26     min=  1468.294 us/xform  median=  1469.659  sd=  0.09%      3.57 GF/s  setup=57.998 s
fftw1d_patient           L=65537 B=1     m=1     inner=26     min=  1468.097 us/xform  median=  1469.337  sd=  0.08%      3.57 GF/s  setup=57.953 s
fftw1d_patient           L=65537 B=1     m=1     inner=26     min=  1467.681 us/xform  median=  1468.469  sd=  0.07%      3.57 GF/s  setup=57.982 s
fftw1d_patient           L=65537 B=1     m=1     inner=26     min=  1468.430 us/xform  median=  1469.591  sd=  0.07%      3.57 GF/s  setup=58.014 s
mkl1d_dfti               L=65537 B=1     m=1     inner=8      min=  3938.841 us/xform  median=  3976.845  sd=  3.18%      1.33 GF/s  setup=0.013 s
mkl1d_dfti               L=65537 B=1     m=1     inner=10     min=  3241.592 us/xform  median=  3244.361  sd=  1.64%      1.62 GF/s  setup=0.013 s
mkl1d_dfti               L=65537 B=1     m=1     inner=10     min=  3781.887 us/xform  median=  3830.470  sd=  0.70%      1.39 GF/s  setup=0.013 s
mkl1d_dfti               L=65537 B=1     m=1     inner=10     min=  3259.025 us/xform  median=  3261.267  sd=  0.10%      1.61 GF/s  setup=0.013 s
mkl1d_dfti               L=65537 B=1     m=1     inner=12     min=  3241.609 us/xform  median=  3243.846  sd=  0.03%      1.62 GF/s  setup=0.009 s
mkl1d_dfti               L=65537 B=1     m=1     inner=10     min=  3731.367 us/xform  median=  3775.347  sd=  0.70%      1.41 GF/s  setup=0.013 s
mkl1d_dfti               L=65537 B=1     m=1     inner=10     min=  3934.552 us/xform  median=  3936.863  sd=  0.03%      1.33 GF/s  setup=0.011 s
mkl1d_dfti               L=65537 B=1     m=1     inner=8      min=  3896.883 us/xform  median=  4120.927  sd=  1.60%      1.35 GF/s  setup=0.011 s
mkl1d_dfti               L=65537 B=1     m=1     inner=10     min=  3262.168 us/xform  median=  3264.085  sd=  0.03%      1.61 GF/s  setup=0.009 s
   skipping baseline_dft at L=65537 B=16 (too expensive to be informative)
d1_bluestein             L=65537 B=16    m=1     inner=1      min=  2254.069 us/xform  median=  2256.106  sd=  0.06%      2.33 GF/s  setup=0.023 s
d1_bluestein             L=65537 B=16    m=1     inner=1      min=  1676.499 us/xform  median=  1677.649  sd=  0.08%      3.13 GF/s  setup=0.023 s
d1_bluestein             L=65537 B=16    m=1     inner=1      min=  1739.018 us/xform  median=  1739.898  sd=  0.09%      3.01 GF/s  setup=0.022 s
d1_bluestein             L=65537 B=16    m=1     inner=1      min=  1675.308 us/xform  median=  1677.409  sd=  0.05%      3.13 GF/s  setup=0.018 s
d1_bluestein             L=65537 B=16    m=1     inner=1      min=  2355.367 us/xform  median=  2360.261  sd=  0.08%      2.23 GF/s  setup=0.022 s
d1_bluestein             L=65537 B=16    m=1     inner=1      min=  2466.685 us/xform  median=  2468.923  sd=  0.08%      2.13 GF/s  setup=0.025 s
d1_bluestein             L=65537 B=16    m=1     inner=1      min=  1666.661 us/xform  median=  1668.303  sd=  0.05%      3.15 GF/s  setup=0.019 s
d1_bluestein             L=65537 B=16    m=1     inner=1      min=  1676.006 us/xform  median=  1677.161  sd=  0.05%      3.13 GF/s  setup=0.018 s
d1_bluestein             L=65537 B=16    m=1     inner=1      min=  1677.674 us/xform  median=  1679.111  sd=  0.05%      3.13 GF/s  setup=0.018 s
d1_planner               L=65537 B=16    m=1     inner=1      min=  1378.956 us/xform  median=  1380.639  sd=  0.16%      3.80 GF/s  setup=0.026 s
d1_planner               L=65537 B=16    m=1     inner=1      min=  1360.591 us/xform  median=  1362.868  sd=  0.38%      3.85 GF/s  setup=0.026 s
d1_planner               L=65537 B=16    m=1     inner=1      min=  1386.589 us/xform  median=  1389.120  sd=  0.11%      3.78 GF/s  setup=0.025 s
d1_planner               L=65537 B=16    m=1     inner=1      min=  1381.499 us/xform  median=  1416.298  sd=  1.08%      3.80 GF/s  setup=0.025 s
d1_planner               L=65537 B=16    m=1     inner=1      min=  1372.211 us/xform  median=  1397.448  sd=  1.37%      3.82 GF/s  setup=0.026 s
d1_planner               L=65537 B=16    m=1     inner=1      min=  1391.605 us/xform  median=  1424.076  sd=  1.13%      3.77 GF/s  setup=0.025 s
d1_planner               L=65537 B=16    m=1     inner=1      min=  1383.832 us/xform  median=  1388.963  sd=  0.80%      3.79 GF/s  setup=0.027 s
d1_planner               L=65537 B=16    m=1     inner=1      min=  1680.223 us/xform  median=  1683.548  sd=  0.18%      3.12 GF/s  setup=0.027 s
d1_planner               L=65537 B=16    m=1     inner=1      min=  1766.830 us/xform  median=  1772.046  sd=  2.47%      2.97 GF/s  setup=0.026 s
d1_race                  L=65537 B=16    m=1     inner=2      min=   915.581 us/xform  median=   916.744  sd=  0.07%      5.73 GF/s  setup=5.206 s
d1_race                  L=65537 B=16    m=1     inner=2      min=   999.998 us/xform  median=  1001.257  sd=  0.07%      5.24 GF/s  setup=0.018 s
d1_race                  L=65537 B=16    m=1     inner=2      min=  1155.686 us/xform  median=  1157.246  sd=  0.09%      4.54 GF/s  setup=0.017 s
d1_race                  L=65537 B=16    m=1     inner=2      min=  1002.281 us/xform  median=  1003.425  sd=  0.13%      5.23 GF/s  setup=0.020 s
d1_race                  L=65537 B=16    m=1     inner=2      min=  1150.220 us/xform  median=  1151.346  sd=  0.66%      4.56 GF/s  setup=0.015 s
d1_race                  L=65537 B=16    m=1     inner=2      min=  1030.701 us/xform  median=  1031.493  sd=  0.09%      5.09 GF/s  setup=0.017 s
d1_race                  L=65537 B=16    m=1     inner=2      min=   888.637 us/xform  median=   889.114  sd=  0.05%      5.90 GF/s  setup=0.015 s
d1_race                  L=65537 B=16    m=1     inner=2      min=   931.504 us/xform  median=   933.113  sd=  0.09%      5.63 GF/s  setup=0.012 s
d1_race                  L=65537 B=16    m=1     inner=2      min=   931.777 us/xform  median=   932.520  sd=  0.06%      5.63 GF/s  setup=0.010 s
d1_rader                 L=65537 B=16    m=1     inner=2      min=   930.910 us/xform  median=   931.740  sd=  0.07%      5.63 GF/s  setup=0.005 s
d1_rader                 L=65537 B=16    m=1     inner=2      min=  1062.929 us/xform  median=  1063.971  sd=  0.11%      4.93 GF/s  setup=0.006 s
d1_rader                 L=65537 B=16    m=1     inner=2      min=   931.699 us/xform  median=   932.416  sd=  0.09%      5.63 GF/s  setup=0.007 s
d1_rader                 L=65537 B=16    m=1     inner=2      min=   931.443 us/xform  median=   932.222  sd=  0.09%      5.63 GF/s  setup=0.005 s
d1_rader                 L=65537 B=16    m=1     inner=2      min=  1062.049 us/xform  median=  1063.377  sd=  0.08%      4.94 GF/s  setup=0.006 s
d1_rader                 L=65537 B=16    m=1     inner=2      min=   933.339 us/xform  median=   934.392  sd=  0.07%      5.62 GF/s  setup=0.006 s
d1_rader                 L=65537 B=16    m=1     inner=2      min=   933.857 us/xform  median=   934.804  sd=  0.07%      5.61 GF/s  setup=0.005 s
d1_rader                 L=65537 B=16    m=1     inner=2      min=  1065.485 us/xform  median=  1065.863  sd=  0.06%      4.92 GF/s  setup=0.006 s
d1_rader                 L=65537 B=16    m=1     inner=2      min=   936.435 us/xform  median=   937.522  sd=  0.07%      5.60 GF/s  setup=0.006 s
fftw1d_estimate          L=65537 B=16    m=1     inner=1      min=  2437.140 us/xform  median=  2440.730  sd=  0.13%      2.15 GF/s  setup=0.009 s
fftw1d_estimate          L=65537 B=16    m=1     inner=1      min=  2424.551 us/xform  median=  2427.496  sd=  0.11%      2.16 GF/s  setup=0.010 s
fftw1d_estimate          L=65537 B=16    m=1     inner=1      min=  1875.818 us/xform  median=  2458.354  sd= 11.08%      2.80 GF/s  setup=0.009 s
fftw1d_estimate          L=65537 B=16    m=1     inner=1      min=  2397.321 us/xform  median=  2400.698  sd=  0.13%      2.19 GF/s  setup=0.009 s
fftw1d_estimate          L=65537 B=16    m=1     inner=1      min=  2373.414 us/xform  median=  2375.993  sd=  0.08%      2.21 GF/s  setup=0.010 s
fftw1d_estimate          L=65537 B=16    m=1     inner=1      min=  2403.981 us/xform  median=  2405.802  sd=  0.09%      2.18 GF/s  setup=0.009 s
fftw1d_estimate          L=65537 B=16    m=1     inner=1      min=  2436.171 us/xform  median=  2440.641  sd=  0.11%      2.15 GF/s  setup=0.009 s
fftw1d_estimate          L=65537 B=16    m=1     inner=1      min=  2437.930 us/xform  median=  2443.020  sd=  0.11%      2.15 GF/s  setup=0.010 s
fftw1d_estimate          L=65537 B=16    m=1     inner=1      min=  2434.155 us/xform  median=  2438.716  sd=  0.12%      2.15 GF/s  setup=0.009 s
fftw1d_measure           L=65537 B=16    m=1     inner=1      min=  1667.647 us/xform  median=  1670.264  sd=  0.07%      3.14 GF/s  setup=4.389 s
fftw1d_measure           L=65537 B=16    m=1     inner=1      min=  1659.347 us/xform  median=  1661.479  sd=  0.06%      3.16 GF/s  setup=4.382 s
fftw1d_measure           L=65537 B=16    m=1     inner=1      min=  1681.150 us/xform  median=  1683.282  sd=  0.08%      3.12 GF/s  setup=4.474 s
fftw1d_measure           L=65537 B=16    m=1     inner=1      min=  1657.939 us/xform  median=  1661.002  sd=  0.12%      3.16 GF/s  setup=4.450 s
fftw1d_measure           L=65537 B=16    m=1     inner=1      min=  1658.799 us/xform  median=  1660.374  sd=  0.07%      3.16 GF/s  setup=4.259 s
fftw1d_measure           L=65537 B=16    m=1     inner=1      min=  1648.733 us/xform  median=  1652.858  sd=  0.11%      3.18 GF/s  setup=4.224 s
fftw1d_measure           L=65537 B=16    m=1     inner=1      min=  1657.092 us/xform  median=  1659.313  sd=  0.09%      3.16 GF/s  setup=4.397 s
fftw1d_measure           L=65537 B=16    m=1     inner=1      min=  1657.077 us/xform  median=  1659.837  sd=  0.11%      3.16 GF/s  setup=4.266 s
fftw1d_measure           L=65537 B=16    m=1     inner=1      min=  1654.398 us/xform  median=  1657.179  sd=  0.11%      3.17 GF/s  setup=4.217 s
fftw1d_patient           L=65537 B=16    m=1     inner=1      min=  1539.874 us/xform  median=  1541.794  sd=  0.37%      3.40 GF/s  setup=58.049 s
fftw1d_patient           L=65537 B=16    m=1     inner=1      min=  1511.137 us/xform  median=  1514.001  sd=  0.43%      3.47 GF/s  setup=58.045 s
fftw1d_patient           L=65537 B=16    m=1     inner=1      min=  1542.215 us/xform  median=  1543.306  sd=  0.07%      3.40 GF/s  setup=57.934 s
fftw1d_patient           L=65537 B=16    m=1     inner=1      min=  1516.543 us/xform  median=  1517.966  sd=  0.06%      3.46 GF/s  setup=57.961 s
fftw1d_patient           L=65537 B=16    m=1     inner=1      min=  1512.174 us/xform  median=  1513.926  sd=  0.38%      3.47 GF/s  setup=58.047 s
fftw1d_patient           L=65537 B=16    m=1     inner=1      min=  1538.725 us/xform  median=  1541.670  sd=  0.34%      3.41 GF/s  setup=58.044 s
fftw1d_patient           L=65537 B=16    m=1     inner=1      min=  1540.633 us/xform  median=  1544.682  sd=  0.10%      3.40 GF/s  setup=57.984 s
fftw1d_patient           L=65537 B=16    m=1     inner=1      min=  1541.373 us/xform  median=  1543.720  sd=  0.09%      3.40 GF/s  setup=57.930 s
fftw1d_patient           L=65537 B=16    m=1     inner=1      min=  1535.839 us/xform  median=  1537.340  sd=  0.27%      3.41 GF/s  setup=58.086 s
mkl1d_dfti               L=65537 B=16    m=1     inner=1      min=  3890.021 us/xform  median=  4130.192  sd=  2.53%      1.35 GF/s  setup=0.063 s
mkl1d_dfti               L=65537 B=16    m=1     inner=1      min=  3410.065 us/xform  median=  4603.816  sd= 14.85%      1.54 GF/s  setup=0.063 s
mkl1d_dfti               L=65537 B=16    m=1     inner=1      min=  3405.865 us/xform  median=  3408.311  sd=  0.04%      1.54 GF/s  setup=0.055 s
mkl1d_dfti               L=65537 B=16    m=1     inner=1      min=  3399.958 us/xform  median=  3407.760  sd=  0.10%      1.54 GF/s  setup=0.056 s
mkl1d_dfti               L=65537 B=16    m=1     inner=1      min=  3403.440 us/xform  median=  3404.804  sd=  0.18%      1.54 GF/s  setup=0.061 s
mkl1d_dfti               L=65537 B=16    m=1     inner=1      min=  3412.671 us/xform  median=  3414.992  sd=  0.04%      1.54 GF/s  setup=0.055 s
mkl1d_dfti               L=65537 B=16    m=1     inner=1      min=  3430.081 us/xform  median=  3431.596  sd=  0.04%      1.53 GF/s  setup=0.060 s
mkl1d_dfti               L=65537 B=16    m=1     inner=1      min=  3412.022 us/xform  median=  3414.637  sd=  0.13%      1.54 GF/s  setup=0.060 s
mkl1d_dfti               L=65537 B=16    m=1     inner=1      min=  3409.380 us/xform  median=  3410.780  sd=  0.04%      1.54 GF/s  setup=0.060 s
   skipping baseline_dft at L=65537 B=1 (too expensive to be informative)
d1_bluestein             L=65537 B=1     m=60    inner=1      min=  1791.840 us/xform  median=  2204.389  sd=  6.56%      2.93 GF/s  setup=0.025 s
d1_bluestein             L=65537 B=1     m=60    inner=1      min=  1576.940 us/xform  median=  2200.692  sd= 16.00%      3.32 GF/s  setup=0.029 s
d1_bluestein             L=65537 B=1     m=60    inner=1      min=  1624.904 us/xform  median=  1625.548  sd=  0.03%      3.23 GF/s  setup=0.018 s
d1_bluestein             L=65537 B=1     m=2     inner=1      min=  1670.265 us/xform  median=  1670.265  sd=  0.00%      3.14 GF/s  setup=0.019 s
d1_planner               L=65537 B=1     m=60    inner=1      min=   935.487 us/xform  median=   935.797  sd=  0.02%      5.60 GF/s  setup=0.028 s
d1_planner               L=65537 B=1     m=60    inner=1      min=   938.380 us/xform  median=   938.506  sd=  0.01%      5.59 GF/s  setup=0.029 s
d1_planner               L=65537 B=1     m=60    inner=1      min=   934.444 us/xform  median=   934.796  sd=  0.02%      5.61 GF/s  setup=0.028 s
d1_planner               L=65537 B=1     m=2     inner=1      min=  1212.503 us/xform  median=  1212.503  sd=  0.00%      4.32 GF/s  setup=0.025 s
d1_race                  L=65537 B=1     m=60    inner=1      min=   683.916 us/xform  median=   684.116  sd=  0.01%      7.67 GF/s  setup=0.012 s
d1_race                  L=65537 B=1     m=60    inner=1      min=   704.661 us/xform  median=   704.812  sd=  0.01%      7.44 GF/s  setup=0.011 s
d1_race                  L=65537 B=1     m=60    inner=1      min=   675.642 us/xform  median=   675.818  sd=  0.01%      7.76 GF/s  setup=0.015 s
d1_race                  L=65537 B=1     m=2     inner=1      min=   986.464 us/xform  median=   986.464  sd=  0.00%      5.31 GF/s  setup=0.011 s
d1_rader                 L=65537 B=1     m=60    inner=1      min=   718.023 us/xform  median=   718.267  sd=  3.69%      7.30 GF/s  setup=0.006 s
d1_rader                 L=65537 B=1     m=60    inner=1      min=   703.745 us/xform  median=   703.993  sd=  0.02%      7.45 GF/s  setup=0.007 s
d1_rader                 L=65537 B=1     m=60    inner=1      min=   703.496 us/xform  median=   703.714  sd=  0.02%      7.45 GF/s  setup=0.005 s
d1_rader                 L=65537 B=1     m=2     inner=1      min=  1110.672 us/xform  median=  1110.672  sd=  0.00%      4.72 GF/s  setup=0.006 s
fftw1d_estimate          L=65537 B=1     m=60    inner=1      min=  1902.410 us/xform  median=  1903.846  sd=  0.03%      2.76 GF/s  setup=0.007 s
fftw1d_estimate          L=65537 B=1     m=60    inner=1      min=  1896.657 us/xform  median=  1897.114  sd=  0.02%      2.76 GF/s  setup=0.010 s
fftw1d_estimate          L=65537 B=1     m=60    inner=1      min=  1906.250 us/xform  median=  1913.236  sd= 12.13%      2.75 GF/s  setup=0.010 s
fftw1d_estimate          L=65537 B=1     m=2     inner=1      min=  2196.161 us/xform  median=  2196.161  sd=  0.00%      2.39 GF/s  setup=0.008 s
fftw1d_measure           L=65537 B=1     m=60    inner=1      min=  1722.486 us/xform  median=  1723.366  sd=  0.04%      3.04 GF/s  setup=4.348 s
fftw1d_measure           L=65537 B=1     m=60    inner=1      min=  1736.430 us/xform  median=  1737.603  sd=  0.03%      3.02 GF/s  setup=4.389 s
fftw1d_measure           L=65537 B=1     m=60    inner=1      min=  1755.548 us/xform  median=  1756.854  sd=  0.04%      2.99 GF/s  setup=4.272 s
fftw1d_measure           L=65537 B=1     m=2     inner=1      min=  1770.001 us/xform  median=  1770.001  sd=  0.00%      2.96 GF/s  setup=4.321 s
fftw1d_patient           L=65537 B=1     m=60    inner=1      min=  1628.347 us/xform  median=  1629.232  sd=  0.04%      3.22 GF/s  setup=57.881 s
fftw1d_patient           L=65537 B=1     m=60    inner=1      min=  1628.902 us/xform  median=  1630.432  sd=  0.06%      3.22 GF/s  setup=57.777 s
fftw1d_patient           L=65537 B=1     m=60    inner=1      min=  1624.616 us/xform  median=  1625.783  sd=  0.04%      3.23 GF/s  setup=58.065 s
fftw1d_patient           L=65537 B=1     m=2     inner=1      min=  1657.842 us/xform  median=  1657.842  sd=  0.00%      3.16 GF/s  setup=57.804 s
mkl1d_dfti               L=65537 B=1     m=60    inner=1      min=  3425.615 us/xform  median=  3427.438  sd=  0.08%      1.53 GF/s  setup=0.011 s
mkl1d_dfti               L=65537 B=1     m=60    inner=1      min=  3425.263 us/xform  median=  3426.103  sd=  0.04%      1.53 GF/s  setup=0.009 s
mkl1d_dfti               L=65537 B=1     m=60    inner=1      min=  3410.401 us/xform  median=  3411.523  sd=  0.04%      1.54 GF/s  setup=0.009 s
mkl1d_dfti               L=65537 B=1     m=2     inner=1      min=  3941.730 us/xform  median=  3941.730  sd=  0.00%      1.33 GF/s  setup=0.011 s
   skipping baseline_dft at L=65537 B=16 (too expensive to be informative)
d1_bluestein             L=65537 B=16    m=20    inner=1      min=  1890.553 us/xform  median=  1891.320  sd=  0.03%      2.77 GF/s  setup=0.022 s
d1_bluestein             L=65537 B=16    m=20    inner=1      min=  1833.397 us/xform  median=  1834.076  sd=  0.04%      2.86 GF/s  setup=0.022 s
d1_bluestein             L=65537 B=16    m=20    inner=1      min=  1812.848 us/xform  median=  1813.838  sd=  0.06%      2.89 GF/s  setup=0.021 s
d1_bluestein             L=65537 B=16    m=2     inner=1      min=  2167.063 us/xform  median=  2167.063  sd=  0.00%      2.42 GF/s  setup=0.022 s
d1_planner               L=65537 B=16    m=20    inner=1      min=   902.980 us/xform  median=   903.317  sd=  0.07%      5.81 GF/s  setup=0.025 s
d1_planner               L=65537 B=16    m=20    inner=1      min=   998.794 us/xform  median=   998.935  sd=  0.04%      5.25 GF/s  setup=0.025 s
d1_planner               L=65537 B=16    m=20    inner=1      min=   884.254 us/xform  median=   884.518  sd=  0.06%      5.93 GF/s  setup=0.025 s
d1_planner               L=65537 B=16    m=2     inner=1      min=  1409.304 us/xform  median=  1409.304  sd=  0.00%      3.72 GF/s  setup=0.025 s
d1_race                  L=65537 B=16    m=20    inner=1      min=   746.182 us/xform  median=   746.282  sd=  0.10%      7.03 GF/s  setup=0.015 s
d1_race                  L=65537 B=16    m=20    inner=1      min=   792.188 us/xform  median=   792.331  sd=  0.08%      6.62 GF/s  setup=0.014 s
d1_race                  L=65537 B=16    m=20    inner=1      min=   742.344 us/xform  median=   742.519  sd=  0.09%      7.06 GF/s  setup=0.013 s
d1_race                  L=65537 B=16    m=2     inner=1      min=  1278.460 us/xform  median=  1278.460  sd=  0.00%      4.10 GF/s  setup=0.013 s
d1_rader                 L=65537 B=16    m=20    inner=1      min=   760.085 us/xform  median=   760.240  sd=  0.09%      6.90 GF/s  setup=0.006 s
d1_rader                 L=65537 B=16    m=20    inner=1      min=   744.647 us/xform  median=   744.785  sd=  0.09%      7.04 GF/s  setup=0.006 s
d1_rader                 L=65537 B=16    m=20    inner=1      min=   743.764 us/xform  median=   743.930  sd=  0.09%      7.05 GF/s  setup=0.005 s
d1_rader                 L=65537 B=16    m=2     inner=1      min=  1304.684 us/xform  median=  1304.684  sd=  0.00%      4.02 GF/s  setup=0.006 s
fftw1d_estimate          L=65537 B=16    m=20    inner=1      min=  2087.987 us/xform  median=  2090.306  sd=  0.12%      2.51 GF/s  setup=0.009 s
fftw1d_estimate          L=65537 B=16    m=20    inner=1      min=  2094.258 us/xform  median=  2095.668  sd=  0.03%      2.50 GF/s  setup=0.007 s
fftw1d_estimate          L=65537 B=16    m=20    inner=1      min=  2081.627 us/xform  median=  2083.171  sd=  0.04%      2.52 GF/s  setup=0.009 s
fftw1d_estimate          L=65537 B=16    m=2     inner=1      min=  2739.908 us/xform  median=  2739.908  sd=  0.00%      1.91 GF/s  setup=0.009 s
fftw1d_measure           L=65537 B=16    m=20    inner=1      min=  1874.904 us/xform  median=  1876.455  sd=  0.04%      2.80 GF/s  setup=4.355 s
fftw1d_measure           L=65537 B=16    m=20    inner=1      min=  1875.464 us/xform  median=  1877.354  sd=  0.05%      2.80 GF/s  setup=4.430 s
fftw1d_measure           L=65537 B=16    m=20    inner=1      min=  1875.379 us/xform  median=  1876.914  sd=  0.04%      2.80 GF/s  setup=4.388 s
fftw1d_measure           L=65537 B=16    m=2     inner=1      min=  1918.876 us/xform  median=  1918.876  sd=  0.00%      2.73 GF/s  setup=4.233 s
fftw1d_patient           L=65537 B=16    m=20    inner=1      min=  1763.176 us/xform  median=  1764.302  sd=  0.05%      2.97 GF/s  setup=57.975 s
fftw1d_patient           L=65537 B=16    m=20    inner=1      min=  1769.028 us/xform  median=  1771.005  sd=  0.06%      2.96 GF/s  setup=57.982 s
fftw1d_patient           L=65537 B=16    m=20    inner=1      min=  1737.982 us/xform  median=  1739.425  sd=  0.04%      3.02 GF/s  setup=57.934 s
fftw1d_patient           L=65537 B=16    m=2     inner=1      min=  1837.718 us/xform  median=  1837.718  sd=  0.00%      2.85 GF/s  setup=58.441 s
mkl1d_dfti               L=65537 B=16    m=20    inner=1      min=  3604.384 us/xform  median=  3605.914  sd=  0.04%      1.45 GF/s  setup=0.062 s
mkl1d_dfti               L=65537 B=16    m=20    inner=1      min=  3620.436 us/xform  median=  3624.336  sd=  0.07%      1.45 GF/s  setup=0.062 s
mkl1d_dfti               L=65537 B=16    m=20    inner=1      min=  3605.113 us/xform  median=  3606.302  sd=  0.02%      1.45 GF/s  setup=0.065 s
mkl1d_dfti               L=65537 B=16    m=2     inner=1      min=  3797.811 us/xform  median=  3797.811  sd=  0.00%      1.38 GF/s  setup=0.060 s
   skipping baseline_dft at L=100003 B=1 (too expensive to be informative)
d1_bluestein             L=100003 B=1     m=1     inner=14     min=  2563.857 us/xform  median=  2826.660  sd=  3.69%      3.24 GF/s  setup=0.028 s
d1_bluestein             L=100003 B=1     m=1     inner=12     min=  2565.867 us/xform  median=  2567.937  sd=  6.00%      3.24 GF/s  setup=0.033 s
d1_bluestein             L=100003 B=1     m=1     inner=14     min=  2809.136 us/xform  median=  2826.696  sd=  0.18%      2.96 GF/s  setup=0.032 s
d1_bluestein             L=100003 B=1     m=1     inner=12     min=  3070.662 us/xform  median=  3073.434  sd=  0.05%      2.70 GF/s  setup=0.035 s
d1_bluestein             L=100003 B=1     m=1     inner=12     min=  3064.396 us/xform  median=  3066.536  sd=  0.04%      2.71 GF/s  setup=0.030 s
d1_bluestein             L=100003 B=1     m=1     inner=12     min=  2334.729 us/xform  median=  3122.775  sd= 11.75%      3.56 GF/s  setup=0.030 s
d1_bluestein             L=100003 B=1     m=1     inner=16     min=  2267.655 us/xform  median=  2268.473  sd=  0.02%      3.66 GF/s  setup=0.023 s
d1_bluestein             L=100003 B=1     m=1     inner=16     min=  2273.771 us/xform  median=  2274.573  sd=  0.02%      3.65 GF/s  setup=0.023 s
d1_bluestein             L=100003 B=1     m=1     inner=16     min=  2267.711 us/xform  median=  2268.029  sd=  0.01%      3.66 GF/s  setup=0.023 s
d1_planner               L=100003 B=1     m=1     inner=12     min=  3065.121 us/xform  median=  3066.933  sd=  0.03%      2.71 GF/s  setup=0.057 s
d1_planner               L=100003 B=1     m=1     inner=12     min=  3119.947 us/xform  median=  3120.769  sd=  0.03%      2.66 GF/s  setup=0.060 s
d1_planner               L=100003 B=1     m=1     inner=12     min=  3067.104 us/xform  median=  3069.226  sd=  0.03%      2.71 GF/s  setup=0.060 s
d1_planner               L=100003 B=1     m=1     inner=12     min=  3067.215 us/xform  median=  3068.651  sd=  0.02%      2.71 GF/s  setup=0.056 s
d1_planner               L=100003 B=1     m=1     inner=12     min=  3117.125 us/xform  median=  3118.364  sd=  0.02%      2.66 GF/s  setup=0.059 s
d1_planner               L=100003 B=1     m=1     inner=12     min=  3063.461 us/xform  median=  3064.573  sd=  0.03%      2.71 GF/s  setup=0.060 s
d1_planner               L=100003 B=1     m=1     inner=10     min=  3119.660 us/xform  median=  3120.397  sd=  0.02%      2.66 GF/s  setup=0.060 s
d1_planner               L=100003 B=1     m=1     inner=10     min=  3067.395 us/xform  median=  3067.979  sd=  0.02%      2.71 GF/s  setup=0.060 s
d1_planner               L=100003 B=1     m=1     inner=10     min=  3073.718 us/xform  median=  3074.413  sd=  0.02%      2.70 GF/s  setup=0.056 s
d1_race                  L=100003 B=1     m=1     inner=16     min=  2267.511 us/xform  median=  2268.301  sd=  0.02%      3.66 GF/s  setup=6.121 s
d1_race                  L=100003 B=1     m=1     inner=12     min=  3006.986 us/xform  median=  3010.148  sd=  0.04%      2.76 GF/s  setup=0.041 s
d1_race                  L=100003 B=1     m=1     inner=12     min=  2999.855 us/xform  median=  3001.941  sd=  0.05%      2.77 GF/s  setup=0.046 s
d1_race                  L=100003 B=1     m=1     inner=12     min=  3010.483 us/xform  median=  3012.447  sd=  0.04%      2.76 GF/s  setup=0.046 s
d1_race                  L=100003 B=1     m=1     inner=12     min=  3004.337 us/xform  median=  3005.163  sd=  0.02%      2.76 GF/s  setup=0.047 s
d1_race                  L=100003 B=1     m=1     inner=12     min=  3001.621 us/xform  median=  3003.445  sd=  0.04%      2.77 GF/s  setup=0.050 s
d1_race                  L=100003 B=1     m=1     inner=12     min=  2992.628 us/xform  median=  2994.540  sd=  0.03%      2.78 GF/s  setup=0.043 s
d1_race                  L=100003 B=1     m=1     inner=12     min=  3010.602 us/xform  median=  3012.239  sd=  0.03%      2.76 GF/s  setup=0.045 s
d1_race                  L=100003 B=1     m=1     inner=12     min=  3004.499 us/xform  median=  3005.461  sd=  0.03%      2.76 GF/s  setup=0.045 s
fftw1d_estimate          L=100003 B=1     m=1     inner=4      min=  6663.548 us/xform  median=  6671.933  sd=  0.09%      1.25 GF/s  setup=0.016 s
fftw1d_estimate          L=100003 B=1     m=1     inner=4      min=  6738.218 us/xform  median=  6746.005  sd=  0.06%      1.23 GF/s  setup=0.015 s
fftw1d_estimate          L=100003 B=1     m=1     inner=4      min=  6700.773 us/xform  median=  6709.675  sd=  0.07%      1.24 GF/s  setup=0.012 s
fftw1d_estimate          L=100003 B=1     m=1     inner=4      min=  6719.359 us/xform  median=  6723.517  sd=  0.07%      1.24 GF/s  setup=0.015 s
fftw1d_estimate          L=100003 B=1     m=1     inner=4      min=  6726.906 us/xform  median=  6739.087  sd=  0.09%      1.23 GF/s  setup=0.012 s
fftw1d_estimate          L=100003 B=1     m=1     inner=4      min=  6709.576 us/xform  median=  6730.549  sd=  0.09%      1.24 GF/s  setup=0.015 s
fftw1d_estimate          L=100003 B=1     m=1     inner=4      min=  6648.974 us/xform  median=  6656.172  sd=  0.08%      1.25 GF/s  setup=0.015 s
fftw1d_estimate          L=100003 B=1     m=1     inner=4      min=  6741.116 us/xform  median=  6749.586  sd=  0.06%      1.23 GF/s  setup=0.015 s
fftw1d_estimate          L=100003 B=1     m=1     inner=4      min=  6673.600 us/xform  median=  6683.334  sd=  0.07%      1.24 GF/s  setup=0.015 s
fftw1d_measure           L=100003 B=1     m=1     inner=14     min=  2822.471 us/xform  median=  2825.419  sd=  0.06%      2.94 GF/s  setup=4.751 s
fftw1d_measure           L=100003 B=1     m=1     inner=14     min=  2753.418 us/xform  median=  2759.315  sd=  0.22%      3.02 GF/s  setup=4.693 s
fftw1d_measure           L=100003 B=1     m=1     inner=14     min=  2757.307 us/xform  median=  2772.143  sd=  0.35%      3.01 GF/s  setup=4.766 s
fftw1d_measure           L=100003 B=1     m=1     inner=14     min=  2742.574 us/xform  median=  2748.921  sd=  0.12%      3.03 GF/s  setup=4.624 s
fftw1d_measure           L=100003 B=1     m=1     inner=14     min=  2752.673 us/xform  median=  2759.425  sd=  0.11%      3.02 GF/s  setup=4.623 s
fftw1d_measure           L=100003 B=1     m=1     inner=12     min=  2855.458 us/xform  median=  2944.932  sd=  1.91%      2.91 GF/s  setup=4.731 s
fftw1d_measure           L=100003 B=1     m=1     inner=14     min=  2761.675 us/xform  median=  2767.878  sd=  0.17%      3.01 GF/s  setup=4.641 s
fftw1d_measure           L=100003 B=1     m=1     inner=7      min=  2762.043 us/xform  median=  2776.685  sd=  0.60%      3.01 GF/s  setup=4.634 s
fftw1d_measure           L=100003 B=1     m=1     inner=14     min=  2759.124 us/xform  median=  2766.714  sd=  0.14%      3.01 GF/s  setup=4.651 s
fftw1d_patient           L=100003 B=1     m=1     inner=14     min=  2696.324 us/xform  median=  2704.692  sd=  0.13%      3.08 GF/s  setup=62.523 s
fftw1d_patient           L=100003 B=1     m=1     inner=14     min=  2688.804 us/xform  median=  2694.657  sd=  0.12%      3.09 GF/s  setup=62.521 s
fftw1d_patient           L=100003 B=1     m=1     inner=14     min=  2731.672 us/xform  median=  2736.157  sd=  0.09%      3.04 GF/s  setup=62.759 s
fftw1d_patient           L=100003 B=1     m=1     inner=14     min=  2704.112 us/xform  median=  2707.816  sd=  0.11%      3.07 GF/s  setup=62.570 s
fftw1d_patient           L=100003 B=1     m=1     inner=14     min=  2717.714 us/xform  median=  2723.769  sd=  0.13%      3.06 GF/s  setup=62.737 s
fftw1d_patient           L=100003 B=1     m=1     inner=14     min=  2715.482 us/xform  median=  2720.117  sd=  0.11%      3.06 GF/s  setup=62.629 s
fftw1d_patient           L=100003 B=1     m=1     inner=14     min=  2707.505 us/xform  median=  2713.431  sd=  0.11%      3.07 GF/s  setup=62.573 s
fftw1d_patient           L=100003 B=1     m=1     inner=14     min=  2737.666 us/xform  median=  2740.658  sd=  0.14%      3.03 GF/s  setup=62.546 s
fftw1d_patient           L=100003 B=1     m=1     inner=14     min=  2740.745 us/xform  median=  2746.997  sd=  0.13%      3.03 GF/s  setup=62.714 s
mkl1d_dfti               L=100003 B=1     m=1     inner=8      min=  3903.307 us/xform  median=  4241.908  sd=  3.30%      2.13 GF/s  setup=0.014 s
mkl1d_dfti               L=100003 B=1     m=1     inner=10     min=  3334.078 us/xform  median=  3338.060  sd=  0.07%      2.49 GF/s  setup=0.015 s
mkl1d_dfti               L=100003 B=1     m=1     inner=10     min=  3332.002 us/xform  median=  3333.637  sd=  0.22%      2.49 GF/s  setup=0.011 s
mkl1d_dfti               L=100003 B=1     m=1     inner=10     min=  3996.738 us/xform  median=  4150.613  sd=  1.09%      2.08 GF/s  setup=0.015 s
mkl1d_dfti               L=100003 B=1     m=1     inner=8      min=  4411.116 us/xform  median=  4413.924  sd=  0.11%      1.88 GF/s  setup=0.014 s
mkl1d_dfti               L=100003 B=1     m=1     inner=8      min=  3450.307 us/xform  median=  4828.671  sd= 12.15%      2.41 GF/s  setup=0.014 s
mkl1d_dfti               L=100003 B=1     m=1     inner=10     min=  3804.124 us/xform  median=  3888.039  sd=  1.10%      2.18 GF/s  setup=0.015 s
mkl1d_dfti               L=100003 B=1     m=1     inner=10     min=  3323.260 us/xform  median=  3327.015  sd=  0.28%      2.50 GF/s  setup=0.015 s
mkl1d_dfti               L=100003 B=1     m=1     inner=10     min=  3843.035 us/xform  median=  3886.494  sd=  0.58%      2.16 GF/s  setup=0.015 s
   skipping baseline_dft at L=100003 B=8 (too expensive to be informative)
d1_bluestein             L=100003 B=8     m=1     inner=1      min=  2996.502 us/xform  median=  2999.670  sd=  0.06%      2.77 GF/s  setup=0.028 s
d1_bluestein             L=100003 B=8     m=1     inner=2      min=  2376.817 us/xform  median=  2379.053  sd=  0.06%      3.49 GF/s  setup=0.028 s
d1_bluestein             L=100003 B=8     m=1     inner=2      min=  2401.696 us/xform  median=  2404.613  sd=  0.10%      3.46 GF/s  setup=0.029 s
d1_bluestein             L=100003 B=8     m=1     inner=1      min=  3180.916 us/xform  median=  3183.442  sd=  0.11%      2.61 GF/s  setup=0.028 s
d1_bluestein             L=100003 B=8     m=1     inner=1      min=  3249.678 us/xform  median=  3252.806  sd=  0.08%      2.56 GF/s  setup=0.031 s
d1_bluestein             L=100003 B=8     m=1     inner=1      min=  3289.478 us/xform  median=  3295.817  sd=  0.15%      2.52 GF/s  setup=0.030 s
d1_bluestein             L=100003 B=8     m=1     inner=1      min=  3253.283 us/xform  median=  3256.867  sd=  0.07%      2.55 GF/s  setup=0.031 s
d1_bluestein             L=100003 B=8     m=1     inner=1      min=  3297.512 us/xform  median=  3301.779  sd=  0.06%      2.52 GF/s  setup=0.030 s
d1_bluestein             L=100003 B=8     m=1     inner=1      min=  3249.141 us/xform  median=  3260.152  sd=  0.13%      2.56 GF/s  setup=0.030 s
d1_planner               L=100003 B=8     m=1     inner=1      min=  3233.302 us/xform  median=  3236.048  sd=  0.06%      2.57 GF/s  setup=0.057 s
d1_planner               L=100003 B=8     m=1     inner=1      min=  3283.204 us/xform  median=  3285.131  sd=  0.05%      2.53 GF/s  setup=0.059 s
d1_planner               L=100003 B=8     m=1     inner=1      min=  3282.323 us/xform  median=  3286.710  sd=  0.06%      2.53 GF/s  setup=0.057 s
d1_planner               L=100003 B=8     m=1     inner=1      min=  3070.654 us/xform  median=  3287.081  sd=  3.24%      2.70 GF/s  setup=0.057 s
d1_planner               L=100003 B=8     m=1     inner=1      min=  3068.676 us/xform  median=  3072.392  sd=  0.07%      2.71 GF/s  setup=0.047 s
d1_planner               L=100003 B=8     m=1     inner=1      min=  3285.827 us/xform  median=  3290.797  sd=  0.10%      2.53 GF/s  setup=0.059 s
d1_planner               L=100003 B=8     m=1     inner=1      min=  3231.823 us/xform  median=  3234.899  sd=  0.05%      2.57 GF/s  setup=0.059 s
d1_planner               L=100003 B=8     m=1     inner=1      min=  3226.926 us/xform  median=  3231.307  sd=  0.05%      2.57 GF/s  setup=0.057 s
d1_planner               L=100003 B=8     m=1     inner=1      min=  3007.851 us/xform  median=  3014.666  sd=  3.28%      2.76 GF/s  setup=0.057 s
d1_race                  L=100003 B=8     m=1     inner=2      min=  2395.171 us/xform  median=  2397.260  sd=  0.07%      3.47 GF/s  setup=4.977 s
d1_race                  L=100003 B=8     m=1     inner=1      min=  2682.845 us/xform  median=  3258.654  sd=  6.10%      3.10 GF/s  setup=0.044 s
d1_race                  L=100003 B=8     m=1     inner=1      min=  3265.155 us/xform  median=  3269.766  sd=  0.11%      2.54 GF/s  setup=0.044 s
d1_race                  L=100003 B=8     m=1     inner=2      min=  2390.633 us/xform  median=  2392.658  sd=  0.04%      3.47 GF/s  setup=0.036 s
d1_race                  L=100003 B=8     m=1     inner=1      min=  2788.407 us/xform  median=  3244.412  sd=  4.30%      2.98 GF/s  setup=0.041 s
d1_race                  L=100003 B=8     m=1     inner=2      min=  2382.525 us/xform  median=  2384.299  sd=  0.05%      3.49 GF/s  setup=0.029 s
d1_race                  L=100003 B=8     m=1     inner=2      min=  2398.676 us/xform  median=  2400.586  sd=  0.04%      3.46 GF/s  setup=0.037 s
d1_race                  L=100003 B=8     m=1     inner=2      min=  2399.412 us/xform  median=  2401.827  sd=  0.06%      3.46 GF/s  setup=0.029 s
d1_race                  L=100003 B=8     m=1     inner=2      min=  2391.556 us/xform  median=  2394.071  sd=  0.06%      3.47 GF/s  setup=0.035 s
fftw1d_estimate          L=100003 B=8     m=1     inner=1      min=  5968.324 us/xform  median=  6102.850  sd=  0.92%      1.39 GF/s  setup=0.012 s
fftw1d_estimate          L=100003 B=8     m=1     inner=1      min=  4989.294 us/xform  median=  4994.394  sd=  0.07%      1.66 GF/s  setup=0.013 s
fftw1d_estimate          L=100003 B=8     m=1     inner=1      min=  5007.849 us/xform  median=  5014.589  sd=  0.08%      1.66 GF/s  setup=0.010 s
fftw1d_estimate          L=100003 B=8     m=1     inner=1      min=  5149.590 us/xform  median=  5156.929  sd=  0.07%      1.61 GF/s  setup=0.012 s
fftw1d_estimate          L=100003 B=8     m=1     inner=1      min=  6787.243 us/xform  median=  6795.034  sd=  0.05%      1.22 GF/s  setup=0.013 s
fftw1d_estimate          L=100003 B=8     m=1     inner=1      min=  4971.167 us/xform  median=  4978.664  sd=  0.11%      1.67 GF/s  setup=0.013 s
fftw1d_estimate          L=100003 B=8     m=1     inner=1      min=  4968.547 us/xform  median=  4973.746  sd=  0.07%      1.67 GF/s  setup=0.013 s
fftw1d_estimate          L=100003 B=8     m=1     inner=1      min=  6422.223 us/xform  median=  6425.450  sd=  1.00%      1.29 GF/s  setup=0.013 s
fftw1d_estimate          L=100003 B=8     m=1     inner=1      min=  4970.697 us/xform  median=  4981.584  sd=  0.14%      1.67 GF/s  setup=0.014 s
fftw1d_measure           L=100003 B=8     m=1     inner=1      min=  2856.848 us/xform  median=  2860.791  sd=  0.23%      2.91 GF/s  setup=4.641 s
fftw1d_measure           L=100003 B=8     m=1     inner=1      min=  3066.527 us/xform  median=  3073.186  sd=  0.29%      2.71 GF/s  setup=4.670 s
fftw1d_measure           L=100003 B=8     m=1     inner=1      min=  3032.723 us/xform  median=  3038.633  sd=  0.23%      2.74 GF/s  setup=4.647 s
fftw1d_measure           L=100003 B=8     m=1     inner=1      min=  3013.491 us/xform  median=  3020.512  sd=  0.34%      2.76 GF/s  setup=4.637 s
fftw1d_measure           L=100003 B=8     m=1     inner=1      min=  3019.954 us/xform  median=  3028.831  sd=  0.88%      2.75 GF/s  setup=4.780 s
fftw1d_measure           L=100003 B=8     m=1     inner=1      min=  3039.666 us/xform  median=  3043.744  sd=  0.29%      2.73 GF/s  setup=4.751 s
fftw1d_measure           L=100003 B=8     m=1     inner=1      min=  2866.781 us/xform  median=  2874.831  sd=  0.55%      2.90 GF/s  setup=4.720 s
fftw1d_measure           L=100003 B=8     m=1     inner=1      min=  3126.452 us/xform  median=  3130.188  sd=  0.35%      2.66 GF/s  setup=4.784 s
fftw1d_measure           L=100003 B=8     m=1     inner=1      min=  3102.638 us/xform  median=  3114.874  sd=  0.39%      2.68 GF/s  setup=4.739 s
fftw1d_patient           L=100003 B=8     m=1     inner=1      min=  2807.132 us/xform  median=  2811.076  sd=  0.15%      2.96 GF/s  setup=62.515 s
fftw1d_patient           L=100003 B=8     m=1     inner=1      min=  2802.296 us/xform  median=  2814.974  sd=  0.24%      2.96 GF/s  setup=62.532 s
fftw1d_patient           L=100003 B=8     m=1     inner=1      min=  2815.098 us/xform  median=  2825.092  sd=  0.18%      2.95 GF/s  setup=62.633 s
fftw1d_patient           L=100003 B=8     m=1     inner=1      min=  2805.651 us/xform  median=  2808.789  sd=  0.14%      2.96 GF/s  setup=62.515 s
fftw1d_patient           L=100003 B=8     m=1     inner=1      min=  2773.961 us/xform  median=  2784.474  sd=  0.16%      2.99 GF/s  setup=62.447 s
fftw1d_patient           L=100003 B=8     m=1     inner=1      min=  2792.374 us/xform  median=  2796.995  sd=  0.09%      2.97 GF/s  setup=62.496 s
fftw1d_patient           L=100003 B=8     m=1     inner=1      min=  2810.886 us/xform  median=  2818.807  sd=  0.18%      2.95 GF/s  setup=62.676 s
fftw1d_patient           L=100003 B=8     m=1     inner=1      min=  2794.976 us/xform  median=  2801.249  sd=  0.11%      2.97 GF/s  setup=62.665 s
fftw1d_patient           L=100003 B=8     m=1     inner=1      min=  2811.208 us/xform  median=  2814.136  sd=  0.09%      2.95 GF/s  setup=62.648 s
mkl1d_dfti               L=100003 B=8     m=1     inner=1      min=  4213.925 us/xform  median=  4308.515  sd=  1.14%      1.97 GF/s  setup=0.067 s
mkl1d_dfti               L=100003 B=8     m=1     inner=1      min=  4682.323 us/xform  median=  4846.306  sd=  1.50%      1.77 GF/s  setup=0.043 s
mkl1d_dfti               L=100003 B=8     m=1     inner=1      min=  4677.421 us/xform  median=  4683.854  sd=  1.34%      1.78 GF/s  setup=0.050 s
mkl1d_dfti               L=100003 B=8     m=1     inner=1      min=  4684.750 us/xform  median=  4693.071  sd=  1.40%      1.77 GF/s  setup=0.045 s
mkl1d_dfti               L=100003 B=8     m=1     inner=1      min=  3553.096 us/xform  median=  3587.579  sd=  3.69%      2.34 GF/s  setup=0.043 s
mkl1d_dfti               L=100003 B=8     m=1     inner=1      min=  3546.864 us/xform  median=  3553.281  sd=  0.39%      2.34 GF/s  setup=0.044 s
mkl1d_dfti               L=100003 B=8     m=1     inner=1      min=  3540.225 us/xform  median=  3544.221  sd=  0.08%      2.35 GF/s  setup=0.042 s
mkl1d_dfti               L=100003 B=8     m=1     inner=1      min=  3549.093 us/xform  median=  3559.175  sd=  0.75%      2.34 GF/s  setup=0.041 s
mkl1d_dfti               L=100003 B=8     m=1     inner=1      min=  3545.985 us/xform  median=  3550.977  sd=  0.32%      2.34 GF/s  setup=0.022 s
   skipping baseline_dft at L=100003 B=1 (too expensive to be informative)
d1_bluestein             L=100003 B=1     m=40    inner=1      min=  2312.696 us/xform  median=  2675.569  sd= 13.78%      3.59 GF/s  setup=0.028 s
d1_bluestein             L=100003 B=1     m=40    inner=1      min=  2316.694 us/xform  median=  2317.048  sd=  0.03%      3.58 GF/s  setup=0.022 s
d1_bluestein             L=100003 B=1     m=40    inner=1      min=  2309.480 us/xform  median=  2310.227  sd=  0.02%      3.60 GF/s  setup=0.022 s
d1_bluestein             L=100003 B=1     m=2     inner=1      min=  2832.490 us/xform  median=  2832.490  sd=  0.00%      2.93 GF/s  setup=0.028 s
d1_planner               L=100003 B=1     m=40    inner=1      min=  3071.420 us/xform  median=  3073.230  sd=  3.09%      2.70 GF/s  setup=0.057 s
d1_planner               L=100003 B=1     m=40    inner=1      min=  3005.111 us/xform  median=  3005.996  sd=  0.07%      2.76 GF/s  setup=0.055 s
d1_planner               L=100003 B=1     m=40    inner=1      min=  3006.079 us/xform  median=  3007.071  sd=  0.03%      2.76 GF/s  setup=0.047 s
d1_planner               L=100003 B=1     m=2     inner=1      min=  4021.209 us/xform  median=  4021.209  sd=  0.00%      2.07 GF/s  setup=0.058 s
d1_race                  L=100003 B=1     m=40    inner=1      min=  2302.137 us/xform  median=  2302.619  sd=  0.01%      3.61 GF/s  setup=0.031 s
d1_race                  L=100003 B=1     m=40    inner=1      min=  2327.915 us/xform  median=  2328.395  sd= 11.56%      3.57 GF/s  setup=0.043 s
d1_race                  L=100003 B=1     m=40    inner=1      min=  2323.451 us/xform  median=  2324.203  sd=  0.02%      3.57 GF/s  setup=0.029 s
d1_race                  L=100003 B=1     m=2     inner=1      min=  3081.925 us/xform  median=  3081.925  sd=  0.00%      2.69 GF/s  setup=0.035 s
fftw1d_estimate          L=100003 B=1     m=40    inner=1      min=  5162.179 us/xform  median=  5164.822  sd=  0.05%      1.61 GF/s  setup=0.010 s
fftw1d_estimate          L=100003 B=1     m=40    inner=1      min=  5175.664 us/xform  median=  5178.576  sd=  0.04%      1.60 GF/s  setup=0.014 s
fftw1d_estimate          L=100003 B=1     m=40    inner=1      min=  5225.418 us/xform  median=  5227.369  sd=  0.05%      1.59 GF/s  setup=0.010 s
fftw1d_estimate          L=100003 B=1     m=2     inner=1      min=  6143.616 us/xform  median=  6143.616  sd=  0.00%      1.35 GF/s  setup=0.012 s
fftw1d_measure           L=100003 B=1     m=40    inner=1      min=  3200.391 us/xform  median=  3204.877  sd=  0.08%      2.60 GF/s  setup=4.715 s
fftw1d_measure           L=100003 B=1     m=40    inner=1      min=  3159.788 us/xform  median=  3163.495  sd=  0.06%      2.63 GF/s  setup=4.630 s
fftw1d_measure           L=100003 B=1     m=40    inner=1      min=  3176.637 us/xform  median=  3179.243  sd=  0.04%      2.61 GF/s  setup=4.640 s
fftw1d_measure           L=100003 B=1     m=2     inner=1      min=  3387.890 us/xform  median=  3387.890  sd=  0.00%      2.45 GF/s  setup=4.737 s
fftw1d_patient           L=100003 B=1     m=40    inner=1      min=  3115.978 us/xform  median=  3120.257  sd=  0.11%      2.67 GF/s  setup=62.588 s
fftw1d_patient           L=100003 B=1     m=40    inner=1      min=  3142.937 us/xform  median=  3147.321  sd=  0.08%      2.64 GF/s  setup=62.675 s
fftw1d_patient           L=100003 B=1     m=40    inner=1      min=  3097.305 us/xform  median=  3101.563  sd=  0.08%      2.68 GF/s  setup=62.416 s
fftw1d_patient           L=100003 B=1     m=2     inner=1      min=  3230.060 us/xform  median=  3230.060  sd=  0.00%      2.57 GF/s  setup=62.501 s
mkl1d_dfti               L=100003 B=1     m=40    inner=1      min=  3665.900 us/xform  median=  3681.544  sd=  0.27%      2.27 GF/s  setup=0.015 s
mkl1d_dfti               L=100003 B=1     m=40    inner=1      min=  3656.132 us/xform  median=  3665.189  sd=  7.29%      2.27 GF/s  setup=0.014 s
mkl1d_dfti               L=100003 B=1     m=40    inner=1      min=  3616.980 us/xform  median=  3620.296  sd=  0.13%      2.30 GF/s  setup=0.011 s
mkl1d_dfti               L=100003 B=1     m=2     inner=1      min=  4641.586 us/xform  median=  4641.586  sd=  0.00%      1.79 GF/s  setup=0.014 s
   skipping baseline_dft at L=100003 B=8 (too expensive to be informative)
d1_bluestein             L=100003 B=8     m=15    inner=1      min=  2726.123 us/xform  median=  2727.804  sd=  0.08%      3.05 GF/s  setup=0.028 s
d1_bluestein             L=100003 B=8     m=15    inner=1      min=  2750.929 us/xform  median=  2751.426  sd=  0.07%      3.02 GF/s  setup=0.028 s
d1_bluestein             L=100003 B=8     m=15    inner=1      min=  2727.789 us/xform  median=  2729.986  sd=  0.21%      3.04 GF/s  setup=0.028 s
d1_bluestein             L=100003 B=8     m=2     inner=1      min=  2989.737 us/xform  median=  2989.737  sd=  0.00%      2.78 GF/s  setup=0.024 s
d1_planner               L=100003 B=8     m=15    inner=1      min=  3101.535 us/xform  median=  3102.164  sd=  0.04%      2.68 GF/s  setup=0.057 s
d1_planner               L=100003 B=8     m=15    inner=1      min=  3089.330 us/xform  median=  3089.901  sd=  0.04%      2.69 GF/s  setup=0.058 s
d1_planner               L=100003 B=8     m=15    inner=1      min=  3084.495 us/xform  median=  3085.238  sd=  0.04%      2.69 GF/s  setup=0.047 s
d1_planner               L=100003 B=8     m=2     inner=1      min=  3469.179 us/xform  median=  3469.179  sd=  0.00%      2.39 GF/s  setup=0.058 s
d1_race                  L=100003 B=8     m=15    inner=1      min=  2796.848 us/xform  median=  2798.148  sd=  0.04%      2.97 GF/s  setup=0.035 s
d1_race                  L=100003 B=8     m=15    inner=1      min=  2796.259 us/xform  median=  2797.389  sd=  0.05%      2.97 GF/s  setup=0.029 s
d1_race                  L=100003 B=8     m=15    inner=1      min=  2800.581 us/xform  median=  2801.418  sd=  0.05%      2.97 GF/s  setup=0.029 s
d1_race                  L=100003 B=8     m=2     inner=1      min=  2870.847 us/xform  median=  2870.847  sd=  0.00%      2.89 GF/s  setup=0.036 s
fftw1d_estimate          L=100003 B=8     m=15    inner=1      min=  5333.137 us/xform  median=  5336.963  sd=  0.04%      1.56 GF/s  setup=0.011 s
fftw1d_estimate          L=100003 B=8     m=15    inner=1      min=  5381.257 us/xform  median=  5385.323  sd=  0.04%      1.54 GF/s  setup=0.013 s
fftw1d_estimate          L=100003 B=8     m=15    inner=1      min=  5343.312 us/xform  median=  5347.685  sd=  0.04%      1.55 GF/s  setup=0.012 s
fftw1d_estimate          L=100003 B=8     m=2     inner=1      min=  6316.757 us/xform  median=  6316.757  sd=  0.00%      1.31 GF/s  setup=0.012 s
fftw1d_measure           L=100003 B=8     m=15    inner=1      min=  3430.701 us/xform  median=  3434.271  sd=  0.06%      2.42 GF/s  setup=4.739 s
fftw1d_measure           L=100003 B=8     m=15    inner=1      min=  3424.058 us/xform  median=  3426.741  sd=  0.08%      2.43 GF/s  setup=4.760 s
fftw1d_measure           L=100003 B=8     m=15    inner=1      min=  3412.310 us/xform  median=  3414.841  sd=  0.06%      2.43 GF/s  setup=4.649 s
fftw1d_measure           L=100003 B=8     m=2     inner=1      min=  3505.967 us/xform  median=  3505.967  sd=  0.00%      2.37 GF/s  setup=4.655 s
fftw1d_patient           L=100003 B=8     m=15    inner=1      min=  3158.270 us/xform  median=  3162.504  sd=  0.08%      2.63 GF/s  setup=62.535 s
fftw1d_patient           L=100003 B=8     m=15    inner=1      min=  3169.441 us/xform  median=  3172.239  sd=  0.06%      2.62 GF/s  setup=62.736 s
fftw1d_patient           L=100003 B=8     m=15    inner=1      min=  3210.378 us/xform  median=  3214.213  sd=  0.08%      2.59 GF/s  setup=62.592 s
fftw1d_patient           L=100003 B=8     m=2     inner=1      min=  3403.398 us/xform  median=  3403.398  sd=  0.00%      2.44 GF/s  setup=62.831 s
mkl1d_dfti               L=100003 B=8     m=15    inner=1      min=  3870.518 us/xform  median=  3873.305  sd=  0.05%      2.15 GF/s  setup=0.063 s
mkl1d_dfti               L=100003 B=8     m=15    inner=1      min=  3867.588 us/xform  median=  3872.465  sd=  0.06%      2.15 GF/s  setup=0.065 s
mkl1d_dfti               L=100003 B=8     m=15    inner=1      min=  3870.916 us/xform  median=  3875.287  sd=  0.09%      2.15 GF/s  setup=0.065 s
mkl1d_dfti               L=100003 B=8     m=2     inner=1      min=  4129.654 us/xform  median=  4129.654  sd=  0.00%      2.01 GF/s  setup=0.064 s
