baseline_matrix          L=10  B=64    m=1000  inner=1      min=    54.698 us/xform  median=    54.708  sd=  0.01%      0.91 GF/s  setup=0.000 s
baseline_matrix          L=10  B=64    m=1000  inner=1      min=    54.697 us/xform  median=    54.704  sd=  0.01%      0.91 GF/s  setup=0.000 s
baseline_matrix          L=10  B=64    m=1000  inner=1      min=    54.698 us/xform  median=    54.705  sd=  0.01%      0.91 GF/s  setup=0.000 s
baseline_matrix          L=10  B=64    m=2     inner=1      min=    66.513 us/xform  median=    66.513  sd=  0.00%      0.75 GF/s  setup=0.000 s
ducc0_c2c                L=10  B=64    m=1000  inner=1      min=     9.621 us/xform  median=     9.625  sd=  0.04%      5.18 GF/s  setup=0.000 s
ducc0_c2c                L=10  B=64    m=1000  inner=1      min=     9.663 us/xform  median=     9.669  sd=  0.04%      5.16 GF/s  setup=0.000 s
ducc0_c2c                L=10  B=64    m=1000  inner=1      min=     9.679 us/xform  median=     9.682  sd=  0.03%      5.15 GF/s  setup=0.000 s
ducc0_c2c                L=10  B=64    m=2     inner=1      min=    12.098 us/xform  median=    12.098  sd=  0.00%      4.12 GF/s  setup=0.000 s
fftw3_custom             L=10  B=64    m=1000  inner=1      min=     5.966 us/xform  median=     5.966  sd=  0.01%      8.35 GF/s  setup=0.000 s
fftw3_custom             L=10  B=64    m=1000  inner=1      min=     5.977 us/xform  median=     5.978  sd=  0.00%      8.34 GF/s  setup=0.000 s
fftw3_custom             L=10  B=64    m=1000  inner=1      min=     5.964 us/xform  median=     5.965  sd=  0.01%      8.35 GF/s  setup=0.000 s
fftw3_custom             L=10  B=64    m=2     inner=1      min=    11.827 us/xform  median=    11.827  sd=  0.00%      4.21 GF/s  setup=0.000 s
fftw3_custom_soa         L=10  B=64    m=1000  inner=1      min=     4.565 us/xform  median=     4.569  sd=  0.04%     10.91 GF/s  setup=0.000 s
fftw3_custom_soa         L=10  B=64    m=1000  inner=1      min=     4.535 us/xform  median=     4.541  sd=  0.06%     10.99 GF/s  setup=0.000 s
fftw3_custom_soa         L=10  B=64    m=1000  inner=1      min=     4.778 us/xform  median=     4.783  sd=  0.08%     10.43 GF/s  setup=0.000 s
fftw3_custom_soa         L=10  B=64    m=2     inner=1      min=    10.398 us/xform  median=    10.398  sd=  0.00%      4.79 GF/s  setup=0.000 s
fftw3_estimate           L=10  B=64    m=1000  inner=1      min=     7.320 us/xform  median=     7.321  sd=  0.01%      6.81 GF/s  setup=0.071 s
fftw3_estimate           L=10  B=64    m=1000  inner=1      min=     7.316 us/xform  median=     7.317  sd=  0.01%      6.81 GF/s  setup=0.001 s
fftw3_estimate           L=10  B=64    m=1000  inner=1      min=     7.332 us/xform  median=     7.333  sd=  0.01%      6.80 GF/s  setup=0.001 s
fftw3_estimate           L=10  B=64    m=2     inner=1      min=     7.919 us/xform  median=     7.919  sd=  0.00%      6.29 GF/s  setup=0.001 s
fftw3_guru               L=10  B=64    m=1000  inner=1      min=     6.381 us/xform  median=     6.382  sd=  0.01%      7.81 GF/s  setup=0.010 s
fftw3_guru               L=10  B=64    m=1000  inner=1      min=     6.394 us/xform  median=     6.394  sd=  0.00%      7.79 GF/s  setup=0.010 s
fftw3_guru               L=10  B=64    m=1000  inner=1      min=     6.374 us/xform  median=     6.375  sd=  0.04%      7.82 GF/s  setup=0.011 s
fftw3_guru               L=10  B=64    m=2     inner=1      min=     8.808 us/xform  median=     8.808  sd=  0.00%      5.66 GF/s  setup=0.010 s
fftw3_measure            L=10  B=64    m=1000  inner=1      min=     5.124 us/xform  median=     5.135  sd=  0.11%      9.72 GF/s  setup=0.013 s
fftw3_measure            L=10  B=64    m=1000  inner=1      min=     5.418 us/xform  median=     5.419  sd=  0.01%      9.20 GF/s  setup=0.013 s
fftw3_measure            L=10  B=64    m=1000  inner=1      min=     5.214 us/xform  median=     5.214  sd=  0.00%      9.56 GF/s  setup=0.013 s
fftw3_measure            L=10  B=64    m=2     inner=2      min=     6.442 us/xform  median=     6.442  sd=  0.00%      7.74 GF/s  setup=0.013 s
fftw3_patient            L=10  B=64    m=1000  inner=1      min=     5.228 us/xform  median=     5.228  sd=  0.01%      9.53 GF/s  setup=0.022 s
fftw3_patient            L=10  B=64    m=1000  inner=1      min=     5.180 us/xform  median=     5.182  sd=  0.02%      9.62 GF/s  setup=0.022 s
fftw3_patient            L=10  B=64    m=1000  inner=1      min=     5.201 us/xform  median=     5.201  sd=  0.01%      9.58 GF/s  setup=0.022 s
fftw3_patient            L=10  B=64    m=2     inner=2      min=     6.491 us/xform  median=     6.491  sd=  0.00%      7.68 GF/s  setup=0.022 s
gen_batchlane            L=10  B=64    m=1000  inner=1      min=     1.121 us/xform  median=     1.122  sd=  0.02%     44.43 GF/s  setup=0.000 s
gen_batchlane            L=10  B=64    m=1000  inner=1      min=     1.124 us/xform  median=     1.124  sd=  0.02%     44.34 GF/s  setup=0.000 s
gen_batchlane            L=10  B=64    m=1000  inner=1      min=     1.123 us/xform  median=     1.123  sd=  0.02%     44.39 GF/s  setup=0.000 s
gen_batchlane            L=10  B=64    m=2     inner=6      min=     2.091 us/xform  median=     2.091  sd=  0.00%     23.83 GF/s  setup=0.000 s
gen_bluestein            L=10  B=64    m=1000  inner=1      min=    12.986 us/xform  median=    12.990  sd=  0.02%      3.84 GF/s  setup=0.000 s
gen_bluestein            L=10  B=64    m=1000  inner=1      min=    13.031 us/xform  median=    13.033  sd=  0.01%      3.82 GF/s  setup=0.000 s
gen_bluestein            L=10  B=64    m=1000  inner=1      min=    12.825 us/xform  median=    12.828  sd=  0.02%      3.89 GF/s  setup=0.000 s
gen_bluestein            L=10  B=64    m=2     inner=1      min=    14.744 us/xform  median=    14.744  sd=  0.00%      3.38 GF/s  setup=0.000 s
gen_dense_prime          L=10  B=64    m=1000  inner=1      min=     5.367 us/xform  median=     5.369  sd=  0.04%      9.28 GF/s  setup=0.000 s
gen_dense_prime          L=10  B=64    m=1000  inner=1      min=     5.151 us/xform  median=     5.153  sd=  0.03%      9.67 GF/s  setup=0.000 s
gen_dense_prime          L=10  B=64    m=1000  inner=1      min=     5.235 us/xform  median=     5.236  sd=  0.01%      9.52 GF/s  setup=0.000 s
gen_dense_prime          L=10  B=64    m=2     inner=2      min=     7.342 us/xform  median=     7.342  sd=  0.00%      6.79 GF/s  setup=0.000 s
gen_layout               L=10  B=64    m=1000  inner=1      min=     4.952 us/xform  median=     4.955  sd=  0.03%     10.06 GF/s  setup=0.000 s
gen_layout               L=10  B=64    m=1000  inner=1      min=     5.041 us/xform  median=     5.048  sd=  0.08%      9.88 GF/s  setup=0.000 s
gen_layout               L=10  B=64    m=1000  inner=1      min=     5.197 us/xform  median=     5.199  sd=  0.02%      9.59 GF/s  setup=0.000 s
gen_layout               L=10  B=64    m=2     inner=2      min=     5.932 us/xform  median=     5.932  sd=  0.00%      8.40 GF/s  setup=0.000 s
gen_pfa_small            L=10  B=64    m=1000  inner=1      min=     1.142 us/xform  median=     1.143  sd=  0.26%     43.62 GF/s  setup=0.000 s
gen_pfa_small            L=10  B=64    m=1000  inner=1      min=     1.299 us/xform  median=     1.300  sd=  0.05%     38.37 GF/s  setup=0.000 s
gen_pfa_small            L=10  B=64    m=1000  inner=1      min=     1.144 us/xform  median=     1.145  sd=  0.04%     43.57 GF/s  setup=0.000 s
gen_pfa_small            L=10  B=64    m=2     inner=6      min=     2.208 us/xform  median=     2.208  sd=  0.00%     22.57 GF/s  setup=0.000 s
gen_planner              L=10  B=64    m=1000  inner=1      min=     1.390 us/xform  median=     1.397  sd=  0.25%     35.85 GF/s  setup=0.004 s
gen_planner              L=10  B=64    m=1000  inner=1      min=     1.320 us/xform  median=     1.321  sd=  0.03%     37.74 GF/s  setup=0.002 s
gen_planner              L=10  B=64    m=1000  inner=1      min=     1.326 us/xform  median=     1.327  sd=  0.03%     37.58 GF/s  setup=0.002 s
gen_planner              L=10  B=64    m=2     inner=2      min=     4.796 us/xform  median=     4.796  sd=  0.00%     10.39 GF/s  setup=0.002 s
gen_race                 L=10  B=64    m=1000  inner=1      min=     1.279 us/xform  median=     1.280  sd=  0.03%     38.95 GF/s  setup=9.841 s
gen_race                 L=10  B=64    m=1000  inner=1      min=     1.277 us/xform  median=     1.278  sd=  0.10%     39.01 GF/s  setup=0.008 s
gen_race                 L=10  B=64    m=1000  inner=1      min=     1.122 us/xform  median=     1.123  sd=  0.03%     44.41 GF/s  setup=0.007 s
gen_race                 L=10  B=64    m=2     inner=6      min=     2.313 us/xform  median=     2.313  sd=  0.00%     21.54 GF/s  setup=0.005 s
gen_twiddle              L=10  B=64    m=1000  inner=1      min=     5.516 us/xform  median=     5.516  sd=  0.01%      9.03 GF/s  setup=0.003 s
gen_twiddle              L=10  B=64    m=1000  inner=1      min=     5.511 us/xform  median=     5.512  sd=  0.02%      9.04 GF/s  setup=0.003 s
gen_twiddle              L=10  B=64    m=1000  inner=1      min=     5.319 us/xform  median=     5.320  sd=  0.01%      9.37 GF/s  setup=0.002 s
gen_twiddle              L=10  B=64    m=2     inner=2      min=     6.458 us/xform  median=     6.458  sd=  0.00%      7.72 GF/s  setup=0.003 s
mkl2026_dfti             L=10  B=64    m=1000  inner=1      min=     4.644 us/xform  median=     4.645  sd=  0.01%     10.73 GF/s  setup=0.455 s
mkl2026_dfti             L=10  B=64    m=1000  inner=1      min=     4.646 us/xform  median=     4.647  sd=  0.02%     10.73 GF/s  setup=0.002 s
mkl2026_dfti             L=10  B=64    m=1000  inner=1      min=     4.645 us/xform  median=     4.646  sd=  0.02%     10.73 GF/s  setup=0.001 s
mkl2026_dfti             L=10  B=64    m=2     inner=2      min=     5.442 us/xform  median=     5.442  sd=  0.00%      9.16 GF/s  setup=0.001 s
mkl_dfti                 L=10  B=64    m=1000  inner=1      min=     4.583 us/xform  median=     4.586  sd=  0.04%     10.87 GF/s  setup=0.002 s
mkl_dfti                 L=10  B=64    m=1000  inner=1      min=     4.589 us/xform  median=     4.592  sd=  0.03%     10.86 GF/s  setup=0.001 s
mkl_dfti                 L=10  B=64    m=1000  inner=1      min=     4.587 us/xform  median=     4.588  sd=  0.02%     10.86 GF/s  setup=0.001 s
mkl_dfti                 L=10  B=64    m=2     inner=2      min=     5.645 us/xform  median=     5.645  sd=  0.00%      8.83 GF/s  setup=0.002 s
baseline_matrix          L=12  B=64    m=600   inner=1      min=   112.244 us/xform  median=   112.247  sd=  0.04%      0.83 GF/s  setup=0.000 s
baseline_matrix          L=12  B=64    m=600   inner=1      min=   112.116 us/xform  median=   112.121  sd=  0.00%      0.83 GF/s  setup=0.000 s
baseline_matrix          L=12  B=64    m=600   inner=1      min=   112.118 us/xform  median=   112.121  sd=  0.00%      0.83 GF/s  setup=0.000 s
baseline_matrix          L=12  B=64    m=2     inner=1      min=   138.690 us/xform  median=   138.690  sd=  0.00%      0.67 GF/s  setup=0.000 s
ducc0_c2c                L=12  B=64    m=600   inner=1      min=    16.118 us/xform  median=    16.124  sd=  0.07%      5.76 GF/s  setup=0.000 s
ducc0_c2c                L=12  B=64    m=600   inner=1      min=    16.008 us/xform  median=    16.024  sd=  0.07%      5.80 GF/s  setup=0.000 s
ducc0_c2c                L=12  B=64    m=600   inner=1      min=    16.256 us/xform  median=    16.263  sd=  0.06%      5.72 GF/s  setup=0.000 s
ducc0_c2c                L=12  B=64    m=2     inner=1      min=    18.934 us/xform  median=    18.934  sd=  0.00%      4.91 GF/s  setup=0.000 s
fftw3_custom             L=12  B=64    m=600   inner=1      min=    10.594 us/xform  median=    10.596  sd=  0.01%      8.77 GF/s  setup=0.000 s
fftw3_custom             L=12  B=64    m=600   inner=1      min=    10.498 us/xform  median=    10.501  sd=  0.01%      8.85 GF/s  setup=0.000 s
fftw3_custom             L=12  B=64    m=600   inner=1      min=    10.617 us/xform  median=    10.618  sd=  0.01%      8.75 GF/s  setup=0.000 s
fftw3_custom             L=12  B=64    m=2     inner=1      min=    18.855 us/xform  median=    18.855  sd=  0.00%      4.93 GF/s  setup=0.000 s
fftw3_custom_soa         L=12  B=64    m=600   inner=1      min=     8.002 us/xform  median=     8.003  sd=  0.01%     11.61 GF/s  setup=0.000 s
fftw3_custom_soa         L=12  B=64    m=600   inner=1      min=     8.007 us/xform  median=     8.009  sd=  0.02%     11.60 GF/s  setup=0.000 s
fftw3_custom_soa         L=12  B=64    m=600   inner=1      min=     8.004 us/xform  median=     8.005  sd=  0.02%     11.61 GF/s  setup=0.000 s
fftw3_custom_soa         L=12  B=64    m=2     inner=1      min=    20.598 us/xform  median=    20.598  sd=  0.00%      4.51 GF/s  setup=0.000 s
fftw3_estimate           L=12  B=64    m=600   inner=1      min=    19.301 us/xform  median=    19.301  sd=  0.00%      4.81 GF/s  setup=0.001 s
fftw3_estimate           L=12  B=64    m=600   inner=1      min=    19.297 us/xform  median=    19.298  sd=  0.00%      4.82 GF/s  setup=0.001 s
fftw3_estimate           L=12  B=64    m=600   inner=1      min=    19.304 us/xform  median=    19.304  sd=  0.00%      4.81 GF/s  setup=0.001 s
fftw3_estimate           L=12  B=64    m=2     inner=1      min=    23.826 us/xform  median=    23.826  sd=  0.00%      3.90 GF/s  setup=0.001 s
fftw3_guru               L=12  B=64    m=600   inner=1      min=    10.244 us/xform  median=    10.245  sd=  0.01%      9.07 GF/s  setup=0.010 s
fftw3_guru               L=12  B=64    m=600   inner=1      min=    10.220 us/xform  median=    10.221  sd=  0.01%      9.09 GF/s  setup=0.010 s
fftw3_guru               L=12  B=64    m=600   inner=1      min=    10.325 us/xform  median=    10.326  sd=  0.01%      9.00 GF/s  setup=0.010 s
fftw3_guru               L=12  B=64    m=2     inner=1      min=    14.221 us/xform  median=    14.221  sd=  0.00%      6.53 GF/s  setup=0.011 s
fftw3_measure            L=12  B=64    m=600   inner=1      min=     8.865 us/xform  median=     8.866  sd=  0.01%     10.48 GF/s  setup=0.014 s
fftw3_measure            L=12  B=64    m=600   inner=1      min=     8.626 us/xform  median=     8.628  sd=  0.02%     10.77 GF/s  setup=0.014 s
fftw3_measure            L=12  B=64    m=600   inner=1      min=     8.846 us/xform  median=     8.847  sd=  0.01%     10.50 GF/s  setup=0.013 s
fftw3_measure            L=12  B=64    m=2     inner=1      min=    12.175 us/xform  median=    12.175  sd=  0.00%      7.63 GF/s  setup=0.014 s
fftw3_patient            L=12  B=64    m=600   inner=1      min=     8.659 us/xform  median=     8.687  sd=  0.14%     10.73 GF/s  setup=0.023 s
fftw3_patient            L=12  B=64    m=600   inner=1      min=     9.006 us/xform  median=     9.006  sd=  0.00%     10.32 GF/s  setup=0.023 s
fftw3_patient            L=12  B=64    m=600   inner=1      min=     8.651 us/xform  median=     8.658  sd=  0.04%     10.74 GF/s  setup=0.023 s
fftw3_patient            L=12  B=64    m=2     inner=1      min=    10.802 us/xform  median=    10.802  sd=  0.00%      8.60 GF/s  setup=0.023 s
gen_batchlane            L=12  B=64    m=600   inner=1      min=     1.917 us/xform  median=     1.917  sd=  0.26%     48.48 GF/s  setup=0.000 s
gen_batchlane            L=12  B=64    m=600   inner=1      min=     2.180 us/xform  median=     2.181  sd=  0.03%     42.62 GF/s  setup=0.000 s
gen_batchlane            L=12  B=64    m=600   inner=1      min=     2.182 us/xform  median=     2.183  sd=  0.10%     42.59 GF/s  setup=0.001 s
gen_batchlane            L=12  B=64    m=2     inner=4      min=     3.801 us/xform  median=     3.801  sd=  0.00%     24.45 GF/s  setup=0.000 s
gen_bluestein            L=12  B=64    m=600   inner=1      min=    19.113 us/xform  median=    19.119  sd=  0.01%      4.86 GF/s  setup=0.000 s
gen_bluestein            L=12  B=64    m=600   inner=1      min=    19.111 us/xform  median=    19.114  sd=  0.01%      4.86 GF/s  setup=0.000 s
gen_bluestein            L=12  B=64    m=600   inner=1      min=    18.887 us/xform  median=    18.889  sd=  0.01%      4.92 GF/s  setup=0.000 s
gen_bluestein            L=12  B=64    m=2     inner=1      min=    21.529 us/xform  median=    21.529  sd=  0.00%      4.32 GF/s  setup=0.000 s
gen_dense_prime          L=12  B=64    m=600   inner=1      min=     8.147 us/xform  median=     8.149  sd=  0.03%     11.41 GF/s  setup=0.000 s
gen_dense_prime          L=12  B=64    m=600   inner=1      min=     8.298 us/xform  median=     8.300  sd=  0.03%     11.20 GF/s  setup=0.000 s
gen_dense_prime          L=12  B=64    m=600   inner=1      min=     8.222 us/xform  median=     8.223  sd=  0.01%     11.30 GF/s  setup=0.000 s
gen_dense_prime          L=12  B=64    m=2     inner=1      min=    10.330 us/xform  median=    10.330  sd=  0.00%      9.00 GF/s  setup=0.000 s
gen_layout               L=12  B=64    m=600   inner=1      min=     8.261 us/xform  median=     8.267  sd=  0.04%     11.25 GF/s  setup=0.000 s
gen_layout               L=12  B=64    m=600   inner=1      min=     8.141 us/xform  median=     8.144  sd=  0.03%     11.41 GF/s  setup=0.000 s
gen_layout               L=12  B=64    m=600   inner=1      min=     8.296 us/xform  median=     8.300  sd=  0.07%     11.20 GF/s  setup=0.000 s
gen_layout               L=12  B=64    m=2     inner=1      min=     9.576 us/xform  median=     9.576  sd=  0.00%      9.70 GF/s  setup=0.000 s
gen_pfa_small            L=12  B=64    m=600   inner=1      min=     1.923 us/xform  median=     2.189  sd=  6.56%     48.33 GF/s  setup=0.000 s
gen_pfa_small            L=12  B=64    m=600   inner=1      min=     1.917 us/xform  median=     1.917  sd=  0.02%     48.48 GF/s  setup=0.000 s
gen_pfa_small            L=12  B=64    m=600   inner=1      min=     1.915 us/xform  median=     1.916  sd=  0.04%     48.52 GF/s  setup=0.000 s
gen_pfa_small            L=12  B=64    m=2     inner=4      min=     3.794 us/xform  median=     3.794  sd=  0.00%     24.49 GF/s  setup=0.000 s
gen_planner              L=12  B=64    m=600   inner=1      min=     2.344 us/xform  median=     2.345  sd=  0.20%     39.64 GF/s  setup=0.005 s
gen_planner              L=12  B=64    m=600   inner=1      min=     2.337 us/xform  median=     2.338  sd=  0.01%     39.76 GF/s  setup=0.003 s
gen_planner              L=12  B=64    m=600   inner=1      min=     2.367 us/xform  median=     2.368  sd=  0.03%     39.26 GF/s  setup=0.002 s
gen_planner              L=12  B=64    m=2     inner=1      min=    10.570 us/xform  median=    10.570  sd=  0.00%      8.79 GF/s  setup=0.003 s
gen_race                 L=12  B=64    m=600   inner=1      min=     1.914 us/xform  median=     1.915  sd=  6.03%     48.55 GF/s  setup=0.176 s
gen_race                 L=12  B=64    m=600   inner=1      min=     1.913 us/xform  median=     1.914  sd=  0.02%     48.57 GF/s  setup=0.008 s
gen_race                 L=12  B=64    m=600   inner=1      min=     1.915 us/xform  median=     1.916  sd=  0.03%     48.52 GF/s  setup=0.008 s
gen_race                 L=12  B=64    m=2     inner=2      min=     3.900 us/xform  median=     3.900  sd=  0.00%     23.82 GF/s  setup=0.006 s
gen_twiddle              L=12  B=64    m=600   inner=1      min=     7.957 us/xform  median=     7.958  sd=  0.01%     11.68 GF/s  setup=0.003 s
gen_twiddle              L=12  B=64    m=600   inner=1      min=     7.553 us/xform  median=     7.556  sd=  0.04%     12.30 GF/s  setup=0.003 s
gen_twiddle              L=12  B=64    m=600   inner=1      min=     7.692 us/xform  median=     7.694  sd=  0.03%     12.08 GF/s  setup=0.002 s
gen_twiddle              L=12  B=64    m=2     inner=1      min=     9.775 us/xform  median=     9.775  sd=  0.00%      9.51 GF/s  setup=0.003 s
mkl2026_dfti             L=12  B=64    m=600   inner=1      min=     7.948 us/xform  median=     7.948  sd=  0.01%     11.69 GF/s  setup=0.002 s
mkl2026_dfti             L=12  B=64    m=600   inner=1      min=     7.943 us/xform  median=     7.943  sd=  0.01%     11.70 GF/s  setup=0.001 s
mkl2026_dfti             L=12  B=64    m=600   inner=1      min=     7.779 us/xform  median=     7.780  sd=  0.01%     11.95 GF/s  setup=0.002 s
mkl2026_dfti             L=12  B=64    m=2     inner=1      min=    11.077 us/xform  median=    11.077  sd=  0.00%      8.39 GF/s  setup=0.002 s
mkl_dfti                 L=12  B=64    m=600   inner=1      min=     7.755 us/xform  median=     7.756  sd=  0.01%     11.98 GF/s  setup=0.002 s
mkl_dfti                 L=12  B=64    m=600   inner=1      min=     7.756 us/xform  median=     7.757  sd=  0.01%     11.98 GF/s  setup=0.001 s
mkl_dfti                 L=12  B=64    m=600   inner=1      min=     7.915 us/xform  median=     7.915  sd=  0.01%     11.74 GF/s  setup=0.002 s
mkl_dfti                 L=12  B=64    m=2     inner=1      min=    11.098 us/xform  median=    11.098  sd=  0.00%      8.37 GF/s  setup=0.002 s
baseline_matrix          L=15  B=32    m=600   inner=1      min=   272.405 us/xform  median=   272.512  sd=  0.02%      0.73 GF/s  setup=0.000 s
baseline_matrix          L=15  B=32    m=600   inner=1      min=   272.551 us/xform  median=   272.562  sd=  0.02%      0.73 GF/s  setup=0.000 s
baseline_matrix          L=15  B=32    m=600   inner=1      min=   272.553 us/xform  median=   272.574  sd=  0.02%      0.73 GF/s  setup=0.000 s
baseline_matrix          L=15  B=32    m=2     inner=1      min=   333.482 us/xform  median=   333.482  sd=  0.00%      0.59 GF/s  setup=0.000 s
ducc0_c2c                L=15  B=32    m=600   inner=1      min=    32.775 us/xform  median=    32.788  sd=  0.05%      6.03 GF/s  setup=0.000 s
ducc0_c2c                L=15  B=32    m=600   inner=1      min=    32.943 us/xform  median=    32.967  sd=  0.07%      6.00 GF/s  setup=0.000 s
ducc0_c2c                L=15  B=32    m=600   inner=1      min=    32.434 us/xform  median=    32.456  sd=  0.06%      6.10 GF/s  setup=0.000 s
ducc0_c2c                L=15  B=32    m=2     inner=1      min=    41.124 us/xform  median=    41.124  sd=  0.00%      4.81 GF/s  setup=0.000 s
fftw3_custom             L=15  B=32    m=600   inner=1      min=    25.178 us/xform  median=    25.191  sd=  0.02%      7.86 GF/s  setup=0.000 s
fftw3_custom             L=15  B=32    m=600   inner=1      min=    25.152 us/xform  median=    25.163  sd=  0.03%      7.86 GF/s  setup=0.000 s
fftw3_custom             L=15  B=32    m=600   inner=1      min=    25.595 us/xform  median=    25.619  sd=  0.06%      7.73 GF/s  setup=0.000 s
fftw3_custom             L=15  B=32    m=2     inner=1      min=    52.493 us/xform  median=    52.493  sd=  0.00%      3.77 GF/s  setup=0.000 s
fftw3_custom_soa         L=15  B=32    m=600   inner=1      min=    15.855 us/xform  median=    15.862  sd=  0.04%     12.47 GF/s  setup=0.000 s
fftw3_custom_soa         L=15  B=32    m=600   inner=1      min=    15.551 us/xform  median=    15.556  sd=  0.02%     12.72 GF/s  setup=0.000 s
fftw3_custom_soa         L=15  B=32    m=600   inner=1      min=    15.852 us/xform  median=    15.859  sd=  0.02%     12.48 GF/s  setup=0.000 s
fftw3_custom_soa         L=15  B=32    m=2     inner=1      min=    36.238 us/xform  median=    36.238  sd=  0.00%      5.46 GF/s  setup=0.000 s
fftw3_estimate           L=15  B=32    m=600   inner=1      min=    20.656 us/xform  median=    20.675  sd=  0.04%      9.58 GF/s  setup=0.001 s
fftw3_estimate           L=15  B=32    m=600   inner=1      min=    20.681 us/xform  median=    20.687  sd=  0.02%      9.56 GF/s  setup=0.001 s
fftw3_estimate           L=15  B=32    m=600   inner=1      min=    20.643 us/xform  median=    20.646  sd=  0.02%      9.58 GF/s  setup=0.001 s
fftw3_estimate           L=15  B=32    m=2     inner=1      min=    25.565 us/xform  median=    25.565  sd=  0.00%      7.74 GF/s  setup=0.001 s
fftw3_guru               L=15  B=32    m=600   inner=1      min=    26.170 us/xform  median=    26.172  sd=  0.09%      7.56 GF/s  setup=0.010 s
fftw3_guru               L=15  B=32    m=600   inner=1      min=    26.760 us/xform  median=    26.799  sd=  0.06%      7.39 GF/s  setup=0.012 s
fftw3_guru               L=15  B=32    m=600   inner=1      min=    26.767 us/xform  median=    26.823  sd=  0.15%      7.39 GF/s  setup=0.012 s
fftw3_guru               L=15  B=32    m=2     inner=1      min=    35.442 us/xform  median=    35.442  sd=  0.00%      5.58 GF/s  setup=0.011 s
fftw3_measure            L=15  B=32    m=600   inner=1      min=    20.712 us/xform  median=    20.714  sd=  0.01%      9.55 GF/s  setup=0.011 s
fftw3_measure            L=15  B=32    m=600   inner=1      min=    19.605 us/xform  median=    19.609  sd=  0.01%     10.09 GF/s  setup=0.012 s
fftw3_measure            L=15  B=32    m=600   inner=1      min=    19.939 us/xform  median=    19.940  sd=  0.00%      9.92 GF/s  setup=0.011 s
fftw3_measure            L=15  B=32    m=2     inner=1      min=    27.933 us/xform  median=    27.933  sd=  0.00%      7.08 GF/s  setup=0.011 s
fftw3_patient            L=15  B=32    m=600   inner=1      min=    19.697 us/xform  median=    19.705  sd=  0.02%     10.04 GF/s  setup=0.020 s
fftw3_patient            L=15  B=32    m=600   inner=1      min=    19.808 us/xform  median=    19.813  sd=  0.03%      9.99 GF/s  setup=0.019 s
fftw3_patient            L=15  B=32    m=600   inner=1      min=    19.846 us/xform  median=    19.850  sd=  0.03%      9.97 GF/s  setup=0.019 s
fftw3_patient            L=15  B=32    m=2     inner=1      min=    26.312 us/xform  median=    26.312  sd=  0.00%      7.52 GF/s  setup=0.020 s
gen_batchlane            L=15  B=32    m=600   inner=1      min=     4.343 us/xform  median=     4.347  sd=  1.14%     45.54 GF/s  setup=0.000 s
gen_batchlane            L=15  B=32    m=600   inner=1      min=     4.345 us/xform  median=     4.945  sd=  3.53%     45.52 GF/s  setup=0.000 s
gen_batchlane            L=15  B=32    m=600   inner=1      min=     4.339 us/xform  median=     4.341  sd=  0.03%     45.58 GF/s  setup=0.000 s
gen_batchlane            L=15  B=32    m=2     inner=2      min=     9.413 us/xform  median=     9.413  sd=  0.00%     21.01 GF/s  setup=0.000 s
gen_bluestein            L=15  B=32    m=600   inner=1      min=    33.369 us/xform  median=    33.378  sd=  0.01%      5.93 GF/s  setup=0.000 s
gen_bluestein            L=15  B=32    m=600   inner=1      min=    32.993 us/xform  median=    33.000  sd=  0.02%      5.99 GF/s  setup=0.000 s
gen_bluestein            L=15  B=32    m=600   inner=1      min=    32.894 us/xform  median=    32.904  sd=  0.01%      6.01 GF/s  setup=0.000 s
gen_bluestein            L=15  B=32    m=2     inner=1      min=    37.998 us/xform  median=    37.998  sd=  0.00%      5.21 GF/s  setup=0.000 s
gen_dense_prime          L=15  B=32    m=600   inner=1      min=    15.300 us/xform  median=    15.305  sd=  0.02%     12.93 GF/s  setup=0.000 s
gen_dense_prime          L=15  B=32    m=600   inner=1      min=    15.791 us/xform  median=    15.792  sd=  0.01%     12.53 GF/s  setup=0.000 s
gen_dense_prime          L=15  B=32    m=600   inner=1      min=    16.124 us/xform  median=    16.126  sd=  0.01%     12.27 GF/s  setup=0.000 s
gen_dense_prime          L=15  B=32    m=2     inner=1      min=    21.204 us/xform  median=    21.204  sd=  0.00%      9.33 GF/s  setup=0.000 s
gen_layout               L=15  B=32    m=600   inner=1      min=    20.091 us/xform  median=    20.102  sd=  0.03%      9.84 GF/s  setup=0.000 s
gen_layout               L=15  B=32    m=600   inner=1      min=    19.683 us/xform  median=    19.699  sd=  0.06%     10.05 GF/s  setup=0.000 s
gen_layout               L=15  B=32    m=600   inner=1      min=    20.198 us/xform  median=    20.206  sd=  0.04%      9.79 GF/s  setup=0.000 s
gen_layout               L=15  B=32    m=2     inner=1      min=    23.744 us/xform  median=    23.744  sd=  0.00%      8.33 GF/s  setup=0.000 s
gen_pfa_small            L=15  B=32    m=600   inner=1      min=     4.388 us/xform  median=     4.397  sd=  0.07%     45.07 GF/s  setup=0.000 s
gen_pfa_small            L=15  B=32    m=600   inner=1      min=     4.713 us/xform  median=     5.012  sd=  1.73%     41.96 GF/s  setup=0.000 s
gen_pfa_small            L=15  B=32    m=600   inner=1      min=     4.391 us/xform  median=     4.395  sd=  0.06%     45.04 GF/s  setup=0.000 s
gen_pfa_small            L=15  B=32    m=2     inner=2      min=     9.812 us/xform  median=     9.812  sd=  0.00%     20.16 GF/s  setup=0.000 s
gen_planner              L=15  B=32    m=600   inner=1      min=     5.628 us/xform  median=     5.630  sd=  0.02%     35.14 GF/s  setup=0.008 s
gen_planner              L=15  B=32    m=600   inner=1      min=     5.564 us/xform  median=     5.566  sd=  0.02%     35.55 GF/s  setup=0.003 s
gen_planner              L=15  B=32    m=600   inner=1      min=     5.597 us/xform  median=     5.599  sd=  0.01%     35.34 GF/s  setup=0.004 s
gen_planner              L=15  B=32    m=2     inner=1      min=    17.777 us/xform  median=    17.777  sd=  0.00%     11.13 GF/s  setup=0.003 s
gen_race                 L=15  B=32    m=600   inner=1      min=     4.326 us/xform  median=     4.329  sd=  5.26%     45.72 GF/s  setup=0.200 s
gen_race                 L=15  B=32    m=600   inner=1      min=     4.340 us/xform  median=     4.342  sd=  0.04%     45.57 GF/s  setup=0.007 s
gen_race                 L=15  B=32    m=600   inner=1      min=     4.936 us/xform  median=     4.937  sd=  0.08%     40.07 GF/s  setup=0.008 s
gen_race                 L=15  B=32    m=2     inner=2      min=     9.547 us/xform  median=     9.547  sd=  0.00%     20.72 GF/s  setup=0.003 s
gen_twiddle              L=15  B=32    m=600   inner=1      min=    18.637 us/xform  median=    18.641  sd=  0.01%     10.61 GF/s  setup=0.004 s
gen_twiddle              L=15  B=32    m=600   inner=1      min=    18.381 us/xform  median=    18.385  sd=  0.02%     10.76 GF/s  setup=0.004 s
gen_twiddle              L=15  B=32    m=600   inner=1      min=    17.979 us/xform  median=    17.982  sd=  0.03%     11.00 GF/s  setup=0.002 s
gen_twiddle              L=15  B=32    m=2     inner=1      min=    23.404 us/xform  median=    23.404  sd=  0.00%      8.45 GF/s  setup=0.003 s
mkl2026_dfti             L=15  B=32    m=600   inner=1      min=    16.762 us/xform  median=    16.764  sd=  0.01%     11.80 GF/s  setup=0.002 s
mkl2026_dfti             L=15  B=32    m=600   inner=1      min=    16.713 us/xform  median=    16.714  sd=  0.01%     11.83 GF/s  setup=0.001 s
mkl2026_dfti             L=15  B=32    m=600   inner=1      min=    16.722 us/xform  median=    16.723  sd=  0.01%     11.83 GF/s  setup=0.001 s
mkl2026_dfti             L=15  B=32    m=2     inner=1      min=    21.859 us/xform  median=    21.859  sd=  0.00%      9.05 GF/s  setup=0.001 s
mkl_dfti                 L=15  B=32    m=600   inner=1      min=    16.492 us/xform  median=    16.494  sd=  0.04%     11.99 GF/s  setup=0.002 s
mkl_dfti                 L=15  B=32    m=600   inner=1      min=    16.540 us/xform  median=    16.541  sd=  0.01%     11.96 GF/s  setup=0.002 s
mkl_dfti                 L=15  B=32    m=600   inner=1      min=    16.742 us/xform  median=    16.745  sd=  0.01%     11.81 GF/s  setup=0.002 s
mkl_dfti                 L=15  B=32    m=2     inner=1      min=    22.912 us/xform  median=    22.912  sd=  0.00%      8.63 GF/s  setup=0.002 s
baseline_matrix          L=20  B=32    m=256   inner=1      min=   850.351 us/xform  median=   850.356  sd=  0.00%      0.61 GF/s  setup=0.000 s
baseline_matrix          L=20  B=32    m=256   inner=1      min=   850.380 us/xform  median=   850.394  sd=  0.00%      0.61 GF/s  setup=0.000 s
baseline_matrix          L=20  B=32    m=256   inner=1      min=   850.376 us/xform  median=   850.397  sd=  0.00%      0.61 GF/s  setup=0.000 s
baseline_matrix          L=20  B=32    m=2     inner=1      min=   865.491 us/xform  median=   865.491  sd=  0.00%      0.60 GF/s  setup=0.000 s
ducc0_c2c                L=20  B=32    m=256   inner=1      min=    73.260 us/xform  median=    73.348  sd=  0.15%      7.08 GF/s  setup=0.000 s
ducc0_c2c                L=20  B=32    m=256   inner=1      min=    75.009 us/xform  median=    75.128  sd=  0.14%      6.91 GF/s  setup=0.000 s
ducc0_c2c                L=20  B=32    m=256   inner=1      min=    74.198 us/xform  median=    74.289  sd=  0.14%      6.99 GF/s  setup=0.000 s
ducc0_c2c                L=20  B=32    m=2     inner=1      min=    82.920 us/xform  median=    82.920  sd=  0.00%      6.25 GF/s  setup=0.000 s
fftw3_custom             L=20  B=32    m=256   inner=1      min=    64.598 us/xform  median=    64.624  sd=  0.04%      8.03 GF/s  setup=0.000 s
fftw3_custom             L=20  B=32    m=256   inner=1      min=    64.532 us/xform  median=    64.570  sd=  0.03%      8.04 GF/s  setup=0.000 s
fftw3_custom             L=20  B=32    m=256   inner=1      min=    64.475 us/xform  median=    64.529  sd=  0.04%      8.04 GF/s  setup=0.000 s
fftw3_custom             L=20  B=32    m=2     inner=1      min=   129.233 us/xform  median=   129.233  sd=  0.00%      4.01 GF/s  setup=0.000 s
fftw3_custom_soa         L=20  B=32    m=256   inner=1      min=    43.139 us/xform  median=    43.157  sd=  0.04%     12.02 GF/s  setup=0.000 s
fftw3_custom_soa         L=20  B=32    m=256   inner=1      min=    43.087 us/xform  median=    43.121  sd=  0.04%     12.04 GF/s  setup=0.000 s
fftw3_custom_soa         L=20  B=32    m=256   inner=1      min=    44.511 us/xform  median=    44.528  sd=  0.04%     11.65 GF/s  setup=0.000 s
fftw3_custom_soa         L=20  B=32    m=2     inner=1      min=    99.305 us/xform  median=    99.305  sd=  0.00%      5.22 GF/s  setup=0.000 s
fftw3_estimate           L=20  B=32    m=256   inner=1      min=    91.886 us/xform  median=    91.975  sd=  0.05%      5.64 GF/s  setup=0.001 s
fftw3_estimate           L=20  B=32    m=256   inner=1      min=    91.983 us/xform  median=    92.079  sd=  0.10%      5.64 GF/s  setup=0.001 s
fftw3_estimate           L=20  B=32    m=256   inner=1      min=    91.516 us/xform  median=    91.566  sd=  0.04%      5.67 GF/s  setup=0.001 s
fftw3_estimate           L=20  B=32    m=2     inner=1      min=   112.769 us/xform  median=   112.769  sd=  0.00%      4.60 GF/s  setup=0.001 s
fftw3_guru               L=20  B=32    m=256   inner=1      min=    60.101 us/xform  median=    60.114  sd=  0.02%      8.63 GF/s  setup=0.077 s
fftw3_guru               L=20  B=32    m=256   inner=1      min=    60.407 us/xform  median=    60.423  sd=  0.01%      8.59 GF/s  setup=0.075 s
fftw3_guru               L=20  B=32    m=256   inner=1      min=    62.069 us/xform  median=    62.082  sd=  0.02%      8.36 GF/s  setup=0.077 s
fftw3_guru               L=20  B=32    m=2     inner=1      min=    86.415 us/xform  median=    86.415  sd=  0.00%      6.00 GF/s  setup=0.077 s
fftw3_measure            L=20  B=32    m=256   inner=1      min=    45.683 us/xform  median=    45.781  sd=  0.09%     11.35 GF/s  setup=0.085 s
fftw3_measure            L=20  B=32    m=256   inner=1      min=    45.478 us/xform  median=    45.501  sd=  0.08%     11.40 GF/s  setup=0.081 s
fftw3_measure            L=20  B=32    m=256   inner=1      min=    45.065 us/xform  median=    45.096  sd=  0.04%     11.51 GF/s  setup=0.084 s
fftw3_measure            L=20  B=32    m=2     inner=1      min=    63.122 us/xform  median=    63.122  sd=  0.00%      8.22 GF/s  setup=0.085 s
fftw3_patient            L=20  B=32    m=256   inner=1      min=    45.038 us/xform  median=    45.049  sd=  0.02%     11.52 GF/s  setup=0.316 s
fftw3_patient            L=20  B=32    m=256   inner=1      min=    45.512 us/xform  median=    45.522  sd=  0.02%     11.40 GF/s  setup=0.301 s
fftw3_patient            L=20  B=32    m=256   inner=1      min=    45.609 us/xform  median=    45.696  sd=  0.11%     11.37 GF/s  setup=0.297 s
fftw3_patient            L=20  B=32    m=2     inner=1      min=    54.457 us/xform  median=    54.457  sd=  0.00%      9.52 GF/s  setup=0.298 s
gen_batchlane            L=20  B=32    m=256   inner=1      min=    12.688 us/xform  median=    12.701  sd= 10.51%     40.88 GF/s  setup=0.001 s
gen_batchlane            L=20  B=32    m=256   inner=1      min=    12.671 us/xform  median=    12.685  sd=  0.05%     40.93 GF/s  setup=0.001 s
gen_batchlane            L=20  B=32    m=256   inner=1      min=    12.827 us/xform  median=    12.837  sd=  0.06%     40.43 GF/s  setup=0.001 s
gen_batchlane            L=20  B=32    m=2     inner=1      min=    26.851 us/xform  median=    26.851  sd=  0.00%     19.32 GF/s  setup=0.001 s
gen_bluestein            L=20  B=32    m=256   inner=1      min=    80.818 us/xform  median=    80.870  sd=  0.02%      6.42 GF/s  setup=0.000 s
gen_bluestein            L=20  B=32    m=256   inner=1      min=    82.035 us/xform  median=    82.052  sd=  0.01%      6.32 GF/s  setup=0.000 s
gen_bluestein            L=20  B=32    m=256   inner=1      min=    82.226 us/xform  median=    82.265  sd=  0.02%      6.31 GF/s  setup=0.000 s
gen_bluestein            L=20  B=32    m=2     inner=1      min=    93.319 us/xform  median=    93.319  sd=  0.00%      5.56 GF/s  setup=0.000 s
gen_dense_prime          L=20  B=32    m=256   inner=1      min=    38.970 us/xform  median=    38.987  sd=  0.05%     13.31 GF/s  setup=0.000 s
gen_dense_prime          L=20  B=32    m=256   inner=1      min=    38.808 us/xform  median=    38.814  sd=  0.03%     13.36 GF/s  setup=0.000 s
gen_dense_prime          L=20  B=32    m=256   inner=1      min=    38.172 us/xform  median=    38.177  sd=  0.02%     13.59 GF/s  setup=0.000 s
gen_dense_prime          L=20  B=32    m=2     inner=1      min=    49.767 us/xform  median=    49.767  sd=  0.00%     10.42 GF/s  setup=0.000 s
gen_layout               L=20  B=32    m=256   inner=1      min=    36.644 us/xform  median=    36.658  sd=  0.02%     14.15 GF/s  setup=0.000 s
gen_layout               L=20  B=32    m=256   inner=1      min=    35.351 us/xform  median=    35.355  sd=  0.02%     14.67 GF/s  setup=0.000 s
gen_layout               L=20  B=32    m=256   inner=1      min=    35.875 us/xform  median=    35.884  sd=  0.02%     14.46 GF/s  setup=0.001 s
gen_layout               L=20  B=32    m=2     inner=1      min=    41.387 us/xform  median=    41.387  sd=  0.00%     12.53 GF/s  setup=0.000 s
gen_pfa_small            L=20  B=32    m=256   inner=1      min=    13.019 us/xform  median=    13.027  sd=  3.79%     39.84 GF/s  setup=0.001 s
gen_pfa_small            L=20  B=32    m=256   inner=1      min=    13.091 us/xform  median=    14.603  sd=  6.28%     39.62 GF/s  setup=0.001 s
gen_pfa_small            L=20  B=32    m=256   inner=1      min=    13.528 us/xform  median=    13.533  sd=  0.04%     38.34 GF/s  setup=0.001 s
gen_pfa_small            L=20  B=32    m=2     inner=1      min=    31.668 us/xform  median=    31.668  sd=  0.00%     16.38 GF/s  setup=0.001 s
gen_planner              L=20  B=32    m=256   inner=1      min=    17.361 us/xform  median=    17.370  sd=  0.04%     29.87 GF/s  setup=0.015 s
gen_planner              L=20  B=32    m=256   inner=1      min=    17.558 us/xform  median=    17.564  sd=  0.03%     29.54 GF/s  setup=0.005 s
gen_planner              L=20  B=32    m=256   inner=1      min=    17.461 us/xform  median=    17.672  sd=  6.80%     29.70 GF/s  setup=0.009 s
gen_planner              L=20  B=32    m=2     inner=1      min=    57.495 us/xform  median=    57.495  sd=  0.00%      9.02 GF/s  setup=0.006 s
gen_race                 L=20  B=32    m=256   inner=1      min=    12.840 us/xform  median=    12.852  sd=  0.06%     40.39 GF/s  setup=0.254 s
gen_race                 L=20  B=32    m=256   inner=1      min=    12.549 us/xform  median=    14.356  sd=  6.93%     41.33 GF/s  setup=0.009 s
gen_race                 L=20  B=32    m=256   inner=1      min=    12.825 us/xform  median=    14.339  sd=  4.80%     40.44 GF/s  setup=0.007 s
gen_race                 L=20  B=32    m=2     inner=1      min=    29.304 us/xform  median=    29.304  sd=  0.00%     17.70 GF/s  setup=0.007 s
gen_twiddle              L=20  B=32    m=256   inner=1      min=    32.839 us/xform  median=    32.844  sd=  0.02%     15.79 GF/s  setup=0.003 s
gen_twiddle              L=20  B=32    m=256   inner=1      min=    34.265 us/xform  median=    34.279  sd=  0.03%     15.14 GF/s  setup=0.004 s
gen_twiddle              L=20  B=32    m=256   inner=1      min=    33.078 us/xform  median=    33.082  sd=  0.02%     15.68 GF/s  setup=0.004 s
gen_twiddle              L=20  B=32    m=2     inner=1      min=    44.434 us/xform  median=    44.434  sd=  0.00%     11.67 GF/s  setup=0.003 s
mkl2026_dfti             L=20  B=32    m=256   inner=1      min=    57.379 us/xform  median=    57.460  sd=  0.10%      9.04 GF/s  setup=0.192 s
mkl2026_dfti             L=20  B=32    m=256   inner=1      min=    58.723 us/xform  median=    58.908  sd=  0.17%      8.83 GF/s  setup=0.053 s
mkl2026_dfti             L=20  B=32    m=256   inner=1      min=    57.519 us/xform  median=    57.634  sd=  0.08%      9.02 GF/s  setup=0.048 s
mkl2026_dfti             L=20  B=32    m=2     inner=1      min=   125.676 us/xform  median=   125.676  sd=  0.00%      4.13 GF/s  setup=0.050 s
mkl_dfti                 L=20  B=32    m=256   inner=1      min=    58.973 us/xform  median=    59.120  sd=  0.20%      8.79 GF/s  setup=0.028 s
mkl_dfti                 L=20  B=32    m=256   inner=1      min=    59.893 us/xform  median=    59.949  sd=  0.04%      8.66 GF/s  setup=0.058 s
mkl_dfti                 L=20  B=32    m=256   inner=1      min=    59.732 us/xform  median=    59.874  sd=  0.10%      8.68 GF/s  setup=0.050 s
mkl_dfti                 L=20  B=32    m=2     inner=1      min=   122.270 us/xform  median=   122.270  sd=  0.00%      4.24 GF/s  setup=0.052 s
baseline_matrix          L=25  B=16    m=256   inner=1      min=  2061.549 us/xform  median=  2061.651  sd=  0.09%      0.53 GF/s  setup=0.000 s
baseline_matrix          L=25  B=16    m=256   inner=1      min=  2061.948 us/xform  median=  2062.018  sd=  0.00%      0.53 GF/s  setup=0.000 s
baseline_matrix          L=25  B=16    m=256   inner=1      min=  2061.917 us/xform  median=  2061.995  sd=  0.00%      0.53 GF/s  setup=0.000 s
baseline_matrix          L=25  B=16    m=2     inner=1      min=  2080.145 us/xform  median=  2080.145  sd=  0.00%      0.52 GF/s  setup=0.000 s
ducc0_c2c                L=25  B=16    m=256   inner=1      min=   148.546 us/xform  median=   148.866  sd=  0.15%      7.33 GF/s  setup=0.000 s
ducc0_c2c                L=25  B=16    m=256   inner=1      min=   146.765 us/xform  median=   146.933  sd=  0.15%      7.42 GF/s  setup=0.000 s
ducc0_c2c                L=25  B=16    m=256   inner=1      min=   146.852 us/xform  median=   146.911  sd=  0.13%      7.41 GF/s  setup=0.000 s
ducc0_c2c                L=25  B=16    m=2     inner=1      min=   164.394 us/xform  median=   164.394  sd=  0.00%      6.62 GF/s  setup=0.000 s
fftw3_custom             L=25  B=16    m=256   inner=1      min=   163.167 us/xform  median=   163.293  sd=  0.04%      6.67 GF/s  setup=0.000 s
fftw3_custom             L=25  B=16    m=256   inner=1      min=   162.526 us/xform  median=   162.616  sd=  0.02%      6.70 GF/s  setup=0.000 s
fftw3_custom             L=25  B=16    m=256   inner=1      min=   162.836 us/xform  median=   162.910  sd=  0.05%      6.68 GF/s  setup=0.000 s
fftw3_custom             L=25  B=16    m=2     inner=1      min=   299.985 us/xform  median=   299.985  sd=  0.00%      3.63 GF/s  setup=0.000 s
fftw3_custom_soa         L=25  B=16    m=256   inner=1      min=    81.761 us/xform  median=    81.801  sd=  0.03%     13.31 GF/s  setup=0.000 s
fftw3_custom_soa         L=25  B=16    m=256   inner=1      min=    77.882 us/xform  median=    77.922  sd=  0.04%     13.98 GF/s  setup=0.000 s
fftw3_custom_soa         L=25  B=16    m=256   inner=1      min=    77.748 us/xform  median=    77.801  sd=  0.06%     14.00 GF/s  setup=0.000 s
fftw3_custom_soa         L=25  B=16    m=2     inner=1      min=   184.053 us/xform  median=   184.053  sd=  0.00%      5.91 GF/s  setup=0.000 s
fftw3_estimate           L=25  B=16    m=256   inner=1      min=   134.411 us/xform  median=   134.586  sd=  0.06%      8.10 GF/s  setup=0.001 s
fftw3_estimate           L=25  B=16    m=256   inner=1      min=   133.022 us/xform  median=   133.061  sd=  0.01%      8.18 GF/s  setup=0.001 s
fftw3_estimate           L=25  B=16    m=256   inner=1      min=   139.774 us/xform  median=   140.154  sd=  0.09%      7.79 GF/s  setup=0.001 s
fftw3_estimate           L=25  B=16    m=2     inner=1      min=   175.137 us/xform  median=   175.137  sd=  0.00%      6.21 GF/s  setup=0.001 s
fftw3_guru               L=25  B=16    m=256   inner=1      min=   185.958 us/xform  median=   186.002  sd=  0.01%      5.85 GF/s  setup=0.032 s
fftw3_guru               L=25  B=16    m=256   inner=1      min=   186.271 us/xform  median=   186.314  sd=  0.01%      5.84 GF/s  setup=0.032 s
fftw3_guru               L=25  B=16    m=256   inner=1      min=   175.804 us/xform  median=   175.849  sd=  0.01%      6.19 GF/s  setup=0.029 s
fftw3_guru               L=25  B=16    m=2     inner=1      min=   244.212 us/xform  median=   244.212  sd=  0.00%      4.46 GF/s  setup=0.032 s
fftw3_measure            L=25  B=16    m=256   inner=1      min=   108.642 us/xform  median=   108.660  sd=  0.02%     10.02 GF/s  setup=0.029 s
fftw3_measure            L=25  B=16    m=256   inner=1      min=   113.148 us/xform  median=   113.190  sd=  0.02%      9.62 GF/s  setup=0.029 s
fftw3_measure            L=25  B=16    m=256   inner=1      min=   111.263 us/xform  median=   111.293  sd=  0.02%      9.78 GF/s  setup=0.029 s
fftw3_measure            L=25  B=16    m=2     inner=1      min=   151.691 us/xform  median=   151.691  sd=  0.00%      7.18 GF/s  setup=0.028 s
fftw3_patient            L=25  B=16    m=256   inner=1      min=   109.085 us/xform  median=   109.145  sd=  0.03%      9.98 GF/s  setup=0.110 s
fftw3_patient            L=25  B=16    m=256   inner=1      min=   113.507 us/xform  median=   113.534  sd=  0.02%      9.59 GF/s  setup=0.113 s
fftw3_patient            L=25  B=16    m=256   inner=1      min=   111.916 us/xform  median=   111.948  sd=  0.02%      9.73 GF/s  setup=0.112 s
fftw3_patient            L=25  B=16    m=2     inner=1      min=   151.142 us/xform  median=   151.142  sd=  0.00%      7.20 GF/s  setup=0.110 s
gen_bluestein            L=25  B=16    m=256   inner=1      min=   172.349 us/xform  median=   172.531  sd=  0.04%      6.32 GF/s  setup=0.000 s
gen_bluestein            L=25  B=16    m=256   inner=1      min=   172.226 us/xform  median=   172.363  sd=  0.04%      6.32 GF/s  setup=0.000 s
gen_bluestein            L=25  B=16    m=256   inner=1      min=   169.597 us/xform  median=   169.739  sd=  0.05%      6.42 GF/s  setup=0.000 s
gen_bluestein            L=25  B=16    m=2     inner=1      min=   195.746 us/xform  median=   195.746  sd=  0.00%      5.56 GF/s  setup=0.000 s
gen_layout               L=25  B=16    m=256   inner=1      min=    94.127 us/xform  median=    94.242  sd=  0.06%     11.56 GF/s  setup=0.000 s
gen_layout               L=25  B=16    m=256   inner=1      min=    93.493 us/xform  median=    93.524  sd=  0.02%     11.64 GF/s  setup=0.000 s
gen_layout               L=25  B=16    m=256   inner=1      min=    95.369 us/xform  median=    95.400  sd=  0.03%     11.41 GF/s  setup=0.000 s
gen_layout               L=25  B=16    m=2     inner=1      min=   113.104 us/xform  median=   113.104  sd=  0.00%      9.62 GF/s  setup=0.000 s
gen_planner              L=25  B=16    m=256   inner=1      min=    39.589 us/xform  median=    39.602  sd=  0.03%     27.49 GF/s  setup=0.025 s
gen_planner              L=25  B=16    m=256   inner=1      min=    40.055 us/xform  median=    40.096  sd=  5.47%     27.17 GF/s  setup=0.017 s
gen_planner              L=25  B=16    m=256   inner=1      min=    40.746 us/xform  median=    40.753  sd=  0.03%     26.71 GF/s  setup=0.013 s
gen_planner              L=25  B=16    m=2     inner=1      min=   158.658 us/xform  median=   158.658  sd=  0.00%      6.86 GF/s  setup=0.013 s
gen_powp                 L=25  B=16    m=256   inner=1      min=    33.161 us/xform  median=    33.170  sd=  0.03%     32.82 GF/s  setup=0.396 s
gen_powp                 L=25  B=16    m=256   inner=1      min=    31.806 us/xform  median=    31.856  sd=  4.70%     34.22 GF/s  setup=0.003 s
gen_powp                 L=25  B=16    m=256   inner=1      min=    31.054 us/xform  median=    31.218  sd=  9.66%     35.05 GF/s  setup=0.004 s
gen_powp                 L=25  B=16    m=2     inner=1      min=    67.428 us/xform  median=    67.428  sd=  0.00%     16.14 GF/s  setup=0.002 s
gen_race                 L=25  B=16    m=256   inner=1      min=    31.558 us/xform  median=    31.574  sd=  0.03%     34.49 GF/s  setup=0.227 s
gen_race                 L=25  B=16    m=256   inner=1      min=    31.487 us/xform  median=    31.491  sd=  0.02%     34.57 GF/s  setup=0.009 s
gen_race                 L=25  B=16    m=256   inner=1      min=    31.486 us/xform  median=    31.496  sd=  0.04%     34.57 GF/s  setup=0.008 s
gen_race                 L=25  B=16    m=2     inner=1      min=    70.501 us/xform  median=    70.501  sd=  0.00%     15.44 GF/s  setup=0.007 s
gen_twiddle              L=25  B=16    m=256   inner=1      min=    74.963 us/xform  median=    74.993  sd=  0.02%     14.52 GF/s  setup=0.004 s
gen_twiddle              L=25  B=16    m=256   inner=1      min=    76.336 us/xform  median=    76.361  sd=  2.12%     14.26 GF/s  setup=0.004 s
gen_twiddle              L=25  B=16    m=256   inner=1      min=    77.593 us/xform  median=    77.605  sd=  0.03%     14.03 GF/s  setup=0.004 s
gen_twiddle              L=25  B=16    m=2     inner=1      min=    95.457 us/xform  median=    95.457  sd=  0.00%     11.40 GF/s  setup=0.004 s
mkl2026_dfti             L=25  B=16    m=256   inner=1      min=   123.765 us/xform  median=   124.125  sd=  0.15%      8.79 GF/s  setup=0.054 s
mkl2026_dfti             L=25  B=16    m=256   inner=1      min=   122.986 us/xform  median=   123.249  sd=  0.17%      8.85 GF/s  setup=0.049 s
mkl2026_dfti             L=25  B=16    m=256   inner=1      min=   123.059 us/xform  median=   123.248  sd=  0.10%      8.84 GF/s  setup=0.049 s
mkl2026_dfti             L=25  B=16    m=2     inner=1      min=   161.112 us/xform  median=   161.112  sd=  0.00%      6.76 GF/s  setup=0.049 s
mkl_dfti                 L=25  B=16    m=256   inner=1      min=   120.934 us/xform  median=   121.444  sd=  0.23%      9.00 GF/s  setup=0.031 s
mkl_dfti                 L=25  B=16    m=256   inner=1      min=   121.380 us/xform  median=   121.519  sd=  0.11%      8.97 GF/s  setup=0.048 s
mkl_dfti                 L=25  B=16    m=256   inner=1      min=   121.001 us/xform  median=   121.297  sd=  0.13%      9.00 GF/s  setup=0.051 s
mkl_dfti                 L=25  B=16    m=2     inner=1      min=   156.555 us/xform  median=   156.555  sd=  0.00%      6.95 GF/s  setup=0.049 s
baseline_matrix          L=27  B=16    m=200   inner=1      min=  2798.775 us/xform  median=  2798.837  sd=  0.01%      0.50 GF/s  setup=0.000 s
baseline_matrix          L=27  B=16    m=200   inner=1      min=  2799.235 us/xform  median=  2799.354  sd=  0.03%      0.50 GF/s  setup=0.000 s
baseline_matrix          L=27  B=16    m=200   inner=1      min=  2798.979 us/xform  median=  2799.160  sd=  0.00%      0.50 GF/s  setup=0.000 s
baseline_matrix          L=27  B=16    m=2     inner=1      min=  2821.711 us/xform  median=  2821.711  sd=  0.00%      0.50 GF/s  setup=0.000 s
ducc0_c2c                L=27  B=16    m=200   inner=1      min=   190.829 us/xform  median=   191.197  sd=  0.16%      7.36 GF/s  setup=0.000 s
ducc0_c2c                L=27  B=16    m=200   inner=1      min=   191.100 us/xform  median=   191.593  sd=  0.20%      7.35 GF/s  setup=0.000 s
ducc0_c2c                L=27  B=16    m=200   inner=1      min=   194.804 us/xform  median=   195.112  sd=  0.19%      7.21 GF/s  setup=0.000 s
ducc0_c2c                L=27  B=16    m=2     inner=1      min=   247.847 us/xform  median=   247.847  sd=  0.00%      5.66 GF/s  setup=0.000 s
fftw3_custom             L=27  B=16    m=200   inner=1      min=   203.937 us/xform  median=   204.121  sd=  0.09%      6.88 GF/s  setup=0.000 s
fftw3_custom             L=27  B=16    m=200   inner=1      min=   203.621 us/xform  median=   203.771  sd=  0.03%      6.89 GF/s  setup=0.000 s
fftw3_custom             L=27  B=16    m=200   inner=1      min=   203.834 us/xform  median=   204.170  sd=  0.10%      6.89 GF/s  setup=0.000 s
fftw3_custom             L=27  B=16    m=2     inner=1      min=   379.770 us/xform  median=   379.770  sd=  0.00%      3.70 GF/s  setup=0.000 s
fftw3_custom_soa         L=27  B=16    m=200   inner=1      min=    97.315 us/xform  median=    97.407  sd=  0.07%     14.43 GF/s  setup=0.000 s
fftw3_custom_soa         L=27  B=16    m=200   inner=1      min=    97.348 us/xform  median=    97.433  sd=  0.10%     14.42 GF/s  setup=0.000 s
fftw3_custom_soa         L=27  B=16    m=200   inner=1      min=    99.238 us/xform  median=    99.368  sd=  0.07%     14.15 GF/s  setup=0.000 s
fftw3_custom_soa         L=27  B=16    m=2     inner=1      min=   247.324 us/xform  median=   247.324  sd=  0.00%      5.68 GF/s  setup=0.000 s
fftw3_estimate           L=27  B=16    m=200   inner=1      min=   256.119 us/xform  median=   256.699  sd=  0.16%      5.48 GF/s  setup=0.002 s
fftw3_estimate           L=27  B=16    m=200   inner=1      min=   257.331 us/xform  median=   258.308  sd=  0.26%      5.46 GF/s  setup=0.003 s
fftw3_estimate           L=27  B=16    m=200   inner=1      min=   260.698 us/xform  median=   261.142  sd=  0.12%      5.38 GF/s  setup=0.002 s
fftw3_estimate           L=27  B=16    m=2     inner=1      min=   295.731 us/xform  median=   295.731  sd=  0.00%      4.75 GF/s  setup=0.002 s
fftw3_guru               L=27  B=16    m=200   inner=1      min=   260.679 us/xform  median=   261.021  sd=  0.08%      5.39 GF/s  setup=0.043 s
fftw3_guru               L=27  B=16    m=200   inner=1      min=   261.535 us/xform  median=   261.714  sd=  0.11%      5.37 GF/s  setup=0.041 s
fftw3_guru               L=27  B=16    m=200   inner=1      min=   261.435 us/xform  median=   261.530  sd=  0.03%      5.37 GF/s  setup=0.044 s
fftw3_guru               L=27  B=16    m=2     inner=1      min=   354.907 us/xform  median=   354.907  sd=  0.00%      3.96 GF/s  setup=0.043 s
fftw3_measure            L=27  B=16    m=200   inner=1      min=   227.658 us/xform  median=   227.954  sd=  0.07%      6.17 GF/s  setup=0.034 s
fftw3_measure            L=27  B=16    m=200   inner=1      min=   226.643 us/xform  median=   226.763  sd=  0.03%      6.19 GF/s  setup=0.034 s
fftw3_measure            L=27  B=16    m=200   inner=1      min=   223.922 us/xform  median=   224.037  sd=  0.05%      6.27 GF/s  setup=0.034 s
fftw3_measure            L=27  B=16    m=2     inner=1      min=   295.028 us/xform  median=   295.028  sd=  0.00%      4.76 GF/s  setup=0.034 s
fftw3_patient            L=27  B=16    m=200   inner=1      min=   202.731 us/xform  median=   202.825  sd=  0.02%      6.92 GF/s  setup=0.149 s
fftw3_patient            L=27  B=16    m=200   inner=1      min=   203.701 us/xform  median=   203.775  sd=  0.02%      6.89 GF/s  setup=0.138 s
fftw3_patient            L=27  B=16    m=200   inner=1      min=   202.719 us/xform  median=   202.839  sd=  0.03%      6.93 GF/s  setup=0.150 s
fftw3_patient            L=27  B=16    m=2     inner=1      min=   241.407 us/xform  median=   241.407  sd=  0.00%      5.82 GF/s  setup=0.149 s
gen_bluestein            L=27  B=16    m=200   inner=1      min=   205.866 us/xform  median=   205.932  sd=  0.04%      6.82 GF/s  setup=0.000 s
gen_bluestein            L=27  B=16    m=200   inner=1      min=   203.002 us/xform  median=   203.233  sd=  0.07%      6.92 GF/s  setup=0.000 s
gen_bluestein            L=27  B=16    m=200   inner=1      min=   202.511 us/xform  median=   202.744  sd=  0.08%      6.93 GF/s  setup=0.000 s
gen_bluestein            L=27  B=16    m=2     inner=1      min=   238.915 us/xform  median=   238.915  sd=  0.00%      5.88 GF/s  setup=0.000 s
gen_layout               L=27  B=16    m=200   inner=1      min=   124.930 us/xform  median=   125.125  sd=  0.06%     11.24 GF/s  setup=0.000 s
gen_layout               L=27  B=16    m=200   inner=1      min=   125.512 us/xform  median=   125.587  sd=  0.04%     11.19 GF/s  setup=0.001 s
gen_layout               L=27  B=16    m=200   inner=1      min=   124.948 us/xform  median=   125.023  sd=  0.03%     11.24 GF/s  setup=0.000 s
gen_layout               L=27  B=16    m=2     inner=1      min=   147.639 us/xform  median=   147.639  sd=  0.00%      9.51 GF/s  setup=0.000 s
gen_planner              L=27  B=16    m=200   inner=1      min=    59.926 us/xform  median=    59.933  sd=  0.05%     23.43 GF/s  setup=0.033 s
gen_planner              L=27  B=16    m=200   inner=1      min=    63.871 us/xform  median=    63.881  sd=  4.28%     21.98 GF/s  setup=0.020 s
gen_planner              L=27  B=16    m=200   inner=1      min=    59.987 us/xform  median=    59.996  sd=  0.04%     23.40 GF/s  setup=0.016 s
gen_planner              L=27  B=16    m=2     inner=1      min=   220.608 us/xform  median=   220.608  sd=  0.00%      6.36 GF/s  setup=0.016 s
gen_powp                 L=27  B=16    m=200   inner=1      min=    44.176 us/xform  median=    44.184  sd=  0.06%     31.78 GF/s  setup=0.516 s
gen_powp                 L=27  B=16    m=200   inner=1      min=    46.953 us/xform  median=    46.976  sd=  4.03%     29.90 GF/s  setup=0.004 s
gen_powp                 L=27  B=16    m=200   inner=1      min=    43.607 us/xform  median=    43.628  sd=  0.03%     32.19 GF/s  setup=0.003 s
gen_powp                 L=27  B=16    m=2     inner=1      min=    94.400 us/xform  median=    94.400  sd=  0.00%     14.87 GF/s  setup=0.004 s
gen_race                 L=27  B=16    m=200   inner=1      min=    43.912 us/xform  median=    43.916  sd=  0.04%     31.97 GF/s  setup=0.319 s
gen_race                 L=27  B=16    m=200   inner=1      min=    43.713 us/xform  median=    43.722  sd=  0.04%     32.12 GF/s  setup=0.009 s
gen_race                 L=27  B=16    m=200   inner=1      min=    43.831 us/xform  median=    43.847  sd=  0.04%     32.03 GF/s  setup=0.010 s
gen_race                 L=27  B=16    m=2     inner=1      min=    99.267 us/xform  median=    99.267  sd=  0.00%     14.14 GF/s  setup=0.009 s
gen_twiddle              L=27  B=16    m=200   inner=1      min=   122.385 us/xform  median=   122.409  sd=  0.02%     11.47 GF/s  setup=0.004 s
gen_twiddle              L=27  B=16    m=200   inner=1      min=   121.330 us/xform  median=   121.387  sd=  0.04%     11.57 GF/s  setup=0.005 s
gen_twiddle              L=27  B=16    m=200   inner=1      min=   121.605 us/xform  median=   121.638  sd=  0.03%     11.54 GF/s  setup=0.005 s
gen_twiddle              L=27  B=16    m=2     inner=1      min=   156.229 us/xform  median=   156.229  sd=  0.00%      8.99 GF/s  setup=0.004 s
mkl2026_dfti             L=27  B=16    m=200   inner=1      min=   148.358 us/xform  median=   148.476  sd=  0.05%      9.46 GF/s  setup=0.046 s
mkl2026_dfti             L=27  B=16    m=200   inner=1      min=   148.767 us/xform  median=   148.875  sd=  0.04%      9.44 GF/s  setup=0.051 s
mkl2026_dfti             L=27  B=16    m=200   inner=1      min=   148.645 us/xform  median=   148.750  sd=  0.05%      9.44 GF/s  setup=0.051 s
mkl2026_dfti             L=27  B=16    m=2     inner=1      min=   193.605 us/xform  median=   193.605  sd=  0.00%      7.25 GF/s  setup=0.048 s
mkl_dfti                 L=27  B=16    m=200   inner=1      min=   144.787 us/xform  median=   144.996  sd=  0.14%      9.70 GF/s  setup=0.029 s
mkl_dfti                 L=27  B=16    m=200   inner=1      min=   145.317 us/xform  median=   145.431  sd=  0.06%      9.66 GF/s  setup=0.048 s
mkl_dfti                 L=27  B=16    m=200   inner=1      min=   144.885 us/xform  median=   144.981  sd=  0.03%      9.69 GF/s  setup=0.050 s
mkl_dfti                 L=27  B=16    m=2     inner=1      min=   285.246 us/xform  median=   285.246  sd=  0.00%      4.92 GF/s  setup=0.047 s
baseline_matrix          L=31  B=16    m=140   inner=1      min=  4852.591 us/xform  median=  4852.709  sd=  0.00%      0.46 GF/s  setup=0.000 s
baseline_matrix          L=31  B=16    m=140   inner=1      min=  4853.804 us/xform  median=  4854.036  sd=  0.00%      0.46 GF/s  setup=0.000 s
baseline_matrix          L=31  B=16    m=140   inner=1      min=  4853.870 us/xform  median=  4854.033  sd=  0.01%      0.46 GF/s  setup=0.000 s
baseline_matrix          L=31  B=16    m=2     inner=1      min=  4880.122 us/xform  median=  4880.122  sd=  0.00%      0.45 GF/s  setup=0.000 s
ducc0_c2c                L=31  B=16    m=140   inner=1      min=   714.168 us/xform  median=   715.498  sd=  0.11%      3.10 GF/s  setup=0.000 s
ducc0_c2c                L=31  B=16    m=140   inner=1      min=   733.057 us/xform  median=   734.353  sd=  0.13%      3.02 GF/s  setup=0.000 s
ducc0_c2c                L=31  B=16    m=140   inner=1      min=   714.223 us/xform  median=   715.691  sd=  0.13%      3.10 GF/s  setup=0.000 s
ducc0_c2c                L=31  B=16    m=2     inner=1      min=   776.810 us/xform  median=   776.810  sd=  0.00%      2.85 GF/s  setup=0.000 s
fftw3_custom             L=31  B=16    m=140   inner=1      min=   516.463 us/xform  median=   516.971  sd=  0.05%      4.29 GF/s  setup=0.000 s
fftw3_custom             L=31  B=16    m=140   inner=1      min=   515.655 us/xform  median=   516.124  sd=  0.06%      4.29 GF/s  setup=0.000 s
fftw3_custom             L=31  B=16    m=140   inner=1      min=   513.157 us/xform  median=   513.526  sd=  0.05%      4.31 GF/s  setup=0.000 s
fftw3_custom             L=31  B=16    m=2     inner=1      min=   729.482 us/xform  median=   729.482  sd=  0.00%      3.03 GF/s  setup=0.000 s
fftw3_custom_soa         L=31  B=16    m=140   inner=1      min=   218.186 us/xform  median=   218.386  sd=  0.09%     10.15 GF/s  setup=0.000 s
fftw3_custom_soa         L=31  B=16    m=140   inner=1      min=   216.444 us/xform  median=   216.905  sd=  0.12%     10.23 GF/s  setup=0.000 s
fftw3_custom_soa         L=31  B=16    m=140   inner=1      min=   216.907 us/xform  median=   217.308  sd=  0.09%     10.21 GF/s  setup=0.000 s
fftw3_custom_soa         L=31  B=16    m=2     inner=1      min=   451.843 us/xform  median=   451.843  sd=  0.00%      4.90 GF/s  setup=0.000 s
fftw3_estimate           L=31  B=16    m=140   inner=1      min=   859.365 us/xform  median=   859.469  sd=  0.01%      2.58 GF/s  setup=0.002 s
fftw3_estimate           L=31  B=16    m=140   inner=1      min=   860.674 us/xform  median=   860.773  sd=  0.01%      2.57 GF/s  setup=0.002 s
fftw3_estimate           L=31  B=16    m=140   inner=1      min=   859.788 us/xform  median=   859.935  sd=  0.02%      2.57 GF/s  setup=0.002 s
fftw3_estimate           L=31  B=16    m=2     inner=1      min=   917.746 us/xform  median=   917.746  sd=  0.00%      2.41 GF/s  setup=0.002 s
fftw3_guru               L=31  B=16    m=140   inner=1      min=   835.896 us/xform  median=   836.015  sd=  0.01%      2.65 GF/s  setup=0.093 s
fftw3_guru               L=31  B=16    m=140   inner=1      min=   833.919 us/xform  median=   834.012  sd=  0.01%      2.65 GF/s  setup=0.093 s
fftw3_guru               L=31  B=16    m=140   inner=1      min=   830.334 us/xform  median=   830.580  sd=  0.01%      2.67 GF/s  setup=0.088 s
fftw3_guru               L=31  B=16    m=2     inner=1      min=   890.929 us/xform  median=   890.929  sd=  0.00%      2.48 GF/s  setup=0.088 s
fftw3_measure            L=31  B=16    m=140   inner=1      min=   859.829 us/xform  median=   859.918  sd=  0.01%      2.57 GF/s  setup=0.085 s
fftw3_measure            L=31  B=16    m=140   inner=1      min=   860.446 us/xform  median=   860.587  sd=  0.01%      2.57 GF/s  setup=0.085 s
fftw3_measure            L=31  B=16    m=140   inner=1      min=   860.151 us/xform  median=   860.209  sd=  0.00%      2.57 GF/s  setup=0.085 s
fftw3_measure            L=31  B=16    m=2     inner=1      min=   884.504 us/xform  median=   884.504  sd=  0.00%      2.50 GF/s  setup=0.085 s
fftw3_patient            L=31  B=16    m=140   inner=1      min=   859.997 us/xform  median=   860.068  sd=  0.11%      2.57 GF/s  setup=0.240 s
fftw3_patient            L=31  B=16    m=140   inner=1      min=   862.396 us/xform  median=   862.491  sd=  0.01%      2.57 GF/s  setup=0.241 s
fftw3_patient            L=31  B=16    m=140   inner=1      min=   860.318 us/xform  median=   860.450  sd=  0.01%      2.57 GF/s  setup=0.240 s
fftw3_patient            L=31  B=16    m=2     inner=1      min=   889.047 us/xform  median=   889.047  sd=  0.00%      2.49 GF/s  setup=0.225 s
gen_bluestein            L=31  B=16    m=140   inner=1      min=   275.118 us/xform  median=   275.275  sd=  0.03%      8.05 GF/s  setup=0.000 s
gen_bluestein            L=31  B=16    m=140   inner=1      min=   272.594 us/xform  median=   272.805  sd=  0.06%      8.12 GF/s  setup=0.000 s
gen_bluestein            L=31  B=16    m=140   inner=1      min=   276.609 us/xform  median=   276.695  sd=  0.04%      8.00 GF/s  setup=0.000 s
gen_bluestein            L=31  B=16    m=2     inner=1      min=   329.682 us/xform  median=   329.682  sd=  0.00%      6.72 GF/s  setup=0.000 s
gen_dense_prime          L=31  B=16    m=140   inner=1      min=   111.411 us/xform  median=   111.453  sd=  0.06%     19.87 GF/s  setup=0.001 s
gen_dense_prime          L=31  B=16    m=140   inner=1      min=   109.955 us/xform  median=   109.977  sd=  0.04%     20.13 GF/s  setup=0.001 s
gen_dense_prime          L=31  B=16    m=140   inner=1      min=   110.617 us/xform  median=   110.670  sd=  0.03%     20.01 GF/s  setup=0.001 s
gen_dense_prime          L=31  B=16    m=2     inner=1      min=   169.745 us/xform  median=   169.745  sd=  0.00%     13.04 GF/s  setup=0.001 s
gen_layout               L=31  B=16    m=140   inner=1      min=   203.305 us/xform  median=   203.430  sd=  0.03%     10.89 GF/s  setup=0.001 s
gen_layout               L=31  B=16    m=140   inner=1      min=   200.300 us/xform  median=   200.423  sd=  0.03%     11.05 GF/s  setup=0.001 s
gen_layout               L=31  B=16    m=140   inner=1      min=   201.316 us/xform  median=   201.379  sd=  0.02%     11.00 GF/s  setup=0.001 s
gen_layout               L=31  B=16    m=2     inner=1      min=   243.401 us/xform  median=   243.401  sd=  0.00%      9.10 GF/s  setup=0.001 s
gen_planner              L=31  B=16    m=140   inner=1      min=   138.384 us/xform  median=   138.420  sd=  0.04%     16.00 GF/s  setup=0.042 s
gen_planner              L=31  B=16    m=140   inner=1      min=   138.418 us/xform  median=   138.458  sd=  0.04%     15.99 GF/s  setup=0.022 s
gen_planner              L=31  B=16    m=140   inner=1      min=   140.376 us/xform  median=   140.421  sd=  0.04%     15.77 GF/s  setup=0.029 s
gen_planner              L=31  B=16    m=2     inner=1      min=   350.343 us/xform  median=   350.343  sd=  0.00%      6.32 GF/s  setup=0.025 s
gen_race                 L=31  B=16    m=140   inner=1      min=    85.061 us/xform  median=    85.291  sd=  0.25%     26.03 GF/s  setup=0.499 s
gen_race                 L=31  B=16    m=140   inner=1      min=    84.753 us/xform  median=    85.025  sd=  0.19%     26.12 GF/s  setup=0.013 s
gen_race                 L=31  B=16    m=140   inner=1      min=    84.694 us/xform  median=    84.990  sd=  6.45%     26.14 GF/s  setup=0.023 s
gen_race                 L=31  B=16    m=2     inner=1      min=   142.293 us/xform  median=   142.293  sd=  0.00%     15.56 GF/s  setup=0.012 s
gen_rader                L=31  B=16    m=140   inner=1      min=    85.210 us/xform  median=    85.609  sd=  0.24%     25.98 GF/s  setup=0.007 s
gen_rader                L=31  B=16    m=140   inner=1      min=    85.290 us/xform  median=    85.443  sd=  0.12%     25.96 GF/s  setup=0.007 s
gen_rader                L=31  B=16    m=140   inner=1      min=    85.307 us/xform  median=    85.667  sd=  0.19%     25.95 GF/s  setup=0.009 s
gen_rader                L=31  B=16    m=2     inner=1      min=   139.768 us/xform  median=   139.768  sd=  0.00%     15.84 GF/s  setup=0.007 s
gen_twiddle              L=31  B=16    m=140   inner=1      min=   263.529 us/xform  median=   263.620  sd=  0.03%      8.40 GF/s  setup=0.005 s
gen_twiddle              L=31  B=16    m=140   inner=1      min=   263.547 us/xform  median=   263.726  sd=  0.04%      8.40 GF/s  setup=0.006 s
gen_twiddle              L=31  B=16    m=140   inner=1      min=   266.273 us/xform  median=   266.370  sd=  0.02%      8.31 GF/s  setup=0.006 s
gen_twiddle              L=31  B=16    m=2     inner=1      min=   326.009 us/xform  median=   326.009  sd=  0.00%      6.79 GF/s  setup=0.005 s
mkl2026_dfti             L=31  B=16    m=140   inner=1      min=   884.343 us/xform  median=   884.415  sd=  0.01%      2.50 GF/s  setup=0.050 s
mkl2026_dfti             L=31  B=16    m=140   inner=1      min=   883.770 us/xform  median=   883.905  sd=  0.01%      2.51 GF/s  setup=0.052 s
mkl2026_dfti             L=31  B=16    m=140   inner=1      min=   883.341 us/xform  median=   883.468  sd=  0.01%      2.51 GF/s  setup=0.048 s
mkl2026_dfti             L=31  B=16    m=2     inner=1      min=   944.109 us/xform  median=   944.109  sd=  0.00%      2.34 GF/s  setup=0.049 s
mkl_dfti                 L=31  B=16    m=140   inner=1      min=   849.190 us/xform  median=   849.275  sd=  0.01%      2.61 GF/s  setup=0.034 s
mkl_dfti                 L=31  B=16    m=140   inner=1      min=   848.751 us/xform  median=   848.891  sd=  0.01%      2.61 GF/s  setup=0.048 s
mkl_dfti                 L=31  B=16    m=140   inner=1      min=   849.235 us/xform  median=   849.393  sd=  0.01%      2.61 GF/s  setup=0.049 s
mkl_dfti                 L=31  B=16    m=2     inner=1      min=   909.307 us/xform  median=   909.307  sd=  0.00%      2.43 GF/s  setup=0.053 s
baseline_matrix          L=32  B=8     m=250   inner=1      min=  5752.909 us/xform  median=  5752.994  sd=  0.00%      0.43 GF/s  setup=0.000 s
baseline_matrix          L=32  B=8     m=250   inner=1      min=  5755.965 us/xform  median=  5756.096  sd=  0.00%      0.43 GF/s  setup=0.000 s
baseline_matrix          L=32  B=8     m=250   inner=1      min=  5756.716 us/xform  median=  5756.833  sd=  0.00%      0.43 GF/s  setup=0.000 s
baseline_matrix          L=32  B=8     m=2     inner=1      min=  6992.397 us/xform  median=  6992.397  sd=  0.00%      0.35 GF/s  setup=0.000 s
ducc0_c2c                L=32  B=8     m=250   inner=1      min=   308.816 us/xform  median=   309.731  sd=  0.15%      7.96 GF/s  setup=0.000 s
ducc0_c2c                L=32  B=8     m=250   inner=1      min=   309.078 us/xform  median=   309.588  sd=  0.13%      7.95 GF/s  setup=0.000 s
ducc0_c2c                L=32  B=8     m=250   inner=1      min=   311.185 us/xform  median=   311.615  sd=  0.13%      7.90 GF/s  setup=0.000 s
ducc0_c2c                L=32  B=8     m=2     inner=1      min=   360.783 us/xform  median=   360.783  sd=  0.00%      6.81 GF/s  setup=0.000 s
fftw3_custom             L=32  B=8     m=250   inner=1      min=   414.788 us/xform  median=   414.988  sd=  0.12%      5.92 GF/s  setup=0.000 s
fftw3_custom             L=32  B=8     m=250   inner=1      min=   416.241 us/xform  median=   416.623  sd=  0.04%      5.90 GF/s  setup=0.000 s
fftw3_custom             L=32  B=8     m=250   inner=1      min=   416.812 us/xform  median=   417.006  sd=  0.02%      5.90 GF/s  setup=0.000 s
fftw3_custom             L=32  B=8     m=2     inner=1      min=   715.582 us/xform  median=   715.582  sd=  0.00%      3.43 GF/s  setup=0.000 s
fftw3_custom_soa         L=32  B=8     m=250   inner=1      min=   176.973 us/xform  median=   177.035  sd=  0.04%     13.89 GF/s  setup=0.000 s
fftw3_custom_soa         L=32  B=8     m=250   inner=1      min=   185.977 us/xform  median=   186.015  sd=  0.03%     13.21 GF/s  setup=0.000 s
fftw3_custom_soa         L=32  B=8     m=250   inner=1      min=   179.758 us/xform  median=   179.842  sd=  0.03%     13.67 GF/s  setup=0.000 s
fftw3_custom_soa         L=32  B=8     m=2     inner=1      min=   408.175 us/xform  median=   408.175  sd=  0.00%      6.02 GF/s  setup=0.000 s
fftw3_estimate           L=32  B=8     m=250   inner=1      min=   407.914 us/xform  median=   408.221  sd=  0.05%      6.02 GF/s  setup=0.001 s
fftw3_estimate           L=32  B=8     m=250   inner=1      min=   407.472 us/xform  median=   407.844  sd=  0.05%      6.03 GF/s  setup=0.001 s
fftw3_estimate           L=32  B=8     m=250   inner=1      min=   408.048 us/xform  median=   408.336  sd=  0.04%      6.02 GF/s  setup=0.001 s
fftw3_estimate           L=32  B=8     m=2     inner=1      min=   505.923 us/xform  median=   505.923  sd=  0.00%      4.86 GF/s  setup=0.001 s
fftw3_guru               L=32  B=8     m=250   inner=1      min=   323.379 us/xform  median=   323.833  sd=  0.09%      7.60 GF/s  setup=0.071 s
fftw3_guru               L=32  B=8     m=250   inner=1      min=   309.778 us/xform  median=   309.925  sd=  0.05%      7.93 GF/s  setup=0.074 s
fftw3_guru               L=32  B=8     m=250   inner=1      min=   302.841 us/xform  median=   302.942  sd=  0.02%      8.12 GF/s  setup=0.074 s
fftw3_guru               L=32  B=8     m=2     inner=1      min=   364.063 us/xform  median=   364.063  sd=  0.00%      6.75 GF/s  setup=0.073 s
fftw3_measure            L=32  B=8     m=250   inner=1      min=   209.967 us/xform  median=   210.009  sd=  0.02%     11.70 GF/s  setup=0.083 s
fftw3_measure            L=32  B=8     m=250   inner=1      min=   208.930 us/xform  median=   208.981  sd=  0.02%     11.76 GF/s  setup=0.082 s
fftw3_measure            L=32  B=8     m=250   inner=1      min=   208.904 us/xform  median=   209.001  sd=  0.04%     11.76 GF/s  setup=0.087 s
fftw3_measure            L=32  B=8     m=2     inner=1      min=   292.072 us/xform  median=   292.072  sd=  0.00%      8.41 GF/s  setup=0.086 s
fftw3_patient            L=32  B=8     m=250   inner=1      min=   209.120 us/xform  median=   209.168  sd=  0.22%     11.75 GF/s  setup=0.493 s
fftw3_patient            L=32  B=8     m=250   inner=1      min=   210.100 us/xform  median=   210.139  sd=  0.01%     11.70 GF/s  setup=0.544 s
fftw3_patient            L=32  B=8     m=250   inner=1      min=   209.620 us/xform  median=   209.639  sd=  0.02%     11.72 GF/s  setup=0.545 s
fftw3_patient            L=32  B=8     m=2     inner=1      min=   246.736 us/xform  median=   246.736  sd=  0.00%      9.96 GF/s  setup=0.505 s
gen_bluestein            L=32  B=8     m=250   inner=1      min=   297.242 us/xform  median=   297.336  sd=  0.01%      8.27 GF/s  setup=0.000 s
gen_bluestein            L=32  B=8     m=250   inner=1      min=   303.002 us/xform  median=   303.062  sd=  0.01%      8.11 GF/s  setup=0.000 s
gen_bluestein            L=32  B=8     m=250   inner=1      min=   299.905 us/xform  median=   299.946  sd=  0.03%      8.19 GF/s  setup=0.000 s
gen_bluestein            L=32  B=8     m=2     inner=1      min=   343.644 us/xform  median=   343.644  sd=  0.00%      7.15 GF/s  setup=0.000 s
gen_layout               L=32  B=8     m=250   inner=1      min=   153.109 us/xform  median=   153.136  sd=  0.02%     16.05 GF/s  setup=0.001 s
gen_layout               L=32  B=8     m=250   inner=1      min=   153.402 us/xform  median=   153.425  sd=  0.03%     16.02 GF/s  setup=0.000 s
gen_layout               L=32  B=8     m=250   inner=1      min=   150.472 us/xform  median=   150.507  sd=  0.02%     16.33 GF/s  setup=0.000 s
gen_layout               L=32  B=8     m=2     inner=1      min=   185.165 us/xform  median=   185.165  sd=  0.00%     13.27 GF/s  setup=0.001 s
gen_planner              L=32  B=8     m=250   inner=1      min=   107.270 us/xform  median=   107.299  sd=  0.04%     22.91 GF/s  setup=0.053 s
gen_planner              L=32  B=8     m=250   inner=1      min=   105.865 us/xform  median=   105.882  sd=  0.02%     23.21 GF/s  setup=0.004 s
gen_planner              L=32  B=8     m=250   inner=1      min=   106.317 us/xform  median=   106.337  sd=  0.02%     23.12 GF/s  setup=0.003 s
gen_planner              L=32  B=8     m=2     inner=1      min=   146.468 us/xform  median=   146.468  sd=  0.00%     16.78 GF/s  setup=0.004 s
gen_pow2                 L=32  B=8     m=250   inner=1      min=    55.261 us/xform  median=    55.297  sd=  5.86%     44.47 GF/s  setup=0.000 s
gen_pow2                 L=32  B=8     m=250   inner=1      min=    55.360 us/xform  median=    55.378  sd=  0.04%     44.39 GF/s  setup=0.000 s
gen_pow2                 L=32  B=8     m=250   inner=1      min=    55.161 us/xform  median=    55.169  sd=  0.01%     44.55 GF/s  setup=0.000 s
gen_pow2                 L=32  B=8     m=2     inner=1      min=   110.735 us/xform  median=   110.735  sd=  0.00%     22.19 GF/s  setup=0.000 s
gen_race                 L=32  B=8     m=250   inner=1      min=    54.718 us/xform  median=    54.728  sd=  0.05%     44.91 GF/s  setup=0.307 s
gen_race                 L=32  B=8     m=250   inner=1      min=    53.999 us/xform  median=    54.009  sd=  0.02%     45.51 GF/s  setup=0.006 s
gen_race                 L=32  B=8     m=250   inner=1      min=    54.242 us/xform  median=    54.254  sd=  0.02%     45.31 GF/s  setup=0.006 s
gen_race                 L=32  B=8     m=2     inner=1      min=   115.608 us/xform  median=   115.608  sd=  0.00%     21.26 GF/s  setup=0.006 s
gen_twiddle              L=32  B=8     m=250   inner=1      min=   196.497 us/xform  median=   196.567  sd=  0.04%     12.51 GF/s  setup=0.006 s
gen_twiddle              L=32  B=8     m=250   inner=1      min=   197.095 us/xform  median=   197.152  sd=  0.02%     12.47 GF/s  setup=0.006 s
gen_twiddle              L=32  B=8     m=250   inner=1      min=   197.054 us/xform  median=   197.113  sd=  0.02%     12.47 GF/s  setup=0.006 s
gen_twiddle              L=32  B=8     m=2     inner=1      min=   250.687 us/xform  median=   250.687  sd=  0.00%      9.80 GF/s  setup=0.005 s
mkl2026_dfti             L=32  B=8     m=250   inner=1      min=   182.105 us/xform  median=   182.367  sd=  0.10%     13.50 GF/s  setup=0.002 s
mkl2026_dfti             L=32  B=8     m=250   inner=1      min=   189.624 us/xform  median=   190.144  sd=  0.13%     12.96 GF/s  setup=0.002 s
mkl2026_dfti             L=32  B=8     m=250   inner=1      min=   188.483 us/xform  median=   188.845  sd=  0.21%     13.04 GF/s  setup=0.001 s
mkl2026_dfti             L=32  B=8     m=2     inner=1      min=   248.029 us/xform  median=   248.029  sd=  0.00%      9.91 GF/s  setup=0.002 s
mkl_dfti                 L=32  B=8     m=250   inner=1      min=   173.411 us/xform  median=   173.617  sd=  0.11%     14.17 GF/s  setup=0.002 s
mkl_dfti                 L=32  B=8     m=250   inner=1      min=   172.337 us/xform  median=   172.589  sd=  0.15%     14.26 GF/s  setup=0.003 s
mkl_dfti                 L=32  B=8     m=250   inner=1      min=   172.105 us/xform  median=   172.392  sd=  0.11%     14.28 GF/s  setup=0.001 s
mkl_dfti                 L=32  B=8     m=2     inner=1      min=   240.317 us/xform  median=   240.317  sd=  0.00%     10.23 GF/s  setup=0.002 s
baseline_matrix          L=40  B=8     m=128   inner=1      min= 13452.864 us/xform  median= 13454.787  sd=  0.21%      0.38 GF/s  setup=0.000 s
baseline_matrix          L=40  B=8     m=128   inner=1      min= 13477.982 us/xform  median= 13478.489  sd=  0.00%      0.38 GF/s  setup=0.000 s
baseline_matrix          L=40  B=8     m=128   inner=1      min= 13455.975 us/xform  median= 13456.476  sd=  0.00%      0.38 GF/s  setup=0.000 s
baseline_matrix          L=40  B=8     m=2     inner=1      min= 15098.185 us/xform  median= 15098.185  sd=  0.00%      0.34 GF/s  setup=0.000 s
ducc0_c2c                L=40  B=8     m=128   inner=1      min=   596.282 us/xform  median=   598.145  sd=  0.22%      8.57 GF/s  setup=0.000 s
ducc0_c2c                L=40  B=8     m=128   inner=1      min=   599.383 us/xform  median=   601.517  sd=  0.29%      8.52 GF/s  setup=0.000 s
ducc0_c2c                L=40  B=8     m=128   inner=1      min=   606.019 us/xform  median=   607.756  sd=  0.27%      8.43 GF/s  setup=0.000 s
ducc0_c2c                L=40  B=8     m=2     inner=1      min=   791.206 us/xform  median=   791.206  sd=  0.00%      6.46 GF/s  setup=0.000 s
fftw3_custom             L=40  B=8     m=128   inner=1      min=   790.451 us/xform  median=   792.004  sd=  0.12%      6.46 GF/s  setup=0.000 s
fftw3_custom             L=40  B=8     m=128   inner=1      min=   776.236 us/xform  median=   777.618  sd=  0.07%      6.58 GF/s  setup=0.000 s
fftw3_custom             L=40  B=8     m=128   inner=1      min=   796.477 us/xform  median=   797.630  sd=  0.07%      6.41 GF/s  setup=0.000 s
fftw3_custom             L=40  B=8     m=2     inner=1      min=  1474.400 us/xform  median=  1474.400  sd=  0.00%      3.47 GF/s  setup=0.000 s
fftw3_custom_soa         L=40  B=8     m=128   inner=1      min=   422.408 us/xform  median=   423.342  sd=  0.17%     12.10 GF/s  setup=0.000 s
fftw3_custom_soa         L=40  B=8     m=128   inner=1      min=   426.874 us/xform  median=   427.530  sd=  0.13%     11.97 GF/s  setup=0.000 s
fftw3_custom_soa         L=40  B=8     m=128   inner=1      min=   424.819 us/xform  median=   425.494  sd=  0.09%     12.03 GF/s  setup=0.000 s
fftw3_custom_soa         L=40  B=8     m=2     inner=1      min=   909.601 us/xform  median=   909.601  sd=  0.00%      5.62 GF/s  setup=0.000 s
fftw3_estimate           L=40  B=8     m=128   inner=1      min=  1574.667 us/xform  median=  1579.251  sd=  0.60%      3.24 GF/s  setup=0.002 s
fftw3_estimate           L=40  B=8     m=128   inner=1      min=  1612.465 us/xform  median=  1614.590  sd=  0.09%      3.17 GF/s  setup=0.002 s
fftw3_estimate           L=40  B=8     m=128   inner=1      min=  1610.318 us/xform  median=  1612.786  sd=  0.10%      3.17 GF/s  setup=0.002 s
fftw3_estimate           L=40  B=8     m=2     inner=1      min=  1719.304 us/xform  median=  1719.304  sd=  0.00%      2.97 GF/s  setup=0.002 s
fftw3_guru               L=40  B=8     m=128   inner=1      min=   688.336 us/xform  median=   690.933  sd=  0.28%      7.42 GF/s  setup=0.158 s
fftw3_guru               L=40  B=8     m=128   inner=1      min=   683.883 us/xform  median=   688.287  sd=  0.41%      7.47 GF/s  setup=0.158 s
fftw3_guru               L=40  B=8     m=128   inner=1      min=   676.467 us/xform  median=   677.658  sd=  0.16%      7.55 GF/s  setup=0.153 s
fftw3_guru               L=40  B=8     m=2     inner=1      min=   839.427 us/xform  median=   839.427  sd=  0.00%      6.09 GF/s  setup=0.154 s
fftw3_measure            L=40  B=8     m=128   inner=1      min=   554.855 us/xform  median=   555.426  sd=  0.05%      9.21 GF/s  setup=0.154 s
fftw3_measure            L=40  B=8     m=128   inner=1      min=   553.123 us/xform  median=   553.408  sd=  0.03%      9.24 GF/s  setup=0.147 s
fftw3_measure            L=40  B=8     m=128   inner=1      min=   580.224 us/xform  median=   580.915  sd=  0.06%      8.81 GF/s  setup=0.154 s
fftw3_measure            L=40  B=8     m=2     inner=1      min=   735.539 us/xform  median=   735.539  sd=  0.00%      6.95 GF/s  setup=0.153 s
fftw3_patient            L=40  B=8     m=128   inner=1      min=   533.475 us/xform  median=   534.535  sd=  0.07%      9.58 GF/s  setup=1.443 s
fftw3_patient            L=40  B=8     m=128   inner=1      min=   525.836 us/xform  median=   526.056  sd=  0.03%      9.72 GF/s  setup=1.288 s
fftw3_patient            L=40  B=8     m=128   inner=1      min=   525.575 us/xform  median=   525.989  sd=  0.05%      9.72 GF/s  setup=1.443 s
fftw3_patient            L=40  B=8     m=2     inner=1      min=   597.330 us/xform  median=   597.330  sd=  0.00%      8.55 GF/s  setup=1.323 s
gen_bluestein            L=40  B=8     m=128   inner=1      min=   611.669 us/xform  median=   612.126  sd=  0.04%      8.35 GF/s  setup=0.000 s
gen_bluestein            L=40  B=8     m=128   inner=1      min=   611.505 us/xform  median=   611.831  sd=  0.03%      8.35 GF/s  setup=0.000 s
gen_bluestein            L=40  B=8     m=128   inner=1      min=   605.286 us/xform  median=   605.692  sd=  0.04%      8.44 GF/s  setup=0.000 s
gen_bluestein            L=40  B=8     m=2     inner=1      min=   774.557 us/xform  median=   774.557  sd=  0.00%      6.60 GF/s  setup=0.000 s
gen_layout               L=40  B=8     m=128   inner=1      min=   341.007 us/xform  median=   341.213  sd=  0.05%     14.98 GF/s  setup=0.001 s
gen_layout               L=40  B=8     m=128   inner=1      min=   328.658 us/xform  median=   328.703  sd=  0.02%     15.55 GF/s  setup=0.001 s
gen_layout               L=40  B=8     m=128   inner=1      min=   349.637 us/xform  median=   349.828  sd=  0.03%     14.61 GF/s  setup=0.001 s
gen_layout               L=40  B=8     m=2     inner=1      min=   430.873 us/xform  median=   430.873  sd=  0.00%     11.86 GF/s  setup=0.001 s
gen_pfa_large            L=40  B=8     m=128   inner=1      min=   160.276 us/xform  median=   160.384  sd=  0.05%     31.88 GF/s  setup=1.344 s
gen_pfa_large            L=40  B=8     m=128   inner=1      min=   160.846 us/xform  median=   160.915  sd=  8.54%     31.76 GF/s  setup=0.004 s
gen_pfa_large            L=40  B=8     m=128   inner=1      min=   160.167 us/xform  median=   160.240  sd= 10.55%     31.90 GF/s  setup=0.004 s
gen_pfa_large            L=40  B=8     m=2     inner=1      min=   222.469 us/xform  median=   222.469  sd=  0.00%     22.97 GF/s  setup=0.001 s
gen_planner              L=40  B=8     m=128   inner=1      min=   240.339 us/xform  median=   240.527  sd=  0.08%     21.26 GF/s  setup=0.162 s
gen_planner              L=40  B=8     m=128   inner=1      min=   247.542 us/xform  median=   247.647  sd=  0.11%     20.64 GF/s  setup=0.048 s
gen_planner              L=40  B=8     m=128   inner=1      min=   240.053 us/xform  median=   240.252  sd=  0.09%     21.28 GF/s  setup=0.047 s
gen_planner              L=40  B=8     m=2     inner=1      min=   769.624 us/xform  median=   769.624  sd=  0.00%      6.64 GF/s  setup=0.050 s
gen_race                 L=40  B=8     m=128   inner=1      min=   159.721 us/xform  median=   159.782  sd=  0.14%     31.99 GF/s  setup=0.565 s
gen_race                 L=40  B=8     m=128   inner=1      min=   167.756 us/xform  median=   167.876  sd= 10.88%     30.46 GF/s  setup=0.007 s
gen_race                 L=40  B=8     m=128   inner=1      min=   165.822 us/xform  median=   165.878  sd=  0.06%     30.81 GF/s  setup=0.006 s
gen_race                 L=40  B=8     m=2     inner=1      min=   231.624 us/xform  median=   231.624  sd=  0.00%     22.06 GF/s  setup=0.005 s
gen_twiddle              L=40  B=8     m=128   inner=1      min=   341.890 us/xform  median=   341.984  sd=  0.02%     14.94 GF/s  setup=0.006 s
gen_twiddle              L=40  B=8     m=128   inner=1      min=   342.343 us/xform  median=   342.406  sd=  0.04%     14.92 GF/s  setup=0.006 s
gen_twiddle              L=40  B=8     m=128   inner=1      min=   336.718 us/xform  median=   336.800  sd=  0.03%     15.17 GF/s  setup=0.007 s
gen_twiddle              L=40  B=8     m=2     inner=1      min=   462.219 us/xform  median=   462.219  sd=  0.00%     11.05 GF/s  setup=0.007 s
mkl2026_dfti             L=40  B=8     m=128   inner=1      min=   407.447 us/xform  median=   407.921  sd=  0.08%     12.54 GF/s  setup=0.003 s
mkl2026_dfti             L=40  B=8     m=128   inner=1      min=   408.437 us/xform  median=   409.000  sd=  0.10%     12.51 GF/s  setup=0.002 s
mkl2026_dfti             L=40  B=8     m=128   inner=1      min=   406.933 us/xform  median=   407.330  sd=  0.07%     12.56 GF/s  setup=0.002 s
mkl2026_dfti             L=40  B=8     m=2     inner=1      min=   748.329 us/xform  median=   748.329  sd=  0.00%      6.83 GF/s  setup=0.002 s
mkl_dfti                 L=40  B=8     m=128   inner=1      min=   410.016 us/xform  median=   411.185  sd=  0.15%     12.46 GF/s  setup=0.003 s
mkl_dfti                 L=40  B=8     m=128   inner=1      min=   408.434 us/xform  median=   408.701  sd=  0.07%     12.51 GF/s  setup=0.003 s
mkl_dfti                 L=40  B=8     m=128   inner=1      min=   407.116 us/xform  median=   407.596  sd=  0.14%     12.55 GF/s  setup=0.002 s
mkl_dfti                 L=40  B=8     m=2     inner=1      min=   581.971 us/xform  median=   581.971  sd=  0.00%      8.78 GF/s  setup=0.002 s
baseline_matrix          L=50  B=4     m=128   inner=1      min= 34127.009 us/xform  median= 34128.491  sd=  0.01%      0.31 GF/s  setup=0.000 s
baseline_matrix          L=50  B=4     m=128   inner=1      min= 34055.655 us/xform  median= 34082.907  sd=  0.03%      0.31 GF/s  setup=0.000 s
baseline_matrix          L=50  B=4     m=128   inner=1      min= 34462.468 us/xform  median= 34474.448  sd=  0.01%      0.31 GF/s  setup=0.000 s
baseline_matrix          L=50  B=4     m=2     inner=1      min= 34720.355 us/xform  median= 34720.355  sd=  0.00%      0.30 GF/s  setup=0.000 s
ducc0_c2c                L=50  B=4     m=128   inner=1      min=  1277.914 us/xform  median=  1282.381  sd=  0.19%      8.28 GF/s  setup=0.000 s
ducc0_c2c                L=50  B=4     m=128   inner=1      min=  1285.117 us/xform  median=  1288.870  sd=  0.26%      8.23 GF/s  setup=0.000 s
ducc0_c2c                L=50  B=4     m=128   inner=1      min=  1287.176 us/xform  median=  1292.438  sd=  0.27%      8.22 GF/s  setup=0.000 s
ducc0_c2c                L=50  B=4     m=2     inner=1      min=  1670.234 us/xform  median=  1670.234  sd=  0.00%      6.34 GF/s  setup=0.000 s
fftw3_custom             L=50  B=4     m=128   inner=1      min=  1712.958 us/xform  median=  1714.489  sd=  0.05%      6.18 GF/s  setup=0.000 s
fftw3_custom             L=50  B=4     m=128   inner=1      min=  1696.902 us/xform  median=  1700.094  sd=  0.08%      6.24 GF/s  setup=0.000 s
fftw3_custom             L=50  B=4     m=128   inner=1      min=  1696.108 us/xform  median=  1698.332  sd=  0.07%      6.24 GF/s  setup=0.000 s
fftw3_custom             L=50  B=4     m=2     inner=1      min=  3029.806 us/xform  median=  3029.806  sd=  0.00%      3.49 GF/s  setup=0.000 s
fftw3_estimate           L=50  B=4     m=128   inner=1      min=  1611.434 us/xform  median=  1612.148  sd=  0.04%      6.57 GF/s  setup=0.003 s
fftw3_estimate           L=50  B=4     m=128   inner=1      min=  1619.503 us/xform  median=  1620.541  sd=  0.05%      6.53 GF/s  setup=0.003 s
fftw3_estimate           L=50  B=4     m=128   inner=1      min=  1616.852 us/xform  median=  1619.470  sd=  0.14%      6.54 GF/s  setup=0.003 s
fftw3_estimate           L=50  B=4     m=2     inner=1      min=  2033.455 us/xform  median=  2033.455  sd=  0.00%      5.20 GF/s  setup=0.003 s
fftw3_guru               L=50  B=4     m=128   inner=1      min=  1681.341 us/xform  median=  1683.331  sd=  0.09%      6.29 GF/s  setup=0.116 s
fftw3_guru               L=50  B=4     m=128   inner=1      min=  1656.935 us/xform  median=  1660.047  sd=  0.73%      6.39 GF/s  setup=0.116 s
fftw3_guru               L=50  B=4     m=128   inner=1      min=  1650.009 us/xform  median=  1652.359  sd=  0.10%      6.41 GF/s  setup=0.106 s
fftw3_guru               L=50  B=4     m=2     inner=1      min=  1962.611 us/xform  median=  1962.611  sd=  0.00%      5.39 GF/s  setup=0.115 s
fftw3_measure            L=50  B=4     m=128   inner=1      min=  1203.598 us/xform  median=  1204.128  sd=  0.03%      8.79 GF/s  setup=0.092 s
fftw3_measure            L=50  B=4     m=128   inner=1      min=  1216.420 us/xform  median=  1219.550  sd=  0.11%      8.70 GF/s  setup=0.092 s
fftw3_measure            L=50  B=4     m=128   inner=1      min=  1223.458 us/xform  median=  1224.838  sd=  0.12%      8.65 GF/s  setup=0.088 s
fftw3_measure            L=50  B=4     m=2     inner=1      min=  1378.458 us/xform  median=  1378.458  sd=  0.00%      7.68 GF/s  setup=0.091 s
fftw3_patient            L=50  B=4     m=128   inner=1      min=  1171.567 us/xform  median=  1172.077  sd=  0.03%      9.03 GF/s  setup=1.322 s
fftw3_patient            L=50  B=4     m=128   inner=1      min=  1174.533 us/xform  median=  1175.214  sd=  0.03%      9.01 GF/s  setup=1.316 s
fftw3_patient            L=50  B=4     m=128   inner=1      min=  1180.846 us/xform  median=  1181.803  sd=  0.05%      8.96 GF/s  setup=1.357 s
fftw3_patient            L=50  B=4     m=2     inner=1      min=  1297.784 us/xform  median=  1297.784  sd=  0.00%      8.15 GF/s  setup=1.122 s
gen_bluestein            L=50  B=4     m=128   inner=1      min=  1402.176 us/xform  median=  1403.062  sd=  0.03%      7.55 GF/s  setup=0.000 s
gen_bluestein            L=50  B=4     m=128   inner=1      min=  1380.520 us/xform  median=  1381.474  sd=  0.03%      7.67 GF/s  setup=0.000 s
gen_bluestein            L=50  B=4     m=128   inner=1      min=  1392.483 us/xform  median=  1393.096  sd=  0.05%      7.60 GF/s  setup=0.000 s
gen_bluestein            L=50  B=4     m=2     inner=1      min=  1755.840 us/xform  median=  1755.840  sd=  0.00%      6.03 GF/s  setup=0.000 s
gen_layout               L=50  B=4     m=128   inner=1      min=   933.125 us/xform  median=   933.393  sd=  0.02%     11.34 GF/s  setup=0.001 s
gen_layout               L=50  B=4     m=128   inner=1      min=   923.055 us/xform  median=   923.572  sd=  0.03%     11.46 GF/s  setup=0.001 s
gen_layout               L=50  B=4     m=128   inner=1      min=   970.119 us/xform  median=   970.391  sd=  0.03%     10.91 GF/s  setup=0.001 s
gen_layout               L=50  B=4     m=2     inner=1      min=  1162.043 us/xform  median=  1162.043  sd=  0.00%      9.11 GF/s  setup=0.001 s
gen_pfa_large            L=50  B=4     m=128   inner=1      min=   437.059 us/xform  median=   437.148  sd=  0.04%     24.21 GF/s  setup=1.924 s
gen_pfa_large            L=50  B=4     m=128   inner=1      min=   438.505 us/xform  median=   438.726  sd=  0.63%     24.13 GF/s  setup=0.003 s
gen_pfa_large            L=50  B=4     m=128   inner=1      min=   442.307 us/xform  median=   442.370  sd=  0.05%     23.93 GF/s  setup=0.001 s
gen_pfa_large            L=50  B=4     m=2     inner=1      min=   606.833 us/xform  median=   606.833  sd=  0.00%     17.44 GF/s  setup=0.002 s
gen_planner              L=50  B=4     m=128   inner=1      min=   563.424 us/xform  median=   563.663  sd=  0.05%     18.78 GF/s  setup=0.054 s
gen_planner              L=50  B=4     m=128   inner=1      min=   567.092 us/xform  median=   567.503  sd=  0.04%     18.66 GF/s  setup=0.011 s
gen_planner              L=50  B=4     m=128   inner=1      min=   564.291 us/xform  median=   564.742  sd=  0.04%     18.75 GF/s  setup=0.009 s
gen_planner              L=50  B=4     m=2     inner=1      min=   828.822 us/xform  median=   828.822  sd=  0.00%     12.77 GF/s  setup=0.010 s
gen_powp                 L=50  B=4     m=128   inner=1      min=   417.400 us/xform  median=   417.915  sd=  0.06%     25.35 GF/s  setup=1.444 s
gen_powp                 L=50  B=4     m=128   inner=1      min=   425.807 us/xform  median=   425.890  sd=  0.03%     24.85 GF/s  setup=0.002 s
gen_powp                 L=50  B=4     m=128   inner=1      min=   427.190 us/xform  median=   427.288  sd=  0.04%     24.77 GF/s  setup=0.001 s
gen_powp                 L=50  B=4     m=2     inner=1      min=   571.071 us/xform  median=   571.071  sd=  0.00%     18.53 GF/s  setup=0.003 s
gen_race                 L=50  B=4     m=128   inner=1      min=   426.946 us/xform  median=   427.032  sd=  0.08%     24.79 GF/s  setup=0.449 s
gen_race                 L=50  B=4     m=128   inner=1      min=   423.412 us/xform  median=   423.592  sd=  3.33%     24.99 GF/s  setup=0.008 s
gen_race                 L=50  B=4     m=128   inner=1      min=   419.645 us/xform  median=   419.780  sd=  0.04%     25.22 GF/s  setup=0.007 s
gen_race                 L=50  B=4     m=2     inner=1      min=   523.514 us/xform  median=   523.514  sd=  0.00%     20.21 GF/s  setup=0.006 s
gen_twiddle              L=50  B=4     m=128   inner=1      min=   717.093 us/xform  median=   717.169  sd=  0.02%     14.76 GF/s  setup=0.011 s
gen_twiddle              L=50  B=4     m=128   inner=1      min=   716.949 us/xform  median=   717.063  sd=  0.03%     14.76 GF/s  setup=0.010 s
gen_twiddle              L=50  B=4     m=128   inner=1      min=   716.529 us/xform  median=   716.569  sd=  0.02%     14.77 GF/s  setup=0.010 s
gen_twiddle              L=50  B=4     m=2     inner=1      min=  1042.313 us/xform  median=  1042.313  sd=  0.00%     10.15 GF/s  setup=0.013 s
mkl2026_dfti             L=50  B=4     m=128   inner=1      min=   967.402 us/xform  median=   968.555  sd=  0.12%     10.94 GF/s  setup=0.046 s
mkl2026_dfti             L=50  B=4     m=128   inner=1      min=   963.258 us/xform  median=   963.842  sd=  0.04%     10.99 GF/s  setup=0.051 s
mkl2026_dfti             L=50  B=4     m=128   inner=1      min=   964.996 us/xform  median=   966.029  sd=  0.05%     10.97 GF/s  setup=0.050 s
mkl2026_dfti             L=50  B=4     m=2     inner=1      min=  1625.666 us/xform  median=  1625.666  sd=  0.00%      6.51 GF/s  setup=0.047 s
mkl_dfti                 L=50  B=4     m=128   inner=1      min=   951.936 us/xform  median=   954.529  sd=  0.20%     11.12 GF/s  setup=0.030 s
mkl_dfti                 L=50  B=4     m=128   inner=1      min=   952.318 us/xform  median=   955.057  sd=  0.17%     11.11 GF/s  setup=0.049 s
mkl_dfti                 L=50  B=4     m=128   inner=1      min=   952.233 us/xform  median=   954.717  sd=  0.15%     11.11 GF/s  setup=0.050 s
mkl_dfti                 L=50  B=4     m=2     inner=1      min=  1577.945 us/xform  median=  1577.945  sd=  0.00%      6.71 GF/s  setup=0.051 s
baseline_matrix          L=100 B=1     m=2     inner=1      min=610858.191 us/xform  median=610858.191  sd=  0.00%      0.16 GF/s  setup=0.000 s
ducc0_c2c                L=100 B=1     m=64    inner=1      min= 11956.129 us/xform  median= 12004.040  sd=  0.48%      8.34 GF/s  setup=0.000 s
ducc0_c2c                L=100 B=1     m=64    inner=1      min= 11853.516 us/xform  median= 11908.939  sd=  0.48%      8.41 GF/s  setup=0.000 s
ducc0_c2c                L=100 B=1     m=64    inner=1      min= 11755.649 us/xform  median= 11807.553  sd=  0.49%      8.48 GF/s  setup=0.000 s
ducc0_c2c                L=100 B=1     m=2     inner=1      min= 14578.314 us/xform  median= 14578.314  sd=  0.00%      6.84 GF/s  setup=0.000 s
fftw3_estimate           L=100 B=1     m=64    inner=1      min= 20601.715 us/xform  median= 20612.092  sd=  0.03%      4.84 GF/s  setup=0.002 s
fftw3_estimate           L=100 B=1     m=64    inner=1      min= 20587.439 us/xform  median= 20595.636  sd=  0.03%      4.84 GF/s  setup=0.002 s
fftw3_estimate           L=100 B=1     m=64    inner=1      min= 20713.020 us/xform  median= 20719.527  sd=  0.03%      4.81 GF/s  setup=0.002 s
fftw3_estimate           L=100 B=1     m=2     inner=1      min= 21542.159 us/xform  median= 21542.159  sd=  0.00%      4.63 GF/s  setup=0.002 s
fftw3_guru               L=100 B=1     m=64    inner=1      min= 14322.691 us/xform  median= 14334.608  sd=  0.08%      6.96 GF/s  setup=0.332 s
fftw3_guru               L=100 B=1     m=64    inner=1      min= 14387.926 us/xform  median= 14407.515  sd=  0.07%      6.93 GF/s  setup=0.343 s
fftw3_guru               L=100 B=1     m=64    inner=1      min= 14529.914 us/xform  median= 14542.892  sd=  0.09%      6.86 GF/s  setup=0.363 s
fftw3_guru               L=100 B=1     m=2     inner=1      min= 16348.016 us/xform  median= 16348.016  sd=  0.00%      6.10 GF/s  setup=0.334 s
fftw3_measure            L=100 B=1     m=64    inner=1      min= 10920.059 us/xform  median= 10926.447  sd=  0.04%      9.13 GF/s  setup=0.278 s
fftw3_measure            L=100 B=1     m=64    inner=1      min= 11032.058 us/xform  median= 11044.284  sd=  0.06%      9.03 GF/s  setup=0.277 s
fftw3_measure            L=100 B=1     m=64    inner=1      min= 11949.416 us/xform  median= 11959.432  sd=  0.04%      8.34 GF/s  setup=0.316 s
fftw3_measure            L=100 B=1     m=2     inner=1      min= 11750.525 us/xform  median= 11750.525  sd=  0.00%      8.48 GF/s  setup=0.276 s
fftw3_patient            L=100 B=1     m=64    inner=1      min= 10005.774 us/xform  median= 10013.367  sd=  0.05%      9.96 GF/s  setup=17.630 s
fftw3_patient            L=100 B=1     m=64    inner=1      min= 10205.034 us/xform  median= 10225.927  sd=  0.12%      9.77 GF/s  setup=17.659 s
fftw3_patient            L=100 B=1     m=64    inner=1      min= 10204.732 us/xform  median= 10214.735  sd=  0.05%      9.77 GF/s  setup=17.627 s
fftw3_patient            L=100 B=1     m=2     inner=1      min= 10540.272 us/xform  median= 10540.272  sd=  0.00%      9.45 GF/s  setup=17.254 s
gen_bluestein            L=100 B=1     m=64    inner=1      min= 14182.698 us/xform  median= 14204.024  sd=  0.05%      7.03 GF/s  setup=0.000 s
gen_bluestein            L=100 B=1     m=64    inner=1      min= 14159.411 us/xform  median= 14170.812  sd=  0.04%      7.04 GF/s  setup=0.000 s
gen_bluestein            L=100 B=1     m=64    inner=1      min= 14214.257 us/xform  median= 14225.054  sd=  0.04%      7.01 GF/s  setup=0.000 s
gen_bluestein            L=100 B=1     m=2     inner=1      min= 17132.938 us/xform  median= 17132.938  sd=  0.00%      5.82 GF/s  setup=0.000 s
gen_layout               L=100 B=1     m=64    inner=1      min=  9240.961 us/xform  median=  9246.471  sd=  0.05%     10.78 GF/s  setup=0.004 s
gen_layout               L=100 B=1     m=64    inner=1      min=  9207.251 us/xform  median=  9212.993  sd=  0.05%     10.82 GF/s  setup=0.005 s
gen_layout               L=100 B=1     m=64    inner=1      min=  9131.464 us/xform  median=  9133.334  sd=  0.05%     10.91 GF/s  setup=0.006 s
gen_layout               L=100 B=1     m=2     inner=1      min=  9712.580 us/xform  median=  9712.580  sd=  0.00%     10.26 GF/s  setup=0.005 s
gen_pfa_large            L=100 B=1     m=64    inner=1      min=  4612.851 us/xform  median=  4620.715  sd=  0.18%     21.60 GF/s  setup=4.220 s
gen_pfa_large            L=100 B=1     m=64    inner=1      min=  4521.705 us/xform  median=  4527.801  sd=  0.11%     22.04 GF/s  setup=0.002 s
gen_pfa_large            L=100 B=1     m=64    inner=1      min=  4606.152 us/xform  median=  4611.289  sd=  0.09%     21.64 GF/s  setup=0.003 s
gen_pfa_large            L=100 B=1     m=2     inner=1      min=  6241.424 us/xform  median=  6241.424  sd=  0.00%     15.97 GF/s  setup=0.003 s
gen_planner              L=100 B=1     m=64    inner=1      min=  4978.945 us/xform  median=  4982.792  sd=  0.15%     20.02 GF/s  setup=0.287 s
gen_planner              L=100 B=1     m=64    inner=1      min=  4976.415 us/xform  median=  4981.718  sd=  0.09%     20.03 GF/s  setup=0.068 s
gen_planner              L=100 B=1     m=64    inner=1      min=  5094.251 us/xform  median=  5098.696  sd=  0.06%     19.56 GF/s  setup=0.081 s
gen_planner              L=100 B=1     m=2     inner=1      min=  6161.829 us/xform  median=  6161.829  sd=  0.00%     16.17 GF/s  setup=0.072 s
gen_powp                 L=100 B=1     m=64    inner=1      min=  4812.032 us/xform  median=  4814.810  sd=  0.05%     20.71 GF/s  setup=3.309 s
gen_powp                 L=100 B=1     m=64    inner=1      min=  5118.315 us/xform  median=  5121.375  sd=  0.05%     19.47 GF/s  setup=0.002 s
gen_powp                 L=100 B=1     m=64    inner=1      min=  4807.365 us/xform  median=  4820.073  sd=  0.13%     20.73 GF/s  setup=0.003 s
gen_powp                 L=100 B=1     m=2     inner=1      min=  5401.626 us/xform  median=  5401.626  sd=  0.00%     18.45 GF/s  setup=0.002 s
gen_race                 L=100 B=1     m=64    inner=1      min=  4633.899 us/xform  median=  4639.434  sd=  0.22%     21.51 GF/s  setup=1.743 s
gen_race                 L=100 B=1     m=64    inner=1      min=  4516.288 us/xform  median=  4519.608  sd=  0.11%     22.07 GF/s  setup=0.009 s
gen_race                 L=100 B=1     m=64    inner=1      min=  4878.939 us/xform  median=  4884.146  sd=  0.11%     20.43 GF/s  setup=0.007 s
gen_race                 L=100 B=1     m=2     inner=1      min=  5626.207 us/xform  median=  5626.207  sd=  0.00%     17.71 GF/s  setup=0.008 s
gen_twiddle              L=100 B=1     m=64    inner=1      min=  7478.604 us/xform  median=  7481.739  sd=  0.06%     13.33 GF/s  setup=0.085 s
gen_twiddle              L=100 B=1     m=64    inner=1      min=  7503.188 us/xform  median=  7509.286  sd=  0.06%     13.28 GF/s  setup=0.087 s
gen_twiddle              L=100 B=1     m=64    inner=1      min=  7548.822 us/xform  median=  7560.616  sd=  0.09%     13.20 GF/s  setup=0.073 s
gen_twiddle              L=100 B=1     m=2     inner=1      min=  8888.309 us/xform  median=  8888.309  sd=  0.00%     11.21 GF/s  setup=0.081 s
mkl2026_dfti             L=100 B=1     m=64    inner=1      min=  7854.688 us/xform  median=  7860.742  sd=  0.05%     12.69 GF/s  setup=0.050 s
mkl2026_dfti             L=100 B=1     m=64    inner=1      min=  7888.364 us/xform  median=  7895.019  sd=  0.06%     12.63 GF/s  setup=0.050 s
mkl2026_dfti             L=100 B=1     m=64    inner=1      min=  7849.767 us/xform  median=  7853.062  sd=  0.06%     12.70 GF/s  setup=0.048 s
mkl2026_dfti             L=100 B=1     m=2     inner=1      min= 10679.538 us/xform  median= 10679.538  sd=  0.00%      9.33 GF/s  setup=0.046 s
mkl_dfti                 L=100 B=1     m=64    inner=1      min=  7832.919 us/xform  median=  7842.608  sd=  0.07%     12.72 GF/s  setup=0.030 s
mkl_dfti                 L=100 B=1     m=64    inner=1      min=  7821.592 us/xform  median=  7831.301  sd=  0.06%     12.74 GF/s  setup=0.051 s
mkl_dfti                 L=100 B=1     m=64    inner=1      min=  7816.123 us/xform  median=  7822.955  sd=  0.07%     12.75 GF/s  setup=0.049 s
mkl_dfti                 L=100 B=1     m=2     inner=1      min= 11002.232 us/xform  median= 11002.232  sd=  0.00%      9.06 GF/s  setup=0.047 s
