baseline_dft             L=13  B=1     m=1     inner=108458 min=     0.293 us/xform  median=     0.293  sd=  0.07%      0.82 GF/s  setup=0.000 s
baseline_dft             L=13  B=1     m=1     inner=114992 min=     0.293 us/xform  median=     0.293  sd=  0.01%      0.82 GF/s  setup=0.000 s
baseline_dft             L=13  B=1     m=1     inner=69440  min=     0.355 us/xform  median=     0.355  sd=  0.02%      0.68 GF/s  setup=0.000 s
baseline_dft             L=13  B=1     m=1     inner=93878  min=     0.353 us/xform  median=     0.353  sd=  0.01%      0.68 GF/s  setup=0.000 s
baseline_dft             L=13  B=1     m=1     inner=65372  min=     0.293 us/xform  median=     0.293  sd=  0.95%      0.82 GF/s  setup=0.000 s
baseline_dft             L=13  B=1     m=1     inner=110126 min=     0.293 us/xform  median=     0.293  sd=  0.01%      0.82 GF/s  setup=0.000 s
baseline_dft             L=13  B=1     m=1     inner=72304  min=     0.293 us/xform  median=     0.293  sd=  0.73%      0.82 GF/s  setup=0.000 s
baseline_dft             L=13  B=1     m=1     inner=67108  min=     0.353 us/xform  median=     0.353  sd=  0.02%      0.68 GF/s  setup=0.000 s
baseline_dft             L=13  B=1     m=1     inner=71462  min=     0.293 us/xform  median=     0.293  sd=  0.56%      0.82 GF/s  setup=0.000 s
d1_batchlane             L=13  B=1     m=1     inner=614884 min=     0.049 us/xform  median=     0.049  sd=  0.15%      4.92 GF/s  setup=0.000 s
d1_batchlane             L=13  B=1     m=1     inner=908018 min=     0.044 us/xform  median=     0.044  sd=  0.20%      5.50 GF/s  setup=0.000 s
d1_batchlane             L=13  B=1     m=1     inner=559736 min=     0.043 us/xform  median=     0.044  sd=  8.37%      5.55 GF/s  setup=0.000 s
d1_batchlane             L=13  B=1     m=1     inner=686670 min=     0.046 us/xform  median=     0.046  sd=  0.08%      5.25 GF/s  setup=0.000 s
d1_batchlane             L=13  B=1     m=1     inner=695124 min=     0.043 us/xform  median=     0.044  sd=  0.25%      5.54 GF/s  setup=0.000 s
d1_batchlane             L=13  B=1     m=1     inner=384272 min=     0.052 us/xform  median=     0.052  sd=  0.21%      4.66 GF/s  setup=0.000 s
d1_batchlane             L=13  B=1     m=1     inner=891574 min=     0.044 us/xform  median=     0.045  sd=  0.18%      5.42 GF/s  setup=0.000 s
d1_batchlane             L=13  B=1     m=1     inner=698220 min=     0.038 us/xform  median=     0.038  sd=  0.15%      6.29 GF/s  setup=0.000 s
d1_batchlane             L=13  B=1     m=1     inner=716690 min=     0.044 us/xform  median=     0.044  sd=  0.24%      5.50 GF/s  setup=0.000 s
d1_bluestein             L=13  B=1     m=1     inner=259514 min=     0.093 us/xform  median=     0.094  sd=  0.83%      2.57 GF/s  setup=0.000 s
d1_bluestein             L=13  B=1     m=1     inner=284404 min=     0.095 us/xform  median=     0.096  sd=  0.43%      2.52 GF/s  setup=0.000 s
d1_bluestein             L=13  B=1     m=1     inner=261888 min=     0.094 us/xform  median=     0.095  sd=  0.17%      2.55 GF/s  setup=0.000 s
d1_bluestein             L=13  B=1     m=1     inner=172488 min=     0.114 us/xform  median=     0.115  sd=  0.28%      2.11 GF/s  setup=0.000 s
d1_bluestein             L=13  B=1     m=1     inner=224280 min=     0.115 us/xform  median=     0.116  sd=  0.43%      2.08 GF/s  setup=0.000 s
d1_bluestein             L=13  B=1     m=1     inner=177112 min=     0.094 us/xform  median=     0.095  sd=  1.82%      2.56 GF/s  setup=0.000 s
d1_bluestein             L=13  B=1     m=1     inner=234696 min=     0.117 us/xform  median=     0.118  sd=  0.29%      2.06 GF/s  setup=0.000 s
d1_bluestein             L=13  B=1     m=1     inner=268434 min=     0.095 us/xform  median=     0.095  sd=  0.44%      2.54 GF/s  setup=0.000 s
d1_bluestein             L=13  B=1     m=1     inner=173884 min=     0.113 us/xform  median=     0.114  sd=  0.16%      2.12 GF/s  setup=0.000 s
d1_planner               L=13  B=1     m=1     inner=331656 min=     0.108 us/xform  median=     0.108  sd=  0.28%      2.22 GF/s  setup=0.000 s
d1_planner               L=13  B=1     m=1     inner=183544 min=     0.108 us/xform  median=     0.108  sd=  0.31%      2.23 GF/s  setup=0.000 s
d1_planner               L=13  B=1     m=1     inner=242652 min=     0.089 us/xform  median=     0.090  sd=  0.35%      2.69 GF/s  setup=0.000 s
d1_planner               L=13  B=1     m=1     inner=181222 min=     0.108 us/xform  median=     0.108  sd=  0.21%      2.23 GF/s  setup=0.000 s
d1_planner               L=13  B=1     m=1     inner=175662 min=     0.112 us/xform  median=     0.113  sd=  0.39%      2.15 GF/s  setup=0.000 s
d1_planner               L=13  B=1     m=1     inner=336200 min=     0.089 us/xform  median=     0.090  sd=  0.39%      2.69 GF/s  setup=0.000 s
d1_planner               L=13  B=1     m=1     inner=181990 min=     0.108 us/xform  median=     0.108  sd=  0.39%      2.23 GF/s  setup=0.000 s
d1_planner               L=13  B=1     m=1     inner=224866 min=     0.108 us/xform  median=     0.108  sd=  0.20%      2.22 GF/s  setup=0.000 s
d1_planner               L=13  B=1     m=1     inner=312928 min=     0.109 us/xform  median=     0.109  sd=  0.19%      2.22 GF/s  setup=0.000 s
d1_prime                 L=13  B=1     m=1     inner=1586328 min=     0.025 us/xform  median=     0.025  sd=  0.10%      9.67 GF/s  setup=0.000 s
d1_prime                 L=13  B=1     m=1     inner=1307914 min=     0.025 us/xform  median=     0.025  sd=  0.43%      9.62 GF/s  setup=0.000 s
d1_prime                 L=13  B=1     m=1     inner=1270808 min=     0.025 us/xform  median=     0.025  sd=  0.08%      9.75 GF/s  setup=0.000 s
d1_prime                 L=13  B=1     m=1     inner=811412 min=     0.025 us/xform  median=     0.025  sd=  0.13%      9.75 GF/s  setup=0.000 s
d1_prime                 L=13  B=1     m=1     inner=1252904 min=     0.025 us/xform  median=     0.025  sd=  0.15%      9.51 GF/s  setup=0.000 s
d1_prime                 L=13  B=1     m=1     inner=1537014 min=     0.026 us/xform  median=     0.026  sd=  0.36%      9.36 GF/s  setup=0.000 s
d1_prime                 L=13  B=1     m=1     inner=1225850 min=     0.025 us/xform  median=     0.025  sd=  0.12%      9.78 GF/s  setup=0.000 s
d1_prime                 L=13  B=1     m=1     inner=770385 min=     0.026 us/xform  median=     0.026  sd=  0.72%      9.30 GF/s  setup=0.000 s
d1_prime                 L=13  B=1     m=1     inner=1263094 min=     0.025 us/xform  median=     0.025  sd=  0.09%      9.74 GF/s  setup=0.000 s
d1_race                  L=13  B=1     m=1     inner=1577422 min=     0.018 us/xform  median=     0.018  sd=  1.09%     13.38 GF/s  setup=0.061 s
d1_race                  L=13  B=1     m=1     inner=1195408 min=     0.025 us/xform  median=     0.025  sd=  0.31%      9.52 GF/s  setup=0.008 s
d1_race                  L=13  B=1     m=1     inner=1246676 min=     0.025 us/xform  median=     0.025  sd=  0.33%      9.52 GF/s  setup=0.008 s
d1_race                  L=13  B=1     m=1     inner=1192398 min=     0.025 us/xform  median=     0.025  sd=  0.28%      9.52 GF/s  setup=0.007 s
d1_race                  L=13  B=1     m=1     inner=1245270 min=     0.025 us/xform  median=     0.025  sd=  0.10%      9.51 GF/s  setup=0.007 s
d1_race                  L=13  B=1     m=1     inner=1242072 min=     0.025 us/xform  median=     0.025  sd=  0.28%      9.51 GF/s  setup=0.006 s
d1_race                  L=13  B=1     m=1     inner=1572458 min=     0.025 us/xform  median=     0.025  sd=  0.18%      9.52 GF/s  setup=0.006 s
d1_race                  L=13  B=1     m=1     inner=1240142 min=     0.025 us/xform  median=     0.025  sd=  0.29%      9.52 GF/s  setup=0.007 s
d1_race                  L=13  B=1     m=1     inner=1224776 min=     0.026 us/xform  median=     0.026  sd=  0.08%      9.32 GF/s  setup=0.006 s
d1_rader                 L=13  B=1     m=1     inner=296128 min=     0.135 us/xform  median=     0.135  sd=  0.26%      1.78 GF/s  setup=0.000 s
d1_rader                 L=13  B=1     m=1     inner=242412 min=     0.130 us/xform  median=     0.130  sd=  0.37%      1.86 GF/s  setup=0.000 s
d1_rader                 L=13  B=1     m=1     inner=305778 min=     0.130 us/xform  median=     0.131  sd=  0.33%      1.86 GF/s  setup=0.000 s
d1_rader                 L=13  B=1     m=1     inner=238026 min=     0.129 us/xform  median=     0.130  sd=  0.28%      1.86 GF/s  setup=0.000 s
d1_rader                 L=13  B=1     m=1     inner=248028 min=     0.129 us/xform  median=     0.130  sd=  0.48%      1.86 GF/s  setup=0.000 s
d1_rader                 L=13  B=1     m=1     inner=245124 min=     0.131 us/xform  median=     0.132  sd=  0.50%      1.84 GF/s  setup=0.000 s
d1_rader                 L=13  B=1     m=1     inner=240360 min=     0.131 us/xform  median=     0.132  sd=  0.29%      1.83 GF/s  setup=0.000 s
d1_rader                 L=13  B=1     m=1     inner=237902 min=     0.132 us/xform  median=     0.133  sd=  0.33%      1.82 GF/s  setup=0.000 s
d1_rader                 L=13  B=1     m=1     inner=300526 min=     0.132 us/xform  median=     0.132  sd=  0.17%      1.82 GF/s  setup=0.000 s
fftw1d_custom            L=13  B=1     m=1     inner=269332 min=     0.057 us/xform  median=     0.057  sd=  0.47%      4.24 GF/s  setup=0.000 s
fftw1d_custom            L=13  B=1     m=1     inner=566108 min=     0.057 us/xform  median=     0.057  sd=  0.10%      4.23 GF/s  setup=0.000 s
fftw1d_custom            L=13  B=1     m=1     inner=559158 min=     0.057 us/xform  median=     0.057  sd=  0.14%      4.24 GF/s  setup=0.000 s
fftw1d_custom            L=13  B=1     m=1     inner=556758 min=     0.057 us/xform  median=     0.057  sd=  0.13%      4.24 GF/s  setup=0.000 s
fftw1d_custom            L=13  B=1     m=1     inner=702770 min=     0.057 us/xform  median=     0.057  sd=  0.08%      4.23 GF/s  setup=0.000 s
fftw1d_custom            L=13  B=1     m=1     inner=568580 min=     0.057 us/xform  median=     0.057  sd=  0.12%      4.24 GF/s  setup=0.000 s
fftw1d_custom            L=13  B=1     m=1     inner=543890 min=     0.057 us/xform  median=     0.057  sd=  0.12%      4.24 GF/s  setup=0.000 s
fftw1d_custom            L=13  B=1     m=1     inner=553216 min=     0.057 us/xform  median=     0.057  sd=  0.12%      4.24 GF/s  setup=0.000 s
fftw1d_custom            L=13  B=1     m=1     inner=546030 min=     0.057 us/xform  median=     0.057  sd=  0.11%      4.22 GF/s  setup=0.000 s
fftw1d_estimate          L=13  B=1     m=1     inner=732002 min=     0.027 us/xform  median=     0.027  sd=  0.16%      8.86 GF/s  setup=0.001 s
fftw1d_estimate          L=13  B=1     m=1     inner=1195984 min=     0.026 us/xform  median=     0.026  sd=  0.07%      9.11 GF/s  setup=0.001 s
fftw1d_estimate          L=13  B=1     m=1     inner=1151134 min=     0.028 us/xform  median=     0.028  sd=  0.11%      8.71 GF/s  setup=0.001 s
fftw1d_estimate          L=13  B=1     m=1     inner=752425 min=     0.027 us/xform  median=     0.027  sd=  0.14%      9.08 GF/s  setup=0.001 s
fftw1d_estimate          L=13  B=1     m=1     inner=1136074 min=     0.028 us/xform  median=     0.028  sd=  0.04%      8.64 GF/s  setup=0.001 s
fftw1d_estimate          L=13  B=1     m=1     inner=1159004 min=     0.027 us/xform  median=     0.027  sd=  0.12%      8.84 GF/s  setup=0.001 s
fftw1d_estimate          L=13  B=1     m=1     inner=1196018 min=     0.027 us/xform  median=     0.027  sd=  0.10%      8.94 GF/s  setup=0.001 s
fftw1d_estimate          L=13  B=1     m=1     inner=1197050 min=     0.026 us/xform  median=     0.026  sd=  0.20%      9.12 GF/s  setup=0.001 s
fftw1d_estimate          L=13  B=1     m=1     inner=1188400 min=     0.026 us/xform  median=     0.026  sd=  0.13%      9.11 GF/s  setup=0.001 s
fftw1d_measure           L=13  B=1     m=1     inner=1486408 min=     0.027 us/xform  median=     0.027  sd=  0.07%      8.98 GF/s  setup=0.001 s
fftw1d_measure           L=13  B=1     m=1     inner=1200970 min=     0.026 us/xform  median=     0.026  sd=  0.15%      9.11 GF/s  setup=0.001 s
fftw1d_measure           L=13  B=1     m=1     inner=1178302 min=     0.027 us/xform  median=     0.027  sd=  0.12%      8.99 GF/s  setup=0.001 s
fftw1d_measure           L=13  B=1     m=1     inner=1200630 min=     0.026 us/xform  median=     0.026  sd=  0.10%      9.11 GF/s  setup=0.001 s
fftw1d_measure           L=13  B=1     m=1     inner=1191548 min=     0.026 us/xform  median=     0.026  sd=  0.14%      9.13 GF/s  setup=0.001 s
fftw1d_measure           L=13  B=1     m=1     inner=1086440 min=     0.030 us/xform  median=     0.030  sd=  0.10%      8.10 GF/s  setup=0.001 s
fftw1d_measure           L=13  B=1     m=1     inner=1207890 min=     0.026 us/xform  median=     0.026  sd=  0.12%      9.12 GF/s  setup=0.001 s
fftw1d_measure           L=13  B=1     m=1     inner=1198066 min=     0.026 us/xform  median=     0.026  sd=  0.09%      9.11 GF/s  setup=0.001 s
fftw1d_measure           L=13  B=1     m=1     inner=1127116 min=     0.028 us/xform  median=     0.028  sd=  0.05%      8.59 GF/s  setup=0.001 s
fftw1d_patient           L=13  B=1     m=1     inner=709166 min=     0.028 us/xform  median=     0.028  sd=  0.11%      8.55 GF/s  setup=0.002 s
fftw1d_patient           L=13  B=1     m=1     inner=1204242 min=     0.026 us/xform  median=     0.026  sd=  0.12%      9.12 GF/s  setup=0.001 s
fftw1d_patient           L=13  B=1     m=1     inner=1484042 min=     0.027 us/xform  median=     0.027  sd=  0.07%      8.97 GF/s  setup=0.001 s
fftw1d_patient           L=13  B=1     m=1     inner=1434272 min=     0.028 us/xform  median=     0.028  sd=  0.06%      8.67 GF/s  setup=0.001 s
fftw1d_patient           L=13  B=1     m=1     inner=1502162 min=     0.026 us/xform  median=     0.026  sd=  0.12%      9.11 GF/s  setup=0.001 s
fftw1d_patient           L=13  B=1     m=1     inner=1162812 min=     0.026 us/xform  median=     0.026  sd=  0.09%      9.11 GF/s  setup=0.001 s
fftw1d_patient           L=13  B=1     m=1     inner=1183872 min=     0.026 us/xform  median=     0.026  sd=  0.10%      9.11 GF/s  setup=0.001 s
fftw1d_patient           L=13  B=1     m=1     inner=1141856 min=     0.026 us/xform  median=     0.026  sd=  0.13%      9.09 GF/s  setup=0.001 s
fftw1d_patient           L=13  B=1     m=1     inner=1462934 min=     0.027 us/xform  median=     0.027  sd=  0.06%      8.87 GF/s  setup=0.001 s
mkl1d_dfti               L=13  B=1     m=1     inner=904948 min=     0.026 us/xform  median=     0.026  sd=  0.56%      9.29 GF/s  setup=0.048 s
mkl1d_dfti               L=13  B=1     m=1     inner=585862 min=     0.034 us/xform  median=     0.034  sd=  0.40%      7.04 GF/s  setup=0.034 s
mkl1d_dfti               L=13  B=1     m=1     inner=736437 min=     0.027 us/xform  median=     0.027  sd=  0.18%      8.86 GF/s  setup=0.036 s
mkl1d_dfti               L=13  B=1     m=1     inner=1536226 min=     0.026 us/xform  median=     0.026  sd=  0.12%      9.26 GF/s  setup=0.013 s
mkl1d_dfti               L=13  B=1     m=1     inner=772241 min=     0.026 us/xform  median=     0.026  sd=  0.39%      9.29 GF/s  setup=0.031 s
mkl1d_dfti               L=13  B=1     m=1     inner=771858 min=     0.026 us/xform  median=     0.026  sd=  0.17%      9.30 GF/s  setup=0.031 s
mkl1d_dfti               L=13  B=1     m=1     inner=772983 min=     0.026 us/xform  median=     0.026  sd=  0.27%      9.27 GF/s  setup=0.031 s
mkl1d_dfti               L=13  B=1     m=1     inner=1234728 min=     0.026 us/xform  median=     0.026  sd=  0.40%      9.29 GF/s  setup=0.015 s
mkl1d_dfti               L=13  B=1     m=1     inner=773101 min=     0.026 us/xform  median=     0.026  sd=  0.32%      9.30 GF/s  setup=0.031 s
baseline_dft             L=31  B=1     m=1     inner=19390  min=     1.998 us/xform  median=     1.998  sd=  0.01%      0.38 GF/s  setup=0.000 s
baseline_dft             L=31  B=1     m=1     inner=15330  min=     1.998 us/xform  median=     1.998  sd=  0.01%      0.38 GF/s  setup=0.000 s
baseline_dft             L=31  B=1     m=1     inner=14722  min=     1.998 us/xform  median=     1.998  sd=  0.02%      0.38 GF/s  setup=0.000 s
baseline_dft             L=31  B=1     m=1     inner=9725   min=     1.998 us/xform  median=     1.998  sd=  0.13%      0.38 GF/s  setup=0.000 s
baseline_dft             L=31  B=1     m=1     inner=14710  min=     1.655 us/xform  median=     1.655  sd=  0.09%      0.46 GF/s  setup=0.000 s
baseline_dft             L=31  B=1     m=1     inner=23202  min=     1.655 us/xform  median=     1.655  sd=  0.01%      0.46 GF/s  setup=0.000 s
baseline_dft             L=31  B=1     m=1     inner=15776  min=     1.998 us/xform  median=     1.998  sd=  0.01%      0.38 GF/s  setup=0.000 s
baseline_dft             L=31  B=1     m=1     inner=9460   min=     1.998 us/xform  median=     1.999  sd=  0.03%      0.38 GF/s  setup=0.000 s
baseline_dft             L=31  B=1     m=1     inner=14708  min=     1.998 us/xform  median=     1.998  sd=  0.01%      0.38 GF/s  setup=0.000 s
d1_batchlane             L=31  B=1     m=1     inner=240745 min=     0.079 us/xform  median=     0.079  sd=  2.66%      9.77 GF/s  setup=0.000 s
d1_batchlane             L=31  B=1     m=1     inner=313454 min=     0.091 us/xform  median=     0.092  sd=  0.12%      8.41 GF/s  setup=0.000 s
d1_batchlane             L=31  B=1     m=1     inner=349502 min=     0.089 us/xform  median=     0.090  sd=  0.17%      8.60 GF/s  setup=0.000 s
d1_batchlane             L=31  B=1     m=1     inner=341308 min=     0.092 us/xform  median=     0.092  sd=  0.14%      8.35 GF/s  setup=0.000 s
d1_batchlane             L=31  B=1     m=1     inner=332430 min=     0.095 us/xform  median=     0.095  sd=  0.09%      8.11 GF/s  setup=0.000 s
d1_batchlane             L=31  B=1     m=1     inner=342466 min=     0.080 us/xform  median=     0.080  sd=  0.23%      9.59 GF/s  setup=0.000 s
d1_batchlane             L=31  B=1     m=1     inner=503816 min=     0.079 us/xform  median=     0.079  sd=  0.14%      9.77 GF/s  setup=0.000 s
d1_batchlane             L=31  B=1     m=1     inner=342046 min=     0.090 us/xform  median=     0.090  sd=  0.14%      8.58 GF/s  setup=0.000 s
d1_batchlane             L=31  B=1     m=1     inner=345002 min=     0.091 us/xform  median=     0.091  sd=  0.22%      8.44 GF/s  setup=0.000 s
d1_bluestein             L=31  B=1     m=1     inner=65672  min=     0.324 us/xform  median=     0.325  sd=  0.46%      2.37 GF/s  setup=0.000 s
d1_bluestein             L=31  B=1     m=1     inner=89946  min=     0.320 us/xform  median=     0.322  sd=  0.39%      2.40 GF/s  setup=0.000 s
d1_bluestein             L=31  B=1     m=1     inner=66742  min=     0.318 us/xform  median=     0.320  sd=  0.33%      2.42 GF/s  setup=0.000 s
d1_bluestein             L=31  B=1     m=1     inner=71462  min=     0.323 us/xform  median=     0.325  sd=  0.50%      2.38 GF/s  setup=0.000 s
d1_bluestein             L=31  B=1     m=1     inner=89852  min=     0.327 us/xform  median=     0.328  sd=  0.34%      2.35 GF/s  setup=0.000 s
d1_bluestein             L=31  B=1     m=1     inner=88646  min=     0.327 us/xform  median=     0.329  sd=  0.34%      2.35 GF/s  setup=0.000 s
d1_bluestein             L=31  B=1     m=1     inner=78734  min=     0.279 us/xform  median=     0.327  sd=  4.36%      2.76 GF/s  setup=0.000 s
d1_bluestein             L=31  B=1     m=1     inner=93580  min=     0.325 us/xform  median=     0.327  sd=  0.35%      2.36 GF/s  setup=0.000 s
d1_bluestein             L=31  B=1     m=1     inner=62516  min=     0.263 us/xform  median=     0.266  sd=  1.81%      2.92 GF/s  setup=0.000 s
d1_planner               L=31  B=1     m=1     inner=73836  min=     0.532 us/xform  median=     0.532  sd=  0.04%      1.44 GF/s  setup=0.000 s
d1_planner               L=31  B=1     m=1     inner=67584  min=     0.531 us/xform  median=     0.532  sd=  0.05%      1.45 GF/s  setup=0.000 s
d1_planner               L=31  B=1     m=1     inner=51590  min=     0.440 us/xform  median=     0.441  sd=  0.29%      1.74 GF/s  setup=0.000 s
d1_planner               L=31  B=1     m=1     inner=51528  min=     0.531 us/xform  median=     0.531  sd=  0.03%      1.45 GF/s  setup=0.000 s
d1_planner               L=31  B=1     m=1     inner=39916  min=     0.441 us/xform  median=     0.441  sd=  3.58%      1.74 GF/s  setup=0.000 s
d1_planner               L=31  B=1     m=1     inner=80656  min=     0.441 us/xform  median=     0.441  sd=  0.08%      1.74 GF/s  setup=0.000 s
d1_planner               L=31  B=1     m=1     inner=49566  min=     0.533 us/xform  median=     0.534  sd=  0.07%      1.44 GF/s  setup=0.000 s
d1_planner               L=31  B=1     m=1     inner=50706  min=     0.440 us/xform  median=     0.441  sd=  0.25%      1.74 GF/s  setup=0.000 s
d1_planner               L=31  B=1     m=1     inner=50828  min=     0.533 us/xform  median=     0.533  sd=  0.08%      1.44 GF/s  setup=0.000 s
d1_prime                 L=31  B=1     m=1     inner=318964 min=     0.060 us/xform  median=     0.060  sd=  1.96%     12.79 GF/s  setup=0.000 s
d1_prime                 L=31  B=1     m=1     inner=509918 min=     0.060 us/xform  median=     0.060  sd=  0.08%     12.71 GF/s  setup=0.000 s
d1_prime                 L=31  B=1     m=1     inner=478122 min=     0.066 us/xform  median=     0.066  sd=  0.01%     11.60 GF/s  setup=0.000 s
d1_prime                 L=31  B=1     m=1     inner=534198 min=     0.053 us/xform  median=     0.053  sd=  0.13%     14.51 GF/s  setup=0.000 s
d1_prime                 L=31  B=1     m=1     inner=481266 min=     0.066 us/xform  median=     0.066  sd=  0.05%     11.61 GF/s  setup=0.000 s
d1_prime                 L=31  B=1     m=1     inner=498616 min=     0.058 us/xform  median=     0.058  sd=  0.05%     13.18 GF/s  setup=0.000 s
d1_prime                 L=31  B=1     m=1     inner=707442 min=     0.057 us/xform  median=     0.057  sd=  0.05%     13.49 GF/s  setup=0.000 s
d1_prime                 L=31  B=1     m=1     inner=512824 min=     0.061 us/xform  median=     0.061  sd=  0.10%     12.65 GF/s  setup=0.000 s
d1_prime                 L=31  B=1     m=1     inner=536684 min=     0.052 us/xform  median=     0.052  sd=  0.02%     14.83 GF/s  setup=0.000 s
d1_race                  L=31  B=1     m=1     inner=634460 min=     0.063 us/xform  median=     0.063  sd=  0.06%     12.24 GF/s  setup=0.082 s
d1_race                  L=31  B=1     m=1     inner=493964 min=     0.066 us/xform  median=     0.066  sd=  0.03%     11.59 GF/s  setup=0.009 s
d1_race                  L=31  B=1     m=1     inner=486756 min=     0.065 us/xform  median=     0.065  sd=  0.09%     11.89 GF/s  setup=0.006 s
d1_race                  L=31  B=1     m=1     inner=452854 min=     0.067 us/xform  median=     0.067  sd=  0.13%     11.54 GF/s  setup=0.008 s
d1_race                  L=31  B=1     m=1     inner=460032 min=     0.068 us/xform  median=     0.068  sd=  0.10%     11.26 GF/s  setup=0.007 s
d1_race                  L=31  B=1     m=1     inner=510320 min=     0.059 us/xform  median=     0.059  sd=  0.04%     13.04 GF/s  setup=0.009 s
d1_race                  L=31  B=1     m=1     inner=535234 min=     0.059 us/xform  median=     0.059  sd=  0.02%     13.04 GF/s  setup=0.008 s
d1_race                  L=31  B=1     m=1     inner=485328 min=     0.062 us/xform  median=     0.062  sd=  0.07%     12.36 GF/s  setup=0.007 s
d1_race                  L=31  B=1     m=1     inner=516264 min=     0.061 us/xform  median=     0.061  sd=  0.06%     12.57 GF/s  setup=0.006 s
d1_rader                 L=31  B=1     m=1     inner=89466  min=     0.391 us/xform  median=     0.445  sd=  5.59%      1.97 GF/s  setup=0.000 s
d1_rader                 L=31  B=1     m=1     inner=71816  min=     0.432 us/xform  median=     0.433  sd=  0.09%      1.78 GF/s  setup=0.000 s
d1_rader                 L=31  B=1     m=1     inner=73464  min=     0.433 us/xform  median=     0.434  sd=  0.08%      1.77 GF/s  setup=0.000 s
d1_rader                 L=31  B=1     m=1     inner=90830  min=     0.438 us/xform  median=     0.438  sd=  0.06%      1.75 GF/s  setup=0.000 s
d1_rader                 L=31  B=1     m=1     inner=91454  min=     0.435 us/xform  median=     0.436  sd=  0.10%      1.77 GF/s  setup=0.000 s
d1_rader                 L=31  B=1     m=1     inner=91878  min=     0.379 us/xform  median=     0.380  sd=  0.49%      2.02 GF/s  setup=0.000 s
d1_rader                 L=31  B=1     m=1     inner=52475  min=     0.379 us/xform  median=     0.380  sd=  0.45%      2.03 GF/s  setup=0.000 s
d1_rader                 L=31  B=1     m=1     inner=51608  min=     0.387 us/xform  median=     0.387  sd=  0.18%      1.99 GF/s  setup=0.000 s
d1_rader                 L=31  B=1     m=1     inner=73526  min=     0.379 us/xform  median=     0.379  sd=  0.06%      2.03 GF/s  setup=0.000 s
fftw1d_custom            L=31  B=1     m=1     inner=94810  min=     0.180 us/xform  median=     0.181  sd=  2.33%      4.26 GF/s  setup=0.000 s
fftw1d_custom            L=31  B=1     m=1     inner=95762  min=     0.179 us/xform  median=     0.180  sd=  1.59%      4.28 GF/s  setup=0.000 s
fftw1d_custom            L=31  B=1     m=1     inner=134638 min=     0.180 us/xform  median=     0.180  sd=  0.22%      4.28 GF/s  setup=0.000 s
fftw1d_custom            L=31  B=1     m=1     inner=132764 min=     0.179 us/xform  median=     0.180  sd=  0.24%      4.30 GF/s  setup=0.000 s
fftw1d_custom            L=31  B=1     m=1     inner=96084  min=     0.180 us/xform  median=     0.181  sd=  1.68%      4.27 GF/s  setup=0.000 s
fftw1d_custom            L=31  B=1     m=1     inner=93878  min=     0.178 us/xform  median=     0.179  sd=  1.81%      4.31 GF/s  setup=0.000 s
fftw1d_custom            L=31  B=1     m=1     inner=96190  min=     0.178 us/xform  median=     0.179  sd=  1.31%      4.31 GF/s  setup=0.000 s
fftw1d_custom            L=31  B=1     m=1     inner=150436 min=     0.180 us/xform  median=     0.181  sd=  0.29%      4.26 GF/s  setup=0.000 s
fftw1d_custom            L=31  B=1     m=1     inner=166956 min=     0.178 us/xform  median=     0.179  sd=  0.33%      4.32 GF/s  setup=0.000 s
fftw1d_estimate          L=31  B=1     m=1     inner=85812  min=     0.317 us/xform  median=     0.317  sd=  0.08%      2.42 GF/s  setup=0.001 s
fftw1d_estimate          L=31  B=1     m=1     inner=74114  min=     0.314 us/xform  median=     0.315  sd=  0.13%      2.45 GF/s  setup=0.001 s
fftw1d_estimate          L=31  B=1     m=1     inner=68718  min=     0.330 us/xform  median=     0.332  sd=  0.13%      2.32 GF/s  setup=0.001 s
fftw1d_estimate          L=31  B=1     m=1     inner=75218  min=     0.318 us/xform  median=     0.318  sd=  0.07%      2.42 GF/s  setup=0.001 s
fftw1d_estimate          L=31  B=1     m=1     inner=81266  min=     0.329 us/xform  median=     0.331  sd=  0.12%      2.33 GF/s  setup=0.001 s
fftw1d_estimate          L=31  B=1     m=1     inner=97280  min=     0.314 us/xform  median=     0.315  sd=  0.14%      2.45 GF/s  setup=0.001 s
fftw1d_estimate          L=31  B=1     m=1     inner=52926  min=     0.265 us/xform  median=     0.266  sd=  2.41%      2.90 GF/s  setup=0.001 s
fftw1d_estimate          L=31  B=1     m=1     inner=72610  min=     0.260 us/xform  median=     0.261  sd=  0.68%      2.95 GF/s  setup=0.001 s
fftw1d_estimate          L=31  B=1     m=1     inner=103868 min=     0.260 us/xform  median=     0.261  sd=  0.12%      2.96 GF/s  setup=0.001 s
fftw1d_measure           L=31  B=1     m=1     inner=62976  min=     0.318 us/xform  median=     0.318  sd=  0.10%      2.42 GF/s  setup=0.043 s
fftw1d_measure           L=31  B=1     m=1     inner=87296  min=     0.321 us/xform  median=     0.321  sd=  0.08%      2.39 GF/s  setup=0.043 s
fftw1d_measure           L=31  B=1     m=1     inner=86766  min=     0.313 us/xform  median=     0.315  sd=  0.17%      2.45 GF/s  setup=0.043 s
fftw1d_measure           L=31  B=1     m=1     inner=68828  min=     0.316 us/xform  median=     0.318  sd=  0.13%      2.43 GF/s  setup=0.043 s
fftw1d_measure           L=31  B=1     m=1     inner=89788  min=     0.316 us/xform  median=     0.317  sd=  0.14%      2.43 GF/s  setup=0.043 s
fftw1d_measure           L=31  B=1     m=1     inner=75948  min=     0.313 us/xform  median=     0.315  sd=  0.18%      2.45 GF/s  setup=0.043 s
fftw1d_measure           L=31  B=1     m=1     inner=71822  min=     0.315 us/xform  median=     0.317  sd=  0.17%      2.43 GF/s  setup=0.043 s
fftw1d_measure           L=31  B=1     m=1     inner=89478  min=     0.317 us/xform  median=     0.319  sd=  0.12%      2.42 GF/s  setup=0.043 s
fftw1d_measure           L=31  B=1     m=1     inner=84964  min=     0.317 us/xform  median=     0.318  sd=  0.10%      2.42 GF/s  setup=0.043 s
fftw1d_patient           L=31  B=1     m=1     inner=77246  min=     0.318 us/xform  median=     0.319  sd=  0.10%      2.42 GF/s  setup=0.121 s
fftw1d_patient           L=31  B=1     m=1     inner=85048  min=     0.326 us/xform  median=     0.327  sd=  0.12%      2.36 GF/s  setup=0.121 s
fftw1d_patient           L=31  B=1     m=1     inner=68066  min=     0.315 us/xform  median=     0.317  sd=  0.14%      2.43 GF/s  setup=0.119 s
fftw1d_patient           L=31  B=1     m=1     inner=90134  min=     0.315 us/xform  median=     0.316  sd=  0.12%      2.44 GF/s  setup=0.119 s
fftw1d_patient           L=31  B=1     m=1     inner=89014  min=     0.273 us/xform  median=     0.329  sd=  8.02%      2.82 GF/s  setup=0.119 s
fftw1d_patient           L=31  B=1     m=1     inner=85216  min=     0.317 us/xform  median=     0.319  sd=  0.13%      2.42 GF/s  setup=0.120 s
fftw1d_patient           L=31  B=1     m=1     inner=81964  min=     0.324 us/xform  median=     0.325  sd=  0.08%      2.37 GF/s  setup=0.120 s
fftw1d_patient           L=31  B=1     m=1     inner=101776 min=     0.264 us/xform  median=     0.264  sd=  7.63%      2.91 GF/s  setup=0.120 s
fftw1d_patient           L=31  B=1     m=1     inner=114838 min=     0.264 us/xform  median=     0.265  sd=  0.14%      2.91 GF/s  setup=0.119 s
mkl1d_dfti               L=31  B=1     m=1     inner=66536  min=     0.279 us/xform  median=     0.280  sd=  2.42%      2.75 GF/s  setup=0.047 s
mkl1d_dfti               L=31  B=1     m=1     inner=105010 min=     0.279 us/xform  median=     0.280  sd=  0.06%      2.75 GF/s  setup=0.035 s
mkl1d_dfti               L=31  B=1     m=1     inner=86156  min=     0.279 us/xform  median=     0.280  sd=  0.07%      2.75 GF/s  setup=0.014 s
mkl1d_dfti               L=31  B=1     m=1     inner=85984  min=     0.281 us/xform  median=     0.281  sd=  0.06%      2.73 GF/s  setup=0.014 s
mkl1d_dfti               L=31  B=1     m=1     inner=103120 min=     0.279 us/xform  median=     0.280  sd=  0.09%      2.75 GF/s  setup=0.014 s
mkl1d_dfti               L=31  B=1     m=1     inner=86070  min=     0.279 us/xform  median=     0.280  sd=  0.07%      2.75 GF/s  setup=0.034 s
mkl1d_dfti               L=31  B=1     m=1     inner=87472  min=     0.232 us/xform  median=     0.280  sd=  7.10%      3.31 GF/s  setup=0.014 s
mkl1d_dfti               L=31  B=1     m=1     inner=106442 min=     0.232 us/xform  median=     0.232  sd=  0.06%      3.32 GF/s  setup=0.014 s
mkl1d_dfti               L=31  B=1     m=1     inner=125400 min=     0.231 us/xform  median=     0.232  sd=  0.09%      3.32 GF/s  setup=0.035 s
baseline_dft             L=32  B=1     m=1     inner=20692  min=     1.763 us/xform  median=     1.764  sd=  0.62%      0.45 GF/s  setup=0.000 s
baseline_dft             L=32  B=1     m=1     inner=13794  min=     2.128 us/xform  median=     2.129  sd=  0.02%      0.38 GF/s  setup=0.000 s
baseline_dft             L=32  B=1     m=1     inner=18198  min=     2.128 us/xform  median=     2.128  sd=  0.02%      0.38 GF/s  setup=0.000 s
baseline_dft             L=32  B=1     m=1     inner=18232  min=     2.128 us/xform  median=     2.128  sd=  0.00%      0.38 GF/s  setup=0.000 s
baseline_dft             L=32  B=1     m=1     inner=14466  min=     1.763 us/xform  median=     1.764  sd=  0.06%      0.45 GF/s  setup=0.000 s
baseline_dft             L=32  B=1     m=1     inner=21664  min=     1.763 us/xform  median=     1.763  sd=  0.02%      0.45 GF/s  setup=0.000 s
baseline_dft             L=32  B=1     m=1     inner=21996  min=     1.763 us/xform  median=     1.763  sd=  0.01%      0.45 GF/s  setup=0.000 s
baseline_dft             L=32  B=1     m=1     inner=14492  min=     2.128 us/xform  median=     2.129  sd=  0.02%      0.38 GF/s  setup=0.000 s
baseline_dft             L=32  B=1     m=1     inner=10959  min=     1.764 us/xform  median=     1.764  sd=  2.69%      0.45 GF/s  setup=0.000 s
d1_batchlane             L=32  B=1     m=1     inner=684492 min=     0.058 us/xform  median=     0.058  sd=  0.01%     13.75 GF/s  setup=0.000 s
d1_batchlane             L=32  B=1     m=1     inner=685156 min=     0.058 us/xform  median=     0.058  sd=  0.02%     13.74 GF/s  setup=0.000 s
d1_batchlane             L=32  B=1     m=1     inner=402556 min=     0.075 us/xform  median=     0.077  sd=  0.82%     10.61 GF/s  setup=0.000 s
d1_batchlane             L=32  B=1     m=1     inner=462522 min=     0.066 us/xform  median=     0.066  sd=  0.01%     12.08 GF/s  setup=0.000 s
d1_batchlane             L=32  B=1     m=1     inner=258363 min=     0.077 us/xform  median=     0.077  sd=  0.03%     10.35 GF/s  setup=0.000 s
d1_batchlane             L=32  B=1     m=1     inner=476914 min=     0.058 us/xform  median=     0.058  sd=  0.04%     13.75 GF/s  setup=0.000 s
d1_batchlane             L=32  B=1     m=1     inner=684394 min=     0.058 us/xform  median=     0.058  sd=  0.02%     13.75 GF/s  setup=0.000 s
d1_batchlane             L=32  B=1     m=1     inner=684788 min=     0.058 us/xform  median=     0.058  sd=  0.02%     13.75 GF/s  setup=0.000 s
d1_batchlane             L=32  B=1     m=1     inner=477036 min=     0.066 us/xform  median=     0.066  sd=  0.01%     12.06 GF/s  setup=0.000 s
d1_bluestein             L=32  B=1     m=1     inner=378960 min=     0.107 us/xform  median=     0.107  sd=  0.09%      7.51 GF/s  setup=0.000 s
d1_bluestein             L=32  B=1     m=1     inner=194342 min=     0.110 us/xform  median=     0.110  sd=  0.27%      7.30 GF/s  setup=0.000 s
d1_bluestein             L=32  B=1     m=1     inner=329116 min=     0.114 us/xform  median=     0.115  sd=  0.22%      7.00 GF/s  setup=0.000 s
d1_bluestein             L=32  B=1     m=1     inner=329116 min=     0.099 us/xform  median=     0.100  sd=  0.17%      8.04 GF/s  setup=0.000 s
d1_bluestein             L=32  B=1     m=1     inner=357744 min=     0.110 us/xform  median=     0.110  sd=  0.09%      7.28 GF/s  setup=0.000 s
d1_bluestein             L=32  B=1     m=1     inner=308988 min=     0.103 us/xform  median=     0.103  sd=  0.10%      7.76 GF/s  setup=0.000 s
d1_bluestein             L=32  B=1     m=1     inner=215286 min=     0.099 us/xform  median=     0.100  sd=  0.22%      8.06 GF/s  setup=0.000 s
d1_bluestein             L=32  B=1     m=1     inner=209510 min=     0.099 us/xform  median=     0.100  sd=  0.22%      8.06 GF/s  setup=0.000 s
d1_bluestein             L=32  B=1     m=1     inner=294980 min=     0.108 us/xform  median=     0.108  sd=  0.05%      7.43 GF/s  setup=0.000 s
d1_planner               L=32  B=1     m=1     inner=159072 min=     0.156 us/xform  median=     0.157  sd=  0.28%      5.12 GF/s  setup=0.000 s
d1_planner               L=32  B=1     m=1     inner=176384 min=     0.150 us/xform  median=     0.151  sd=  0.15%      5.32 GF/s  setup=0.000 s
d1_planner               L=32  B=1     m=1     inner=170096 min=     0.150 us/xform  median=     0.151  sd=  0.31%      5.33 GF/s  setup=0.000 s
d1_planner               L=32  B=1     m=1     inner=131144 min=     0.154 us/xform  median=     0.154  sd=  0.17%      5.20 GF/s  setup=0.000 s
d1_planner               L=32  B=1     m=1     inner=228152 min=     0.150 us/xform  median=     0.151  sd=  0.13%      5.32 GF/s  setup=0.000 s
d1_planner               L=32  B=1     m=1     inner=135274 min=     0.150 us/xform  median=     0.151  sd=  0.31%      5.32 GF/s  setup=0.000 s
d1_planner               L=32  B=1     m=1     inner=163930 min=     0.155 us/xform  median=     0.156  sd=  0.22%      5.17 GF/s  setup=0.000 s
d1_planner               L=32  B=1     m=1     inner=168100 min=     0.154 us/xform  median=     0.155  sd=  0.23%      5.19 GF/s  setup=0.000 s
d1_planner               L=32  B=1     m=1     inner=206450 min=     0.150 us/xform  median=     0.151  sd=  0.29%      5.32 GF/s  setup=0.000 s
d1_pow2                  L=32  B=1     m=1     inner=1227894 min=     0.025 us/xform  median=     0.025  sd=  0.56%     31.94 GF/s  setup=0.000 s
d1_pow2                  L=32  B=1     m=1     inner=1515130 min=     0.021 us/xform  median=     0.021  sd=  0.12%     38.48 GF/s  setup=0.000 s
d1_pow2                  L=32  B=1     m=1     inner=1931854 min=     0.020 us/xform  median=     0.021  sd=  0.87%     39.22 GF/s  setup=0.000 s
d1_pow2                  L=32  B=1     m=1     inner=1500176 min=     0.021 us/xform  median=     0.021  sd=  0.58%     37.66 GF/s  setup=0.000 s
d1_pow2                  L=32  B=1     m=1     inner=1897714 min=     0.020 us/xform  median=     0.021  sd=  0.48%     39.16 GF/s  setup=0.000 s
d1_pow2                  L=32  B=1     m=1     inner=819233 min=     0.024 us/xform  median=     0.024  sd=  0.16%     33.20 GF/s  setup=0.000 s
d1_pow2                  L=32  B=1     m=1     inner=1404034 min=     0.021 us/xform  median=     0.021  sd=  0.19%     37.64 GF/s  setup=0.000 s
d1_pow2                  L=32  B=1     m=1     inner=1471936 min=     0.021 us/xform  median=     0.021  sd=  0.41%     37.63 GF/s  setup=0.000 s
d1_pow2                  L=32  B=1     m=1     inner=1545282 min=     0.020 us/xform  median=     0.020  sd=  0.07%     39.30 GF/s  setup=0.000 s
d1_race                  L=32  B=1     m=1     inner=954858 min=     0.021 us/xform  median=     0.021  sd=  0.71%     38.47 GF/s  setup=0.075 s
d1_race                  L=32  B=1     m=1     inner=1514444 min=     0.021 us/xform  median=     0.021  sd=  0.38%     38.41 GF/s  setup=0.010 s
d1_race                  L=32  B=1     m=1     inner=1084930 min=     0.029 us/xform  median=     0.029  sd=  0.26%     27.62 GF/s  setup=0.008 s
d1_race                  L=32  B=1     m=1     inner=1063056 min=     0.028 us/xform  median=     0.028  sd=  0.25%     28.50 GF/s  setup=0.010 s
d1_race                  L=32  B=1     m=1     inner=1288384 min=     0.024 us/xform  median=     0.024  sd=  0.39%     32.74 GF/s  setup=0.009 s
d1_race                  L=32  B=1     m=1     inner=1798166 min=     0.022 us/xform  median=     0.022  sd=  0.39%     36.35 GF/s  setup=0.006 s
d1_race                  L=32  B=1     m=1     inner=1344024 min=     0.029 us/xform  median=     0.030  sd=  0.49%     27.31 GF/s  setup=0.005 s
d1_race                  L=32  B=1     m=1     inner=1477572 min=     0.021 us/xform  median=     0.022  sd=  0.41%     37.47 GF/s  setup=0.006 s
d1_race                  L=32  B=1     m=1     inner=1401044 min=     0.022 us/xform  median=     0.023  sd=  0.48%     35.62 GF/s  setup=0.006 s
d1_twiddle               L=32  B=1     m=1     inner=249706 min=     0.092 us/xform  median=     0.093  sd=  0.56%      8.67 GF/s  setup=0.000 s
d1_twiddle               L=32  B=1     m=1     inner=334676 min=     0.094 us/xform  median=     0.095  sd=  0.48%      8.53 GF/s  setup=0.000 s
d1_twiddle               L=32  B=1     m=1     inner=367088 min=     0.092 us/xform  median=     0.093  sd=  0.37%      8.67 GF/s  setup=0.000 s
d1_twiddle               L=32  B=1     m=1     inner=257954 min=     0.094 us/xform  median=     0.095  sd=  0.73%      8.54 GF/s  setup=0.000 s
d1_twiddle               L=32  B=1     m=1     inner=229676 min=     0.092 us/xform  median=     0.093  sd=  0.53%      8.69 GF/s  setup=0.000 s
d1_twiddle               L=32  B=1     m=1     inner=375924 min=     0.093 us/xform  median=     0.093  sd=  0.52%      8.63 GF/s  setup=0.000 s
d1_twiddle               L=32  B=1     m=1     inner=355688 min=     0.093 us/xform  median=     0.094  sd=  0.38%      8.57 GF/s  setup=0.000 s
d1_twiddle               L=32  B=1     m=1     inner=349236 min=     0.093 us/xform  median=     0.093  sd=  0.28%      8.64 GF/s  setup=0.000 s
d1_twiddle               L=32  B=1     m=1     inner=256414 min=     0.094 us/xform  median=     0.094  sd=  0.38%      8.54 GF/s  setup=0.000 s
fftw1d_custom            L=32  B=1     m=1     inner=203070 min=     0.109 us/xform  median=     0.109  sd=  0.12%      7.37 GF/s  setup=0.000 s
fftw1d_custom            L=32  B=1     m=1     inner=305688 min=     0.112 us/xform  median=     0.113  sd=  0.16%      7.11 GF/s  setup=0.000 s
fftw1d_custom            L=32  B=1     m=1     inner=288658 min=     0.110 us/xform  median=     0.110  sd=  0.18%      7.29 GF/s  setup=0.000 s
fftw1d_custom            L=32  B=1     m=1     inner=184452 min=     0.108 us/xform  median=     0.108  sd=  0.08%      7.39 GF/s  setup=0.000 s
fftw1d_custom            L=32  B=1     m=1     inner=207486 min=     0.112 us/xform  median=     0.113  sd=  0.17%      7.13 GF/s  setup=0.000 s
fftw1d_custom            L=32  B=1     m=1     inner=312928 min=     0.108 us/xform  median=     0.108  sd=  0.19%      7.39 GF/s  setup=0.000 s
fftw1d_custom            L=32  B=1     m=1     inner=310104 min=     0.109 us/xform  median=     0.110  sd=  0.21%      7.32 GF/s  setup=0.000 s
fftw1d_custom            L=32  B=1     m=1     inner=282228 min=     0.111 us/xform  median=     0.111  sd=  0.26%      7.24 GF/s  setup=0.000 s
fftw1d_custom            L=32  B=1     m=1     inner=312928 min=     0.108 us/xform  median=     0.108  sd=  0.10%      7.38 GF/s  setup=0.000 s
fftw1d_estimate          L=32  B=1     m=1     inner=749804 min=     0.050 us/xform  median=     0.051  sd=  0.27%     15.86 GF/s  setup=0.001 s
fftw1d_estimate          L=32  B=1     m=1     inner=593866 min=     0.051 us/xform  median=     0.051  sd=  0.44%     15.83 GF/s  setup=0.001 s
fftw1d_estimate          L=32  B=1     m=1     inner=671300 min=     0.047 us/xform  median=     0.048  sd=  0.29%     16.90 GF/s  setup=0.001 s
fftw1d_estimate          L=32  B=1     m=1     inner=660802 min=     0.047 us/xform  median=     0.047  sd=  0.27%     16.95 GF/s  setup=0.001 s
fftw1d_estimate          L=32  B=1     m=1     inner=833072 min=     0.047 us/xform  median=     0.047  sd=  0.19%     16.94 GF/s  setup=0.001 s
fftw1d_estimate          L=32  B=1     m=1     inner=420099 min=     0.047 us/xform  median=     0.047  sd=  0.26%     16.98 GF/s  setup=0.001 s
fftw1d_estimate          L=32  B=1     m=1     inner=635418 min=     0.047 us/xform  median=     0.048  sd=  0.12%     16.87 GF/s  setup=0.001 s
fftw1d_estimate          L=32  B=1     m=1     inner=665052 min=     0.047 us/xform  median=     0.047  sd=  0.24%     16.96 GF/s  setup=0.001 s
fftw1d_estimate          L=32  B=1     m=1     inner=584862 min=     0.054 us/xform  median=     0.054  sd=  0.19%     14.92 GF/s  setup=0.001 s
fftw1d_measure           L=32  B=1     m=1     inner=1059918 min=     0.037 us/xform  median=     0.037  sd=  0.38%     21.58 GF/s  setup=0.008 s
fftw1d_measure           L=32  B=1     m=1     inner=850868 min=     0.039 us/xform  median=     0.039  sd=  0.78%     20.62 GF/s  setup=0.008 s
fftw1d_measure           L=32  B=1     m=1     inner=918936 min=     0.036 us/xform  median=     0.037  sd=  0.60%     22.07 GF/s  setup=0.008 s
fftw1d_measure           L=32  B=1     m=1     inner=834152 min=     0.041 us/xform  median=     0.041  sd=  0.49%     19.43 GF/s  setup=0.008 s
fftw1d_measure           L=32  B=1     m=1     inner=868268 min=     0.038 us/xform  median=     0.039  sd=  1.00%     20.83 GF/s  setup=0.008 s
fftw1d_measure           L=32  B=1     m=1     inner=1064390 min=     0.037 us/xform  median=     0.037  sd=  0.45%     21.65 GF/s  setup=0.007 s
fftw1d_measure           L=32  B=1     m=1     inner=846584 min=     0.040 us/xform  median=     0.040  sd=  0.56%     20.11 GF/s  setup=0.008 s
fftw1d_measure           L=32  B=1     m=1     inner=886614 min=     0.037 us/xform  median=     0.038  sd=  0.45%     21.42 GF/s  setup=0.008 s
fftw1d_measure           L=32  B=1     m=1     inner=854608 min=     0.040 us/xform  median=     0.040  sd=  0.32%     20.14 GF/s  setup=0.008 s
fftw1d_patient           L=32  B=1     m=1     inner=519733 min=     0.038 us/xform  median=     0.039  sd=  0.76%     20.95 GF/s  setup=0.015 s
fftw1d_patient           L=32  B=1     m=1     inner=1018964 min=     0.039 us/xform  median=     0.039  sd=  0.46%     20.50 GF/s  setup=0.015 s
fftw1d_patient           L=32  B=1     m=1     inner=867962 min=     0.040 us/xform  median=     0.041  sd=  6.69%     19.86 GF/s  setup=0.015 s
fftw1d_patient           L=32  B=1     m=1     inner=1156850 min=     0.034 us/xform  median=     0.034  sd=  0.41%     23.54 GF/s  setup=0.014 s
fftw1d_patient           L=32  B=1     m=1     inner=903120 min=     0.040 us/xform  median=     0.040  sd=  0.67%     20.18 GF/s  setup=0.015 s
fftw1d_patient           L=32  B=1     m=1     inner=540488 min=     0.037 us/xform  median=     0.037  sd=  0.27%     21.74 GF/s  setup=0.015 s
fftw1d_patient           L=32  B=1     m=1     inner=952964 min=     0.034 us/xform  median=     0.034  sd=  0.41%     23.51 GF/s  setup=0.015 s
fftw1d_patient           L=32  B=1     m=1     inner=866908 min=     0.041 us/xform  median=     0.041  sd=  0.34%     19.36 GF/s  setup=0.015 s
fftw1d_patient           L=32  B=1     m=1     inner=822460 min=     0.040 us/xform  median=     0.040  sd=  0.91%     20.16 GF/s  setup=0.016 s
mkl1d_dfti               L=32  B=1     m=1     inner=1576344 min=     0.025 us/xform  median=     0.025  sd=  0.62%     31.67 GF/s  setup=0.002 s
mkl1d_dfti               L=32  B=1     m=1     inner=1217068 min=     0.026 us/xform  median=     0.026  sd=  0.38%     31.22 GF/s  setup=0.002 s
mkl1d_dfti               L=32  B=1     m=1     inner=1170826 min=     0.023 us/xform  median=     0.023  sd=  1.18%     35.01 GF/s  setup=0.002 s
mkl1d_dfti               L=32  B=1     m=1     inner=1723026 min=     0.022 us/xform  median=     0.023  sd=  0.58%     35.58 GF/s  setup=0.001 s
mkl1d_dfti               L=32  B=1     m=1     inner=1258826 min=     0.026 us/xform  median=     0.026  sd=  0.59%     31.34 GF/s  setup=0.001 s
mkl1d_dfti               L=32  B=1     m=1     inner=1257398 min=     0.022 us/xform  median=     0.022  sd=  0.51%     36.05 GF/s  setup=0.002 s
mkl1d_dfti               L=32  B=1     m=1     inner=1116242 min=     0.027 us/xform  median=     0.027  sd=  0.64%     30.10 GF/s  setup=0.002 s
mkl1d_dfti               L=32  B=1     m=1     inner=1226364 min=     0.026 us/xform  median=     0.026  sd=  0.80%     31.28 GF/s  setup=0.002 s
mkl1d_dfti               L=32  B=1     m=1     inner=1151710 min=     0.023 us/xform  median=     0.023  sd=  0.38%     35.54 GF/s  setup=0.002 s
baseline_dft             L=60  B=1     m=1     inner=5304   min=     7.470 us/xform  median=     7.472  sd=  0.01%      0.24 GF/s  setup=0.000 s
baseline_dft             L=60  B=1     m=1     inner=4186   min=     7.472 us/xform  median=     7.473  sd=  0.74%      0.24 GF/s  setup=0.000 s
baseline_dft             L=60  B=1     m=1     inner=5294   min=     7.472 us/xform  median=     7.473  sd=  0.03%      0.24 GF/s  setup=0.000 s
baseline_dft             L=60  B=1     m=1     inner=4206   min=     7.472 us/xform  median=     7.472  sd=  0.01%      0.24 GF/s  setup=0.000 s
baseline_dft             L=60  B=1     m=1     inner=5302   min=     6.191 us/xform  median=     6.193  sd=  9.55%      0.29 GF/s  setup=0.000 s
baseline_dft             L=60  B=1     m=1     inner=4210   min=     7.472 us/xform  median=     7.472  sd=  0.00%      0.24 GF/s  setup=0.000 s
baseline_dft             L=60  B=1     m=1     inner=4024   min=     6.187 us/xform  median=     6.191  sd=  0.10%      0.29 GF/s  setup=0.000 s
baseline_dft             L=60  B=1     m=1     inner=4008   min=     7.472 us/xform  median=     7.472  sd=  0.01%      0.24 GF/s  setup=0.000 s
baseline_dft             L=60  B=1     m=1     inner=5306   min=     7.472 us/xform  median=     7.472  sd=  0.00%      0.24 GF/s  setup=0.000 s
d1_batchlane             L=60  B=1     m=1     inner=342954 min=     0.116 us/xform  median=     0.116  sd=  0.16%     15.30 GF/s  setup=0.000 s
d1_batchlane             L=60  B=1     m=1     inner=269474 min=     0.118 us/xform  median=     0.118  sd=  0.10%     15.02 GF/s  setup=0.000 s
d1_batchlane             L=60  B=1     m=1     inner=267332 min=     0.104 us/xform  median=     0.104  sd=  0.09%     17.10 GF/s  setup=0.000 s
d1_batchlane             L=60  B=1     m=1     inner=265302 min=     0.116 us/xform  median=     0.117  sd=  0.13%     15.23 GF/s  setup=0.000 s
d1_batchlane             L=60  B=1     m=1     inner=261182 min=     0.105 us/xform  median=     0.105  sd=  0.10%     16.81 GF/s  setup=0.000 s
d1_batchlane             L=60  B=1     m=1     inner=343556 min=     0.116 us/xform  median=     0.116  sd=  0.07%     15.31 GF/s  setup=0.000 s
d1_batchlane             L=60  B=1     m=1     inner=385256 min=     0.103 us/xform  median=     0.103  sd=  0.10%     17.21 GF/s  setup=0.000 s
d1_batchlane             L=60  B=1     m=1     inner=259300 min=     0.122 us/xform  median=     0.122  sd=  0.06%     14.57 GF/s  setup=0.000 s
d1_batchlane             L=60  B=1     m=1     inner=338858 min=     0.118 us/xform  median=     0.118  sd=  0.11%     15.07 GF/s  setup=0.000 s
d1_bluestein             L=60  B=1     m=1     inner=199376 min=     0.194 us/xform  median=     0.194  sd=  0.03%      9.12 GF/s  setup=0.000 s
d1_bluestein             L=60  B=1     m=1     inner=95442  min=     0.219 us/xform  median=     0.219  sd=  0.07%      8.09 GF/s  setup=0.000 s
d1_bluestein             L=60  B=1     m=1     inner=165988 min=     0.193 us/xform  median=     0.193  sd=  0.05%      9.20 GF/s  setup=0.000 s
d1_bluestein             L=60  B=1     m=1     inner=136410 min=     0.193 us/xform  median=     0.193  sd=  0.07%      9.18 GF/s  setup=0.000 s
d1_bluestein             L=60  B=1     m=1     inner=89478  min=     0.193 us/xform  median=     0.193  sd=  0.55%      9.19 GF/s  setup=0.000 s
d1_bluestein             L=60  B=1     m=1     inner=153814 min=     0.198 us/xform  median=     0.198  sd=  0.06%      8.97 GF/s  setup=0.000 s
d1_bluestein             L=60  B=1     m=1     inner=97390  min=     0.226 us/xform  median=     0.226  sd=  0.06%      7.85 GF/s  setup=0.000 s
d1_bluestein             L=60  B=1     m=1     inner=123952 min=     0.227 us/xform  median=     0.228  sd=  0.04%      7.79 GF/s  setup=0.000 s
d1_bluestein             L=60  B=1     m=1     inner=132560 min=     0.196 us/xform  median=     0.196  sd=  0.06%      9.06 GF/s  setup=0.000 s
d1_composite             L=60  B=1     m=1     inner=538842 min=     0.072 us/xform  median=     0.072  sd=  0.02%     24.52 GF/s  setup=0.000 s
d1_composite             L=60  B=1     m=1     inner=375336 min=     0.084 us/xform  median=     0.084  sd=  0.16%     21.16 GF/s  setup=0.000 s
d1_composite             L=60  B=1     m=1     inner=335504 min=     0.096 us/xform  median=     0.096  sd=  0.02%     18.41 GF/s  setup=0.000 s
d1_composite             L=60  B=1     m=1     inner=472036 min=     0.085 us/xform  median=     0.085  sd=  0.01%     20.96 GF/s  setup=0.000 s
d1_composite             L=60  B=1     m=1     inner=499684 min=     0.071 us/xform  median=     0.080  sd=  3.59%     25.14 GF/s  setup=0.000 s
d1_composite             L=60  B=1     m=1     inner=327956 min=     0.096 us/xform  median=     0.096  sd=  0.00%     18.41 GF/s  setup=0.000 s
d1_composite             L=60  B=1     m=1     inner=412022 min=     0.069 us/xform  median=     0.069  sd=  0.01%     25.80 GF/s  setup=0.000 s
d1_composite             L=60  B=1     m=1     inner=290780 min=     0.069 us/xform  median=     0.069  sd=  0.09%     25.80 GF/s  setup=0.000 s
d1_composite             L=60  B=1     m=1     inner=564796 min=     0.069 us/xform  median=     0.069  sd=  0.02%     25.77 GF/s  setup=0.000 s
d1_planner               L=60  B=1     m=1     inner=84546  min=     0.410 us/xform  median=     0.411  sd=  0.55%      4.33 GF/s  setup=0.000 s
d1_planner               L=60  B=1     m=1     inner=82994  min=     0.408 us/xform  median=     0.410  sd=  0.35%      4.34 GF/s  setup=0.000 s
d1_planner               L=60  B=1     m=1     inner=51684  min=     0.494 us/xform  median=     0.495  sd=  0.15%      3.59 GF/s  setup=0.000 s
d1_planner               L=60  B=1     m=1     inner=52634  min=     0.497 us/xform  median=     0.499  sd=  0.25%      3.56 GF/s  setup=0.000 s
d1_planner               L=60  B=1     m=1     inner=48148  min=     0.546 us/xform  median=     0.548  sd=  0.17%      3.24 GF/s  setup=0.000 s
d1_planner               L=60  B=1     m=1     inner=51622  min=     0.491 us/xform  median=     0.493  sd=  0.23%      3.61 GF/s  setup=0.000 s
d1_planner               L=60  B=1     m=1     inner=71462  min=     0.492 us/xform  median=     0.492  sd=  0.16%      3.61 GF/s  setup=0.000 s
d1_planner               L=60  B=1     m=1     inner=50888  min=     0.502 us/xform  median=     0.504  sd=  0.26%      3.53 GF/s  setup=0.000 s
d1_planner               L=60  B=1     m=1     inner=53854  min=     0.405 us/xform  median=     0.408  sd=  0.44%      4.37 GF/s  setup=0.000 s
d1_race                  L=60  B=1     m=1     inner=500526 min=     0.079 us/xform  median=     0.079  sd=  0.03%     22.35 GF/s  setup=0.047 s
d1_race                  L=60  B=1     m=1     inner=395422 min=     0.070 us/xform  median=     0.070  sd=  0.02%     25.32 GF/s  setup=0.004 s
d1_race                  L=60  B=1     m=1     inner=285127 min=     0.070 us/xform  median=     0.070  sd=  0.02%     25.29 GF/s  setup=0.003 s
d1_race                  L=60  B=1     m=1     inner=400936 min=     0.079 us/xform  median=     0.079  sd=  0.01%     22.35 GF/s  setup=0.004 s
d1_race                  L=60  B=1     m=1     inner=363968 min=     0.084 us/xform  median=     0.084  sd=  0.06%     21.12 GF/s  setup=0.004 s
d1_race                  L=60  B=1     m=1     inner=399502 min=     0.070 us/xform  median=     0.070  sd=  0.02%     25.44 GF/s  setup=0.004 s
d1_race                  L=60  B=1     m=1     inner=386750 min=     0.080 us/xform  median=     0.080  sd=  0.03%     22.27 GF/s  setup=0.004 s
d1_race                  L=60  B=1     m=1     inner=319574 min=     0.084 us/xform  median=     0.084  sd=  0.09%     21.12 GF/s  setup=0.004 s
d1_race                  L=60  B=1     m=1     inner=380376 min=     0.070 us/xform  median=     0.070  sd=  0.02%     25.34 GF/s  setup=0.004 s
d1_twiddle               L=60  B=1     m=1     inner=82507  min=     0.230 us/xform  median=     0.231  sd=  0.29%      7.72 GF/s  setup=0.000 s
d1_twiddle               L=60  B=1     m=1     inner=89852  min=     0.229 us/xform  median=     0.233  sd=  1.32%      7.74 GF/s  setup=0.000 s
d1_twiddle               L=60  B=1     m=1     inner=98282  min=     0.233 us/xform  median=     0.234  sd=  0.28%      7.61 GF/s  setup=0.000 s
d1_twiddle               L=60  B=1     m=1     inner=98058  min=     0.191 us/xform  median=     0.193  sd=  1.66%      9.28 GF/s  setup=0.000 s
d1_twiddle               L=60  B=1     m=1     inner=99304  min=     0.193 us/xform  median=     0.194  sd=  1.21%      9.19 GF/s  setup=0.000 s
d1_twiddle               L=60  B=1     m=1     inner=148872 min=     0.190 us/xform  median=     0.191  sd=  0.28%      9.33 GF/s  setup=0.000 s
d1_twiddle               L=60  B=1     m=1     inner=155614 min=     0.190 us/xform  median=     0.191  sd=  0.42%      9.31 GF/s  setup=0.000 s
d1_twiddle               L=60  B=1     m=1     inner=154494 min=     0.193 us/xform  median=     0.194  sd=  0.36%      9.19 GF/s  setup=0.000 s
d1_twiddle               L=60  B=1     m=1     inner=154494 min=     0.191 us/xform  median=     0.191  sd=  0.23%      9.29 GF/s  setup=0.000 s
fftw1d_custom            L=60  B=1     m=1     inner=86942  min=     0.275 us/xform  median=     0.279  sd=  0.49%      6.44 GF/s  setup=0.000 s
fftw1d_custom            L=60  B=1     m=1     inner=111124 min=     0.278 us/xform  median=     0.281  sd=  0.36%      6.38 GF/s  setup=0.000 s
fftw1d_custom            L=60  B=1     m=1     inner=96842  min=     0.279 us/xform  median=     0.281  sd=  0.29%      6.34 GF/s  setup=0.000 s
fftw1d_custom            L=60  B=1     m=1     inner=77108  min=     0.278 us/xform  median=     0.280  sd=  0.32%      6.37 GF/s  setup=0.000 s
fftw1d_custom            L=60  B=1     m=1     inner=75086  min=     0.278 us/xform  median=     0.280  sd=  0.39%      6.37 GF/s  setup=0.000 s
fftw1d_custom            L=60  B=1     m=1     inner=84628  min=     0.279 us/xform  median=     0.281  sd=  0.34%      6.36 GF/s  setup=0.000 s
fftw1d_custom            L=60  B=1     m=1     inner=109008 min=     0.277 us/xform  median=     0.279  sd=  0.35%      6.40 GF/s  setup=0.000 s
fftw1d_custom            L=60  B=1     m=1     inner=87920  min=     0.278 us/xform  median=     0.279  sd=  0.34%      6.38 GF/s  setup=0.000 s
fftw1d_custom            L=60  B=1     m=1     inner=86942  min=     0.277 us/xform  median=     0.278  sd=  0.29%      6.41 GF/s  setup=0.000 s
fftw1d_estimate          L=60  B=1     m=1     inner=211723 min=     0.094 us/xform  median=     0.095  sd=  0.20%     18.79 GF/s  setup=0.001 s
fftw1d_estimate          L=60  B=1     m=1     inner=325180 min=     0.098 us/xform  median=     0.098  sd=  0.06%     18.06 GF/s  setup=0.001 s
fftw1d_estimate          L=60  B=1     m=1     inner=413438 min=     0.096 us/xform  median=     0.096  sd=  0.10%     18.40 GF/s  setup=0.001 s
fftw1d_estimate          L=60  B=1     m=1     inner=207796 min=     0.096 us/xform  median=     0.096  sd=  0.11%     18.43 GF/s  setup=0.001 s
fftw1d_estimate          L=60  B=1     m=1     inner=334252 min=     0.094 us/xform  median=     0.095  sd=  0.10%     18.75 GF/s  setup=0.001 s
fftw1d_estimate          L=60  B=1     m=1     inner=336028 min=     0.095 us/xform  median=     0.095  sd=  0.47%     18.73 GF/s  setup=0.001 s
fftw1d_estimate          L=60  B=1     m=1     inner=413838 min=     0.096 us/xform  median=     0.096  sd=  0.07%     18.44 GF/s  setup=0.001 s
fftw1d_estimate          L=60  B=1     m=1     inner=196135 min=     0.102 us/xform  median=     0.102  sd=  0.13%     17.45 GF/s  setup=0.001 s
fftw1d_estimate          L=60  B=1     m=1     inner=333998 min=     0.095 us/xform  median=     0.095  sd=  0.15%     18.75 GF/s  setup=0.001 s
fftw1d_measure           L=60  B=1     m=1     inner=253587 min=     0.078 us/xform  median=     0.079  sd=  0.13%     22.58 GF/s  setup=0.047 s
fftw1d_measure           L=60  B=1     m=1     inner=538064 min=     0.073 us/xform  median=     0.073  sd=  0.28%     24.32 GF/s  setup=0.047 s
fftw1d_measure           L=60  B=1     m=1     inner=468920 min=     0.085 us/xform  median=     0.085  sd=  0.08%     20.81 GF/s  setup=0.047 s
fftw1d_measure           L=60  B=1     m=1     inner=224159 min=     0.089 us/xform  median=     0.089  sd=  0.14%     19.89 GF/s  setup=0.047 s
fftw1d_measure           L=60  B=1     m=1     inner=241833 min=     0.082 us/xform  median=     0.082  sd=  4.07%     21.60 GF/s  setup=0.047 s
fftw1d_measure           L=60  B=1     m=1     inner=254140 min=     0.083 us/xform  median=     0.084  sd=  0.25%     21.24 GF/s  setup=0.047 s
fftw1d_measure           L=60  B=1     m=1     inner=228242 min=     0.088 us/xform  median=     0.088  sd=  0.10%     20.25 GF/s  setup=0.047 s
fftw1d_measure           L=60  B=1     m=1     inner=535054 min=     0.074 us/xform  median=     0.074  sd=  0.34%     24.02 GF/s  setup=0.046 s
fftw1d_measure           L=60  B=1     m=1     inner=541358 min=     0.073 us/xform  median=     0.073  sd=  0.22%     24.30 GF/s  setup=0.046 s
fftw1d_patient           L=60  B=1     m=1     inner=231905 min=     0.085 us/xform  median=     0.086  sd=  0.43%     20.78 GF/s  setup=0.129 s
fftw1d_patient           L=60  B=1     m=1     inner=520994 min=     0.076 us/xform  median=     0.077  sd=  0.12%     23.19 GF/s  setup=0.129 s
fftw1d_patient           L=60  B=1     m=1     inner=572762 min=     0.069 us/xform  median=     0.070  sd=  0.22%     25.57 GF/s  setup=0.129 s
fftw1d_patient           L=60  B=1     m=1     inner=569802 min=     0.070 us/xform  median=     0.070  sd=  0.13%     25.43 GF/s  setup=0.129 s
fftw1d_patient           L=60  B=1     m=1     inner=505396 min=     0.078 us/xform  median=     0.079  sd=  0.17%     22.58 GF/s  setup=0.129 s
fftw1d_patient           L=60  B=1     m=1     inner=573184 min=     0.069 us/xform  median=     0.070  sd=  0.17%     25.58 GF/s  setup=0.129 s
fftw1d_patient           L=60  B=1     m=1     inner=535772 min=     0.065 us/xform  median=     0.065  sd=  6.05%     27.30 GF/s  setup=0.129 s
fftw1d_patient           L=60  B=1     m=1     inner=521846 min=     0.076 us/xform  median=     0.076  sd=  0.05%     23.27 GF/s  setup=0.127 s
fftw1d_patient           L=60  B=1     m=1     inner=516474 min=     0.068 us/xform  median=     0.068  sd=  6.33%     26.09 GF/s  setup=0.126 s
mkl1d_dfti               L=60  B=1     m=1     inner=499592 min=     0.066 us/xform  median=     0.066  sd=  0.11%     27.05 GF/s  setup=0.002 s
mkl1d_dfti               L=60  B=1     m=1     inner=653944 min=     0.061 us/xform  median=     0.061  sd=  0.28%     29.11 GF/s  setup=0.002 s
mkl1d_dfti               L=60  B=1     m=1     inner=497398 min=     0.058 us/xform  median=     0.058  sd=  0.13%     30.58 GF/s  setup=0.002 s
mkl1d_dfti               L=60  B=1     m=1     inner=721426 min=     0.054 us/xform  median=     0.054  sd=  0.22%     33.04 GF/s  setup=0.001 s
mkl1d_dfti               L=60  B=1     m=1     inner=698352 min=     0.057 us/xform  median=     0.057  sd=  0.19%     31.24 GF/s  setup=0.001 s
mkl1d_dfti               L=60  B=1     m=1     inner=705370 min=     0.056 us/xform  median=     0.057  sd=  0.09%     31.39 GF/s  setup=0.001 s
mkl1d_dfti               L=60  B=1     m=1     inner=508426 min=     0.062 us/xform  median=     0.062  sd=  0.29%     28.51 GF/s  setup=0.001 s
mkl1d_dfti               L=60  B=1     m=1     inner=482720 min=     0.057 us/xform  median=     0.058  sd=  0.15%     30.91 GF/s  setup=0.001 s
mkl1d_dfti               L=60  B=1     m=1     inner=724230 min=     0.055 us/xform  median=     0.055  sd=  0.20%     32.33 GF/s  setup=0.001 s
baseline_dft             L=64  B=1     m=1     inner=3540   min=     7.041 us/xform  median=     7.042  sd=  0.27%      0.27 GF/s  setup=0.000 s
baseline_dft             L=64  B=1     m=1     inner=3528   min=     8.499 us/xform  median=     8.500  sd=  0.01%      0.23 GF/s  setup=0.000 s
baseline_dft             L=64  B=1     m=1     inner=4666   min=     8.498 us/xform  median=     8.499  sd=  0.00%      0.23 GF/s  setup=0.000 s
baseline_dft             L=64  B=1     m=1     inner=4666   min=     8.498 us/xform  median=     8.499  sd=  0.05%      0.23 GF/s  setup=0.000 s
baseline_dft             L=64  B=1     m=1     inner=3704   min=     7.041 us/xform  median=     8.499  sd=  8.96%      0.27 GF/s  setup=0.000 s
baseline_dft             L=64  B=1     m=1     inner=3698   min=     7.041 us/xform  median=     7.042  sd=  0.04%      0.27 GF/s  setup=0.001 s
baseline_dft             L=64  B=1     m=1     inner=2818   min=     7.039 us/xform  median=     7.044  sd=  2.49%      0.27 GF/s  setup=0.000 s
baseline_dft             L=64  B=1     m=1     inner=3702   min=     8.498 us/xform  median=     8.500  sd=  0.04%      0.23 GF/s  setup=0.000 s
baseline_dft             L=64  B=1     m=1     inner=3694   min=     7.041 us/xform  median=     7.042  sd=  0.02%      0.27 GF/s  setup=0.000 s
d1_batchlane             L=64  B=1     m=1     inner=302932 min=     0.131 us/xform  median=     0.132  sd=  0.18%     14.60 GF/s  setup=0.000 s
d1_batchlane             L=64  B=1     m=1     inner=259362 min=     0.121 us/xform  median=     0.122  sd=  0.11%     15.81 GF/s  setup=0.000 s
d1_batchlane             L=64  B=1     m=1     inner=255852 min=     0.125 us/xform  median=     0.125  sd=  0.21%     15.40 GF/s  setup=0.000 s
d1_batchlane             L=64  B=1     m=1     inner=243124 min=     0.132 us/xform  median=     0.132  sd=  0.00%     14.50 GF/s  setup=0.000 s
d1_batchlane             L=64  B=1     m=1     inner=238278 min=     0.132 us/xform  median=     0.132  sd=  0.00%     14.50 GF/s  setup=0.000 s
d1_batchlane             L=64  B=1     m=1     inner=245758 min=     0.130 us/xform  median=     0.131  sd=  0.38%     14.74 GF/s  setup=0.000 s
d1_batchlane             L=64  B=1     m=1     inner=257492 min=     0.122 us/xform  median=     0.123  sd=  0.13%     15.67 GF/s  setup=0.000 s
d1_batchlane             L=64  B=1     m=1     inner=309324 min=     0.129 us/xform  median=     0.129  sd=  0.24%     14.91 GF/s  setup=0.000 s
d1_batchlane             L=64  B=1     m=1     inner=260564 min=     0.121 us/xform  median=     0.122  sd=  0.06%     15.80 GF/s  setup=0.000 s
d1_bluestein             L=64  B=1     m=1     inner=131948 min=     0.184 us/xform  median=     0.184  sd=  0.19%     10.44 GF/s  setup=0.000 s
d1_bluestein             L=64  B=1     m=1     inner=207736 min=     0.182 us/xform  median=     0.183  sd=  0.21%     10.55 GF/s  setup=0.000 s
d1_bluestein             L=64  B=1     m=1     inner=111412 min=     0.180 us/xform  median=     0.181  sd=  0.24%     10.65 GF/s  setup=0.000 s
d1_bluestein             L=64  B=1     m=1     inner=208492 min=     0.178 us/xform  median=     0.179  sd=  0.31%     10.77 GF/s  setup=0.000 s
d1_bluestein             L=64  B=1     m=1     inner=200932 min=     0.182 us/xform  median=     0.182  sd=  0.10%     10.57 GF/s  setup=0.000 s
d1_bluestein             L=64  B=1     m=1     inner=199996 min=     0.182 us/xform  median=     0.183  sd=  0.29%     10.53 GF/s  setup=0.000 s
d1_bluestein             L=64  B=1     m=1     inner=140818 min=     0.181 us/xform  median=     0.181  sd=  0.13%     10.63 GF/s  setup=0.000 s
d1_bluestein             L=64  B=1     m=1     inner=203552 min=     0.178 us/xform  median=     0.178  sd=  0.36%     10.79 GF/s  setup=0.000 s
d1_bluestein             L=64  B=1     m=1     inner=147086 min=     0.177 us/xform  median=     0.178  sd=  0.40%     10.82 GF/s  setup=0.000 s
d1_planner               L=64  B=1     m=1     inner=107240 min=     0.275 us/xform  median=     0.276  sd=  0.28%      6.99 GF/s  setup=0.000 s
d1_planner               L=64  B=1     m=1     inner=89292  min=     0.283 us/xform  median=     0.283  sd=  0.17%      6.80 GF/s  setup=0.000 s
d1_planner               L=64  B=1     m=1     inner=82516  min=     0.275 us/xform  median=     0.276  sd=  0.27%      6.98 GF/s  setup=0.000 s
d1_planner               L=64  B=1     m=1     inner=87296  min=     0.280 us/xform  median=     0.281  sd=  0.15%      6.85 GF/s  setup=0.000 s
d1_planner               L=64  B=1     m=1     inner=88922  min=     0.275 us/xform  median=     0.276  sd=  0.14%      6.98 GF/s  setup=0.000 s
d1_planner               L=64  B=1     m=1     inner=81808  min=     0.280 us/xform  median=     0.281  sd=  0.17%      6.85 GF/s  setup=0.000 s
d1_planner               L=64  B=1     m=1     inner=74050  min=     0.274 us/xform  median=     0.275  sd=  0.24%      7.00 GF/s  setup=0.000 s
d1_planner               L=64  B=1     m=1     inner=112286 min=     0.281 us/xform  median=     0.282  sd=  0.21%      6.84 GF/s  setup=0.000 s
d1_planner               L=64  B=1     m=1     inner=80960  min=     0.276 us/xform  median=     0.276  sd=  0.24%      6.96 GF/s  setup=0.000 s
d1_pow2                  L=64  B=1     m=1     inner=303596 min=     0.065 us/xform  median=     0.065  sd=  0.45%     29.64 GF/s  setup=0.000 s
d1_pow2                  L=64  B=1     m=1     inner=528920 min=     0.061 us/xform  median=     0.061  sd=  0.24%     31.57 GF/s  setup=0.000 s
d1_pow2                  L=64  B=1     m=1     inner=512550 min=     0.060 us/xform  median=     0.060  sd=  0.16%     32.08 GF/s  setup=0.000 s
d1_pow2                  L=64  B=1     m=1     inner=428386 min=     0.071 us/xform  median=     0.071  sd=  0.37%     27.15 GF/s  setup=0.000 s
d1_pow2                  L=64  B=1     m=1     inner=479230 min=     0.062 us/xform  median=     0.062  sd=  0.18%     30.88 GF/s  setup=0.000 s
d1_pow2                  L=64  B=1     m=1     inner=439574 min=     0.071 us/xform  median=     0.072  sd=  0.88%     27.06 GF/s  setup=0.000 s
d1_pow2                  L=64  B=1     m=1     inner=636756 min=     0.062 us/xform  median=     0.062  sd=  0.18%     30.89 GF/s  setup=0.000 s
d1_pow2                  L=64  B=1     m=1     inner=638832 min=     0.062 us/xform  median=     0.062  sd=  0.23%     30.91 GF/s  setup=0.000 s
d1_pow2                  L=64  B=1     m=1     inner=497716 min=     0.064 us/xform  median=     0.064  sd=  0.29%     30.17 GF/s  setup=0.000 s
d1_race                  L=64  B=1     m=1     inner=332952 min=     0.060 us/xform  median=     0.060  sd=  0.56%     32.11 GF/s  setup=0.071 s
d1_race                  L=64  B=1     m=1     inner=531166 min=     0.059 us/xform  median=     0.059  sd=  0.23%     32.58 GF/s  setup=0.009 s
d1_race                  L=64  B=1     m=1     inner=530016 min=     0.057 us/xform  median=     0.057  sd=  0.26%     33.66 GF/s  setup=0.009 s
d1_race                  L=64  B=1     m=1     inner=501718 min=     0.062 us/xform  median=     0.063  sd=  0.56%     30.89 GF/s  setup=0.011 s
d1_race                  L=64  B=1     m=1     inner=475402 min=     0.065 us/xform  median=     0.066  sd=  0.42%     29.40 GF/s  setup=0.010 s
d1_race                  L=64  B=1     m=1     inner=482372 min=     0.062 us/xform  median=     0.062  sd=  0.29%     31.15 GF/s  setup=0.009 s
d1_race                  L=64  B=1     m=1     inner=473788 min=     0.066 us/xform  median=     0.066  sd=  0.12%     28.99 GF/s  setup=0.009 s
d1_race                  L=64  B=1     m=1     inner=336704 min=     0.059 us/xform  median=     0.059  sd=  0.28%     32.76 GF/s  setup=0.009 s
d1_race                  L=64  B=1     m=1     inner=602602 min=     0.064 us/xform  median=     0.065  sd=  0.49%     29.79 GF/s  setup=0.008 s
d1_twiddle               L=64  B=1     m=1     inner=159366 min=     0.185 us/xform  median=     0.186  sd=  0.30%     10.37 GF/s  setup=0.000 s
d1_twiddle               L=64  B=1     m=1     inner=160558 min=     0.185 us/xform  median=     0.187  sd=  0.50%     10.35 GF/s  setup=0.000 s
d1_twiddle               L=64  B=1     m=1     inner=102626 min=     0.185 us/xform  median=     0.186  sd=  0.78%     10.37 GF/s  setup=0.000 s
d1_twiddle               L=64  B=1     m=1     inner=159366 min=     0.184 us/xform  median=     0.185  sd=  0.54%     10.43 GF/s  setup=0.000 s
d1_twiddle               L=64  B=1     m=1     inner=123418 min=     0.185 us/xform  median=     0.185  sd=  0.44%     10.38 GF/s  setup=0.000 s
d1_twiddle               L=64  B=1     m=1     inner=108184 min=     0.184 us/xform  median=     0.185  sd=  0.39%     10.43 GF/s  setup=0.000 s
d1_twiddle               L=64  B=1     m=1     inner=123418 min=     0.186 us/xform  median=     0.187  sd=  0.45%     10.34 GF/s  setup=0.000 s
d1_twiddle               L=64  B=1     m=1     inner=161160 min=     0.186 us/xform  median=     0.187  sd=  0.33%     10.30 GF/s  setup=0.000 s
d1_twiddle               L=64  B=1     m=1     inner=162074 min=     0.185 us/xform  median=     0.186  sd=  0.57%     10.37 GF/s  setup=0.000 s
fftw1d_custom            L=64  B=1     m=1     inner=105786 min=     0.272 us/xform  median=     0.274  sd=  0.16%      7.05 GF/s  setup=0.000 s
fftw1d_custom            L=64  B=1     m=1     inner=86592  min=     0.274 us/xform  median=     0.275  sd=  0.07%      7.00 GF/s  setup=0.000 s
fftw1d_custom            L=64  B=1     m=1     inner=79168  min=     0.273 us/xform  median=     0.273  sd=  0.08%      7.03 GF/s  setup=0.000 s
fftw1d_custom            L=64  B=1     m=1     inner=87030  min=     0.275 us/xform  median=     0.275  sd=  0.05%      6.99 GF/s  setup=0.000 s
fftw1d_custom            L=64  B=1     m=1     inner=79832  min=     0.278 us/xform  median=     0.278  sd=  0.05%      6.91 GF/s  setup=0.000 s
fftw1d_custom            L=64  B=1     m=1     inner=81498  min=     0.277 us/xform  median=     0.277  sd=  0.09%      6.93 GF/s  setup=0.000 s
fftw1d_custom            L=64  B=1     m=1     inner=75020  min=     0.273 us/xform  median=     0.273  sd=  0.11%      7.04 GF/s  setup=0.000 s
fftw1d_custom            L=64  B=1     m=1     inner=82834  min=     0.276 us/xform  median=     0.277  sd=  0.06%      6.94 GF/s  setup=0.000 s
fftw1d_custom            L=64  B=1     m=1     inner=110552 min=     0.272 us/xform  median=     0.273  sd=  0.17%      7.07 GF/s  setup=0.000 s
fftw1d_estimate          L=64  B=1     m=1     inner=349032 min=     0.090 us/xform  median=     0.090  sd=  0.84%     21.32 GF/s  setup=0.001 s
fftw1d_estimate          L=64  B=1     m=1     inner=348724 min=     0.089 us/xform  median=     0.090  sd=  0.36%     21.46 GF/s  setup=0.001 s
fftw1d_estimate          L=64  B=1     m=1     inner=354272 min=     0.089 us/xform  median=     0.090  sd=  0.54%     21.47 GF/s  setup=0.001 s
fftw1d_estimate          L=64  B=1     m=1     inner=220904 min=     0.089 us/xform  median=     0.090  sd=  0.50%     21.48 GF/s  setup=0.001 s
fftw1d_estimate          L=64  B=1     m=1     inner=313402 min=     0.098 us/xform  median=     0.098  sd=  0.24%     19.67 GF/s  setup=0.001 s
fftw1d_estimate          L=64  B=1     m=1     inner=338386 min=     0.092 us/xform  median=     0.092  sd=  0.32%     20.95 GF/s  setup=0.001 s
fftw1d_estimate          L=64  B=1     m=1     inner=348104 min=     0.091 us/xform  median=     0.092  sd=  0.36%     20.99 GF/s  setup=0.001 s
fftw1d_estimate          L=64  B=1     m=1     inner=218699 min=     0.091 us/xform  median=     0.091  sd=  0.44%     21.20 GF/s  setup=0.001 s
fftw1d_estimate          L=64  B=1     m=1     inner=351354 min=     0.089 us/xform  median=     0.090  sd=  0.61%     21.50 GF/s  setup=0.001 s
fftw1d_measure           L=64  B=1     m=1     inner=335150 min=     0.067 us/xform  median=     0.067  sd=  0.24%     28.81 GF/s  setup=0.023 s
fftw1d_measure           L=64  B=1     m=1     inner=561904 min=     0.071 us/xform  median=     0.071  sd=  0.14%     27.17 GF/s  setup=0.023 s
fftw1d_measure           L=64  B=1     m=1     inner=578454 min=     0.066 us/xform  median=     0.066  sd=  0.01%     28.99 GF/s  setup=0.023 s
fftw1d_measure           L=64  B=1     m=1     inner=566020 min=     0.068 us/xform  median=     0.069  sd=  0.23%     28.06 GF/s  setup=0.023 s
fftw1d_measure           L=64  B=1     m=1     inner=453486 min=     0.078 us/xform  median=     0.088  sd=  5.29%     24.73 GF/s  setup=0.023 s
fftw1d_measure           L=64  B=1     m=1     inner=585088 min=     0.066 us/xform  median=     0.067  sd=  0.20%     28.89 GF/s  setup=0.022 s
fftw1d_measure           L=64  B=1     m=1     inner=531790 min=     0.065 us/xform  median=     0.065  sd=  0.05%     29.45 GF/s  setup=0.022 s
fftw1d_measure           L=64  B=1     m=1     inner=677924 min=     0.058 us/xform  median=     0.059  sd=  0.21%     32.92 GF/s  setup=0.021 s
fftw1d_measure           L=64  B=1     m=1     inner=549274 min=     0.071 us/xform  median=     0.071  sd=  0.21%     27.06 GF/s  setup=0.022 s
fftw1d_patient           L=64  B=1     m=1     inner=579798 min=     0.067 us/xform  median=     0.067  sd=  0.19%     28.58 GF/s  setup=0.054 s
fftw1d_patient           L=64  B=1     m=1     inner=316614 min=     0.063 us/xform  median=     0.063  sd=  0.43%     30.42 GF/s  setup=0.055 s
fftw1d_patient           L=64  B=1     m=1     inner=626576 min=     0.064 us/xform  median=     0.064  sd=  0.14%     30.19 GF/s  setup=0.055 s
fftw1d_patient           L=64  B=1     m=1     inner=634246 min=     0.063 us/xform  median=     0.063  sd=  0.14%     30.66 GF/s  setup=0.055 s
fftw1d_patient           L=64  B=1     m=1     inner=610342 min=     0.065 us/xform  median=     0.065  sd=  0.27%     29.55 GF/s  setup=0.054 s
fftw1d_patient           L=64  B=1     m=1     inner=712586 min=     0.056 us/xform  median=     0.056  sd=  0.20%     34.46 GF/s  setup=0.055 s
fftw1d_patient           L=64  B=1     m=1     inner=585226 min=     0.068 us/xform  median=     0.068  sd=  0.21%     28.36 GF/s  setup=0.055 s
fftw1d_patient           L=64  B=1     m=1     inner=532226 min=     0.075 us/xform  median=     0.075  sd=  0.03%     25.61 GF/s  setup=0.055 s
fftw1d_patient           L=64  B=1     m=1     inner=576068 min=     0.069 us/xform  median=     0.069  sd=  0.01%     27.74 GF/s  setup=0.055 s
mkl1d_dfti               L=64  B=1     m=1     inner=407532 min=     0.049 us/xform  median=     0.049  sd=  0.16%     39.21 GF/s  setup=0.002 s
mkl1d_dfti               L=64  B=1     m=1     inner=634018 min=     0.052 us/xform  median=     0.052  sd=  0.11%     36.97 GF/s  setup=0.002 s
mkl1d_dfti               L=64  B=1     m=1     inner=649400 min=     0.049 us/xform  median=     0.049  sd=  0.14%     39.28 GF/s  setup=0.002 s
mkl1d_dfti               L=64  B=1     m=1     inner=701448 min=     0.048 us/xform  median=     0.049  sd=  0.19%     39.70 GF/s  setup=0.002 s
mkl1d_dfti               L=64  B=1     m=1     inner=649688 min=     0.050 us/xform  median=     0.050  sd=  0.15%     38.70 GF/s  setup=0.002 s
mkl1d_dfti               L=64  B=1     m=1     inner=671892 min=     0.049 us/xform  median=     0.049  sd=  0.25%     39.22 GF/s  setup=0.002 s
mkl1d_dfti               L=64  B=1     m=1     inner=650070 min=     0.049 us/xform  median=     0.049  sd=  0.13%     39.28 GF/s  setup=0.002 s
mkl1d_dfti               L=64  B=1     m=1     inner=651336 min=     0.048 us/xform  median=     0.049  sd=  0.17%     39.64 GF/s  setup=0.002 s
mkl1d_dfti               L=64  B=1     m=1     inner=326524 min=     0.049 us/xform  median=     0.049  sd=  0.14%     39.53 GF/s  setup=0.002 s
baseline_dft             L=128 B=1     m=1     inner=890    min=    33.934 us/xform  median=    33.935  sd=  0.03%      0.13 GF/s  setup=0.001 s
baseline_dft             L=128 B=1     m=1     inner=932    min=    33.934 us/xform  median=    33.938  sd=  0.01%      0.13 GF/s  setup=0.001 s
baseline_dft             L=128 B=1     m=1     inner=1174   min=    33.934 us/xform  median=    33.938  sd=  0.07%      0.13 GF/s  setup=0.001 s
baseline_dft             L=128 B=1     m=1     inner=892    min=    33.931 us/xform  median=    33.940  sd=  0.03%      0.13 GF/s  setup=0.001 s
baseline_dft             L=128 B=1     m=1     inner=932    min=    33.934 us/xform  median=    33.936  sd=  0.08%      0.13 GF/s  setup=0.001 s
baseline_dft             L=128 B=1     m=1     inner=1176   min=    33.936 us/xform  median=    33.938  sd=  0.00%      0.13 GF/s  setup=0.001 s
baseline_dft             L=128 B=1     m=1     inner=1174   min=    33.934 us/xform  median=    33.936  sd=  0.06%      0.13 GF/s  setup=0.001 s
baseline_dft             L=128 B=1     m=1     inner=932    min=    33.934 us/xform  median=    33.936  sd=  0.04%      0.13 GF/s  setup=0.001 s
baseline_dft             L=128 B=1     m=1     inner=1174   min=    28.115 us/xform  median=    28.117  sd=  3.47%      0.16 GF/s  setup=0.001 s
d1_batchlane             L=128 B=1     m=1     inner=209760 min=     0.189 us/xform  median=     0.190  sd=  0.10%     23.67 GF/s  setup=0.000 s
d1_batchlane             L=128 B=1     m=1     inner=211134 min=     0.188 us/xform  median=     0.188  sd=  0.07%     23.84 GF/s  setup=0.000 s
d1_batchlane             L=128 B=1     m=1     inner=164840 min=     0.188 us/xform  median=     0.188  sd=  0.03%     23.82 GF/s  setup=0.000 s
d1_batchlane             L=128 B=1     m=1     inner=168446 min=     0.188 us/xform  median=     0.188  sd=  0.05%     23.89 GF/s  setup=0.000 s
d1_batchlane             L=128 B=1     m=1     inner=216502 min=     0.162 us/xform  median=     0.184  sd=  6.46%     27.70 GF/s  setup=0.000 s
d1_batchlane             L=128 B=1     m=1     inner=229270 min=     0.168 us/xform  median=     0.169  sd=  0.05%     26.61 GF/s  setup=0.000 s
d1_batchlane             L=128 B=1     m=1     inner=231848 min=     0.168 us/xform  median=     0.168  sd=  0.04%     26.71 GF/s  setup=0.000 s
d1_batchlane             L=128 B=1     m=1     inner=145614 min=     0.188 us/xform  median=     0.188  sd=  0.05%     23.85 GF/s  setup=0.000 s
d1_batchlane             L=128 B=1     m=1     inner=212122 min=     0.188 us/xform  median=     0.188  sd=  0.03%     23.86 GF/s  setup=0.000 s
d1_bluestein             L=128 B=1     m=1     inner=117810 min=     0.336 us/xform  median=     0.338  sd=  0.20%     13.33 GF/s  setup=0.000 s
d1_bluestein             L=128 B=1     m=1     inner=69272  min=     0.293 us/xform  median=     0.295  sd=  0.43%     15.31 GF/s  setup=0.000 s
d1_bluestein             L=128 B=1     m=1     inner=94318  min=     0.341 us/xform  median=     0.342  sd=  0.15%     13.12 GF/s  setup=0.000 s
d1_bluestein             L=128 B=1     m=1     inner=89666  min=     0.340 us/xform  median=     0.341  sd=  0.18%     13.18 GF/s  setup=0.000 s
d1_bluestein             L=128 B=1     m=1     inner=71942  min=     0.294 us/xform  median=     0.295  sd=  0.12%     15.23 GF/s  setup=0.000 s
d1_bluestein             L=128 B=1     m=1     inner=114076 min=     0.294 us/xform  median=     0.295  sd=  0.13%     15.24 GF/s  setup=0.000 s
d1_bluestein             L=128 B=1     m=1     inner=109286 min=     0.293 us/xform  median=     0.294  sd=  0.17%     15.31 GF/s  setup=0.000 s
d1_bluestein             L=128 B=1     m=1     inner=109286 min=     0.294 us/xform  median=     0.296  sd=  0.18%     15.22 GF/s  setup=0.000 s
d1_bluestein             L=128 B=1     m=1     inner=105786 min=     0.294 us/xform  median=     0.295  sd=  0.18%     15.25 GF/s  setup=0.000 s
d1_planner               L=128 B=1     m=1     inner=58996  min=     0.608 us/xform  median=     0.609  sd=  0.15%      7.37 GF/s  setup=0.000 s
d1_planner               L=128 B=1     m=1     inner=42820  min=     0.620 us/xform  median=     0.621  sd=  0.18%      7.23 GF/s  setup=0.000 s
d1_planner               L=128 B=1     m=1     inner=55168  min=     0.613 us/xform  median=     0.614  sd=  0.16%      7.31 GF/s  setup=0.000 s
d1_planner               L=128 B=1     m=1     inner=44392  min=     0.611 us/xform  median=     0.612  sd=  0.15%      7.33 GF/s  setup=0.000 s
d1_planner               L=128 B=1     m=1     inner=42106  min=     0.618 us/xform  median=     0.620  sd=  0.20%      7.25 GF/s  setup=0.000 s
d1_planner               L=128 B=1     m=1     inner=43470  min=     0.606 us/xform  median=     0.609  sd=  0.35%      7.39 GF/s  setup=0.000 s
d1_planner               L=128 B=1     m=1     inner=42928  min=     0.613 us/xform  median=     0.614  sd=  0.23%      7.31 GF/s  setup=0.000 s
d1_planner               L=128 B=1     m=1     inner=39676  min=     0.617 us/xform  median=     0.621  sd=  7.94%      7.26 GF/s  setup=0.000 s
d1_planner               L=128 B=1     m=1     inner=54470  min=     0.608 us/xform  median=     0.609  sd=  0.11%      7.37 GF/s  setup=0.000 s
d1_pow2                  L=128 B=1     m=1     inner=310238 min=     0.128 us/xform  median=     0.129  sd=  0.14%     34.88 GF/s  setup=0.000 s
d1_pow2                  L=128 B=1     m=1     inner=248312 min=     0.123 us/xform  median=     0.123  sd=  0.03%     36.53 GF/s  setup=0.000 s
d1_pow2                  L=128 B=1     m=1     inner=124003 min=     0.125 us/xform  median=     0.125  sd=  0.16%     35.80 GF/s  setup=0.000 s
d1_pow2                  L=128 B=1     m=1     inner=261056 min=     0.121 us/xform  median=     0.121  sd=  0.03%     36.94 GF/s  setup=0.000 s
d1_pow2                  L=128 B=1     m=1     inner=252696 min=     0.125 us/xform  median=     0.125  sd=  0.15%     35.92 GF/s  setup=0.000 s
d1_pow2                  L=128 B=1     m=1     inner=327484 min=     0.122 us/xform  median=     0.122  sd=  0.06%     36.84 GF/s  setup=0.000 s
d1_pow2                  L=128 B=1     m=1     inner=244044 min=     0.132 us/xform  median=     0.132  sd=  0.01%     33.83 GF/s  setup=0.000 s
d1_pow2                  L=128 B=1     m=1     inner=250660 min=     0.123 us/xform  median=     0.123  sd=  0.12%     36.56 GF/s  setup=0.000 s
d1_pow2                  L=128 B=1     m=1     inner=237454 min=     0.132 us/xform  median=     0.133  sd=  0.18%     33.82 GF/s  setup=0.000 s
d1_race                  L=128 B=1     m=1     inner=232460 min=     0.141 us/xform  median=     0.142  sd=  0.59%     31.87 GF/s  setup=0.091 s
d1_race                  L=128 B=1     m=1     inner=234804 min=     0.134 us/xform  median=     0.135  sd=  0.34%     33.47 GF/s  setup=0.011 s
d1_race                  L=128 B=1     m=1     inner=291700 min=     0.136 us/xform  median=     0.137  sd=  0.14%     32.86 GF/s  setup=0.009 s
d1_race                  L=128 B=1     m=1     inner=289372 min=     0.137 us/xform  median=     0.137  sd=  0.20%     32.77 GF/s  setup=0.009 s
d1_race                  L=128 B=1     m=1     inner=236886 min=     0.133 us/xform  median=     0.133  sd=  0.18%     33.72 GF/s  setup=0.011 s
d1_race                  L=128 B=1     m=1     inner=232968 min=     0.134 us/xform  median=     0.134  sd=  0.12%     33.51 GF/s  setup=0.011 s
d1_race                  L=128 B=1     m=1     inner=293480 min=     0.134 us/xform  median=     0.135  sd=  0.30%     33.34 GF/s  setup=0.008 s
d1_race                  L=128 B=1     m=1     inner=286326 min=     0.138 us/xform  median=     0.138  sd=  0.23%     32.54 GF/s  setup=0.008 s
d1_race                  L=128 B=1     m=1     inner=237230 min=     0.133 us/xform  median=     0.133  sd=  0.09%     33.72 GF/s  setup=0.007 s
d1_twiddle               L=128 B=1     m=1     inner=48014  min=     0.568 us/xform  median=     0.572  sd=  0.47%      7.88 GF/s  setup=0.000 s
d1_twiddle               L=128 B=1     m=1     inner=42418  min=     0.570 us/xform  median=     0.650  sd=  5.04%      7.86 GF/s  setup=0.000 s
d1_twiddle               L=128 B=1     m=1     inner=46532  min=     0.567 us/xform  median=     0.572  sd=  0.50%      7.90 GF/s  setup=0.000 s
d1_twiddle               L=128 B=1     m=1     inner=44738  min=     0.565 us/xform  median=     0.570  sd=  0.43%      7.93 GF/s  setup=0.000 s
d1_twiddle               L=128 B=1     m=1     inner=50380  min=     0.568 us/xform  median=     0.571  sd=  0.40%      7.89 GF/s  setup=0.000 s
d1_twiddle               L=128 B=1     m=1     inner=62426  min=     0.566 us/xform  median=     0.571  sd=  0.55%      7.91 GF/s  setup=0.000 s
d1_twiddle               L=128 B=1     m=1     inner=47042  min=     0.566 us/xform  median=     0.571  sd=  0.59%      7.92 GF/s  setup=0.000 s
d1_twiddle               L=128 B=1     m=1     inner=30876  min=     0.565 us/xform  median=     0.569  sd=  0.62%      7.93 GF/s  setup=0.000 s
d1_twiddle               L=128 B=1     m=1     inner=48558  min=     0.569 us/xform  median=     0.571  sd=  0.36%      7.87 GF/s  setup=0.000 s
fftw1d_custom            L=128 B=1     m=1     inner=41880  min=     0.772 us/xform  median=     0.773  sd=  0.03%      5.80 GF/s  setup=0.000 s
fftw1d_custom            L=128 B=1     m=1     inner=35118  min=     0.772 us/xform  median=     0.772  sd=  0.03%      5.80 GF/s  setup=0.000 s
fftw1d_custom            L=128 B=1     m=1     inner=37104  min=     0.772 us/xform  median=     0.772  sd=  0.02%      5.80 GF/s  setup=0.000 s
fftw1d_custom            L=128 B=1     m=1     inner=35466  min=     0.772 us/xform  median=     0.772  sd=  0.03%      5.80 GF/s  setup=0.000 s
fftw1d_custom            L=128 B=1     m=1     inner=37250  min=     0.772 us/xform  median=     0.772  sd=  0.02%      5.80 GF/s  setup=0.000 s
fftw1d_custom            L=128 B=1     m=1     inner=35466  min=     0.772 us/xform  median=     0.772  sd=  0.04%      5.80 GF/s  setup=0.000 s
fftw1d_custom            L=128 B=1     m=1     inner=35232  min=     0.772 us/xform  median=     0.773  sd=  0.02%      5.80 GF/s  setup=0.000 s
fftw1d_custom            L=128 B=1     m=1     inner=45666  min=     0.772 us/xform  median=     0.772  sd=  0.02%      5.80 GF/s  setup=0.000 s
fftw1d_custom            L=128 B=1     m=1     inner=44784  min=     0.772 us/xform  median=     0.773  sd=  0.01%      5.80 GF/s  setup=0.000 s
fftw1d_estimate          L=128 B=1     m=1     inner=184634 min=     0.172 us/xform  median=     0.173  sd=  0.23%     26.05 GF/s  setup=0.001 s
fftw1d_estimate          L=128 B=1     m=1     inner=178994 min=     0.174 us/xform  median=     0.175  sd=  0.26%     25.71 GF/s  setup=0.001 s
fftw1d_estimate          L=128 B=1     m=1     inner=231232 min=     0.172 us/xform  median=     0.172  sd=  0.20%     26.11 GF/s  setup=0.001 s
fftw1d_estimate          L=128 B=1     m=1     inner=178958 min=     0.173 us/xform  median=     0.173  sd=  0.13%     25.91 GF/s  setup=0.001 s
fftw1d_estimate          L=128 B=1     m=1     inner=170952 min=     0.177 us/xform  median=     0.178  sd=  0.21%     25.28 GF/s  setup=0.001 s
fftw1d_estimate          L=128 B=1     m=1     inner=229094 min=     0.173 us/xform  median=     0.174  sd=  0.20%     25.85 GF/s  setup=0.001 s
fftw1d_estimate          L=128 B=1     m=1     inner=180532 min=     0.173 us/xform  median=     0.174  sd=  0.29%     25.85 GF/s  setup=0.001 s
fftw1d_estimate          L=128 B=1     m=1     inner=181548 min=     0.172 us/xform  median=     0.172  sd=  0.12%     26.02 GF/s  setup=0.001 s
fftw1d_estimate          L=128 B=1     m=1     inner=233398 min=     0.149 us/xform  median=     0.170  sd=  5.30%     30.03 GF/s  setup=0.001 s
fftw1d_measure           L=128 B=1     m=1     inner=324368 min=     0.122 us/xform  median=     0.122  sd=  0.11%     36.79 GF/s  setup=0.040 s
fftw1d_measure           L=128 B=1     m=1     inner=332068 min=     0.116 us/xform  median=     0.116  sd=  0.02%     38.49 GF/s  setup=0.040 s
fftw1d_measure           L=128 B=1     m=1     inner=303268 min=     0.131 us/xform  median=     0.131  sd=  0.09%     34.12 GF/s  setup=0.040 s
fftw1d_measure           L=128 B=1     m=1     inner=340360 min=     0.113 us/xform  median=     0.113  sd=  0.22%     39.51 GF/s  setup=0.040 s
fftw1d_measure           L=128 B=1     m=1     inner=303964 min=     0.131 us/xform  median=     0.131  sd=  0.11%     34.28 GF/s  setup=0.041 s
fftw1d_measure           L=128 B=1     m=1     inner=307508 min=     0.129 us/xform  median=     0.129  sd=  0.06%     34.68 GF/s  setup=0.041 s
fftw1d_measure           L=128 B=1     m=1     inner=333272 min=     0.119 us/xform  median=     0.119  sd=  0.04%     37.65 GF/s  setup=0.040 s
fftw1d_measure           L=128 B=1     m=1     inner=287812 min=     0.121 us/xform  median=     0.121  sd=  5.97%     36.99 GF/s  setup=0.040 s
fftw1d_measure           L=128 B=1     m=1     inner=218572 min=     0.111 us/xform  median=     0.111  sd=  0.06%     40.46 GF/s  setup=0.039 s
fftw1d_patient           L=128 B=1     m=1     inner=329474 min=     0.121 us/xform  median=     0.121  sd=  0.05%     37.05 GF/s  setup=0.136 s
fftw1d_patient           L=128 B=1     m=1     inner=328114 min=     0.107 us/xform  median=     0.107  sd=  6.34%     42.02 GF/s  setup=0.136 s
fftw1d_patient           L=128 B=1     m=1     inner=381258 min=     0.104 us/xform  median=     0.104  sd=  0.11%     42.95 GF/s  setup=0.136 s
fftw1d_patient           L=128 B=1     m=1     inner=376790 min=     0.106 us/xform  median=     0.106  sd=  0.03%     42.34 GF/s  setup=0.135 s
fftw1d_patient           L=128 B=1     m=1     inner=337702 min=     0.118 us/xform  median=     0.118  sd=  0.05%     37.99 GF/s  setup=0.137 s
fftw1d_patient           L=128 B=1     m=1     inner=303574 min=     0.131 us/xform  median=     0.132  sd=  0.05%     34.09 GF/s  setup=0.136 s
fftw1d_patient           L=128 B=1     m=1     inner=379358 min=     0.105 us/xform  median=     0.105  sd=  0.03%     42.64 GF/s  setup=0.135 s
fftw1d_patient           L=128 B=1     m=1     inner=300422 min=     0.133 us/xform  median=     0.133  sd=  0.02%     33.73 GF/s  setup=0.137 s
fftw1d_patient           L=128 B=1     m=1     inner=323662 min=     0.108 us/xform  median=     0.123  sd=  6.55%     41.39 GF/s  setup=0.136 s
mkl1d_dfti               L=128 B=1     m=1     inner=193252 min=     0.104 us/xform  median=     0.104  sd=  0.38%     43.27 GF/s  setup=0.002 s
mkl1d_dfti               L=128 B=1     m=1     inner=312332 min=     0.105 us/xform  median=     0.105  sd=  0.37%     42.77 GF/s  setup=0.002 s
mkl1d_dfti               L=128 B=1     m=1     inner=291428 min=     0.111 us/xform  median=     0.111  sd=  0.13%     40.39 GF/s  setup=0.002 s
mkl1d_dfti               L=128 B=1     m=1     inner=303234 min=     0.104 us/xform  median=     0.104  sd=  0.32%     43.09 GF/s  setup=0.002 s
mkl1d_dfti               L=128 B=1     m=1     inner=190388 min=     0.104 us/xform  median=     0.105  sd=  0.50%     43.11 GF/s  setup=0.001 s
mkl1d_dfti               L=128 B=1     m=1     inner=300426 min=     0.092 us/xform  median=     0.092  sd=  0.41%     48.86 GF/s  setup=0.002 s
mkl1d_dfti               L=128 B=1     m=1     inner=310242 min=     0.105 us/xform  median=     0.106  sd=  0.28%     42.67 GF/s  setup=0.001 s
mkl1d_dfti               L=128 B=1     m=1     inner=304998 min=     0.105 us/xform  median=     0.105  sd=  0.19%     42.55 GF/s  setup=0.002 s
mkl1d_dfti               L=128 B=1     m=1     inner=308832 min=     0.104 us/xform  median=     0.104  sd=  0.34%     43.08 GF/s  setup=0.002 s
baseline_dft             L=1024 B=1     m=1     inner=16     min=  2212.426 us/xform  median=  2251.799  sd=  0.70%      0.02 GF/s  setup=0.034 s
baseline_dft             L=1024 B=1     m=1     inner=16     min=  2254.795 us/xform  median=  2259.851  sd=  0.19%      0.02 GF/s  setup=0.038 s
baseline_dft             L=1024 B=1     m=1     inner=16     min=  2250.265 us/xform  median=  2251.921  sd=  0.10%      0.02 GF/s  setup=0.034 s
baseline_dft             L=1024 B=1     m=1     inner=16     min=  2249.674 us/xform  median=  2251.281  sd=  0.08%      0.02 GF/s  setup=0.034 s
baseline_dft             L=1024 B=1     m=1     inner=16     min=  2246.025 us/xform  median=  2247.697  sd=  0.10%      0.02 GF/s  setup=0.038 s
baseline_dft             L=1024 B=1     m=1     inner=16     min=  2248.356 us/xform  median=  2252.406  sd=  0.13%      0.02 GF/s  setup=0.038 s
baseline_dft             L=1024 B=1     m=1     inner=16     min=  2240.976 us/xform  median=  2244.066  sd=  0.15%      0.02 GF/s  setup=0.038 s
baseline_dft             L=1024 B=1     m=1     inner=16     min=  2237.356 us/xform  median=  2243.766  sd=  0.17%      0.02 GF/s  setup=0.038 s
baseline_dft             L=1024 B=1     m=1     inner=16     min=  2237.435 us/xform  median=  2240.619  sd=  0.08%      0.02 GF/s  setup=0.034 s
d1_bluestein             L=1024 B=1     m=1     inner=11022  min=     2.738 us/xform  median=     2.745  sd=  0.11%     18.70 GF/s  setup=0.000 s
d1_bluestein             L=1024 B=1     m=1     inner=8412   min=     3.186 us/xform  median=     3.189  sd=  0.07%     16.07 GF/s  setup=0.000 s
d1_bluestein             L=1024 B=1     m=1     inner=9632   min=     3.140 us/xform  median=     3.146  sd=  0.11%     16.30 GF/s  setup=0.000 s
d1_bluestein             L=1024 B=1     m=1     inner=10786  min=     3.231 us/xform  median=     3.239  sd=  0.23%     15.85 GF/s  setup=0.000 s
d1_bluestein             L=1024 B=1     m=1     inner=9270   min=     3.137 us/xform  median=     3.141  sd=  0.09%     16.32 GF/s  setup=0.000 s
d1_bluestein             L=1024 B=1     m=1     inner=9252   min=     3.202 us/xform  median=     3.204  sd=  0.08%     15.99 GF/s  setup=0.000 s
d1_bluestein             L=1024 B=1     m=1     inner=5580   min=     3.187 us/xform  median=     3.191  sd=  0.24%     16.07 GF/s  setup=0.000 s
d1_bluestein             L=1024 B=1     m=1     inner=9248   min=     3.147 us/xform  median=     3.150  sd=  0.07%     16.27 GF/s  setup=0.000 s
d1_bluestein             L=1024 B=1     m=1     inner=5659   min=     3.170 us/xform  median=     3.178  sd=  0.29%     16.15 GF/s  setup=0.000 s
d1_planner               L=1024 B=1     m=1     inner=7458   min=     5.248 us/xform  median=     5.258  sd=  0.07%      9.76 GF/s  setup=0.000 s
d1_planner               L=1024 B=1     m=1     inner=5966   min=     5.248 us/xform  median=     5.260  sd=  0.14%      9.76 GF/s  setup=0.000 s
d1_planner               L=1024 B=1     m=1     inner=5658   min=     5.251 us/xform  median=     5.256  sd=  0.07%      9.75 GF/s  setup=0.000 s
d1_planner               L=1024 B=1     m=1     inner=7444   min=     5.261 us/xform  median=     5.265  sd=  0.08%      9.73 GF/s  setup=0.000 s
d1_planner               L=1024 B=1     m=1     inner=7358   min=     5.276 us/xform  median=     5.284  sd=  0.08%      9.70 GF/s  setup=0.000 s
d1_planner               L=1024 B=1     m=1     inner=5114   min=     6.115 us/xform  median=     6.124  sd=  0.08%      8.37 GF/s  setup=0.000 s
d1_planner               L=1024 B=1     m=1     inner=5898   min=     5.242 us/xform  median=     5.250  sd=  0.08%      9.77 GF/s  setup=0.000 s
d1_planner               L=1024 B=1     m=1     inner=3181   min=     5.246 us/xform  median=     5.247  sd=  0.37%      9.76 GF/s  setup=0.000 s
d1_planner               L=1024 B=1     m=1     inner=5682   min=     5.237 us/xform  median=     5.244  sd=  0.09%      9.78 GF/s  setup=0.000 s
d1_pow2                  L=1024 B=1     m=1     inner=15918  min=     1.618 us/xform  median=     1.619  sd=  0.03%     31.64 GF/s  setup=0.000 s
d1_pow2                  L=1024 B=1     m=1     inner=16418  min=     1.622 us/xform  median=     1.623  sd=  0.02%     31.56 GF/s  setup=0.000 s
d1_pow2                  L=1024 B=1     m=1     inner=15898  min=     1.619 us/xform  median=     1.620  sd=  0.02%     31.62 GF/s  setup=0.000 s
d1_pow2                  L=1024 B=1     m=1     inner=16360  min=     1.605 us/xform  median=     1.605  sd=  0.02%     31.91 GF/s  setup=0.000 s
d1_pow2                  L=1024 B=1     m=1     inner=20858  min=     1.619 us/xform  median=     1.619  sd=  0.01%     31.62 GF/s  setup=0.000 s
d1_pow2                  L=1024 B=1     m=1     inner=16904  min=     1.604 us/xform  median=     1.604  sd=  0.01%     31.92 GF/s  setup=0.000 s
d1_pow2                  L=1024 B=1     m=1     inner=16818  min=     1.627 us/xform  median=     1.628  sd=  0.03%     31.46 GF/s  setup=0.000 s
d1_pow2                  L=1024 B=1     m=1     inner=20564  min=     1.611 us/xform  median=     1.612  sd=  0.03%     31.79 GF/s  setup=0.000 s
d1_pow2                  L=1024 B=1     m=1     inner=20426  min=     1.624 us/xform  median=     1.624  sd=  0.01%     31.53 GF/s  setup=0.000 s
d1_race                  L=1024 B=1     m=1     inner=23428  min=     1.703 us/xform  median=     1.704  sd=  0.03%     30.06 GF/s  setup=0.212 s
d1_race                  L=1024 B=1     m=1     inner=15412  min=     1.647 us/xform  median=     1.648  sd=  0.07%     31.09 GF/s  setup=0.005 s
d1_race                  L=1024 B=1     m=1     inner=14404  min=     1.638 us/xform  median=     1.639  sd=  0.02%     31.25 GF/s  setup=0.004 s
d1_race                  L=1024 B=1     m=1     inner=24332  min=     1.642 us/xform  median=     1.642  sd=  0.02%     31.19 GF/s  setup=0.004 s
d1_race                  L=1024 B=1     m=1     inner=15798  min=     1.653 us/xform  median=     1.654  sd=  0.03%     30.97 GF/s  setup=0.004 s
d1_race                  L=1024 B=1     m=1     inner=15198  min=     1.661 us/xform  median=     1.662  sd=  0.05%     30.82 GF/s  setup=0.005 s
d1_race                  L=1024 B=1     m=1     inner=17458  min=     1.745 us/xform  median=     1.746  sd=  0.04%     29.34 GF/s  setup=0.004 s
d1_race                  L=1024 B=1     m=1     inner=16100  min=     1.637 us/xform  median=     1.637  sd=  0.07%     31.28 GF/s  setup=0.003 s
d1_race                  L=1024 B=1     m=1     inner=19170  min=     1.646 us/xform  median=     1.646  sd=  0.02%     31.11 GF/s  setup=0.007 s
d1_twiddle               L=1024 B=1     m=1     inner=4708   min=     6.516 us/xform  median=     6.524  sd=  0.14%      7.86 GF/s  setup=0.000 s
d1_twiddle               L=1024 B=1     m=1     inner=4604   min=     6.504 us/xform  median=     6.510  sd=  0.09%      7.87 GF/s  setup=0.000 s
d1_twiddle               L=1024 B=1     m=1     inner=6060   min=     6.509 us/xform  median=     6.517  sd=  0.12%      7.87 GF/s  setup=0.000 s
d1_twiddle               L=1024 B=1     m=1     inner=6072   min=     6.509 us/xform  median=     6.511  sd=  0.05%      7.87 GF/s  setup=0.000 s
d1_twiddle               L=1024 B=1     m=1     inner=6022   min=     5.421 us/xform  median=     6.523  sd=  7.47%      9.44 GF/s  setup=0.000 s
d1_twiddle               L=1024 B=1     m=1     inner=4546   min=     6.536 us/xform  median=     6.542  sd=  0.12%      7.83 GF/s  setup=0.000 s
d1_twiddle               L=1024 B=1     m=1     inner=4446   min=     6.512 us/xform  median=     6.519  sd=  0.11%      7.86 GF/s  setup=0.000 s
d1_twiddle               L=1024 B=1     m=1     inner=2972   min=     6.509 us/xform  median=     6.513  sd=  0.16%      7.87 GF/s  setup=0.000 s
d1_twiddle               L=1024 B=1     m=1     inner=4730   min=     6.512 us/xform  median=     6.517  sd=  0.15%      7.86 GF/s  setup=0.000 s
fftw1d_estimate          L=1024 B=1     m=1     inner=20140  min=     1.526 us/xform  median=     1.530  sd=  0.21%     33.55 GF/s  setup=0.001 s
fftw1d_estimate          L=1024 B=1     m=1     inner=15508  min=     1.520 us/xform  median=     1.526  sd=  0.21%     33.68 GF/s  setup=0.001 s
fftw1d_estimate          L=1024 B=1     m=1     inner=15744  min=     1.563 us/xform  median=     1.572  sd=  0.22%     32.76 GF/s  setup=0.001 s
fftw1d_estimate          L=1024 B=1     m=1     inner=20490  min=     1.342 us/xform  median=     1.533  sd=  5.72%     38.14 GF/s  setup=0.001 s
fftw1d_estimate          L=1024 B=1     m=1     inner=16194  min=     1.528 us/xform  median=     1.533  sd=  0.22%     33.51 GF/s  setup=0.001 s
fftw1d_estimate          L=1024 B=1     m=1     inner=15064  min=     1.524 us/xform  median=     1.528  sd=  0.15%     33.60 GF/s  setup=0.001 s
fftw1d_estimate          L=1024 B=1     m=1     inner=18750  min=     1.525 us/xform  median=     1.533  sd=  0.19%     33.57 GF/s  setup=0.001 s
fftw1d_estimate          L=1024 B=1     m=1     inner=19164  min=     1.524 us/xform  median=     1.529  sd=  0.16%     33.59 GF/s  setup=0.001 s
fftw1d_estimate          L=1024 B=1     m=1     inner=20040  min=     1.348 us/xform  median=     1.436  sd=  6.46%     37.99 GF/s  setup=0.001 s
fftw1d_measure           L=1024 B=1     m=1     inner=25990  min=     1.331 us/xform  median=     1.332  sd=  0.04%     38.47 GF/s  setup=0.116 s
fftw1d_measure           L=1024 B=1     m=1     inner=27780  min=     1.318 us/xform  median=     1.320  sd=  0.09%     38.84 GF/s  setup=0.117 s
fftw1d_measure           L=1024 B=1     m=1     inner=30580  min=     1.162 us/xform  median=     1.165  sd=  0.16%     44.08 GF/s  setup=0.116 s
fftw1d_measure           L=1024 B=1     m=1     inner=27934  min=     1.326 us/xform  median=     1.328  sd=  0.07%     38.62 GF/s  setup=0.117 s
fftw1d_measure           L=1024 B=1     m=1     inner=28368  min=     1.151 us/xform  median=     1.302  sd=  6.69%     44.47 GF/s  setup=0.117 s
fftw1d_measure           L=1024 B=1     m=1     inner=27780  min=     1.355 us/xform  median=     1.357  sd=  0.09%     37.78 GF/s  setup=0.117 s
fftw1d_measure           L=1024 B=1     m=1     inner=27700  min=     1.303 us/xform  median=     1.304  sd=  0.09%     39.29 GF/s  setup=0.117 s
fftw1d_measure           L=1024 B=1     m=1     inner=26470  min=     1.318 us/xform  median=     1.320  sd=  0.08%     38.85 GF/s  setup=0.117 s
fftw1d_measure           L=1024 B=1     m=1     inner=27208  min=     1.341 us/xform  median=     1.343  sd=  0.06%     38.19 GF/s  setup=0.117 s
fftw1d_patient           L=1024 B=1     m=1     inner=32536  min=     1.155 us/xform  median=     1.156  sd=  0.05%     44.33 GF/s  setup=0.793 s
fftw1d_patient           L=1024 B=1     m=1     inner=27028  min=     1.160 us/xform  median=     1.321  sd=  5.61%     44.14 GF/s  setup=0.812 s
fftw1d_patient           L=1024 B=1     m=1     inner=32512  min=     1.162 us/xform  median=     1.163  sd=  0.03%     44.05 GF/s  setup=0.792 s
fftw1d_patient           L=1024 B=1     m=1     inner=31968  min=     1.158 us/xform  median=     1.160  sd=  0.11%     44.23 GF/s  setup=0.803 s
fftw1d_patient           L=1024 B=1     m=1     inner=31054  min=     1.186 us/xform  median=     1.187  sd=  0.02%     43.16 GF/s  setup=0.795 s
fftw1d_patient           L=1024 B=1     m=1     inner=32256  min=     1.166 us/xform  median=     1.167  sd=  0.14%     43.91 GF/s  setup=0.792 s
fftw1d_patient           L=1024 B=1     m=1     inner=31826  min=     1.163 us/xform  median=     1.164  sd=  0.06%     44.04 GF/s  setup=0.792 s
fftw1d_patient           L=1024 B=1     m=1     inner=31488  min=     1.173 us/xform  median=     1.174  sd=  0.08%     43.67 GF/s  setup=0.793 s
fftw1d_patient           L=1024 B=1     m=1     inner=31802  min=     1.175 us/xform  median=     1.175  sd=  0.03%     43.59 GF/s  setup=0.795 s
mkl1d_dfti               L=1024 B=1     m=1     inner=29346  min=     1.229 us/xform  median=     1.230  sd=  0.04%     41.65 GF/s  setup=0.002 s
mkl1d_dfti               L=1024 B=1     m=1     inner=24436  min=     1.231 us/xform  median=     1.231  sd=  0.02%     41.59 GF/s  setup=0.002 s
mkl1d_dfti               L=1024 B=1     m=1     inner=23228  min=     1.229 us/xform  median=     1.230  sd=  0.05%     41.66 GF/s  setup=0.002 s
mkl1d_dfti               L=1024 B=1     m=1     inner=23598  min=     1.233 us/xform  median=     1.234  sd=  0.03%     41.53 GF/s  setup=0.002 s
mkl1d_dfti               L=1024 B=1     m=1     inner=21114  min=     1.085 us/xform  median=     1.086  sd=  0.09%     47.19 GF/s  setup=0.002 s
mkl1d_dfti               L=1024 B=1     m=1     inner=20364  min=     1.086 us/xform  median=     1.086  sd=  0.02%     47.16 GF/s  setup=0.001 s
mkl1d_dfti               L=1024 B=1     m=1     inner=19588  min=     1.086 us/xform  median=     1.086  sd=  0.04%     47.17 GF/s  setup=0.001 s
mkl1d_dfti               L=1024 B=1     m=1     inner=28052  min=     1.082 us/xform  median=     1.082  sd=  0.07%     47.32 GF/s  setup=0.001 s
mkl1d_dfti               L=1024 B=1     m=1     inner=19570  min=     1.226 us/xform  median=     1.227  sd=  0.06%     41.77 GF/s  setup=0.001 s
   skipping baseline_dft at L=4096 B=1 (too expensive to be informative)
d1_bluestein             L=4096 B=1     m=1     inner=943    min=    21.251 us/xform  median=    21.263  sd=  0.07%     11.56 GF/s  setup=0.000 s
d1_bluestein             L=4096 B=1     m=1     inner=1500   min=    21.110 us/xform  median=    21.119  sd=  0.05%     11.64 GF/s  setup=0.000 s
d1_bluestein             L=4096 B=1     m=1     inner=1500   min=    21.239 us/xform  median=    21.246  sd=  0.04%     11.57 GF/s  setup=0.000 s
d1_bluestein             L=4096 B=1     m=1     inner=1464   min=    21.385 us/xform  median=    21.396  sd=  0.04%     11.49 GF/s  setup=0.000 s
d1_bluestein             L=4096 B=1     m=1     inner=1890   min=    21.089 us/xform  median=    21.102  sd=  0.05%     11.65 GF/s  setup=0.000 s
d1_bluestein             L=4096 B=1     m=1     inner=920    min=    21.846 us/xform  median=    21.858  sd=  0.08%     11.25 GF/s  setup=0.000 s
d1_bluestein             L=4096 B=1     m=1     inner=1488   min=    21.192 us/xform  median=    21.199  sd=  0.04%     11.60 GF/s  setup=0.000 s
d1_bluestein             L=4096 B=1     m=1     inner=1886   min=    18.574 us/xform  median=    18.579  sd=  0.01%     13.23 GF/s  setup=0.000 s
d1_bluestein             L=4096 B=1     m=1     inner=1506   min=    21.004 us/xform  median=    21.013  sd=  0.02%     11.70 GF/s  setup=0.000 s
d1_planner               L=4096 B=1     m=1     inner=771    min=    25.773 us/xform  median=    25.784  sd=  0.09%      9.54 GF/s  setup=0.000 s
d1_planner               L=4096 B=1     m=1     inner=1232   min=    25.627 us/xform  median=    25.639  sd=  0.03%      9.59 GF/s  setup=0.000 s
d1_planner               L=4096 B=1     m=1     inner=1230   min=    25.718 us/xform  median=    25.740  sd=  0.05%      9.56 GF/s  setup=0.000 s
d1_planner               L=4096 B=1     m=1     inner=775    min=    25.726 us/xform  median=    25.749  sd=  0.04%      9.55 GF/s  setup=0.000 s
d1_planner               L=4096 B=1     m=1     inner=1170   min=    25.756 us/xform  median=    25.773  sd=  0.05%      9.54 GF/s  setup=0.000 s
d1_planner               L=4096 B=1     m=1     inner=1220   min=    25.743 us/xform  median=    25.758  sd=  0.05%      9.55 GF/s  setup=0.000 s
d1_planner               L=4096 B=1     m=1     inner=1170   min=    25.735 us/xform  median=    25.765  sd=  0.06%      9.55 GF/s  setup=0.000 s
d1_planner               L=4096 B=1     m=1     inner=1552   min=    25.673 us/xform  median=    25.685  sd=  0.03%      9.57 GF/s  setup=0.000 s
d1_planner               L=4096 B=1     m=1     inner=1546   min=    25.612 us/xform  median=    25.704  sd=  0.11%      9.60 GF/s  setup=0.000 s
d1_pow2                  L=4096 B=1     m=1     inner=2111   min=     8.997 us/xform  median=     9.003  sd=  2.79%     27.31 GF/s  setup=0.001 s
d1_pow2                  L=4096 B=1     m=1     inner=3092   min=    10.154 us/xform  median=    10.157  sd=  0.02%     24.20 GF/s  setup=0.001 s
d1_pow2                  L=4096 B=1     m=1     inner=3130   min=     9.009 us/xform  median=     9.012  sd=  0.02%     27.28 GF/s  setup=0.001 s
d1_pow2                  L=4096 B=1     m=1     inner=1894   min=    10.233 us/xform  median=    10.237  sd=  0.03%     24.02 GF/s  setup=0.001 s
d1_pow2                  L=4096 B=1     m=1     inner=3092   min=     9.076 us/xform  median=     9.082  sd=  0.03%     27.08 GF/s  setup=0.001 s
d1_pow2                  L=4096 B=1     m=1     inner=4394   min=     9.032 us/xform  median=     9.033  sd=  0.01%     27.21 GF/s  setup=0.001 s
d1_pow2                  L=4096 B=1     m=1     inner=2930   min=    10.216 us/xform  median=    10.220  sd=  0.02%     24.06 GF/s  setup=0.001 s
d1_pow2                  L=4096 B=1     m=1     inner=3002   min=    10.274 us/xform  median=    10.280  sd=  0.03%     23.92 GF/s  setup=0.001 s
d1_pow2                  L=4096 B=1     m=1     inner=1962   min=    10.206 us/xform  median=    10.210  sd=  0.05%     24.08 GF/s  setup=0.001 s
d1_race                  L=4096 B=1     m=1     inner=1881   min=    10.676 us/xform  median=    10.678  sd=  0.04%     23.02 GF/s  setup=0.827 s
d1_race                  L=4096 B=1     m=1     inner=2868   min=    10.692 us/xform  median=    10.697  sd=  0.03%     22.99 GF/s  setup=0.008 s
d1_race                  L=4096 B=1     m=1     inner=2962   min=    10.757 us/xform  median=    10.763  sd=  0.03%     22.85 GF/s  setup=0.008 s
d1_race                  L=4096 B=1     m=1     inner=2816   min=    10.767 us/xform  median=    10.774  sd=  0.04%     22.82 GF/s  setup=0.008 s
d1_race                  L=4096 B=1     m=1     inner=2932   min=    10.711 us/xform  median=    10.716  sd=  0.03%     22.94 GF/s  setup=0.008 s
d1_race                  L=4096 B=1     m=1     inner=2960   min=    10.768 us/xform  median=    10.772  sd=  0.02%     22.82 GF/s  setup=0.005 s
d1_race                  L=4096 B=1     m=1     inner=1852   min=    10.803 us/xform  median=    10.812  sd=  0.05%     22.75 GF/s  setup=0.006 s
d1_race                  L=4096 B=1     m=1     inner=3692   min=    10.777 us/xform  median=    10.786  sd=  0.04%     22.80 GF/s  setup=0.006 s
d1_race                  L=4096 B=1     m=1     inner=2926   min=    10.725 us/xform  median=    10.728  sd=  0.02%     22.92 GF/s  setup=0.008 s
d1_twiddle               L=4096 B=1     m=1     inner=1516   min=    26.247 us/xform  median=    26.264  sd=  0.04%      9.36 GF/s  setup=0.000 s
d1_twiddle               L=4096 B=1     m=1     inner=1516   min=    21.661 us/xform  median=    26.157  sd=  8.83%     11.35 GF/s  setup=0.000 s
d1_twiddle               L=4096 B=1     m=1     inner=1152   min=    26.165 us/xform  median=    26.175  sd=  0.04%      9.39 GF/s  setup=0.000 s
d1_twiddle               L=4096 B=1     m=1     inner=1158   min=    26.059 us/xform  median=    26.080  sd=  0.10%      9.43 GF/s  setup=0.000 s
d1_twiddle               L=4096 B=1     m=1     inner=1152   min=    26.136 us/xform  median=    26.170  sd=  0.05%      9.40 GF/s  setup=0.000 s
d1_twiddle               L=4096 B=1     m=1     inner=1202   min=    26.104 us/xform  median=    26.124  sd=  0.08%      9.41 GF/s  setup=0.000 s
d1_twiddle               L=4096 B=1     m=1     inner=767    min=    26.021 us/xform  median=    26.040  sd=  0.05%      9.44 GF/s  setup=0.000 s
d1_twiddle               L=4096 B=1     m=1     inner=1156   min=    21.814 us/xform  median=    26.307  sd=  6.04%     11.27 GF/s  setup=0.000 s
d1_twiddle               L=4096 B=1     m=1     inner=1150   min=    26.215 us/xform  median=    26.233  sd=  0.10%      9.37 GF/s  setup=0.000 s
fftw1d_estimate          L=4096 B=1     m=1     inner=1125   min=    17.846 us/xform  median=    17.854  sd=  0.20%     13.77 GF/s  setup=0.001 s
fftw1d_estimate          L=4096 B=1     m=1     inner=2084   min=    17.813 us/xform  median=    17.818  sd=  0.02%     13.80 GF/s  setup=0.001 s
fftw1d_estimate          L=4096 B=1     m=1     inner=1112   min=    17.984 us/xform  median=    17.991  sd=  0.06%     13.67 GF/s  setup=0.001 s
fftw1d_estimate          L=4096 B=1     m=1     inner=1704   min=    17.821 us/xform  median=    17.825  sd=  0.02%     13.79 GF/s  setup=0.001 s
fftw1d_estimate          L=4096 B=1     m=1     inner=1790   min=    17.798 us/xform  median=    17.801  sd=  0.03%     13.81 GF/s  setup=0.001 s
fftw1d_estimate          L=4096 B=1     m=1     inner=1700   min=    17.894 us/xform  median=    17.902  sd=  0.02%     13.73 GF/s  setup=0.001 s
fftw1d_estimate          L=4096 B=1     m=1     inner=1694   min=    17.911 us/xform  median=    17.914  sd=  0.02%     13.72 GF/s  setup=0.001 s
fftw1d_estimate          L=4096 B=1     m=1     inner=1696   min=    17.777 us/xform  median=    17.782  sd=  0.02%     13.82 GF/s  setup=0.001 s
fftw1d_estimate          L=4096 B=1     m=1     inner=1774   min=    17.875 us/xform  median=    17.879  sd=  0.02%     13.75 GF/s  setup=0.001 s
fftw1d_measure           L=4096 B=1     m=1     inner=2371   min=     8.446 us/xform  median=     8.448  sd=  0.03%     29.10 GF/s  setup=0.235 s
fftw1d_measure           L=4096 B=1     m=1     inner=4622   min=     8.436 us/xform  median=     8.438  sd=  0.02%     29.13 GF/s  setup=0.234 s
fftw1d_measure           L=4096 B=1     m=1     inner=4694   min=     8.036 us/xform  median=     8.414  sd=  1.30%     30.58 GF/s  setup=0.235 s
fftw1d_measure           L=4096 B=1     m=1     inner=5232   min=     7.466 us/xform  median=     7.469  sd=  0.02%     32.92 GF/s  setup=0.220 s
fftw1d_measure           L=4096 B=1     m=1     inner=5510   min=     7.248 us/xform  median=     7.249  sd=  0.02%     33.91 GF/s  setup=0.219 s
fftw1d_measure           L=4096 B=1     m=1     inner=4628   min=     8.590 us/xform  median=     8.591  sd=  0.01%     28.61 GF/s  setup=0.235 s
fftw1d_measure           L=4096 B=1     m=1     inner=4720   min=     8.465 us/xform  median=     8.466  sd=  0.03%     29.03 GF/s  setup=0.235 s
fftw1d_measure           L=4096 B=1     m=1     inner=4648   min=     7.444 us/xform  median=     8.473  sd=  6.44%     33.01 GF/s  setup=0.234 s
fftw1d_measure           L=4096 B=1     m=1     inner=2646   min=     7.635 us/xform  median=     7.637  sd=  0.02%     32.19 GF/s  setup=0.220 s
fftw1d_patient           L=4096 B=1     m=1     inner=5924   min=     6.735 us/xform  median=     6.738  sd=  0.06%     36.49 GF/s  setup=1.980 s
fftw1d_patient           L=4096 B=1     m=1     inner=5782   min=     6.807 us/xform  median=     6.811  sd=  0.03%     36.10 GF/s  setup=1.933 s
fftw1d_patient           L=4096 B=1     m=1     inner=5776   min=     6.878 us/xform  median=     6.886  sd=  0.06%     35.73 GF/s  setup=1.932 s
fftw1d_patient           L=4096 B=1     m=1     inner=5740   min=     6.917 us/xform  median=     6.919  sd=  0.02%     35.53 GF/s  setup=1.939 s
fftw1d_patient           L=4096 B=1     m=1     inner=5908   min=     6.710 us/xform  median=     6.712  sd=  0.08%     36.63 GF/s  setup=1.933 s
fftw1d_patient           L=4096 B=1     m=1     inner=5748   min=     6.814 us/xform  median=     6.817  sd=  0.03%     36.07 GF/s  setup=1.933 s
fftw1d_patient           L=4096 B=1     m=1     inner=5796   min=     6.848 us/xform  median=     6.855  sd=  0.04%     35.89 GF/s  setup=1.934 s
fftw1d_patient           L=4096 B=1     m=1     inner=5884   min=     6.735 us/xform  median=     6.738  sd=  0.06%     36.49 GF/s  setup=1.986 s
fftw1d_patient           L=4096 B=1     m=1     inner=5898   min=     6.661 us/xform  median=     6.665  sd=  0.20%     36.89 GF/s  setup=1.931 s
mkl1d_dfti               L=4096 B=1     m=1     inner=5790   min=     5.980 us/xform  median=     5.981  sd=  0.03%     41.10 GF/s  setup=0.002 s
mkl1d_dfti               L=4096 B=1     m=1     inner=4616   min=     6.950 us/xform  median=     6.952  sd=  0.01%     35.36 GF/s  setup=0.002 s
mkl1d_dfti               L=4096 B=1     m=1     inner=4480   min=     6.881 us/xform  median=     6.883  sd=  0.01%     35.72 GF/s  setup=0.002 s
mkl1d_dfti               L=4096 B=1     m=1     inner=4796   min=     6.819 us/xform  median=     6.820  sd=  0.01%     36.04 GF/s  setup=0.002 s
mkl1d_dfti               L=4096 B=1     m=1     inner=5796   min=     6.828 us/xform  median=     6.830  sd=  0.01%     35.99 GF/s  setup=0.002 s
mkl1d_dfti               L=4096 B=1     m=1     inner=4582   min=     6.876 us/xform  median=     6.877  sd=  0.01%     35.74 GF/s  setup=0.002 s
mkl1d_dfti               L=4096 B=1     m=1     inner=4588   min=     6.833 us/xform  median=     6.834  sd=  0.02%     35.97 GF/s  setup=0.002 s
mkl1d_dfti               L=4096 B=1     m=1     inner=5730   min=     6.826 us/xform  median=     6.828  sd=  0.01%     36.00 GF/s  setup=0.002 s
mkl1d_dfti               L=4096 B=1     m=1     inner=5668   min=     6.836 us/xform  median=     6.839  sd=  0.04%     35.95 GF/s  setup=0.002 s
   skipping baseline_dft at L=16384 B=1 (too expensive to be informative)
d1_bluestein             L=16384 B=1     m=1     inner=358    min=   111.741 us/xform  median=   119.497  sd=  1.93%     10.26 GF/s  setup=0.000 s
d1_bluestein             L=16384 B=1     m=1     inner=278    min=   115.656 us/xform  median=   115.757  sd=  0.04%      9.92 GF/s  setup=0.001 s
d1_bluestein             L=16384 B=1     m=1     inner=276    min=   117.045 us/xform  median=   117.110  sd=  0.04%      9.80 GF/s  setup=0.001 s
d1_bluestein             L=16384 B=1     m=1     inner=276    min=   117.074 us/xform  median=   117.102  sd=  0.04%      9.80 GF/s  setup=0.001 s
d1_bluestein             L=16384 B=1     m=1     inner=266    min=   118.018 us/xform  median=   118.104  sd=  0.04%      9.72 GF/s  setup=0.001 s
d1_bluestein             L=16384 B=1     m=1     inner=282    min=   113.409 us/xform  median=   113.514  sd=  0.05%     10.11 GF/s  setup=0.001 s
d1_bluestein             L=16384 B=1     m=1     inner=268    min=   115.466 us/xform  median=   115.504  sd=  0.03%      9.93 GF/s  setup=0.001 s
d1_bluestein             L=16384 B=1     m=1     inner=282    min=   114.196 us/xform  median=   114.272  sd=  0.04%     10.04 GF/s  setup=0.001 s
d1_bluestein             L=16384 B=1     m=1     inner=264    min=   116.483 us/xform  median=   116.578  sd=  0.05%      9.85 GF/s  setup=0.001 s
d1_planner               L=16384 B=1     m=1     inner=334    min=   117.793 us/xform  median=   117.896  sd=  0.03%      9.74 GF/s  setup=0.001 s
d1_planner               L=16384 B=1     m=1     inner=272    min=   116.956 us/xform  median=   116.984  sd=  0.06%      9.81 GF/s  setup=0.001 s
d1_planner               L=16384 B=1     m=1     inner=258    min=   116.926 us/xform  median=   116.960  sd=  0.02%      9.81 GF/s  setup=0.001 s
d1_planner               L=16384 B=1     m=1     inner=270    min=   117.471 us/xform  median=   117.535  sd=  0.05%      9.76 GF/s  setup=0.001 s
d1_planner               L=16384 B=1     m=1     inner=266    min=   117.729 us/xform  median=   117.812  sd=  0.04%      9.74 GF/s  setup=0.001 s
d1_planner               L=16384 B=1     m=1     inner=266    min=   117.333 us/xform  median=   117.367  sd=  0.02%      9.77 GF/s  setup=0.001 s
d1_planner               L=16384 B=1     m=1     inner=270    min=   117.648 us/xform  median=   117.678  sd=  0.05%      9.75 GF/s  setup=0.001 s
d1_planner               L=16384 B=1     m=1     inner=236    min=   128.831 us/xform  median=   128.910  sd=  0.04%      8.90 GF/s  setup=0.001 s
d1_planner               L=16384 B=1     m=1     inner=270    min=   117.534 us/xform  median=   117.634  sd=  0.04%      9.76 GF/s  setup=0.001 s
d1_pow2                  L=16384 B=1     m=1     inner=632    min=    61.516 us/xform  median=    61.576  sd=  0.08%     18.64 GF/s  setup=0.003 s
d1_pow2                  L=16384 B=1     m=1     inner=550    min=    59.135 us/xform  median=    59.168  sd=  0.03%     19.39 GF/s  setup=0.004 s
d1_pow2                  L=16384 B=1     m=1     inner=696    min=    55.895 us/xform  median=    55.920  sd=  0.03%     20.52 GF/s  setup=0.003 s
d1_pow2                  L=16384 B=1     m=1     inner=554    min=    58.137 us/xform  median=    58.167  sd=  0.07%     19.73 GF/s  setup=0.004 s
d1_pow2                  L=16384 B=1     m=1     inner=668    min=    44.440 us/xform  median=    44.473  sd=  2.85%     25.81 GF/s  setup=0.003 s
d1_pow2                  L=16384 B=1     m=1     inner=626    min=    52.155 us/xform  median=    60.683  sd=  5.23%     21.99 GF/s  setup=0.004 s
d1_pow2                  L=16384 B=1     m=1     inner=562    min=    58.169 us/xform  median=    58.202  sd=  0.06%     19.72 GF/s  setup=0.004 s
d1_pow2                  L=16384 B=1     m=1     inner=552    min=    43.682 us/xform  median=    49.965  sd= 11.45%     26.26 GF/s  setup=0.004 s
d1_pow2                  L=16384 B=1     m=1     inner=912    min=    43.284 us/xform  median=    43.304  sd=  0.03%     26.50 GF/s  setup=0.002 s
d1_race                  L=16384 B=1     m=1     inner=630    min=    45.211 us/xform  median=    45.270  sd=  8.88%     25.37 GF/s  setup=1.063 s
d1_race                  L=16384 B=1     m=1     inner=628    min=    52.021 us/xform  median=    62.157  sd=  6.09%     22.05 GF/s  setup=0.010 s
d1_race                  L=16384 B=1     m=1     inner=634    min=    56.624 us/xform  median=    60.503  sd=  1.89%     20.25 GF/s  setup=0.011 s
d1_race                  L=16384 B=1     m=1     inner=550    min=    61.834 us/xform  median=    61.861  sd=  0.03%     18.55 GF/s  setup=0.012 s
d1_race                  L=16384 B=1     m=1     inner=576    min=    43.846 us/xform  median=    43.897  sd=  1.15%     26.16 GF/s  setup=0.008 s
d1_race                  L=16384 B=1     m=1     inner=636    min=    43.678 us/xform  median=    43.708  sd=  0.03%     26.26 GF/s  setup=0.007 s
d1_race                  L=16384 B=1     m=1     inner=622    min=    45.423 us/xform  median=    45.453  sd=  0.04%     25.25 GF/s  setup=0.007 s
d1_race                  L=16384 B=1     m=1     inner=880    min=    44.304 us/xform  median=    44.331  sd=  0.03%     25.89 GF/s  setup=0.006 s
d1_race                  L=16384 B=1     m=1     inner=614    min=    43.047 us/xform  median=    43.073  sd=  0.04%     26.64 GF/s  setup=0.007 s
d1_twiddle               L=16384 B=1     m=1     inner=228    min=   137.828 us/xform  median=   141.354  sd=  1.38%      8.32 GF/s  setup=0.001 s
d1_twiddle               L=16384 B=1     m=1     inner=216    min=   113.192 us/xform  median=   113.245  sd=  0.50%     10.13 GF/s  setup=0.001 s
d1_twiddle               L=16384 B=1     m=1     inner=230    min=   113.251 us/xform  median=   113.311  sd=  0.06%     10.13 GF/s  setup=0.001 s
d1_twiddle               L=16384 B=1     m=1     inner=232    min=   136.797 us/xform  median=   139.947  sd=  1.03%      8.38 GF/s  setup=0.001 s
d1_twiddle               L=16384 B=1     m=1     inner=228    min=   138.666 us/xform  median=   138.741  sd=  0.11%      8.27 GF/s  setup=0.001 s
d1_twiddle               L=16384 B=1     m=1     inner=143    min=   138.934 us/xform  median=   139.051  sd=  0.09%      8.25 GF/s  setup=0.001 s
d1_twiddle               L=16384 B=1     m=1     inner=214    min=   141.579 us/xform  median=   141.760  sd=  0.41%      8.10 GF/s  setup=0.001 s
d1_twiddle               L=16384 B=1     m=1     inner=220    min=   114.207 us/xform  median=   114.366  sd=  0.65%     10.04 GF/s  setup=0.001 s
d1_twiddle               L=16384 B=1     m=1     inner=220    min=   113.143 us/xform  median=   113.236  sd=  0.11%     10.14 GF/s  setup=0.001 s
fftw1d_estimate          L=16384 B=1     m=1     inner=398    min=    79.337 us/xform  median=    79.347  sd=  0.01%     14.46 GF/s  setup=0.001 s
fftw1d_estimate          L=16384 B=1     m=1     inner=398    min=    79.440 us/xform  median=    79.449  sd=  0.01%     14.44 GF/s  setup=0.001 s
fftw1d_estimate          L=16384 B=1     m=1     inner=251    min=    79.656 us/xform  median=    79.681  sd=  0.06%     14.40 GF/s  setup=0.001 s
fftw1d_estimate          L=16384 B=1     m=1     inner=502    min=    79.378 us/xform  median=    79.409  sd=  0.03%     14.45 GF/s  setup=0.001 s
fftw1d_estimate          L=16384 B=1     m=1     inner=500    min=    69.993 us/xform  median=    79.662  sd=  3.61%     16.39 GF/s  setup=0.001 s
fftw1d_estimate          L=16384 B=1     m=1     inner=398    min=    79.823 us/xform  median=    79.835  sd=  0.01%     14.37 GF/s  setup=0.001 s
fftw1d_estimate          L=16384 B=1     m=1     inner=396    min=    70.273 us/xform  median=    70.300  sd=  0.02%     16.32 GF/s  setup=0.001 s
fftw1d_estimate          L=16384 B=1     m=1     inner=398    min=    79.555 us/xform  median=    79.574  sd=  0.02%     14.42 GF/s  setup=0.001 s
fftw1d_estimate          L=16384 B=1     m=1     inner=250    min=    79.708 us/xform  median=    79.732  sd=  0.03%     14.39 GF/s  setup=0.001 s
fftw1d_measure           L=16384 B=1     m=1     inner=1110   min=    35.897 us/xform  median=    35.905  sd=  0.22%     31.95 GF/s  setup=0.570 s
fftw1d_measure           L=16384 B=1     m=1     inner=1120   min=    35.545 us/xform  median=    35.551  sd=  0.01%     32.27 GF/s  setup=0.569 s
fftw1d_measure           L=16384 B=1     m=1     inner=1102   min=    36.021 us/xform  median=    36.030  sd=  0.02%     31.84 GF/s  setup=0.566 s
fftw1d_measure           L=16384 B=1     m=1     inner=1106   min=    36.053 us/xform  median=    36.061  sd=  0.02%     31.81 GF/s  setup=0.566 s
fftw1d_measure           L=16384 B=1     m=1     inner=958    min=    41.180 us/xform  median=    41.217  sd=  0.04%     27.85 GF/s  setup=0.617 s
fftw1d_measure           L=16384 B=1     m=1     inner=1108   min=    35.966 us/xform  median=    35.974  sd=  0.01%     31.89 GF/s  setup=0.567 s
fftw1d_measure           L=16384 B=1     m=1     inner=994    min=    40.140 us/xform  median=    40.149  sd=  0.03%     28.57 GF/s  setup=0.620 s
fftw1d_measure           L=16384 B=1     m=1     inner=559    min=    35.767 us/xform  median=    35.772  sd=  0.01%     32.07 GF/s  setup=0.568 s
fftw1d_measure           L=16384 B=1     m=1     inner=932    min=    42.092 us/xform  median=    42.121  sd=  0.04%     27.25 GF/s  setup=0.618 s
fftw1d_patient           L=16384 B=1     m=1     inner=1222   min=    32.603 us/xform  median=    32.610  sd=  0.02%     35.18 GF/s  setup=6.246 s
fftw1d_patient           L=16384 B=1     m=1     inner=1238   min=    32.132 us/xform  median=    32.156  sd=  0.03%     35.69 GF/s  setup=6.368 s
fftw1d_patient           L=16384 B=1     m=1     inner=614    min=    32.584 us/xform  median=    32.595  sd=  0.02%     35.20 GF/s  setup=6.377 s
fftw1d_patient           L=16384 B=1     m=1     inner=1202   min=    33.000 us/xform  median=    33.007  sd=  0.01%     34.75 GF/s  setup=6.411 s
fftw1d_patient           L=16384 B=1     m=1     inner=1238   min=    31.909 us/xform  median=    31.919  sd=  0.01%     35.94 GF/s  setup=6.268 s
fftw1d_patient           L=16384 B=1     m=1     inner=1244   min=    31.867 us/xform  median=    31.896  sd=  0.04%     35.99 GF/s  setup=6.245 s
fftw1d_patient           L=16384 B=1     m=1     inner=1200   min=    33.155 us/xform  median=    33.158  sd=  0.06%     34.59 GF/s  setup=6.363 s
fftw1d_patient           L=16384 B=1     m=1     inner=1226   min=    32.440 us/xform  median=    32.449  sd=  0.04%     35.35 GF/s  setup=6.253 s
fftw1d_patient           L=16384 B=1     m=1     inner=1196   min=    33.215 us/xform  median=    33.223  sd=  0.02%     34.53 GF/s  setup=6.380 s
mkl1d_dfti               L=16384 B=1     m=1     inner=1018   min=    38.753 us/xform  median=    40.498  sd=  1.89%     29.59 GF/s  setup=0.003 s
mkl1d_dfti               L=16384 B=1     m=1     inner=780    min=    43.456 us/xform  median=    43.489  sd=  0.04%     26.39 GF/s  setup=0.003 s
mkl1d_dfti               L=16384 B=1     m=1     inner=778    min=    41.525 us/xform  median=    41.546  sd=  0.04%     27.62 GF/s  setup=0.003 s
mkl1d_dfti               L=16384 B=1     m=1     inner=730    min=    43.405 us/xform  median=    43.426  sd=  0.05%     26.42 GF/s  setup=0.003 s
mkl1d_dfti               L=16384 B=1     m=1     inner=766    min=    44.050 us/xform  median=    44.062  sd=  0.03%     26.04 GF/s  setup=0.002 s
mkl1d_dfti               L=16384 B=1     m=1     inner=688    min=    49.081 us/xform  median=    49.102  sd=  0.04%     23.37 GF/s  setup=0.003 s
mkl1d_dfti               L=16384 B=1     m=1     inner=1002   min=    39.385 us/xform  median=    39.398  sd=  0.04%     29.12 GF/s  setup=0.002 s
mkl1d_dfti               L=16384 B=1     m=1     inner=810    min=    38.867 us/xform  median=    38.896  sd=  0.04%     29.51 GF/s  setup=0.003 s
mkl1d_dfti               L=16384 B=1     m=1     inner=500    min=    39.991 us/xform  median=    40.019  sd=  0.10%     28.68 GF/s  setup=0.002 s
baseline_dft             L=1021 B=1     m=1     inner=20     min=  1810.173 us/xform  median=  1812.236  sd=  0.15%      0.03 GF/s  setup=0.030 s
baseline_dft             L=1021 B=1     m=1     inner=20     min=  1810.197 us/xform  median=  1811.639  sd=  0.06%      0.03 GF/s  setup=0.028 s
baseline_dft             L=1021 B=1     m=1     inner=20     min=  1810.869 us/xform  median=  1812.419  sd=  0.09%      0.03 GF/s  setup=0.028 s
baseline_dft             L=1021 B=1     m=1     inner=20     min=  1807.964 us/xform  median=  1809.630  sd=  0.08%      0.03 GF/s  setup=0.028 s
baseline_dft             L=1021 B=1     m=1     inner=22     min=  1809.500 us/xform  median=  1810.537  sd=  0.07%      0.03 GF/s  setup=0.028 s
baseline_dft             L=1021 B=1     m=1     inner=22     min=  1809.641 us/xform  median=  1811.750  sd=  0.06%      0.03 GF/s  setup=0.028 s
baseline_dft             L=1021 B=1     m=1     inner=16     min=  2205.324 us/xform  median=  2233.282  sd=  0.41%      0.02 GF/s  setup=0.038 s
baseline_dft             L=1021 B=1     m=1     inner=20     min=  1810.071 us/xform  median=  1811.708  sd=  0.14%      0.03 GF/s  setup=0.037 s
baseline_dft             L=1021 B=1     m=1     inner=18     min=  2202.258 us/xform  median=  2208.955  sd=  0.15%      0.02 GF/s  setup=0.038 s
d1_bluestein             L=1021 B=1     m=1     inner=2246   min=    14.138 us/xform  median=    14.142  sd=  0.05%      3.61 GF/s  setup=0.000 s
d1_bluestein             L=1021 B=1     m=1     inner=1419   min=    14.004 us/xform  median=    14.013  sd=  0.06%      3.64 GF/s  setup=0.000 s
d1_bluestein             L=1021 B=1     m=1     inner=2054   min=    12.871 us/xform  median=    12.886  sd=  0.06%      3.96 GF/s  setup=0.000 s
d1_bluestein             L=1021 B=1     m=1     inner=2118   min=    14.224 us/xform  median=    14.228  sd=  0.02%      3.59 GF/s  setup=0.000 s
d1_bluestein             L=1021 B=1     m=1     inner=2802   min=    14.219 us/xform  median=    14.224  sd=  0.07%      3.59 GF/s  setup=0.000 s
d1_bluestein             L=1021 B=1     m=1     inner=2272   min=    13.972 us/xform  median=    13.982  sd=  0.04%      3.65 GF/s  setup=0.000 s
d1_bluestein             L=1021 B=1     m=1     inner=1400   min=    14.225 us/xform  median=    14.241  sd=  0.15%      3.59 GF/s  setup=0.000 s
d1_bluestein             L=1021 B=1     m=1     inner=2782   min=    12.481 us/xform  median=    13.432  sd=  6.47%      4.09 GF/s  setup=0.000 s
d1_bluestein             L=1021 B=1     m=1     inner=2126   min=    14.183 us/xform  median=    14.201  sd=  0.06%      3.60 GF/s  setup=0.000 s
d1_planner               L=1021 B=1     m=1     inner=1074   min=    36.723 us/xform  median=    36.749  sd=  0.02%      1.39 GF/s  setup=0.000 s
d1_planner               L=1021 B=1     m=1     inner=860    min=    30.407 us/xform  median=    30.425  sd=  0.04%      1.68 GF/s  setup=0.000 s
d1_planner               L=1021 B=1     m=1     inner=784    min=    38.521 us/xform  median=    38.565  sd=  0.05%      1.32 GF/s  setup=0.000 s
d1_planner               L=1021 B=1     m=1     inner=517    min=    38.555 us/xform  median=    38.593  sd=  0.06%      1.32 GF/s  setup=0.000 s
d1_planner               L=1021 B=1     m=1     inner=822    min=    36.838 us/xform  median=    36.849  sd=  0.02%      1.39 GF/s  setup=0.000 s
d1_planner               L=1021 B=1     m=1     inner=860    min=    36.712 us/xform  median=    36.727  sd=  0.02%      1.39 GF/s  setup=0.000 s
d1_planner               L=1021 B=1     m=1     inner=824    min=    36.683 us/xform  median=    36.696  sd=  0.03%      1.39 GF/s  setup=0.000 s
d1_planner               L=1021 B=1     m=1     inner=860    min=    36.697 us/xform  median=    36.718  sd=  0.03%      1.39 GF/s  setup=0.000 s
d1_planner               L=1021 B=1     m=1     inner=862    min=    36.700 us/xform  median=    36.730  sd=  0.04%      1.39 GF/s  setup=0.000 s
d1_race                  L=1021 B=1     m=1     inner=2880   min=    13.731 us/xform  median=    13.734  sd=  0.02%      3.72 GF/s  setup=0.371 s
d1_race                  L=1021 B=1     m=1     inner=2126   min=    14.095 us/xform  median=    14.099  sd=  0.02%      3.62 GF/s  setup=0.008 s
d1_race                  L=1021 B=1     m=1     inner=2824   min=    14.052 us/xform  median=    14.060  sd=  0.03%      3.63 GF/s  setup=0.004 s
d1_race                  L=1021 B=1     m=1     inner=2102   min=    14.307 us/xform  median=    14.314  sd=  0.08%      3.57 GF/s  setup=0.010 s
d1_race                  L=1021 B=1     m=1     inner=2250   min=    13.963 us/xform  median=    13.967  sd=  0.03%      3.65 GF/s  setup=0.006 s
d1_race                  L=1021 B=1     m=1     inner=2794   min=    14.159 us/xform  median=    14.172  sd=  0.04%      3.60 GF/s  setup=0.008 s
d1_race                  L=1021 B=1     m=1     inner=2112   min=    12.673 us/xform  median=    12.677  sd=  0.02%      4.03 GF/s  setup=0.004 s
d1_race                  L=1021 B=1     m=1     inner=3266   min=    12.088 us/xform  median=    12.095  sd=  0.03%      4.22 GF/s  setup=0.003 s
d1_race                  L=1021 B=1     m=1     inner=3106   min=    12.348 us/xform  median=    12.352  sd=  0.02%      4.13 GF/s  setup=0.003 s
d1_rader                 L=1021 B=1     m=1     inner=2798   min=    14.200 us/xform  median=    14.215  sd=  0.04%      3.59 GF/s  setup=0.000 s
d1_rader                 L=1021 B=1     m=1     inner=2142   min=    13.906 us/xform  median=    13.916  sd=  0.04%      3.67 GF/s  setup=0.000 s
d1_rader                 L=1021 B=1     m=1     inner=2262   min=    13.911 us/xform  median=    13.923  sd=  0.04%      3.67 GF/s  setup=0.000 s
d1_rader                 L=1021 B=1     m=1     inner=2862   min=    13.941 us/xform  median=    13.950  sd=  0.03%      3.66 GF/s  setup=0.000 s
d1_rader                 L=1021 B=1     m=1     inner=2798   min=    14.134 us/xform  median=    14.144  sd=  0.04%      3.61 GF/s  setup=0.000 s
d1_rader                 L=1021 B=1     m=1     inner=2166   min=    13.968 us/xform  median=    13.985  sd=  0.06%      3.65 GF/s  setup=0.000 s
d1_rader                 L=1021 B=1     m=1     inner=2186   min=    13.917 us/xform  median=    13.924  sd=  0.03%      3.67 GF/s  setup=0.000 s
d1_rader                 L=1021 B=1     m=1     inner=2254   min=    13.890 us/xform  median=    13.896  sd=  0.02%      3.67 GF/s  setup=0.000 s
d1_rader                 L=1021 B=1     m=1     inner=2150   min=    14.009 us/xform  median=    14.017  sd=  0.02%      3.64 GF/s  setup=0.000 s
fftw1d_estimate          L=1021 B=1     m=1     inner=2744   min=    14.522 us/xform  median=    14.530  sd=  0.03%      3.51 GF/s  setup=0.001 s
fftw1d_estimate          L=1021 B=1     m=1     inner=2182   min=    14.499 us/xform  median=    14.519  sd=  0.07%      3.52 GF/s  setup=0.001 s
fftw1d_estimate          L=1021 B=1     m=1     inner=2738   min=    14.560 us/xform  median=    14.569  sd=  0.05%      3.50 GF/s  setup=0.001 s
fftw1d_estimate          L=1021 B=1     m=1     inner=2174   min=    14.657 us/xform  median=    14.668  sd=  0.09%      3.48 GF/s  setup=0.001 s
fftw1d_estimate          L=1021 B=1     m=1     inner=2108   min=    14.626 us/xform  median=    14.644  sd=  0.06%      3.49 GF/s  setup=0.001 s
fftw1d_estimate          L=1021 B=1     m=1     inner=2090   min=    14.558 us/xform  median=    14.561  sd=  0.04%      3.51 GF/s  setup=0.001 s
fftw1d_estimate          L=1021 B=1     m=1     inner=2106   min=    14.553 us/xform  median=    14.571  sd=  0.07%      3.51 GF/s  setup=0.001 s
fftw1d_estimate          L=1021 B=1     m=1     inner=2104   min=    14.597 us/xform  median=    14.614  sd=  0.06%      3.50 GF/s  setup=0.001 s
fftw1d_estimate          L=1021 B=1     m=1     inner=2216   min=    14.574 us/xform  median=    14.585  sd=  0.05%      3.50 GF/s  setup=0.001 s
fftw1d_measure           L=1021 B=1     m=1     inner=1492   min=    13.432 us/xform  median=    13.451  sd=  0.10%      3.80 GF/s  setup=0.295 s
fftw1d_measure           L=1021 B=1     m=1     inner=2762   min=    13.969 us/xform  median=    13.979  sd=  0.07%      3.65 GF/s  setup=0.296 s
fftw1d_measure           L=1021 B=1     m=1     inner=1427   min=    14.113 us/xform  median=    14.127  sd=  0.04%      3.62 GF/s  setup=0.296 s
fftw1d_measure           L=1021 B=1     m=1     inner=2892   min=    13.925 us/xform  median=    13.937  sd=  0.08%      3.66 GF/s  setup=0.298 s
fftw1d_measure           L=1021 B=1     m=1     inner=2890   min=    11.866 us/xform  median=    13.507  sd=  6.21%      4.30 GF/s  setup=0.294 s
fftw1d_measure           L=1021 B=1     m=1     inner=1612   min=    12.409 us/xform  median=    12.422  sd=  0.05%      4.11 GF/s  setup=0.284 s
fftw1d_measure           L=1021 B=1     m=1     inner=3246   min=    11.893 us/xform  median=    11.901  sd=  0.03%      4.29 GF/s  setup=0.285 s
fftw1d_measure           L=1021 B=1     m=1     inner=1669   min=    11.998 us/xform  median=    12.008  sd=  0.06%      4.25 GF/s  setup=0.285 s
fftw1d_measure           L=1021 B=1     m=1     inner=2868   min=    13.382 us/xform  median=    13.400  sd=  0.08%      3.81 GF/s  setup=0.296 s
fftw1d_patient           L=1021 B=1     m=1     inner=1689   min=    11.928 us/xform  median=    11.937  sd=  0.06%      4.28 GF/s  setup=2.990 s
fftw1d_patient           L=1021 B=1     m=1     inner=3260   min=    11.965 us/xform  median=    11.971  sd=  0.03%      4.26 GF/s  setup=2.990 s
fftw1d_patient           L=1021 B=1     m=1     inner=3242   min=    11.850 us/xform  median=    11.858  sd=  0.05%      4.31 GF/s  setup=2.954 s
fftw1d_patient           L=1021 B=1     m=1     inner=3156   min=    12.512 us/xform  median=    12.528  sd=  0.07%      4.08 GF/s  setup=2.996 s
fftw1d_patient           L=1021 B=1     m=1     inner=1650   min=    12.273 us/xform  median=    12.283  sd=  0.06%      4.16 GF/s  setup=2.989 s
fftw1d_patient           L=1021 B=1     m=1     inner=3198   min=    12.206 us/xform  median=    12.211  sd=  0.03%      4.18 GF/s  setup=2.956 s
fftw1d_patient           L=1021 B=1     m=1     inner=3266   min=    11.886 us/xform  median=    11.891  sd=  0.03%      4.29 GF/s  setup=2.949 s
fftw1d_patient           L=1021 B=1     m=1     inner=1609   min=    12.511 us/xform  median=    12.545  sd=  0.20%      4.08 GF/s  setup=2.963 s
fftw1d_patient           L=1021 B=1     m=1     inner=1664   min=    12.147 us/xform  median=    12.158  sd=  0.06%      4.20 GF/s  setup=2.951 s
mkl1d_dfti               L=1021 B=1     m=1     inner=4180   min=     9.414 us/xform  median=     9.418  sd=  0.02%      5.42 GF/s  setup=0.048 s
mkl1d_dfti               L=1021 B=1     m=1     inner=4190   min=     8.279 us/xform  median=     9.423  sd=  4.79%      6.16 GF/s  setup=0.031 s
mkl1d_dfti               L=1021 B=1     m=1     inner=4760   min=     8.267 us/xform  median=     8.268  sd=  0.01%      6.17 GF/s  setup=0.031 s
mkl1d_dfti               L=1021 B=1     m=1     inner=4738   min=     8.273 us/xform  median=     8.274  sd=  0.03%      6.17 GF/s  setup=0.012 s
mkl1d_dfti               L=1021 B=1     m=1     inner=4754   min=     8.270 us/xform  median=     8.272  sd=  0.01%      6.17 GF/s  setup=0.012 s
mkl1d_dfti               L=1021 B=1     m=1     inner=4740   min=     8.268 us/xform  median=     8.271  sd=  0.01%      6.17 GF/s  setup=0.032 s
mkl1d_dfti               L=1021 B=1     m=1     inner=4768   min=     8.266 us/xform  median=     8.267  sd=  0.01%      6.17 GF/s  setup=0.032 s
mkl1d_dfti               L=1021 B=1     m=1     inner=4774   min=     8.273 us/xform  median=     8.274  sd=  0.02%      6.17 GF/s  setup=0.030 s
mkl1d_dfti               L=1021 B=1     m=1     inner=4764   min=     8.258 us/xform  median=     8.260  sd=  0.02%      6.18 GF/s  setup=0.013 s
   skipping baseline_dft at L=10007 B=1 (too expensive to be informative)
d1_bluestein             L=10007 B=1     m=1     inner=178    min=   222.659 us/xform  median=   223.917  sd=  0.21%      2.99 GF/s  setup=0.001 s
d1_bluestein             L=10007 B=1     m=1     inner=176    min=   197.766 us/xform  median=   225.402  sd=  5.68%      3.36 GF/s  setup=0.001 s
d1_bluestein             L=10007 B=1     m=1     inner=101    min=   197.854 us/xform  median=   197.996  sd=  0.05%      3.36 GF/s  setup=0.001 s
d1_bluestein             L=10007 B=1     m=1     inner=142    min=   224.073 us/xform  median=   224.228  sd=  0.13%      2.97 GF/s  setup=0.002 s
d1_bluestein             L=10007 B=1     m=1     inner=190    min=   196.760 us/xform  median=   196.843  sd=  0.03%      3.38 GF/s  setup=0.001 s
d1_bluestein             L=10007 B=1     m=1     inner=142    min=   196.337 us/xform  median=   223.818  sd=  5.06%      3.39 GF/s  setup=0.002 s
d1_bluestein             L=10007 B=1     m=1     inner=200    min=   197.401 us/xform  median=   197.486  sd=  0.02%      3.37 GF/s  setup=0.001 s
d1_bluestein             L=10007 B=1     m=1     inner=136    min=   197.840 us/xform  median=   197.920  sd=  0.03%      3.36 GF/s  setup=0.002 s
d1_bluestein             L=10007 B=1     m=1     inner=202    min=   196.591 us/xform  median=   196.675  sd=  0.03%      3.38 GF/s  setup=0.001 s
d1_planner               L=10007 B=1     m=1     inner=100    min=   394.144 us/xform  median=   395.203  sd=  0.10%      1.69 GF/s  setup=0.003 s
d1_planner               L=10007 B=1     m=1     inner=100    min=   393.675 us/xform  median=   393.769  sd=  0.21%      1.69 GF/s  setup=0.002 s
d1_planner               L=10007 B=1     m=1     inner=84     min=   346.366 us/xform  median=   346.416  sd=  0.01%      1.92 GF/s  setup=0.003 s
d1_planner               L=10007 B=1     m=1     inner=80     min=   346.860 us/xform  median=   346.933  sd=  0.01%      1.92 GF/s  setup=0.003 s
d1_planner               L=10007 B=1     m=1     inner=80     min=   397.661 us/xform  median=   397.811  sd=  0.08%      1.67 GF/s  setup=0.003 s
d1_planner               L=10007 B=1     m=1     inner=50     min=   397.546 us/xform  median=   403.544  sd=  2.40%      1.67 GF/s  setup=0.002 s
d1_planner               L=10007 B=1     m=1     inner=86     min=   349.517 us/xform  median=   439.952  sd= 11.21%      1.90 GF/s  setup=0.002 s
d1_planner               L=10007 B=1     m=1     inner=114    min=   349.186 us/xform  median=   349.250  sd=  0.01%      1.90 GF/s  setup=0.002 s
d1_planner               L=10007 B=1     m=1     inner=84     min=   350.175 us/xform  median=   356.015  sd=  0.83%      1.90 GF/s  setup=0.003 s
d1_race                  L=10007 B=1     m=1     inner=200    min=   197.275 us/xform  median=   197.355  sd=  0.03%      3.37 GF/s  setup=2.702 s
d1_race                  L=10007 B=1     m=1     inner=176    min=   230.081 us/xform  median=   258.241  sd=  3.78%      2.89 GF/s  setup=0.005 s
d1_race                  L=10007 B=1     m=1     inner=128    min=   196.902 us/xform  median=   197.030  sd=  1.65%      3.38 GF/s  setup=0.006 s
d1_race                  L=10007 B=1     m=1     inner=136    min=   196.941 us/xform  median=   197.091  sd=  0.08%      3.38 GF/s  setup=0.006 s
d1_race                  L=10007 B=1     m=1     inner=202    min=   196.794 us/xform  median=   196.942  sd=  0.05%      3.38 GF/s  setup=0.005 s
d1_race                  L=10007 B=1     m=1     inner=142    min=   197.914 us/xform  median=   197.977  sd=  0.05%      3.36 GF/s  setup=0.005 s
d1_race                  L=10007 B=1     m=1     inner=200    min=   198.140 us/xform  median=   198.252  sd=  0.05%      3.36 GF/s  setup=0.005 s
d1_race                  L=10007 B=1     m=1     inner=200    min=   198.035 us/xform  median=   198.143  sd=  0.03%      3.36 GF/s  setup=0.004 s
d1_race                  L=10007 B=1     m=1     inner=198    min=   200.722 us/xform  median=   200.864  sd=  0.04%      3.31 GF/s  setup=0.004 s
fftw1d_estimate          L=10007 B=1     m=1     inner=56     min=   589.814 us/xform  median=   590.524  sd=  0.10%      1.13 GF/s  setup=0.003 s
fftw1d_estimate          L=10007 B=1     m=1     inner=54     min=   608.556 us/xform  median=   608.894  sd=  0.09%      1.09 GF/s  setup=0.002 s
fftw1d_estimate          L=10007 B=1     m=1     inner=64     min=   610.546 us/xform  median=   611.251  sd=  0.08%      1.09 GF/s  setup=0.002 s
fftw1d_estimate          L=10007 B=1     m=1     inner=54     min=   583.916 us/xform  median=   584.321  sd=  0.04%      1.14 GF/s  setup=0.002 s
fftw1d_estimate          L=10007 B=1     m=1     inner=54     min=   591.560 us/xform  median=   592.555  sd=  0.06%      1.12 GF/s  setup=0.002 s
fftw1d_estimate          L=10007 B=1     m=1     inner=66     min=   589.682 us/xform  median=   590.246  sd=  0.07%      1.13 GF/s  setup=0.002 s
fftw1d_estimate          L=10007 B=1     m=1     inner=66     min=   474.356 us/xform  median=   592.842  sd=  8.57%      1.40 GF/s  setup=0.002 s
fftw1d_estimate          L=10007 B=1     m=1     inner=56     min=   465.662 us/xform  median=   466.675  sd=  0.10%      1.43 GF/s  setup=0.002 s
fftw1d_estimate          L=10007 B=1     m=1     inner=58     min=   468.153 us/xform  median=   468.434  sd=  0.05%      1.42 GF/s  setup=0.002 s
fftw1d_measure           L=10007 B=1     m=1     inner=116    min=   332.202 us/xform  median=   332.502  sd=  0.09%      2.00 GF/s  setup=1.256 s
fftw1d_measure           L=10007 B=1     m=1     inner=118    min=   335.553 us/xform  median=   335.940  sd=  0.41%      1.98 GF/s  setup=1.150 s
fftw1d_measure           L=10007 B=1     m=1     inner=62     min=   321.703 us/xform  median=   322.459  sd=  0.10%      2.07 GF/s  setup=1.165 s
fftw1d_measure           L=10007 B=1     m=1     inner=122    min=   324.318 us/xform  median=   324.507  sd=  0.06%      2.05 GF/s  setup=1.142 s
fftw1d_measure           L=10007 B=1     m=1     inner=120    min=   329.330 us/xform  median=   329.668  sd=  0.06%      2.02 GF/s  setup=1.135 s
fftw1d_measure           L=10007 B=1     m=1     inner=118    min=   332.045 us/xform  median=   332.552  sd=  0.18%      2.00 GF/s  setup=1.144 s
fftw1d_measure           L=10007 B=1     m=1     inner=116    min=   329.354 us/xform  median=   329.587  sd=  0.05%      2.02 GF/s  setup=1.253 s
fftw1d_measure           L=10007 B=1     m=1     inner=122    min=   322.802 us/xform  median=   323.265  sd=  0.07%      2.06 GF/s  setup=1.136 s
fftw1d_measure           L=10007 B=1     m=1     inner=122    min=   323.694 us/xform  median=   324.036  sd=  0.10%      2.05 GF/s  setup=1.136 s
fftw1d_patient           L=10007 B=1     m=1     inner=196    min=   201.497 us/xform  median=   203.309  sd=  0.67%      3.30 GF/s  setup=19.732 s
fftw1d_patient           L=10007 B=1     m=1     inner=99     min=   202.477 us/xform  median=   206.512  sd=  1.51%      3.28 GF/s  setup=19.776 s
fftw1d_patient           L=10007 B=1     m=1     inner=194    min=   203.488 us/xform  median=   204.785  sd=  0.39%      3.27 GF/s  setup=19.749 s
fftw1d_patient           L=10007 B=1     m=1     inner=104    min=   203.480 us/xform  median=   210.424  sd=  1.95%      3.27 GF/s  setup=19.854 s
fftw1d_patient           L=10007 B=1     m=1     inner=97     min=   207.285 us/xform  median=   207.948  sd=  0.17%      3.21 GF/s  setup=19.817 s
fftw1d_patient           L=10007 B=1     m=1     inner=101    min=   198.791 us/xform  median=   199.294  sd=  0.14%      3.34 GF/s  setup=19.881 s
fftw1d_patient           L=10007 B=1     m=1     inner=198    min=   199.196 us/xform  median=   199.625  sd=  0.12%      3.34 GF/s  setup=19.784 s
fftw1d_patient           L=10007 B=1     m=1     inner=190    min=   204.381 us/xform  median=   207.205  sd=  0.92%      3.25 GF/s  setup=19.721 s
fftw1d_patient           L=10007 B=1     m=1     inner=192    min=   204.273 us/xform  median=   206.914  sd=  0.92%      3.25 GF/s  setup=19.752 s
mkl1d_dfti               L=10007 B=1     m=1     inner=132    min=   304.876 us/xform  median=   343.185  sd=  4.14%      2.18 GF/s  setup=0.004 s
mkl1d_dfti               L=10007 B=1     m=1     inner=90     min=   388.591 us/xform  median=   388.800  sd=  0.07%      1.71 GF/s  setup=0.004 s
mkl1d_dfti               L=10007 B=1     m=1     inner=98     min=   396.641 us/xform  median=   396.807  sd=  0.06%      1.68 GF/s  setup=0.003 s
mkl1d_dfti               L=10007 B=1     m=1     inner=100    min=   390.929 us/xform  median=   391.140  sd=  0.03%      1.70 GF/s  setup=0.003 s
mkl1d_dfti               L=10007 B=1     m=1     inner=94     min=   266.745 us/xform  median=   266.838  sd=  1.42%      2.49 GF/s  setup=0.003 s
mkl1d_dfti               L=10007 B=1     m=1     inner=104    min=   306.259 us/xform  median=   347.018  sd=  4.86%      2.17 GF/s  setup=0.003 s
mkl1d_dfti               L=10007 B=1     m=1     inner=92     min=   360.138 us/xform  median=   360.319  sd=  0.03%      1.85 GF/s  setup=0.004 s
mkl1d_dfti               L=10007 B=1     m=1     inner=110    min=   356.071 us/xform  median=   356.326  sd=  0.04%      1.87 GF/s  setup=0.003 s
mkl1d_dfti               L=10007 B=1     m=1     inner=110    min=   359.970 us/xform  median=   360.067  sd=  0.02%      1.85 GF/s  setup=0.003 s
   skipping baseline_dft at L=65537 B=1 (too expensive to be informative)
d1_bluestein             L=65537 B=1     m=1     inner=14     min=  2663.960 us/xform  median=  2665.319  sd=  0.06%      1.97 GF/s  setup=0.012 s
d1_bluestein             L=65537 B=1     m=1     inner=14     min=  2738.346 us/xform  median=  2739.067  sd=  0.02%      1.91 GF/s  setup=0.012 s
d1_bluestein             L=65537 B=1     m=1     inner=14     min=  2742.751 us/xform  median=  2743.629  sd=  0.01%      1.91 GF/s  setup=0.009 s
d1_bluestein             L=65537 B=1     m=1     inner=14     min=  2747.979 us/xform  median=  2749.091  sd=  0.02%      1.91 GF/s  setup=0.009 s
d1_bluestein             L=65537 B=1     m=1     inner=14     min=  2707.206 us/xform  median=  2708.505  sd=  0.02%      1.94 GF/s  setup=0.011 s
d1_bluestein             L=65537 B=1     m=1     inner=7      min=  2546.132 us/xform  median=  2546.870  sd=  0.04%      2.06 GF/s  setup=0.012 s
d1_bluestein             L=65537 B=1     m=1     inner=14     min=  2550.674 us/xform  median=  2551.182  sd=  0.02%      2.06 GF/s  setup=0.008 s
d1_bluestein             L=65537 B=1     m=1     inner=14     min=  2543.781 us/xform  median=  2544.299  sd=  0.02%      2.06 GF/s  setup=0.008 s
d1_bluestein             L=65537 B=1     m=1     inner=14     min=  2541.058 us/xform  median=  2541.796  sd=  0.03%      2.06 GF/s  setup=0.008 s
d1_planner               L=65537 B=1     m=1     inner=20     min=  1658.956 us/xform  median=  1659.412  sd=  0.03%      3.16 GF/s  setup=0.009 s
d1_planner               L=65537 B=1     m=1     inner=22     min=  1540.218 us/xform  median=  1658.115  sd=  2.50%      3.40 GF/s  setup=0.009 s
d1_planner               L=65537 B=1     m=1     inner=24     min=  1539.660 us/xform  median=  1539.840  sd=  0.01%      3.41 GF/s  setup=0.007 s
d1_planner               L=65537 B=1     m=1     inner=22     min=  1631.534 us/xform  median=  1632.017  sd=  0.01%      3.21 GF/s  setup=0.011 s
d1_planner               L=65537 B=1     m=1     inner=11     min=  1662.864 us/xform  median=  1663.377  sd=  0.08%      3.15 GF/s  setup=0.009 s
d1_planner               L=65537 B=1     m=1     inner=22     min=  1534.075 us/xform  median=  1534.651  sd=  0.02%      3.42 GF/s  setup=0.012 s
d1_planner               L=65537 B=1     m=1     inner=24     min=  1543.073 us/xform  median=  1543.401  sd=  0.04%      3.40 GF/s  setup=0.007 s
d1_planner               L=65537 B=1     m=1     inner=22     min=  1634.550 us/xform  median=  1635.179  sd=  0.02%      3.21 GF/s  setup=0.011 s
d1_planner               L=65537 B=1     m=1     inner=20     min=  1606.516 us/xform  median=  1606.800  sd=  0.03%      3.26 GF/s  setup=0.011 s
d1_race                  L=65537 B=1     m=1     inner=34     min=  1120.980 us/xform  median=  1121.312  sd=  0.02%      4.68 GF/s  setup=2.490 s
d1_race                  L=65537 B=1     m=1     inner=28     min=  1249.941 us/xform  median=  1250.528  sd=  0.02%      4.19 GF/s  setup=0.014 s
d1_race                  L=65537 B=1     m=1     inner=30     min=  1258.707 us/xform  median=  1259.429  sd=  0.03%      4.17 GF/s  setup=0.011 s
d1_race                  L=65537 B=1     m=1     inner=24     min=  1164.825 us/xform  median=  1165.319  sd=  0.02%      4.50 GF/s  setup=0.012 s
d1_race                  L=65537 B=1     m=1     inner=28     min=  1167.523 us/xform  median=  1167.862  sd=  0.08%      4.49 GF/s  setup=0.011 s
d1_race                  L=65537 B=1     m=1     inner=17     min=  1165.349 us/xform  median=  1165.884  sd=  0.07%      4.50 GF/s  setup=0.008 s
d1_race                  L=65537 B=1     m=1     inner=28     min=  1234.561 us/xform  median=  1234.760  sd=  0.03%      4.25 GF/s  setup=0.012 s
d1_race                  L=65537 B=1     m=1     inner=26     min=  1165.141 us/xform  median=  1165.431  sd=  0.01%      4.50 GF/s  setup=0.011 s
d1_race                  L=65537 B=1     m=1     inner=32     min=  1166.670 us/xform  median=  1167.121  sd=  0.08%      4.49 GF/s  setup=0.008 s
d1_rader                 L=65537 B=1     m=1     inner=17     min=  1216.620 us/xform  median=  1228.831  sd=  0.29%      4.31 GF/s  setup=0.006 s
d1_rader                 L=65537 B=1     m=1     inner=28     min=  1264.260 us/xform  median=  1264.702  sd=  0.02%      4.15 GF/s  setup=0.007 s
d1_rader                 L=65537 B=1     m=1     inner=30     min=  1262.763 us/xform  median=  1263.137  sd=  0.01%      4.15 GF/s  setup=0.005 s
d1_rader                 L=65537 B=1     m=1     inner=28     min=  1270.517 us/xform  median=  1271.125  sd=  0.93%      4.13 GF/s  setup=0.007 s
d1_rader                 L=65537 B=1     m=1     inner=28     min=  1124.226 us/xform  median=  1124.652  sd=  0.03%      4.66 GF/s  setup=0.007 s
d1_rader                 L=65537 B=1     m=1     inner=34     min=  1122.422 us/xform  median=  1122.618  sd=  0.01%      4.67 GF/s  setup=0.005 s
d1_rader                 L=65537 B=1     m=1     inner=34     min=  1117.218 us/xform  median=  1117.618  sd=  0.02%      4.69 GF/s  setup=0.005 s
d1_rader                 L=65537 B=1     m=1     inner=34     min=  1116.012 us/xform  median=  1116.274  sd=  0.02%      4.70 GF/s  setup=0.005 s
d1_rader                 L=65537 B=1     m=1     inner=34     min=  1120.066 us/xform  median=  1120.541  sd=  0.02%      4.68 GF/s  setup=0.005 s
fftw1d_estimate          L=65537 B=1     m=1     inner=18     min=  2129.022 us/xform  median=  2139.237  sd=  0.23%      2.46 GF/s  setup=0.009 s
fftw1d_estimate          L=65537 B=1     m=1     inner=18     min=  2177.080 us/xform  median=  2178.042  sd=  0.03%      2.41 GF/s  setup=0.010 s
fftw1d_estimate          L=65537 B=1     m=1     inner=16     min=  2151.889 us/xform  median=  2153.704  sd=  0.53%      2.44 GF/s  setup=0.011 s
fftw1d_estimate          L=65537 B=1     m=1     inner=16     min=  2165.951 us/xform  median=  2166.812  sd=  0.35%      2.42 GF/s  setup=0.008 s
fftw1d_estimate          L=65537 B=1     m=1     inner=16     min=  2158.090 us/xform  median=  2158.988  sd=  1.08%      2.43 GF/s  setup=0.008 s
fftw1d_estimate          L=65537 B=1     m=1     inner=16     min=  1753.898 us/xform  median=  2169.260  sd=  8.75%      2.99 GF/s  setup=0.008 s
fftw1d_estimate          L=65537 B=1     m=1     inner=22     min=  1738.991 us/xform  median=  1739.765  sd=  0.03%      3.01 GF/s  setup=0.007 s
fftw1d_estimate          L=65537 B=1     m=1     inner=22     min=  1742.032 us/xform  median=  1743.058  sd=  0.05%      3.01 GF/s  setup=0.007 s
fftw1d_estimate          L=65537 B=1     m=1     inner=18     min=  1728.970 us/xform  median=  1967.920  sd=  9.65%      3.03 GF/s  setup=0.010 s
fftw1d_measure           L=65537 B=1     m=1     inner=24     min=  1563.815 us/xform  median=  1564.977  sd=  0.05%      3.35 GF/s  setup=4.375 s
fftw1d_measure           L=65537 B=1     m=1     inner=24     min=  1571.950 us/xform  median=  1574.147  sd=  0.07%      3.34 GF/s  setup=4.213 s
fftw1d_measure           L=65537 B=1     m=1     inner=24     min=  1573.903 us/xform  median=  1575.020  sd=  0.08%      3.33 GF/s  setup=4.244 s
fftw1d_measure           L=65537 B=1     m=1     inner=24     min=  1592.802 us/xform  median=  1594.632  sd=  0.06%      3.29 GF/s  setup=4.427 s
fftw1d_measure           L=65537 B=1     m=1     inner=24     min=  1589.228 us/xform  median=  1591.236  sd=  0.07%      3.30 GF/s  setup=4.263 s
fftw1d_measure           L=65537 B=1     m=1     inner=24     min=  1596.421 us/xform  median=  1597.830  sd=  0.07%      3.28 GF/s  setup=4.260 s
fftw1d_measure           L=65537 B=1     m=1     inner=24     min=  1587.256 us/xform  median=  1588.576  sd=  0.08%      3.30 GF/s  setup=4.263 s
fftw1d_measure           L=65537 B=1     m=1     inner=24     min=  1592.864 us/xform  median=  1594.915  sd=  0.07%      3.29 GF/s  setup=4.267 s
fftw1d_measure           L=65537 B=1     m=1     inner=24     min=  1584.228 us/xform  median=  1586.078  sd=  0.06%      3.31 GF/s  setup=4.276 s
fftw1d_patient           L=65537 B=1     m=1     inner=26     min=  1471.115 us/xform  median=  1472.479  sd=  0.08%      3.56 GF/s  setup=58.037 s
fftw1d_patient           L=65537 B=1     m=1     inner=26     min=  1514.769 us/xform  median=  1516.079  sd=  0.04%      3.46 GF/s  setup=58.038 s
fftw1d_patient           L=65537 B=1     m=1     inner=26     min=  1460.563 us/xform  median=  1462.581  sd=  0.06%      3.59 GF/s  setup=57.920 s
fftw1d_patient           L=65537 B=1     m=1     inner=26     min=  1477.921 us/xform  median=  1479.297  sd=  0.07%      3.55 GF/s  setup=58.007 s
fftw1d_patient           L=65537 B=1     m=1     inner=26     min=  1462.766 us/xform  median=  1464.404  sd=  0.10%      3.58 GF/s  setup=58.012 s
fftw1d_patient           L=65537 B=1     m=1     inner=26     min=  1474.783 us/xform  median=  1476.214  sd=  0.05%      3.56 GF/s  setup=57.884 s
fftw1d_patient           L=65537 B=1     m=1     inner=26     min=  1486.332 us/xform  median=  1488.073  sd=  0.06%      3.53 GF/s  setup=58.464 s
fftw1d_patient           L=65537 B=1     m=1     inner=26     min=  1480.516 us/xform  median=  1481.568  sd=  0.07%      3.54 GF/s  setup=58.351 s
fftw1d_patient           L=65537 B=1     m=1     inner=26     min=  1469.378 us/xform  median=  1471.017  sd=  0.07%      3.57 GF/s  setup=58.037 s
mkl1d_dfti               L=65537 B=1     m=1     inner=10     min=  3810.004 us/xform  median=  3814.087  sd=  0.26%      1.38 GF/s  setup=0.012 s
mkl1d_dfti               L=65537 B=1     m=1     inner=10     min=  3788.550 us/xform  median=  3792.047  sd=  0.62%      1.38 GF/s  setup=0.010 s
mkl1d_dfti               L=65537 B=1     m=1     inner=10     min=  3846.711 us/xform  median=  3850.236  sd=  0.18%      1.36 GF/s  setup=0.010 s
mkl1d_dfti               L=65537 B=1     m=1     inner=10     min=  3426.001 us/xform  median=  3428.320  sd=  2.08%      1.53 GF/s  setup=0.010 s
mkl1d_dfti               L=65537 B=1     m=1     inner=10     min=  3255.343 us/xform  median=  3257.019  sd=  0.03%      1.61 GF/s  setup=0.013 s
mkl1d_dfti               L=65537 B=1     m=1     inner=10     min=  4132.466 us/xform  median=  4218.180  sd=  0.58%      1.27 GF/s  setup=0.013 s
mkl1d_dfti               L=65537 B=1     m=1     inner=8      min=  4189.311 us/xform  median=  4193.391  sd=  0.22%      1.25 GF/s  setup=0.014 s
mkl1d_dfti               L=65537 B=1     m=1     inner=8      min=  4761.154 us/xform  median=  4762.727  sd=  0.02%      1.10 GF/s  setup=0.014 s
mkl1d_dfti               L=65537 B=1     m=1     inner=8      min=  4328.609 us/xform  median=  4331.906  sd=  0.21%      1.21 GF/s  setup=0.015 s
   skipping baseline_dft at L=100003 B=1 (too expensive to be informative)
d1_bluestein             L=100003 B=1     m=1     inner=8      min=  3934.676 us/xform  median=  3938.537  sd=  0.42%      2.11 GF/s  setup=0.016 s
d1_bluestein             L=100003 B=1     m=1     inner=8      min=  3962.569 us/xform  median=  3969.628  sd=  0.14%      2.10 GF/s  setup=0.018 s
d1_bluestein             L=100003 B=1     m=1     inner=8      min=  3962.335 us/xform  median=  3966.319  sd=  0.24%      2.10 GF/s  setup=0.017 s
d1_bluestein             L=100003 B=1     m=1     inner=8      min=  3974.301 us/xform  median=  3977.691  sd=  0.05%      2.09 GF/s  setup=0.017 s
d1_bluestein             L=100003 B=1     m=1     inner=8      min=  3954.284 us/xform  median=  3961.979  sd=  0.58%      2.10 GF/s  setup=0.017 s
d1_bluestein             L=100003 B=1     m=1     inner=8      min=  3970.109 us/xform  median=  3974.441  sd=  0.15%      2.09 GF/s  setup=0.018 s
d1_bluestein             L=100003 B=1     m=1     inner=8      min=  3963.390 us/xform  median=  3966.848  sd=  0.39%      2.10 GF/s  setup=0.017 s
d1_bluestein             L=100003 B=1     m=1     inner=8      min=  3858.290 us/xform  median=  3862.046  sd=  0.15%      2.15 GF/s  setup=0.017 s
d1_bluestein             L=100003 B=1     m=1     inner=8      min=  3947.451 us/xform  median=  3951.550  sd=  0.18%      2.10 GF/s  setup=0.017 s
d1_planner               L=100003 B=1     m=1     inner=4      min=  7618.172 us/xform  median=  7628.863  sd=  0.37%      1.09 GF/s  setup=0.036 s
d1_planner               L=100003 B=1     m=1     inner=4      min=  7664.611 us/xform  median=  7688.486  sd=  0.56%      1.08 GF/s  setup=0.033 s
d1_planner               L=100003 B=1     m=1     inner=4      min=  7493.489 us/xform  median=  7502.101  sd=  0.09%      1.11 GF/s  setup=0.034 s
d1_planner               L=100003 B=1     m=1     inner=4      min=  7512.320 us/xform  median=  7519.601  sd=  0.09%      1.11 GF/s  setup=0.029 s
d1_planner               L=100003 B=1     m=1     inner=4      min=  7751.748 us/xform  median=  7763.618  sd=  0.11%      1.07 GF/s  setup=0.032 s
d1_planner               L=100003 B=1     m=1     inner=4      min=  7914.111 us/xform  median=  7925.724  sd=  0.11%      1.05 GF/s  setup=0.030 s
d1_planner               L=100003 B=1     m=1     inner=4      min=  7884.001 us/xform  median=  7889.541  sd=  0.09%      1.05 GF/s  setup=0.030 s
d1_planner               L=100003 B=1     m=1     inner=4      min=  8149.635 us/xform  median=  8163.310  sd=  0.09%      1.02 GF/s  setup=0.034 s
d1_planner               L=100003 B=1     m=1     inner=4      min=  7213.683 us/xform  median=  7951.396  sd=  2.71%      1.15 GF/s  setup=0.030 s
d1_race                  L=100003 B=1     m=1     inner=10     min=  3665.782 us/xform  median=  3669.566  sd=  0.29%      2.27 GF/s  setup=4.199 s
d1_race                  L=100003 B=1     m=1     inner=8      min=  4168.396 us/xform  median=  4170.985  sd=  0.07%      1.99 GF/s  setup=0.026 s
d1_race                  L=100003 B=1     m=1     inner=8      min=  3877.928 us/xform  median=  3881.815  sd=  0.15%      2.14 GF/s  setup=0.028 s
d1_race                  L=100003 B=1     m=1     inner=10     min=  3867.099 us/xform  median=  3869.793  sd=  0.12%      2.15 GF/s  setup=0.021 s
d1_race                  L=100003 B=1     m=1     inner=8      min=  3886.831 us/xform  median=  3889.170  sd=  0.11%      2.14 GF/s  setup=0.021 s
d1_race                  L=100003 B=1     m=1     inner=10     min=  3578.836 us/xform  median=  3581.396  sd=  0.14%      2.32 GF/s  setup=0.018 s
d1_race                  L=100003 B=1     m=1     inner=10     min=  3586.282 us/xform  median=  3588.327  sd=  0.15%      2.32 GF/s  setup=0.016 s
d1_race                  L=100003 B=1     m=1     inner=10     min=  3657.734 us/xform  median=  3659.722  sd=  0.08%      2.27 GF/s  setup=0.020 s
d1_race                  L=100003 B=1     m=1     inner=8      min=  4166.273 us/xform  median=  4172.945  sd=  0.14%      1.99 GF/s  setup=0.023 s
fftw1d_estimate          L=100003 B=1     m=1     inner=8      min=  4872.107 us/xform  median=  4883.289  sd=  0.24%      1.70 GF/s  setup=0.014 s
fftw1d_estimate          L=100003 B=1     m=1     inner=6      min=  5748.305 us/xform  median=  5898.394  sd=  1.14%      1.44 GF/s  setup=0.014 s
fftw1d_estimate          L=100003 B=1     m=1     inner=6      min=  6732.207 us/xform  median=  6736.189  sd=  0.12%      1.23 GF/s  setup=0.014 s
fftw1d_estimate          L=100003 B=1     m=1     inner=4      min=  7047.869 us/xform  median=  7061.329  sd=  0.12%      1.18 GF/s  setup=0.016 s
fftw1d_estimate          L=100003 B=1     m=1     inner=4      min=  6883.782 us/xform  median=  6902.869  sd=  0.11%      1.21 GF/s  setup=0.015 s
fftw1d_estimate          L=100003 B=1     m=1     inner=4      min=  7006.736 us/xform  median=  7027.939  sd=  0.27%      1.19 GF/s  setup=0.015 s
fftw1d_estimate          L=100003 B=1     m=1     inner=4      min=  7096.144 us/xform  median=  7113.985  sd=  0.16%      1.17 GF/s  setup=0.013 s
fftw1d_estimate          L=100003 B=1     m=1     inner=4      min=  6973.807 us/xform  median=  6993.853  sd=  0.15%      1.19 GF/s  setup=0.013 s
fftw1d_estimate          L=100003 B=1     m=1     inner=4      min=  4914.096 us/xform  median=  5237.974  sd= 14.93%      1.69 GF/s  setup=0.012 s
fftw1d_measure           L=100003 B=1     m=1     inner=12     min=  2914.074 us/xform  median=  2917.719  sd=  0.10%      2.85 GF/s  setup=4.673 s
fftw1d_measure           L=100003 B=1     m=1     inner=14     min=  2786.643 us/xform  median=  2788.563  sd=  0.12%      2.98 GF/s  setup=4.651 s
fftw1d_measure           L=100003 B=1     m=1     inner=14     min=  2813.171 us/xform  median=  2819.807  sd=  0.13%      2.95 GF/s  setup=4.651 s
fftw1d_measure           L=100003 B=1     m=1     inner=14     min=  2778.012 us/xform  median=  2782.430  sd=  0.10%      2.99 GF/s  setup=4.670 s
fftw1d_measure           L=100003 B=1     m=1     inner=12     min=  3032.285 us/xform  median=  3035.663  sd=  0.09%      2.74 GF/s  setup=4.733 s
fftw1d_measure           L=100003 B=1     m=1     inner=12     min=  3004.882 us/xform  median=  3010.148  sd=  0.12%      2.76 GF/s  setup=4.660 s
fftw1d_measure           L=100003 B=1     m=1     inner=12     min=  3025.447 us/xform  median=  3031.498  sd=  0.10%      2.75 GF/s  setup=4.671 s
fftw1d_measure           L=100003 B=1     m=1     inner=12     min=  2945.758 us/xform  median=  2949.019  sd=  0.10%      2.82 GF/s  setup=4.727 s
fftw1d_measure           L=100003 B=1     m=1     inner=12     min=  2961.878 us/xform  median=  2965.690  sd=  0.07%      2.80 GF/s  setup=4.721 s
fftw1d_patient           L=100003 B=1     m=1     inner=12     min=  2918.738 us/xform  median=  2933.026  sd=  0.17%      2.85 GF/s  setup=62.714 s
fftw1d_patient           L=100003 B=1     m=1     inner=14     min=  2840.095 us/xform  median=  2844.683  sd=  0.12%      2.92 GF/s  setup=63.188 s
fftw1d_patient           L=100003 B=1     m=1     inner=14     min=  2837.294 us/xform  median=  2841.958  sd=  0.09%      2.93 GF/s  setup=63.077 s
fftw1d_patient           L=100003 B=1     m=1     inner=14     min=  2821.203 us/xform  median=  2827.841  sd=  0.12%      2.94 GF/s  setup=62.992 s
fftw1d_patient           L=100003 B=1     m=1     inner=14     min=  2729.820 us/xform  median=  2734.399  sd=  0.10%      3.04 GF/s  setup=62.815 s
fftw1d_patient           L=100003 B=1     m=1     inner=12     min=  2910.684 us/xform  median=  2915.923  sd=  0.09%      2.85 GF/s  setup=63.061 s
fftw1d_patient           L=100003 B=1     m=1     inner=12     min=  3076.936 us/xform  median=  3081.609  sd=  0.09%      2.70 GF/s  setup=63.134 s
fftw1d_patient           L=100003 B=1     m=1     inner=12     min=  2856.471 us/xform  median=  2859.688  sd=  0.07%      2.91 GF/s  setup=62.841 s
fftw1d_patient           L=100003 B=1     m=1     inner=14     min=  2761.812 us/xform  median=  2766.861  sd=  0.11%      3.01 GF/s  setup=62.613 s
mkl1d_dfti               L=100003 B=1     m=1     inner=10     min=  3925.913 us/xform  median=  4108.463  sd=  2.38%      2.12 GF/s  setup=0.014 s
mkl1d_dfti               L=100003 B=1     m=1     inner=6      min=  4256.802 us/xform  median=  4553.144  sd=  2.84%      1.95 GF/s  setup=0.017 s
mkl1d_dfti               L=100003 B=1     m=1     inner=8      min=  4206.972 us/xform  median=  4209.321  sd=  0.18%      1.97 GF/s  setup=0.016 s
mkl1d_dfti               L=100003 B=1     m=1     inner=6      min=  4335.336 us/xform  median=  4534.120  sd=  3.62%      1.92 GF/s  setup=0.018 s
mkl1d_dfti               L=100003 B=1     m=1     inner=8      min=  4228.826 us/xform  median=  4261.100  sd=  0.92%      1.96 GF/s  setup=0.016 s
mkl1d_dfti               L=100003 B=1     m=1     inner=6      min=  4258.852 us/xform  median=  4261.929  sd=  3.08%      1.95 GF/s  setup=0.017 s
mkl1d_dfti               L=100003 B=1     m=1     inner=8      min=  3870.587 us/xform  median=  3946.279  sd=  3.45%      2.15 GF/s  setup=0.013 s
mkl1d_dfti               L=100003 B=1     m=1     inner=10     min=  4103.519 us/xform  median=  4271.656  sd=  1.55%      2.02 GF/s  setup=0.016 s
mkl1d_dfti               L=100003 B=1     m=1     inner=6      min=  4251.656 us/xform  median=  4255.354  sd=  1.58%      1.95 GF/s  setup=0.017 s
