baseline_dft             L=13  B=512   m=1     inner=222    min=     0.350 us/xform  median=     0.350  sd=  0.02%      0.69 GF/s  setup=0.000 s
baseline_dft             L=13  B=512   m=1     inner=176    min=     0.350 us/xform  median=     0.350  sd=  0.01%      0.69 GF/s  setup=0.000 s
baseline_dft             L=13  B=512   m=1     inner=222    min=     0.350 us/xform  median=     0.350  sd=  0.01%      0.69 GF/s  setup=0.000 s
baseline_dft             L=13  B=512   m=1     inner=176    min=     0.350 us/xform  median=     0.350  sd=  0.02%      0.69 GF/s  setup=0.000 s
baseline_dft             L=13  B=512   m=1     inner=176    min=     0.350 us/xform  median=     0.350  sd=  0.02%      0.69 GF/s  setup=0.000 s
baseline_dft             L=13  B=512   m=1     inner=222    min=     0.350 us/xform  median=     0.350  sd=  0.01%      0.69 GF/s  setup=0.000 s
baseline_dft             L=13  B=512   m=1     inner=176    min=     0.350 us/xform  median=     0.350  sd=  0.01%      0.69 GF/s  setup=0.000 s
baseline_dft             L=13  B=512   m=1     inner=222    min=     0.350 us/xform  median=     0.350  sd=  0.00%      0.69 GF/s  setup=0.000 s
baseline_dft             L=13  B=512   m=1     inner=176    min=     0.350 us/xform  median=     0.350  sd=  0.01%      0.69 GF/s  setup=0.000 s
d1_batchlane             L=13  B=512   m=1     inner=2213   min=     0.017 us/xform  median=     0.017  sd=  0.92%     14.24 GF/s  setup=0.000 s
d1_batchlane             L=13  B=512   m=1     inner=1979   min=     0.019 us/xform  median=     0.020  sd=  0.58%     12.40 GF/s  setup=0.000 s
d1_batchlane             L=13  B=512   m=1     inner=4066   min=     0.019 us/xform  median=     0.019  sd=  0.08%     12.72 GF/s  setup=0.000 s
d1_batchlane             L=13  B=512   m=1     inner=3238   min=     0.017 us/xform  median=     0.017  sd=  0.20%     14.47 GF/s  setup=0.000 s
d1_batchlane             L=13  B=512   m=1     inner=3114   min=     0.019 us/xform  median=     0.019  sd=  0.20%     12.71 GF/s  setup=0.000 s
d1_batchlane             L=13  B=512   m=1     inner=2378   min=     0.017 us/xform  median=     0.017  sd=  1.23%     14.57 GF/s  setup=0.000 s
d1_batchlane             L=13  B=512   m=1     inner=3240   min=     0.019 us/xform  median=     0.019  sd=  0.19%     12.73 GF/s  setup=0.000 s
d1_batchlane             L=13  B=512   m=1     inner=3078   min=     0.017 us/xform  median=     0.017  sd=  0.13%     14.32 GF/s  setup=0.000 s
d1_batchlane             L=13  B=512   m=1     inner=3212   min=     0.019 us/xform  median=     0.019  sd=  0.23%     12.68 GF/s  setup=0.000 s
d1_bluestein             L=13  B=512   m=1     inner=364    min=     0.089 us/xform  median=     0.092  sd=  9.63%      2.70 GF/s  setup=0.000 s
d1_bluestein             L=13  B=512   m=1     inner=356    min=     0.107 us/xform  median=     0.107  sd=  0.11%      2.25 GF/s  setup=0.000 s
d1_bluestein             L=13  B=512   m=1     inner=580    min=     0.088 us/xform  median=     0.089  sd=  0.04%      2.72 GF/s  setup=0.000 s
d1_bluestein             L=13  B=512   m=1     inner=840    min=     0.090 us/xform  median=     0.090  sd=  0.08%      2.66 GF/s  setup=0.000 s
d1_bluestein             L=13  B=512   m=1     inner=556    min=     0.107 us/xform  median=     0.107  sd=  0.02%      2.25 GF/s  setup=0.000 s
d1_bluestein             L=13  B=512   m=1     inner=366    min=     0.107 us/xform  median=     0.107  sd=  0.05%      2.25 GF/s  setup=0.000 s
d1_bluestein             L=13  B=512   m=1     inner=578    min=     0.108 us/xform  median=     0.108  sd=  0.03%      2.24 GF/s  setup=0.000 s
d1_bluestein             L=13  B=512   m=1     inner=580    min=     0.107 us/xform  median=     0.107  sd=  0.16%      2.25 GF/s  setup=0.000 s
d1_bluestein             L=13  B=512   m=1     inner=578    min=     0.089 us/xform  median=     0.089  sd=  0.05%      2.71 GF/s  setup=0.000 s
d1_planner               L=13  B=512   m=1     inner=660    min=     0.111 us/xform  median=     0.111  sd=  0.68%      2.18 GF/s  setup=0.000 s
d1_planner               L=13  B=512   m=1     inner=287    min=     0.136 us/xform  median=     0.136  sd=  0.07%      1.77 GF/s  setup=0.000 s
d1_planner               L=13  B=512   m=1     inner=456    min=     0.136 us/xform  median=     0.136  sd=  0.03%      1.77 GF/s  setup=0.000 s
d1_planner               L=13  B=512   m=1     inner=462    min=     0.134 us/xform  median=     0.134  sd=  0.04%      1.80 GF/s  setup=0.000 s
d1_planner               L=13  B=512   m=1     inner=294    min=     0.133 us/xform  median=     0.133  sd=  0.07%      1.81 GF/s  setup=0.000 s
d1_planner               L=13  B=512   m=1     inner=460    min=     0.135 us/xform  median=     0.135  sd=  0.03%      1.79 GF/s  setup=0.000 s
d1_planner               L=13  B=512   m=1     inner=584    min=     0.133 us/xform  median=     0.133  sd=  0.02%      1.80 GF/s  setup=0.000 s
d1_planner               L=13  B=512   m=1     inner=572    min=     0.136 us/xform  median=     0.136  sd=  0.03%      1.76 GF/s  setup=0.000 s
d1_planner               L=13  B=512   m=1     inner=582    min=     0.111 us/xform  median=     0.111  sd=  2.72%      2.17 GF/s  setup=0.000 s
d1_prime                 L=13  B=512   m=1     inner=4910   min=     0.016 us/xform  median=     0.016  sd=  0.02%     15.30 GF/s  setup=0.000 s
d1_prime                 L=13  B=512   m=1     inner=2638   min=     0.015 us/xform  median=     0.015  sd=  1.19%     16.31 GF/s  setup=0.000 s
d1_prime                 L=13  B=512   m=1     inner=2639   min=     0.015 us/xform  median=     0.015  sd=  0.08%     16.31 GF/s  setup=0.000 s
d1_prime                 L=13  B=512   m=1     inner=3392   min=     0.017 us/xform  median=     0.017  sd=  0.06%     13.89 GF/s  setup=0.000 s
d1_prime                 L=13  B=512   m=1     inner=3720   min=     0.015 us/xform  median=     0.015  sd=  0.04%     16.47 GF/s  setup=0.000 s
d1_prime                 L=13  B=512   m=1     inner=3682   min=     0.017 us/xform  median=     0.017  sd=  0.03%     14.47 GF/s  setup=0.000 s
d1_prime                 L=13  B=512   m=1     inner=2636   min=     0.015 us/xform  median=     0.015  sd=  1.40%     16.32 GF/s  setup=0.000 s
d1_prime                 L=13  B=512   m=1     inner=3678   min=     0.017 us/xform  median=     0.017  sd=  0.09%     14.31 GF/s  setup=0.000 s
d1_prime                 L=13  B=512   m=1     inner=3656   min=     0.015 us/xform  median=     0.015  sd=  0.13%     16.33 GF/s  setup=0.000 s
d1_race                  L=13  B=512   m=1     inner=4530   min=     0.017 us/xform  median=     0.017  sd=  0.08%     14.35 GF/s  setup=8.158 s
d1_race                  L=13  B=512   m=1     inner=3660   min=     0.017 us/xform  median=     0.017  sd=  0.04%     14.40 GF/s  setup=0.005 s
d1_race                  L=13  B=512   m=1     inner=4566   min=     0.017 us/xform  median=     0.017  sd=  0.08%     14.32 GF/s  setup=0.005 s
d1_race                  L=13  B=512   m=1     inner=4648   min=     0.015 us/xform  median=     0.017  sd=  6.23%     16.45 GF/s  setup=0.004 s
d1_race                  L=13  B=512   m=1     inner=3666   min=     0.017 us/xform  median=     0.017  sd=  0.12%     14.34 GF/s  setup=0.005 s
d1_race                  L=13  B=512   m=1     inner=3662   min=     0.015 us/xform  median=     0.015  sd=  0.08%     16.32 GF/s  setup=0.004 s
d1_race                  L=13  B=512   m=1     inner=3644   min=     0.017 us/xform  median=     0.017  sd=  0.09%     14.34 GF/s  setup=0.004 s
d1_race                  L=13  B=512   m=1     inner=3708   min=     0.015 us/xform  median=     0.015  sd=  0.28%     16.48 GF/s  setup=0.003 s
d1_race                  L=13  B=512   m=1     inner=3658   min=     0.017 us/xform  median=     0.017  sd=  0.07%     14.32 GF/s  setup=0.003 s
d1_rader                 L=13  B=512   m=1     inner=296    min=     0.131 us/xform  median=     0.132  sd=  0.26%      1.83 GF/s  setup=0.000 s
d1_rader                 L=13  B=512   m=1     inner=295    min=     0.132 us/xform  median=     0.132  sd=  0.28%      1.83 GF/s  setup=0.000 s
d1_rader                 L=13  B=512   m=1     inner=444    min=     0.115 us/xform  median=     0.116  sd=  0.33%      2.09 GF/s  setup=0.000 s
d1_rader                 L=13  B=512   m=1     inner=670    min=     0.115 us/xform  median=     0.116  sd=  0.29%      2.09 GF/s  setup=0.000 s
d1_rader                 L=13  B=512   m=1     inner=438    min=     0.133 us/xform  median=     0.135  sd=  0.35%      1.80 GF/s  setup=0.000 s
d1_rader                 L=13  B=512   m=1     inner=333    min=     0.117 us/xform  median=     0.118  sd=  1.14%      2.06 GF/s  setup=0.000 s
d1_rader                 L=13  B=512   m=1     inner=468    min=     0.132 us/xform  median=     0.132  sd=  0.28%      1.83 GF/s  setup=0.000 s
d1_rader                 L=13  B=512   m=1     inner=468    min=     0.115 us/xform  median=     0.116  sd=  0.35%      2.09 GF/s  setup=0.000 s
d1_rader                 L=13  B=512   m=1     inner=322    min=     0.121 us/xform  median=     0.122  sd=  0.43%      1.99 GF/s  setup=0.000 s
fftw1d_custom            L=13  B=512   m=1     inner=1594   min=     0.049 us/xform  median=     0.049  sd=  0.02%      4.93 GF/s  setup=0.000 s
fftw1d_custom            L=13  B=512   m=1     inner=796    min=     0.049 us/xform  median=     0.049  sd=  0.04%      4.93 GF/s  setup=0.000 s
fftw1d_custom            L=13  B=512   m=1     inner=1214   min=     0.049 us/xform  median=     0.049  sd=  0.03%      4.92 GF/s  setup=0.000 s
fftw1d_custom            L=13  B=512   m=1     inner=1588   min=     0.049 us/xform  median=     0.049  sd=  0.01%      4.93 GF/s  setup=0.000 s
fftw1d_custom            L=13  B=512   m=1     inner=1266   min=     0.049 us/xform  median=     0.049  sd=  0.02%      4.92 GF/s  setup=0.000 s
fftw1d_custom            L=13  B=512   m=1     inner=795    min=     0.049 us/xform  median=     0.049  sd=  0.06%      4.92 GF/s  setup=0.000 s
fftw1d_custom            L=13  B=512   m=1     inner=1202   min=     0.049 us/xform  median=     0.049  sd=  0.04%      4.88 GF/s  setup=0.000 s
fftw1d_custom            L=13  B=512   m=1     inner=1268   min=     0.049 us/xform  median=     0.049  sd=  0.02%      4.94 GF/s  setup=0.000 s
fftw1d_custom            L=13  B=512   m=1     inner=1260   min=     0.049 us/xform  median=     0.049  sd=  0.02%      4.91 GF/s  setup=0.000 s
fftw1d_custom_soa        L=13  B=512   m=1     inner=2114   min=     0.037 us/xform  median=     0.037  sd=  0.24%      6.54 GF/s  setup=0.000 s
fftw1d_custom_soa        L=13  B=512   m=1     inner=1652   min=     0.037 us/xform  median=     0.037  sd=  0.10%      6.47 GF/s  setup=0.000 s
fftw1d_custom_soa        L=13  B=512   m=1     inner=1678   min=     0.037 us/xform  median=     0.037  sd=  0.02%      6.57 GF/s  setup=0.000 s
fftw1d_custom_soa        L=13  B=512   m=1     inner=1584   min=     0.037 us/xform  median=     0.037  sd=  0.05%      6.52 GF/s  setup=0.000 s
fftw1d_custom_soa        L=13  B=512   m=1     inner=1612   min=     0.037 us/xform  median=     0.037  sd=  0.05%      6.56 GF/s  setup=0.000 s
fftw1d_custom_soa        L=13  B=512   m=1     inner=2110   min=     0.037 us/xform  median=     0.037  sd=  0.38%      6.56 GF/s  setup=0.000 s
fftw1d_custom_soa        L=13  B=512   m=1     inner=1614   min=     0.037 us/xform  median=     0.037  sd=  0.14%      6.58 GF/s  setup=0.000 s
fftw1d_custom_soa        L=13  B=512   m=1     inner=1053   min=     0.037 us/xform  median=     0.037  sd=  0.33%      6.55 GF/s  setup=0.000 s
fftw1d_custom_soa        L=13  B=512   m=1     inner=1670   min=     0.037 us/xform  median=     0.037  sd=  0.05%      6.54 GF/s  setup=0.000 s
fftw1d_estimate          L=13  B=512   m=1     inner=972    min=     0.040 us/xform  median=     0.040  sd=  0.05%      6.01 GF/s  setup=0.001 s
fftw1d_estimate          L=13  B=512   m=1     inner=1932   min=     0.040 us/xform  median=     0.040  sd=  0.05%      6.00 GF/s  setup=0.001 s
fftw1d_estimate          L=13  B=512   m=1     inner=1540   min=     0.040 us/xform  median=     0.040  sd=  0.16%      6.03 GF/s  setup=0.001 s
fftw1d_estimate          L=13  B=512   m=1     inner=1456   min=     0.040 us/xform  median=     0.040  sd=  0.07%      5.98 GF/s  setup=0.001 s
fftw1d_estimate          L=13  B=512   m=1     inner=1468   min=     0.040 us/xform  median=     0.040  sd=  0.08%      6.00 GF/s  setup=0.001 s
fftw1d_estimate          L=13  B=512   m=1     inner=1530   min=     0.040 us/xform  median=     0.040  sd=  0.05%      6.02 GF/s  setup=0.001 s
fftw1d_estimate          L=13  B=512   m=1     inner=1944   min=     0.040 us/xform  median=     0.040  sd=  0.05%      6.02 GF/s  setup=0.001 s
fftw1d_estimate          L=13  B=512   m=1     inner=1936   min=     0.040 us/xform  median=     0.040  sd=  0.05%      6.02 GF/s  setup=0.001 s
fftw1d_estimate          L=13  B=512   m=1     inner=976    min=     0.040 us/xform  median=     0.040  sd=  0.07%      6.01 GF/s  setup=0.001 s
fftw1d_measure           L=13  B=512   m=1     inner=3968   min=     0.014 us/xform  median=     0.014  sd=  0.08%     16.82 GF/s  setup=0.003 s
fftw1d_measure           L=13  B=512   m=1     inner=4152   min=     0.014 us/xform  median=     0.014  sd=  0.04%     17.02 GF/s  setup=0.002 s
fftw1d_measure           L=13  B=512   m=1     inner=4474   min=     0.014 us/xform  median=     0.014  sd=  0.06%     17.13 GF/s  setup=0.002 s
fftw1d_measure           L=13  B=512   m=1     inner=4240   min=     0.014 us/xform  median=     0.014  sd=  0.06%     16.74 GF/s  setup=0.002 s
fftw1d_measure           L=13  B=512   m=1     inner=5486   min=     0.014 us/xform  median=     0.014  sd=  0.06%     17.24 GF/s  setup=0.002 s
fftw1d_measure           L=13  B=512   m=1     inner=4104   min=     0.015 us/xform  median=     0.015  sd=  0.02%     16.24 GF/s  setup=0.002 s
fftw1d_measure           L=13  B=512   m=1     inner=4430   min=     0.014 us/xform  median=     0.014  sd=  0.03%     16.88 GF/s  setup=0.002 s
fftw1d_measure           L=13  B=512   m=1     inner=4452   min=     0.014 us/xform  median=     0.014  sd=  0.05%     16.97 GF/s  setup=0.002 s
fftw1d_measure           L=13  B=512   m=1     inner=5314   min=     0.014 us/xform  median=     0.014  sd=  0.60%     17.20 GF/s  setup=0.002 s
fftw1d_patient           L=13  B=512   m=1     inner=5424   min=     0.014 us/xform  median=     0.014  sd=  0.04%     17.14 GF/s  setup=0.002 s
fftw1d_patient           L=13  B=512   m=1     inner=5460   min=     0.014 us/xform  median=     0.014  sd=  0.08%     16.99 GF/s  setup=0.002 s
fftw1d_patient           L=13  B=512   m=1     inner=4240   min=     0.014 us/xform  median=     0.014  sd=  0.03%     16.69 GF/s  setup=0.003 s
fftw1d_patient           L=13  B=512   m=1     inner=5420   min=     0.014 us/xform  median=     0.014  sd=  0.05%     17.06 GF/s  setup=0.002 s
fftw1d_patient           L=13  B=512   m=1     inner=4356   min=     0.014 us/xform  median=     0.014  sd=  0.09%     17.08 GF/s  setup=0.003 s
fftw1d_patient           L=13  B=512   m=1     inner=4086   min=     0.014 us/xform  median=     0.014  sd=  0.02%     16.79 GF/s  setup=0.003 s
fftw1d_patient           L=13  B=512   m=1     inner=5424   min=     0.014 us/xform  median=     0.014  sd=  0.07%     17.08 GF/s  setup=0.002 s
fftw1d_patient           L=13  B=512   m=1     inner=5428   min=     0.012 us/xform  median=     0.014  sd=  3.53%     19.27 GF/s  setup=0.002 s
fftw1d_patient           L=13  B=512   m=1     inner=3175   min=     0.013 us/xform  median=     0.013  sd=  0.06%     18.84 GF/s  setup=0.002 s
mkl1d_dfti               L=13  B=512   m=1     inner=3884   min=     0.019 us/xform  median=     0.019  sd=  0.14%     12.46 GF/s  setup=0.049 s
mkl1d_dfti               L=13  B=512   m=1     inner=4004   min=     0.016 us/xform  median=     0.019  sd=  6.56%     15.09 GF/s  setup=0.034 s
mkl1d_dfti               L=13  B=512   m=1     inner=4582   min=     0.016 us/xform  median=     0.016  sd=  0.13%     15.10 GF/s  setup=0.035 s
mkl1d_dfti               L=13  B=512   m=1     inner=4426   min=     0.017 us/xform  median=     0.017  sd=  0.16%     14.57 GF/s  setup=0.031 s
mkl1d_dfti               L=13  B=512   m=1     inner=4564   min=     0.016 us/xform  median=     0.016  sd=  0.15%     15.08 GF/s  setup=0.012 s
mkl1d_dfti               L=13  B=512   m=1     inner=4568   min=     0.016 us/xform  median=     0.016  sd=  0.11%     15.07 GF/s  setup=0.012 s
mkl1d_dfti               L=13  B=512   m=1     inner=4536   min=     0.016 us/xform  median=     0.016  sd=  0.07%     15.07 GF/s  setup=0.034 s
mkl1d_dfti               L=13  B=512   m=1     inner=4560   min=     0.016 us/xform  median=     0.016  sd=  0.18%     15.09 GF/s  setup=0.032 s
mkl1d_dfti               L=13  B=512   m=1     inner=4564   min=     0.016 us/xform  median=     0.016  sd=  0.20%     15.07 GF/s  setup=0.034 s
baseline_dft             L=31  B=512   m=1     inner=44     min=     1.652 us/xform  median=     1.652  sd=  0.79%      0.46 GF/s  setup=0.000 s
baseline_dft             L=31  B=512   m=1     inner=38     min=     1.994 us/xform  median=     1.994  sd=  0.01%      0.39 GF/s  setup=0.000 s
baseline_dft             L=31  B=512   m=1     inner=30     min=     1.994 us/xform  median=     1.994  sd=  0.01%      0.39 GF/s  setup=0.000 s
baseline_dft             L=31  B=512   m=1     inner=38     min=     1.994 us/xform  median=     1.994  sd=  0.02%      0.39 GF/s  setup=0.000 s
baseline_dft             L=31  B=512   m=1     inner=38     min=     1.994 us/xform  median=     1.994  sd=  0.00%      0.39 GF/s  setup=0.000 s
baseline_dft             L=31  B=512   m=1     inner=30     min=     1.652 us/xform  median=     1.652  sd=  0.01%      0.46 GF/s  setup=0.000 s
baseline_dft             L=31  B=512   m=1     inner=30     min=     1.994 us/xform  median=     1.994  sd=  0.03%      0.39 GF/s  setup=0.000 s
baseline_dft             L=31  B=512   m=1     inner=32     min=     1.652 us/xform  median=     1.652  sd=  0.01%      0.46 GF/s  setup=0.000 s
baseline_dft             L=31  B=512   m=1     inner=44     min=     1.652 us/xform  median=     1.652  sd=  0.01%      0.46 GF/s  setup=0.000 s
d1_batchlane             L=31  B=512   m=1     inner=758    min=     0.102 us/xform  median=     0.103  sd=  0.47%      7.51 GF/s  setup=0.000 s
d1_batchlane             L=31  B=512   m=1     inner=383    min=     0.103 us/xform  median=     0.103  sd=  0.14%      7.46 GF/s  setup=0.000 s
d1_batchlane             L=31  B=512   m=1     inner=608    min=     0.103 us/xform  median=     0.103  sd=  0.27%      7.49 GF/s  setup=0.000 s
d1_batchlane             L=31  B=512   m=1     inner=608    min=     0.103 us/xform  median=     0.103  sd=  0.17%      7.48 GF/s  setup=0.000 s
d1_batchlane             L=31  B=512   m=1     inner=582    min=     0.102 us/xform  median=     0.103  sd=  0.38%      7.55 GF/s  setup=0.000 s
d1_batchlane             L=31  B=512   m=1     inner=608    min=     0.102 us/xform  median=     0.103  sd=  0.23%      7.49 GF/s  setup=0.000 s
d1_batchlane             L=31  B=512   m=1     inner=608    min=     0.102 us/xform  median=     0.103  sd=  0.27%      7.51 GF/s  setup=0.000 s
d1_batchlane             L=31  B=512   m=1     inner=750    min=     0.103 us/xform  median=     0.104  sd=  0.13%      7.42 GF/s  setup=0.000 s
d1_batchlane             L=31  B=512   m=1     inner=382    min=     0.102 us/xform  median=     0.102  sd=  0.20%      7.52 GF/s  setup=0.000 s
d1_bluestein             L=31  B=512   m=1     inner=218    min=     0.326 us/xform  median=     0.326  sd=  0.06%      2.36 GF/s  setup=0.000 s
d1_bluestein             L=31  B=512   m=1     inner=238    min=     0.326 us/xform  median=     0.326  sd=  0.08%      2.36 GF/s  setup=0.000 s
d1_bluestein             L=31  B=512   m=1     inner=121    min=     0.267 us/xform  median=     0.268  sd=  5.27%      2.87 GF/s  setup=0.000 s
d1_bluestein             L=31  B=512   m=1     inner=176    min=     0.335 us/xform  median=     0.336  sd=  0.08%      2.29 GF/s  setup=0.000 s
d1_bluestein             L=31  B=512   m=1     inner=190    min=     0.326 us/xform  median=     0.326  sd=  0.05%      2.36 GF/s  setup=0.000 s
d1_bluestein             L=31  B=512   m=1     inner=232    min=     0.335 us/xform  median=     0.335  sd=  0.04%      2.29 GF/s  setup=0.000 s
d1_bluestein             L=31  B=512   m=1     inner=168    min=     0.365 us/xform  median=     0.366  sd=  0.09%      2.10 GF/s  setup=0.000 s
d1_bluestein             L=31  B=512   m=1     inner=188    min=     0.327 us/xform  median=     0.328  sd=  0.08%      2.34 GF/s  setup=0.000 s
d1_bluestein             L=31  B=512   m=1     inner=234    min=     0.330 us/xform  median=     0.331  sd=  0.09%      2.32 GF/s  setup=0.000 s
d1_planner               L=31  B=512   m=1     inner=70     min=     0.550 us/xform  median=     0.550  sd=  0.95%      1.40 GF/s  setup=0.000 s
d1_planner               L=31  B=512   m=1     inner=92     min=     0.664 us/xform  median=     0.664  sd=  0.02%      1.16 GF/s  setup=0.000 s
d1_planner               L=31  B=512   m=1     inner=92     min=     0.663 us/xform  median=     0.663  sd=  0.02%      1.16 GF/s  setup=0.000 s
d1_planner               L=31  B=512   m=1     inner=86     min=     0.663 us/xform  median=     0.663  sd=  0.02%      1.16 GF/s  setup=0.000 s
d1_planner               L=31  B=512   m=1     inner=116    min=     0.665 us/xform  median=     0.665  sd=  0.01%      1.16 GF/s  setup=0.000 s
d1_planner               L=31  B=512   m=1     inner=92     min=     0.663 us/xform  median=     0.663  sd=  0.02%      1.16 GF/s  setup=0.000 s
d1_planner               L=31  B=512   m=1     inner=88     min=     0.663 us/xform  median=     0.664  sd=  0.03%      1.16 GF/s  setup=0.000 s
d1_planner               L=31  B=512   m=1     inner=116    min=     0.664 us/xform  median=     0.664  sd=  0.02%      1.16 GF/s  setup=0.000 s
d1_planner               L=31  B=512   m=1     inner=84     min=     0.702 us/xform  median=     0.703  sd=  0.05%      1.09 GF/s  setup=0.000 s
d1_prime                 L=31  B=512   m=1     inner=592    min=     0.065 us/xform  median=     0.066  sd=  0.33%     11.74 GF/s  setup=0.000 s
d1_prime                 L=31  B=512   m=1     inner=972    min=     0.063 us/xform  median=     0.063  sd=  0.04%     12.12 GF/s  setup=0.000 s
d1_prime                 L=31  B=512   m=1     inner=1218   min=     0.064 us/xform  median=     0.064  sd=  0.05%     12.02 GF/s  setup=0.000 s
d1_prime                 L=31  B=512   m=1     inner=1218   min=     0.064 us/xform  median=     0.064  sd=  0.05%     11.99 GF/s  setup=0.000 s
d1_prime                 L=31  B=512   m=1     inner=1178   min=     0.058 us/xform  median=     0.066  sd=  5.83%     13.29 GF/s  setup=0.000 s
d1_prime                 L=31  B=512   m=1     inner=930    min=     0.064 us/xform  median=     0.064  sd=  0.10%     12.08 GF/s  setup=0.000 s
d1_prime                 L=31  B=512   m=1     inner=602    min=     0.065 us/xform  median=     0.065  sd=  0.15%     11.80 GF/s  setup=0.000 s
d1_prime                 L=31  B=512   m=1     inner=934    min=     0.063 us/xform  median=     0.063  sd=  0.07%     12.12 GF/s  setup=0.000 s
d1_prime                 L=31  B=512   m=1     inner=952    min=     0.065 us/xform  median=     0.065  sd=  0.13%     11.83 GF/s  setup=0.000 s
d1_race                  L=31  B=512   m=1     inner=1212   min=     0.056 us/xform  median=     0.064  sd=  6.12%     13.66 GF/s  setup=1.048 s
d1_race                  L=31  B=512   m=1     inner=944    min=     0.065 us/xform  median=     0.065  sd=  0.02%     11.79 GF/s  setup=0.003 s
d1_race                  L=31  B=512   m=1     inner=992    min=     0.057 us/xform  median=     0.057  sd=  0.02%     13.45 GF/s  setup=0.004 s
d1_race                  L=31  B=512   m=1     inner=1318   min=     0.057 us/xform  median=     0.057  sd=  0.05%     13.44 GF/s  setup=0.004 s
d1_race                  L=31  B=512   m=1     inner=944    min=     0.065 us/xform  median=     0.065  sd=  0.04%     11.74 GF/s  setup=0.005 s
d1_race                  L=31  B=512   m=1     inner=966    min=     0.056 us/xform  median=     0.056  sd=  0.03%     13.68 GF/s  setup=0.004 s
d1_race                  L=31  B=512   m=1     inner=1318   min=     0.057 us/xform  median=     0.057  sd=  0.02%     13.43 GF/s  setup=0.004 s
d1_race                  L=31  B=512   m=1     inner=1370   min=     0.057 us/xform  median=     0.057  sd=  0.02%     13.51 GF/s  setup=0.004 s
d1_race                  L=31  B=512   m=1     inner=948    min=     0.057 us/xform  median=     0.057  sd=  0.03%     13.42 GF/s  setup=0.003 s
d1_rader                 L=31  B=512   m=1     inner=89     min=     0.440 us/xform  median=     0.440  sd=  0.11%      1.75 GF/s  setup=0.000 s
d1_rader                 L=31  B=512   m=1     inner=136    min=     0.450 us/xform  median=     0.451  sd=  0.04%      1.71 GF/s  setup=0.000 s
d1_rader                 L=31  B=512   m=1     inner=136    min=     0.394 us/xform  median=     0.395  sd=  0.06%      1.95 GF/s  setup=0.000 s
d1_rader                 L=31  B=512   m=1     inner=136    min=     0.433 us/xform  median=     0.434  sd=  0.07%      1.77 GF/s  setup=0.000 s
d1_rader                 L=31  B=512   m=1     inner=132    min=     0.380 us/xform  median=     0.380  sd=  2.37%      2.02 GF/s  setup=0.000 s
d1_rader                 L=31  B=512   m=1     inner=134    min=     0.441 us/xform  median=     0.442  sd=  0.07%      1.74 GF/s  setup=0.000 s
d1_rader                 L=31  B=512   m=1     inner=136    min=     0.432 us/xform  median=     0.432  sd=  0.06%      1.78 GF/s  setup=0.000 s
d1_rader                 L=31  B=512   m=1     inner=138    min=     0.444 us/xform  median=     0.445  sd=  0.07%      1.73 GF/s  setup=0.000 s
d1_rader                 L=31  B=512   m=1     inner=142    min=     0.379 us/xform  median=     0.379  sd=  0.08%      2.03 GF/s  setup=0.000 s
fftw1d_custom            L=31  B=512   m=1     inner=446    min=     0.163 us/xform  median=     0.164  sd=  0.50%      4.70 GF/s  setup=0.000 s
fftw1d_custom            L=31  B=512   m=1     inner=316    min=     0.196 us/xform  median=     0.197  sd=  0.32%      3.93 GF/s  setup=0.000 s
fftw1d_custom            L=31  B=512   m=1     inner=394    min=     0.196 us/xform  median=     0.196  sd=  0.03%      3.92 GF/s  setup=0.000 s
fftw1d_custom            L=31  B=512   m=1     inner=292    min=     0.163 us/xform  median=     0.163  sd=  0.55%      4.71 GF/s  setup=0.000 s
fftw1d_custom            L=31  B=512   m=1     inner=237    min=     0.163 us/xform  median=     0.164  sd=  0.34%      4.70 GF/s  setup=0.000 s
fftw1d_custom            L=31  B=512   m=1     inner=304    min=     0.196 us/xform  median=     0.196  sd=  0.09%      3.93 GF/s  setup=0.000 s
fftw1d_custom            L=31  B=512   m=1     inner=380    min=     0.208 us/xform  median=     0.208  sd=  0.02%      3.70 GF/s  setup=0.000 s
fftw1d_custom            L=31  B=512   m=1     inner=290    min=     0.164 us/xform  median=     0.164  sd=  0.94%      4.69 GF/s  setup=0.000 s
fftw1d_custom            L=31  B=512   m=1     inner=458    min=     0.164 us/xform  median=     0.164  sd=  0.02%      4.67 GF/s  setup=0.000 s
fftw1d_custom_soa        L=31  B=512   m=1     inner=744    min=     0.105 us/xform  median=     0.110  sd=  1.70%      7.31 GF/s  setup=0.000 s
fftw1d_custom_soa        L=31  B=512   m=1     inner=536    min=     0.094 us/xform  median=     0.094  sd=  1.47%      8.20 GF/s  setup=0.000 s
fftw1d_custom_soa        L=31  B=512   m=1     inner=596    min=     0.104 us/xform  median=     0.108  sd=  1.12%      7.35 GF/s  setup=0.000 s
fftw1d_custom_soa        L=31  B=512   m=1     inner=540    min=     0.094 us/xform  median=     0.094  sd=  1.35%      8.17 GF/s  setup=0.000 s
fftw1d_custom_soa        L=31  B=512   m=1     inner=822    min=     0.091 us/xform  median=     0.091  sd=  0.01%      8.41 GF/s  setup=0.000 s
fftw1d_custom_soa        L=31  B=512   m=1     inner=417    min=     0.094 us/xform  median=     0.094  sd=  0.03%      8.20 GF/s  setup=0.000 s
fftw1d_custom_soa        L=31  B=512   m=1     inner=834    min=     0.093 us/xform  median=     0.093  sd=  0.01%      8.25 GF/s  setup=0.000 s
fftw1d_custom_soa        L=31  B=512   m=1     inner=574    min=     0.105 us/xform  median=     0.110  sd=  1.71%      7.32 GF/s  setup=0.000 s
fftw1d_custom_soa        L=31  B=512   m=1     inner=560    min=     0.092 us/xform  median=     0.092  sd=  0.80%      8.31 GF/s  setup=0.000 s
fftw1d_estimate          L=31  B=512   m=1     inner=122    min=     0.319 us/xform  median=     0.320  sd=  0.08%      2.41 GF/s  setup=0.001 s
fftw1d_estimate          L=31  B=512   m=1     inner=192    min=     0.263 us/xform  median=     0.264  sd=  0.10%      2.92 GF/s  setup=0.001 s
fftw1d_estimate          L=31  B=512   m=1     inner=192    min=     0.318 us/xform  median=     0.319  sd=  0.10%      2.42 GF/s  setup=0.001 s
fftw1d_estimate          L=31  B=512   m=1     inner=122    min=     0.318 us/xform  median=     0.319  sd=  0.08%      2.41 GF/s  setup=0.001 s
fftw1d_estimate          L=31  B=512   m=1     inner=242    min=     0.318 us/xform  median=     0.319  sd=  0.09%      2.41 GF/s  setup=0.001 s
fftw1d_estimate          L=31  B=512   m=1     inner=226    min=     0.264 us/xform  median=     0.319  sd=  5.36%      2.91 GF/s  setup=0.001 s
fftw1d_estimate          L=31  B=512   m=1     inner=294    min=     0.263 us/xform  median=     0.264  sd=  0.10%      2.92 GF/s  setup=0.001 s
fftw1d_estimate          L=31  B=512   m=1     inner=166    min=     0.318 us/xform  median=     0.319  sd=  0.08%      2.41 GF/s  setup=0.001 s
fftw1d_estimate          L=31  B=512   m=1     inner=240    min=     0.321 us/xform  median=     0.322  sd=  0.10%      2.39 GF/s  setup=0.001 s
fftw1d_measure           L=31  B=512   m=1     inner=122    min=     0.318 us/xform  median=     0.319  sd=  0.07%      2.41 GF/s  setup=0.043 s
fftw1d_measure           L=31  B=512   m=1     inner=244    min=     0.318 us/xform  median=     0.319  sd=  0.11%      2.42 GF/s  setup=0.042 s
fftw1d_measure           L=31  B=512   m=1     inner=230    min=     0.319 us/xform  median=     0.319  sd=  0.03%      2.41 GF/s  setup=0.043 s
fftw1d_measure           L=31  B=512   m=1     inner=276    min=     0.264 us/xform  median=     0.265  sd=  0.10%      2.91 GF/s  setup=0.043 s
fftw1d_measure           L=31  B=512   m=1     inner=244    min=     0.264 us/xform  median=     0.319  sd=  6.87%      2.91 GF/s  setup=0.043 s
fftw1d_measure           L=31  B=512   m=1     inner=276    min=     0.263 us/xform  median=     0.264  sd=  0.09%      2.92 GF/s  setup=0.043 s
fftw1d_measure           L=31  B=512   m=1     inner=276    min=     0.264 us/xform  median=     0.265  sd=  0.10%      2.91 GF/s  setup=0.043 s
fftw1d_measure           L=31  B=512   m=1     inner=278    min=     0.263 us/xform  median=     0.264  sd=  0.09%      2.92 GF/s  setup=0.042 s
fftw1d_measure           L=31  B=512   m=1     inner=276    min=     0.263 us/xform  median=     0.264  sd=  0.09%      2.92 GF/s  setup=0.042 s
fftw1d_patient           L=31  B=512   m=1     inner=280    min=     0.264 us/xform  median=     0.264  sd=  0.12%      2.91 GF/s  setup=0.118 s
fftw1d_patient           L=31  B=512   m=1     inner=280    min=     0.263 us/xform  median=     0.264  sd=  0.10%      2.92 GF/s  setup=0.120 s
fftw1d_patient           L=31  B=512   m=1     inner=278    min=     0.263 us/xform  median=     0.264  sd=  0.11%      2.92 GF/s  setup=0.118 s
fftw1d_patient           L=31  B=512   m=1     inner=278    min=     0.263 us/xform  median=     0.264  sd=  0.10%      2.92 GF/s  setup=0.119 s
fftw1d_patient           L=31  B=512   m=1     inner=282    min=     0.263 us/xform  median=     0.264  sd=  0.11%      2.92 GF/s  setup=0.118 s
fftw1d_patient           L=31  B=512   m=1     inner=278    min=     0.263 us/xform  median=     0.264  sd=  0.10%      2.92 GF/s  setup=0.119 s
fftw1d_patient           L=31  B=512   m=1     inner=280    min=     0.263 us/xform  median=     0.264  sd=  0.09%      2.92 GF/s  setup=0.118 s
fftw1d_patient           L=31  B=512   m=1     inner=278    min=     0.263 us/xform  median=     0.264  sd=  0.09%      2.92 GF/s  setup=0.119 s
fftw1d_patient           L=31  B=512   m=1     inner=278    min=     0.263 us/xform  median=     0.264  sd=  0.09%      2.92 GF/s  setup=0.119 s
mkl1d_dfti               L=31  B=512   m=1     inner=284    min=     0.274 us/xform  median=     0.274  sd=  0.04%      2.80 GF/s  setup=0.048 s
mkl1d_dfti               L=31  B=512   m=1     inner=284    min=     0.227 us/xform  median=     0.274  sd=  9.32%      3.39 GF/s  setup=0.013 s
mkl1d_dfti               L=31  B=512   m=1     inner=322    min=     0.227 us/xform  median=     0.227  sd=  0.03%      3.38 GF/s  setup=0.013 s
mkl1d_dfti               L=31  B=512   m=1     inner=324    min=     0.227 us/xform  median=     0.227  sd=  0.05%      3.39 GF/s  setup=0.031 s
mkl1d_dfti               L=31  B=512   m=1     inner=324    min=     0.227 us/xform  median=     0.227  sd=  0.02%      3.39 GF/s  setup=0.035 s
mkl1d_dfti               L=31  B=512   m=1     inner=324    min=     0.227 us/xform  median=     0.227  sd=  0.04%      3.39 GF/s  setup=0.013 s
mkl1d_dfti               L=31  B=512   m=1     inner=324    min=     0.227 us/xform  median=     0.227  sd=  0.03%      3.39 GF/s  setup=0.012 s
mkl1d_dfti               L=31  B=512   m=1     inner=314    min=     0.227 us/xform  median=     0.227  sd=  0.03%      3.39 GF/s  setup=0.029 s
mkl1d_dfti               L=31  B=512   m=1     inner=324    min=     0.227 us/xform  median=     0.227  sd=  0.04%      3.39 GF/s  setup=0.030 s
baseline_dft             L=32  B=512   m=1     inner=30     min=     2.124 us/xform  median=     2.125  sd=  0.02%      0.38 GF/s  setup=0.000 s
baseline_dft             L=32  B=512   m=1     inner=30     min=     2.124 us/xform  median=     2.124  sd=  0.01%      0.38 GF/s  setup=0.000 s
baseline_dft             L=32  B=512   m=1     inner=28     min=     2.124 us/xform  median=     2.125  sd=  0.02%      0.38 GF/s  setup=0.000 s
baseline_dft             L=32  B=512   m=1     inner=36     min=     2.124 us/xform  median=     2.124  sd=  0.02%      0.38 GF/s  setup=0.000 s
baseline_dft             L=32  B=512   m=1     inner=36     min=     2.124 us/xform  median=     2.124  sd=  0.01%      0.38 GF/s  setup=0.000 s
baseline_dft             L=32  B=512   m=1     inner=36     min=     1.760 us/xform  median=     1.760  sd=  3.87%      0.45 GF/s  setup=0.000 s
baseline_dft             L=32  B=512   m=1     inner=30     min=     2.124 us/xform  median=     2.124  sd=  0.01%      0.38 GF/s  setup=0.000 s
baseline_dft             L=32  B=512   m=1     inner=36     min=     2.124 us/xform  median=     2.125  sd=  0.00%      0.38 GF/s  setup=0.000 s
baseline_dft             L=32  B=512   m=1     inner=36     min=     2.124 us/xform  median=     2.124  sd=  0.01%      0.38 GF/s  setup=0.000 s
d1_batchlane             L=32  B=512   m=1     inner=2168   min=     0.036 us/xform  median=     0.036  sd=  0.03%     22.31 GF/s  setup=0.000 s
d1_batchlane             L=32  B=512   m=1     inner=1712   min=     0.031 us/xform  median=     0.031  sd=  0.11%     25.47 GF/s  setup=0.000 s
d1_batchlane             L=32  B=512   m=1     inner=2416   min=     0.032 us/xform  median=     0.032  sd=  0.03%     24.90 GF/s  setup=0.000 s
d1_batchlane             L=32  B=512   m=1     inner=1640   min=     0.036 us/xform  median=     0.036  sd=  0.07%     22.28 GF/s  setup=0.000 s
d1_batchlane             L=32  B=512   m=1     inner=1714   min=     0.036 us/xform  median=     0.036  sd=  0.07%     22.30 GF/s  setup=0.000 s
d1_batchlane             L=32  B=512   m=1     inner=1772   min=     0.032 us/xform  median=     0.032  sd=  0.05%     25.28 GF/s  setup=0.000 s
d1_batchlane             L=32  B=512   m=1     inner=1644   min=     0.036 us/xform  median=     0.036  sd=  0.07%     22.35 GF/s  setup=0.000 s
d1_batchlane             L=32  B=512   m=1     inner=2138   min=     0.036 us/xform  median=     0.036  sd=  0.04%     22.02 GF/s  setup=0.000 s
d1_batchlane             L=32  B=512   m=1     inner=1081   min=     0.036 us/xform  median=     0.036  sd=  0.06%     22.20 GF/s  setup=0.000 s
d1_bluestein             L=32  B=512   m=1     inner=818    min=     0.095 us/xform  median=     0.095  sd=  0.06%      8.43 GF/s  setup=0.000 s
d1_bluestein             L=32  B=512   m=1     inner=670    min=     0.076 us/xform  median=     0.076  sd=  0.14%     10.55 GF/s  setup=0.000 s
d1_bluestein             L=32  B=512   m=1     inner=676    min=     0.090 us/xform  median=     0.091  sd=  0.10%      8.84 GF/s  setup=0.000 s
d1_bluestein             L=32  B=512   m=1     inner=429    min=     0.091 us/xform  median=     0.091  sd=  0.10%      8.82 GF/s  setup=0.000 s
d1_bluestein             L=32  B=512   m=1     inner=822    min=     0.094 us/xform  median=     0.095  sd=  0.09%      8.48 GF/s  setup=0.000 s
d1_bluestein             L=32  B=512   m=1     inner=628    min=     0.095 us/xform  median=     0.095  sd=  0.08%      8.46 GF/s  setup=0.000 s
d1_bluestein             L=32  B=512   m=1     inner=324    min=     0.075 us/xform  median=     0.075  sd=  7.76%     10.69 GF/s  setup=0.000 s
d1_bluestein             L=32  B=512   m=1     inner=459    min=     0.085 us/xform  median=     0.085  sd=  0.08%      9.41 GF/s  setup=0.000 s
d1_bluestein             L=32  B=512   m=1     inner=598    min=     0.099 us/xform  median=     0.099  sd=  0.11%      8.11 GF/s  setup=0.000 s
d1_planner               L=32  B=512   m=1     inner=738    min=     0.084 us/xform  median=     0.084  sd=  0.10%      9.53 GF/s  setup=0.000 s
d1_planner               L=32  B=512   m=1     inner=732    min=     0.084 us/xform  median=     0.084  sd=  0.08%      9.50 GF/s  setup=0.000 s
d1_planner               L=32  B=512   m=1     inner=738    min=     0.084 us/xform  median=     0.084  sd=  0.07%      9.55 GF/s  setup=0.000 s
d1_planner               L=32  B=512   m=1     inner=700    min=     0.084 us/xform  median=     0.084  sd=  0.06%      9.50 GF/s  setup=0.000 s
d1_planner               L=32  B=512   m=1     inner=928    min=     0.084 us/xform  median=     0.084  sd=  0.05%      9.57 GF/s  setup=0.000 s
d1_planner               L=32  B=512   m=1     inner=463    min=     0.084 us/xform  median=     0.084  sd=  0.12%      9.49 GF/s  setup=0.000 s
d1_planner               L=32  B=512   m=1     inner=736    min=     0.084 us/xform  median=     0.084  sd=  0.05%      9.53 GF/s  setup=0.000 s
d1_planner               L=32  B=512   m=1     inner=918    min=     0.085 us/xform  median=     0.085  sd=  0.07%      9.47 GF/s  setup=0.000 s
d1_planner               L=32  B=512   m=1     inner=463    min=     0.084 us/xform  median=     0.084  sd=  0.10%      9.49 GF/s  setup=0.000 s
d1_pow2                  L=32  B=512   m=1     inner=4448   min=     0.018 us/xform  median=     0.018  sd=  0.03%     45.67 GF/s  setup=0.000 s
d1_pow2                  L=32  B=512   m=1     inner=3354   min=     0.018 us/xform  median=     0.018  sd=  0.03%     45.68 GF/s  setup=0.000 s
d1_pow2                  L=32  B=512   m=1     inner=3526   min=     0.018 us/xform  median=     0.018  sd=  0.02%     45.67 GF/s  setup=0.000 s
d1_pow2                  L=32  B=512   m=1     inner=4438   min=     0.018 us/xform  median=     0.018  sd=  0.01%     45.68 GF/s  setup=0.000 s
d1_pow2                  L=32  B=512   m=1     inner=3468   min=     0.018 us/xform  median=     0.018  sd=  0.01%     45.69 GF/s  setup=0.000 s
d1_pow2                  L=32  B=512   m=1     inner=3508   min=     0.018 us/xform  median=     0.018  sd=  0.01%     45.68 GF/s  setup=0.000 s
d1_pow2                  L=32  B=512   m=1     inner=2216   min=     0.018 us/xform  median=     0.018  sd=  0.05%     45.68 GF/s  setup=0.000 s
d1_pow2                  L=32  B=512   m=1     inner=3518   min=     0.018 us/xform  median=     0.018  sd=  0.02%     45.69 GF/s  setup=0.000 s
d1_pow2                  L=32  B=512   m=1     inner=3360   min=     0.018 us/xform  median=     0.018  sd=  0.02%     45.68 GF/s  setup=0.000 s
d1_race                  L=32  B=512   m=1     inner=4350   min=     0.018 us/xform  median=     0.018  sd=  0.04%     45.61 GF/s  setup=0.660 s
d1_race                  L=32  B=512   m=1     inner=3490   min=     0.018 us/xform  median=     0.018  sd=  0.03%     45.62 GF/s  setup=0.007 s
d1_race                  L=32  B=512   m=1     inner=4396   min=     0.018 us/xform  median=     0.018  sd=  0.03%     45.62 GF/s  setup=0.007 s
d1_race                  L=32  B=512   m=1     inner=4358   min=     0.015 us/xform  median=     0.015  sd=  4.00%     51.92 GF/s  setup=0.007 s
d1_race                  L=32  B=512   m=1     inner=3344   min=     0.018 us/xform  median=     0.018  sd=  0.03%     45.60 GF/s  setup=0.007 s
d1_race                  L=32  B=512   m=1     inner=3476   min=     0.015 us/xform  median=     0.015  sd=  0.10%     51.91 GF/s  setup=0.004 s
d1_race                  L=32  B=512   m=1     inner=3330   min=     0.018 us/xform  median=     0.018  sd=  0.04%     45.61 GF/s  setup=0.005 s
d1_race                  L=32  B=512   m=1     inner=3340   min=     0.018 us/xform  median=     0.018  sd=  0.03%     45.61 GF/s  setup=0.006 s
d1_race                  L=32  B=512   m=1     inner=4400   min=     0.018 us/xform  median=     0.018  sd=  0.05%     45.62 GF/s  setup=0.006 s
d1_twiddle               L=32  B=512   m=1     inner=654    min=     0.095 us/xform  median=     0.095  sd=  0.17%      8.46 GF/s  setup=0.000 s
d1_twiddle               L=32  B=512   m=1     inner=498    min=     0.078 us/xform  median=     0.078  sd=  2.26%     10.24 GF/s  setup=0.000 s
d1_twiddle               L=32  B=512   m=1     inner=652    min=     0.094 us/xform  median=     0.095  sd=  0.23%      8.47 GF/s  setup=0.000 s
d1_twiddle               L=32  B=512   m=1     inner=642    min=     0.094 us/xform  median=     0.095  sd=  0.25%      8.49 GF/s  setup=0.000 s
d1_twiddle               L=32  B=512   m=1     inner=626    min=     0.078 us/xform  median=     0.078  sd=  0.14%     10.22 GF/s  setup=0.000 s
d1_twiddle               L=32  B=512   m=1     inner=616    min=     0.095 us/xform  median=     0.095  sd=  0.25%      8.41 GF/s  setup=0.000 s
d1_twiddle               L=32  B=512   m=1     inner=412    min=     0.095 us/xform  median=     0.095  sd=  0.15%      8.46 GF/s  setup=0.000 s
d1_twiddle               L=32  B=512   m=1     inner=656    min=     0.078 us/xform  median=     0.078  sd=  0.14%     10.25 GF/s  setup=0.000 s
d1_twiddle               L=32  B=512   m=1     inner=652    min=     0.094 us/xform  median=     0.095  sd=  0.25%      8.48 GF/s  setup=0.000 s
fftw1d_custom            L=32  B=512   m=1     inner=720    min=     0.108 us/xform  median=     0.111  sd=  0.86%      7.41 GF/s  setup=0.000 s
fftw1d_custom            L=32  B=512   m=1     inner=708    min=     0.109 us/xform  median=     0.109  sd=  0.02%      7.32 GF/s  setup=0.000 s
fftw1d_custom            L=32  B=512   m=1     inner=548    min=     0.113 us/xform  median=     0.113  sd=  0.03%      7.11 GF/s  setup=0.000 s
fftw1d_custom            L=32  B=512   m=1     inner=546    min=     0.108 us/xform  median=     0.113  sd=  1.74%      7.39 GF/s  setup=0.000 s
fftw1d_custom            L=32  B=512   m=1     inner=522    min=     0.114 us/xform  median=     0.114  sd=  0.06%      6.99 GF/s  setup=0.000 s
fftw1d_custom            L=32  B=512   m=1     inner=542    min=     0.108 us/xform  median=     0.108  sd=  0.03%      7.39 GF/s  setup=0.000 s
fftw1d_custom            L=32  B=512   m=1     inner=534    min=     0.118 us/xform  median=     0.118  sd=  0.02%      6.77 GF/s  setup=0.000 s
fftw1d_custom            L=32  B=512   m=1     inner=562    min=     0.111 us/xform  median=     0.111  sd=  0.03%      7.20 GF/s  setup=0.000 s
fftw1d_custom            L=32  B=512   m=1     inner=358    min=     0.109 us/xform  median=     0.109  sd=  0.07%      7.32 GF/s  setup=0.000 s
fftw1d_custom_soa        L=32  B=512   m=1     inner=816    min=     0.094 us/xform  median=     0.094  sd=  0.04%      8.50 GF/s  setup=0.000 s
fftw1d_custom_soa        L=32  B=512   m=1     inner=652    min=     0.096 us/xform  median=     0.096  sd=  0.05%      8.33 GF/s  setup=0.000 s
fftw1d_custom_soa        L=32  B=512   m=1     inner=642    min=     0.093 us/xform  median=     0.093  sd=  0.03%      8.63 GF/s  setup=0.000 s
fftw1d_custom_soa        L=32  B=512   m=1     inner=656    min=     0.096 us/xform  median=     0.096  sd=  0.05%      8.36 GF/s  setup=0.000 s
fftw1d_custom_soa        L=32  B=512   m=1     inner=614    min=     0.100 us/xform  median=     0.100  sd=  0.03%      7.97 GF/s  setup=0.000 s
fftw1d_custom_soa        L=32  B=512   m=1     inner=774    min=     0.099 us/xform  median=     0.099  sd=  0.05%      8.10 GF/s  setup=0.000 s
fftw1d_custom_soa        L=32  B=512   m=1     inner=648    min=     0.096 us/xform  median=     0.096  sd=  0.03%      8.37 GF/s  setup=0.000 s
fftw1d_custom_soa        L=32  B=512   m=1     inner=648    min=     0.099 us/xform  median=     0.099  sd=  0.05%      8.11 GF/s  setup=0.000 s
fftw1d_custom_soa        L=32  B=512   m=1     inner=628    min=     0.095 us/xform  median=     0.095  sd=  0.05%      8.42 GF/s  setup=0.000 s
fftw1d_estimate          L=32  B=512   m=1     inner=386    min=     0.101 us/xform  median=     0.101  sd=  0.15%      7.94 GF/s  setup=0.001 s
fftw1d_estimate          L=32  B=512   m=1     inner=608    min=     0.101 us/xform  median=     0.101  sd=  0.05%      7.91 GF/s  setup=0.001 s
fftw1d_estimate          L=32  B=512   m=1     inner=612    min=     0.101 us/xform  median=     0.101  sd=  0.04%      7.94 GF/s  setup=0.001 s
fftw1d_estimate          L=32  B=512   m=1     inner=387    min=     0.101 us/xform  median=     0.101  sd=  0.06%      7.95 GF/s  setup=0.001 s
fftw1d_estimate          L=32  B=512   m=1     inner=772    min=     0.101 us/xform  median=     0.101  sd=  0.07%      7.93 GF/s  setup=0.001 s
fftw1d_estimate          L=32  B=512   m=1     inner=612    min=     0.101 us/xform  median=     0.101  sd=  0.05%      7.93 GF/s  setup=0.001 s
fftw1d_estimate          L=32  B=512   m=1     inner=610    min=     0.101 us/xform  median=     0.101  sd=  0.09%      7.94 GF/s  setup=0.001 s
fftw1d_estimate          L=32  B=512   m=1     inner=764    min=     0.101 us/xform  median=     0.101  sd=  0.07%      7.94 GF/s  setup=0.001 s
fftw1d_estimate          L=32  B=512   m=1     inner=770    min=     0.088 us/xform  median=     0.100  sd=  4.79%      9.07 GF/s  setup=0.001 s
fftw1d_measure           L=32  B=512   m=1     inner=2550   min=     0.029 us/xform  median=     0.029  sd=  0.02%     28.03 GF/s  setup=0.010 s
fftw1d_measure           L=32  B=512   m=1     inner=2156   min=     0.025 us/xform  median=     0.025  sd=  0.01%     31.64 GF/s  setup=0.011 s
fftw1d_measure           L=32  B=512   m=1     inner=2824   min=     0.026 us/xform  median=     0.026  sd=  0.05%     30.50 GF/s  setup=0.009 s
fftw1d_measure           L=32  B=512   m=1     inner=2152   min=     0.029 us/xform  median=     0.029  sd=  0.03%     28.06 GF/s  setup=0.010 s
fftw1d_measure           L=32  B=512   m=1     inner=2072   min=     0.030 us/xform  median=     0.030  sd=  0.01%     26.60 GF/s  setup=0.011 s
fftw1d_measure           L=32  B=512   m=1     inner=2076   min=     0.025 us/xform  median=     0.025  sd=  0.04%     31.87 GF/s  setup=0.011 s
fftw1d_measure           L=32  B=512   m=1     inner=2212   min=     0.028 us/xform  median=     0.028  sd=  0.03%     28.34 GF/s  setup=0.010 s
fftw1d_measure           L=32  B=512   m=1     inner=2158   min=     0.029 us/xform  median=     0.029  sd=  0.04%     27.66 GF/s  setup=0.010 s
fftw1d_measure           L=32  B=512   m=1     inner=2480   min=     0.030 us/xform  median=     0.030  sd=  0.03%     26.43 GF/s  setup=0.009 s
fftw1d_patient           L=32  B=512   m=1     inner=2818   min=     0.025 us/xform  median=     0.025  sd=  0.04%     31.43 GF/s  setup=0.056 s
fftw1d_patient           L=32  B=512   m=1     inner=2492   min=     0.029 us/xform  median=     0.029  sd=  0.02%     27.57 GF/s  setup=0.063 s
fftw1d_patient           L=32  B=512   m=1     inner=2548   min=     0.030 us/xform  median=     0.030  sd=  0.01%     26.50 GF/s  setup=0.063 s
fftw1d_patient           L=32  B=512   m=1     inner=2856   min=     0.026 us/xform  median=     0.026  sd=  0.03%     31.30 GF/s  setup=0.061 s
fftw1d_patient           L=32  B=512   m=1     inner=2594   min=     0.029 us/xform  median=     0.029  sd=  0.02%     27.98 GF/s  setup=0.063 s
fftw1d_patient           L=32  B=512   m=1     inner=2864   min=     0.026 us/xform  median=     0.026  sd=  0.02%     31.13 GF/s  setup=0.065 s
fftw1d_patient           L=32  B=512   m=1     inner=2886   min=     0.025 us/xform  median=     0.025  sd=  0.02%     31.40 GF/s  setup=0.056 s
fftw1d_patient           L=32  B=512   m=1     inner=2556   min=     0.028 us/xform  median=     0.028  sd=  0.03%     28.38 GF/s  setup=0.064 s
fftw1d_patient           L=32  B=512   m=1     inner=2506   min=     0.029 us/xform  median=     0.029  sd=  0.01%     27.24 GF/s  setup=0.062 s
mkl1d_dfti               L=32  B=512   m=1     inner=2439   min=     0.015 us/xform  median=     0.015  sd=  1.22%     52.31 GF/s  setup=0.002 s
mkl1d_dfti               L=32  B=512   m=1     inner=3504   min=     0.017 us/xform  median=     0.017  sd=  0.01%     45.97 GF/s  setup=0.002 s
mkl1d_dfti               L=32  B=512   m=1     inner=4440   min=     0.017 us/xform  median=     0.017  sd=  0.02%     45.96 GF/s  setup=0.002 s
mkl1d_dfti               L=32  B=512   m=1     inner=3532   min=     0.015 us/xform  median=     0.015  sd=  0.02%     52.33 GF/s  setup=0.002 s
mkl1d_dfti               L=32  B=512   m=1     inner=5058   min=     0.015 us/xform  median=     0.015  sd=  0.00%     52.33 GF/s  setup=0.001 s
mkl1d_dfti               L=32  B=512   m=1     inner=3524   min=     0.017 us/xform  median=     0.017  sd=  0.01%     45.96 GF/s  setup=0.002 s
mkl1d_dfti               L=32  B=512   m=1     inner=4386   min=     0.017 us/xform  median=     0.017  sd=  0.02%     45.96 GF/s  setup=0.002 s
mkl1d_dfti               L=32  B=512   m=1     inner=3514   min=     0.017 us/xform  median=     0.017  sd=  0.01%     45.97 GF/s  setup=0.002 s
mkl1d_dfti               L=32  B=512   m=1     inner=3680   min=     0.015 us/xform  median=     0.015  sd=  0.01%     52.34 GF/s  setup=0.002 s
baseline_dft             L=60  B=512   m=1     inner=10     min=     7.457 us/xform  median=     7.458  sd=  0.02%      0.24 GF/s  setup=0.000 s
baseline_dft             L=60  B=512   m=1     inner=10     min=     7.457 us/xform  median=     7.458  sd=  0.01%      0.24 GF/s  setup=0.000 s
baseline_dft             L=60  B=512   m=1     inner=10     min=     7.459 us/xform  median=     7.460  sd=  0.01%      0.24 GF/s  setup=0.000 s
baseline_dft             L=60  B=512   m=1     inner=10     min=     7.459 us/xform  median=     7.459  sd=  0.00%      0.24 GF/s  setup=0.000 s
baseline_dft             L=60  B=512   m=1     inner=10     min=     7.459 us/xform  median=     7.467  sd=  1.07%      0.24 GF/s  setup=0.000 s
baseline_dft             L=60  B=512   m=1     inner=10     min=     7.459 us/xform  median=     7.460  sd=  0.01%      0.24 GF/s  setup=0.000 s
baseline_dft             L=60  B=512   m=1     inner=10     min=     7.459 us/xform  median=     7.460  sd=  0.01%      0.24 GF/s  setup=0.000 s
baseline_dft             L=60  B=512   m=1     inner=10     min=     7.458 us/xform  median=     7.459  sd=  0.01%      0.24 GF/s  setup=0.000 s
baseline_dft             L=60  B=512   m=1     inner=10     min=     7.459 us/xform  median=     7.612  sd=  1.03%      0.24 GF/s  setup=0.000 s
d1_batchlane             L=60  B=512   m=1     inner=682    min=     0.112 us/xform  median=     0.112  sd=  0.05%     15.85 GF/s  setup=0.000 s
d1_batchlane             L=60  B=512   m=1     inner=640    min=     0.096 us/xform  median=     0.096  sd=  0.05%     18.44 GF/s  setup=0.000 s
d1_batchlane             L=60  B=512   m=1     inner=566    min=     0.104 us/xform  median=     0.104  sd=  0.07%     17.04 GF/s  setup=0.000 s
d1_batchlane             L=60  B=512   m=1     inner=522    min=     0.094 us/xform  median=     0.094  sd=  0.06%     18.86 GF/s  setup=0.000 s
d1_batchlane             L=60  B=512   m=1     inner=614    min=     0.102 us/xform  median=     0.102  sd=  0.05%     17.38 GF/s  setup=0.000 s
d1_batchlane             L=60  B=512   m=1     inner=604    min=     0.103 us/xform  median=     0.103  sd=  0.10%     17.16 GF/s  setup=0.000 s
d1_batchlane             L=60  B=512   m=1     inner=600    min=     0.105 us/xform  median=     0.106  sd=  0.08%     16.80 GF/s  setup=0.000 s
d1_batchlane             L=60  B=512   m=1     inner=600    min=     0.104 us/xform  median=     0.104  sd=  0.07%     17.05 GF/s  setup=0.000 s
d1_batchlane             L=60  B=512   m=1     inner=430    min=     0.145 us/xform  median=     0.145  sd=  0.07%     12.19 GF/s  setup=0.000 s
d1_bluestein             L=60  B=512   m=1     inner=372    min=     0.206 us/xform  median=     0.206  sd=  0.10%      8.62 GF/s  setup=0.000 s
d1_bluestein             L=60  B=512   m=1     inner=292    min=     0.211 us/xform  median=     0.211  sd=  0.07%      8.41 GF/s  setup=0.000 s
d1_bluestein             L=60  B=512   m=1     inner=294    min=     0.207 us/xform  median=     0.207  sd=  0.11%      8.56 GF/s  setup=0.000 s
d1_bluestein             L=60  B=512   m=1     inner=364    min=     0.214 us/xform  median=     0.214  sd=  0.10%      8.30 GF/s  setup=0.000 s
d1_bluestein             L=60  B=512   m=1     inner=296    min=     0.209 us/xform  median=     0.209  sd=  0.10%      8.48 GF/s  setup=0.000 s
d1_bluestein             L=60  B=512   m=1     inner=290    min=     0.212 us/xform  median=     0.213  sd=  0.12%      8.35 GF/s  setup=0.000 s
d1_bluestein             L=60  B=512   m=1     inner=282    min=     0.206 us/xform  median=     0.206  sd=  0.10%      8.62 GF/s  setup=0.000 s
d1_bluestein             L=60  B=512   m=1     inner=280    min=     0.212 us/xform  median=     0.212  sd=  0.11%      8.37 GF/s  setup=0.000 s
d1_bluestein             L=60  B=512   m=1     inner=184    min=     0.211 us/xform  median=     0.211  sd=  0.16%      8.42 GF/s  setup=0.000 s
d1_composite             L=60  B=512   m=1     inner=946    min=     0.081 us/xform  median=     0.081  sd=  0.12%     21.82 GF/s  setup=0.000 s
d1_composite             L=60  B=512   m=1     inner=726    min=     0.089 us/xform  median=     0.090  sd=  0.14%     19.81 GF/s  setup=0.000 s
d1_composite             L=60  B=512   m=1     inner=716    min=     0.085 us/xform  median=     0.085  sd=  0.22%     20.93 GF/s  setup=0.000 s
d1_composite             L=60  B=512   m=1     inner=888    min=     0.087 us/xform  median=     0.087  sd=  0.21%     20.43 GF/s  setup=0.000 s
d1_composite             L=60  B=512   m=1     inner=874    min=     0.089 us/xform  median=     0.089  sd=  0.07%     20.02 GF/s  setup=0.000 s
d1_composite             L=60  B=512   m=1     inner=758    min=     0.084 us/xform  median=     0.084  sd=  0.23%     21.08 GF/s  setup=0.000 s
d1_composite             L=60  B=512   m=1     inner=706    min=     0.088 us/xform  median=     0.088  sd=  0.34%     20.23 GF/s  setup=0.000 s
d1_composite             L=60  B=512   m=1     inner=786    min=     0.076 us/xform  median=     0.076  sd=  0.18%     23.33 GF/s  setup=0.000 s
d1_composite             L=60  B=512   m=1     inner=750    min=     0.086 us/xform  median=     0.086  sd=  0.21%     20.65 GF/s  setup=0.000 s
d1_planner               L=60  B=512   m=1     inner=200    min=     0.295 us/xform  median=     0.295  sd=  0.09%      6.01 GF/s  setup=0.000 s
d1_planner               L=60  B=512   m=1     inner=196    min=     0.301 us/xform  median=     0.301  sd=  0.11%      5.89 GF/s  setup=0.000 s
d1_planner               L=60  B=512   m=1     inner=194    min=     0.305 us/xform  median=     0.306  sd=  0.10%      5.80 GF/s  setup=0.000 s
d1_planner               L=60  B=512   m=1     inner=202    min=     0.307 us/xform  median=     0.308  sd=  0.07%      5.77 GF/s  setup=0.000 s
d1_planner               L=60  B=512   m=1     inner=252    min=     0.308 us/xform  median=     0.308  sd=  0.05%      5.75 GF/s  setup=0.000 s
d1_planner               L=60  B=512   m=1     inner=204    min=     0.303 us/xform  median=     0.304  sd=  0.08%      5.85 GF/s  setup=0.000 s
d1_planner               L=60  B=512   m=1     inner=258    min=     0.301 us/xform  median=     0.301  sd=  0.06%      5.89 GF/s  setup=0.000 s
d1_planner               L=60  B=512   m=1     inner=258    min=     0.300 us/xform  median=     0.300  sd=  0.04%      5.91 GF/s  setup=0.000 s
d1_planner               L=60  B=512   m=1     inner=198    min=     0.297 us/xform  median=     0.297  sd=  0.06%      5.97 GF/s  setup=0.000 s
d1_race                  L=60  B=512   m=1     inner=1082   min=     0.062 us/xform  median=     0.071  sd=  5.67%     28.45 GF/s  setup=0.740 s
d1_race                  L=60  B=512   m=1     inner=854    min=     0.072 us/xform  median=     0.072  sd=  0.43%     24.67 GF/s  setup=0.005 s
d1_race                  L=60  B=512   m=1     inner=868    min=     0.071 us/xform  median=     0.071  sd=  0.28%     24.83 GF/s  setup=0.007 s
d1_race                  L=60  B=512   m=1     inner=439    min=     0.071 us/xform  median=     0.072  sd=  1.69%     24.92 GF/s  setup=0.008 s
d1_race                  L=60  B=512   m=1     inner=842    min=     0.076 us/xform  median=     0.076  sd=  0.14%     23.43 GF/s  setup=0.008 s
d1_race                  L=60  B=512   m=1     inner=858    min=     0.071 us/xform  median=     0.072  sd=  0.16%     24.82 GF/s  setup=0.008 s
d1_race                  L=60  B=512   m=1     inner=762    min=     0.083 us/xform  median=     0.083  sd=  0.13%     21.32 GF/s  setup=0.007 s
d1_race                  L=60  B=512   m=1     inner=792    min=     0.079 us/xform  median=     0.079  sd=  0.24%     22.40 GF/s  setup=0.006 s
d1_race                  L=60  B=512   m=1     inner=518    min=     0.076 us/xform  median=     0.076  sd=  0.18%     23.42 GF/s  setup=0.006 s
d1_twiddle               L=60  B=512   m=1     inner=296    min=     0.236 us/xform  median=     0.237  sd=  0.30%      7.51 GF/s  setup=0.000 s
d1_twiddle               L=60  B=512   m=1     inner=260    min=     0.235 us/xform  median=     0.236  sd=  0.22%      7.54 GF/s  setup=0.000 s
d1_twiddle               L=60  B=512   m=1     inner=165    min=     0.236 us/xform  median=     0.237  sd=  0.23%      7.50 GF/s  setup=0.000 s
d1_twiddle               L=60  B=512   m=1     inner=254    min=     0.239 us/xform  median=     0.240  sd=  0.14%      7.41 GF/s  setup=0.000 s
d1_twiddle               L=60  B=512   m=1     inner=264    min=     0.235 us/xform  median=     0.236  sd=  0.20%      7.53 GF/s  setup=0.000 s
d1_twiddle               L=60  B=512   m=1     inner=264    min=     0.234 us/xform  median=     0.235  sd=  0.27%      7.57 GF/s  setup=0.000 s
d1_twiddle               L=60  B=512   m=1     inner=268    min=     0.233 us/xform  median=     0.233  sd=  0.35%      7.62 GF/s  setup=0.000 s
d1_twiddle               L=60  B=512   m=1     inner=248    min=     0.237 us/xform  median=     0.238  sd=  0.27%      7.48 GF/s  setup=0.000 s
d1_twiddle               L=60  B=512   m=1     inner=262    min=     0.236 us/xform  median=     0.237  sd=  0.18%      7.52 GF/s  setup=0.000 s
fftw1d_custom            L=60  B=512   m=1     inner=200    min=     0.378 us/xform  median=     0.379  sd=  0.05%      4.68 GF/s  setup=0.000 s
fftw1d_custom            L=60  B=512   m=1     inner=178    min=     0.368 us/xform  median=     0.368  sd=  0.05%      4.82 GF/s  setup=0.000 s
fftw1d_custom            L=60  B=512   m=1     inner=214    min=     0.362 us/xform  median=     0.362  sd=  0.04%      4.90 GF/s  setup=0.000 s
fftw1d_custom            L=60  B=512   m=1     inner=178    min=     0.376 us/xform  median=     0.376  sd=  0.07%      4.72 GF/s  setup=0.000 s
fftw1d_custom            L=60  B=512   m=1     inner=206    min=     0.375 us/xform  median=     0.376  sd=  0.03%      4.72 GF/s  setup=0.000 s
fftw1d_custom            L=60  B=512   m=1     inner=184    min=     0.364 us/xform  median=     0.364  sd=  0.05%      4.87 GF/s  setup=0.000 s
fftw1d_custom            L=60  B=512   m=1     inner=178    min=     0.380 us/xform  median=     0.380  sd=  0.03%      4.67 GF/s  setup=0.000 s
fftw1d_custom            L=60  B=512   m=1     inner=180    min=     0.308 us/xform  median=     0.309  sd=  0.23%      5.75 GF/s  setup=0.000 s
fftw1d_custom            L=60  B=512   m=1     inner=244    min=     0.310 us/xform  median=     0.310  sd=  0.04%      5.71 GF/s  setup=0.000 s
fftw1d_custom_soa        L=60  B=512   m=1     inner=238    min=     0.221 us/xform  median=     0.221  sd=  2.72%      8.03 GF/s  setup=0.000 s
fftw1d_custom_soa        L=60  B=512   m=1     inner=284    min=     0.215 us/xform  median=     0.215  sd=  0.02%      8.25 GF/s  setup=0.000 s
fftw1d_custom_soa        L=60  B=512   m=1     inner=360    min=     0.216 us/xform  median=     0.216  sd=  0.02%      8.21 GF/s  setup=0.000 s
fftw1d_custom_soa        L=60  B=512   m=1     inner=292    min=     0.228 us/xform  median=     0.229  sd=  0.04%      7.76 GF/s  setup=0.000 s
fftw1d_custom_soa        L=60  B=512   m=1     inner=278    min=     0.236 us/xform  median=     0.258  sd=  3.37%      7.51 GF/s  setup=0.000 s
fftw1d_custom_soa        L=60  B=512   m=1     inner=254    min=     0.217 us/xform  median=     0.217  sd=  1.85%      8.16 GF/s  setup=0.000 s
fftw1d_custom_soa        L=60  B=512   m=1     inner=278    min=     0.238 us/xform  median=     0.247  sd=  1.52%      7.46 GF/s  setup=0.000 s
fftw1d_custom_soa        L=60  B=512   m=1     inner=248    min=     0.219 us/xform  median=     0.219  sd=  0.89%      8.09 GF/s  setup=0.000 s
fftw1d_custom_soa        L=60  B=512   m=1     inner=175    min=     0.218 us/xform  median=     0.218  sd=  0.21%      8.14 GF/s  setup=0.000 s
fftw1d_estimate          L=60  B=512   m=1     inner=680    min=     0.107 us/xform  median=     0.107  sd=  0.09%     16.60 GF/s  setup=0.001 s
fftw1d_estimate          L=60  B=512   m=1     inner=586    min=     0.102 us/xform  median=     0.102  sd=  0.07%     17.46 GF/s  setup=0.001 s
fftw1d_estimate          L=60  B=512   m=1     inner=786    min=     0.099 us/xform  median=     0.099  sd=  0.12%     17.88 GF/s  setup=0.001 s
fftw1d_estimate          L=60  B=512   m=1     inner=566    min=     0.102 us/xform  median=     0.102  sd=  0.12%     17.36 GF/s  setup=0.001 s
fftw1d_estimate          L=60  B=512   m=1     inner=624    min=     0.099 us/xform  median=     0.100  sd=  0.08%     17.83 GF/s  setup=0.001 s
fftw1d_estimate          L=60  B=512   m=1     inner=572    min=     0.113 us/xform  median=     0.113  sd=  0.10%     15.66 GF/s  setup=0.001 s
fftw1d_estimate          L=60  B=512   m=1     inner=588    min=     0.101 us/xform  median=     0.101  sd=  0.12%     17.55 GF/s  setup=0.001 s
fftw1d_estimate          L=60  B=512   m=1     inner=394    min=     0.099 us/xform  median=     0.099  sd=  0.15%     17.97 GF/s  setup=0.001 s
fftw1d_estimate          L=60  B=512   m=1     inner=390    min=     0.100 us/xform  median=     0.100  sd=  0.18%     17.75 GF/s  setup=0.001 s
fftw1d_measure           L=60  B=512   m=1     inner=952    min=     0.078 us/xform  median=     0.078  sd=  0.06%     22.71 GF/s  setup=0.047 s
fftw1d_measure           L=60  B=512   m=1     inner=696    min=     0.105 us/xform  median=     0.105  sd=  0.12%     16.87 GF/s  setup=0.047 s
fftw1d_measure           L=60  B=512   m=1     inner=406    min=     0.096 us/xform  median=     0.096  sd=  0.05%     18.41 GF/s  setup=0.046 s
fftw1d_measure           L=60  B=512   m=1     inner=742    min=     0.102 us/xform  median=     0.103  sd=  0.26%     17.34 GF/s  setup=0.047 s
fftw1d_measure           L=60  B=512   m=1     inner=970    min=     0.080 us/xform  median=     0.080  sd=  0.05%     22.19 GF/s  setup=0.046 s
fftw1d_measure           L=60  B=512   m=1     inner=774    min=     0.100 us/xform  median=     0.100  sd=  0.12%     17.67 GF/s  setup=0.047 s
fftw1d_measure           L=60  B=512   m=1     inner=351    min=     0.111 us/xform  median=     0.111  sd=  0.17%     15.95 GF/s  setup=0.046 s
fftw1d_measure           L=60  B=512   m=1     inner=726    min=     0.105 us/xform  median=     0.106  sd=  0.03%     16.80 GF/s  setup=0.046 s
fftw1d_measure           L=60  B=512   m=1     inner=976    min=     0.079 us/xform  median=     0.079  sd=  0.04%     22.42 GF/s  setup=0.046 s
fftw1d_patient           L=60  B=512   m=1     inner=902    min=     0.085 us/xform  median=     0.085  sd=  0.06%     20.81 GF/s  setup=0.439 s
fftw1d_patient           L=60  B=512   m=1     inner=1090   min=     0.070 us/xform  median=     0.070  sd=  0.05%     25.40 GF/s  setup=0.443 s
fftw1d_patient           L=60  B=512   m=1     inner=1192   min=     0.065 us/xform  median=     0.065  sd=  0.03%     27.10 GF/s  setup=0.383 s
fftw1d_patient           L=60  B=512   m=1     inner=998    min=     0.076 us/xform  median=     0.077  sd=  0.28%     23.18 GF/s  setup=0.444 s
fftw1d_patient           L=60  B=512   m=1     inner=906    min=     0.067 us/xform  median=     0.067  sd=  5.13%     26.57 GF/s  setup=0.435 s
fftw1d_patient           L=60  B=512   m=1     inner=922    min=     0.083 us/xform  median=     0.083  sd=  0.03%     21.40 GF/s  setup=0.437 s
fftw1d_patient           L=60  B=512   m=1     inner=1028   min=     0.070 us/xform  median=     0.070  sd=  0.39%     25.31 GF/s  setup=0.441 s
fftw1d_patient           L=60  B=512   m=1     inner=1156   min=     0.067 us/xform  median=     0.067  sd=  0.02%     26.36 GF/s  setup=0.403 s
fftw1d_patient           L=60  B=512   m=1     inner=1158   min=     0.067 us/xform  median=     0.067  sd=  0.04%     26.42 GF/s  setup=0.403 s
mkl1d_dfti               L=60  B=512   m=1     inner=1500   min=     0.050 us/xform  median=     0.050  sd=  0.68%     35.78 GF/s  setup=0.002 s
mkl1d_dfti               L=60  B=512   m=1     inner=1198   min=     0.044 us/xform  median=     0.044  sd=  0.47%     40.47 GF/s  setup=0.002 s
mkl1d_dfti               L=60  B=512   m=1     inner=1264   min=     0.052 us/xform  median=     0.060  sd=  4.84%     33.99 GF/s  setup=0.001 s
mkl1d_dfti               L=60  B=512   m=1     inner=1200   min=     0.044 us/xform  median=     0.044  sd=  0.27%     40.71 GF/s  setup=0.002 s
mkl1d_dfti               L=60  B=512   m=1     inner=1162   min=     0.052 us/xform  median=     0.057  sd=  3.37%     34.05 GF/s  setup=0.002 s
mkl1d_dfti               L=60  B=512   m=1     inner=706    min=     0.055 us/xform  median=     0.055  sd=  0.06%     32.03 GF/s  setup=0.001 s
mkl1d_dfti               L=60  B=512   m=1     inner=934    min=     0.052 us/xform  median=     0.052  sd=  0.08%     34.22 GF/s  setup=0.001 s
mkl1d_dfti               L=60  B=512   m=1     inner=1412   min=     0.054 us/xform  median=     0.054  sd=  0.03%     32.64 GF/s  setup=0.001 s
mkl1d_dfti               L=60  B=512   m=1     inner=1396   min=     0.044 us/xform  median=     0.047  sd= 10.66%     40.06 GF/s  setup=0.001 s
baseline_dft             L=64  B=512   m=1     inner=10     min=     7.030 us/xform  median=     7.030  sd=  0.00%      0.27 GF/s  setup=0.000 s
baseline_dft             L=64  B=512   m=1     inner=10     min=     7.029 us/xform  median=     7.029  sd=  0.00%      0.27 GF/s  setup=0.000 s
baseline_dft             L=64  B=512   m=1     inner=10     min=     7.029 us/xform  median=     7.029  sd=  0.01%      0.27 GF/s  setup=0.000 s
baseline_dft             L=64  B=512   m=1     inner=8      min=     7.029 us/xform  median=     7.030  sd=  0.27%      0.27 GF/s  setup=0.000 s
baseline_dft             L=64  B=512   m=1     inner=8      min=     7.029 us/xform  median=     7.029  sd=  0.00%      0.27 GF/s  setup=0.000 s
baseline_dft             L=64  B=512   m=1     inner=10     min=     7.029 us/xform  median=     7.030  sd=  0.01%      0.27 GF/s  setup=0.000 s
baseline_dft             L=64  B=512   m=1     inner=10     min=     7.029 us/xform  median=     7.030  sd=  0.02%      0.27 GF/s  setup=0.000 s
baseline_dft             L=64  B=512   m=1     inner=10     min=     7.029 us/xform  median=     7.030  sd=  0.01%      0.27 GF/s  setup=0.000 s
baseline_dft             L=64  B=512   m=1     inner=10     min=     7.029 us/xform  median=     7.029  sd=  0.00%      0.27 GF/s  setup=0.000 s
d1_batchlane             L=64  B=512   m=1     inner=990    min=     0.072 us/xform  median=     0.072  sd=  0.50%     26.60 GF/s  setup=0.000 s
d1_batchlane             L=64  B=512   m=1     inner=1012   min=     0.075 us/xform  median=     0.075  sd=  0.12%     25.72 GF/s  setup=0.000 s
d1_batchlane             L=64  B=512   m=1     inner=1024   min=     0.074 us/xform  median=     0.074  sd=  0.06%     26.07 GF/s  setup=0.000 s
d1_batchlane             L=64  B=512   m=1     inner=998    min=     0.075 us/xform  median=     0.075  sd=  0.03%     25.52 GF/s  setup=0.000 s
d1_batchlane             L=64  B=512   m=1     inner=1042   min=     0.073 us/xform  median=     0.073  sd=  0.06%     26.26 GF/s  setup=0.000 s
d1_batchlane             L=64  B=512   m=1     inner=796    min=     0.069 us/xform  median=     0.069  sd=  0.06%     27.97 GF/s  setup=0.000 s
d1_batchlane             L=64  B=512   m=1     inner=522    min=     0.075 us/xform  median=     0.075  sd=  1.28%     25.68 GF/s  setup=0.000 s
d1_batchlane             L=64  B=512   m=1     inner=756    min=     0.070 us/xform  median=     0.070  sd=  0.08%     27.58 GF/s  setup=0.000 s
d1_batchlane             L=64  B=512   m=1     inner=534    min=     0.082 us/xform  median=     0.092  sd=  5.11%     23.46 GF/s  setup=0.000 s
d1_bluestein             L=64  B=512   m=1     inner=440    min=     0.175 us/xform  median=     0.177  sd=  0.34%     10.94 GF/s  setup=0.000 s
d1_bluestein             L=64  B=512   m=1     inner=332    min=     0.186 us/xform  median=     0.186  sd=  0.29%     10.32 GF/s  setup=0.000 s
d1_bluestein             L=64  B=512   m=1     inner=330    min=     0.177 us/xform  median=     0.177  sd=  0.10%     10.87 GF/s  setup=0.000 s
d1_bluestein             L=64  B=512   m=1     inner=336    min=     0.152 us/xform  median=     0.152  sd=  0.53%     12.66 GF/s  setup=0.000 s
d1_bluestein             L=64  B=512   m=1     inner=352    min=     0.154 us/xform  median=     0.154  sd=  0.05%     12.44 GF/s  setup=0.000 s
d1_bluestein             L=64  B=512   m=1     inner=354    min=     0.174 us/xform  median=     0.177  sd=  0.46%     11.00 GF/s  setup=0.000 s
d1_bluestein             L=64  B=512   m=1     inner=344    min=     0.181 us/xform  median=     0.181  sd=  0.08%     10.61 GF/s  setup=0.000 s
d1_bluestein             L=64  B=512   m=1     inner=418    min=     0.185 us/xform  median=     0.185  sd=  0.09%     10.37 GF/s  setup=0.000 s
d1_bluestein             L=64  B=512   m=1     inner=340    min=     0.175 us/xform  median=     0.175  sd=  0.07%     10.96 GF/s  setup=0.000 s
d1_planner               L=64  B=512   m=1     inner=460    min=     0.167 us/xform  median=     0.172  sd=  1.35%     11.52 GF/s  setup=0.000 s
d1_planner               L=64  B=512   m=1     inner=336    min=     0.150 us/xform  median=     0.151  sd=  1.25%     12.78 GF/s  setup=0.000 s
d1_planner               L=64  B=512   m=1     inner=352    min=     0.166 us/xform  median=     0.170  sd=  1.13%     11.60 GF/s  setup=0.000 s
d1_planner               L=64  B=512   m=1     inner=358    min=     0.145 us/xform  median=     0.145  sd=  0.49%     13.26 GF/s  setup=0.000 s
d1_planner               L=64  B=512   m=1     inner=352    min=     0.148 us/xform  median=     0.148  sd=  0.08%     12.95 GF/s  setup=0.000 s
d1_planner               L=64  B=512   m=1     inner=518    min=     0.149 us/xform  median=     0.149  sd=  0.14%     12.89 GF/s  setup=0.000 s
d1_planner               L=64  B=512   m=1     inner=518    min=     0.148 us/xform  median=     0.148  sd=  0.11%     13.01 GF/s  setup=0.000 s
d1_planner               L=64  B=512   m=1     inner=522    min=     0.148 us/xform  median=     0.149  sd=  0.06%     12.95 GF/s  setup=0.000 s
d1_planner               L=64  B=512   m=1     inner=522    min=     0.148 us/xform  median=     0.148  sd=  0.09%     12.98 GF/s  setup=0.000 s
d1_pow2                  L=64  B=512   m=1     inner=937    min=     0.040 us/xform  median=     0.040  sd=  2.37%     47.48 GF/s  setup=0.000 s
d1_pow2                  L=64  B=512   m=1     inner=1458   min=     0.042 us/xform  median=     0.043  sd=  1.07%     45.41 GF/s  setup=0.000 s
d1_pow2                  L=64  B=512   m=1     inner=1124   min=     0.040 us/xform  median=     0.040  sd=  3.71%     48.32 GF/s  setup=0.000 s
d1_pow2                  L=64  B=512   m=1     inner=1460   min=     0.043 us/xform  median=     0.044  sd=  1.48%     45.12 GF/s  setup=0.000 s
d1_pow2                  L=64  B=512   m=1     inner=1378   min=     0.045 us/xform  median=     0.045  sd=  0.08%     42.41 GF/s  setup=0.000 s
d1_pow2                  L=64  B=512   m=1     inner=1460   min=     0.037 us/xform  median=     0.037  sd=  0.14%     52.18 GF/s  setup=0.000 s
d1_pow2                  L=64  B=512   m=1     inner=2036   min=     0.037 us/xform  median=     0.037  sd=  0.07%     52.04 GF/s  setup=0.000 s
d1_pow2                  L=64  B=512   m=1     inner=2092   min=     0.037 us/xform  median=     0.037  sd=  0.11%     51.86 GF/s  setup=0.000 s
d1_pow2                  L=64  B=512   m=1     inner=1456   min=     0.043 us/xform  median=     0.045  sd=  2.29%     44.85 GF/s  setup=0.000 s
d1_race                  L=64  B=512   m=1     inner=1560   min=     0.048 us/xform  median=     0.048  sd=  0.08%     40.19 GF/s  setup=0.667 s
d1_race                  L=64  B=512   m=1     inner=1364   min=     0.045 us/xform  median=     0.045  sd=  0.09%     43.06 GF/s  setup=0.007 s
d1_race                  L=64  B=512   m=1     inner=1408   min=     0.043 us/xform  median=     0.043  sd=  0.06%     44.69 GF/s  setup=0.005 s
d1_race                  L=64  B=512   m=1     inner=1676   min=     0.045 us/xform  median=     0.045  sd=  0.09%     42.38 GF/s  setup=0.006 s
d1_race                  L=64  B=512   m=1     inner=1614   min=     0.047 us/xform  median=     0.047  sd=  0.06%     40.57 GF/s  setup=0.005 s
d1_race                  L=64  B=512   m=1     inner=1384   min=     0.042 us/xform  median=     0.043  sd=  0.09%     45.18 GF/s  setup=0.006 s
d1_race                  L=64  B=512   m=1     inner=1330   min=     0.048 us/xform  median=     0.048  sd=  0.08%     40.14 GF/s  setup=0.007 s
d1_race                  L=64  B=512   m=1     inner=1664   min=     0.046 us/xform  median=     0.046  sd=  0.06%     41.48 GF/s  setup=0.006 s
d1_race                  L=64  B=512   m=1     inner=1256   min=     0.052 us/xform  median=     0.052  sd=  0.08%     36.72 GF/s  setup=0.007 s
d1_twiddle               L=64  B=512   m=1     inner=203    min=     0.191 us/xform  median=     0.192  sd=  0.29%     10.06 GF/s  setup=0.000 s
d1_twiddle               L=64  B=512   m=1     inner=320    min=     0.193 us/xform  median=     0.194  sd=  0.28%      9.95 GF/s  setup=0.000 s
d1_twiddle               L=64  B=512   m=1     inner=320    min=     0.190 us/xform  median=     0.191  sd=  0.19%     10.08 GF/s  setup=0.000 s
d1_twiddle               L=64  B=512   m=1     inner=318    min=     0.195 us/xform  median=     0.196  sd=  0.14%      9.83 GF/s  setup=0.000 s
d1_twiddle               L=64  B=512   m=1     inner=326    min=     0.191 us/xform  median=     0.192  sd=  0.32%     10.05 GF/s  setup=0.000 s
d1_twiddle               L=64  B=512   m=1     inner=402    min=     0.192 us/xform  median=     0.193  sd=  0.15%      9.98 GF/s  setup=0.000 s
d1_twiddle               L=64  B=512   m=1     inner=324    min=     0.191 us/xform  median=     0.192  sd=  0.23%     10.07 GF/s  setup=0.000 s
d1_twiddle               L=64  B=512   m=1     inner=314    min=     0.189 us/xform  median=     0.189  sd=  0.23%     10.18 GF/s  setup=0.000 s
d1_twiddle               L=64  B=512   m=1     inner=324    min=     0.192 us/xform  median=     0.192  sd=  0.20%     10.01 GF/s  setup=0.000 s
fftw1d_custom            L=64  B=512   m=1     inner=188    min=     0.382 us/xform  median=     0.383  sd=  0.06%      5.02 GF/s  setup=0.000 s
fftw1d_custom            L=64  B=512   m=1     inner=144    min=     0.321 us/xform  median=     0.321  sd=  4.09%      5.98 GF/s  setup=0.000 s
fftw1d_custom            L=64  B=512   m=1     inner=204    min=     0.352 us/xform  median=     0.381  sd=  2.19%      5.45 GF/s  setup=0.000 s
fftw1d_custom            L=64  B=512   m=1     inner=194    min=     0.378 us/xform  median=     0.378  sd=  0.43%      5.08 GF/s  setup=0.000 s
fftw1d_custom            L=64  B=512   m=1     inner=192    min=     0.383 us/xform  median=     0.383  sd=  0.04%      5.02 GF/s  setup=0.000 s
fftw1d_custom            L=64  B=512   m=1     inner=192    min=     0.259 us/xform  median=     0.260  sd= 13.83%      7.43 GF/s  setup=0.000 s
fftw1d_custom            L=64  B=512   m=1     inner=151    min=     0.257 us/xform  median=     0.257  sd=  0.36%      7.48 GF/s  setup=0.000 s
fftw1d_custom            L=64  B=512   m=1     inner=198    min=     0.326 us/xform  median=     0.328  sd=  0.19%      5.89 GF/s  setup=0.000 s
fftw1d_custom            L=64  B=512   m=1     inner=236    min=     0.329 us/xform  median=     0.329  sd=  0.04%      5.84 GF/s  setup=0.000 s
fftw1d_custom_soa        L=64  B=512   m=1     inner=304    min=     0.237 us/xform  median=     0.237  sd=  0.04%      8.11 GF/s  setup=0.000 s
fftw1d_custom_soa        L=64  B=512   m=1     inner=324    min=     0.239 us/xform  median=     0.239  sd=  0.02%      8.02 GF/s  setup=0.000 s
fftw1d_custom_soa        L=64  B=512   m=1     inner=238    min=     0.253 us/xform  median=     0.272  sd=  2.06%      7.60 GF/s  setup=0.000 s
fftw1d_custom_soa        L=64  B=512   m=1     inner=234    min=     0.238 us/xform  median=     0.238  sd=  1.03%      8.06 GF/s  setup=0.000 s
fftw1d_custom_soa        L=64  B=512   m=1     inner=258    min=     0.256 us/xform  median=     0.269  sd=  1.80%      7.51 GF/s  setup=0.000 s
fftw1d_custom_soa        L=64  B=512   m=1     inner=250    min=     0.238 us/xform  median=     0.238  sd=  0.67%      8.07 GF/s  setup=0.000 s
fftw1d_custom_soa        L=64  B=512   m=1     inner=260    min=     0.207 us/xform  median=     0.207  sd=  0.03%      9.26 GF/s  setup=0.000 s
fftw1d_custom_soa        L=64  B=512   m=1     inner=372    min=     0.208 us/xform  median=     0.208  sd=  0.02%      9.22 GF/s  setup=0.000 s
fftw1d_custom_soa        L=64  B=512   m=1     inner=372    min=     0.208 us/xform  median=     0.208  sd=  0.02%      9.23 GF/s  setup=0.000 s
fftw1d_estimate          L=64  B=512   m=1     inner=400    min=     0.194 us/xform  median=     0.194  sd=  0.08%      9.91 GF/s  setup=0.001 s
fftw1d_estimate          L=64  B=512   m=1     inner=274    min=     0.225 us/xform  median=     0.236  sd=  1.83%      8.54 GF/s  setup=0.001 s
fftw1d_estimate          L=64  B=512   m=1     inner=175    min=     0.222 us/xform  median=     0.222  sd=  0.08%      8.64 GF/s  setup=0.001 s
fftw1d_estimate          L=64  B=512   m=1     inner=328    min=     0.235 us/xform  median=     0.235  sd=  0.08%      8.18 GF/s  setup=0.001 s
fftw1d_estimate          L=64  B=512   m=1     inner=284    min=     0.190 us/xform  median=     0.190  sd=  0.05%     10.10 GF/s  setup=0.001 s
fftw1d_estimate          L=64  B=512   m=1     inner=398    min=     0.195 us/xform  median=     0.195  sd=  0.04%      9.83 GF/s  setup=0.000 s
fftw1d_estimate          L=64  B=512   m=1     inner=382    min=     0.191 us/xform  median=     0.191  sd=  0.08%     10.08 GF/s  setup=0.000 s
fftw1d_estimate          L=64  B=512   m=1     inner=266    min=     0.221 us/xform  median=     0.230  sd=  1.56%      8.67 GF/s  setup=0.001 s
fftw1d_estimate          L=64  B=512   m=1     inner=270    min=     0.229 us/xform  median=     0.229  sd=  0.06%      8.39 GF/s  setup=0.001 s
fftw1d_measure           L=64  B=512   m=1     inner=900    min=     0.082 us/xform  median=     0.091  sd=  3.41%     23.49 GF/s  setup=0.027 s
fftw1d_measure           L=64  B=512   m=1     inner=918    min=     0.083 us/xform  median=     0.083  sd=  0.10%     23.11 GF/s  setup=0.029 s
fftw1d_measure           L=64  B=512   m=1     inner=796    min=     0.091 us/xform  median=     0.091  sd=  0.06%     21.19 GF/s  setup=0.028 s
fftw1d_measure           L=64  B=512   m=1     inner=830    min=     0.092 us/xform  median=     0.092  sd=  0.04%     20.79 GF/s  setup=0.029 s
fftw1d_measure           L=64  B=512   m=1     inner=888    min=     0.087 us/xform  median=     0.087  sd=  0.10%     22.05 GF/s  setup=0.029 s
fftw1d_measure           L=64  B=512   m=1     inner=850    min=     0.089 us/xform  median=     0.089  sd=  0.45%     21.69 GF/s  setup=0.029 s
fftw1d_measure           L=64  B=512   m=1     inner=834    min=     0.091 us/xform  median=     0.091  sd=  0.06%     21.04 GF/s  setup=0.030 s
fftw1d_measure           L=64  B=512   m=1     inner=946    min=     0.075 us/xform  median=     0.076  sd=  0.05%     25.44 GF/s  setup=0.028 s
fftw1d_measure           L=64  B=512   m=1     inner=814    min=     0.095 us/xform  median=     0.095  sd=  0.08%     20.26 GF/s  setup=0.029 s
fftw1d_patient           L=64  B=512   m=1     inner=754    min=     0.095 us/xform  median=     0.095  sd=  0.06%     20.14 GF/s  setup=0.240 s
fftw1d_patient           L=64  B=512   m=1     inner=798    min=     0.076 us/xform  median=     0.077  sd=  0.09%     25.12 GF/s  setup=0.244 s
fftw1d_patient           L=64  B=512   m=1     inner=870    min=     0.086 us/xform  median=     0.086  sd=  0.04%     22.24 GF/s  setup=0.243 s
fftw1d_patient           L=64  B=512   m=1     inner=880    min=     0.077 us/xform  median=     0.077  sd=  0.13%     24.85 GF/s  setup=0.243 s
fftw1d_patient           L=64  B=512   m=1     inner=812    min=     0.090 us/xform  median=     0.090  sd=  0.08%     21.40 GF/s  setup=0.244 s
fftw1d_patient           L=64  B=512   m=1     inner=906    min=     0.064 us/xform  median=     0.069  sd=  9.48%     29.97 GF/s  setup=0.255 s
fftw1d_patient           L=64  B=512   m=1     inner=836    min=     0.091 us/xform  median=     0.091  sd=  0.13%     21.03 GF/s  setup=0.249 s
fftw1d_patient           L=64  B=512   m=1     inner=1078   min=     0.066 us/xform  median=     0.066  sd=  0.09%     28.93 GF/s  setup=0.217 s
fftw1d_patient           L=64  B=512   m=1     inner=942    min=     0.082 us/xform  median=     0.082  sd=  0.06%     23.43 GF/s  setup=0.246 s
mkl1d_dfti               L=64  B=512   m=1     inner=1576   min=     0.039 us/xform  median=     0.039  sd=  1.35%     48.99 GF/s  setup=0.001 s
mkl1d_dfti               L=64  B=512   m=1     inner=2068   min=     0.037 us/xform  median=     0.037  sd=  0.06%     51.73 GF/s  setup=0.001 s
mkl1d_dfti               L=64  B=512   m=1     inner=1986   min=     0.038 us/xform  median=     0.038  sd=  0.08%     51.11 GF/s  setup=0.001 s
mkl1d_dfti               L=64  B=512   m=1     inner=1382   min=     0.043 us/xform  median=     0.045  sd=  1.74%     44.77 GF/s  setup=0.002 s
mkl1d_dfti               L=64  B=512   m=1     inner=1128   min=     0.056 us/xform  median=     0.056  sd=  0.09%     34.58 GF/s  setup=0.002 s
mkl1d_dfti               L=64  B=512   m=1     inner=1566   min=     0.049 us/xform  median=     0.049  sd=  0.07%     39.56 GF/s  setup=0.001 s
mkl1d_dfti               L=64  B=512   m=1     inner=816    min=     0.048 us/xform  median=     0.048  sd=  0.10%     40.12 GF/s  setup=0.002 s
mkl1d_dfti               L=64  B=512   m=1     inner=1402   min=     0.045 us/xform  median=     0.045  sd=  0.06%     42.62 GF/s  setup=0.002 s
mkl1d_dfti               L=64  B=512   m=1     inner=1124   min=     0.058 us/xform  median=     0.058  sd=  0.40%     33.16 GF/s  setup=0.002 s
   skipping baseline_dft at L=128 B=512 (too expensive to be informative)
d1_batchlane             L=128 B=512   m=1     inner=131    min=     0.307 us/xform  median=     0.339  sd= 10.51%     14.57 GF/s  setup=0.000 s
d1_batchlane             L=128 B=512   m=1     inner=99     min=     0.394 us/xform  median=     0.394  sd=  0.11%     11.38 GF/s  setup=0.000 s
d1_batchlane             L=128 B=512   m=1     inner=140    min=     0.326 us/xform  median=     0.326  sd=  3.65%     13.74 GF/s  setup=0.000 s
d1_batchlane             L=128 B=512   m=1     inner=198    min=     0.269 us/xform  median=     0.269  sd=  0.10%     16.64 GF/s  setup=0.000 s
d1_batchlane             L=128 B=512   m=1     inner=210    min=     0.318 us/xform  median=     0.318  sd=  0.01%     14.08 GF/s  setup=0.000 s
d1_batchlane             L=128 B=512   m=1     inner=202    min=     0.319 us/xform  median=     0.319  sd=  0.46%     14.05 GF/s  setup=0.000 s
d1_batchlane             L=128 B=512   m=1     inner=242    min=     0.320 us/xform  median=     0.326  sd=  0.77%     14.00 GF/s  setup=0.000 s
d1_batchlane             L=128 B=512   m=1     inner=196    min=     0.381 us/xform  median=     0.416  sd=  2.40%     11.75 GF/s  setup=0.000 s
d1_batchlane             L=128 B=512   m=1     inner=162    min=     0.269 us/xform  median=     0.270  sd=  4.87%     16.63 GF/s  setup=0.000 s
d1_bluestein             L=128 B=512   m=1     inner=216    min=     0.346 us/xform  median=     0.347  sd=  0.12%     12.94 GF/s  setup=0.000 s
d1_bluestein             L=128 B=512   m=1     inner=154    min=     0.409 us/xform  median=     0.512  sd=  7.82%     10.95 GF/s  setup=0.000 s
d1_bluestein             L=128 B=512   m=1     inner=150    min=     0.515 us/xform  median=     0.516  sd=  0.12%      8.70 GF/s  setup=0.000 s
d1_bluestein             L=128 B=512   m=1     inner=144    min=     0.510 us/xform  median=     0.511  sd=  0.12%      8.78 GF/s  setup=0.000 s
d1_bluestein             L=128 B=512   m=1     inner=134    min=     0.346 us/xform  median=     0.348  sd=  3.26%     12.93 GF/s  setup=0.000 s
d1_bluestein             L=128 B=512   m=1     inner=160    min=     0.404 us/xform  median=     0.458  sd=  3.73%     11.09 GF/s  setup=0.000 s
d1_bluestein             L=128 B=512   m=1     inner=81     min=     0.464 us/xform  median=     0.465  sd=  1.35%      9.66 GF/s  setup=0.000 s
d1_bluestein             L=128 B=512   m=1     inner=138    min=     0.508 us/xform  median=     0.509  sd=  0.14%      8.83 GF/s  setup=0.000 s
d1_bluestein             L=128 B=512   m=1     inner=130    min=     0.462 us/xform  median=     0.463  sd=  0.29%      9.70 GF/s  setup=0.000 s
d1_planner               L=128 B=512   m=1     inner=96     min=     0.640 us/xform  median=     0.640  sd=  0.04%      7.00 GF/s  setup=0.000 s
d1_planner               L=128 B=512   m=1     inner=110    min=     0.614 us/xform  median=     0.615  sd=  0.03%      7.29 GF/s  setup=0.000 s
d1_planner               L=128 B=512   m=1     inner=96     min=     0.637 us/xform  median=     0.638  sd=  0.04%      7.03 GF/s  setup=0.000 s
d1_planner               L=128 B=512   m=1     inner=116    min=     0.638 us/xform  median=     0.638  sd=  0.03%      7.02 GF/s  setup=0.000 s
d1_planner               L=128 B=512   m=1     inner=114    min=     0.642 us/xform  median=     0.642  sd=  0.06%      6.98 GF/s  setup=0.000 s
d1_planner               L=128 B=512   m=1     inner=116    min=     0.463 us/xform  median=     0.640  sd= 11.10%      9.67 GF/s  setup=0.000 s
d1_planner               L=128 B=512   m=1     inner=114    min=     0.510 us/xform  median=     0.609  sd=  5.85%      8.78 GF/s  setup=0.000 s
d1_planner               L=128 B=512   m=1     inner=108    min=     0.601 us/xform  median=     0.602  sd=  0.09%      7.45 GF/s  setup=0.000 s
d1_planner               L=128 B=512   m=1     inner=104    min=     0.613 us/xform  median=     0.613  sd=  0.02%      7.31 GF/s  setup=0.000 s
d1_pow2                  L=128 B=512   m=1     inner=378    min=     0.178 us/xform  median=     0.179  sd=  0.79%     25.18 GF/s  setup=0.000 s
d1_pow2                  L=128 B=512   m=1     inner=320    min=     0.186 us/xform  median=     0.187  sd=  0.63%     24.13 GF/s  setup=0.000 s
d1_pow2                  L=128 B=512   m=1     inner=398    min=     0.180 us/xform  median=     0.180  sd=  0.07%     24.89 GF/s  setup=0.000 s
d1_pow2                  L=128 B=512   m=1     inner=426    min=     0.182 us/xform  median=     0.182  sd=  0.08%     24.63 GF/s  setup=0.000 s
d1_pow2                  L=128 B=512   m=1     inner=221    min=     0.163 us/xform  median=     0.177  sd=  4.23%     27.47 GF/s  setup=0.000 s
d1_pow2                  L=128 B=512   m=1     inner=374    min=     0.184 us/xform  median=     0.184  sd=  0.20%     24.40 GF/s  setup=0.000 s
d1_pow2                  L=128 B=512   m=1     inner=364    min=     0.185 us/xform  median=     0.186  sd=  0.09%     24.16 GF/s  setup=0.000 s
d1_pow2                  L=128 B=512   m=1     inner=322    min=     0.188 us/xform  median=     0.188  sd=  0.09%     23.85 GF/s  setup=0.000 s
d1_pow2                  L=128 B=512   m=1     inner=320    min=     0.179 us/xform  median=     0.179  sd=  0.06%     25.03 GF/s  setup=0.000 s
d1_race                  L=128 B=512   m=1     inner=256    min=     0.174 us/xform  median=     0.181  sd=  5.81%     25.75 GF/s  setup=0.778 s
d1_race                  L=128 B=512   m=1     inner=350    min=     0.179 us/xform  median=     0.179  sd=  0.13%     25.06 GF/s  setup=0.006 s
d1_race                  L=128 B=512   m=1     inner=354    min=     0.166 us/xform  median=     0.167  sd=  0.22%     26.92 GF/s  setup=0.005 s
d1_race                  L=128 B=512   m=1     inner=468    min=     0.165 us/xform  median=     0.165  sd=  0.07%     27.21 GF/s  setup=0.004 s
d1_race                  L=128 B=512   m=1     inner=454    min=     0.166 us/xform  median=     0.166  sd=  0.11%     27.06 GF/s  setup=0.004 s
d1_race                  L=128 B=512   m=1     inner=474    min=     0.162 us/xform  median=     0.162  sd=  0.07%     27.71 GF/s  setup=0.004 s
d1_race                  L=128 B=512   m=1     inner=350    min=     0.162 us/xform  median=     0.163  sd=  0.24%     27.66 GF/s  setup=0.005 s
d1_race                  L=128 B=512   m=1     inner=466    min=     0.163 us/xform  median=     0.163  sd=  0.14%     27.54 GF/s  setup=0.004 s
d1_race                  L=128 B=512   m=1     inner=456    min=     0.165 us/xform  median=     0.165  sd=  0.13%     27.17 GF/s  setup=0.004 s
d1_twiddle               L=128 B=512   m=1     inner=60     min=     0.661 us/xform  median=     0.746  sd=  7.28%      6.78 GF/s  setup=0.000 s
d1_twiddle               L=128 B=512   m=1     inner=86     min=     0.738 us/xform  median=     0.740  sd=  0.28%      6.07 GF/s  setup=0.000 s
d1_twiddle               L=128 B=512   m=1     inner=104    min=     0.732 us/xform  median=     0.734  sd=  0.19%      6.12 GF/s  setup=0.000 s
d1_twiddle               L=128 B=512   m=1     inner=86     min=     0.538 us/xform  median=     0.540  sd=  2.03%      8.33 GF/s  setup=0.000 s
d1_twiddle               L=128 B=512   m=1     inner=98     min=     0.655 us/xform  median=     0.733  sd=  3.90%      6.84 GF/s  setup=0.000 s
d1_twiddle               L=128 B=512   m=1     inner=106    min=     0.730 us/xform  median=     0.733  sd=  0.15%      6.13 GF/s  setup=0.000 s
d1_twiddle               L=128 B=512   m=1     inner=86     min=     0.538 us/xform  median=     0.541  sd=  2.15%      8.32 GF/s  setup=0.000 s
d1_twiddle               L=128 B=512   m=1     inner=98     min=     0.654 us/xform  median=     0.734  sd=  4.21%      6.85 GF/s  setup=0.000 s
d1_twiddle               L=128 B=512   m=1     inner=54     min=     0.731 us/xform  median=     0.732  sd=  0.18%      6.13 GF/s  setup=0.000 s
fftw1d_custom            L=128 B=512   m=1     inner=88     min=     0.874 us/xform  median=     0.876  sd=  0.10%      5.13 GF/s  setup=0.000 s
fftw1d_custom            L=128 B=512   m=1     inner=86     min=     0.874 us/xform  median=     0.875  sd=  0.07%      5.13 GF/s  setup=0.000 s
fftw1d_custom            L=128 B=512   m=1     inner=74     min=     0.927 us/xform  median=     1.035  sd=  3.12%      4.83 GF/s  setup=0.000 s
fftw1d_custom            L=128 B=512   m=1     inner=54     min=     0.887 us/xform  median=     0.888  sd=  4.90%      5.05 GF/s  setup=0.000 s
fftw1d_custom            L=128 B=512   m=1     inner=86     min=     0.873 us/xform  median=     0.874  sd=  0.50%      5.13 GF/s  setup=0.000 s
fftw1d_custom            L=128 B=512   m=1     inner=70     min=     0.901 us/xform  median=     0.911  sd=  0.32%      4.97 GF/s  setup=0.000 s
fftw1d_custom            L=128 B=512   m=1     inner=84     min=     0.925 us/xform  median=     0.926  sd=  0.13%      4.84 GF/s  setup=0.000 s
fftw1d_custom            L=128 B=512   m=1     inner=68     min=     1.029 us/xform  median=     1.043  sd=  0.38%      4.35 GF/s  setup=0.000 s
fftw1d_custom            L=128 B=512   m=1     inner=70     min=     1.040 us/xform  median=     1.042  sd=  0.09%      4.31 GF/s  setup=0.000 s
fftw1d_custom_soa        L=128 B=512   m=1     inner=80     min=     0.559 us/xform  median=     0.559  sd=  6.06%      8.02 GF/s  setup=0.000 s
fftw1d_custom_soa        L=128 B=512   m=1     inner=112    min=     0.579 us/xform  median=     0.579  sd=  0.03%      7.74 GF/s  setup=0.000 s
fftw1d_custom_soa        L=128 B=512   m=1     inner=130    min=     0.580 us/xform  median=     0.580  sd=  0.02%      7.73 GF/s  setup=0.000 s
fftw1d_custom_soa        L=128 B=512   m=1     inner=114    min=     0.561 us/xform  median=     0.561  sd=  0.01%      7.99 GF/s  setup=0.000 s
fftw1d_custom_soa        L=128 B=512   m=1     inner=112    min=     0.558 us/xform  median=     0.558  sd=  0.02%      8.03 GF/s  setup=0.000 s
fftw1d_custom_soa        L=128 B=512   m=1     inner=116    min=     0.556 us/xform  median=     0.557  sd=  0.02%      8.05 GF/s  setup=0.000 s
fftw1d_custom_soa        L=128 B=512   m=1     inner=136    min=     0.559 us/xform  median=     0.559  sd=  0.01%      8.02 GF/s  setup=0.000 s
fftw1d_custom_soa        L=128 B=512   m=1     inner=136    min=     0.511 us/xform  median=     0.511  sd=  3.60%      8.77 GF/s  setup=0.000 s
fftw1d_custom_soa        L=128 B=512   m=1     inner=152    min=     0.511 us/xform  median=     0.511  sd=  0.02%      8.77 GF/s  setup=0.000 s
fftw1d_estimate          L=128 B=512   m=1     inner=74     min=     0.541 us/xform  median=     0.632  sd=  7.25%      8.28 GF/s  setup=0.001 s
fftw1d_estimate          L=128 B=512   m=1     inner=110    min=     0.668 us/xform  median=     0.672  sd=  0.22%      6.70 GF/s  setup=0.001 s
fftw1d_estimate          L=128 B=512   m=1     inner=98     min=     0.653 us/xform  median=     0.655  sd=  0.40%      6.86 GF/s  setup=0.001 s
fftw1d_estimate          L=128 B=512   m=1     inner=94     min=     0.644 us/xform  median=     0.646  sd=  0.95%      6.95 GF/s  setup=0.001 s
fftw1d_estimate          L=128 B=512   m=1     inner=61     min=     0.643 us/xform  median=     0.646  sd=  0.28%      6.96 GF/s  setup=0.001 s
fftw1d_estimate          L=128 B=512   m=1     inner=118    min=     0.645 us/xform  median=     0.647  sd=  0.16%      6.95 GF/s  setup=0.001 s
fftw1d_estimate          L=128 B=512   m=1     inner=98     min=     0.457 us/xform  median=     0.458  sd=  4.37%      9.81 GF/s  setup=0.001 s
fftw1d_estimate          L=128 B=512   m=1     inner=122    min=     0.558 us/xform  median=     0.645  sd=  4.53%      8.02 GF/s  setup=0.001 s
fftw1d_estimate          L=128 B=512   m=1     inner=118    min=     0.640 us/xform  median=     0.644  sd=  0.29%      7.00 GF/s  setup=0.001 s
fftw1d_measure           L=128 B=512   m=1     inner=185    min=     0.217 us/xform  median=     0.225  sd=  1.25%     20.68 GF/s  setup=0.048 s
fftw1d_measure           L=128 B=512   m=1     inner=266    min=     0.227 us/xform  median=     0.228  sd=  1.21%     19.73 GF/s  setup=0.048 s
fftw1d_measure           L=128 B=512   m=1     inner=344    min=     0.211 us/xform  median=     0.211  sd=  0.03%     21.26 GF/s  setup=0.050 s
fftw1d_measure           L=128 B=512   m=1     inner=356    min=     0.210 us/xform  median=     0.210  sd=  0.03%     21.34 GF/s  setup=0.050 s
fftw1d_measure           L=128 B=512   m=1     inner=350    min=     0.208 us/xform  median=     0.208  sd=  0.03%     21.58 GF/s  setup=0.048 s
fftw1d_measure           L=128 B=512   m=1     inner=350    min=     0.207 us/xform  median=     0.207  sd=  0.07%     21.66 GF/s  setup=0.048 s
fftw1d_measure           L=128 B=512   m=1     inner=368    min=     0.212 us/xform  median=     0.212  sd=  0.02%     21.17 GF/s  setup=0.050 s
fftw1d_measure           L=128 B=512   m=1     inner=352    min=     0.205 us/xform  median=     0.206  sd=  0.04%     21.80 GF/s  setup=0.050 s
fftw1d_measure           L=128 B=512   m=1     inner=186    min=     0.219 us/xform  median=     0.220  sd=  0.07%     20.44 GF/s  setup=0.050 s
fftw1d_patient           L=128 B=512   m=1     inner=204    min=     0.195 us/xform  median=     0.195  sd=  8.37%     23.01 GF/s  setup=0.897 s
fftw1d_patient           L=128 B=512   m=1     inner=236    min=     0.216 us/xform  median=     0.217  sd=  4.10%     20.71 GF/s  setup=0.850 s
fftw1d_patient           L=128 B=512   m=1     inner=202    min=     0.214 us/xform  median=     0.214  sd=  6.77%     20.90 GF/s  setup=0.894 s
fftw1d_patient           L=128 B=512   m=1     inner=376    min=     0.206 us/xform  median=     0.207  sd=  0.05%     21.71 GF/s  setup=0.730 s
fftw1d_patient           L=128 B=512   m=1     inner=238    min=     0.214 us/xform  median=     0.214  sd=  4.16%     20.91 GF/s  setup=0.843 s
fftw1d_patient           L=128 B=512   m=1     inner=414    min=     0.188 us/xform  median=     0.188  sd=  0.05%     23.86 GF/s  setup=0.718 s
fftw1d_patient           L=128 B=512   m=1     inner=216    min=     0.218 us/xform  median=     0.218  sd=  5.54%     20.54 GF/s  setup=0.857 s
fftw1d_patient           L=128 B=512   m=1     inner=209    min=     0.187 us/xform  median=     0.187  sd=  0.05%     23.93 GF/s  setup=0.704 s
fftw1d_patient           L=128 B=512   m=1     inner=418    min=     0.186 us/xform  median=     0.187  sd=  0.04%     24.03 GF/s  setup=0.700 s
mkl1d_dfti               L=128 B=512   m=1     inner=254    min=     0.154 us/xform  median=     0.154  sd=  0.13%     29.10 GF/s  setup=0.001 s
mkl1d_dfti               L=128 B=512   m=1     inner=396    min=     0.168 us/xform  median=     0.169  sd=  0.08%     26.60 GF/s  setup=0.002 s
mkl1d_dfti               L=128 B=512   m=1     inner=384    min=     0.162 us/xform  median=     0.163  sd=  1.65%     27.66 GF/s  setup=0.002 s
mkl1d_dfti               L=128 B=512   m=1     inner=480    min=     0.158 us/xform  median=     0.158  sd=  0.06%     28.42 GF/s  setup=0.001 s
mkl1d_dfti               L=128 B=512   m=1     inner=406    min=     0.168 us/xform  median=     0.169  sd=  0.06%     26.60 GF/s  setup=0.002 s
mkl1d_dfti               L=128 B=512   m=1     inner=450    min=     0.168 us/xform  median=     0.168  sd=  0.05%     26.61 GF/s  setup=0.001 s
mkl1d_dfti               L=128 B=512   m=1     inner=428    min=     0.157 us/xform  median=     0.157  sd=  0.22%     28.50 GF/s  setup=0.002 s
mkl1d_dfti               L=128 B=512   m=1     inner=468    min=     0.159 us/xform  median=     0.159  sd=  0.06%     28.25 GF/s  setup=0.001 s
mkl1d_dfti               L=128 B=512   m=1     inner=245    min=     0.157 us/xform  median=     0.157  sd=  0.29%     28.59 GF/s  setup=0.001 s
   skipping baseline_dft at L=1024 B=512 (too expensive to be informative)
d1_bluestein             L=1024 B=512   m=1     inner=18     min=     4.100 us/xform  median=     5.078  sd=  7.65%     12.49 GF/s  setup=0.000 s
d1_bluestein             L=1024 B=512   m=1     inner=14     min=     4.984 us/xform  median=     4.991  sd=  0.15%     10.27 GF/s  setup=0.000 s
d1_bluestein             L=1024 B=512   m=1     inner=14     min=     4.957 us/xform  median=     4.965  sd=  0.13%     10.33 GF/s  setup=0.000 s
d1_bluestein             L=1024 B=512   m=1     inner=14     min=     5.249 us/xform  median=     5.258  sd=  0.11%      9.75 GF/s  setup=0.000 s
d1_bluestein             L=1024 B=512   m=1     inner=14     min=     4.941 us/xform  median=     4.951  sd=  0.10%     10.36 GF/s  setup=0.000 s
d1_bluestein             L=1024 B=512   m=1     inner=14     min=     5.033 us/xform  median=     5.043  sd=  0.15%     10.17 GF/s  setup=0.000 s
d1_bluestein             L=1024 B=512   m=1     inner=14     min=     5.023 us/xform  median=     5.030  sd=  0.15%     10.19 GF/s  setup=0.000 s
d1_bluestein             L=1024 B=512   m=1     inner=14     min=     5.032 us/xform  median=     5.044  sd=  0.12%     10.18 GF/s  setup=0.000 s
d1_bluestein             L=1024 B=512   m=1     inner=14     min=     4.950 us/xform  median=     4.955  sd=  0.11%     10.34 GF/s  setup=0.000 s
d1_planner               L=1024 B=512   m=1     inner=12     min=     5.667 us/xform  median=     5.683  sd=  0.16%      9.03 GF/s  setup=0.000 s
d1_planner               L=1024 B=512   m=1     inner=12     min=     5.655 us/xform  median=     5.662  sd=  0.14%      9.05 GF/s  setup=0.000 s
d1_planner               L=1024 B=512   m=1     inner=12     min=     5.714 us/xform  median=     5.720  sd=  0.09%      8.96 GF/s  setup=0.000 s
d1_planner               L=1024 B=512   m=1     inner=12     min=     5.659 us/xform  median=     5.670  sd=  0.13%      9.05 GF/s  setup=0.000 s
d1_planner               L=1024 B=512   m=1     inner=12     min=     5.670 us/xform  median=     5.680  sd=  0.17%      9.03 GF/s  setup=0.000 s
d1_planner               L=1024 B=512   m=1     inner=12     min=     5.651 us/xform  median=     5.661  sd=  0.08%      9.06 GF/s  setup=0.000 s
d1_planner               L=1024 B=512   m=1     inner=12     min=     5.931 us/xform  median=     5.938  sd=  0.10%      8.63 GF/s  setup=0.000 s
d1_planner               L=1024 B=512   m=1     inner=12     min=     5.642 us/xform  median=     5.652  sd=  0.09%      9.07 GF/s  setup=0.000 s
d1_planner               L=1024 B=512   m=1     inner=12     min=     4.682 us/xform  median=     5.039  sd=  8.94%     10.94 GF/s  setup=0.000 s
d1_pow2                  L=1024 B=512   m=1     inner=36     min=     2.158 us/xform  median=     2.453  sd=  4.34%     23.72 GF/s  setup=0.000 s
d1_pow2                  L=1024 B=512   m=1     inner=22     min=     2.136 us/xform  median=     2.140  sd=  3.70%     23.97 GF/s  setup=0.000 s
d1_pow2                  L=1024 B=512   m=1     inner=32     min=     2.232 us/xform  median=     2.234  sd=  0.09%     22.94 GF/s  setup=0.000 s
d1_pow2                  L=1024 B=512   m=1     inner=28     min=     2.137 us/xform  median=     2.140  sd=  0.59%     23.96 GF/s  setup=0.000 s
d1_pow2                  L=1024 B=512   m=1     inner=34     min=     1.842 us/xform  median=     1.846  sd=  0.14%     27.79 GF/s  setup=0.000 s
d1_pow2                  L=1024 B=512   m=1     inner=21     min=     1.853 us/xform  median=     1.857  sd=  0.16%     27.64 GF/s  setup=0.000 s
d1_pow2                  L=1024 B=512   m=1     inner=34     min=     2.132 us/xform  median=     2.135  sd=  0.09%     24.01 GF/s  setup=0.000 s
d1_pow2                  L=1024 B=512   m=1     inner=32     min=     2.190 us/xform  median=     2.194  sd=  0.11%     23.38 GF/s  setup=0.000 s
d1_pow2                  L=1024 B=512   m=1     inner=28     min=     2.173 us/xform  median=     2.177  sd=  0.16%     23.56 GF/s  setup=0.000 s
d1_race                  L=1024 B=512   m=1     inner=20     min=     1.996 us/xform  median=     2.178  sd=  8.87%     25.66 GF/s  setup=1.127 s
d1_race                  L=1024 B=512   m=1     inner=38     min=     1.986 us/xform  median=     1.989  sd=  0.18%     25.78 GF/s  setup=0.004 s
d1_race                  L=1024 B=512   m=1     inner=30     min=     1.897 us/xform  median=     1.899  sd=  0.12%     26.99 GF/s  setup=0.004 s
d1_race                  L=1024 B=512   m=1     inner=32     min=     1.987 us/xform  median=     1.990  sd=  0.13%     25.77 GF/s  setup=0.004 s
d1_race                  L=1024 B=512   m=1     inner=36     min=     2.007 us/xform  median=     2.011  sd=  0.09%     25.51 GF/s  setup=0.004 s
d1_race                  L=1024 B=512   m=1     inner=30     min=     2.153 us/xform  median=     2.614  sd=  7.36%     23.78 GF/s  setup=0.006 s
d1_race                  L=1024 B=512   m=1     inner=22     min=     2.000 us/xform  median=     2.004  sd=  4.72%     25.60 GF/s  setup=0.005 s
d1_race                  L=1024 B=512   m=1     inner=38     min=     1.985 us/xform  median=     1.987  sd=  0.10%     25.79 GF/s  setup=0.004 s
d1_race                  L=1024 B=512   m=1     inner=30     min=     2.346 us/xform  median=     2.689  sd=  3.83%     21.83 GF/s  setup=0.007 s
d1_twiddle               L=1024 B=512   m=1     inner=10     min=     6.919 us/xform  median=     7.189  sd=  1.10%      7.40 GF/s  setup=0.000 s
d1_twiddle               L=1024 B=512   m=1     inner=10     min=     7.170 us/xform  median=     7.180  sd=  0.12%      7.14 GF/s  setup=0.000 s
d1_twiddle               L=1024 B=512   m=1     inner=10     min=     7.109 us/xform  median=     7.120  sd=  0.19%      7.20 GF/s  setup=0.000 s
d1_twiddle               L=1024 B=512   m=1     inner=10     min=     5.661 us/xform  median=     7.134  sd=  9.44%      9.04 GF/s  setup=0.000 s
d1_twiddle               L=1024 B=512   m=1     inner=12     min=     5.571 us/xform  median=     5.579  sd=  0.14%      9.19 GF/s  setup=0.000 s
d1_twiddle               L=1024 B=512   m=1     inner=12     min=     5.585 us/xform  median=     5.589  sd=  0.11%      9.17 GF/s  setup=0.000 s
d1_twiddle               L=1024 B=512   m=1     inner=10     min=     6.860 us/xform  median=     7.132  sd=  1.12%      7.46 GF/s  setup=0.000 s
d1_twiddle               L=1024 B=512   m=1     inner=10     min=     5.629 us/xform  median=     5.637  sd=  0.44%      9.10 GF/s  setup=0.000 s
d1_twiddle               L=1024 B=512   m=1     inner=12     min=     5.573 us/xform  median=     5.584  sd=  0.09%      9.19 GF/s  setup=0.000 s
fftw1d_estimate          L=1024 B=512   m=1     inner=26     min=     2.542 us/xform  median=     2.547  sd=  0.44%     20.14 GF/s  setup=0.001 s
fftw1d_estimate          L=1024 B=512   m=1     inner=24     min=     3.102 us/xform  median=     3.550  sd=  3.89%     16.51 GF/s  setup=0.001 s
fftw1d_estimate          L=1024 B=512   m=1     inner=20     min=     2.385 us/xform  median=     2.398  sd=  3.50%     21.46 GF/s  setup=0.001 s
fftw1d_estimate          L=1024 B=512   m=1     inner=26     min=     3.240 us/xform  median=     3.372  sd=  1.14%     15.80 GF/s  setup=0.001 s
fftw1d_estimate          L=1024 B=512   m=1     inner=22     min=     2.354 us/xform  median=     2.360  sd=  2.54%     21.75 GF/s  setup=0.001 s
fftw1d_estimate          L=1024 B=512   m=1     inner=30     min=     2.382 us/xform  median=     2.398  sd=  0.53%     21.49 GF/s  setup=0.001 s
fftw1d_estimate          L=1024 B=512   m=1     inner=24     min=     3.110 us/xform  median=     3.542  sd=  3.88%     16.46 GF/s  setup=0.001 s
fftw1d_estimate          L=1024 B=512   m=1     inner=22     min=     2.383 us/xform  median=     2.392  sd=  1.82%     21.48 GF/s  setup=0.001 s
fftw1d_estimate          L=1024 B=512   m=1     inner=26     min=     3.215 us/xform  median=     3.393  sd=  1.53%     15.92 GF/s  setup=0.001 s
fftw1d_measure           L=1024 B=512   m=1     inner=38     min=     1.921 us/xform  median=     1.926  sd=  0.28%     26.66 GF/s  setup=0.115 s
fftw1d_measure           L=1024 B=512   m=1     inner=30     min=     2.499 us/xform  median=     2.502  sd=  0.08%     20.49 GF/s  setup=0.117 s
fftw1d_measure           L=1024 B=512   m=1     inner=38     min=     1.917 us/xform  median=     1.920  sd=  0.22%     26.71 GF/s  setup=0.116 s
fftw1d_measure           L=1024 B=512   m=1     inner=42     min=     1.811 us/xform  median=     1.817  sd=  0.22%     28.27 GF/s  setup=0.115 s
fftw1d_measure           L=1024 B=512   m=1     inner=40     min=     1.812 us/xform  median=     1.815  sd=  0.33%     28.26 GF/s  setup=0.115 s
fftw1d_measure           L=1024 B=512   m=1     inner=42     min=     1.776 us/xform  median=     1.779  sd=  0.27%     28.83 GF/s  setup=0.115 s
fftw1d_measure           L=1024 B=512   m=1     inner=28     min=     2.354 us/xform  median=     2.359  sd=  0.17%     21.75 GF/s  setup=0.117 s
fftw1d_measure           L=1024 B=512   m=1     inner=22     min=     2.650 us/xform  median=     2.661  sd=  2.69%     19.32 GF/s  setup=0.118 s
fftw1d_measure           L=1024 B=512   m=1     inner=24     min=     2.129 us/xform  median=     2.133  sd=  2.31%     24.05 GF/s  setup=0.118 s
fftw1d_patient           L=1024 B=512   m=1     inner=42     min=     1.799 us/xform  median=     1.804  sd=  0.16%     28.45 GF/s  setup=11.684 s
fftw1d_patient           L=1024 B=512   m=1     inner=38     min=     2.001 us/xform  median=     2.006  sd=  0.17%     25.58 GF/s  setup=12.123 s
fftw1d_patient           L=1024 B=512   m=1     inner=42     min=     1.805 us/xform  median=     1.811  sd=  0.20%     28.37 GF/s  setup=11.602 s
fftw1d_patient           L=1024 B=512   m=1     inner=38     min=     1.939 us/xform  median=     1.947  sd=  0.21%     26.40 GF/s  setup=11.807 s
fftw1d_patient           L=1024 B=512   m=1     inner=38     min=     1.968 us/xform  median=     1.972  sd=  0.26%     26.01 GF/s  setup=11.898 s
fftw1d_patient           L=1024 B=512   m=1     inner=40     min=     1.910 us/xform  median=     1.914  sd=  0.15%     26.81 GF/s  setup=11.682 s
fftw1d_patient           L=1024 B=512   m=1     inner=40     min=     1.844 us/xform  median=     1.849  sd=  0.27%     27.76 GF/s  setup=11.766 s
fftw1d_patient           L=1024 B=512   m=1     inner=38     min=     1.935 us/xform  median=     1.938  sd=  0.16%     26.46 GF/s  setup=12.189 s
fftw1d_patient           L=1024 B=512   m=1     inner=40     min=     1.836 us/xform  median=     1.840  sd=  0.20%     27.88 GF/s  setup=11.721 s
mkl1d_dfti               L=1024 B=512   m=1     inner=38     min=     1.908 us/xform  median=     1.913  sd=  0.14%     26.83 GF/s  setup=0.002 s
mkl1d_dfti               L=1024 B=512   m=1     inner=36     min=     1.902 us/xform  median=     1.907  sd=  0.27%     26.92 GF/s  setup=0.002 s
mkl1d_dfti               L=1024 B=512   m=1     inner=34     min=     1.907 us/xform  median=     1.914  sd=  0.19%     26.85 GF/s  setup=0.002 s
mkl1d_dfti               L=1024 B=512   m=1     inner=32     min=     1.913 us/xform  median=     1.919  sd=  0.27%     26.76 GF/s  setup=0.002 s
mkl1d_dfti               L=1024 B=512   m=1     inner=36     min=     1.910 us/xform  median=     1.913  sd=  0.16%     26.80 GF/s  setup=0.002 s
mkl1d_dfti               L=1024 B=512   m=1     inner=36     min=     1.909 us/xform  median=     1.914  sd=  0.49%     26.82 GF/s  setup=0.002 s
mkl1d_dfti               L=1024 B=512   m=1     inner=34     min=     2.253 us/xform  median=     2.254  sd=  0.09%     22.73 GF/s  setup=0.002 s
mkl1d_dfti               L=1024 B=512   m=1     inner=28     min=     1.877 us/xform  median=     1.881  sd=  1.81%     27.27 GF/s  setup=0.002 s
mkl1d_dfti               L=1024 B=512   m=1     inner=36     min=     1.656 us/xform  median=     1.658  sd=  0.21%     30.92 GF/s  setup=0.002 s
   skipping baseline_dft at L=4096 B=256 (too expensive to be informative)
d1_bluestein             L=4096 B=256   m=1     inner=4      min=    30.568 us/xform  median=    30.688  sd=  0.25%      8.04 GF/s  setup=0.000 s
d1_bluestein             L=4096 B=256   m=1     inner=4      min=    31.801 us/xform  median=    31.872  sd=  0.15%      7.73 GF/s  setup=0.000 s
d1_bluestein             L=4096 B=256   m=1     inner=4      min=    31.139 us/xform  median=    31.249  sd=  0.29%      7.89 GF/s  setup=0.000 s
d1_bluestein             L=4096 B=256   m=1     inner=4      min=    31.660 us/xform  median=    31.704  sd=  0.07%      7.76 GF/s  setup=0.000 s
d1_bluestein             L=4096 B=256   m=1     inner=4      min=    31.906 us/xform  median=    31.986  sd=  0.13%      7.70 GF/s  setup=0.000 s
d1_bluestein             L=4096 B=256   m=1     inner=4      min=    30.766 us/xform  median=    30.841  sd=  0.22%      7.99 GF/s  setup=0.000 s
d1_bluestein             L=4096 B=256   m=1     inner=4      min=    31.729 us/xform  median=    31.786  sd=  0.15%      7.75 GF/s  setup=0.000 s
d1_bluestein             L=4096 B=256   m=1     inner=4      min=    31.015 us/xform  median=    31.109  sd=  0.18%      7.92 GF/s  setup=0.000 s
d1_bluestein             L=4096 B=256   m=1     inner=4      min=    31.772 us/xform  median=    31.857  sd=  0.14%      7.74 GF/s  setup=0.000 s
d1_planner               L=4096 B=256   m=1     inner=4      min=    29.833 us/xform  median=    29.851  sd=  0.07%      8.24 GF/s  setup=0.000 s
d1_planner               L=4096 B=256   m=1     inner=4      min=    29.405 us/xform  median=    29.445  sd=  0.08%      8.36 GF/s  setup=0.000 s
d1_planner               L=4096 B=256   m=1     inner=4      min=    29.195 us/xform  median=    29.243  sd=  0.09%      8.42 GF/s  setup=0.000 s
d1_planner               L=4096 B=256   m=1     inner=4      min=    29.118 us/xform  median=    29.155  sd=  0.09%      8.44 GF/s  setup=0.000 s
d1_planner               L=4096 B=256   m=1     inner=4      min=    29.978 us/xform  median=    30.018  sd=  0.09%      8.20 GF/s  setup=0.000 s
d1_planner               L=4096 B=256   m=1     inner=4      min=    29.448 us/xform  median=    29.486  sd=  0.12%      8.35 GF/s  setup=0.000 s
d1_planner               L=4096 B=256   m=1     inner=4      min=    29.273 us/xform  median=    29.304  sd=  0.07%      8.40 GF/s  setup=0.000 s
d1_planner               L=4096 B=256   m=1     inner=4      min=    29.906 us/xform  median=    29.929  sd=  0.06%      8.22 GF/s  setup=0.000 s
d1_planner               L=4096 B=256   m=1     inner=4      min=    29.230 us/xform  median=    29.274  sd=  0.12%      8.41 GF/s  setup=0.000 s
d1_pow2                  L=4096 B=256   m=1     inner=8      min=    17.131 us/xform  median=    17.176  sd=  0.16%     14.35 GF/s  setup=0.001 s
d1_pow2                  L=4096 B=256   m=1     inner=6      min=    19.990 us/xform  median=    20.049  sd=  0.32%     12.29 GF/s  setup=0.001 s
d1_pow2                  L=4096 B=256   m=1     inner=6      min=    17.216 us/xform  median=    17.279  sd=  0.30%     14.28 GF/s  setup=0.001 s
d1_pow2                  L=4096 B=256   m=1     inner=4      min=    20.042 us/xform  median=    20.113  sd=  0.66%     12.26 GF/s  setup=0.001 s
d1_pow2                  L=4096 B=256   m=1     inner=6      min=    19.091 us/xform  median=    19.159  sd=  0.27%     12.87 GF/s  setup=0.001 s
d1_pow2                  L=4096 B=256   m=1     inner=6      min=    19.308 us/xform  median=    19.402  sd=  0.26%     12.73 GF/s  setup=0.001 s
d1_pow2                  L=4096 B=256   m=1     inner=6      min=    19.403 us/xform  median=    19.460  sd=  0.16%     12.67 GF/s  setup=0.001 s
d1_pow2                  L=4096 B=256   m=1     inner=6      min=    19.640 us/xform  median=    19.683  sd=  0.27%     12.51 GF/s  setup=0.001 s
d1_pow2                  L=4096 B=256   m=1     inner=6      min=    19.369 us/xform  median=    19.426  sd=  0.22%     12.69 GF/s  setup=0.001 s
d1_race                  L=4096 B=256   m=1     inner=8      min=    17.943 us/xform  median=    18.219  sd=  0.46%     13.70 GF/s  setup=1.637 s
d1_race                  L=4096 B=256   m=1     inner=6      min=    20.201 us/xform  median=    20.237  sd=  0.17%     12.17 GF/s  setup=0.010 s
d1_race                  L=4096 B=256   m=1     inner=6      min=    19.811 us/xform  median=    19.857  sd=  0.20%     12.41 GF/s  setup=0.009 s
d1_race                  L=4096 B=256   m=1     inner=6      min=    20.186 us/xform  median=    20.260  sd=  0.21%     12.17 GF/s  setup=0.009 s
d1_race                  L=4096 B=256   m=1     inner=8      min=    19.404 us/xform  median=    19.459  sd=  0.19%     12.67 GF/s  setup=0.011 s
d1_race                  L=4096 B=256   m=1     inner=6      min=    19.800 us/xform  median=    19.912  sd=  0.26%     12.41 GF/s  setup=0.009 s
d1_race                  L=4096 B=256   m=1     inner=6      min=    17.421 us/xform  median=    17.485  sd=  0.21%     14.11 GF/s  setup=0.010 s
d1_race                  L=4096 B=256   m=1     inner=6      min=    20.168 us/xform  median=    20.263  sd=  0.24%     12.19 GF/s  setup=0.009 s
d1_race                  L=4096 B=256   m=1     inner=6      min=    20.100 us/xform  median=    20.152  sd=  0.18%     12.23 GF/s  setup=0.008 s
d1_twiddle               L=4096 B=256   m=1     inner=4      min=    30.278 us/xform  median=    30.448  sd=  0.41%      8.12 GF/s  setup=0.000 s
d1_twiddle               L=4096 B=256   m=1     inner=4      min=    30.197 us/xform  median=    30.230  sd=  0.12%      8.14 GF/s  setup=0.000 s
d1_twiddle               L=4096 B=256   m=1     inner=4      min=    30.038 us/xform  median=    30.076  sd=  0.07%      8.18 GF/s  setup=0.000 s
d1_twiddle               L=4096 B=256   m=1     inner=4      min=    30.503 us/xform  median=    30.539  sd=  0.07%      8.06 GF/s  setup=0.000 s
d1_twiddle               L=4096 B=256   m=1     inner=4      min=    30.090 us/xform  median=    30.446  sd=  0.35%      8.17 GF/s  setup=0.000 s
d1_twiddle               L=4096 B=256   m=1     inner=4      min=    29.857 us/xform  median=    30.534  sd=  0.75%      8.23 GF/s  setup=0.000 s
d1_twiddle               L=4096 B=256   m=1     inner=4      min=    29.915 us/xform  median=    29.963  sd=  0.10%      8.22 GF/s  setup=0.000 s
d1_twiddle               L=4096 B=256   m=1     inner=4      min=    30.171 us/xform  median=    30.220  sd=  0.07%      8.15 GF/s  setup=0.000 s
d1_twiddle               L=4096 B=256   m=1     inner=4      min=    29.538 us/xform  median=    29.713  sd=  0.70%      8.32 GF/s  setup=0.000 s
fftw1d_estimate          L=4096 B=256   m=1     inner=4      min=    31.834 us/xform  median=    31.985  sd=  0.38%      7.72 GF/s  setup=0.001 s
fftw1d_estimate          L=4096 B=256   m=1     inner=4      min=    32.675 us/xform  median=    32.917  sd=  0.33%      7.52 GF/s  setup=0.001 s
fftw1d_estimate          L=4096 B=256   m=1     inner=4      min=    31.352 us/xform  median=    31.543  sd=  0.34%      7.84 GF/s  setup=0.001 s
fftw1d_estimate          L=4096 B=256   m=1     inner=4      min=    32.780 us/xform  median=    32.909  sd=  0.38%      7.50 GF/s  setup=0.001 s
fftw1d_estimate          L=4096 B=256   m=1     inner=4      min=    31.785 us/xform  median=    31.891  sd=  0.30%      7.73 GF/s  setup=0.001 s
fftw1d_estimate          L=4096 B=256   m=1     inner=4      min=    32.624 us/xform  median=    32.763  sd=  0.39%      7.53 GF/s  setup=0.001 s
fftw1d_estimate          L=4096 B=256   m=1     inner=4      min=    31.173 us/xform  median=    31.341  sd=  0.27%      7.88 GF/s  setup=0.001 s
fftw1d_estimate          L=4096 B=256   m=1     inner=4      min=    31.255 us/xform  median=    31.337  sd=  0.14%      7.86 GF/s  setup=0.001 s
fftw1d_estimate          L=4096 B=256   m=1     inner=4      min=    31.381 us/xform  median=    31.518  sd=  0.42%      7.83 GF/s  setup=0.001 s
fftw1d_measure           L=4096 B=256   m=1     inner=6      min=    24.109 us/xform  median=    24.230  sd=  0.57%     10.19 GF/s  setup=0.234 s
fftw1d_measure           L=4096 B=256   m=1     inner=8      min=    14.540 us/xform  median=    14.646  sd=  1.67%     16.90 GF/s  setup=0.232 s
fftw1d_measure           L=4096 B=256   m=1     inner=6      min=    24.343 us/xform  median=    24.449  sd=  0.29%     10.10 GF/s  setup=0.235 s
fftw1d_measure           L=4096 B=256   m=1     inner=6      min=    25.244 us/xform  median=    25.320  sd=  0.24%      9.74 GF/s  setup=0.235 s
fftw1d_measure           L=4096 B=256   m=1     inner=10     min=    14.991 us/xform  median=    15.069  sd=  0.40%     16.39 GF/s  setup=0.221 s
fftw1d_measure           L=4096 B=256   m=1     inner=4      min=    26.719 us/xform  median=    26.942  sd=  0.52%      9.20 GF/s  setup=0.236 s
fftw1d_measure           L=4096 B=256   m=1     inner=10     min=    14.578 us/xform  median=    14.647  sd=  0.35%     16.86 GF/s  setup=0.221 s
fftw1d_measure           L=4096 B=256   m=1     inner=6      min=    24.707 us/xform  median=    24.830  sd=  0.44%      9.95 GF/s  setup=0.234 s
fftw1d_measure           L=4096 B=256   m=1     inner=10     min=    15.234 us/xform  median=    15.296  sd=  0.32%     16.13 GF/s  setup=0.222 s
fftw1d_patient           L=4096 B=256   m=1     inner=12     min=    11.023 us/xform  median=    11.061  sd=  0.36%     22.30 GF/s  setup=45.155 s
fftw1d_patient           L=4096 B=256   m=1     inner=12     min=    11.191 us/xform  median=    11.233  sd=  0.28%     21.96 GF/s  setup=44.806 s
fftw1d_patient           L=4096 B=256   m=1     inner=12     min=    10.965 us/xform  median=    10.996  sd=  0.23%     22.41 GF/s  setup=44.275 s
fftw1d_patient           L=4096 B=256   m=1     inner=12     min=    10.997 us/xform  median=    11.053  sd=  0.37%     22.35 GF/s  setup=45.193 s
fftw1d_patient           L=4096 B=256   m=1     inner=12     min=    11.007 us/xform  median=    11.029  sd=  0.25%     22.33 GF/s  setup=44.773 s
fftw1d_patient           L=4096 B=256   m=1     inner=14     min=    10.890 us/xform  median=    10.928  sd=  0.38%     22.57 GF/s  setup=44.204 s
fftw1d_patient           L=4096 B=256   m=1     inner=12     min=    11.130 us/xform  median=    11.169  sd=  0.36%     22.08 GF/s  setup=46.165 s
fftw1d_patient           L=4096 B=256   m=1     inner=7      min=    11.162 us/xform  median=    11.186  sd=  0.26%     22.02 GF/s  setup=45.650 s
fftw1d_patient           L=4096 B=256   m=1     inner=12     min=    11.016 us/xform  median=    11.042  sd=  0.23%     22.31 GF/s  setup=45.549 s
mkl1d_dfti               L=4096 B=256   m=1     inner=12     min=    12.458 us/xform  median=    16.626  sd=  9.62%     19.73 GF/s  setup=0.003 s
mkl1d_dfti               L=4096 B=256   m=1     inner=10     min=    10.208 us/xform  median=    10.268  sd=  2.25%     24.08 GF/s  setup=0.002 s
mkl1d_dfti               L=4096 B=256   m=1     inner=12     min=    13.018 us/xform  median=    13.095  sd=  0.32%     18.88 GF/s  setup=0.002 s
mkl1d_dfti               L=4096 B=256   m=1     inner=10     min=    11.672 us/xform  median=    11.701  sd=  0.84%     21.06 GF/s  setup=0.003 s
mkl1d_dfti               L=4096 B=256   m=1     inner=12     min=    12.741 us/xform  median=    16.577  sd=  8.33%     19.29 GF/s  setup=0.002 s
mkl1d_dfti               L=4096 B=256   m=1     inner=8      min=    11.681 us/xform  median=    11.717  sd=  2.24%     21.04 GF/s  setup=0.002 s
mkl1d_dfti               L=4096 B=256   m=1     inner=12     min=    10.181 us/xform  median=    13.101  sd=  8.75%     24.14 GF/s  setup=0.002 s
mkl1d_dfti               L=4096 B=256   m=1     inner=14     min=    10.057 us/xform  median=    10.095  sd=  0.31%     24.44 GF/s  setup=0.001 s
mkl1d_dfti               L=4096 B=256   m=1     inner=12     min=    11.484 us/xform  median=    11.509  sd=  0.28%     21.40 GF/s  setup=0.002 s
   skipping baseline_dft at L=16384 B=64 (too expensive to be informative)
d1_bluestein             L=16384 B=64    m=1     inner=4      min=   142.653 us/xform  median=   142.875  sd=  0.17%      8.04 GF/s  setup=0.000 s
d1_bluestein             L=16384 B=64    m=1     inner=4      min=   110.572 us/xform  median=   110.686  sd=  0.30%     10.37 GF/s  setup=0.001 s
d1_bluestein             L=16384 B=64    m=1     inner=4      min=   110.043 us/xform  median=   110.242  sd=  0.12%     10.42 GF/s  setup=0.000 s
d1_bluestein             L=16384 B=64    m=1     inner=4      min=   110.090 us/xform  median=   110.334  sd=  0.13%     10.42 GF/s  setup=0.001 s
d1_bluestein             L=16384 B=64    m=1     inner=4      min=   110.381 us/xform  median=   110.604  sd=  0.13%     10.39 GF/s  setup=0.000 s
d1_bluestein             L=16384 B=64    m=1     inner=4      min=   109.885 us/xform  median=   110.173  sd=  0.17%     10.44 GF/s  setup=0.001 s
d1_bluestein             L=16384 B=64    m=1     inner=4      min=   138.181 us/xform  median=   153.722  sd=  2.97%      8.30 GF/s  setup=0.001 s
d1_bluestein             L=16384 B=64    m=1     inner=4      min=   121.517 us/xform  median=   153.022  sd=  7.21%      9.44 GF/s  setup=0.000 s
d1_bluestein             L=16384 B=64    m=1     inner=4      min=   110.698 us/xform  median=   110.818  sd=  0.13%     10.36 GF/s  setup=0.000 s
d1_planner               L=16384 B=64    m=1     inner=4      min=   109.135 us/xform  median=   109.388  sd=  0.20%     10.51 GF/s  setup=0.001 s
d1_planner               L=16384 B=64    m=1     inner=4      min=   125.955 us/xform  median=   138.817  sd=  3.11%      9.11 GF/s  setup=0.001 s
d1_planner               L=16384 B=64    m=1     inner=4      min=   108.984 us/xform  median=   109.197  sd=  0.33%     10.52 GF/s  setup=0.001 s
d1_planner               L=16384 B=64    m=1     inner=4      min=   134.892 us/xform  median=   140.714  sd=  1.22%      8.50 GF/s  setup=0.001 s
d1_planner               L=16384 B=64    m=1     inner=4      min=   144.074 us/xform  median=   144.392  sd=  0.15%      7.96 GF/s  setup=0.001 s
d1_planner               L=16384 B=64    m=1     inner=4      min=   108.862 us/xform  median=   109.139  sd=  0.41%     10.54 GF/s  setup=0.001 s
d1_planner               L=16384 B=64    m=1     inner=4      min=   132.734 us/xform  median=   141.418  sd=  1.79%      8.64 GF/s  setup=0.001 s
d1_planner               L=16384 B=64    m=1     inner=4      min=   108.417 us/xform  median=   108.486  sd=  0.28%     10.58 GF/s  setup=0.001 s
d1_planner               L=16384 B=64    m=1     inner=4      min=   108.649 us/xform  median=   108.716  sd=  0.08%     10.56 GF/s  setup=0.000 s
d1_pow2                  L=16384 B=64    m=1     inner=4      min=    79.523 us/xform  median=    92.780  sd=  5.66%     14.42 GF/s  setup=0.003 s
d1_pow2                  L=16384 B=64    m=1     inner=6      min=    95.430 us/xform  median=    95.704  sd=  0.31%     12.02 GF/s  setup=0.003 s
d1_pow2                  L=16384 B=64    m=1     inner=6      min=    76.063 us/xform  median=    76.286  sd=  1.06%     15.08 GF/s  setup=0.003 s
d1_pow2                  L=16384 B=64    m=1     inner=8      min=    65.972 us/xform  median=    66.151  sd=  0.24%     17.38 GF/s  setup=0.003 s
d1_pow2                  L=16384 B=64    m=1     inner=8      min=    79.235 us/xform  median=    79.550  sd=  0.29%     14.47 GF/s  setup=0.003 s
d1_pow2                  L=16384 B=64    m=1     inner=6      min=    91.101 us/xform  median=    91.345  sd=  0.27%     12.59 GF/s  setup=0.003 s
d1_pow2                  L=16384 B=64    m=1     inner=6      min=    89.152 us/xform  median=    89.408  sd=  0.22%     12.86 GF/s  setup=0.003 s
d1_pow2                  L=16384 B=64    m=1     inner=6      min=    80.327 us/xform  median=    80.607  sd=  0.19%     14.28 GF/s  setup=0.003 s
d1_pow2                  L=16384 B=64    m=1     inner=6      min=    87.597 us/xform  median=    90.859  sd=  1.59%     13.09 GF/s  setup=0.003 s
d1_race                  L=16384 B=64    m=1     inner=8      min=    64.982 us/xform  median=    65.213  sd=  0.31%     17.65 GF/s  setup=1.648 s
d1_race                  L=16384 B=64    m=1     inner=8      min=    78.145 us/xform  median=    79.620  sd=  0.54%     14.68 GF/s  setup=0.009 s
d1_race                  L=16384 B=64    m=1     inner=8      min=    64.448 us/xform  median=    64.668  sd=  0.35%     17.80 GF/s  setup=0.007 s
d1_race                  L=16384 B=64    m=1     inner=8      min=    63.501 us/xform  median=    63.673  sd=  0.28%     18.06 GF/s  setup=0.007 s
d1_race                  L=16384 B=64    m=1     inner=8      min=    67.227 us/xform  median=    67.482  sd=  0.31%     17.06 GF/s  setup=0.008 s
d1_race                  L=16384 B=64    m=1     inner=8      min=    63.861 us/xform  median=    64.123  sd=  0.32%     17.96 GF/s  setup=0.007 s
d1_race                  L=16384 B=64    m=1     inner=8      min=    67.039 us/xform  median=    67.253  sd=  0.31%     17.11 GF/s  setup=0.007 s
d1_race                  L=16384 B=64    m=1     inner=8      min=    78.624 us/xform  median=    78.831  sd=  0.16%     14.59 GF/s  setup=0.009 s
d1_race                  L=16384 B=64    m=1     inner=6      min=    81.444 us/xform  median=    83.807  sd=  1.51%     14.08 GF/s  setup=0.012 s
d1_twiddle               L=16384 B=64    m=1     inner=2      min=   159.129 us/xform  median=   159.492  sd=  0.13%      7.21 GF/s  setup=0.001 s
d1_twiddle               L=16384 B=64    m=1     inner=2      min=   161.105 us/xform  median=   161.261  sd=  0.08%      7.12 GF/s  setup=0.001 s
d1_twiddle               L=16384 B=64    m=1     inner=4      min=   119.850 us/xform  median=   119.966  sd=  0.13%      9.57 GF/s  setup=0.001 s
d1_twiddle               L=16384 B=64    m=1     inner=4      min=   160.722 us/xform  median=   163.138  sd=  0.43%      7.14 GF/s  setup=0.001 s
d1_twiddle               L=16384 B=64    m=1     inner=2      min=   158.657 us/xform  median=   158.882  sd=  0.06%      7.23 GF/s  setup=0.001 s
d1_twiddle               L=16384 B=64    m=1     inner=4      min=   119.355 us/xform  median=   119.520  sd=  0.13%      9.61 GF/s  setup=0.001 s
d1_twiddle               L=16384 B=64    m=1     inner=4      min=   161.194 us/xform  median=   164.069  sd=  0.51%      7.11 GF/s  setup=0.001 s
d1_twiddle               L=16384 B=64    m=1     inner=4      min=   119.807 us/xform  median=   119.971  sd=  0.16%      9.57 GF/s  setup=0.001 s
d1_twiddle               L=16384 B=64    m=1     inner=4      min=   159.101 us/xform  median=   159.630  sd=  0.10%      7.21 GF/s  setup=0.001 s
fftw1d_estimate          L=16384 B=64    m=1     inner=4      min=    96.547 us/xform  median=   125.140  sd= 10.53%     11.88 GF/s  setup=0.001 s
fftw1d_estimate          L=16384 B=64    m=1     inner=6      min=    90.011 us/xform  median=    90.273  sd=  0.23%     12.74 GF/s  setup=0.001 s
fftw1d_estimate          L=16384 B=64    m=1     inner=4      min=   116.960 us/xform  median=   132.607  sd=  3.49%      9.81 GF/s  setup=0.001 s
fftw1d_estimate          L=16384 B=64    m=1     inner=4      min=   135.625 us/xform  median=   136.171  sd=  0.29%      8.46 GF/s  setup=0.001 s
fftw1d_estimate          L=16384 B=64    m=1     inner=4      min=   132.490 us/xform  median=   133.191  sd=  0.29%      8.66 GF/s  setup=0.001 s
fftw1d_estimate          L=16384 B=64    m=1     inner=4      min=   132.940 us/xform  median=   133.180  sd=  0.20%      8.63 GF/s  setup=0.001 s
fftw1d_estimate          L=16384 B=64    m=1     inner=6      min=    91.535 us/xform  median=    91.895  sd=  0.36%     12.53 GF/s  setup=0.001 s
fftw1d_estimate          L=16384 B=64    m=1     inner=4      min=   115.350 us/xform  median=   130.871  sd=  3.55%      9.94 GF/s  setup=0.001 s
fftw1d_estimate          L=16384 B=64    m=1     inner=6      min=    89.739 us/xform  median=    89.914  sd=  0.46%     12.78 GF/s  setup=0.001 s
fftw1d_measure           L=16384 B=64    m=1     inner=6      min=    84.148 us/xform  median=    84.528  sd=  1.93%     13.63 GF/s  setup=0.620 s
fftw1d_measure           L=16384 B=64    m=1     inner=8      min=    63.148 us/xform  median=    63.301  sd=  0.25%     18.16 GF/s  setup=0.572 s
fftw1d_measure           L=16384 B=64    m=1     inner=8      min=    63.079 us/xform  median=    63.318  sd=  0.20%     18.18 GF/s  setup=0.567 s
fftw1d_measure           L=16384 B=64    m=1     inner=8      min=    63.100 us/xform  median=    63.297  sd=  0.31%     18.18 GF/s  setup=0.565 s
fftw1d_measure           L=16384 B=64    m=1     inner=6      min=    95.584 us/xform  median=    95.868  sd=  0.31%     12.00 GF/s  setup=0.620 s
fftw1d_measure           L=16384 B=64    m=1     inner=8      min=    64.158 us/xform  median=    64.371  sd=  0.25%     17.88 GF/s  setup=0.572 s
fftw1d_measure           L=16384 B=64    m=1     inner=8      min=    63.485 us/xform  median=    63.629  sd=  0.22%     18.07 GF/s  setup=0.568 s
fftw1d_measure           L=16384 B=64    m=1     inner=6      min=    96.937 us/xform  median=    97.138  sd=  0.31%     11.83 GF/s  setup=0.618 s
fftw1d_measure           L=16384 B=64    m=1     inner=8      min=    62.440 us/xform  median=    62.616  sd=  0.19%     18.37 GF/s  setup=0.599 s
fftw1d_patient           L=16384 B=64    m=1     inner=14     min=    45.147 us/xform  median=    45.972  sd=  0.54%     25.40 GF/s  setup=67.743 s
fftw1d_patient           L=16384 B=64    m=1     inner=12     min=    45.824 us/xform  median=    45.922  sd=  0.13%     25.03 GF/s  setup=66.784 s
fftw1d_patient           L=16384 B=64    m=1     inner=12     min=    49.651 us/xform  median=    49.759  sd=  0.22%     23.10 GF/s  setup=69.283 s
fftw1d_patient           L=16384 B=64    m=1     inner=12     min=    46.715 us/xform  median=    46.739  sd=  0.06%     24.55 GF/s  setup=68.955 s
fftw1d_patient           L=16384 B=64    m=1     inner=12     min=    44.956 us/xform  median=    45.085  sd=  0.14%     25.51 GF/s  setup=67.554 s
fftw1d_patient           L=16384 B=64    m=1     inner=12     min=    48.569 us/xform  median=    48.719  sd=  0.37%     23.61 GF/s  setup=68.984 s
fftw1d_patient           L=16384 B=64    m=1     inner=12     min=    47.932 us/xform  median=    48.005  sd=  0.11%     23.93 GF/s  setup=67.506 s
fftw1d_patient           L=16384 B=64    m=1     inner=12     min=    47.055 us/xform  median=    47.133  sd=  0.23%     24.37 GF/s  setup=69.021 s
fftw1d_patient           L=16384 B=64    m=1     inner=10     min=    53.343 us/xform  median=    53.460  sd=  0.29%     21.50 GF/s  setup=68.402 s
mkl1d_dfti               L=16384 B=64    m=1     inner=10     min=    66.708 us/xform  median=    71.493  sd=  1.97%     17.19 GF/s  setup=0.003 s
mkl1d_dfti               L=16384 B=64    m=1     inner=8      min=    54.963 us/xform  median=    55.053  sd=  0.98%     20.87 GF/s  setup=0.003 s
mkl1d_dfti               L=16384 B=64    m=1     inner=10     min=    60.866 us/xform  median=    60.991  sd=  0.12%     18.84 GF/s  setup=0.003 s
mkl1d_dfti               L=16384 B=64    m=1     inner=8      min=    60.692 us/xform  median=    60.810  sd=  0.12%     18.90 GF/s  setup=0.003 s
mkl1d_dfti               L=16384 B=64    m=1     inner=8      min=    62.117 us/xform  median=    62.244  sd=  0.15%     18.46 GF/s  setup=0.003 s
mkl1d_dfti               L=16384 B=64    m=1     inner=8      min=    74.272 us/xform  median=    74.366  sd=  0.19%     15.44 GF/s  setup=0.003 s
mkl1d_dfti               L=16384 B=64    m=1     inner=8      min=    60.769 us/xform  median=    61.013  sd=  0.23%     18.87 GF/s  setup=0.003 s
mkl1d_dfti               L=16384 B=64    m=1     inner=8      min=    73.748 us/xform  median=    73.880  sd=  0.15%     15.55 GF/s  setup=0.003 s
mkl1d_dfti               L=16384 B=64    m=1     inner=8      min=    61.134 us/xform  median=    61.295  sd=  0.28%     18.76 GF/s  setup=0.003 s
   skipping baseline_dft at L=1021 B=256 (too expensive to be informative)
d1_bluestein             L=1021 B=256   m=1     inner=10     min=    15.253 us/xform  median=    15.267  sd=  0.04%      3.35 GF/s  setup=0.000 s
d1_bluestein             L=1021 B=256   m=1     inner=10     min=    15.129 us/xform  median=    15.145  sd=  0.05%      3.37 GF/s  setup=0.000 s
d1_bluestein             L=1021 B=256   m=1     inner=10     min=    15.141 us/xform  median=    15.152  sd=  0.03%      3.37 GF/s  setup=0.000 s
d1_bluestein             L=1021 B=256   m=1     inner=8      min=    15.604 us/xform  median=    15.612  sd=  0.04%      3.27 GF/s  setup=0.000 s
d1_bluestein             L=1021 B=256   m=1     inner=10     min=    15.114 us/xform  median=    15.119  sd=  0.03%      3.38 GF/s  setup=0.000 s
d1_bluestein             L=1021 B=256   m=1     inner=10     min=    15.362 us/xform  median=    15.369  sd=  0.03%      3.32 GF/s  setup=0.000 s
d1_bluestein             L=1021 B=256   m=1     inner=10     min=    15.310 us/xform  median=    15.324  sd=  0.06%      3.33 GF/s  setup=0.000 s
d1_bluestein             L=1021 B=256   m=1     inner=10     min=    15.109 us/xform  median=    15.117  sd=  0.04%      3.38 GF/s  setup=0.000 s
d1_bluestein             L=1021 B=256   m=1     inner=10     min=    15.145 us/xform  median=    15.152  sd=  0.03%      3.37 GF/s  setup=0.000 s
d1_planner               L=1021 B=256   m=1     inner=4      min=    29.399 us/xform  median=    29.407  sd=  0.02%      1.74 GF/s  setup=0.000 s
d1_planner               L=1021 B=256   m=1     inner=4      min=    29.379 us/xform  median=    29.387  sd=  0.03%      1.74 GF/s  setup=0.000 s
d1_planner               L=1021 B=256   m=1     inner=4      min=    29.575 us/xform  median=    29.587  sd=  0.02%      1.73 GF/s  setup=0.000 s
d1_planner               L=1021 B=256   m=1     inner=4      min=    29.372 us/xform  median=    29.382  sd=  0.04%      1.74 GF/s  setup=0.000 s
d1_planner               L=1021 B=256   m=1     inner=4      min=    30.243 us/xform  median=    30.259  sd=  0.04%      1.69 GF/s  setup=0.000 s
d1_planner               L=1021 B=256   m=1     inner=4      min=    29.384 us/xform  median=    29.397  sd=  0.04%      1.74 GF/s  setup=0.000 s
d1_planner               L=1021 B=256   m=1     inner=4      min=    29.383 us/xform  median=    29.397  sd=  0.03%      1.74 GF/s  setup=0.000 s
d1_planner               L=1021 B=256   m=1     inner=4      min=    27.361 us/xform  median=    30.240  sd=  2.77%      1.86 GF/s  setup=0.000 s
d1_planner               L=1021 B=256   m=1     inner=4      min=    29.387 us/xform  median=    29.398  sd=  0.02%      1.74 GF/s  setup=0.000 s
d1_race                  L=1021 B=256   m=1     inner=8      min=    16.163 us/xform  median=    16.174  sd=  0.16%      3.16 GF/s  setup=1.725 s
d1_race                  L=1021 B=256   m=1     inner=8      min=    16.194 us/xform  median=    16.207  sd=  0.03%      3.15 GF/s  setup=0.007 s
d1_race                  L=1021 B=256   m=1     inner=8      min=    15.801 us/xform  median=    15.810  sd=  0.04%      3.23 GF/s  setup=0.009 s
d1_race                  L=1021 B=256   m=1     inner=8      min=    16.225 us/xform  median=    16.233  sd=  0.04%      3.15 GF/s  setup=0.007 s
d1_race                  L=1021 B=256   m=1     inner=8      min=    15.866 us/xform  median=    15.877  sd=  0.04%      3.22 GF/s  setup=0.005 s
d1_race                  L=1021 B=256   m=1     inner=8      min=    15.846 us/xform  median=    15.861  sd=  0.04%      3.22 GF/s  setup=0.007 s
d1_race                  L=1021 B=256   m=1     inner=8      min=    15.822 us/xform  median=    15.827  sd=  0.03%      3.23 GF/s  setup=0.008 s
d1_race                  L=1021 B=256   m=1     inner=8      min=    16.466 us/xform  median=    16.480  sd=  0.04%      3.10 GF/s  setup=0.004 s
d1_race                  L=1021 B=256   m=1     inner=8      min=    15.853 us/xform  median=    15.861  sd=  0.04%      3.22 GF/s  setup=0.007 s
d1_rader                 L=1021 B=256   m=1     inner=10     min=    16.085 us/xform  median=    16.189  sd=  0.18%      3.17 GF/s  setup=0.000 s
d1_rader                 L=1021 B=256   m=1     inner=8      min=    13.916 us/xform  median=    15.969  sd=  3.82%      3.67 GF/s  setup=0.000 s
d1_rader                 L=1021 B=256   m=1     inner=8      min=    16.643 us/xform  median=    16.657  sd=  0.05%      3.07 GF/s  setup=0.000 s
d1_rader                 L=1021 B=256   m=1     inner=8      min=    16.671 us/xform  median=    16.687  sd=  0.05%      3.06 GF/s  setup=0.000 s
d1_rader                 L=1021 B=256   m=1     inner=8      min=    16.227 us/xform  median=    16.249  sd=  0.05%      3.14 GF/s  setup=0.000 s
d1_rader                 L=1021 B=256   m=1     inner=8      min=    16.142 us/xform  median=    16.159  sd=  0.07%      3.16 GF/s  setup=0.000 s
d1_rader                 L=1021 B=256   m=1     inner=8      min=    16.697 us/xform  median=    16.703  sd=  0.04%      3.06 GF/s  setup=0.000 s
d1_rader                 L=1021 B=256   m=1     inner=8      min=    16.538 us/xform  median=    16.561  sd=  0.08%      3.09 GF/s  setup=0.000 s
d1_rader                 L=1021 B=256   m=1     inner=8      min=    16.392 us/xform  median=    16.403  sd=  0.04%      3.11 GF/s  setup=0.000 s
fftw1d_estimate          L=1021 B=256   m=1     inner=10     min=    15.411 us/xform  median=    15.427  sd=  0.05%      3.31 GF/s  setup=0.001 s
fftw1d_estimate          L=1021 B=256   m=1     inner=10     min=    12.989 us/xform  median=    13.001  sd=  0.10%      3.93 GF/s  setup=0.001 s
fftw1d_estimate          L=1021 B=256   m=1     inner=10     min=    15.027 us/xform  median=    15.369  sd=  0.65%      3.40 GF/s  setup=0.001 s
fftw1d_estimate          L=1021 B=256   m=1     inner=10     min=    13.031 us/xform  median=    13.048  sd=  0.11%      3.92 GF/s  setup=0.001 s
fftw1d_estimate          L=1021 B=256   m=1     inner=12     min=    12.973 us/xform  median=    12.978  sd=  0.02%      3.93 GF/s  setup=0.001 s
fftw1d_estimate          L=1021 B=256   m=1     inner=12     min=    12.982 us/xform  median=    12.991  sd=  0.04%      3.93 GF/s  setup=0.001 s
fftw1d_estimate          L=1021 B=256   m=1     inner=10     min=    13.004 us/xform  median=    13.016  sd=  0.05%      3.92 GF/s  setup=0.001 s
fftw1d_estimate          L=1021 B=256   m=1     inner=12     min=    12.963 us/xform  median=    12.968  sd=  0.03%      3.94 GF/s  setup=0.001 s
fftw1d_estimate          L=1021 B=256   m=1     inner=10     min=    12.996 us/xform  median=    13.005  sd=  0.04%      3.93 GF/s  setup=0.001 s
fftw1d_measure           L=1021 B=256   m=1     inner=10     min=    14.201 us/xform  median=    14.215  sd=  0.06%      3.59 GF/s  setup=0.294 s
fftw1d_measure           L=1021 B=256   m=1     inner=10     min=    15.019 us/xform  median=    15.026  sd=  0.03%      3.40 GF/s  setup=0.296 s
fftw1d_measure           L=1021 B=256   m=1     inner=10     min=    12.673 us/xform  median=    15.178  sd=  6.11%      4.03 GF/s  setup=0.295 s
fftw1d_measure           L=1021 B=256   m=1     inner=10     min=    14.184 us/xform  median=    14.196  sd=  0.06%      3.60 GF/s  setup=0.295 s
fftw1d_measure           L=1021 B=256   m=1     inner=12     min=    12.056 us/xform  median=    12.065  sd=  0.05%      4.23 GF/s  setup=0.288 s
fftw1d_measure           L=1021 B=256   m=1     inner=12     min=    12.229 us/xform  median=    12.238  sd=  0.04%      4.17 GF/s  setup=0.287 s
fftw1d_measure           L=1021 B=256   m=1     inner=10     min=    14.246 us/xform  median=    14.265  sd=  0.08%      3.58 GF/s  setup=0.295 s
fftw1d_measure           L=1021 B=256   m=1     inner=12     min=    12.193 us/xform  median=    12.198  sd=  0.03%      4.19 GF/s  setup=0.288 s
fftw1d_measure           L=1021 B=256   m=1     inner=12     min=    12.278 us/xform  median=    12.289  sd=  0.04%      4.16 GF/s  setup=0.289 s
fftw1d_patient           L=1021 B=256   m=1     inner=12     min=    12.174 us/xform  median=    12.180  sd=  0.05%      4.19 GF/s  setup=2.949 s
fftw1d_patient           L=1021 B=256   m=1     inner=12     min=    12.206 us/xform  median=    12.212  sd=  0.04%      4.18 GF/s  setup=2.952 s
fftw1d_patient           L=1021 B=256   m=1     inner=12     min=    12.350 us/xform  median=    12.353  sd=  0.02%      4.13 GF/s  setup=2.947 s
fftw1d_patient           L=1021 B=256   m=1     inner=12     min=    12.234 us/xform  median=    12.246  sd=  0.04%      4.17 GF/s  setup=2.955 s
fftw1d_patient           L=1021 B=256   m=1     inner=12     min=    12.218 us/xform  median=    12.227  sd=  0.06%      4.18 GF/s  setup=2.990 s
fftw1d_patient           L=1021 B=256   m=1     inner=12     min=    12.149 us/xform  median=    12.158  sd=  0.04%      4.20 GF/s  setup=2.952 s
fftw1d_patient           L=1021 B=256   m=1     inner=12     min=    12.227 us/xform  median=    12.236  sd=  0.04%      4.17 GF/s  setup=2.958 s
fftw1d_patient           L=1021 B=256   m=1     inner=12     min=    12.278 us/xform  median=    12.283  sd=  0.04%      4.16 GF/s  setup=2.953 s
fftw1d_patient           L=1021 B=256   m=1     inner=12     min=    12.087 us/xform  median=    12.095  sd=  0.04%      4.22 GF/s  setup=2.953 s
mkl1d_dfti               L=1021 B=256   m=1     inner=14     min=     9.942 us/xform  median=     9.956  sd=  2.53%      5.13 GF/s  setup=0.047 s
mkl1d_dfti               L=1021 B=256   m=1     inner=14     min=     9.064 us/xform  median=    10.636  sd=  4.99%      5.63 GF/s  setup=0.030 s
mkl1d_dfti               L=1021 B=256   m=1     inner=16     min=     8.742 us/xform  median=     8.744  sd=  0.01%      5.84 GF/s  setup=0.014 s
mkl1d_dfti               L=1021 B=256   m=1     inner=16     min=     8.754 us/xform  median=     8.755  sd=  0.01%      5.83 GF/s  setup=0.014 s
mkl1d_dfti               L=1021 B=256   m=1     inner=16     min=     8.766 us/xform  median=     8.767  sd=  0.01%      5.82 GF/s  setup=0.014 s
mkl1d_dfti               L=1021 B=256   m=1     inner=16     min=     8.744 us/xform  median=     8.746  sd=  0.01%      5.84 GF/s  setup=0.013 s
mkl1d_dfti               L=1021 B=256   m=1     inner=16     min=     8.731 us/xform  median=     8.732  sd=  0.03%      5.84 GF/s  setup=0.013 s
mkl1d_dfti               L=1021 B=256   m=1     inner=16     min=     8.736 us/xform  median=     8.738  sd=  0.02%      5.84 GF/s  setup=0.014 s
mkl1d_dfti               L=1021 B=256   m=1     inner=16     min=     8.745 us/xform  median=     8.746  sd=  0.01%      5.84 GF/s  setup=0.013 s
   skipping baseline_dft at L=10007 B=64 (too expensive to be informative)
d1_bluestein             L=10007 B=64    m=1     inner=2      min=   235.307 us/xform  median=   235.873  sd=  0.12%      2.83 GF/s  setup=0.001 s
d1_bluestein             L=10007 B=64    m=1     inner=2      min=   240.025 us/xform  median=   240.420  sd=  0.11%      2.77 GF/s  setup=0.002 s
d1_bluestein             L=10007 B=64    m=1     inner=2      min=   235.279 us/xform  median=   235.774  sd=  0.12%      2.83 GF/s  setup=0.002 s
d1_bluestein             L=10007 B=64    m=1     inner=2      min=   240.106 us/xform  median=   273.697  sd=  4.67%      2.77 GF/s  setup=0.002 s
d1_bluestein             L=10007 B=64    m=1     inner=2      min=   204.693 us/xform  median=   204.929  sd=  0.17%      3.25 GF/s  setup=0.002 s
d1_bluestein             L=10007 B=64    m=1     inner=2      min=   205.504 us/xform  median=   205.744  sd=  0.05%      3.24 GF/s  setup=0.001 s
d1_bluestein             L=10007 B=64    m=1     inner=2      min=   267.403 us/xform  median=   268.599  sd=  0.20%      2.49 GF/s  setup=0.002 s
d1_bluestein             L=10007 B=64    m=1     inner=1      min=   336.202 us/xform  median=   336.790  sd=  0.11%      1.98 GF/s  setup=0.002 s
d1_bluestein             L=10007 B=64    m=1     inner=2      min=   269.233 us/xform  median=   269.708  sd=  0.13%      2.47 GF/s  setup=0.002 s
d1_planner               L=10007 B=64    m=1     inner=1      min=   406.839 us/xform  median=   407.188  sd=  0.07%      1.63 GF/s  setup=0.002 s
d1_planner               L=10007 B=64    m=1     inner=1      min=   454.942 us/xform  median=   455.769  sd=  0.17%      1.46 GF/s  setup=0.003 s
d1_planner               L=10007 B=64    m=1     inner=1      min=   457.223 us/xform  median=   457.942  sd=  0.10%      1.45 GF/s  setup=0.003 s
d1_planner               L=10007 B=64    m=1     inner=1      min=   457.014 us/xform  median=   457.300  sd=  0.05%      1.45 GF/s  setup=0.003 s
d1_planner               L=10007 B=64    m=1     inner=1      min=   448.866 us/xform  median=   449.285  sd=  0.07%      1.48 GF/s  setup=0.003 s
d1_planner               L=10007 B=64    m=1     inner=1      min=   447.302 us/xform  median=   447.598  sd=  0.11%      1.49 GF/s  setup=0.003 s
d1_planner               L=10007 B=64    m=1     inner=1      min=   358.785 us/xform  median=   380.513  sd= 11.17%      1.85 GF/s  setup=0.003 s
d1_planner               L=10007 B=64    m=1     inner=1      min=   447.833 us/xform  median=   448.015  sd=  0.20%      1.48 GF/s  setup=0.003 s
d1_planner               L=10007 B=64    m=1     inner=1      min=   457.003 us/xform  median=   457.394  sd=  0.04%      1.45 GF/s  setup=0.003 s
d1_race                  L=10007 B=64    m=1     inner=2      min=   235.098 us/xform  median=   235.370  sd=  0.13%      2.83 GF/s  setup=3.497 s
d1_race                  L=10007 B=64    m=1     inner=2      min=   267.992 us/xform  median=   269.521  sd=  0.19%      2.48 GF/s  setup=0.007 s
d1_race                  L=10007 B=64    m=1     inner=2      min=   267.330 us/xform  median=   267.872  sd=  0.16%      2.49 GF/s  setup=0.007 s
d1_race                  L=10007 B=64    m=1     inner=2      min=   268.918 us/xform  median=   269.098  sd=  0.10%      2.47 GF/s  setup=0.010 s
d1_race                  L=10007 B=64    m=1     inner=2      min=   203.728 us/xform  median=   203.957  sd=  0.06%      3.26 GF/s  setup=0.005 s
d1_race                  L=10007 B=64    m=1     inner=2      min=   203.983 us/xform  median=   204.137  sd=  0.06%      3.26 GF/s  setup=0.005 s
d1_race                  L=10007 B=64    m=1     inner=2      min=   275.342 us/xform  median=   276.239  sd=  0.14%      2.41 GF/s  setup=0.011 s
d1_race                  L=10007 B=64    m=1     inner=2      min=   281.956 us/xform  median=   282.196  sd=  0.06%      2.36 GF/s  setup=0.010 s
d1_race                  L=10007 B=64    m=1     inner=2      min=   283.930 us/xform  median=   296.384  sd=  1.71%      2.34 GF/s  setup=0.007 s
fftw1d_estimate          L=10007 B=64    m=1     inner=1      min=   448.454 us/xform  median=   449.026  sd=  0.16%      1.48 GF/s  setup=0.002 s
fftw1d_estimate          L=10007 B=64    m=1     inner=1      min=   361.137 us/xform  median=   361.932  sd=  0.11%      1.84 GF/s  setup=0.002 s
fftw1d_estimate          L=10007 B=64    m=1     inner=1      min=   364.490 us/xform  median=   365.257  sd=  0.08%      1.82 GF/s  setup=0.002 s
fftw1d_estimate          L=10007 B=64    m=1     inner=1      min=   446.565 us/xform  median=   447.364  sd=  0.09%      1.49 GF/s  setup=0.002 s
fftw1d_estimate          L=10007 B=64    m=1     inner=1      min=   455.468 us/xform  median=   455.835  sd=  0.10%      1.46 GF/s  setup=0.003 s
fftw1d_estimate          L=10007 B=64    m=1     inner=1      min=   360.465 us/xform  median=   360.949  sd=  0.09%      1.84 GF/s  setup=0.003 s
fftw1d_estimate          L=10007 B=64    m=1     inner=1      min=   359.424 us/xform  median=   359.892  sd=  0.08%      1.85 GF/s  setup=0.002 s
fftw1d_estimate          L=10007 B=64    m=1     inner=1      min=   358.910 us/xform  median=   359.556  sd=  0.09%      1.85 GF/s  setup=0.002 s
fftw1d_estimate          L=10007 B=64    m=1     inner=1      min=   449.408 us/xform  median=   449.508  sd=  0.05%      1.48 GF/s  setup=0.002 s
fftw1d_measure           L=10007 B=64    m=1     inner=2      min=   218.562 us/xform  median=   219.821  sd=  0.30%      3.04 GF/s  setup=1.247 s
fftw1d_measure           L=10007 B=64    m=1     inner=2      min=   218.284 us/xform  median=   271.084  sd=  9.01%      3.05 GF/s  setup=1.258 s
fftw1d_measure           L=10007 B=64    m=1     inner=2      min=   217.368 us/xform  median=   218.096  sd=  0.15%      3.06 GF/s  setup=1.135 s
fftw1d_measure           L=10007 B=64    m=1     inner=2      min=   216.497 us/xform  median=   217.143  sd=  0.15%      3.07 GF/s  setup=1.136 s
fftw1d_measure           L=10007 B=64    m=1     inner=2      min=   221.582 us/xform  median=   221.958  sd=  0.14%      3.00 GF/s  setup=1.145 s
fftw1d_measure           L=10007 B=64    m=1     inner=2      min=   218.652 us/xform  median=   220.318  sd=  0.92%      3.04 GF/s  setup=1.254 s
fftw1d_measure           L=10007 B=64    m=1     inner=2      min=   218.261 us/xform  median=   218.822  sd=  0.15%      3.05 GF/s  setup=1.144 s
fftw1d_measure           L=10007 B=64    m=1     inner=2      min=   222.277 us/xform  median=   223.696  sd=  4.27%      2.99 GF/s  setup=1.266 s
fftw1d_measure           L=10007 B=64    m=1     inner=2      min=   216.746 us/xform  median=   217.676  sd=  1.20%      3.07 GF/s  setup=1.259 s
fftw1d_patient           L=10007 B=64    m=1     inner=2      min=   206.013 us/xform  median=   206.832  sd=  0.26%      3.23 GF/s  setup=19.734 s
fftw1d_patient           L=10007 B=64    m=1     inner=2      min=   208.648 us/xform  median=   210.608  sd=  0.38%      3.19 GF/s  setup=19.850 s
fftw1d_patient           L=10007 B=64    m=1     inner=2      min=   207.107 us/xform  median=   207.893  sd=  0.49%      3.21 GF/s  setup=19.848 s
fftw1d_patient           L=10007 B=64    m=1     inner=2      min=   216.102 us/xform  median=   216.737  sd=  0.16%      3.08 GF/s  setup=19.732 s
fftw1d_patient           L=10007 B=64    m=1     inner=2      min=   206.572 us/xform  median=   208.157  sd=  0.33%      3.22 GF/s  setup=19.801 s
fftw1d_patient           L=10007 B=64    m=1     inner=2      min=   203.381 us/xform  median=   209.758  sd=  1.29%      3.27 GF/s  setup=19.748 s
fftw1d_patient           L=10007 B=64    m=1     inner=2      min=   214.045 us/xform  median=   214.611  sd=  0.17%      3.11 GF/s  setup=19.857 s
fftw1d_patient           L=10007 B=64    m=1     inner=2      min=   210.402 us/xform  median=   212.252  sd=  0.65%      3.16 GF/s  setup=19.887 s
fftw1d_patient           L=10007 B=64    m=1     inner=2      min=   208.930 us/xform  median=   210.628  sd=  0.36%      3.18 GF/s  setup=19.838 s
mkl1d_dfti               L=10007 B=64    m=1     inner=1      min=   370.386 us/xform  median=   371.231  sd=  0.17%      1.80 GF/s  setup=0.053 s
mkl1d_dfti               L=10007 B=64    m=1     inner=1      min=   370.114 us/xform  median=   370.995  sd=  0.22%      1.80 GF/s  setup=0.035 s
mkl1d_dfti               L=10007 B=64    m=1     inner=1      min=   374.977 us/xform  median=   375.534  sd=  0.16%      1.77 GF/s  setup=0.035 s
mkl1d_dfti               L=10007 B=64    m=1     inner=1      min=   367.435 us/xform  median=   368.379  sd=  0.19%      1.81 GF/s  setup=0.034 s
mkl1d_dfti               L=10007 B=64    m=1     inner=1      min=   367.796 us/xform  median=   368.572  sd=  0.20%      1.81 GF/s  setup=0.033 s
mkl1d_dfti               L=10007 B=64    m=1     inner=1      min=   367.550 us/xform  median=   369.598  sd=  0.28%      1.81 GF/s  setup=0.035 s
mkl1d_dfti               L=10007 B=64    m=1     inner=1      min=   317.679 us/xform  median=   368.109  sd=  4.00%      2.09 GF/s  setup=0.039 s
mkl1d_dfti               L=10007 B=64    m=1     inner=1      min=   317.466 us/xform  median=   368.075  sd=  6.50%      2.09 GF/s  setup=0.015 s
mkl1d_dfti               L=10007 B=64    m=1     inner=1      min=   361.896 us/xform  median=   362.462  sd=  0.08%      1.84 GF/s  setup=0.034 s
   skipping baseline_dft at L=65537 B=16 (too expensive to be informative)
d1_bluestein             L=65537 B=16    m=1     inner=1      min=  2764.771 us/xform  median=  2767.638  sd=  0.11%      1.90 GF/s  setup=0.011 s
d1_bluestein             L=65537 B=16    m=1     inner=1      min=  2766.719 us/xform  median=  2769.247  sd=  0.15%      1.90 GF/s  setup=0.010 s
d1_bluestein             L=65537 B=16    m=1     inner=1      min=  2822.250 us/xform  median=  2824.768  sd=  0.06%      1.86 GF/s  setup=0.011 s
d1_bluestein             L=65537 B=16    m=1     inner=1      min=  2878.872 us/xform  median=  2880.078  sd=  0.11%      1.82 GF/s  setup=0.011 s
d1_bluestein             L=65537 B=16    m=1     inner=1      min=  2823.708 us/xform  median=  2825.647  sd=  0.07%      1.86 GF/s  setup=0.011 s
d1_bluestein             L=65537 B=16    m=1     inner=1      min=  2994.324 us/xform  median=  2995.894  sd=  0.07%      1.75 GF/s  setup=0.011 s
d1_bluestein             L=65537 B=16    m=1     inner=1      min=  2870.482 us/xform  median=  2872.940  sd=  1.86%      1.83 GF/s  setup=0.010 s
d1_bluestein             L=65537 B=16    m=1     inner=1      min=  2826.715 us/xform  median=  2827.840  sd=  0.20%      1.85 GF/s  setup=0.011 s
d1_bluestein             L=65537 B=16    m=1     inner=1      min=  2878.194 us/xform  median=  2880.177  sd=  0.03%      1.82 GF/s  setup=0.011 s
d1_planner               L=65537 B=16    m=1     inner=1      min=  2086.558 us/xform  median=  2098.631  sd=  0.34%      2.51 GF/s  setup=0.009 s
d1_planner               L=65537 B=16    m=1     inner=1      min=  2139.066 us/xform  median=  2144.875  sd=  0.23%      2.45 GF/s  setup=0.010 s
d1_planner               L=65537 B=16    m=1     inner=1      min=  2186.450 us/xform  median=  2192.270  sd=  0.14%      2.40 GF/s  setup=0.010 s
d1_planner               L=65537 B=16    m=1     inner=1      min=  2206.591 us/xform  median=  2260.376  sd=  1.85%      2.38 GF/s  setup=0.010 s
d1_planner               L=65537 B=16    m=1     inner=1      min=  2134.995 us/xform  median=  2141.130  sd=  0.14%      2.46 GF/s  setup=0.010 s
d1_planner               L=65537 B=16    m=1     inner=1      min=  2156.623 us/xform  median=  2162.181  sd=  0.12%      2.43 GF/s  setup=0.010 s
d1_planner               L=65537 B=16    m=1     inner=1      min=  2495.984 us/xform  median=  2500.131  sd=  0.14%      2.10 GF/s  setup=0.011 s
d1_planner               L=65537 B=16    m=1     inner=1      min=  2412.201 us/xform  median=  2417.857  sd=  0.12%      2.17 GF/s  setup=0.010 s
d1_planner               L=65537 B=16    m=1     inner=1      min=  2176.127 us/xform  median=  2200.137  sd=  0.54%      2.41 GF/s  setup=0.011 s
d1_race                  L=65537 B=16    m=1     inner=1      min=  1390.902 us/xform  median=  1397.351  sd=  0.36%      3.77 GF/s  setup=5.712 s
d1_race                  L=65537 B=16    m=1     inner=1      min=  1553.342 us/xform  median=  1556.757  sd=  0.18%      3.38 GF/s  setup=0.013 s
d1_race                  L=65537 B=16    m=1     inner=1      min=  1547.984 us/xform  median=  1550.332  sd=  0.13%      3.39 GF/s  setup=0.012 s
d1_race                  L=65537 B=16    m=1     inner=1      min=  1669.063 us/xform  median=  1672.166  sd=  0.11%      3.14 GF/s  setup=0.014 s
d1_race                  L=65537 B=16    m=1     inner=1      min=  1549.409 us/xform  median=  1552.175  sd=  0.18%      3.38 GF/s  setup=0.015 s
d1_race                  L=65537 B=16    m=1     inner=1      min=  1669.878 us/xform  median=  1672.748  sd=  0.08%      3.14 GF/s  setup=0.012 s
d1_race                  L=65537 B=16    m=1     inner=1      min=  1550.008 us/xform  median=  1552.648  sd=  0.10%      3.38 GF/s  setup=0.016 s
d1_race                  L=65537 B=16    m=1     inner=1      min=  1378.540 us/xform  median=  1382.500  sd=  0.17%      3.80 GF/s  setup=0.010 s
d1_race                  L=65537 B=16    m=1     inner=1      min=  1560.262 us/xform  median=  1564.429  sd=  0.12%      3.36 GF/s  setup=0.013 s
d1_rader                 L=65537 B=16    m=1     inner=1      min=  1561.162 us/xform  median=  1563.287  sd=  0.10%      3.36 GF/s  setup=0.006 s
d1_rader                 L=65537 B=16    m=1     inner=1      min=  1686.931 us/xform  median=  1689.409  sd=  0.10%      3.11 GF/s  setup=0.007 s
d1_rader                 L=65537 B=16    m=1     inner=1      min=  1880.175 us/xform  median=  1884.781  sd=  0.12%      2.79 GF/s  setup=0.006 s
d1_rader                 L=65537 B=16    m=1     inner=1      min=  1886.568 us/xform  median=  1914.402  sd=  3.71%      2.78 GF/s  setup=0.006 s
d1_rader                 L=65537 B=16    m=1     inner=1      min=  1533.130 us/xform  median=  1538.998  sd=  0.14%      3.42 GF/s  setup=0.007 s
d1_rader                 L=65537 B=16    m=1     inner=1      min=  1368.397 us/xform  median=  1372.976  sd=  0.26%      3.83 GF/s  setup=0.007 s
d1_rader                 L=65537 B=16    m=1     inner=1      min=  1557.124 us/xform  median=  1559.074  sd=  0.12%      3.37 GF/s  setup=0.006 s
d1_rader                 L=65537 B=16    m=1     inner=1      min=  1603.502 us/xform  median=  1637.727  sd=  1.09%      3.27 GF/s  setup=0.007 s
d1_rader                 L=65537 B=16    m=1     inner=1      min=  1388.794 us/xform  median=  1393.462  sd=  0.21%      3.78 GF/s  setup=0.007 s
fftw1d_estimate          L=65537 B=16    m=1     inner=1      min=  2315.817 us/xform  median=  2367.357  sd=  0.89%      2.26 GF/s  setup=0.009 s
fftw1d_estimate          L=65537 B=16    m=1     inner=1      min=  1865.741 us/xform  median=  1867.209  sd=  0.07%      2.81 GF/s  setup=0.009 s
fftw1d_estimate          L=65537 B=16    m=1     inner=1      min=  2484.422 us/xform  median=  2486.574  sd=  0.06%      2.11 GF/s  setup=0.009 s
fftw1d_estimate          L=65537 B=16    m=1     inner=1      min=  1868.961 us/xform  median=  1872.651  sd=  0.10%      2.81 GF/s  setup=0.009 s
fftw1d_estimate          L=65537 B=16    m=1     inner=1      min=  2458.543 us/xform  median=  2459.893  sd=  0.07%      2.13 GF/s  setup=0.009 s
fftw1d_estimate          L=65537 B=16    m=1     inner=1      min=  2482.842 us/xform  median=  2486.388  sd=  0.10%      2.11 GF/s  setup=0.010 s
fftw1d_estimate          L=65537 B=16    m=1     inner=1      min=  1871.069 us/xform  median=  1873.662  sd=  0.08%      2.80 GF/s  setup=0.009 s
fftw1d_estimate          L=65537 B=16    m=1     inner=1      min=  2419.873 us/xform  median=  2421.800  sd=  0.06%      2.17 GF/s  setup=0.009 s
fftw1d_estimate          L=65537 B=16    m=1     inner=1      min=  1865.888 us/xform  median=  1868.683  sd=  0.17%      2.81 GF/s  setup=0.009 s
fftw1d_measure           L=65537 B=16    m=1     inner=1      min=  1648.637 us/xform  median=  1651.533  sd=  0.13%      3.18 GF/s  setup=4.369 s
fftw1d_measure           L=65537 B=16    m=1     inner=1      min=  1676.166 us/xform  median=  1678.087  sd=  0.09%      3.13 GF/s  setup=4.457 s
fftw1d_measure           L=65537 B=16    m=1     inner=1      min=  1677.158 us/xform  median=  1680.048  sd=  0.10%      3.13 GF/s  setup=4.452 s
fftw1d_measure           L=65537 B=16    m=1     inner=1      min=  1656.054 us/xform  median=  1657.823  sd=  0.09%      3.17 GF/s  setup=4.363 s
fftw1d_measure           L=65537 B=16    m=1     inner=1      min=  1693.605 us/xform  median=  1696.723  sd=  0.08%      3.10 GF/s  setup=4.289 s
fftw1d_measure           L=65537 B=16    m=1     inner=1      min=  1653.548 us/xform  median=  1655.979  sd=  0.11%      3.17 GF/s  setup=4.233 s
fftw1d_measure           L=65537 B=16    m=1     inner=1      min=  1655.375 us/xform  median=  1658.014  sd=  0.10%      3.17 GF/s  setup=4.251 s
fftw1d_measure           L=65537 B=16    m=1     inner=1      min=  1686.956 us/xform  median=  1689.226  sd=  0.08%      3.11 GF/s  setup=4.273 s
fftw1d_measure           L=65537 B=16    m=1     inner=1      min=  1651.617 us/xform  median=  1654.259  sd=  0.07%      3.17 GF/s  setup=4.236 s
fftw1d_patient           L=65537 B=16    m=1     inner=1      min=  1555.867 us/xform  median=  1557.817  sd=  0.35%      3.37 GF/s  setup=58.000 s
fftw1d_patient           L=65537 B=16    m=1     inner=1      min=  1575.509 us/xform  median=  1580.208  sd=  0.35%      3.33 GF/s  setup=58.119 s
fftw1d_patient           L=65537 B=16    m=1     inner=1      min=  1514.305 us/xform  median=  1516.088  sd=  0.10%      3.46 GF/s  setup=57.867 s
fftw1d_patient           L=65537 B=16    m=1     inner=1      min=  1557.775 us/xform  median=  1560.540  sd=  0.36%      3.37 GF/s  setup=58.129 s
fftw1d_patient           L=65537 B=16    m=1     inner=1      min=  1550.345 us/xform  median=  1551.951  sd=  0.34%      3.38 GF/s  setup=58.228 s
fftw1d_patient           L=65537 B=16    m=1     inner=1      min=  1561.921 us/xform  median=  1564.636  sd=  0.35%      3.36 GF/s  setup=58.218 s
fftw1d_patient           L=65537 B=16    m=1     inner=1      min=  1548.071 us/xform  median=  1551.043  sd=  0.31%      3.39 GF/s  setup=58.097 s
fftw1d_patient           L=65537 B=16    m=1     inner=1      min=  1520.305 us/xform  median=  1522.711  sd=  0.35%      3.45 GF/s  setup=58.193 s
fftw1d_patient           L=65537 B=16    m=1     inner=1      min=  1531.938 us/xform  median=  1533.079  sd=  0.12%      3.42 GF/s  setup=57.820 s
mkl1d_dfti               L=65537 B=16    m=1     inner=1      min=  4135.365 us/xform  median=  4147.439  sd=  0.20%      1.27 GF/s  setup=0.062 s
mkl1d_dfti               L=65537 B=16    m=1     inner=1      min=  4625.537 us/xform  median=  4634.435  sd=  0.10%      1.13 GF/s  setup=0.063 s
mkl1d_dfti               L=65537 B=16    m=1     inner=1      min=  4640.125 us/xform  median=  4642.645  sd=  0.06%      1.13 GF/s  setup=0.062 s
mkl1d_dfti               L=65537 B=16    m=1     inner=1      min=  4635.500 us/xform  median=  4641.275  sd=  0.07%      1.13 GF/s  setup=0.062 s
mkl1d_dfti               L=65537 B=16    m=1     inner=1      min=  4652.669 us/xform  median=  4669.476  sd=  0.18%      1.13 GF/s  setup=0.061 s
mkl1d_dfti               L=65537 B=16    m=1     inner=1      min=  3412.269 us/xform  median=  3415.600  sd=  7.32%      1.54 GF/s  setup=0.055 s
mkl1d_dfti               L=65537 B=16    m=1     inner=1      min=  3434.037 us/xform  median=  3435.441  sd=  0.17%      1.53 GF/s  setup=0.063 s
mkl1d_dfti               L=65537 B=16    m=1     inner=1      min=  3421.702 us/xform  median=  3426.634  sd=  0.43%      1.53 GF/s  setup=0.055 s
mkl1d_dfti               L=65537 B=16    m=1     inner=1      min=  3411.521 us/xform  median=  3412.793  sd=  0.03%      1.54 GF/s  setup=0.060 s
   skipping baseline_dft at L=100003 B=8 (too expensive to be informative)
d1_bluestein             L=100003 B=8     m=1     inner=1      min=  3993.875 us/xform  median=  3997.581  sd=  0.04%      2.08 GF/s  setup=0.016 s
d1_bluestein             L=100003 B=8     m=1     inner=1      min=  4063.053 us/xform  median=  4129.187  sd=  0.84%      2.04 GF/s  setup=0.016 s
d1_bluestein             L=100003 B=8     m=1     inner=1      min=  4090.206 us/xform  median=  4092.176  sd=  0.13%      2.03 GF/s  setup=0.017 s
d1_bluestein             L=100003 B=8     m=1     inner=1      min=  3663.615 us/xform  median=  3667.147  sd=  0.17%      2.27 GF/s  setup=0.016 s
d1_bluestein             L=100003 B=8     m=1     inner=1      min=  3657.008 us/xform  median=  3659.484  sd=  0.07%      2.27 GF/s  setup=0.012 s
d1_bluestein             L=100003 B=8     m=1     inner=1      min=  3665.493 us/xform  median=  3670.139  sd=  0.06%      2.27 GF/s  setup=0.012 s
d1_bluestein             L=100003 B=8     m=1     inner=1      min=  3652.746 us/xform  median=  3657.255  sd=  0.19%      2.27 GF/s  setup=0.012 s
d1_bluestein             L=100003 B=8     m=1     inner=1      min=  3659.918 us/xform  median=  3665.202  sd=  0.16%      2.27 GF/s  setup=0.012 s
d1_bluestein             L=100003 B=8     m=1     inner=1      min=  3672.860 us/xform  median=  3675.480  sd=  0.06%      2.26 GF/s  setup=0.012 s
d1_planner               L=100003 B=8     m=1     inner=1      min=  6294.799 us/xform  median=  6300.753  sd=  0.17%      1.32 GF/s  setup=0.026 s
d1_planner               L=100003 B=8     m=1     inner=1      min=  6308.606 us/xform  median=  6313.481  sd=  0.05%      1.32 GF/s  setup=0.024 s
d1_planner               L=100003 B=8     m=1     inner=1      min=  6293.400 us/xform  median=  6304.748  sd=  0.07%      1.32 GF/s  setup=0.024 s
d1_planner               L=100003 B=8     m=1     inner=1      min=  6301.886 us/xform  median=  6308.611  sd=  0.06%      1.32 GF/s  setup=0.024 s
d1_planner               L=100003 B=8     m=1     inner=1      min=  7522.576 us/xform  median=  7528.518  sd=  0.05%      1.10 GF/s  setup=0.031 s
d1_planner               L=100003 B=8     m=1     inner=1      min=  7546.682 us/xform  median=  7553.566  sd=  0.06%      1.10 GF/s  setup=0.032 s
d1_planner               L=100003 B=8     m=1     inner=1      min=  7535.171 us/xform  median=  7541.145  sd=  0.05%      1.10 GF/s  setup=0.031 s
d1_planner               L=100003 B=8     m=1     inner=1      min=  6284.229 us/xform  median=  6294.572  sd=  0.08%      1.32 GF/s  setup=0.029 s
d1_planner               L=100003 B=8     m=1     inner=1      min=  7513.493 us/xform  median=  7520.455  sd=  0.07%      1.11 GF/s  setup=0.030 s
d1_race                  L=100003 B=8     m=1     inner=1      min=  3810.688 us/xform  median=  3815.977  sd=  0.05%      2.18 GF/s  setup=5.603 s
d1_race                  L=100003 B=8     m=1     inner=1      min=  4269.415 us/xform  median=  4271.542  sd=  0.04%      1.95 GF/s  setup=0.025 s
d1_race                  L=100003 B=8     m=1     inner=1      min=  4270.916 us/xform  median=  4272.748  sd=  0.05%      1.94 GF/s  setup=0.021 s
d1_race                  L=100003 B=8     m=1     inner=1      min=  3655.464 us/xform  median=  3658.153  sd=  0.13%      2.27 GF/s  setup=0.021 s
d1_race                  L=100003 B=8     m=1     inner=1      min=  3657.563 us/xform  median=  3660.726  sd=  0.13%      2.27 GF/s  setup=0.016 s
d1_race                  L=100003 B=8     m=1     inner=1      min=  4278.692 us/xform  median=  4282.352  sd=  0.10%      1.94 GF/s  setup=0.024 s
d1_race                  L=100003 B=8     m=1     inner=1      min=  4287.829 us/xform  median=  4292.001  sd=  0.07%      1.94 GF/s  setup=0.020 s
d1_race                  L=100003 B=8     m=1     inner=1      min=  4120.779 us/xform  median=  4137.577  sd=  0.12%      2.02 GF/s  setup=0.023 s
d1_race                  L=100003 B=8     m=1     inner=1      min=  3986.022 us/xform  median=  3989.082  sd=  0.15%      2.08 GF/s  setup=0.023 s
fftw1d_estimate          L=100003 B=8     m=1     inner=1      min=  6132.140 us/xform  median=  6182.826  sd=  0.28%      1.35 GF/s  setup=0.012 s
fftw1d_estimate          L=100003 B=8     m=1     inner=1      min=  6557.314 us/xform  median=  6656.820  sd=  1.35%      1.27 GF/s  setup=0.013 s
fftw1d_estimate          L=100003 B=8     m=1     inner=1      min=  4998.035 us/xform  median=  5036.253  sd= 14.14%      1.66 GF/s  setup=0.013 s
fftw1d_estimate          L=100003 B=8     m=1     inner=1      min=  4997.753 us/xform  median=  5000.627  sd=  0.11%      1.66 GF/s  setup=0.010 s
fftw1d_estimate          L=100003 B=8     m=1     inner=1      min=  4996.615 us/xform  median=  5002.050  sd=  0.12%      1.66 GF/s  setup=0.010 s
fftw1d_estimate          L=100003 B=8     m=1     inner=1      min=  6933.215 us/xform  median=  6944.647  sd=  0.12%      1.20 GF/s  setup=0.013 s
fftw1d_estimate          L=100003 B=8     m=1     inner=1      min=  4999.404 us/xform  median=  5005.260  sd=  0.85%      1.66 GF/s  setup=0.013 s
fftw1d_estimate          L=100003 B=8     m=1     inner=1      min=  6827.227 us/xform  median=  6831.353  sd=  0.08%      1.22 GF/s  setup=0.013 s
fftw1d_estimate          L=100003 B=8     m=1     inner=1      min=  6825.733 us/xform  median=  6830.879  sd=  0.03%      1.22 GF/s  setup=0.014 s
fftw1d_measure           L=100003 B=8     m=1     inner=1      min=  2859.826 us/xform  median=  2865.530  sd=  0.53%      2.90 GF/s  setup=4.700 s
fftw1d_measure           L=100003 B=8     m=1     inner=1      min=  3049.659 us/xform  median=  3053.868  sd=  0.42%      2.72 GF/s  setup=4.655 s
fftw1d_measure           L=100003 B=8     m=1     inner=1      min=  3139.883 us/xform  median=  3144.663  sd=  0.32%      2.65 GF/s  setup=4.795 s
fftw1d_measure           L=100003 B=8     m=1     inner=1      min=  2879.309 us/xform  median=  2887.658  sd=  0.35%      2.88 GF/s  setup=4.641 s
fftw1d_measure           L=100003 B=8     m=1     inner=1      min=  3038.277 us/xform  median=  3044.432  sd=  0.57%      2.73 GF/s  setup=4.649 s
fftw1d_measure           L=100003 B=8     m=1     inner=1      min=  3124.084 us/xform  median=  3131.637  sd=  0.35%      2.66 GF/s  setup=4.808 s
fftw1d_measure           L=100003 B=8     m=1     inner=1      min=  3051.812 us/xform  median=  3058.864  sd=  0.31%      2.72 GF/s  setup=4.803 s
fftw1d_measure           L=100003 B=8     m=1     inner=1      min=  3109.699 us/xform  median=  3112.493  sd=  0.46%      2.67 GF/s  setup=4.694 s
fftw1d_measure           L=100003 B=8     m=1     inner=1      min=  3109.436 us/xform  median=  3115.878  sd=  0.33%      2.67 GF/s  setup=4.803 s
fftw1d_patient           L=100003 B=8     m=1     inner=1      min=  2844.131 us/xform  median=  2852.118  sd=  0.20%      2.92 GF/s  setup=62.799 s
fftw1d_patient           L=100003 B=8     m=1     inner=1      min=  2839.358 us/xform  median=  2848.125  sd=  0.15%      2.92 GF/s  setup=62.860 s
fftw1d_patient           L=100003 B=8     m=1     inner=1      min=  2817.705 us/xform  median=  2825.638  sd=  0.19%      2.95 GF/s  setup=62.726 s
fftw1d_patient           L=100003 B=8     m=1     inner=1      min=  2798.232 us/xform  median=  2813.628  sd=  0.21%      2.97 GF/s  setup=62.554 s
fftw1d_patient           L=100003 B=8     m=1     inner=1      min=  2839.087 us/xform  median=  2844.087  sd=  0.13%      2.93 GF/s  setup=62.665 s
fftw1d_patient           L=100003 B=8     m=1     inner=1      min=  2817.969 us/xform  median=  2825.876  sd=  0.19%      2.95 GF/s  setup=62.792 s
fftw1d_patient           L=100003 B=8     m=1     inner=1      min=  2786.779 us/xform  median=  2792.876  sd=  0.14%      2.98 GF/s  setup=62.596 s
fftw1d_patient           L=100003 B=8     m=1     inner=1      min=  3034.266 us/xform  median=  3061.334  sd=  0.70%      2.74 GF/s  setup=62.968 s
fftw1d_patient           L=100003 B=8     m=1     inner=1      min=  3062.630 us/xform  median=  3090.615  sd=  0.88%      2.71 GF/s  setup=62.909 s
mkl1d_dfti               L=100003 B=8     m=1     inner=1      min=  4217.903 us/xform  median=  4240.448  sd=  0.92%      1.97 GF/s  setup=0.070 s
mkl1d_dfti               L=100003 B=8     m=1     inner=1      min=  4547.482 us/xform  median=  4553.226  sd=  0.10%      1.83 GF/s  setup=0.025 s
mkl1d_dfti               L=100003 B=8     m=1     inner=1      min=  4919.136 us/xform  median=  4933.194  sd=  0.19%      1.69 GF/s  setup=0.078 s
mkl1d_dfti               L=100003 B=8     m=1     inner=1      min=  4828.938 us/xform  median=  4835.551  sd=  0.16%      1.72 GF/s  setup=0.045 s
mkl1d_dfti               L=100003 B=8     m=1     inner=1      min=  4688.684 us/xform  median=  4695.604  sd=  0.27%      1.77 GF/s  setup=0.027 s
mkl1d_dfti               L=100003 B=8     m=1     inner=1      min=  3546.316 us/xform  median=  3551.700  sd=  0.57%      2.34 GF/s  setup=0.043 s
mkl1d_dfti               L=100003 B=8     m=1     inner=1      min=  3547.963 us/xform  median=  3551.624  sd=  0.06%      2.34 GF/s  setup=0.023 s
mkl1d_dfti               L=100003 B=8     m=1     inner=1      min=  3540.270 us/xform  median=  3546.493  sd=  0.36%      2.35 GF/s  setup=0.022 s
mkl1d_dfti               L=100003 B=8     m=1     inner=1      min=  3536.406 us/xform  median=  3540.632  sd=  0.06%      2.35 GF/s  setup=0.022 s
