baseline_matrix          L=10  B=64    m=1000  inner=1      min=    54.741 us/xform  median=    54.744  sd=  0.00%      0.91 GF/s  setup=0.000 s
baseline_matrix          L=10  B=64    m=1000  inner=1      min=    54.671 us/xform  median=    54.678  sd=  0.01%      0.91 GF/s  setup=0.000 s
baseline_matrix          L=10  B=64    m=1000  inner=1      min=    54.741 us/xform  median=    54.744  sd=  0.00%      0.91 GF/s  setup=0.000 s
baseline_matrix          L=10  B=64    m=2     inner=1      min=    66.624 us/xform  median=    66.624  sd=  0.00%      0.75 GF/s  setup=0.000 s
ducc0_c2c                L=10  B=64    m=1000  inner=1      min=     9.712 us/xform  median=     9.716  sd=  0.03%      5.13 GF/s  setup=0.000 s
ducc0_c2c                L=10  B=64    m=1000  inner=1      min=     9.809 us/xform  median=     9.813  sd=  0.04%      5.08 GF/s  setup=0.000 s
ducc0_c2c                L=10  B=64    m=1000  inner=1      min=     9.820 us/xform  median=     9.826  sd=  0.04%      5.07 GF/s  setup=0.000 s
ducc0_c2c                L=10  B=64    m=2     inner=1      min=    12.348 us/xform  median=    12.348  sd=  0.00%      4.04 GF/s  setup=0.000 s
fftw3_custom             L=10  B=64    m=1000  inner=1      min=     5.932 us/xform  median=     5.933  sd=  0.02%      8.40 GF/s  setup=0.000 s
fftw3_custom             L=10  B=64    m=1000  inner=1      min=     5.920 us/xform  median=     5.921  sd=  0.01%      8.42 GF/s  setup=0.000 s
fftw3_custom             L=10  B=64    m=1000  inner=1      min=     5.940 us/xform  median=     5.943  sd=  0.02%      8.39 GF/s  setup=0.000 s
fftw3_custom             L=10  B=64    m=2     inner=1      min=    10.646 us/xform  median=    10.646  sd=  0.00%      4.68 GF/s  setup=0.000 s
fftw3_custom_soa         L=10  B=64    m=1000  inner=1      min=     4.690 us/xform  median=     4.691  sd=  0.02%     10.63 GF/s  setup=0.000 s
fftw3_custom_soa         L=10  B=64    m=1000  inner=1      min=     4.443 us/xform  median=     4.445  sd=  0.05%     11.21 GF/s  setup=0.000 s
fftw3_custom_soa         L=10  B=64    m=1000  inner=1      min=     4.612 us/xform  median=     4.613  sd=  0.03%     10.80 GF/s  setup=0.000 s
fftw3_custom_soa         L=10  B=64    m=2     inner=1      min=    13.020 us/xform  median=    13.020  sd=  0.00%      3.83 GF/s  setup=0.000 s
fftw3_estimate           L=10  B=64    m=1000  inner=1      min=     7.331 us/xform  median=     7.331  sd=  0.01%      6.80 GF/s  setup=0.001 s
fftw3_estimate           L=10  B=64    m=1000  inner=1      min=     7.401 us/xform  median=     7.402  sd=  0.00%      6.73 GF/s  setup=0.001 s
fftw3_estimate           L=10  B=64    m=1000  inner=1      min=     7.308 us/xform  median=     7.308  sd=  0.00%      6.82 GF/s  setup=0.001 s
fftw3_estimate           L=10  B=64    m=2     inner=1      min=     8.788 us/xform  median=     8.788  sd=  0.00%      5.67 GF/s  setup=0.001 s
fftw3_guru               L=10  B=64    m=1000  inner=1      min=     6.368 us/xform  median=     6.368  sd=  0.01%      7.83 GF/s  setup=0.010 s
fftw3_guru               L=10  B=64    m=1000  inner=1      min=     6.377 us/xform  median=     6.377  sd=  0.00%      7.81 GF/s  setup=0.011 s
fftw3_guru               L=10  B=64    m=1000  inner=1      min=     6.367 us/xform  median=     6.367  sd=  0.00%      7.83 GF/s  setup=0.010 s
fftw3_guru               L=10  B=64    m=2     inner=1      min=     8.925 us/xform  median=     8.925  sd=  0.00%      5.58 GF/s  setup=0.010 s
fftw3_measure            L=10  B=64    m=1000  inner=1      min=     5.243 us/xform  median=     5.243  sd=  0.01%      9.50 GF/s  setup=0.013 s
fftw3_measure            L=10  B=64    m=1000  inner=1      min=     5.200 us/xform  median=     5.201  sd=  0.01%      9.58 GF/s  setup=0.013 s
fftw3_measure            L=10  B=64    m=1000  inner=1      min=     5.205 us/xform  median=     5.206  sd=  0.03%      9.57 GF/s  setup=0.012 s
fftw3_measure            L=10  B=64    m=2     inner=2      min=     6.565 us/xform  median=     6.565  sd=  0.00%      7.59 GF/s  setup=0.013 s
fftw3_patient            L=10  B=64    m=1000  inner=1      min=     5.350 us/xform  median=     5.351  sd=  0.01%      9.31 GF/s  setup=0.022 s
fftw3_patient            L=10  B=64    m=1000  inner=1      min=     5.141 us/xform  median=     5.151  sd=  0.10%      9.69 GF/s  setup=0.022 s
fftw3_patient            L=10  B=64    m=1000  inner=1      min=     5.316 us/xform  median=     5.317  sd=  0.00%      9.37 GF/s  setup=0.022 s
fftw3_patient            L=10  B=64    m=2     inner=2      min=     6.681 us/xform  median=     6.681  sd=  0.00%      7.46 GF/s  setup=0.022 s
gen_batchlane            L=10  B=64    m=1000  inner=1      min=     1.120 us/xform  median=     1.209  sd=  6.52%     44.47 GF/s  setup=0.000 s
gen_batchlane            L=10  B=64    m=1000  inner=1      min=     1.179 us/xform  median=     1.277  sd=  2.24%     42.28 GF/s  setup=0.000 s
gen_batchlane            L=10  B=64    m=1000  inner=1      min=     1.120 us/xform  median=     1.121  sd=  0.02%     44.47 GF/s  setup=0.000 s
gen_batchlane            L=10  B=64    m=2     inner=6      min=     2.201 us/xform  median=     2.201  sd=  0.00%     22.64 GF/s  setup=0.000 s
gen_bluestein            L=10  B=64    m=1000  inner=1      min=    12.741 us/xform  median=    12.742  sd=  0.01%      3.91 GF/s  setup=0.000 s
gen_bluestein            L=10  B=64    m=1000  inner=1      min=    12.801 us/xform  median=    12.803  sd=  0.02%      3.89 GF/s  setup=0.000 s
gen_bluestein            L=10  B=64    m=1000  inner=1      min=    12.779 us/xform  median=    12.781  sd=  0.02%      3.90 GF/s  setup=0.000 s
gen_bluestein            L=10  B=64    m=2     inner=1      min=    13.665 us/xform  median=    13.665  sd=  0.00%      3.65 GF/s  setup=0.000 s
gen_dense_prime          L=10  B=64    m=1000  inner=1      min=     5.476 us/xform  median=     5.477  sd=  0.01%      9.10 GF/s  setup=0.000 s
gen_dense_prime          L=10  B=64    m=1000  inner=1      min=     5.280 us/xform  median=     5.281  sd=  0.02%      9.44 GF/s  setup=0.000 s
gen_dense_prime          L=10  B=64    m=1000  inner=1      min=     5.114 us/xform  median=     5.115  sd=  0.01%      9.74 GF/s  setup=0.000 s
gen_dense_prime          L=10  B=64    m=2     inner=2      min=     7.151 us/xform  median=     7.151  sd=  0.00%      6.97 GF/s  setup=0.000 s
gen_layout               L=10  B=64    m=1000  inner=1      min=     4.986 us/xform  median=     4.989  sd=  0.03%      9.99 GF/s  setup=0.000 s
gen_layout               L=10  B=64    m=1000  inner=1      min=     4.911 us/xform  median=     4.916  sd=  0.04%     10.15 GF/s  setup=0.000 s
gen_layout               L=10  B=64    m=1000  inner=1      min=     5.050 us/xform  median=     5.052  sd=  0.02%      9.87 GF/s  setup=0.000 s
gen_layout               L=10  B=64    m=2     inner=2      min=     5.603 us/xform  median=     5.603  sd=  0.00%      8.89 GF/s  setup=0.000 s
gen_pfa_small            L=10  B=64    m=1000  inner=1      min=     1.116 us/xform  median=     1.116  sd=  0.13%     44.64 GF/s  setup=0.000 s
gen_pfa_small            L=10  B=64    m=1000  inner=1      min=     1.118 us/xform  median=     1.119  sd=  0.02%     44.56 GF/s  setup=0.000 s
gen_pfa_small            L=10  B=64    m=1000  inner=1      min=     1.116 us/xform  median=     1.117  sd=  0.02%     44.64 GF/s  setup=0.000 s
gen_pfa_small            L=10  B=64    m=2     inner=6      min=     2.128 us/xform  median=     2.128  sd=  0.00%     23.42 GF/s  setup=0.000 s
gen_planner              L=10  B=64    m=1000  inner=1      min=     1.361 us/xform  median=     1.365  sd=  0.21%     36.62 GF/s  setup=0.005 s
gen_planner              L=10  B=64    m=1000  inner=1      min=     1.319 us/xform  median=     1.320  sd=  0.03%     37.79 GF/s  setup=0.003 s
gen_planner              L=10  B=64    m=1000  inner=1      min=     1.327 us/xform  median=     1.329  sd=  0.21%     37.55 GF/s  setup=0.002 s
gen_planner              L=10  B=64    m=2     inner=2      min=     6.061 us/xform  median=     6.061  sd=  0.00%      8.22 GF/s  setup=0.002 s
gen_race                 L=10  B=64    m=1000  inner=1      min=     1.279 us/xform  median=     1.279  sd=  0.02%     38.97 GF/s  setup=15.654 s
gen_race                 L=10  B=64    m=1000  inner=1      min=     1.122 us/xform  median=     1.123  sd=  0.02%     44.41 GF/s  setup=0.009 s
gen_race                 L=10  B=64    m=1000  inner=1      min=     1.277 us/xform  median=     1.278  sd=  0.01%     39.01 GF/s  setup=0.010 s
gen_race                 L=10  B=64    m=2     inner=6      min=     2.218 us/xform  median=     2.218  sd=  0.00%     22.46 GF/s  setup=0.005 s
gen_twiddle              L=10  B=64    m=1000  inner=1      min=     4.318 us/xform  median=     4.319  sd=  0.01%     11.54 GF/s  setup=0.003 s
gen_twiddle              L=10  B=64    m=1000  inner=1      min=     4.299 us/xform  median=     4.300  sd=  0.01%     11.59 GF/s  setup=0.003 s
gen_twiddle              L=10  B=64    m=1000  inner=1      min=     4.245 us/xform  median=     4.246  sd=  0.01%     11.74 GF/s  setup=0.002 s
gen_twiddle              L=10  B=64    m=2     inner=2      min=     5.454 us/xform  median=     5.454  sd=  0.00%      9.14 GF/s  setup=0.003 s
mkl2026_dfti             L=10  B=64    m=1000  inner=1      min=     4.669 us/xform  median=     4.673  sd=  0.05%     10.67 GF/s  setup=0.002 s
mkl2026_dfti             L=10  B=64    m=1000  inner=1      min=     4.632 us/xform  median=     4.638  sd=  0.09%     10.76 GF/s  setup=0.002 s
mkl2026_dfti             L=10  B=64    m=1000  inner=1      min=     4.632 us/xform  median=     4.636  sd=  0.10%     10.76 GF/s  setup=0.001 s
mkl2026_dfti             L=10  B=64    m=2     inner=2      min=     5.407 us/xform  median=     5.407  sd=  0.00%      9.22 GF/s  setup=0.001 s
mkl_dfti                 L=10  B=64    m=1000  inner=1      min=     4.668 us/xform  median=     4.675  sd=  0.20%     10.67 GF/s  setup=0.002 s
mkl_dfti                 L=10  B=64    m=1000  inner=1      min=     4.555 us/xform  median=     4.558  sd=  0.11%     10.94 GF/s  setup=0.002 s
mkl_dfti                 L=10  B=64    m=1000  inner=1      min=     4.671 us/xform  median=     4.674  sd=  0.10%     10.67 GF/s  setup=0.002 s
mkl_dfti                 L=10  B=64    m=2     inner=2      min=     5.298 us/xform  median=     5.298  sd=  0.00%      9.41 GF/s  setup=0.001 s
baseline_matrix          L=12  B=64    m=600   inner=1      min=   112.257 us/xform  median=   112.261  sd=  0.00%      0.83 GF/s  setup=0.000 s
baseline_matrix          L=12  B=64    m=600   inner=1      min=   112.256 us/xform  median=   112.258  sd=  0.00%      0.83 GF/s  setup=0.000 s
baseline_matrix          L=12  B=64    m=600   inner=1      min=   112.259 us/xform  median=   112.260  sd=  0.00%      0.83 GF/s  setup=0.000 s
baseline_matrix          L=12  B=64    m=2     inner=1      min=   138.511 us/xform  median=   138.511  sd=  0.00%      0.67 GF/s  setup=0.000 s
ducc0_c2c                L=12  B=64    m=600   inner=1      min=    16.456 us/xform  median=    16.471  sd=  0.08%      5.65 GF/s  setup=0.000 s
ducc0_c2c                L=12  B=64    m=600   inner=1      min=    16.245 us/xform  median=    16.253  sd=  0.06%      5.72 GF/s  setup=0.000 s
ducc0_c2c                L=12  B=64    m=600   inner=1      min=    16.199 us/xform  median=    16.210  sd=  0.06%      5.74 GF/s  setup=0.000 s
ducc0_c2c                L=12  B=64    m=2     inner=1      min=    21.210 us/xform  median=    21.210  sd=  0.00%      4.38 GF/s  setup=0.000 s
fftw3_custom             L=12  B=64    m=600   inner=1      min=    10.560 us/xform  median=    10.562  sd=  0.01%      8.80 GF/s  setup=0.000 s
fftw3_custom             L=12  B=64    m=600   inner=1      min=    10.555 us/xform  median=    10.557  sd=  0.01%      8.80 GF/s  setup=0.000 s
fftw3_custom             L=12  B=64    m=600   inner=1      min=    10.573 us/xform  median=    10.575  sd=  0.01%      8.79 GF/s  setup=0.000 s
fftw3_custom             L=12  B=64    m=2     inner=1      min=    20.645 us/xform  median=    20.645  sd=  0.00%      4.50 GF/s  setup=0.000 s
fftw3_custom_soa         L=12  B=64    m=600   inner=1      min=     8.058 us/xform  median=     8.059  sd=  0.01%     11.53 GF/s  setup=0.000 s
fftw3_custom_soa         L=12  B=64    m=600   inner=1      min=     8.059 us/xform  median=     8.061  sd=  0.01%     11.53 GF/s  setup=0.000 s
fftw3_custom_soa         L=12  B=64    m=600   inner=1      min=     8.058 us/xform  median=     8.059  sd=  0.01%     11.53 GF/s  setup=0.000 s
fftw3_custom_soa         L=12  B=64    m=2     inner=1      min=    18.848 us/xform  median=    18.848  sd=  0.00%      4.93 GF/s  setup=0.000 s
fftw3_estimate           L=12  B=64    m=600   inner=1      min=    19.292 us/xform  median=    19.293  sd=  0.00%      4.82 GF/s  setup=0.001 s
fftw3_estimate           L=12  B=64    m=600   inner=1      min=    19.300 us/xform  median=    19.301  sd=  0.01%      4.81 GF/s  setup=0.001 s
fftw3_estimate           L=12  B=64    m=600   inner=1      min=    19.300 us/xform  median=    19.300  sd=  0.00%      4.81 GF/s  setup=0.001 s
fftw3_estimate           L=12  B=64    m=2     inner=1      min=    23.902 us/xform  median=    23.902  sd=  0.00%      3.89 GF/s  setup=0.001 s
fftw3_guru               L=12  B=64    m=600   inner=1      min=    10.159 us/xform  median=    10.161  sd=  0.04%      9.15 GF/s  setup=0.011 s
fftw3_guru               L=12  B=64    m=600   inner=1      min=    10.188 us/xform  median=    10.189  sd=  0.01%      9.12 GF/s  setup=0.010 s
fftw3_guru               L=12  B=64    m=600   inner=1      min=    10.158 us/xform  median=    10.159  sd=  0.01%      9.15 GF/s  setup=0.010 s
fftw3_guru               L=12  B=64    m=2     inner=1      min=    14.326 us/xform  median=    14.326  sd=  0.00%      6.49 GF/s  setup=0.011 s
fftw3_measure            L=12  B=64    m=600   inner=1      min=     8.845 us/xform  median=     8.845  sd=  0.00%     10.51 GF/s  setup=0.014 s
fftw3_measure            L=12  B=64    m=600   inner=1      min=     8.893 us/xform  median=     8.894  sd=  0.01%     10.45 GF/s  setup=0.015 s
fftw3_measure            L=12  B=64    m=600   inner=1      min=     8.859 us/xform  median=     8.860  sd=  0.00%     10.49 GF/s  setup=0.014 s
fftw3_measure            L=12  B=64    m=2     inner=1      min=    10.954 us/xform  median=    10.954  sd=  0.00%      8.48 GF/s  setup=0.014 s
fftw3_patient            L=12  B=64    m=600   inner=1      min=     8.534 us/xform  median=     8.553  sd=  0.16%     10.89 GF/s  setup=0.023 s
fftw3_patient            L=12  B=64    m=600   inner=1      min=     8.960 us/xform  median=     8.961  sd=  0.01%     10.37 GF/s  setup=0.024 s
fftw3_patient            L=12  B=64    m=600   inner=1      min=     8.887 us/xform  median=     8.888  sd=  0.01%     10.46 GF/s  setup=0.023 s
fftw3_patient            L=12  B=64    m=2     inner=1      min=    12.401 us/xform  median=    12.401  sd=  0.00%      7.49 GF/s  setup=0.023 s
gen_batchlane            L=12  B=64    m=600   inner=1      min=     1.912 us/xform  median=     1.913  sd=  0.25%     48.59 GF/s  setup=0.000 s
gen_batchlane            L=12  B=64    m=600   inner=1      min=     1.913 us/xform  median=     1.914  sd=  0.03%     48.57 GF/s  setup=0.000 s
gen_batchlane            L=12  B=64    m=600   inner=1      min=     1.914 us/xform  median=     1.915  sd=  0.02%     48.54 GF/s  setup=0.000 s
gen_batchlane            L=12  B=64    m=2     inner=4      min=     3.786 us/xform  median=     3.786  sd=  0.00%     24.54 GF/s  setup=0.000 s
gen_bluestein            L=12  B=64    m=600   inner=1      min=    18.846 us/xform  median=    18.850  sd=  0.01%      4.93 GF/s  setup=0.000 s
gen_bluestein            L=12  B=64    m=600   inner=1      min=    18.959 us/xform  median=    18.963  sd=  0.04%      4.90 GF/s  setup=0.000 s
gen_bluestein            L=12  B=64    m=600   inner=1      min=    19.038 us/xform  median=    19.042  sd=  0.02%      4.88 GF/s  setup=0.000 s
gen_bluestein            L=12  B=64    m=2     inner=1      min=    21.143 us/xform  median=    21.143  sd=  0.00%      4.39 GF/s  setup=0.000 s
gen_dense_prime          L=12  B=64    m=600   inner=1      min=     8.192 us/xform  median=     8.193  sd=  0.01%     11.34 GF/s  setup=0.000 s
gen_dense_prime          L=12  B=64    m=600   inner=1      min=     7.664 us/xform  median=     7.664  sd=  0.01%     12.13 GF/s  setup=0.000 s
gen_dense_prime          L=12  B=64    m=600   inner=1      min=     7.969 us/xform  median=     7.970  sd=  0.01%     11.66 GF/s  setup=0.000 s
gen_dense_prime          L=12  B=64    m=2     inner=1      min=     9.644 us/xform  median=     9.644  sd=  0.00%      9.64 GF/s  setup=0.000 s
gen_layout               L=12  B=64    m=600   inner=1      min=     8.451 us/xform  median=     8.462  sd=  0.05%     11.00 GF/s  setup=0.000 s
gen_layout               L=12  B=64    m=600   inner=1      min=     8.149 us/xform  median=     8.169  sd=  0.17%     11.40 GF/s  setup=0.000 s
gen_layout               L=12  B=64    m=600   inner=1      min=     8.218 us/xform  median=     8.221  sd=  0.03%     11.31 GF/s  setup=0.000 s
gen_layout               L=12  B=64    m=2     inner=1      min=     9.811 us/xform  median=     9.811  sd=  0.00%      9.47 GF/s  setup=0.000 s
gen_pfa_small            L=12  B=64    m=600   inner=1      min=     1.915 us/xform  median=     1.916  sd=  0.03%     48.52 GF/s  setup=0.000 s
gen_pfa_small            L=12  B=64    m=600   inner=1      min=     1.920 us/xform  median=     1.921  sd=  0.02%     48.40 GF/s  setup=0.000 s
gen_pfa_small            L=12  B=64    m=600   inner=1      min=     1.916 us/xform  median=     1.917  sd=  0.02%     48.49 GF/s  setup=0.000 s
gen_pfa_small            L=12  B=64    m=2     inner=4      min=     3.775 us/xform  median=     3.775  sd=  0.00%     24.61 GF/s  setup=0.000 s
gen_planner              L=12  B=64    m=600   inner=1      min=     2.341 us/xform  median=     2.342  sd=  0.21%     39.69 GF/s  setup=0.007 s
gen_planner              L=12  B=64    m=600   inner=1      min=     2.340 us/xform  median=     2.341  sd=  0.02%     39.71 GF/s  setup=0.004 s
gen_planner              L=12  B=64    m=600   inner=1      min=     2.332 us/xform  median=     2.655  sd=  6.34%     39.85 GF/s  setup=0.006 s
gen_planner              L=12  B=64    m=2     inner=1      min=     7.826 us/xform  median=     7.826  sd=  0.00%     11.87 GF/s  setup=0.003 s
gen_race                 L=12  B=64    m=600   inner=1      min=     1.920 us/xform  median=     1.920  sd=  0.02%     48.41 GF/s  setup=0.169 s
gen_race                 L=12  B=64    m=600   inner=1      min=     1.917 us/xform  median=     1.918  sd=  0.02%     48.48 GF/s  setup=0.009 s
gen_race                 L=12  B=64    m=600   inner=1      min=     1.917 us/xform  median=     1.918  sd=  0.02%     48.47 GF/s  setup=0.009 s
gen_race                 L=12  B=64    m=2     inner=4      min=     3.815 us/xform  median=     3.815  sd=  0.00%     24.35 GF/s  setup=0.008 s
gen_twiddle              L=12  B=64    m=600   inner=1      min=     7.724 us/xform  median=     7.725  sd=  0.01%     12.03 GF/s  setup=0.003 s
gen_twiddle              L=12  B=64    m=600   inner=1      min=     7.625 us/xform  median=     7.627  sd=  0.01%     12.19 GF/s  setup=0.003 s
gen_twiddle              L=12  B=64    m=600   inner=1      min=     7.835 us/xform  median=     7.836  sd=  0.01%     11.86 GF/s  setup=0.002 s
gen_twiddle              L=12  B=64    m=2     inner=1      min=     9.769 us/xform  median=     9.769  sd=  0.00%      9.51 GF/s  setup=0.003 s
mkl2026_dfti             L=12  B=64    m=600   inner=1      min=     7.798 us/xform  median=     7.798  sd=  0.01%     11.92 GF/s  setup=0.002 s
mkl2026_dfti             L=12  B=64    m=600   inner=1      min=     7.800 us/xform  median=     7.800  sd=  0.01%     11.91 GF/s  setup=0.001 s
mkl2026_dfti             L=12  B=64    m=600   inner=1      min=     7.761 us/xform  median=     7.762  sd=  0.01%     11.97 GF/s  setup=0.002 s
mkl2026_dfti             L=12  B=64    m=2     inner=1      min=    10.914 us/xform  median=    10.914  sd=  0.00%      8.51 GF/s  setup=0.002 s
mkl_dfti                 L=12  B=64    m=600   inner=1      min=     7.767 us/xform  median=     7.767  sd=  0.01%     11.96 GF/s  setup=0.002 s
mkl_dfti                 L=12  B=64    m=600   inner=1      min=     7.772 us/xform  median=     7.772  sd=  0.01%     11.96 GF/s  setup=0.001 s
mkl_dfti                 L=12  B=64    m=600   inner=1      min=     7.732 us/xform  median=     7.733  sd=  0.01%     12.02 GF/s  setup=0.002 s
mkl_dfti                 L=12  B=64    m=2     inner=1      min=    10.944 us/xform  median=    10.944  sd=  0.00%      8.49 GF/s  setup=0.001 s
baseline_matrix          L=15  B=32    m=600   inner=1      min=   272.515 us/xform  median=   272.521  sd=  0.00%      0.73 GF/s  setup=0.000 s
baseline_matrix          L=15  B=32    m=600   inner=1      min=   272.505 us/xform  median=   272.510  sd=  0.00%      0.73 GF/s  setup=0.000 s
baseline_matrix          L=15  B=32    m=600   inner=1      min=   272.398 us/xform  median=   272.404  sd=  0.00%      0.73 GF/s  setup=0.000 s
baseline_matrix          L=15  B=32    m=2     inner=1      min=   333.338 us/xform  median=   333.338  sd=  0.00%      0.59 GF/s  setup=0.000 s
ducc0_c2c                L=15  B=32    m=600   inner=1      min=    32.481 us/xform  median=    32.503  sd=  0.07%      6.09 GF/s  setup=0.000 s
ducc0_c2c                L=15  B=32    m=600   inner=1      min=    33.788 us/xform  median=    33.807  sd=  0.06%      5.85 GF/s  setup=0.000 s
ducc0_c2c                L=15  B=32    m=600   inner=1      min=    32.865 us/xform  median=    32.883  sd=  0.07%      6.02 GF/s  setup=0.000 s
ducc0_c2c                L=15  B=32    m=2     inner=1      min=    40.343 us/xform  median=    40.343  sd=  0.00%      4.90 GF/s  setup=0.000 s
fftw3_custom             L=15  B=32    m=600   inner=1      min=    25.012 us/xform  median=    25.017  sd=  0.01%      7.91 GF/s  setup=0.000 s
fftw3_custom             L=15  B=32    m=600   inner=1      min=    25.493 us/xform  median=    25.506  sd=  0.04%      7.76 GF/s  setup=0.000 s
fftw3_custom             L=15  B=32    m=600   inner=1      min=    25.441 us/xform  median=    25.467  sd=  0.05%      7.77 GF/s  setup=0.000 s
fftw3_custom             L=15  B=32    m=2     inner=1      min=    53.582 us/xform  median=    53.582  sd=  0.00%      3.69 GF/s  setup=0.000 s
fftw3_custom_soa         L=15  B=32    m=600   inner=1      min=    15.379 us/xform  median=    15.383  sd=  0.02%     12.86 GF/s  setup=0.000 s
fftw3_custom_soa         L=15  B=32    m=600   inner=1      min=    15.420 us/xform  median=    15.424  sd=  0.02%     12.83 GF/s  setup=0.000 s
fftw3_custom_soa         L=15  B=32    m=600   inner=1      min=    15.401 us/xform  median=    15.404  sd=  0.02%     12.84 GF/s  setup=0.000 s
fftw3_custom_soa         L=15  B=32    m=2     inner=1      min=    34.781 us/xform  median=    34.781  sd=  0.00%      5.69 GF/s  setup=0.000 s
fftw3_estimate           L=15  B=32    m=600   inner=1      min=    21.050 us/xform  median=    21.053  sd=  0.01%      9.40 GF/s  setup=0.001 s
fftw3_estimate           L=15  B=32    m=600   inner=1      min=    20.789 us/xform  median=    20.796  sd=  0.02%      9.51 GF/s  setup=0.001 s
fftw3_estimate           L=15  B=32    m=600   inner=1      min=    20.601 us/xform  median=    20.605  sd=  0.01%      9.60 GF/s  setup=0.001 s
fftw3_estimate           L=15  B=32    m=2     inner=1      min=    28.702 us/xform  median=    28.702  sd=  0.00%      6.89 GF/s  setup=0.001 s
fftw3_guru               L=15  B=32    m=600   inner=1      min=    26.357 us/xform  median=    26.382  sd=  0.06%      7.50 GF/s  setup=0.011 s
fftw3_guru               L=15  B=32    m=600   inner=1      min=    27.000 us/xform  median=    27.041  sd=  0.10%      7.33 GF/s  setup=0.010 s
fftw3_guru               L=15  B=32    m=600   inner=1      min=    26.173 us/xform  median=    26.177  sd=  0.01%      7.56 GF/s  setup=0.012 s
fftw3_guru               L=15  B=32    m=2     inner=1      min=    32.763 us/xform  median=    32.763  sd=  0.00%      6.04 GF/s  setup=0.010 s
fftw3_measure            L=15  B=32    m=600   inner=1      min=    19.807 us/xform  median=    19.809  sd=  0.01%      9.99 GF/s  setup=0.011 s
fftw3_measure            L=15  B=32    m=600   inner=1      min=    20.662 us/xform  median=    20.666  sd=  0.01%      9.57 GF/s  setup=0.012 s
fftw3_measure            L=15  B=32    m=600   inner=1      min=    19.734 us/xform  median=    19.735  sd=  0.01%     10.02 GF/s  setup=0.012 s
fftw3_measure            L=15  B=32    m=2     inner=1      min=    28.328 us/xform  median=    28.328  sd=  0.00%      6.98 GF/s  setup=0.011 s
fftw3_patient            L=15  B=32    m=600   inner=1      min=    19.734 us/xform  median=    19.737  sd=  0.01%     10.02 GF/s  setup=0.019 s
fftw3_patient            L=15  B=32    m=600   inner=1      min=    19.727 us/xform  median=    19.730  sd=  0.01%     10.03 GF/s  setup=0.021 s
fftw3_patient            L=15  B=32    m=600   inner=1      min=    19.604 us/xform  median=    19.606  sd=  0.01%     10.09 GF/s  setup=0.020 s
fftw3_patient            L=15  B=32    m=2     inner=1      min=    26.449 us/xform  median=    26.449  sd=  0.00%      7.48 GF/s  setup=0.020 s
gen_batchlane            L=15  B=32    m=600   inner=1      min=     4.328 us/xform  median=     4.330  sd=  0.03%     45.70 GF/s  setup=0.000 s
gen_batchlane            L=15  B=32    m=600   inner=1      min=     4.926 us/xform  median=     4.928  sd=  0.11%     40.15 GF/s  setup=0.000 s
gen_batchlane            L=15  B=32    m=600   inner=1      min=     4.342 us/xform  median=     4.344  sd=  0.04%     45.55 GF/s  setup=0.000 s
gen_batchlane            L=15  B=32    m=2     inner=2      min=     9.478 us/xform  median=     9.478  sd=  0.00%     20.87 GF/s  setup=0.000 s
gen_bluestein            L=15  B=32    m=600   inner=1      min=    33.411 us/xform  median=    33.421  sd=  0.02%      5.92 GF/s  setup=0.000 s
gen_bluestein            L=15  B=32    m=600   inner=1      min=    32.882 us/xform  median=    32.894  sd=  0.04%      6.01 GF/s  setup=0.000 s
gen_bluestein            L=15  B=32    m=600   inner=1      min=    33.004 us/xform  median=    33.022  sd=  0.02%      5.99 GF/s  setup=0.000 s
gen_bluestein            L=15  B=32    m=2     inner=1      min=    38.108 us/xform  median=    38.108  sd=  0.00%      5.19 GF/s  setup=0.000 s
gen_dense_prime          L=15  B=32    m=600   inner=1      min=    14.927 us/xform  median=    14.931  sd=  0.01%     13.25 GF/s  setup=0.000 s
gen_dense_prime          L=15  B=32    m=600   inner=1      min=    15.603 us/xform  median=    15.610  sd=  0.02%     12.68 GF/s  setup=0.000 s
gen_dense_prime          L=15  B=32    m=600   inner=1      min=    15.182 us/xform  median=    15.184  sd=  0.01%     13.03 GF/s  setup=0.000 s
gen_dense_prime          L=15  B=32    m=2     inner=1      min=    21.779 us/xform  median=    21.779  sd=  0.00%      9.08 GF/s  setup=0.000 s
gen_layout               L=15  B=32    m=600   inner=1      min=    19.621 us/xform  median=    19.638  sd=  0.04%     10.08 GF/s  setup=0.000 s
gen_layout               L=15  B=32    m=600   inner=1      min=    19.981 us/xform  median=    19.989  sd=  0.02%      9.90 GF/s  setup=0.000 s
gen_layout               L=15  B=32    m=600   inner=1      min=    20.154 us/xform  median=    20.164  sd=  0.03%      9.81 GF/s  setup=0.001 s
gen_layout               L=15  B=32    m=2     inner=1      min=    23.513 us/xform  median=    23.513  sd=  0.00%      8.41 GF/s  setup=0.000 s
gen_pfa_small            L=15  B=32    m=600   inner=1      min=     4.334 us/xform  median=     4.340  sd=  0.20%     45.63 GF/s  setup=0.000 s
gen_pfa_small            L=15  B=32    m=600   inner=1      min=     4.337 us/xform  median=     4.932  sd=  4.44%     45.61 GF/s  setup=0.000 s
gen_pfa_small            L=15  B=32    m=600   inner=1      min=     4.328 us/xform  median=     4.335  sd=  0.06%     45.70 GF/s  setup=0.000 s
gen_pfa_small            L=15  B=32    m=2     inner=2      min=     9.710 us/xform  median=     9.710  sd=  0.00%     20.37 GF/s  setup=0.000 s
gen_planner              L=15  B=32    m=600   inner=1      min=     5.554 us/xform  median=     5.556  sd=  0.16%     35.61 GF/s  setup=0.011 s
gen_planner              L=15  B=32    m=600   inner=1      min=     5.543 us/xform  median=     5.545  sd=  0.02%     35.68 GF/s  setup=0.005 s
gen_planner              L=15  B=32    m=600   inner=1      min=     5.574 us/xform  median=     5.576  sd=  0.01%     35.48 GF/s  setup=0.005 s
gen_planner              L=15  B=32    m=2     inner=1      min=    16.935 us/xform  median=    16.935  sd=  0.00%     11.68 GF/s  setup=0.004 s
gen_race                 L=15  B=32    m=600   inner=1      min=     4.355 us/xform  median=     4.357  sd=  0.11%     45.41 GF/s  setup=0.188 s
gen_race                 L=15  B=32    m=600   inner=1      min=     4.966 us/xform  median=     4.967  sd=  0.02%     39.83 GF/s  setup=0.013 s
gen_race                 L=15  B=32    m=600   inner=1      min=     4.335 us/xform  median=     4.338  sd=  0.03%     45.63 GF/s  setup=0.010 s
gen_race                 L=15  B=32    m=2     inner=2      min=     9.220 us/xform  median=     9.220  sd=  0.00%     21.45 GF/s  setup=0.006 s
gen_twiddle              L=15  B=32    m=600   inner=1      min=    17.868 us/xform  median=    17.872  sd=  0.01%     11.07 GF/s  setup=0.003 s
gen_twiddle              L=15  B=32    m=600   inner=1      min=    18.508 us/xform  median=    18.511  sd=  0.01%     10.69 GF/s  setup=0.003 s
gen_twiddle              L=15  B=32    m=600   inner=1      min=    18.426 us/xform  median=    18.429  sd=  0.02%     10.73 GF/s  setup=0.002 s
gen_twiddle              L=15  B=32    m=2     inner=1      min=    27.311 us/xform  median=    27.311  sd=  0.00%      7.24 GF/s  setup=0.004 s
mkl2026_dfti             L=15  B=32    m=600   inner=1      min=    16.700 us/xform  median=    16.701  sd=  0.01%     11.84 GF/s  setup=0.003 s
mkl2026_dfti             L=15  B=32    m=600   inner=1      min=    16.638 us/xform  median=    16.639  sd=  0.01%     11.89 GF/s  setup=0.002 s
mkl2026_dfti             L=15  B=32    m=600   inner=1      min=    16.629 us/xform  median=    16.631  sd=  0.01%     11.89 GF/s  setup=0.001 s
mkl2026_dfti             L=15  B=32    m=2     inner=1      min=    23.279 us/xform  median=    23.279  sd=  0.00%      8.50 GF/s  setup=0.002 s
mkl_dfti                 L=15  B=32    m=600   inner=1      min=    16.463 us/xform  median=    16.464  sd=  0.01%     12.01 GF/s  setup=0.002 s
mkl_dfti                 L=15  B=32    m=600   inner=1      min=    16.473 us/xform  median=    16.474  sd=  0.01%     12.01 GF/s  setup=0.002 s
mkl_dfti                 L=15  B=32    m=600   inner=1      min=    16.452 us/xform  median=    16.453  sd=  0.01%     12.02 GF/s  setup=0.001 s
mkl_dfti                 L=15  B=32    m=2     inner=1      min=    21.713 us/xform  median=    21.713  sd=  0.00%      9.11 GF/s  setup=0.001 s
baseline_matrix          L=20  B=32    m=256   inner=1      min=   850.546 us/xform  median=   850.561  sd=  0.00%      0.61 GF/s  setup=0.000 s
baseline_matrix          L=20  B=32    m=256   inner=1      min=   850.246 us/xform  median=   850.265  sd=  0.00%      0.61 GF/s  setup=0.000 s
baseline_matrix          L=20  B=32    m=256   inner=1      min=   850.248 us/xform  median=   850.265  sd=  0.00%      0.61 GF/s  setup=0.000 s
baseline_matrix          L=20  B=32    m=2     inner=1      min=   858.407 us/xform  median=   858.407  sd=  0.00%      0.60 GF/s  setup=0.000 s
ducc0_c2c                L=20  B=32    m=256   inner=1      min=    72.899 us/xform  median=    72.943  sd=  0.13%      7.11 GF/s  setup=0.000 s
ducc0_c2c                L=20  B=32    m=256   inner=1      min=    72.520 us/xform  median=    72.619  sd=  0.15%      7.15 GF/s  setup=0.000 s
ducc0_c2c                L=20  B=32    m=256   inner=1      min=    72.350 us/xform  median=    72.458  sd=  0.14%      7.17 GF/s  setup=0.000 s
ducc0_c2c                L=20  B=32    m=2     inner=1      min=    93.328 us/xform  median=    93.328  sd=  0.00%      5.56 GF/s  setup=0.000 s
fftw3_custom             L=20  B=32    m=256   inner=1      min=    63.143 us/xform  median=    63.217  sd=  0.05%      8.21 GF/s  setup=0.000 s
fftw3_custom             L=20  B=32    m=256   inner=1      min=    64.381 us/xform  median=    64.416  sd=  0.03%      8.06 GF/s  setup=0.000 s
fftw3_custom             L=20  B=32    m=256   inner=1      min=    64.267 us/xform  median=    64.288  sd=  0.02%      8.07 GF/s  setup=0.000 s
fftw3_custom             L=20  B=32    m=2     inner=1      min=   129.509 us/xform  median=   129.509  sd=  0.00%      4.00 GF/s  setup=0.000 s
fftw3_custom_soa         L=20  B=32    m=256   inner=1      min=    41.492 us/xform  median=    41.520  sd=  0.04%     12.50 GF/s  setup=0.000 s
fftw3_custom_soa         L=20  B=32    m=256   inner=1      min=    42.695 us/xform  median=    42.729  sd=  0.05%     12.15 GF/s  setup=0.000 s
fftw3_custom_soa         L=20  B=32    m=256   inner=1      min=    42.405 us/xform  median=    42.429  sd=  0.05%     12.23 GF/s  setup=0.000 s
fftw3_custom_soa         L=20  B=32    m=2     inner=1      min=   103.215 us/xform  median=   103.215  sd=  0.00%      5.02 GF/s  setup=0.000 s
fftw3_estimate           L=20  B=32    m=256   inner=1      min=    91.862 us/xform  median=    91.912  sd=  0.04%      5.65 GF/s  setup=0.001 s
fftw3_estimate           L=20  B=32    m=256   inner=1      min=    92.161 us/xform  median=    92.335  sd=  0.08%      5.63 GF/s  setup=0.001 s
fftw3_estimate           L=20  B=32    m=256   inner=1      min=    91.785 us/xform  median=    91.847  sd=  0.05%      5.65 GF/s  setup=0.001 s
fftw3_estimate           L=20  B=32    m=2     inner=1      min=   113.217 us/xform  median=   113.217  sd=  0.00%      4.58 GF/s  setup=0.001 s
fftw3_guru               L=20  B=32    m=256   inner=1      min=    60.561 us/xform  median=    60.585  sd=  0.03%      8.56 GF/s  setup=0.077 s
fftw3_guru               L=20  B=32    m=256   inner=1      min=    61.217 us/xform  median=    61.241  sd=  0.02%      8.47 GF/s  setup=0.076 s
fftw3_guru               L=20  B=32    m=256   inner=1      min=    60.962 us/xform  median=    60.980  sd=  0.02%      8.51 GF/s  setup=0.078 s
fftw3_guru               L=20  B=32    m=2     inner=1      min=    86.540 us/xform  median=    86.540  sd=  0.00%      5.99 GF/s  setup=0.077 s
fftw3_measure            L=20  B=32    m=256   inner=1      min=    45.458 us/xform  median=    45.462  sd=  0.02%     11.41 GF/s  setup=0.084 s
fftw3_measure            L=20  B=32    m=256   inner=1      min=    45.060 us/xform  median=    45.066  sd=  0.02%     11.51 GF/s  setup=0.085 s
fftw3_measure            L=20  B=32    m=256   inner=1      min=    45.821 us/xform  median=    45.825  sd=  0.02%     11.32 GF/s  setup=0.084 s
fftw3_measure            L=20  B=32    m=2     inner=1      min=    61.742 us/xform  median=    61.742  sd=  0.00%      8.40 GF/s  setup=0.085 s
fftw3_patient            L=20  B=32    m=256   inner=1      min=    44.848 us/xform  median=    44.858  sd=  0.01%     11.56 GF/s  setup=0.297 s
fftw3_patient            L=20  B=32    m=256   inner=1      min=    45.136 us/xform  median=    45.148  sd=  0.02%     11.49 GF/s  setup=0.319 s
fftw3_patient            L=20  B=32    m=256   inner=1      min=    44.916 us/xform  median=    44.928  sd=  0.02%     11.55 GF/s  setup=0.316 s
fftw3_patient            L=20  B=32    m=2     inner=1      min=    54.538 us/xform  median=    54.538  sd=  0.00%      9.51 GF/s  setup=0.303 s
gen_batchlane            L=20  B=32    m=256   inner=1      min=    12.597 us/xform  median=    12.604  sd=  0.03%     41.17 GF/s  setup=0.001 s
gen_batchlane            L=20  B=32    m=256   inner=1      min=    12.723 us/xform  median=    12.730  sd=  0.03%     40.76 GF/s  setup=0.001 s
gen_batchlane            L=20  B=32    m=256   inner=1      min=    12.731 us/xform  median=    12.739  sd=  0.05%     40.74 GF/s  setup=0.001 s
gen_batchlane            L=20  B=32    m=2     inner=1      min=    26.528 us/xform  median=    26.528  sd=  0.00%     19.55 GF/s  setup=0.001 s
gen_bluestein            L=20  B=32    m=256   inner=1      min=    81.772 us/xform  median=    81.996  sd=  0.12%      6.34 GF/s  setup=0.000 s
gen_bluestein            L=20  B=32    m=256   inner=1      min=    82.375 us/xform  median=    82.482  sd=  0.07%      6.30 GF/s  setup=0.000 s
gen_bluestein            L=20  B=32    m=256   inner=1      min=    81.220 us/xform  median=    81.318  sd=  0.05%      6.39 GF/s  setup=0.000 s
gen_bluestein            L=20  B=32    m=2     inner=1      min=    94.626 us/xform  median=    94.626  sd=  0.00%      5.48 GF/s  setup=0.000 s
gen_dense_prime          L=20  B=32    m=256   inner=1      min=    37.858 us/xform  median=    37.863  sd=  0.01%     13.70 GF/s  setup=0.000 s
gen_dense_prime          L=20  B=32    m=256   inner=1      min=    38.760 us/xform  median=    38.766  sd=  0.01%     13.38 GF/s  setup=0.000 s
gen_dense_prime          L=20  B=32    m=256   inner=1      min=    39.134 us/xform  median=    39.139  sd=  0.01%     13.25 GF/s  setup=0.000 s
gen_dense_prime          L=20  B=32    m=2     inner=1      min=    48.898 us/xform  median=    48.898  sd=  0.00%     10.61 GF/s  setup=0.000 s
gen_layout               L=20  B=32    m=256   inner=1      min=    34.765 us/xform  median=    34.778  sd=  0.03%     14.92 GF/s  setup=0.000 s
gen_layout               L=20  B=32    m=256   inner=1      min=    35.338 us/xform  median=    35.341  sd=  0.02%     14.68 GF/s  setup=0.001 s
gen_layout               L=20  B=32    m=256   inner=1      min=    35.209 us/xform  median=    35.212  sd=  0.02%     14.73 GF/s  setup=0.000 s
gen_layout               L=20  B=32    m=2     inner=1      min=    41.190 us/xform  median=    41.190  sd=  0.00%     12.59 GF/s  setup=0.000 s
gen_pfa_small            L=20  B=32    m=256   inner=1      min=    12.576 us/xform  median=    12.580  sd=  0.03%     41.24 GF/s  setup=0.001 s
gen_pfa_small            L=20  B=32    m=256   inner=1      min=    12.772 us/xform  median=    12.782  sd=  0.08%     40.61 GF/s  setup=0.001 s
gen_pfa_small            L=20  B=32    m=256   inner=1      min=    12.574 us/xform  median=    15.875  sd= 11.33%     41.25 GF/s  setup=0.001 s
gen_pfa_small            L=20  B=32    m=2     inner=1      min=    26.424 us/xform  median=    26.424  sd=  0.00%     19.63 GF/s  setup=0.001 s
gen_planner              L=20  B=32    m=256   inner=1      min=    17.222 us/xform  median=    17.225  sd=  0.03%     30.11 GF/s  setup=0.015 s
gen_planner              L=20  B=32    m=256   inner=1      min=    17.256 us/xform  median=    17.258  sd=  0.03%     30.06 GF/s  setup=0.006 s
gen_planner              L=20  B=32    m=256   inner=1      min=    17.285 us/xform  median=    17.292  sd= 21.18%     30.00 GF/s  setup=0.008 s
gen_planner              L=20  B=32    m=2     inner=1      min=    57.384 us/xform  median=    57.384  sd=  0.00%      9.04 GF/s  setup=0.007 s
gen_race                 L=20  B=32    m=256   inner=1      min=    12.871 us/xform  median=    14.267  sd=  4.28%     40.29 GF/s  setup=0.284 s
gen_race                 L=20  B=32    m=256   inner=1      min=    12.546 us/xform  median=    12.557  sd=  0.10%     41.34 GF/s  setup=0.010 s
gen_race                 L=20  B=32    m=256   inner=1      min=    12.580 us/xform  median=    12.591  sd=  0.05%     41.23 GF/s  setup=0.007 s
gen_race                 L=20  B=32    m=2     inner=1      min=    27.607 us/xform  median=    27.607  sd=  0.00%     18.79 GF/s  setup=0.005 s
gen_twiddle              L=20  B=32    m=256   inner=1      min=    26.440 us/xform  median=    26.442  sd=  0.01%     19.62 GF/s  setup=0.003 s
gen_twiddle              L=20  B=32    m=256   inner=1      min=    25.915 us/xform  median=    25.919  sd=  0.02%     20.01 GF/s  setup=0.004 s
gen_twiddle              L=20  B=32    m=256   inner=1      min=    26.566 us/xform  median=    26.569  sd=  0.02%     19.52 GF/s  setup=0.003 s
gen_twiddle              L=20  B=32    m=2     inner=1      min=    35.235 us/xform  median=    35.235  sd=  0.00%     14.72 GF/s  setup=0.003 s
mkl2026_dfti             L=20  B=32    m=256   inner=1      min=    58.515 us/xform  median=    58.695  sd=  0.15%      8.86 GF/s  setup=0.050 s
mkl2026_dfti             L=20  B=32    m=256   inner=1      min=    59.720 us/xform  median=    59.821  sd=  0.09%      8.68 GF/s  setup=0.052 s
mkl2026_dfti             L=20  B=32    m=256   inner=1      min=    58.975 us/xform  median=    59.190  sd=  0.17%      8.79 GF/s  setup=0.053 s
mkl2026_dfti             L=20  B=32    m=2     inner=1      min=   110.058 us/xform  median=   110.058  sd=  0.00%      4.71 GF/s  setup=0.048 s
mkl_dfti                 L=20  B=32    m=256   inner=1      min=    58.792 us/xform  median=    58.982  sd=  0.13%      8.82 GF/s  setup=0.030 s
mkl_dfti                 L=20  B=32    m=256   inner=1      min=    59.449 us/xform  median=    59.537  sd=  0.06%      8.72 GF/s  setup=0.050 s
mkl_dfti                 L=20  B=32    m=256   inner=1      min=    58.322 us/xform  median=    58.505  sd=  0.39%      8.89 GF/s  setup=0.049 s
mkl_dfti                 L=20  B=32    m=2     inner=1      min=   109.682 us/xform  median=   109.682  sd=  0.00%      4.73 GF/s  setup=0.048 s
baseline_matrix          L=25  B=16    m=256   inner=1      min=  2061.517 us/xform  median=  2061.527  sd=  0.00%      0.53 GF/s  setup=0.000 s
baseline_matrix          L=25  B=16    m=256   inner=1      min=  2061.149 us/xform  median=  2061.178  sd=  0.00%      0.53 GF/s  setup=0.000 s
baseline_matrix          L=25  B=16    m=256   inner=1      min=  2061.173 us/xform  median=  2061.195  sd=  0.00%      0.53 GF/s  setup=0.000 s
baseline_matrix          L=25  B=16    m=2     inner=1      min=  2078.945 us/xform  median=  2078.945  sd=  0.00%      0.52 GF/s  setup=0.000 s
ducc0_c2c                L=25  B=16    m=256   inner=1      min=   145.403 us/xform  median=   145.566  sd=  0.13%      7.49 GF/s  setup=0.000 s
ducc0_c2c                L=25  B=16    m=256   inner=1      min=   145.259 us/xform  median=   145.342  sd=  0.13%      7.49 GF/s  setup=0.000 s
ducc0_c2c                L=25  B=16    m=256   inner=1      min=   150.857 us/xform  median=   151.077  sd=  0.12%      7.21 GF/s  setup=0.000 s
ducc0_c2c                L=25  B=16    m=2     inner=1      min=   183.499 us/xform  median=   183.499  sd=  0.00%      5.93 GF/s  setup=0.000 s
fftw3_custom             L=25  B=16    m=256   inner=1      min=   159.544 us/xform  median=   159.623  sd=  0.02%      6.82 GF/s  setup=0.000 s
fftw3_custom             L=25  B=16    m=256   inner=1      min=   163.104 us/xform  median=   163.170  sd=  0.02%      6.67 GF/s  setup=0.000 s
fftw3_custom             L=25  B=16    m=256   inner=1      min=   163.031 us/xform  median=   163.162  sd=  0.03%      6.68 GF/s  setup=0.000 s
fftw3_custom             L=25  B=16    m=2     inner=1      min=   300.008 us/xform  median=   300.008  sd=  0.00%      3.63 GF/s  setup=0.000 s
fftw3_custom_soa         L=25  B=16    m=256   inner=1      min=    77.064 us/xform  median=    77.088  sd=  0.04%     14.12 GF/s  setup=0.000 s
fftw3_custom_soa         L=25  B=16    m=256   inner=1      min=    77.072 us/xform  median=    77.103  sd=  0.05%     14.12 GF/s  setup=0.000 s
fftw3_custom_soa         L=25  B=16    m=256   inner=1      min=    75.366 us/xform  median=    75.389  sd=  0.04%     14.44 GF/s  setup=0.000 s
fftw3_custom_soa         L=25  B=16    m=2     inner=1      min=   192.963 us/xform  median=   192.963  sd=  0.00%      5.64 GF/s  setup=0.000 s
fftw3_estimate           L=25  B=16    m=256   inner=1      min=   134.068 us/xform  median=   134.150  sd=  0.05%      8.12 GF/s  setup=0.001 s
fftw3_estimate           L=25  B=16    m=256   inner=1      min=   134.007 us/xform  median=   134.486  sd=  0.19%      8.12 GF/s  setup=0.001 s
fftw3_estimate           L=25  B=16    m=256   inner=1      min=   132.353 us/xform  median=   132.714  sd=  0.14%      8.22 GF/s  setup=0.001 s
fftw3_estimate           L=25  B=16    m=2     inner=1      min=   173.933 us/xform  median=   173.933  sd=  0.00%      6.26 GF/s  setup=0.001 s
fftw3_guru               L=25  B=16    m=256   inner=1      min=   175.110 us/xform  median=   175.148  sd=  0.01%      6.22 GF/s  setup=0.030 s
fftw3_guru               L=25  B=16    m=256   inner=1      min=   177.241 us/xform  median=   177.321  sd=  0.02%      6.14 GF/s  setup=0.033 s
fftw3_guru               L=25  B=16    m=256   inner=1      min=   175.102 us/xform  median=   175.140  sd=  0.02%      6.22 GF/s  setup=0.029 s
fftw3_guru               L=25  B=16    m=2     inner=1      min=   207.952 us/xform  median=   207.952  sd=  0.00%      5.23 GF/s  setup=0.030 s
fftw3_measure            L=25  B=16    m=256   inner=1      min=   118.452 us/xform  median=   118.472  sd=  0.02%      9.19 GF/s  setup=0.028 s
fftw3_measure            L=25  B=16    m=256   inner=1      min=   113.508 us/xform  median=   113.525  sd=  0.02%      9.59 GF/s  setup=0.029 s
fftw3_measure            L=25  B=16    m=256   inner=1      min=   116.342 us/xform  median=   116.364  sd=  0.03%      9.36 GF/s  setup=0.028 s
fftw3_measure            L=25  B=16    m=2     inner=1      min=   153.119 us/xform  median=   153.119  sd=  0.00%      7.11 GF/s  setup=0.028 s
fftw3_patient            L=25  B=16    m=256   inner=1      min=   110.322 us/xform  median=   110.342  sd=  0.02%      9.87 GF/s  setup=0.104 s
fftw3_patient            L=25  B=16    m=256   inner=1      min=   114.383 us/xform  median=   114.399  sd=  0.01%      9.52 GF/s  setup=0.103 s
fftw3_patient            L=25  B=16    m=256   inner=1      min=   109.694 us/xform  median=   109.718  sd=  0.03%      9.92 GF/s  setup=0.104 s
fftw3_patient            L=25  B=16    m=2     inner=1      min=   148.127 us/xform  median=   148.127  sd=  0.00%      7.35 GF/s  setup=0.110 s
gen_bluestein            L=25  B=16    m=256   inner=1      min=   168.886 us/xform  median=   168.922  sd=  0.01%      6.44 GF/s  setup=0.000 s
gen_bluestein            L=25  B=16    m=256   inner=1      min=   169.073 us/xform  median=   169.131  sd=  0.02%      6.44 GF/s  setup=0.000 s
gen_bluestein            L=25  B=16    m=256   inner=1      min=   169.946 us/xform  median=   169.967  sd=  0.02%      6.40 GF/s  setup=0.000 s
gen_bluestein            L=25  B=16    m=2     inner=1      min=   195.095 us/xform  median=   195.095  sd=  0.00%      5.58 GF/s  setup=0.000 s
gen_layout               L=25  B=16    m=256   inner=1      min=    93.633 us/xform  median=    93.662  sd=  0.02%     11.62 GF/s  setup=0.000 s
gen_layout               L=25  B=16    m=256   inner=1      min=    93.692 us/xform  median=    93.712  sd=  0.01%     11.62 GF/s  setup=0.000 s
gen_layout               L=25  B=16    m=256   inner=1      min=    93.985 us/xform  median=    94.018  sd=  0.01%     11.58 GF/s  setup=0.000 s
gen_layout               L=25  B=16    m=2     inner=1      min=   111.966 us/xform  median=   111.966  sd=  0.00%      9.72 GF/s  setup=0.000 s
gen_planner              L=25  B=16    m=256   inner=1      min=    40.645 us/xform  median=    40.662  sd=  0.05%     26.78 GF/s  setup=0.025 s
gen_planner              L=25  B=16    m=256   inner=1      min=    40.796 us/xform  median=    40.801  sd=  0.03%     26.68 GF/s  setup=0.012 s
gen_planner              L=25  B=16    m=256   inner=1      min=    42.829 us/xform  median=    42.840  sd=  0.04%     25.41 GF/s  setup=0.012 s
gen_planner              L=25  B=16    m=2     inner=1      min=   162.848 us/xform  median=   162.848  sd=  0.00%      6.68 GF/s  setup=0.012 s
gen_powp                 L=25  B=16    m=256   inner=1      min=    33.292 us/xform  median=    33.303  sd=  0.03%     32.69 GF/s  setup=0.004 s
gen_powp                 L=25  B=16    m=256   inner=1      min=    30.953 us/xform  median=    32.457  sd=  9.54%     35.16 GF/s  setup=0.003 s
gen_powp                 L=25  B=16    m=256   inner=1      min=    30.874 us/xform  median=    30.903  sd=  9.65%     35.25 GF/s  setup=0.004 s
gen_powp                 L=25  B=16    m=2     inner=1      min=    72.181 us/xform  median=    72.181  sd=  0.00%     15.08 GF/s  setup=0.003 s
gen_race                 L=25  B=16    m=256   inner=1      min=    31.404 us/xform  median=    31.414  sd=  0.03%     34.66 GF/s  setup=0.254 s
gen_race                 L=25  B=16    m=256   inner=1      min=    33.258 us/xform  median=    33.269  sd=  0.03%     32.73 GF/s  setup=0.012 s
gen_race                 L=25  B=16    m=256   inner=1      min=    33.189 us/xform  median=    33.197  sd=  0.04%     32.79 GF/s  setup=0.009 s
gen_race                 L=25  B=16    m=2     inner=1      min=    70.209 us/xform  median=    70.209  sd=  0.00%     15.50 GF/s  setup=0.011 s
gen_twiddle              L=25  B=16    m=256   inner=1      min=    75.860 us/xform  median=    75.923  sd=  0.05%     14.35 GF/s  setup=0.003 s
gen_twiddle              L=25  B=16    m=256   inner=1      min=    76.253 us/xform  median=    76.339  sd=  0.07%     14.27 GF/s  setup=0.003 s
gen_twiddle              L=25  B=16    m=256   inner=1      min=    76.447 us/xform  median=    76.542  sd=  0.06%     14.24 GF/s  setup=0.004 s
gen_twiddle              L=25  B=16    m=2     inner=1      min=    92.207 us/xform  median=    92.207  sd=  0.00%     11.80 GF/s  setup=0.003 s
mkl2026_dfti             L=25  B=16    m=256   inner=1      min=   123.310 us/xform  median=   123.618  sd=  0.21%      8.83 GF/s  setup=0.051 s
mkl2026_dfti             L=25  B=16    m=256   inner=1      min=   123.431 us/xform  median=   123.744  sd=  0.14%      8.82 GF/s  setup=0.049 s
mkl2026_dfti             L=25  B=16    m=256   inner=1      min=   123.549 us/xform  median=   123.974  sd=  0.19%      8.81 GF/s  setup=0.049 s
mkl2026_dfti             L=25  B=16    m=2     inner=1      min=   210.847 us/xform  median=   210.847  sd=  0.00%      5.16 GF/s  setup=0.043 s
mkl_dfti                 L=25  B=16    m=256   inner=1      min=   123.350 us/xform  median=   123.586  sd=  0.12%      8.82 GF/s  setup=0.031 s
mkl_dfti                 L=25  B=16    m=256   inner=1      min=   124.268 us/xform  median=   124.557  sd=  0.14%      8.76 GF/s  setup=0.032 s
mkl_dfti                 L=25  B=16    m=256   inner=1      min=   120.847 us/xform  median=   121.088  sd=  0.18%      9.01 GF/s  setup=0.051 s
mkl_dfti                 L=25  B=16    m=2     inner=1      min=   208.332 us/xform  median=   208.332  sd=  0.00%      5.22 GF/s  setup=0.044 s
baseline_matrix          L=27  B=16    m=200   inner=1      min=  2799.163 us/xform  median=  2799.242  sd=  0.00%      0.50 GF/s  setup=0.000 s
baseline_matrix          L=27  B=16    m=200   inner=1      min=  2798.911 us/xform  median=  2798.938  sd=  0.00%      0.50 GF/s  setup=0.000 s
baseline_matrix          L=27  B=16    m=200   inner=1      min=  2798.930 us/xform  median=  2799.119  sd=  0.00%      0.50 GF/s  setup=0.000 s
baseline_matrix          L=27  B=16    m=2     inner=1      min=  2819.062 us/xform  median=  2819.062  sd=  0.00%      0.50 GF/s  setup=0.000 s
ducc0_c2c                L=27  B=16    m=200   inner=1      min=   189.191 us/xform  median=   189.409  sd=  0.14%      7.42 GF/s  setup=0.000 s
ducc0_c2c                L=27  B=16    m=200   inner=1      min=   189.189 us/xform  median=   189.465  sd=  0.17%      7.42 GF/s  setup=0.000 s
ducc0_c2c                L=27  B=16    m=200   inner=1      min=   189.674 us/xform  median=   189.895  sd=  0.17%      7.40 GF/s  setup=0.000 s
ducc0_c2c                L=27  B=16    m=2     inner=1      min=   237.847 us/xform  median=   237.847  sd=  0.00%      5.90 GF/s  setup=0.000 s
fftw3_custom             L=27  B=16    m=200   inner=1      min=   205.864 us/xform  median=   206.050  sd=  0.04%      6.82 GF/s  setup=0.000 s
fftw3_custom             L=27  B=16    m=200   inner=1      min=   198.719 us/xform  median=   198.899  sd=  0.04%      7.06 GF/s  setup=0.000 s
fftw3_custom             L=27  B=16    m=200   inner=1      min=   197.868 us/xform  median=   198.428  sd=  0.20%      7.09 GF/s  setup=0.000 s
fftw3_custom             L=27  B=16    m=2     inner=1      min=   379.897 us/xform  median=   379.897  sd=  0.00%      3.70 GF/s  setup=0.000 s
fftw3_custom_soa         L=27  B=16    m=200   inner=1      min=    96.450 us/xform  median=    96.498  sd=  0.07%     14.56 GF/s  setup=0.000 s
fftw3_custom_soa         L=27  B=16    m=200   inner=1      min=    99.411 us/xform  median=    99.497  sd=  0.08%     14.12 GF/s  setup=0.000 s
fftw3_custom_soa         L=27  B=16    m=200   inner=1      min=   103.615 us/xform  median=   103.716  sd=  0.06%     13.55 GF/s  setup=0.000 s
fftw3_custom_soa         L=27  B=16    m=2     inner=1      min=   238.323 us/xform  median=   238.323  sd=  0.00%      5.89 GF/s  setup=0.000 s
fftw3_estimate           L=27  B=16    m=200   inner=1      min=   257.249 us/xform  median=   258.498  sd=  0.22%      5.46 GF/s  setup=0.002 s
fftw3_estimate           L=27  B=16    m=200   inner=1      min=   259.486 us/xform  median=   260.038  sd=  0.15%      5.41 GF/s  setup=0.003 s
fftw3_estimate           L=27  B=16    m=200   inner=1      min=   257.554 us/xform  median=   257.971  sd=  0.13%      5.45 GF/s  setup=0.003 s
fftw3_estimate           L=27  B=16    m=2     inner=1      min=   326.627 us/xform  median=   326.627  sd=  0.00%      4.30 GF/s  setup=0.003 s
fftw3_guru               L=27  B=16    m=200   inner=1      min=   260.476 us/xform  median=   260.614  sd=  0.06%      5.39 GF/s  setup=0.043 s
fftw3_guru               L=27  B=16    m=200   inner=1      min=   260.900 us/xform  median=   261.214  sd=  0.10%      5.38 GF/s  setup=0.041 s
fftw3_guru               L=27  B=16    m=200   inner=1      min=   263.696 us/xform  median=   264.057  sd=  0.09%      5.32 GF/s  setup=0.044 s
fftw3_guru               L=27  B=16    m=2     inner=1      min=   347.879 us/xform  median=   347.879  sd=  0.00%      4.04 GF/s  setup=0.043 s
fftw3_measure            L=27  B=16    m=200   inner=1      min=   231.085 us/xform  median=   231.145  sd=  0.01%      6.08 GF/s  setup=0.034 s
fftw3_measure            L=27  B=16    m=200   inner=1      min=   234.325 us/xform  median=   234.552  sd=  0.06%      5.99 GF/s  setup=0.034 s
fftw3_measure            L=27  B=16    m=200   inner=1      min=   227.651 us/xform  median=   227.935  sd=  0.10%      6.17 GF/s  setup=0.034 s
fftw3_measure            L=27  B=16    m=2     inner=1      min=   300.329 us/xform  median=   300.329  sd=  0.00%      4.67 GF/s  setup=0.034 s
fftw3_patient            L=27  B=16    m=200   inner=1      min=   203.249 us/xform  median=   203.312  sd=  0.01%      6.91 GF/s  setup=0.149 s
fftw3_patient            L=27  B=16    m=200   inner=1      min=   203.979 us/xform  median=   204.025  sd=  0.01%      6.88 GF/s  setup=0.150 s
fftw3_patient            L=27  B=16    m=200   inner=1      min=   205.420 us/xform  median=   205.546  sd=  0.03%      6.83 GF/s  setup=0.151 s
fftw3_patient            L=27  B=16    m=2     inner=1      min=   230.575 us/xform  median=   230.575  sd=  0.00%      6.09 GF/s  setup=0.147 s
gen_bluestein            L=27  B=16    m=200   inner=1      min=   201.319 us/xform  median=   201.381  sd=  0.03%      6.97 GF/s  setup=0.000 s
gen_bluestein            L=27  B=16    m=200   inner=1      min=   202.607 us/xform  median=   202.664  sd=  0.03%      6.93 GF/s  setup=0.000 s
gen_bluestein            L=27  B=16    m=200   inner=1      min=   203.069 us/xform  median=   203.130  sd=  0.03%      6.91 GF/s  setup=0.000 s
gen_bluestein            L=27  B=16    m=2     inner=1      min=   224.424 us/xform  median=   224.424  sd=  0.00%      6.26 GF/s  setup=0.000 s
gen_layout               L=27  B=16    m=200   inner=1      min=   126.355 us/xform  median=   126.460  sd=  0.03%     11.11 GF/s  setup=0.000 s
gen_layout               L=27  B=16    m=200   inner=1      min=   124.507 us/xform  median=   124.620  sd=  0.05%     11.28 GF/s  setup=0.001 s
gen_layout               L=27  B=16    m=200   inner=1      min=   124.697 us/xform  median=   124.735  sd=  0.02%     11.26 GF/s  setup=0.000 s
gen_layout               L=27  B=16    m=2     inner=1      min=   150.175 us/xform  median=   150.175  sd=  0.00%      9.35 GF/s  setup=0.001 s
gen_planner              L=27  B=16    m=200   inner=1      min=    64.330 us/xform  median=    64.349  sd=  0.04%     21.82 GF/s  setup=0.032 s
gen_planner              L=27  B=16    m=200   inner=1      min=    60.200 us/xform  median=    60.215  sd=  0.27%     23.32 GF/s  setup=0.020 s
gen_planner              L=27  B=16    m=200   inner=1      min=    59.831 us/xform  median=    59.848  sd=  0.04%     23.46 GF/s  setup=0.020 s
gen_planner              L=27  B=16    m=2     inner=1      min=   228.206 us/xform  median=   228.206  sd=  0.00%      6.15 GF/s  setup=0.017 s
gen_powp                 L=27  B=16    m=200   inner=1      min=    42.887 us/xform  median=    42.900  sd=  0.04%     32.73 GF/s  setup=0.002 s
gen_powp                 L=27  B=16    m=200   inner=1      min=    46.745 us/xform  median=    46.752  sd=  0.04%     30.03 GF/s  setup=0.004 s
gen_powp                 L=27  B=16    m=200   inner=1      min=    44.284 us/xform  median=    44.329  sd=  4.80%     31.70 GF/s  setup=0.005 s
gen_powp                 L=27  B=16    m=2     inner=1      min=    95.408 us/xform  median=    95.408  sd=  0.00%     14.71 GF/s  setup=0.005 s
gen_race                 L=27  B=16    m=200   inner=1      min=    43.553 us/xform  median=    43.569  sd=  0.04%     32.23 GF/s  setup=0.323 s
gen_race                 L=27  B=16    m=200   inner=1      min=    42.842 us/xform  median=    48.965  sd=  6.65%     32.77 GF/s  setup=0.020 s
gen_race                 L=27  B=16    m=200   inner=1      min=    43.016 us/xform  median=    43.026  sd=  0.04%     32.64 GF/s  setup=0.016 s
gen_race                 L=27  B=16    m=2     inner=1      min=    91.425 us/xform  median=    91.425  sd=  0.00%     15.36 GF/s  setup=0.009 s
gen_twiddle              L=27  B=16    m=200   inner=1      min=   120.707 us/xform  median=   120.732  sd=  0.02%     11.63 GF/s  setup=0.003 s
gen_twiddle              L=27  B=16    m=200   inner=1      min=   122.769 us/xform  median=   122.778  sd=  0.02%     11.43 GF/s  setup=0.005 s
gen_twiddle              L=27  B=16    m=200   inner=1      min=   120.377 us/xform  median=   120.412  sd=  0.01%     11.66 GF/s  setup=0.003 s
gen_twiddle              L=27  B=16    m=2     inner=1      min=   154.815 us/xform  median=   154.815  sd=  0.00%      9.07 GF/s  setup=0.004 s
mkl2026_dfti             L=27  B=16    m=200   inner=1      min=   148.084 us/xform  median=   148.185  sd=  0.05%      9.48 GF/s  setup=0.044 s
mkl2026_dfti             L=27  B=16    m=200   inner=1      min=   148.261 us/xform  median=   148.367  sd=  0.04%      9.47 GF/s  setup=0.053 s
mkl2026_dfti             L=27  B=16    m=200   inner=1      min=   148.019 us/xform  median=   148.155  sd=  0.04%      9.48 GF/s  setup=0.051 s
mkl2026_dfti             L=27  B=16    m=2     inner=1      min=   279.947 us/xform  median=   279.947  sd=  0.00%      5.01 GF/s  setup=0.050 s
mkl_dfti                 L=27  B=16    m=200   inner=1      min=   144.417 us/xform  median=   144.521  sd=  0.03%      9.72 GF/s  setup=0.013 s
mkl_dfti                 L=27  B=16    m=200   inner=1      min=   144.311 us/xform  median=   144.504  sd=  0.07%      9.73 GF/s  setup=0.050 s
mkl_dfti                 L=27  B=16    m=200   inner=1      min=   144.588 us/xform  median=   144.731  sd=  0.04%      9.71 GF/s  setup=0.049 s
mkl_dfti                 L=27  B=16    m=2     inner=1      min=   164.207 us/xform  median=   164.207  sd=  0.00%      8.55 GF/s  setup=0.049 s
baseline_matrix          L=31  B=16    m=140   inner=1      min=  4854.319 us/xform  median=  4854.485  sd=  0.00%      0.46 GF/s  setup=0.000 s
baseline_matrix          L=31  B=16    m=140   inner=1      min=  4852.216 us/xform  median=  4852.286  sd=  0.00%      0.46 GF/s  setup=0.000 s
baseline_matrix          L=31  B=16    m=140   inner=1      min=  4851.763 us/xform  median=  4851.925  sd=  0.00%      0.46 GF/s  setup=0.000 s
baseline_matrix          L=31  B=16    m=2     inner=1      min=  4876.308 us/xform  median=  4876.308  sd=  0.00%      0.45 GF/s  setup=0.000 s
ducc0_c2c                L=31  B=16    m=140   inner=1      min=   716.580 us/xform  median=   717.919  sd=  0.11%      3.09 GF/s  setup=0.000 s
ducc0_c2c                L=31  B=16    m=140   inner=1      min=   774.539 us/xform  median=   776.277  sd=  0.11%      2.86 GF/s  setup=0.000 s
ducc0_c2c                L=31  B=16    m=140   inner=1      min=   714.529 us/xform  median=   715.814  sd=  0.09%      3.10 GF/s  setup=0.000 s
ducc0_c2c                L=31  B=16    m=2     inner=1      min=   793.770 us/xform  median=   793.770  sd=  0.00%      2.79 GF/s  setup=0.000 s
fftw3_custom             L=31  B=16    m=140   inner=1      min=   507.798 us/xform  median=   508.343  sd=  0.05%      4.36 GF/s  setup=0.000 s
fftw3_custom             L=31  B=16    m=140   inner=1      min=   509.968 us/xform  median=   510.839  sd=  0.07%      4.34 GF/s  setup=0.000 s
fftw3_custom             L=31  B=16    m=140   inner=1      min=   497.559 us/xform  median=   498.260  sd=  0.06%      4.45 GF/s  setup=0.000 s
fftw3_custom             L=31  B=16    m=2     inner=1      min=   752.447 us/xform  median=   752.447  sd=  0.00%      2.94 GF/s  setup=0.000 s
fftw3_custom_soa         L=31  B=16    m=140   inner=1      min=   206.117 us/xform  median=   206.648  sd=  0.11%     10.74 GF/s  setup=0.000 s
fftw3_custom_soa         L=31  B=16    m=140   inner=1      min=   208.380 us/xform  median=   209.532  sd=  0.21%     10.62 GF/s  setup=0.000 s
fftw3_custom_soa         L=31  B=16    m=140   inner=1      min=   218.687 us/xform  median=   218.937  sd=  0.10%     10.12 GF/s  setup=0.000 s
fftw3_custom_soa         L=31  B=16    m=2     inner=1      min=   433.652 us/xform  median=   433.652  sd=  0.00%      5.11 GF/s  setup=0.000 s
fftw3_estimate           L=31  B=16    m=140   inner=1      min=   865.147 us/xform  median=   865.272  sd=  0.01%      2.56 GF/s  setup=0.002 s
fftw3_estimate           L=31  B=16    m=140   inner=1      min=   859.589 us/xform  median=   859.724  sd=  0.01%      2.58 GF/s  setup=0.002 s
fftw3_estimate           L=31  B=16    m=140   inner=1      min=   859.538 us/xform  median=   859.633  sd=  0.01%      2.58 GF/s  setup=0.002 s
fftw3_estimate           L=31  B=16    m=2     inner=1      min=   895.279 us/xform  median=   895.279  sd=  0.00%      2.47 GF/s  setup=0.002 s
fftw3_guru               L=31  B=16    m=140   inner=1      min=   829.890 us/xform  median=   830.185  sd=  0.01%      2.67 GF/s  setup=0.088 s
fftw3_guru               L=31  B=16    m=140   inner=1      min=   835.507 us/xform  median=   835.691  sd=  0.01%      2.65 GF/s  setup=0.093 s
fftw3_guru               L=31  B=16    m=140   inner=1      min=   830.882 us/xform  median=   831.188  sd=  0.01%      2.66 GF/s  setup=0.093 s
fftw3_guru               L=31  B=16    m=2     inner=1      min=   889.147 us/xform  median=   889.147  sd=  0.00%      2.49 GF/s  setup=0.088 s
fftw3_measure            L=31  B=16    m=140   inner=1      min=   860.799 us/xform  median=   861.827  sd=  0.06%      2.57 GF/s  setup=0.089 s
fftw3_measure            L=31  B=16    m=140   inner=1      min=   859.803 us/xform  median=   859.942  sd=  0.01%      2.57 GF/s  setup=0.085 s
fftw3_measure            L=31  B=16    m=140   inner=1      min=   860.445 us/xform  median=   860.559  sd=  0.01%      2.57 GF/s  setup=0.089 s
fftw3_measure            L=31  B=16    m=2     inner=1      min=   884.937 us/xform  median=   884.937  sd=  0.00%      2.50 GF/s  setup=0.085 s
fftw3_patient            L=31  B=16    m=140   inner=1      min=   863.608 us/xform  median=   863.742  sd=  0.01%      2.56 GF/s  setup=0.240 s
fftw3_patient            L=31  B=16    m=140   inner=1      min=   859.774 us/xform  median=   859.976  sd=  0.01%      2.57 GF/s  setup=0.240 s
fftw3_patient            L=31  B=16    m=140   inner=1      min=   860.137 us/xform  median=   860.203  sd=  0.01%      2.57 GF/s  setup=0.241 s
fftw3_patient            L=31  B=16    m=2     inner=1      min=   885.054 us/xform  median=   885.054  sd=  0.00%      2.50 GF/s  setup=0.225 s
gen_bluestein            L=31  B=16    m=140   inner=1      min=   296.485 us/xform  median=   296.640  sd=  0.03%      7.47 GF/s  setup=0.000 s
gen_bluestein            L=31  B=16    m=140   inner=1      min=   273.847 us/xform  median=   274.010  sd=  0.06%      8.08 GF/s  setup=0.000 s
gen_bluestein            L=31  B=16    m=140   inner=1      min=   277.638 us/xform  median=   277.763  sd=  0.03%      7.97 GF/s  setup=0.000 s
gen_bluestein            L=31  B=16    m=2     inner=1      min=   326.373 us/xform  median=   326.373  sd=  0.00%      6.78 GF/s  setup=0.000 s
gen_dense_prime          L=31  B=16    m=140   inner=1      min=   110.227 us/xform  median=   110.278  sd=  0.04%     20.08 GF/s  setup=0.001 s
gen_dense_prime          L=31  B=16    m=140   inner=1      min=   111.657 us/xform  median=   111.701  sd=  0.05%     19.83 GF/s  setup=0.001 s
gen_dense_prime          L=31  B=16    m=140   inner=1      min=   111.028 us/xform  median=   111.144  sd=  0.06%     19.94 GF/s  setup=0.001 s
gen_dense_prime          L=31  B=16    m=2     inner=1      min=   173.198 us/xform  median=   173.198  sd=  0.00%     12.78 GF/s  setup=0.001 s
gen_layout               L=31  B=16    m=140   inner=1      min=   200.991 us/xform  median=   201.102  sd=  0.03%     11.01 GF/s  setup=0.001 s
gen_layout               L=31  B=16    m=140   inner=1      min=   199.742 us/xform  median=   199.854  sd=  0.03%     11.08 GF/s  setup=0.000 s
gen_layout               L=31  B=16    m=140   inner=1      min=   202.038 us/xform  median=   202.103  sd=  0.02%     10.96 GF/s  setup=0.000 s
gen_layout               L=31  B=16    m=2     inner=1      min=   228.768 us/xform  median=   228.768  sd=  0.00%      9.68 GF/s  setup=0.000 s
gen_planner              L=31  B=16    m=140   inner=1      min=   139.591 us/xform  median=   139.615  sd=  0.04%     15.86 GF/s  setup=0.040 s
gen_planner              L=31  B=16    m=140   inner=1      min=   140.609 us/xform  median=   140.638  sd=  0.04%     15.74 GF/s  setup=0.031 s
gen_planner              L=31  B=16    m=140   inner=1      min=   140.159 us/xform  median=   140.187  sd=  0.05%     15.80 GF/s  setup=0.027 s
gen_planner              L=31  B=16    m=2     inner=1      min=   364.869 us/xform  median=   364.869  sd=  0.00%      6.07 GF/s  setup=0.023 s
gen_race                 L=31  B=16    m=140   inner=1      min=    86.039 us/xform  median=    86.310  sd=  0.18%     25.73 GF/s  setup=0.536 s
gen_race                 L=31  B=16    m=140   inner=1      min=    85.835 us/xform  median=    86.098  sd=  6.31%     25.79 GF/s  setup=0.029 s
gen_race                 L=31  B=16    m=140   inner=1      min=    84.908 us/xform  median=    85.154  sd=  0.12%     26.07 GF/s  setup=0.023 s
gen_race                 L=31  B=16    m=2     inner=1      min=   140.542 us/xform  median=   140.542  sd=  0.00%     15.75 GF/s  setup=0.013 s
gen_rader                L=31  B=16    m=140   inner=1      min=    85.915 us/xform  median=    86.135  sd=  0.22%     25.77 GF/s  setup=0.007 s
gen_rader                L=31  B=16    m=140   inner=1      min=    85.095 us/xform  median=    85.550  sd=  0.26%     26.02 GF/s  setup=0.007 s
gen_rader                L=31  B=16    m=140   inner=1      min=    84.807 us/xform  median=    85.420  sd=  2.13%     26.10 GF/s  setup=0.009 s
gen_rader                L=31  B=16    m=2     inner=1      min=   141.131 us/xform  median=   141.131  sd=  0.00%     15.69 GF/s  setup=0.007 s
gen_twiddle              L=31  B=16    m=140   inner=1      min=   259.326 us/xform  median=   259.377  sd=  0.02%      8.54 GF/s  setup=0.005 s
gen_twiddle              L=31  B=16    m=140   inner=1      min=   258.359 us/xform  median=   258.428  sd=  0.03%      8.57 GF/s  setup=0.004 s
gen_twiddle              L=31  B=16    m=140   inner=1      min=   259.931 us/xform  median=   260.031  sd=  0.02%      8.52 GF/s  setup=0.005 s
gen_twiddle              L=31  B=16    m=2     inner=1      min=   302.599 us/xform  median=   302.599  sd=  0.00%      7.32 GF/s  setup=0.005 s
mkl2026_dfti             L=31  B=16    m=140   inner=1      min=   883.244 us/xform  median=   883.394  sd=  0.01%      2.51 GF/s  setup=0.044 s
mkl2026_dfti             L=31  B=16    m=140   inner=1      min=   883.132 us/xform  median=   883.215  sd=  0.01%      2.51 GF/s  setup=0.048 s
mkl2026_dfti             L=31  B=16    m=140   inner=1      min=   882.798 us/xform  median=   882.853  sd=  0.00%      2.51 GF/s  setup=0.036 s
mkl2026_dfti             L=31  B=16    m=2     inner=1      min=   910.936 us/xform  median=   910.936  sd=  0.00%      2.43 GF/s  setup=0.048 s
mkl_dfti                 L=31  B=16    m=140   inner=1      min=   848.937 us/xform  median=   848.998  sd=  0.01%      2.61 GF/s  setup=0.031 s
mkl_dfti                 L=31  B=16    m=140   inner=1      min=   848.865 us/xform  median=   848.974  sd=  0.01%      2.61 GF/s  setup=0.048 s
mkl_dfti                 L=31  B=16    m=140   inner=1      min=   848.608 us/xform  median=   848.793  sd=  0.01%      2.61 GF/s  setup=0.050 s
mkl_dfti                 L=31  B=16    m=2     inner=1      min=   877.123 us/xform  median=   877.123  sd=  0.00%      2.52 GF/s  setup=0.044 s
baseline_matrix          L=32  B=8     m=250   inner=1      min=  5753.208 us/xform  median=  5753.248  sd=  0.00%      0.43 GF/s  setup=0.000 s
baseline_matrix          L=32  B=8     m=250   inner=1      min=  5756.536 us/xform  median=  5756.622  sd=  0.00%      0.43 GF/s  setup=0.000 s
baseline_matrix          L=32  B=8     m=250   inner=1      min=  5752.785 us/xform  median=  5752.869  sd=  0.00%      0.43 GF/s  setup=0.000 s
baseline_matrix          L=32  B=8     m=2     inner=1      min=  5785.109 us/xform  median=  5785.109  sd=  0.00%      0.42 GF/s  setup=0.000 s
ducc0_c2c                L=32  B=8     m=250   inner=1      min=   314.804 us/xform  median=   315.141  sd=  0.11%      7.81 GF/s  setup=0.000 s
ducc0_c2c                L=32  B=8     m=250   inner=1      min=   309.245 us/xform  median=   309.728  sd=  0.14%      7.95 GF/s  setup=0.000 s
ducc0_c2c                L=32  B=8     m=250   inner=1      min=   317.302 us/xform  median=   317.663  sd=  0.14%      7.75 GF/s  setup=0.000 s
ducc0_c2c                L=32  B=8     m=2     inner=1      min=   363.049 us/xform  median=   363.049  sd=  0.00%      6.77 GF/s  setup=0.000 s
fftw3_custom             L=32  B=8     m=250   inner=1      min=   410.036 us/xform  median=   410.174  sd=  0.06%      5.99 GF/s  setup=0.000 s
fftw3_custom             L=32  B=8     m=250   inner=1      min=   417.359 us/xform  median=   417.515  sd=  0.02%      5.89 GF/s  setup=0.000 s
fftw3_custom             L=32  B=8     m=250   inner=1      min=   411.333 us/xform  median=   411.401  sd=  0.01%      5.97 GF/s  setup=0.000 s
fftw3_custom             L=32  B=8     m=2     inner=1      min=   717.966 us/xform  median=   717.966  sd=  0.00%      3.42 GF/s  setup=0.000 s
fftw3_custom_soa         L=32  B=8     m=250   inner=1      min=   179.339 us/xform  median=   179.411  sd=  0.04%     13.70 GF/s  setup=0.000 s
fftw3_custom_soa         L=32  B=8     m=250   inner=1      min=   174.864 us/xform  median=   174.930  sd=  0.04%     14.05 GF/s  setup=0.000 s
fftw3_custom_soa         L=32  B=8     m=250   inner=1      min=   174.329 us/xform  median=   174.389  sd=  0.04%     14.10 GF/s  setup=0.000 s
fftw3_custom_soa         L=32  B=8     m=2     inner=1      min=   412.265 us/xform  median=   412.265  sd=  0.00%      5.96 GF/s  setup=0.000 s
fftw3_estimate           L=32  B=8     m=250   inner=1      min=   406.517 us/xform  median=   406.941  sd=  0.04%      6.05 GF/s  setup=0.001 s
fftw3_estimate           L=32  B=8     m=250   inner=1      min=   406.727 us/xform  median=   406.822  sd=  0.03%      6.04 GF/s  setup=0.001 s
fftw3_estimate           L=32  B=8     m=250   inner=1      min=   406.681 us/xform  median=   406.786  sd=  0.02%      6.04 GF/s  setup=0.001 s
fftw3_estimate           L=32  B=8     m=2     inner=1      min=   506.014 us/xform  median=   506.014  sd=  0.00%      4.86 GF/s  setup=0.001 s
fftw3_guru               L=32  B=8     m=250   inner=1      min=   280.598 us/xform  median=   280.683  sd=  0.03%      8.76 GF/s  setup=0.073 s
fftw3_guru               L=32  B=8     m=250   inner=1      min=   279.790 us/xform  median=   279.911  sd=  0.06%      8.78 GF/s  setup=0.074 s
fftw3_guru               L=32  B=8     m=250   inner=1      min=   306.003 us/xform  median=   306.073  sd=  0.02%      8.03 GF/s  setup=0.074 s
fftw3_guru               L=32  B=8     m=2     inner=1      min=   363.976 us/xform  median=   363.976  sd=  0.00%      6.75 GF/s  setup=0.070 s
fftw3_measure            L=32  B=8     m=250   inner=1      min=   209.410 us/xform  median=   209.460  sd=  0.04%     11.74 GF/s  setup=0.086 s
fftw3_measure            L=32  B=8     m=250   inner=1      min=   211.869 us/xform  median=   211.929  sd=  0.02%     11.60 GF/s  setup=0.087 s
fftw3_measure            L=32  B=8     m=250   inner=1      min=   211.883 us/xform  median=   211.932  sd=  0.01%     11.60 GF/s  setup=0.087 s
fftw3_measure            L=32  B=8     m=2     inner=1      min=   248.872 us/xform  median=   248.872  sd=  0.00%      9.87 GF/s  setup=0.082 s
fftw3_patient            L=32  B=8     m=250   inner=1      min=   212.419 us/xform  median=   212.476  sd=  0.01%     11.57 GF/s  setup=0.492 s
fftw3_patient            L=32  B=8     m=250   inner=1      min=   207.860 us/xform  median=   207.887  sd=  0.02%     11.82 GF/s  setup=0.543 s
fftw3_patient            L=32  B=8     m=250   inner=1      min=   211.089 us/xform  median=   211.130  sd=  0.01%     11.64 GF/s  setup=0.487 s
fftw3_patient            L=32  B=8     m=2     inner=1      min=   250.075 us/xform  median=   250.075  sd=  0.00%      9.83 GF/s  setup=0.490 s
gen_bluestein            L=32  B=8     m=250   inner=1      min=   306.914 us/xform  median=   307.003  sd=  0.03%      8.01 GF/s  setup=0.000 s
gen_bluestein            L=32  B=8     m=250   inner=1      min=   298.661 us/xform  median=   298.762  sd=  0.01%      8.23 GF/s  setup=0.000 s
gen_bluestein            L=32  B=8     m=250   inner=1      min=   309.802 us/xform  median=   309.842  sd=  0.01%      7.93 GF/s  setup=0.000 s
gen_bluestein            L=32  B=8     m=2     inner=1      min=   350.704 us/xform  median=   350.704  sd=  0.00%      7.01 GF/s  setup=0.000 s
gen_layout               L=32  B=8     m=250   inner=1      min=   151.209 us/xform  median=   151.217  sd=  0.06%     16.25 GF/s  setup=0.001 s
gen_layout               L=32  B=8     m=250   inner=1      min=   152.277 us/xform  median=   152.293  sd=  0.01%     16.14 GF/s  setup=0.001 s
gen_layout               L=32  B=8     m=250   inner=1      min=   151.453 us/xform  median=   151.471  sd=  0.02%     16.23 GF/s  setup=0.001 s
gen_layout               L=32  B=8     m=2     inner=1      min=   163.146 us/xform  median=   163.146  sd=  0.00%     15.06 GF/s  setup=0.001 s
gen_planner              L=32  B=8     m=250   inner=1      min=   109.306 us/xform  median=   109.336  sd=  0.03%     22.48 GF/s  setup=0.062 s
gen_planner              L=32  B=8     m=250   inner=1      min=   108.528 us/xform  median=   108.576  sd=  0.03%     22.64 GF/s  setup=0.005 s
gen_planner              L=32  B=8     m=250   inner=1      min=   108.657 us/xform  median=   108.678  sd=  0.03%     22.62 GF/s  setup=0.003 s
gen_planner              L=32  B=8     m=2     inner=1      min=   148.406 us/xform  median=   148.406  sd=  0.00%     16.56 GF/s  setup=0.005 s
gen_pow2                 L=32  B=8     m=250   inner=1      min=    55.056 us/xform  median=    55.111  sd=  7.81%     44.64 GF/s  setup=0.000 s
gen_pow2                 L=32  B=8     m=250   inner=1      min=    55.409 us/xform  median=    55.449  sd=  0.04%     44.35 GF/s  setup=0.000 s
gen_pow2                 L=32  B=8     m=250   inner=1      min=    55.226 us/xform  median=    55.241  sd=  0.02%     44.50 GF/s  setup=0.000 s
gen_pow2                 L=32  B=8     m=2     inner=1      min=   104.425 us/xform  median=   104.425  sd=  0.00%     23.53 GF/s  setup=0.000 s
gen_race                 L=32  B=8     m=250   inner=1      min=    54.619 us/xform  median=    54.646  sd=  3.15%     45.00 GF/s  setup=0.381 s
gen_race                 L=32  B=8     m=250   inner=1      min=    55.135 us/xform  median=    55.143  sd=  0.03%     44.57 GF/s  setup=0.008 s
gen_race                 L=32  B=8     m=250   inner=1      min=    55.455 us/xform  median=    55.466  sd=  0.03%     44.32 GF/s  setup=0.011 s
gen_race                 L=32  B=8     m=2     inner=1      min=   110.126 us/xform  median=   110.126  sd=  0.00%     22.32 GF/s  setup=0.006 s
gen_twiddle              L=32  B=8     m=250   inner=1      min=   154.485 us/xform  median=   154.511  sd=  0.01%     15.91 GF/s  setup=0.005 s
gen_twiddle              L=32  B=8     m=250   inner=1      min=   152.155 us/xform  median=   152.183  sd=  0.03%     16.15 GF/s  setup=0.005 s
gen_twiddle              L=32  B=8     m=250   inner=1      min=   152.161 us/xform  median=   152.169  sd=  0.02%     16.15 GF/s  setup=0.005 s
gen_twiddle              L=32  B=8     m=2     inner=1      min=   199.563 us/xform  median=   199.563  sd=  0.00%     12.31 GF/s  setup=0.005 s
mkl2026_dfti             L=32  B=8     m=250   inner=1      min=   187.719 us/xform  median=   188.287  sd=  0.12%     13.09 GF/s  setup=0.002 s
mkl2026_dfti             L=32  B=8     m=250   inner=1      min=   187.384 us/xform  median=   187.685  sd=  0.10%     13.12 GF/s  setup=0.001 s
mkl2026_dfti             L=32  B=8     m=250   inner=1      min=   188.162 us/xform  median=   188.664  sd=  0.16%     13.06 GF/s  setup=0.002 s
mkl2026_dfti             L=32  B=8     m=2     inner=1      min=   253.476 us/xform  median=   253.476  sd=  0.00%      9.70 GF/s  setup=0.002 s
mkl_dfti                 L=32  B=8     m=250   inner=1      min=   173.025 us/xform  median=   173.695  sd=  0.21%     14.20 GF/s  setup=0.003 s
mkl_dfti                 L=32  B=8     m=250   inner=1      min=   170.714 us/xform  median=   171.698  sd=  0.20%     14.40 GF/s  setup=0.001 s
mkl_dfti                 L=32  B=8     m=250   inner=1      min=   173.182 us/xform  median=   173.341  sd=  0.05%     14.19 GF/s  setup=0.001 s
mkl_dfti                 L=32  B=8     m=2     inner=1      min=   239.088 us/xform  median=   239.088  sd=  0.00%     10.28 GF/s  setup=0.002 s
baseline_matrix          L=40  B=8     m=128   inner=1      min= 13466.417 us/xform  median= 13466.729  sd=  0.00%      0.38 GF/s  setup=0.000 s
baseline_matrix          L=40  B=8     m=128   inner=1      min= 13474.882 us/xform  median= 13475.414  sd=  0.00%      0.38 GF/s  setup=0.000 s
baseline_matrix          L=40  B=8     m=128   inner=1      min= 13454.854 us/xform  median= 13455.410  sd=  0.00%      0.38 GF/s  setup=0.000 s
baseline_matrix          L=40  B=8     m=2     inner=1      min= 13525.909 us/xform  median= 13525.909  sd=  0.00%      0.38 GF/s  setup=0.000 s
ducc0_c2c                L=40  B=8     m=128   inner=1      min=   599.591 us/xform  median=   601.039  sd=  0.22%      8.52 GF/s  setup=0.000 s
ducc0_c2c                L=40  B=8     m=128   inner=1      min=   601.229 us/xform  median=   603.926  sd=  0.29%      8.50 GF/s  setup=0.000 s
ducc0_c2c                L=40  B=8     m=128   inner=1      min=   597.938 us/xform  median=   600.792  sd=  0.31%      8.54 GF/s  setup=0.000 s
ducc0_c2c                L=40  B=8     m=2     inner=1      min=   793.181 us/xform  median=   793.181  sd=  0.00%      6.44 GF/s  setup=0.000 s
fftw3_custom             L=40  B=8     m=128   inner=1      min=   789.633 us/xform  median=   790.073  sd=  0.05%      6.47 GF/s  setup=0.000 s
fftw3_custom             L=40  B=8     m=128   inner=1      min=   779.976 us/xform  median=   781.432  sd=  0.06%      6.55 GF/s  setup=0.000 s
fftw3_custom             L=40  B=8     m=128   inner=1      min=   799.550 us/xform  median=   800.053  sd=  0.07%      6.39 GF/s  setup=0.000 s
fftw3_custom             L=40  B=8     m=2     inner=1      min=  1455.712 us/xform  median=  1455.712  sd=  0.00%      3.51 GF/s  setup=0.000 s
fftw3_custom_soa         L=40  B=8     m=128   inner=1      min=   407.329 us/xform  median=   408.544  sd=  0.16%     12.54 GF/s  setup=0.000 s
fftw3_custom_soa         L=40  B=8     m=128   inner=1      min=   406.229 us/xform  median=   407.615  sd=  0.23%     12.58 GF/s  setup=0.000 s
fftw3_custom_soa         L=40  B=8     m=128   inner=1      min=   414.655 us/xform  median=   416.131  sd=  0.15%     12.32 GF/s  setup=0.000 s
fftw3_custom_soa         L=40  B=8     m=2     inner=1      min=   980.625 us/xform  median=   980.625  sd=  0.00%      5.21 GF/s  setup=0.000 s
fftw3_estimate           L=40  B=8     m=128   inner=1      min=  1612.035 us/xform  median=  1615.320  sd=  0.11%      3.17 GF/s  setup=0.002 s
fftw3_estimate           L=40  B=8     m=128   inner=1      min=  1588.207 us/xform  median=  1591.335  sd=  0.13%      3.22 GF/s  setup=0.002 s
fftw3_estimate           L=40  B=8     m=128   inner=1      min=  1598.694 us/xform  median=  1600.935  sd=  0.09%      3.20 GF/s  setup=0.002 s
fftw3_estimate           L=40  B=8     m=2     inner=1      min=  1737.252 us/xform  median=  1737.252  sd=  0.00%      2.94 GF/s  setup=0.002 s
fftw3_guru               L=40  B=8     m=128   inner=1      min=   680.216 us/xform  median=   682.866  sd=  0.31%      7.51 GF/s  setup=0.153 s
fftw3_guru               L=40  B=8     m=128   inner=1      min=   685.337 us/xform  median=   688.562  sd=  0.23%      7.45 GF/s  setup=0.157 s
fftw3_guru               L=40  B=8     m=128   inner=1      min=   690.529 us/xform  median=   693.966  sd=  0.29%      7.40 GF/s  setup=0.159 s
fftw3_guru               L=40  B=8     m=2     inner=1      min=   820.064 us/xform  median=   820.064  sd=  0.00%      6.23 GF/s  setup=0.154 s
fftw3_measure            L=40  B=8     m=128   inner=1      min=   556.595 us/xform  median=   556.821  sd=  0.04%      9.18 GF/s  setup=0.147 s
fftw3_measure            L=40  B=8     m=128   inner=1      min=   565.493 us/xform  median=   566.042  sd=  0.05%      9.03 GF/s  setup=0.153 s
fftw3_measure            L=40  B=8     m=128   inner=1      min=   552.817 us/xform  median=   553.876  sd=  0.08%      9.24 GF/s  setup=0.154 s
fftw3_measure            L=40  B=8     m=2     inner=1      min=   622.308 us/xform  median=   622.308  sd=  0.00%      8.21 GF/s  setup=0.148 s
fftw3_patient            L=40  B=8     m=128   inner=1      min=   540.967 us/xform  median=   541.512  sd=  0.06%      9.44 GF/s  setup=1.395 s
fftw3_patient            L=40  B=8     m=128   inner=1      min=   530.275 us/xform  median=   530.824  sd=  0.04%      9.63 GF/s  setup=1.480 s
fftw3_patient            L=40  B=8     m=128   inner=1      min=   552.143 us/xform  median=   552.839  sd=  0.05%      9.25 GF/s  setup=1.486 s
fftw3_patient            L=40  B=8     m=2     inner=1      min=   603.001 us/xform  median=   603.001  sd=  0.00%      8.47 GF/s  setup=1.295 s
gen_bluestein            L=40  B=8     m=128   inner=1      min=   604.265 us/xform  median=   604.627  sd=  0.03%      8.45 GF/s  setup=0.000 s
gen_bluestein            L=40  B=8     m=128   inner=1      min=   608.844 us/xform  median=   609.164  sd=  0.03%      8.39 GF/s  setup=0.000 s
gen_bluestein            L=40  B=8     m=128   inner=1      min=   603.651 us/xform  median=   604.164  sd=  0.04%      8.46 GF/s  setup=0.000 s
gen_bluestein            L=40  B=8     m=2     inner=1      min=   840.835 us/xform  median=   840.835  sd=  0.00%      6.08 GF/s  setup=0.000 s
gen_layout               L=40  B=8     m=128   inner=1      min=   328.745 us/xform  median=   328.855  sd=  0.03%     15.54 GF/s  setup=0.001 s
gen_layout               L=40  B=8     m=128   inner=1      min=   333.059 us/xform  median=   333.146  sd=  0.02%     15.34 GF/s  setup=0.000 s
gen_layout               L=40  B=8     m=128   inner=1      min=   330.483 us/xform  median=   330.574  sd=  0.02%     15.46 GF/s  setup=0.001 s
gen_layout               L=40  B=8     m=2     inner=1      min=   424.369 us/xform  median=   424.369  sd=  0.00%     12.04 GF/s  setup=0.001 s
gen_pfa_large            L=40  B=8     m=128   inner=1      min=   159.623 us/xform  median=   159.666  sd=  0.06%     32.01 GF/s  setup=1.081 s
gen_pfa_large            L=40  B=8     m=128   inner=1      min=   159.128 us/xform  median=   159.174  sd=  0.05%     32.11 GF/s  setup=0.003 s
gen_pfa_large            L=40  B=8     m=128   inner=1      min=   161.791 us/xform  median=   161.804  sd=  0.04%     31.58 GF/s  setup=0.002 s
gen_pfa_large            L=40  B=8     m=2     inner=1      min=   222.554 us/xform  median=   222.554  sd=  0.00%     22.96 GF/s  setup=0.002 s
gen_planner              L=40  B=8     m=128   inner=1      min=   235.944 us/xform  median=   236.035  sd=  0.05%     21.65 GF/s  setup=0.108 s
gen_planner              L=40  B=8     m=128   inner=1      min=   239.290 us/xform  median=   239.361  sd=  0.04%     21.35 GF/s  setup=0.007 s
gen_planner              L=40  B=8     m=128   inner=1      min=   239.351 us/xform  median=   239.395  sd=  0.05%     21.35 GF/s  setup=0.008 s
gen_planner              L=40  B=8     m=2     inner=1      min=   318.774 us/xform  median=   318.774  sd=  0.00%     16.03 GF/s  setup=0.005 s
gen_race                 L=40  B=8     m=128   inner=1      min=   159.306 us/xform  median=   159.349  sd=  0.12%     32.07 GF/s  setup=0.764 s
gen_race                 L=40  B=8     m=128   inner=1      min=   163.920 us/xform  median=   164.233  sd=  9.97%     31.17 GF/s  setup=0.021 s
gen_race                 L=40  B=8     m=128   inner=1      min=   160.027 us/xform  median=   160.054  sd=  0.05%     31.93 GF/s  setup=0.013 s
gen_race                 L=40  B=8     m=2     inner=1      min=   231.259 us/xform  median=   231.259  sd=  0.00%     22.09 GF/s  setup=0.006 s
gen_twiddle              L=40  B=8     m=128   inner=1      min=   287.557 us/xform  median=   287.584  sd=  0.03%     17.77 GF/s  setup=0.006 s
gen_twiddle              L=40  B=8     m=128   inner=1      min=   289.323 us/xform  median=   289.347  sd=  0.03%     17.66 GF/s  setup=0.007 s
gen_twiddle              L=40  B=8     m=128   inner=1      min=   295.780 us/xform  median=   295.844  sd=  0.03%     17.27 GF/s  setup=0.007 s
gen_twiddle              L=40  B=8     m=2     inner=1      min=   372.769 us/xform  median=   372.769  sd=  0.00%     13.71 GF/s  setup=0.007 s
mkl2026_dfti             L=40  B=8     m=128   inner=1      min=   404.941 us/xform  median=   405.558  sd=  0.09%     12.62 GF/s  setup=0.003 s
mkl2026_dfti             L=40  B=8     m=128   inner=1      min=   404.273 us/xform  median=   404.602  sd=  0.07%     12.64 GF/s  setup=0.002 s
mkl2026_dfti             L=40  B=8     m=128   inner=1      min=   405.703 us/xform  median=   406.260  sd=  0.09%     12.59 GF/s  setup=0.002 s
mkl2026_dfti             L=40  B=8     m=2     inner=1      min=   485.469 us/xform  median=   485.469  sd=  0.00%     10.52 GF/s  setup=0.002 s
mkl_dfti                 L=40  B=8     m=128   inner=1      min=   405.921 us/xform  median=   406.116  sd=  0.06%     12.59 GF/s  setup=0.003 s
mkl_dfti                 L=40  B=8     m=128   inner=1      min=   407.985 us/xform  median=   408.289  sd=  0.07%     12.52 GF/s  setup=0.002 s
mkl_dfti                 L=40  B=8     m=128   inner=1      min=   406.848 us/xform  median=   409.263  sd=  0.39%     12.56 GF/s  setup=0.002 s
mkl_dfti                 L=40  B=8     m=2     inner=1      min=   705.093 us/xform  median=   705.093  sd=  0.00%      7.25 GF/s  setup=0.002 s
baseline_matrix          L=50  B=4     m=128   inner=1      min= 34080.295 us/xform  median= 34086.103  sd=  0.01%      0.31 GF/s  setup=0.000 s
baseline_matrix          L=50  B=4     m=128   inner=1      min= 34504.640 us/xform  median= 34512.002  sd=  0.02%      0.31 GF/s  setup=0.000 s
baseline_matrix          L=50  B=4     m=128   inner=1      min= 34439.528 us/xform  median= 34444.394  sd=  0.01%      0.31 GF/s  setup=0.000 s
baseline_matrix          L=50  B=4     m=2     inner=1      min= 34925.958 us/xform  median= 34925.958  sd=  0.00%      0.30 GF/s  setup=0.000 s
ducc0_c2c                L=50  B=4     m=128   inner=1      min=  1281.428 us/xform  median=  1284.968  sd=  0.26%      8.26 GF/s  setup=0.000 s
ducc0_c2c                L=50  B=4     m=128   inner=1      min=  1267.555 us/xform  median=  1272.956  sd=  0.28%      8.35 GF/s  setup=0.000 s
ducc0_c2c                L=50  B=4     m=128   inner=1      min=  1269.416 us/xform  median=  1274.653  sd=  0.28%      8.34 GF/s  setup=0.000 s
ducc0_c2c                L=50  B=4     m=2     inner=1      min=  1638.555 us/xform  median=  1638.555  sd=  0.00%      6.46 GF/s  setup=0.000 s
fftw3_custom             L=50  B=4     m=128   inner=1      min=  1708.854 us/xform  median=  1711.821  sd=  0.08%      6.19 GF/s  setup=0.000 s
fftw3_custom             L=50  B=4     m=128   inner=1      min=  1731.716 us/xform  median=  1734.064  sd=  0.07%      6.11 GF/s  setup=0.000 s
fftw3_custom             L=50  B=4     m=128   inner=1      min=  1726.638 us/xform  median=  1727.867  sd=  0.06%      6.13 GF/s  setup=0.000 s
fftw3_custom             L=50  B=4     m=2     inner=1      min=  2648.001 us/xform  median=  2648.001  sd=  0.00%      4.00 GF/s  setup=0.000 s
fftw3_estimate           L=50  B=4     m=128   inner=1      min=  1615.777 us/xform  median=  1616.814  sd=  0.04%      6.55 GF/s  setup=0.003 s
fftw3_estimate           L=50  B=4     m=128   inner=1      min=  1612.530 us/xform  median=  1613.738  sd=  0.03%      6.56 GF/s  setup=0.003 s
fftw3_estimate           L=50  B=4     m=128   inner=1      min=  1545.241 us/xform  median=  1546.661  sd=  0.05%      6.85 GF/s  setup=0.003 s
fftw3_estimate           L=50  B=4     m=2     inner=1      min=  2097.975 us/xform  median=  2097.975  sd=  0.00%      5.04 GF/s  setup=0.002 s
fftw3_guru               L=50  B=4     m=128   inner=1      min=  1682.396 us/xform  median=  1684.302  sd=  0.07%      6.29 GF/s  setup=0.115 s
fftw3_guru               L=50  B=4     m=128   inner=1      min=  1672.135 us/xform  median=  1673.024  sd=  0.03%      6.33 GF/s  setup=0.115 s
fftw3_guru               L=50  B=4     m=128   inner=1      min=  1677.751 us/xform  median=  1680.203  sd=  0.12%      6.31 GF/s  setup=0.115 s
fftw3_guru               L=50  B=4     m=2     inner=1      min=  1939.544 us/xform  median=  1939.544  sd=  0.00%      5.46 GF/s  setup=0.111 s
fftw3_measure            L=50  B=4     m=128   inner=1      min=  1199.077 us/xform  median=  1200.343  sd=  0.07%      8.83 GF/s  setup=0.091 s
fftw3_measure            L=50  B=4     m=128   inner=1      min=  1177.898 us/xform  median=  1178.369  sd=  0.03%      8.98 GF/s  setup=0.092 s
fftw3_measure            L=50  B=4     m=128   inner=1      min=  1195.834 us/xform  median=  1196.714  sd=  0.03%      8.85 GF/s  setup=0.092 s
fftw3_measure            L=50  B=4     m=2     inner=1      min=  1329.468 us/xform  median=  1329.468  sd=  0.00%      7.96 GF/s  setup=0.089 s
fftw3_patient            L=50  B=4     m=128   inner=1      min=  1161.533 us/xform  median=  1162.197  sd=  0.03%      9.11 GF/s  setup=1.295 s
fftw3_patient            L=50  B=4     m=128   inner=1      min=  1174.937 us/xform  median=  1175.719  sd=  0.04%      9.01 GF/s  setup=1.320 s
fftw3_patient            L=50  B=4     m=128   inner=1      min=  1154.023 us/xform  median=  1155.432  sd=  0.06%      9.17 GF/s  setup=1.102 s
fftw3_patient            L=50  B=4     m=2     inner=1      min=  1312.388 us/xform  median=  1312.388  sd=  0.00%      8.06 GF/s  setup=1.112 s
gen_batchlane            L=50  B=4     m=128   inner=1      min=   473.983 us/xform  median=   474.589  sd=  0.07%     22.33 GF/s  setup=0.001 s
gen_batchlane            L=50  B=4     m=128   inner=1      min=   504.889 us/xform  median=   505.415  sd=  0.07%     20.96 GF/s  setup=0.001 s
gen_batchlane            L=50  B=4     m=128   inner=1      min=   475.233 us/xform  median=   475.323  sd=  0.08%     22.27 GF/s  setup=0.001 s
gen_batchlane            L=50  B=4     m=2     inner=1      min=   758.747 us/xform  median=   758.747  sd=  0.00%     13.95 GF/s  setup=0.001 s
gen_bluestein            L=50  B=4     m=128   inner=1      min=  1374.818 us/xform  median=  1375.359  sd=  0.02%      7.70 GF/s  setup=0.000 s
gen_bluestein            L=50  B=4     m=128   inner=1      min=  1386.854 us/xform  median=  1387.360  sd=  0.02%      7.63 GF/s  setup=0.000 s
gen_bluestein            L=50  B=4     m=128   inner=1      min=  1389.569 us/xform  median=  1390.253  sd=  0.02%      7.62 GF/s  setup=0.000 s
gen_bluestein            L=50  B=4     m=2     inner=1      min=  1913.736 us/xform  median=  1913.736  sd=  0.00%      5.53 GF/s  setup=0.000 s
gen_layout               L=50  B=4     m=128   inner=1      min=   930.753 us/xform  median=   931.487  sd=  0.04%     11.37 GF/s  setup=0.001 s
gen_layout               L=50  B=4     m=128   inner=1      min=   937.742 us/xform  median=   938.261  sd=  0.03%     11.28 GF/s  setup=0.001 s
gen_layout               L=50  B=4     m=128   inner=1      min=   929.928 us/xform  median=   930.235  sd=  0.03%     11.38 GF/s  setup=0.001 s
gen_layout               L=50  B=4     m=2     inner=1      min=  1156.119 us/xform  median=  1156.119  sd=  0.00%      9.15 GF/s  setup=0.001 s
gen_pfa_large            L=50  B=4     m=128   inner=1      min=   434.063 us/xform  median=   434.179  sd=  0.05%     24.38 GF/s  setup=0.002 s
gen_pfa_large            L=50  B=4     m=128   inner=1      min=   412.046 us/xform  median=   412.122  sd=  0.04%     25.68 GF/s  setup=0.002 s
gen_pfa_large            L=50  B=4     m=128   inner=1      min=   411.304 us/xform  median=   411.425  sd=  0.04%     25.73 GF/s  setup=0.002 s
gen_pfa_large            L=50  B=4     m=2     inner=1      min=   557.191 us/xform  median=   557.191  sd=  0.00%     18.99 GF/s  setup=0.002 s
gen_pfa_small            L=50  B=4     m=128   inner=1      min=   568.718 us/xform  median=   568.890  sd=  0.04%     18.61 GF/s  setup=0.010 s
gen_pfa_small            L=50  B=4     m=128   inner=1      min=   543.263 us/xform  median=   543.738  sd=  0.05%     19.48 GF/s  setup=0.010 s
gen_pfa_small            L=50  B=4     m=128   inner=1      min=   568.437 us/xform  median=   568.879  sd=  0.05%     18.62 GF/s  setup=0.010 s
gen_pfa_small            L=50  B=4     m=2     inner=1      min=   922.131 us/xform  median=   922.131  sd=  0.00%     11.48 GF/s  setup=0.009 s
gen_planner              L=50  B=4     m=128   inner=1      min=   561.892 us/xform  median=   562.057  sd=  0.04%     18.83 GF/s  setup=0.061 s
gen_planner              L=50  B=4     m=128   inner=1      min=   568.959 us/xform  median=   569.079  sd=  0.04%     18.60 GF/s  setup=0.011 s
gen_planner              L=50  B=4     m=128   inner=1      min=   567.762 us/xform  median=   567.923  sd=  0.04%     18.64 GF/s  setup=0.010 s
gen_planner              L=50  B=4     m=2     inner=1      min=   766.899 us/xform  median=   766.899  sd=  0.00%     13.80 GF/s  setup=0.010 s
gen_powp                 L=50  B=4     m=128   inner=1      min=   485.272 us/xform  median=   485.645  sd=  0.06%     21.81 GF/s  setup=0.001 s
gen_powp                 L=50  B=4     m=128   inner=1      min=   492.582 us/xform  median=   492.726  sd=  0.04%     21.48 GF/s  setup=0.002 s
gen_powp                 L=50  B=4     m=128   inner=1      min=   481.641 us/xform  median=   481.806  sd=  0.04%     21.97 GF/s  setup=0.004 s
gen_powp                 L=50  B=4     m=2     inner=1      min=   569.171 us/xform  median=   569.171  sd=  0.00%     18.59 GF/s  setup=0.002 s
gen_race                 L=50  B=4     m=128   inner=1      min=   440.239 us/xform  median=   440.381  sd=  0.08%     24.04 GF/s  setup=0.842 s
gen_race                 L=50  B=4     m=128   inner=1      min=   413.068 us/xform  median=   413.190  sd=  7.37%     25.62 GF/s  setup=0.009 s
gen_race                 L=50  B=4     m=128   inner=1      min=   432.332 us/xform  median=   432.446  sd=  0.04%     24.48 GF/s  setup=0.015 s
gen_race                 L=50  B=4     m=2     inner=1      min=   511.424 us/xform  median=   511.424  sd=  0.00%     20.69 GF/s  setup=0.007 s
gen_twiddle              L=50  B=4     m=128   inner=1      min=   628.908 us/xform  median=   628.997  sd=  0.03%     16.83 GF/s  setup=0.010 s
gen_twiddle              L=50  B=4     m=128   inner=1      min=   626.701 us/xform  median=   626.868  sd=  0.02%     16.89 GF/s  setup=0.012 s
gen_twiddle              L=50  B=4     m=128   inner=1      min=   629.823 us/xform  median=   629.941  sd=  0.03%     16.80 GF/s  setup=0.012 s
gen_twiddle              L=50  B=4     m=2     inner=1      min=   934.186 us/xform  median=   934.186  sd=  0.00%     11.33 GF/s  setup=0.011 s
mkl2026_dfti             L=50  B=4     m=128   inner=1      min=   964.486 us/xform  median=   966.457  sd=  0.12%     10.97 GF/s  setup=0.046 s
mkl2026_dfti             L=50  B=4     m=128   inner=1      min=   962.886 us/xform  median=   964.237  sd=  0.17%     10.99 GF/s  setup=0.048 s
baseline_matrix          L=10  B=64    m=1000  inner=1      min=    54.687 us/xform  median=    54.687  sd=  0.00%      0.91 GF/s  setup=0.000 s
baseline_matrix          L=10  B=64    m=1000  inner=1      min=    54.719 us/xform  median=    54.721  sd=  0.00%      0.91 GF/s  setup=0.000 s
baseline_matrix          L=10  B=64    m=1000  inner=1      min=    54.687 us/xform  median=    54.687  sd=  0.00%      0.91 GF/s  setup=0.000 s
baseline_matrix          L=10  B=64    m=2     inner=1      min=    58.497 us/xform  median=    58.497  sd=  0.00%      0.85 GF/s  setup=0.000 s
ducc0_c2c                L=10  B=64    m=1000  inner=1      min=     9.605 us/xform  median=     9.609  sd=  0.04%      5.19 GF/s  setup=0.000 s
ducc0_c2c                L=10  B=64    m=1000  inner=1      min=     9.656 us/xform  median=     9.663  sd=  0.03%      5.16 GF/s  setup=0.000 s
ducc0_c2c                L=10  B=64    m=1000  inner=1      min=     9.653 us/xform  median=     9.658  sd=  0.04%      5.16 GF/s  setup=0.000 s
ducc0_c2c                L=10  B=64    m=2     inner=1      min=    12.285 us/xform  median=    12.285  sd=  0.00%      4.06 GF/s  setup=0.000 s
fftw3_custom             L=10  B=64    m=1000  inner=1      min=     6.154 us/xform  median=     6.156  sd=  0.02%      8.10 GF/s  setup=0.000 s
fftw3_custom             L=10  B=64    m=1000  inner=1      min=     6.192 us/xform  median=     6.192  sd=  0.01%      8.05 GF/s  setup=0.000 s
fftw3_custom             L=10  B=64    m=1000  inner=1      min=     5.969 us/xform  median=     5.970  sd=  0.04%      8.35 GF/s  setup=0.000 s
fftw3_custom             L=10  B=64    m=2     inner=1      min=    11.871 us/xform  median=    11.871  sd=  0.00%      4.20 GF/s  setup=0.000 s
fftw3_custom_soa         L=10  B=64    m=1000  inner=1      min=     4.609 us/xform  median=     4.609  sd=  0.01%     10.81 GF/s  setup=0.000 s
fftw3_custom_soa         L=10  B=64    m=1000  inner=1      min=     4.602 us/xform  median=     4.603  sd=  0.01%     10.83 GF/s  setup=0.000 s
fftw3_custom_soa         L=10  B=64    m=1000  inner=1      min=     4.545 us/xform  median=     4.548  sd=  0.04%     10.96 GF/s  setup=0.000 s
fftw3_custom_soa         L=10  B=64    m=2     inner=1      min=    10.610 us/xform  median=    10.610  sd=  0.00%      4.70 GF/s  setup=0.000 s
fftw3_estimate           L=10  B=64    m=1000  inner=1      min=     7.354 us/xform  median=     7.355  sd=  0.01%      6.78 GF/s  setup=0.001 s
fftw3_estimate           L=10  B=64    m=1000  inner=1      min=     7.358 us/xform  median=     7.358  sd=  0.01%      6.77 GF/s  setup=0.001 s
fftw3_estimate           L=10  B=64    m=1000  inner=1      min=     7.365 us/xform  median=     7.366  sd=  0.01%      6.77 GF/s  setup=0.001 s
fftw3_estimate           L=10  B=64    m=2     inner=1      min=     8.000 us/xform  median=     8.000  sd=  0.00%      6.23 GF/s  setup=0.001 s
fftw3_guru               L=10  B=64    m=1000  inner=1      min=     6.540 us/xform  median=     6.540  sd=  0.01%      7.62 GF/s  setup=0.010 s
fftw3_guru               L=10  B=64    m=1000  inner=1      min=     6.369 us/xform  median=     6.370  sd=  0.00%      7.82 GF/s  setup=0.011 s
fftw3_guru               L=10  B=64    m=1000  inner=1      min=     6.524 us/xform  median=     6.525  sd=  0.01%      7.64 GF/s  setup=0.011 s
fftw3_guru               L=10  B=64    m=2     inner=1      min=     7.994 us/xform  median=     7.994  sd=  0.00%      6.23 GF/s  setup=0.010 s
fftw3_measure            L=10  B=64    m=1000  inner=1      min=     5.109 us/xform  median=     5.120  sd=  0.15%      9.75 GF/s  setup=0.013 s
fftw3_measure            L=10  B=64    m=1000  inner=1      min=     5.189 us/xform  median=     5.190  sd=  0.01%      9.60 GF/s  setup=0.013 s
fftw3_measure            L=10  B=64    m=1000  inner=1      min=     5.366 us/xform  median=     5.367  sd=  0.01%      9.29 GF/s  setup=0.013 s
fftw3_measure            L=10  B=64    m=2     inner=2      min=     5.663 us/xform  median=     5.663  sd=  0.00%      8.80 GF/s  setup=0.013 s
fftw3_patient            L=10  B=64    m=1000  inner=1      min=     5.185 us/xform  median=     5.187  sd=  0.02%      9.61 GF/s  setup=0.022 s
fftw3_patient            L=10  B=64    m=1000  inner=1      min=     5.185 us/xform  median=     5.190  sd=  0.05%      9.61 GF/s  setup=0.022 s
fftw3_patient            L=10  B=64    m=1000  inner=1      min=     5.186 us/xform  median=     5.188  sd=  0.02%      9.61 GF/s  setup=0.021 s
fftw3_patient            L=10  B=64    m=2     inner=2      min=     5.661 us/xform  median=     5.661  sd=  0.00%      8.80 GF/s  setup=0.022 s
gen_batchlane            L=10  B=64    m=1000  inner=1      min=     1.123 us/xform  median=     1.278  sd=  6.48%     44.39 GF/s  setup=0.000 s
gen_batchlane            L=10  B=64    m=1000  inner=1      min=     1.121 us/xform  median=     1.121  sd=  0.02%     44.45 GF/s  setup=0.000 s
gen_batchlane            L=10  B=64    m=1000  inner=1      min=     1.122 us/xform  median=     1.122  sd=  0.01%     44.42 GF/s  setup=0.000 s
gen_batchlane            L=10  B=64    m=2     inner=6      min=     2.207 us/xform  median=     2.207  sd=  0.00%     22.57 GF/s  setup=0.000 s
gen_bluestein            L=10  B=64    m=1000  inner=1      min=    12.702 us/xform  median=    12.703  sd=  0.02%      3.92 GF/s  setup=0.000 s
gen_bluestein            L=10  B=64    m=1000  inner=1      min=    12.646 us/xform  median=    12.647  sd=  0.01%      3.94 GF/s  setup=0.000 s
gen_bluestein            L=10  B=64    m=1000  inner=1      min=    12.843 us/xform  median=    12.844  sd=  0.01%      3.88 GF/s  setup=0.000 s
gen_bluestein            L=10  B=64    m=2     inner=1      min=    13.626 us/xform  median=    13.626  sd=  0.00%      3.66 GF/s  setup=0.000 s
gen_dense_prime          L=10  B=64    m=1000  inner=1      min=     5.409 us/xform  median=     5.410  sd=  0.03%      9.21 GF/s  setup=0.000 s
gen_dense_prime          L=10  B=64    m=1000  inner=1      min=     5.079 us/xform  median=     5.081  sd=  0.04%      9.81 GF/s  setup=0.000 s
gen_dense_prime          L=10  B=64    m=1000  inner=1      min=     5.235 us/xform  median=     5.236  sd=  0.03%      9.52 GF/s  setup=0.000 s
gen_dense_prime          L=10  B=64    m=2     inner=2      min=     7.453 us/xform  median=     7.453  sd=  0.00%      6.69 GF/s  setup=0.000 s
gen_layout               L=10  B=64    m=1000  inner=1      min=     4.986 us/xform  median=     4.993  sd=  0.06%      9.99 GF/s  setup=0.000 s
gen_layout               L=10  B=64    m=1000  inner=1      min=     5.036 us/xform  median=     5.039  sd=  0.04%      9.89 GF/s  setup=0.000 s
gen_layout               L=10  B=64    m=1000  inner=1      min=     4.929 us/xform  median=     4.932  sd=  0.04%     10.11 GF/s  setup=0.000 s
gen_layout               L=10  B=64    m=2     inner=2      min=     5.560 us/xform  median=     5.560  sd=  0.00%      8.96 GF/s  setup=0.000 s
gen_pfa_small            L=10  B=64    m=1000  inner=1      min=     1.116 us/xform  median=     1.117  sd=  0.19%     44.64 GF/s  setup=0.000 s
gen_pfa_small            L=10  B=64    m=1000  inner=1      min=     1.117 us/xform  median=     1.118  sd=  0.02%     44.59 GF/s  setup=0.000 s
gen_pfa_small            L=10  B=64    m=1000  inner=1      min=     1.117 us/xform  median=     1.117  sd=  0.02%     44.61 GF/s  setup=0.000 s
gen_pfa_small            L=10  B=64    m=2     inner=6      min=     2.141 us/xform  median=     2.141  sd=  0.00%     23.27 GF/s  setup=0.000 s
gen_planner              L=10  B=64    m=1000  inner=1      min=     1.321 us/xform  median=     1.322  sd=  0.04%     37.71 GF/s  setup=0.002 s
gen_planner              L=10  B=64    m=1000  inner=1      min=     1.327 us/xform  median=     1.510  sd=  4.78%     37.55 GF/s  setup=0.003 s
gen_planner              L=10  B=64    m=1000  inner=1      min=     1.321 us/xform  median=     1.321  sd=  0.03%     37.73 GF/s  setup=0.002 s
gen_planner              L=10  B=64    m=2     inner=2      min=     4.809 us/xform  median=     4.809  sd=  0.00%     10.36 GF/s  setup=0.002 s
gen_race                 L=10  B=64    m=1000  inner=1      min=     1.334 us/xform  median=     1.335  sd=  0.22%     37.36 GF/s  setup=0.007 s
gen_race                 L=10  B=64    m=1000  inner=1      min=     1.329 us/xform  median=     1.330  sd=  0.07%     37.50 GF/s  setup=0.005 s
gen_race                 L=10  B=64    m=1000  inner=1      min=     1.331 us/xform  median=     1.333  sd=  0.11%     37.42 GF/s  setup=0.005 s
gen_race                 L=10  B=64    m=2     inner=2      min=     4.493 us/xform  median=     4.493  sd=  0.00%     11.09 GF/s  setup=0.004 s
gen_twiddle              L=10  B=64    m=1000  inner=1      min=     4.261 us/xform  median=     4.261  sd=  0.02%     11.69 GF/s  setup=0.003 s
gen_twiddle              L=10  B=64    m=1000  inner=1      min=     4.263 us/xform  median=     4.263  sd=  0.00%     11.69 GF/s  setup=0.003 s
gen_twiddle              L=10  B=64    m=1000  inner=1      min=     4.292 us/xform  median=     4.293  sd=  0.01%     11.61 GF/s  setup=0.003 s
gen_twiddle              L=10  B=64    m=2     inner=2      min=     5.378 us/xform  median=     5.378  sd=  0.00%      9.27 GF/s  setup=0.003 s
mkl2026_dfti             L=10  B=64    m=1000  inner=1      min=     4.739 us/xform  median=     4.740  sd=  0.01%     10.51 GF/s  setup=0.002 s
mkl2026_dfti             L=10  B=64    m=1000  inner=1      min=     4.645 us/xform  median=     4.646  sd=  0.02%     10.73 GF/s  setup=0.002 s
mkl2026_dfti             L=10  B=64    m=1000  inner=1      min=     4.646 us/xform  median=     4.647  sd=  0.01%     10.72 GF/s  setup=0.001 s
mkl2026_dfti             L=10  B=64    m=2     inner=2      min=     5.787 us/xform  median=     5.787  sd=  0.00%      8.61 GF/s  setup=0.002 s
mkl_dfti                 L=10  B=64    m=1000  inner=1      min=     4.566 us/xform  median=     4.569  sd=  0.04%     10.91 GF/s  setup=0.002 s
mkl_dfti                 L=10  B=64    m=1000  inner=1      min=     4.576 us/xform  median=     4.577  sd=  0.03%     10.89 GF/s  setup=0.001 s
mkl_dfti                 L=10  B=64    m=1000  inner=1      min=     4.576 us/xform  median=     4.578  sd=  0.04%     10.89 GF/s  setup=0.001 s
mkl_dfti                 L=10  B=64    m=2     inner=2      min=     5.721 us/xform  median=     5.721  sd=  0.00%      8.71 GF/s  setup=0.002 s
baseline_matrix          L=12  B=64    m=600   inner=1      min=   112.125 us/xform  median=   112.127  sd=  0.00%      0.83 GF/s  setup=0.000 s
baseline_matrix          L=12  B=64    m=600   inner=1      min=   112.125 us/xform  median=   112.130  sd=  0.00%      0.83 GF/s  setup=0.000 s
baseline_matrix          L=12  B=64    m=600   inner=1      min=   112.127 us/xform  median=   112.130  sd=  0.00%      0.83 GF/s  setup=0.000 s
baseline_matrix          L=12  B=64    m=2     inner=1      min=   138.653 us/xform  median=   138.653  sd=  0.00%      0.67 GF/s  setup=0.000 s
ducc0_c2c                L=12  B=64    m=600   inner=1      min=    16.343 us/xform  median=    16.356  sd=  0.06%      5.69 GF/s  setup=0.000 s
ducc0_c2c                L=12  B=64    m=600   inner=1      min=    16.287 us/xform  median=    16.311  sd=  0.12%      5.71 GF/s  setup=0.000 s
ducc0_c2c                L=12  B=64    m=600   inner=1      min=    15.977 us/xform  median=    15.985  sd=  0.06%      5.82 GF/s  setup=0.000 s
ducc0_c2c                L=12  B=64    m=2     inner=1      min=    21.437 us/xform  median=    21.437  sd=  0.00%      4.33 GF/s  setup=0.000 s
fftw3_custom             L=12  B=64    m=600   inner=1      min=    10.401 us/xform  median=    10.402  sd=  0.01%      8.93 GF/s  setup=0.000 s
fftw3_custom             L=12  B=64    m=600   inner=1      min=    10.990 us/xform  median=    10.996  sd=  0.05%      8.46 GF/s  setup=0.000 s
fftw3_custom             L=12  B=64    m=600   inner=1      min=    10.459 us/xform  median=    10.461  sd=  0.01%      8.88 GF/s  setup=0.000 s
fftw3_custom             L=12  B=64    m=2     inner=1      min=    19.392 us/xform  median=    19.392  sd=  0.00%      4.79 GF/s  setup=0.000 s
fftw3_custom_soa         L=12  B=64    m=600   inner=1      min=     8.518 us/xform  median=     8.518  sd=  0.02%     10.91 GF/s  setup=0.000 s
fftw3_custom_soa         L=12  B=64    m=600   inner=1      min=     7.960 us/xform  median=     7.961  sd=  0.02%     11.67 GF/s  setup=0.000 s
fftw3_custom_soa         L=12  B=64    m=600   inner=1      min=     8.524 us/xform  median=     8.524  sd=  0.02%     10.90 GF/s  setup=0.000 s
fftw3_custom_soa         L=12  B=64    m=2     inner=1      min=    19.811 us/xform  median=    19.811  sd=  0.00%      4.69 GF/s  setup=0.000 s
fftw3_estimate           L=12  B=64    m=600   inner=1      min=    19.288 us/xform  median=    19.291  sd=  0.01%      4.82 GF/s  setup=0.001 s
fftw3_estimate           L=12  B=64    m=600   inner=1      min=    19.282 us/xform  median=    19.283  sd=  0.00%      4.82 GF/s  setup=0.001 s
fftw3_estimate           L=12  B=64    m=600   inner=1      min=    19.332 us/xform  median=    19.333  sd=  0.00%      4.81 GF/s  setup=0.001 s
fftw3_estimate           L=12  B=64    m=2     inner=1      min=    27.300 us/xform  median=    27.300  sd=  0.00%      3.40 GF/s  setup=0.001 s
fftw3_guru               L=12  B=64    m=600   inner=1      min=    10.503 us/xform  median=    10.504  sd=  0.01%      8.85 GF/s  setup=0.010 s
fftw3_guru               L=12  B=64    m=600   inner=1      min=    10.539 us/xform  median=    10.540  sd=  0.01%      8.82 GF/s  setup=0.010 s
fftw3_guru               L=12  B=64    m=600   inner=1      min=    10.549 us/xform  median=    10.551  sd=  0.01%      8.81 GF/s  setup=0.010 s
fftw3_guru               L=12  B=64    m=2     inner=1      min=    12.890 us/xform  median=    12.890  sd=  0.00%      7.21 GF/s  setup=0.010 s
fftw3_measure            L=12  B=64    m=600   inner=1      min=     8.761 us/xform  median=     8.780  sd=  0.14%     10.61 GF/s  setup=0.014 s
fftw3_measure            L=12  B=64    m=600   inner=1      min=     8.989 us/xform  median=     8.990  sd=  0.01%     10.34 GF/s  setup=0.013 s
fftw3_measure            L=12  B=64    m=600   inner=1      min=     8.994 us/xform  median=     8.995  sd=  0.01%     10.33 GF/s  setup=0.014 s
fftw3_measure            L=12  B=64    m=2     inner=1      min=    11.199 us/xform  median=    11.199  sd=  0.00%      8.30 GF/s  setup=0.014 s
fftw3_patient            L=12  B=64    m=600   inner=1      min=     8.828 us/xform  median=     8.839  sd=  0.07%     10.53 GF/s  setup=0.022 s
fftw3_patient            L=12  B=64    m=600   inner=1      min=     8.879 us/xform  median=     8.881  sd=  0.01%     10.46 GF/s  setup=0.024 s
fftw3_patient            L=12  B=64    m=600   inner=1      min=     8.553 us/xform  median=     8.566  sd=  0.11%     10.86 GF/s  setup=0.023 s
fftw3_patient            L=12  B=64    m=2     inner=1      min=    10.939 us/xform  median=    10.939  sd=  0.00%      8.49 GF/s  setup=0.023 s
gen_batchlane            L=12  B=64    m=600   inner=1      min=     1.912 us/xform  median=     1.913  sd=  0.25%     48.59 GF/s  setup=0.000 s
gen_batchlane            L=12  B=64    m=600   inner=1      min=     1.913 us/xform  median=     1.913  sd=  0.02%     48.59 GF/s  setup=0.000 s
gen_batchlane            L=12  B=64    m=600   inner=1      min=     1.914 us/xform  median=     1.915  sd=  0.03%     48.54 GF/s  setup=0.000 s
gen_batchlane            L=12  B=64    m=2     inner=4      min=     3.799 us/xform  median=     3.799  sd=  0.00%     24.46 GF/s  setup=0.000 s
gen_bluestein            L=12  B=64    m=600   inner=1      min=    19.149 us/xform  median=    19.168  sd=  0.07%      4.85 GF/s  setup=0.000 s
gen_bluestein            L=12  B=64    m=600   inner=1      min=    18.910 us/xform  median=    18.914  sd=  0.07%      4.91 GF/s  setup=0.000 s
gen_bluestein            L=12  B=64    m=600   inner=1      min=    18.751 us/xform  median=    18.756  sd=  0.01%      4.96 GF/s  setup=0.000 s
gen_bluestein            L=12  B=64    m=2     inner=1      min=    21.180 us/xform  median=    21.180  sd=  0.00%      4.39 GF/s  setup=0.000 s
gen_dense_prime          L=12  B=64    m=600   inner=1      min=     7.673 us/xform  median=     7.674  sd=  0.01%     12.11 GF/s  setup=0.000 s
gen_dense_prime          L=12  B=64    m=600   inner=1      min=     8.295 us/xform  median=     8.296  sd=  0.01%     11.20 GF/s  setup=0.000 s
gen_dense_prime          L=12  B=64    m=600   inner=1      min=     7.796 us/xform  median=     7.797  sd=  0.01%     11.92 GF/s  setup=0.000 s
gen_dense_prime          L=12  B=64    m=2     inner=1      min=     9.371 us/xform  median=     9.371  sd=  0.00%      9.92 GF/s  setup=0.000 s
gen_layout               L=12  B=64    m=600   inner=1      min=     8.510 us/xform  median=     8.522  sd=  0.05%     10.92 GF/s  setup=0.000 s
gen_layout               L=12  B=64    m=600   inner=1      min=     8.352 us/xform  median=     8.362  sd=  0.11%     11.13 GF/s  setup=0.000 s
gen_layout               L=12  B=64    m=600   inner=1      min=     8.174 us/xform  median=     8.179  sd=  0.03%     11.37 GF/s  setup=0.000 s
gen_layout               L=12  B=64    m=2     inner=1      min=     9.813 us/xform  median=     9.813  sd=  0.00%      9.47 GF/s  setup=0.000 s
gen_pfa_small            L=12  B=64    m=600   inner=1      min=     1.915 us/xform  median=     1.916  sd=  0.03%     48.51 GF/s  setup=0.000 s
gen_pfa_small            L=12  B=64    m=600   inner=1      min=     1.917 us/xform  median=     1.917  sd=  0.01%     48.47 GF/s  setup=0.000 s
gen_pfa_small            L=12  B=64    m=600   inner=1      min=     1.916 us/xform  median=     1.917  sd=  0.02%     48.50 GF/s  setup=0.000 s
gen_pfa_small            L=12  B=64    m=2     inner=4      min=     3.663 us/xform  median=     3.663  sd=  0.00%     25.37 GF/s  setup=0.000 s
gen_planner              L=12  B=64    m=600   inner=1      min=     2.353 us/xform  median=     2.354  sd=  0.02%     39.50 GF/s  setup=0.003 s
gen_planner              L=12  B=64    m=600   inner=1      min=     2.401 us/xform  median=     2.405  sd=  0.12%     38.71 GF/s  setup=0.003 s
gen_planner              L=12  B=64    m=600   inner=1      min=     2.370 us/xform  median=     2.381  sd=  0.14%     39.20 GF/s  setup=0.003 s
gen_planner              L=12  B=64    m=2     inner=1      min=     8.366 us/xform  median=     8.366  sd=  0.00%     11.11 GF/s  setup=0.003 s
gen_race                 L=12  B=64    m=600   inner=1      min=     2.370 us/xform  median=     2.371  sd=  0.03%     39.21 GF/s  setup=0.006 s
gen_race                 L=12  B=64    m=600   inner=1      min=     2.353 us/xform  median=     2.354  sd=  0.02%     39.48 GF/s  setup=0.006 s
gen_race                 L=12  B=64    m=600   inner=1      min=     2.362 us/xform  median=     2.688  sd=  4.97%     39.35 GF/s  setup=0.008 s
gen_race                 L=12  B=64    m=2     inner=1      min=     8.389 us/xform  median=     8.389  sd=  0.00%     11.08 GF/s  setup=0.005 s
gen_twiddle              L=12  B=64    m=600   inner=1      min=     7.902 us/xform  median=     7.903  sd=  0.04%     11.76 GF/s  setup=0.003 s
gen_twiddle              L=12  B=64    m=600   inner=1      min=     7.964 us/xform  median=     7.966  sd=  0.01%     11.67 GF/s  setup=0.004 s
gen_twiddle              L=12  B=64    m=600   inner=1      min=     7.995 us/xform  median=     7.997  sd=  0.01%     11.62 GF/s  setup=0.003 s
gen_twiddle              L=12  B=64    m=2     inner=1      min=     9.856 us/xform  median=     9.856  sd=  0.00%      9.43 GF/s  setup=0.003 s
mkl2026_dfti             L=12  B=64    m=600   inner=1      min=     7.937 us/xform  median=     7.937  sd=  0.01%     11.71 GF/s  setup=0.002 s
mkl2026_dfti             L=12  B=64    m=600   inner=1      min=     7.776 us/xform  median=     7.777  sd=  0.01%     11.95 GF/s  setup=0.002 s
mkl2026_dfti             L=12  B=64    m=600   inner=1      min=     7.776 us/xform  median=     7.777  sd=  0.01%     11.95 GF/s  setup=0.001 s
mkl2026_dfti             L=12  B=64    m=2     inner=1      min=    10.912 us/xform  median=    10.912  sd=  0.00%      8.52 GF/s  setup=0.002 s
mkl_dfti                 L=12  B=64    m=600   inner=1      min=     7.737 us/xform  median=     7.738  sd=  0.01%     12.01 GF/s  setup=0.002 s
mkl_dfti                 L=12  B=64    m=600   inner=1      min=     7.758 us/xform  median=     7.759  sd=  0.01%     11.98 GF/s  setup=0.002 s
mkl_dfti                 L=12  B=64    m=600   inner=1      min=     7.760 us/xform  median=     7.761  sd=  0.01%     11.97 GF/s  setup=0.001 s
mkl_dfti                 L=12  B=64    m=2     inner=1      min=    10.885 us/xform  median=    10.885  sd=  0.00%      8.54 GF/s  setup=0.002 s
baseline_matrix          L=15  B=32    m=600   inner=1      min=   272.415 us/xform  median=   272.419  sd=  0.00%      0.73 GF/s  setup=0.000 s
baseline_matrix          L=15  B=32    m=600   inner=1      min=   272.411 us/xform  median=   272.414  sd=  0.00%      0.73 GF/s  setup=0.000 s
baseline_matrix          L=15  B=32    m=600   inner=1      min=   272.409 us/xform  median=   272.415  sd=  0.00%      0.73 GF/s  setup=0.000 s
baseline_matrix          L=15  B=32    m=2     inner=1      min=   333.526 us/xform  median=   333.526  sd=  0.00%      0.59 GF/s  setup=0.000 s
ducc0_c2c                L=15  B=32    m=600   inner=1      min=    32.466 us/xform  median=    32.519  sd=  0.07%      6.09 GF/s  setup=0.000 s
ducc0_c2c                L=15  B=32    m=600   inner=1      min=    32.573 us/xform  median=    32.594  sd=  0.06%      6.07 GF/s  setup=0.000 s
ducc0_c2c                L=15  B=32    m=600   inner=1      min=    32.435 us/xform  median=    32.457  sd=  0.06%      6.10 GF/s  setup=0.000 s
ducc0_c2c                L=15  B=32    m=2     inner=1      min=    36.156 us/xform  median=    36.156  sd=  0.00%      5.47 GF/s  setup=0.000 s
fftw3_custom             L=15  B=32    m=600   inner=1      min=    25.227 us/xform  median=    25.232  sd=  0.02%      7.84 GF/s  setup=0.000 s
fftw3_custom             L=15  B=32    m=600   inner=1      min=    26.298 us/xform  median=    26.307  sd=  0.02%      7.52 GF/s  setup=0.000 s
fftw3_custom             L=15  B=32    m=600   inner=1      min=    25.060 us/xform  median=    25.065  sd=  0.02%      7.89 GF/s  setup=0.000 s
fftw3_custom             L=15  B=32    m=2     inner=1      min=    46.964 us/xform  median=    46.964  sd=  0.00%      4.21 GF/s  setup=0.000 s
fftw3_custom_soa         L=15  B=32    m=600   inner=1      min=    15.628 us/xform  median=    15.629  sd=  0.01%     12.66 GF/s  setup=0.000 s
fftw3_custom_soa         L=15  B=32    m=600   inner=1      min=    16.748 us/xform  median=    16.751  sd=  0.07%     11.81 GF/s  setup=0.000 s
fftw3_custom_soa         L=15  B=32    m=600   inner=1      min=    16.725 us/xform  median=    16.729  sd=  0.03%     11.83 GF/s  setup=0.000 s
fftw3_custom_soa         L=15  B=32    m=2     inner=1      min=    33.020 us/xform  median=    33.020  sd=  0.00%      5.99 GF/s  setup=0.000 s
fftw3_estimate           L=15  B=32    m=600   inner=1      min=    20.751 us/xform  median=    20.755  sd=  0.01%      9.53 GF/s  setup=0.001 s
fftw3_estimate           L=15  B=32    m=600   inner=1      min=    20.635 us/xform  median=    20.640  sd=  0.02%      9.58 GF/s  setup=0.001 s
fftw3_estimate           L=15  B=32    m=600   inner=1      min=    21.110 us/xform  median=    21.114  sd=  0.02%      9.37 GF/s  setup=0.001 s
fftw3_estimate           L=15  B=32    m=2     inner=1      min=    25.759 us/xform  median=    25.759  sd=  0.00%      7.68 GF/s  setup=0.001 s
fftw3_guru               L=15  B=32    m=600   inner=1      min=    26.612 us/xform  median=    26.669  sd=  0.13%      7.43 GF/s  setup=0.010 s
fftw3_guru               L=15  B=32    m=600   inner=1      min=    26.162 us/xform  median=    26.871  sd=  1.30%      7.56 GF/s  setup=0.012 s
fftw3_guru               L=15  B=32    m=600   inner=1      min=    26.686 us/xform  median=    26.697  sd=  0.04%      7.41 GF/s  setup=0.010 s
fftw3_guru               L=15  B=32    m=2     inner=1      min=    36.220 us/xform  median=    36.220  sd=  0.00%      5.46 GF/s  setup=0.011 s
fftw3_measure            L=15  B=32    m=600   inner=1      min=    19.788 us/xform  median=    19.791  sd=  0.01%     10.00 GF/s  setup=0.011 s
fftw3_measure            L=15  B=32    m=600   inner=1      min=    20.894 us/xform  median=    20.895  sd=  0.01%      9.47 GF/s  setup=0.012 s
fftw3_measure            L=15  B=32    m=600   inner=1      min=    19.948 us/xform  median=    19.950  sd=  0.01%      9.92 GF/s  setup=0.011 s
fftw3_measure            L=15  B=32    m=2     inner=1      min=    23.776 us/xform  median=    23.776  sd=  0.00%      8.32 GF/s  setup=0.010 s
fftw3_patient            L=15  B=32    m=600   inner=1      min=    19.637 us/xform  median=    19.638  sd=  0.01%     10.07 GF/s  setup=0.020 s
fftw3_patient            L=15  B=32    m=600   inner=1      min=    19.961 us/xform  median=    19.964  sd=  0.01%      9.91 GF/s  setup=0.021 s
fftw3_patient            L=15  B=32    m=600   inner=1      min=    19.841 us/xform  median=    19.844  sd=  0.01%      9.97 GF/s  setup=0.019 s
fftw3_patient            L=15  B=32    m=2     inner=1      min=    23.197 us/xform  median=    23.197  sd=  0.00%      8.53 GF/s  setup=0.019 s
gen_batchlane            L=15  B=32    m=600   inner=1      min=     4.333 us/xform  median=     4.334  sd=  0.02%     45.65 GF/s  setup=0.000 s
gen_batchlane            L=15  B=32    m=600   inner=1      min=     4.340 us/xform  median=     4.341  sd=  0.02%     45.57 GF/s  setup=0.000 s
gen_batchlane            L=15  B=32    m=600   inner=1      min=     4.339 us/xform  median=     4.951  sd=  6.56%     45.59 GF/s  setup=0.000 s
gen_batchlane            L=15  B=32    m=2     inner=2      min=     9.307 us/xform  median=     9.307  sd=  0.00%     21.25 GF/s  setup=0.000 s
gen_bluestein            L=15  B=32    m=600   inner=1      min=    33.319 us/xform  median=    33.328  sd=  0.03%      5.94 GF/s  setup=0.000 s
gen_bluestein            L=15  B=32    m=600   inner=1      min=    33.477 us/xform  median=    33.498  sd=  0.03%      5.91 GF/s  setup=0.000 s
gen_bluestein            L=15  B=32    m=600   inner=1      min=    33.313 us/xform  median=    33.333  sd=  0.05%      5.94 GF/s  setup=0.000 s
gen_bluestein            L=15  B=32    m=2     inner=1      min=    37.412 us/xform  median=    37.412  sd=  0.00%      5.29 GF/s  setup=0.000 s
gen_dense_prime          L=15  B=32    m=600   inner=1      min=    14.760 us/xform  median=    14.761  sd=  0.01%     13.40 GF/s  setup=0.000 s
gen_dense_prime          L=15  B=32    m=600   inner=1      min=    15.129 us/xform  median=    15.131  sd=  0.01%     13.07 GF/s  setup=0.000 s
gen_dense_prime          L=15  B=32    m=600   inner=1      min=    15.361 us/xform  median=    15.364  sd=  0.01%     12.88 GF/s  setup=0.000 s
gen_dense_prime          L=15  B=32    m=2     inner=1      min=    20.500 us/xform  median=    20.500  sd=  0.00%      9.65 GF/s  setup=0.000 s
gen_layout               L=15  B=32    m=600   inner=1      min=    20.053 us/xform  median=    20.065  sd=  0.04%      9.86 GF/s  setup=0.000 s
gen_layout               L=15  B=32    m=600   inner=1      min=    20.312 us/xform  median=    20.320  sd=  0.03%      9.74 GF/s  setup=0.000 s
gen_layout               L=15  B=32    m=600   inner=1      min=    19.601 us/xform  median=    19.623  sd=  0.04%     10.09 GF/s  setup=0.000 s
gen_layout               L=15  B=32    m=2     inner=1      min=    22.754 us/xform  median=    22.754  sd=  0.00%      8.69 GF/s  setup=0.000 s
gen_pfa_small            L=15  B=32    m=600   inner=1      min=     4.324 us/xform  median=     4.329  sd=  0.20%     45.74 GF/s  setup=0.000 s
gen_pfa_small            L=15  B=32    m=600   inner=1      min=     4.942 us/xform  median=     4.947  sd=  0.04%     40.02 GF/s  setup=0.000 s
gen_pfa_small            L=15  B=32    m=600   inner=1      min=     4.325 us/xform  median=     4.327  sd=  0.04%     45.74 GF/s  setup=0.000 s
gen_pfa_small            L=15  B=32    m=2     inner=2      min=     9.519 us/xform  median=     9.519  sd=  0.00%     20.78 GF/s  setup=0.000 s
gen_planner              L=15  B=32    m=600   inner=1      min=     5.609 us/xform  median=     5.610  sd=  0.17%     35.26 GF/s  setup=0.003 s
gen_planner              L=15  B=32    m=600   inner=1      min=     5.512 us/xform  median=     5.514  sd=  0.01%     35.88 GF/s  setup=0.005 s
gen_planner              L=15  B=32    m=600   inner=1      min=     5.471 us/xform  median=     5.472  sd=  0.01%     36.15 GF/s  setup=0.004 s
gen_planner              L=15  B=32    m=2     inner=1      min=    16.971 us/xform  median=    16.971  sd=  0.00%     11.65 GF/s  setup=0.004 s
gen_race                 L=15  B=32    m=600   inner=1      min=     5.355 us/xform  median=     5.356  sd=  0.02%     36.94 GF/s  setup=0.004 s
gen_race                 L=15  B=32    m=600   inner=1      min=     5.241 us/xform  median=     5.243  sd=  0.02%     37.74 GF/s  setup=0.008 s
gen_race                 L=15  B=32    m=600   inner=1      min=     5.626 us/xform  median=     6.505  sd=  6.81%     35.16 GF/s  setup=0.008 s
gen_race                 L=15  B=32    m=2     inner=1      min=    17.622 us/xform  median=    17.622  sd=  0.00%     11.22 GF/s  setup=0.009 s
gen_twiddle              L=15  B=32    m=600   inner=1      min=    17.871 us/xform  median=    17.873  sd=  0.01%     11.07 GF/s  setup=0.003 s
gen_twiddle              L=15  B=32    m=600   inner=1      min=    18.069 us/xform  median=    18.072  sd=  0.01%     10.95 GF/s  setup=0.004 s
gen_twiddle              L=15  B=32    m=600   inner=1      min=    17.823 us/xform  median=    17.824  sd=  0.01%     11.10 GF/s  setup=0.004 s
gen_twiddle              L=15  B=32    m=2     inner=1      min=    23.115 us/xform  median=    23.115  sd=  0.00%      8.56 GF/s  setup=0.003 s
mkl2026_dfti             L=15  B=32    m=600   inner=1      min=    16.901 us/xform  median=    16.902  sd=  0.01%     11.70 GF/s  setup=0.002 s
mkl2026_dfti             L=15  B=32    m=600   inner=1      min=    16.909 us/xform  median=    16.910  sd=  0.00%     11.70 GF/s  setup=0.001 s
mkl2026_dfti             L=15  B=32    m=600   inner=1      min=    16.904 us/xform  median=    16.905  sd=  0.00%     11.70 GF/s  setup=0.001 s
mkl2026_dfti             L=15  B=32    m=2     inner=1      min=    23.185 us/xform  median=    23.185  sd=  0.00%      8.53 GF/s  setup=0.002 s
mkl_dfti                 L=15  B=32    m=600   inner=1      min=    16.450 us/xform  median=    16.451  sd=  0.01%     12.02 GF/s  setup=0.002 s
mkl_dfti                 L=15  B=32    m=600   inner=1      min=    16.457 us/xform  median=    16.458  sd=  0.01%     12.02 GF/s  setup=0.001 s
mkl_dfti                 L=15  B=32    m=600   inner=1      min=    16.731 us/xform  median=    16.733  sd=  0.02%     11.82 GF/s  setup=0.002 s
mkl_dfti                 L=15  B=32    m=2     inner=1      min=    22.952 us/xform  median=    22.952  sd=  0.00%      8.62 GF/s  setup=0.002 s
baseline_matrix          L=20  B=32    m=256   inner=1      min=   850.293 us/xform  median=   850.319  sd=  0.01%      0.61 GF/s  setup=0.000 s
baseline_matrix          L=20  B=32    m=256   inner=1      min=   850.564 us/xform  median=   850.574  sd=  0.00%      0.61 GF/s  setup=0.000 s
baseline_matrix          L=20  B=32    m=256   inner=1      min=   850.569 us/xform  median=   850.577  sd=  0.00%      0.61 GF/s  setup=0.000 s
baseline_matrix          L=20  B=32    m=2     inner=1      min=   858.183 us/xform  median=   858.183  sd=  0.00%      0.60 GF/s  setup=0.000 s
ducc0_c2c                L=20  B=32    m=256   inner=1      min=    73.625 us/xform  median=    73.702  sd=  0.15%      7.04 GF/s  setup=0.000 s
ducc0_c2c                L=20  B=32    m=256   inner=1      min=    73.619 us/xform  median=    73.705  sd=  0.14%      7.04 GF/s  setup=0.000 s
ducc0_c2c                L=20  B=32    m=256   inner=1      min=    72.544 us/xform  median=    72.599  sd=  0.15%      7.15 GF/s  setup=0.000 s
ducc0_c2c                L=20  B=32    m=2     inner=1      min=    95.521 us/xform  median=    95.521  sd=  0.00%      5.43 GF/s  setup=0.000 s
fftw3_custom             L=20  B=32    m=256   inner=1      min=    63.281 us/xform  median=    63.304  sd=  0.02%      8.20 GF/s  setup=0.000 s
fftw3_custom             L=20  B=32    m=256   inner=1      min=    63.836 us/xform  median=    63.876  sd=  0.03%      8.12 GF/s  setup=0.000 s
fftw3_custom             L=20  B=32    m=256   inner=1      min=    63.296 us/xform  median=    63.327  sd=  0.03%      8.19 GF/s  setup=0.000 s
fftw3_custom             L=20  B=32    m=2     inner=1      min=   129.111 us/xform  median=   129.111  sd=  0.00%      4.02 GF/s  setup=0.000 s
fftw3_custom_soa         L=20  B=32    m=256   inner=1      min=    41.485 us/xform  median=    41.519  sd=  0.06%     12.50 GF/s  setup=0.000 s
fftw3_custom_soa         L=20  B=32    m=256   inner=1      min=    41.572 us/xform  median=    41.606  sd=  0.05%     12.48 GF/s  setup=0.000 s
fftw3_custom_soa         L=20  B=32    m=256   inner=1      min=    42.714 us/xform  median=    42.721  sd=  0.04%     12.14 GF/s  setup=0.000 s
fftw3_custom_soa         L=20  B=32    m=2     inner=1      min=    91.415 us/xform  median=    91.415  sd=  0.00%      5.67 GF/s  setup=0.000 s
fftw3_estimate           L=20  B=32    m=256   inner=1      min=    92.441 us/xform  median=    93.132  sd=  0.55%      5.61 GF/s  setup=0.001 s
fftw3_estimate           L=20  B=32    m=256   inner=1      min=    91.890 us/xform  median=    91.971  sd=  0.04%      5.64 GF/s  setup=0.001 s
fftw3_estimate           L=20  B=32    m=256   inner=1      min=    92.132 us/xform  median=    92.218  sd=  0.05%      5.63 GF/s  setup=0.001 s
fftw3_estimate           L=20  B=32    m=2     inner=1      min=   112.805 us/xform  median=   112.805  sd=  0.00%      4.60 GF/s  setup=0.001 s
fftw3_guru               L=20  B=32    m=256   inner=1      min=    60.238 us/xform  median=    60.258  sd=  0.02%      8.61 GF/s  setup=0.075 s
fftw3_guru               L=20  B=32    m=256   inner=1      min=    60.129 us/xform  median=    60.158  sd=  0.02%      8.63 GF/s  setup=0.075 s
fftw3_guru               L=20  B=32    m=256   inner=1      min=    62.346 us/xform  median=    62.371  sd=  0.02%      8.32 GF/s  setup=0.079 s
fftw3_guru               L=20  B=32    m=2     inner=1      min=    73.956 us/xform  median=    73.956  sd=  0.00%      7.01 GF/s  setup=0.075 s
fftw3_measure            L=20  B=32    m=256   inner=1      min=    45.248 us/xform  median=    45.265  sd=  0.02%     11.46 GF/s  setup=0.082 s
fftw3_measure            L=20  B=32    m=256   inner=1      min=    45.710 us/xform  median=    45.730  sd=  0.03%     11.35 GF/s  setup=0.086 s
fftw3_measure            L=20  B=32    m=256   inner=1      min=    45.677 us/xform  median=    45.686  sd=  0.01%     11.35 GF/s  setup=0.081 s
fftw3_measure            L=20  B=32    m=2     inner=1      min=    54.727 us/xform  median=    54.727  sd=  0.00%      9.48 GF/s  setup=0.082 s
fftw3_patient            L=20  B=32    m=256   inner=1      min=    45.955 us/xform  median=    45.972  sd=  0.03%     11.29 GF/s  setup=0.299 s
fftw3_patient            L=20  B=32    m=256   inner=1      min=    46.218 us/xform  median=    46.225  sd=  0.02%     11.22 GF/s  setup=0.296 s
fftw3_patient            L=20  B=32    m=256   inner=1      min=    44.870 us/xform  median=    44.885  sd=  0.03%     11.56 GF/s  setup=0.317 s
fftw3_patient            L=20  B=32    m=2     inner=1      min=    55.320 us/xform  median=    55.320  sd=  0.00%      9.38 GF/s  setup=0.303 s
gen_batchlane            L=20  B=32    m=256   inner=1      min=    12.729 us/xform  median=    12.739  sd=  4.74%     40.74 GF/s  setup=0.001 s
gen_batchlane            L=20  B=32    m=256   inner=1      min=    13.258 us/xform  median=    14.507  sd=  4.50%     39.12 GF/s  setup=0.001 s
gen_batchlane            L=20  B=32    m=256   inner=1      min=    13.228 us/xform  median=    13.235  sd=  0.02%     39.21 GF/s  setup=0.001 s
gen_batchlane            L=20  B=32    m=2     inner=1      min=    28.064 us/xform  median=    28.064  sd=  0.00%     18.48 GF/s  setup=0.001 s
gen_bluestein            L=20  B=32    m=256   inner=1      min=    80.712 us/xform  median=    80.868  sd=  0.12%      6.43 GF/s  setup=0.000 s
gen_bluestein            L=20  B=32    m=256   inner=1      min=    81.294 us/xform  median=    81.361  sd=  0.08%      6.38 GF/s  setup=0.000 s
gen_bluestein            L=20  B=32    m=256   inner=1      min=    82.193 us/xform  median=    82.344  sd=  0.08%      6.31 GF/s  setup=0.000 s
gen_bluestein            L=20  B=32    m=2     inner=1      min=    94.010 us/xform  median=    94.010  sd=  0.00%      5.52 GF/s  setup=0.000 s
gen_dense_prime          L=20  B=32    m=256   inner=1      min=    38.562 us/xform  median=    38.565  sd=  0.01%     13.45 GF/s  setup=0.000 s
gen_dense_prime          L=20  B=32    m=256   inner=1      min=    39.154 us/xform  median=    39.157  sd=  0.01%     13.25 GF/s  setup=0.000 s
gen_dense_prime          L=20  B=32    m=256   inner=1      min=    38.428 us/xform  median=    38.432  sd=  0.02%     13.50 GF/s  setup=0.000 s
gen_dense_prime          L=20  B=32    m=2     inner=1      min=    47.941 us/xform  median=    47.941  sd=  0.00%     10.82 GF/s  setup=0.000 s
gen_layout               L=20  B=32    m=256   inner=1      min=    35.088 us/xform  median=    35.110  sd=  0.04%     14.78 GF/s  setup=0.000 s
gen_layout               L=20  B=32    m=256   inner=1      min=    34.395 us/xform  median=    34.403  sd=  0.03%     15.08 GF/s  setup=0.001 s
gen_layout               L=20  B=32    m=256   inner=1      min=    34.337 us/xform  median=    34.344  sd=  0.03%     15.10 GF/s  setup=0.000 s
gen_layout               L=20  B=32    m=2     inner=1      min=    39.761 us/xform  median=    39.761  sd=  0.00%     13.04 GF/s  setup=0.000 s
gen_pfa_small            L=20  B=32    m=256   inner=1      min=    13.295 us/xform  median=    13.316  sd=  4.22%     39.01 GF/s  setup=0.001 s
gen_pfa_small            L=20  B=32    m=256   inner=1      min=    12.552 us/xform  median=    13.465  sd= 11.24%     41.32 GF/s  setup=0.001 s
gen_pfa_small            L=20  B=32    m=256   inner=1      min=    13.285 us/xform  median=    13.292  sd=  0.03%     39.04 GF/s  setup=0.001 s
gen_pfa_small            L=20  B=32    m=2     inner=1      min=    27.946 us/xform  median=    27.946  sd=  0.00%     18.56 GF/s  setup=0.001 s
gen_planner              L=20  B=32    m=256   inner=1      min=    17.415 us/xform  median=    17.419  sd=  0.03%     29.78 GF/s  setup=0.006 s
gen_planner              L=20  B=32    m=256   inner=1      min=    17.021 us/xform  median=    17.026  sd= 19.26%     30.47 GF/s  setup=0.008 s
gen_planner              L=20  B=32    m=256   inner=1      min=    17.313 us/xform  median=    17.318  sd=  0.03%     29.96 GF/s  setup=0.006 s
gen_planner              L=20  B=32    m=2     inner=1      min=    58.852 us/xform  median=    58.852  sd=  0.00%      8.81 GF/s  setup=0.008 s
gen_race                 L=20  B=32    m=256   inner=1      min=    17.662 us/xform  median=    17.669  sd=  0.02%     29.36 GF/s  setup=0.004 s
gen_race                 L=20  B=32    m=256   inner=1      min=    17.760 us/xform  median=    17.773  sd=  0.03%     29.20 GF/s  setup=0.005 s
gen_race                 L=20  B=32    m=256   inner=1      min=    17.714 us/xform  median=    17.718  sd=  0.03%     29.28 GF/s  setup=0.005 s
gen_race                 L=20  B=32    m=2     inner=1      min=    25.243 us/xform  median=    25.243  sd=  0.00%     20.55 GF/s  setup=0.007 s
gen_twiddle              L=20  B=32    m=256   inner=1      min=    26.604 us/xform  median=    26.613  sd=  0.02%     19.49 GF/s  setup=0.003 s
gen_twiddle              L=20  B=32    m=256   inner=1      min=    26.181 us/xform  median=    26.188  sd=  0.02%     19.81 GF/s  setup=0.003 s
gen_twiddle              L=20  B=32    m=256   inner=1      min=    26.269 us/xform  median=    26.274  sd=  0.02%     19.74 GF/s  setup=0.004 s
gen_twiddle              L=20  B=32    m=2     inner=1      min=    32.896 us/xform  median=    32.896  sd=  0.00%     15.77 GF/s  setup=0.003 s
mkl2026_dfti             L=20  B=32    m=256   inner=1      min=    57.504 us/xform  median=    57.545  sd=  0.08%      9.02 GF/s  setup=0.054 s
mkl2026_dfti             L=20  B=32    m=256   inner=1      min=    57.501 us/xform  median=    57.595  sd=  0.10%      9.02 GF/s  setup=0.054 s
mkl2026_dfti             L=20  B=32    m=256   inner=1      min=    59.300 us/xform  median=    59.416  sd=  0.09%      8.75 GF/s  setup=0.047 s
mkl2026_dfti             L=20  B=32    m=2     inner=1      min=    65.992 us/xform  median=    65.992  sd=  0.00%      7.86 GF/s  setup=0.053 s
mkl_dfti                 L=20  B=32    m=256   inner=1      min=    58.448 us/xform  median=    58.608  sd=  0.21%      8.87 GF/s  setup=0.033 s
mkl_dfti                 L=20  B=32    m=256   inner=1      min=    58.231 us/xform  median=    58.380  sd=  0.19%      8.91 GF/s  setup=0.054 s
mkl_dfti                 L=20  B=32    m=256   inner=1      min=    58.063 us/xform  median=    58.221  sd=  0.18%      8.93 GF/s  setup=0.050 s
mkl_dfti                 L=20  B=32    m=2     inner=1      min=    64.061 us/xform  median=    64.061  sd=  0.00%      8.10 GF/s  setup=0.058 s
baseline_matrix          L=25  B=16    m=256   inner=1      min=  2061.289 us/xform  median=  2061.342  sd=  0.00%      0.53 GF/s  setup=0.000 s
baseline_matrix          L=25  B=16    m=256   inner=1      min=  2061.374 us/xform  median=  2061.420  sd=  0.00%      0.53 GF/s  setup=0.000 s
baseline_matrix          L=25  B=16    m=256   inner=1      min=  2061.636 us/xform  median=  2061.683  sd=  0.00%      0.53 GF/s  setup=0.000 s
baseline_matrix          L=25  B=16    m=2     inner=1      min=  2078.364 us/xform  median=  2078.364  sd=  0.00%      0.52 GF/s  setup=0.000 s
ducc0_c2c                L=25  B=16    m=256   inner=1      min=   148.168 us/xform  median=   148.350  sd=  0.15%      7.35 GF/s  setup=0.000 s
ducc0_c2c                L=25  B=16    m=256   inner=1      min=   146.213 us/xform  median=   146.391  sd=  0.15%      7.44 GF/s  setup=0.000 s
ducc0_c2c                L=25  B=16    m=256   inner=1      min=   147.398 us/xform  median=   147.598  sd=  0.14%      7.38 GF/s  setup=0.000 s
ducc0_c2c                L=25  B=16    m=2     inner=1      min=   181.777 us/xform  median=   181.777  sd=  0.00%      5.99 GF/s  setup=0.000 s
fftw3_custom             L=25  B=16    m=256   inner=1      min=   160.720 us/xform  median=   160.805  sd=  0.02%      6.77 GF/s  setup=0.000 s
fftw3_custom             L=25  B=16    m=256   inner=1      min=   159.388 us/xform  median=   159.444  sd=  0.03%      6.83 GF/s  setup=0.000 s
fftw3_custom             L=25  B=16    m=256   inner=1      min=   159.705 us/xform  median=   159.768  sd=  0.03%      6.82 GF/s  setup=0.000 s
fftw3_custom             L=25  B=16    m=2     inner=1      min=   295.083 us/xform  median=   295.083  sd=  0.00%      3.69 GF/s  setup=0.000 s
fftw3_custom_soa         L=25  B=16    m=256   inner=1      min=    75.339 us/xform  median=    75.447  sd=  0.08%     14.45 GF/s  setup=0.000 s
fftw3_custom_soa         L=25  B=16    m=256   inner=1      min=    75.389 us/xform  median=    75.422  sd=  0.04%     14.44 GF/s  setup=0.000 s
fftw3_custom_soa         L=25  B=16    m=256   inner=1      min=    77.186 us/xform  median=    77.273  sd=  0.08%     14.10 GF/s  setup=0.000 s
fftw3_custom_soa         L=25  B=16    m=2     inner=1      min=   187.659 us/xform  median=   187.659  sd=  0.00%      5.80 GF/s  setup=0.000 s
fftw3_estimate           L=25  B=16    m=256   inner=1      min=   135.721 us/xform  median=   135.805  sd=  0.21%      8.02 GF/s  setup=0.001 s
fftw3_estimate           L=25  B=16    m=256   inner=1      min=   130.536 us/xform  median=   130.747  sd=  0.23%      8.34 GF/s  setup=0.001 s
fftw3_estimate           L=25  B=16    m=256   inner=1      min=   129.805 us/xform  median=   129.890  sd=  0.03%      8.38 GF/s  setup=0.001 s
fftw3_estimate           L=25  B=16    m=2     inner=1      min=   177.658 us/xform  median=   177.658  sd=  0.00%      6.13 GF/s  setup=0.001 s
fftw3_guru               L=25  B=16    m=256   inner=1      min=   188.067 us/xform  median=   188.090  sd=  0.01%      5.79 GF/s  setup=0.032 s
fftw3_guru               L=25  B=16    m=256   inner=1      min=   189.558 us/xform  median=   189.610  sd=  0.01%      5.74 GF/s  setup=0.032 s
fftw3_guru               L=25  B=16    m=256   inner=1      min=   177.492 us/xform  median=   177.527  sd=  0.01%      6.13 GF/s  setup=0.035 s
fftw3_guru               L=25  B=16    m=2     inner=1      min=   234.210 us/xform  median=   234.210  sd=  0.00%      4.65 GF/s  setup=0.032 s
fftw3_measure            L=25  B=16    m=256   inner=1      min=   111.705 us/xform  median=   111.743  sd=  0.03%      9.74 GF/s  setup=0.029 s
fftw3_measure            L=25  B=16    m=256   inner=1      min=   111.762 us/xform  median=   111.796  sd=  0.02%      9.74 GF/s  setup=0.029 s
fftw3_measure            L=25  B=16    m=256   inner=1      min=   113.272 us/xform  median=   113.301  sd=  0.01%      9.61 GF/s  setup=0.029 s
fftw3_measure            L=25  B=16    m=2     inner=1      min=   149.296 us/xform  median=   149.296  sd=  0.00%      7.29 GF/s  setup=0.028 s
fftw3_patient            L=25  B=16    m=256   inner=1      min=   108.169 us/xform  median=   108.191  sd=  0.02%     10.06 GF/s  setup=0.110 s
fftw3_patient            L=25  B=16    m=256   inner=1      min=   107.777 us/xform  median=   107.807  sd=  0.02%     10.10 GF/s  setup=0.112 s
fftw3_patient            L=25  B=16    m=256   inner=1      min=   108.525 us/xform  median=   108.536  sd=  0.03%     10.03 GF/s  setup=0.112 s
fftw3_patient            L=25  B=16    m=2     inner=1      min=   147.777 us/xform  median=   147.777  sd=  0.00%      7.37 GF/s  setup=0.110 s
gen_bluestein            L=25  B=16    m=256   inner=1      min=   169.158 us/xform  median=   169.213  sd=  0.03%      6.43 GF/s  setup=0.000 s
gen_bluestein            L=25  B=16    m=256   inner=1      min=   169.259 us/xform  median=   169.320  sd=  0.02%      6.43 GF/s  setup=0.000 s
gen_bluestein            L=25  B=16    m=256   inner=1      min=   172.264 us/xform  median=   172.302  sd=  0.02%      6.32 GF/s  setup=0.000 s
gen_bluestein            L=25  B=16    m=2     inner=1      min=   195.142 us/xform  median=   195.142  sd=  0.00%      5.58 GF/s  setup=0.000 s
gen_layout               L=25  B=16    m=256   inner=1      min=    95.014 us/xform  median=    95.028  sd=  0.01%     11.46 GF/s  setup=0.000 s
gen_layout               L=25  B=16    m=256   inner=1      min=    94.779 us/xform  median=    94.801  sd=  0.01%     11.48 GF/s  setup=0.000 s
gen_layout               L=25  B=16    m=256   inner=1      min=    95.667 us/xform  median=    95.690  sd=  0.02%     11.38 GF/s  setup=0.000 s
gen_layout               L=25  B=16    m=2     inner=1      min=   113.435 us/xform  median=   113.435  sd=  0.00%      9.59 GF/s  setup=0.000 s
gen_planner              L=25  B=16    m=256   inner=1      min=    41.755 us/xform  median=    41.767  sd=  0.03%     26.07 GF/s  setup=0.012 s
gen_planner              L=25  B=16    m=256   inner=1      min=    43.875 us/xform  median=    43.890  sd=  3.71%     24.81 GF/s  setup=0.016 s
gen_planner              L=25  B=16    m=256   inner=1      min=    39.318 us/xform  median=    39.323  sd= 10.20%     27.68 GF/s  setup=0.015 s
gen_planner              L=25  B=16    m=2     inner=1      min=   159.299 us/xform  median=   159.299  sd=  0.00%      6.83 GF/s  setup=0.013 s
gen_powp                 L=25  B=16    m=256   inner=1      min=    32.901 us/xform  median=    32.912  sd=  0.03%     33.08 GF/s  setup=0.003 s
gen_powp                 L=25  B=16    m=256   inner=1      min=    31.698 us/xform  median=    32.870  sd=  4.72%     34.34 GF/s  setup=0.005 s
gen_powp                 L=25  B=16    m=256   inner=1      min=    32.941 us/xform  median=    32.952  sd=  0.03%     33.04 GF/s  setup=0.003 s
gen_powp                 L=25  B=16    m=2     inner=1      min=    71.903 us/xform  median=    71.903  sd=  0.00%     15.14 GF/s  setup=0.003 s
gen_race                 L=25  B=16    m=256   inner=1      min=    44.273 us/xform  median=    44.282  sd=  0.03%     24.58 GF/s  setup=0.005 s
gen_race                 L=25  B=16    m=256   inner=1      min=    43.799 us/xform  median=    43.806  sd=  0.03%     24.85 GF/s  setup=0.005 s
gen_race                 L=25  B=16    m=256   inner=1      min=    40.961 us/xform  median=    40.975  sd=  0.08%     26.57 GF/s  setup=0.008 s
gen_race                 L=25  B=16    m=2     inner=1      min=   155.710 us/xform  median=   155.710  sd=  0.00%      6.99 GF/s  setup=0.007 s
gen_twiddle              L=25  B=16    m=256   inner=1      min=    76.529 us/xform  median=    76.634  sd=  0.31%     14.22 GF/s  setup=0.004 s
gen_twiddle              L=25  B=16    m=256   inner=1      min=    76.534 us/xform  median=    76.551  sd=  0.06%     14.22 GF/s  setup=0.004 s
gen_twiddle              L=25  B=16    m=256   inner=1      min=    76.507 us/xform  median=    76.537  sd=  0.04%     14.23 GF/s  setup=0.004 s
gen_twiddle              L=25  B=16    m=2     inner=1      min=    93.830 us/xform  median=    93.830  sd=  0.00%     11.60 GF/s  setup=0.004 s
mkl2026_dfti             L=25  B=16    m=256   inner=1      min=   123.463 us/xform  median=   123.845  sd=  0.25%      8.82 GF/s  setup=0.047 s
mkl2026_dfti             L=25  B=16    m=256   inner=1      min=   123.408 us/xform  median=   123.750  sd=  0.21%      8.82 GF/s  setup=0.030 s
mkl2026_dfti             L=25  B=16    m=256   inner=1      min=   124.101 us/xform  median=   124.506  sd=  0.17%      8.77 GF/s  setup=0.050 s
mkl2026_dfti             L=25  B=16    m=2     inner=1      min=   133.818 us/xform  median=   133.818  sd=  0.00%      8.13 GF/s  setup=0.050 s
mkl_dfti                 L=25  B=16    m=256   inner=1      min=   120.979 us/xform  median=   121.336  sd=  0.17%      9.00 GF/s  setup=0.030 s
mkl_dfti                 L=25  B=16    m=256   inner=1      min=   120.585 us/xform  median=   120.825  sd=  0.10%      9.03 GF/s  setup=0.048 s
mkl_dfti                 L=25  B=16    m=256   inner=1      min=   120.222 us/xform  median=   120.522  sd=  0.15%      9.05 GF/s  setup=0.051 s
mkl_dfti                 L=25  B=16    m=2     inner=1      min=   131.954 us/xform  median=   131.954  sd=  0.00%      8.25 GF/s  setup=0.047 s
baseline_matrix          L=27  B=16    m=200   inner=1      min=  2799.539 us/xform  median=  2799.593  sd=  0.00%      0.50 GF/s  setup=0.000 s
baseline_matrix          L=27  B=16    m=200   inner=1      min=  2799.856 us/xform  median=  2799.957  sd=  0.00%      0.50 GF/s  setup=0.000 s
baseline_matrix          L=27  B=16    m=200   inner=1      min=  2799.025 us/xform  median=  2799.084  sd=  0.02%      0.50 GF/s  setup=0.000 s
baseline_matrix          L=27  B=16    m=2     inner=1      min=  2827.160 us/xform  median=  2827.160  sd=  0.00%      0.50 GF/s  setup=0.000 s
ducc0_c2c                L=27  B=16    m=200   inner=1      min=   188.960 us/xform  median=   189.164  sd=  0.13%      7.43 GF/s  setup=0.000 s
ducc0_c2c                L=27  B=16    m=200   inner=1      min=   194.989 us/xform  median=   195.305  sd=  0.19%      7.20 GF/s  setup=0.000 s
ducc0_c2c                L=27  B=16    m=200   inner=1      min=   192.820 us/xform  median=   193.166  sd=  0.19%      7.28 GF/s  setup=0.000 s
ducc0_c2c                L=27  B=16    m=2     inner=1      min=   241.484 us/xform  median=   241.484  sd=  0.00%      5.81 GF/s  setup=0.000 s
fftw3_custom             L=27  B=16    m=200   inner=1      min=   201.033 us/xform  median=   201.161  sd=  0.04%      6.98 GF/s  setup=0.000 s
fftw3_custom             L=27  B=16    m=200   inner=1      min=   207.325 us/xform  median=   207.625  sd=  0.07%      6.77 GF/s  setup=0.000 s
fftw3_custom             L=27  B=16    m=200   inner=1      min=   205.136 us/xform  median=   205.315  sd=  0.03%      6.84 GF/s  setup=0.000 s
fftw3_custom             L=27  B=16    m=2     inner=1      min=   370.955 us/xform  median=   370.955  sd=  0.00%      3.78 GF/s  setup=0.000 s
fftw3_custom_soa         L=27  B=16    m=200   inner=1      min=    96.416 us/xform  median=    96.491  sd=  0.09%     14.56 GF/s  setup=0.000 s
fftw3_custom_soa         L=27  B=16    m=200   inner=1      min=    97.704 us/xform  median=    97.790  sd=  0.05%     14.37 GF/s  setup=0.000 s
fftw3_custom_soa         L=27  B=16    m=200   inner=1      min=   103.777 us/xform  median=   103.969  sd=  0.09%     13.53 GF/s  setup=0.000 s
fftw3_custom_soa         L=27  B=16    m=2     inner=1      min=   221.254 us/xform  median=   221.254  sd=  0.00%      6.34 GF/s  setup=0.000 s
fftw3_estimate           L=27  B=16    m=200   inner=1      min=   259.494 us/xform  median=   260.002  sd=  0.13%      5.41 GF/s  setup=0.002 s
fftw3_estimate           L=27  B=16    m=200   inner=1      min=   255.431 us/xform  median=   255.935  sd=  0.12%      5.50 GF/s  setup=0.002 s
fftw3_estimate           L=27  B=16    m=200   inner=1      min=   256.355 us/xform  median=   257.232  sd=  0.14%      5.48 GF/s  setup=0.003 s
fftw3_estimate           L=27  B=16    m=2     inner=1      min=   325.815 us/xform  median=   325.815  sd=  0.00%      4.31 GF/s  setup=0.003 s
fftw3_guru               L=27  B=16    m=200   inner=1      min=   260.845 us/xform  median=   261.386  sd=  0.10%      5.38 GF/s  setup=0.041 s
fftw3_guru               L=27  B=16    m=200   inner=1      min=   260.413 us/xform  median=   261.037  sd=  0.11%      5.39 GF/s  setup=0.041 s
fftw3_guru               L=27  B=16    m=200   inner=1      min=   272.923 us/xform  median=   273.017  sd=  0.07%      5.14 GF/s  setup=0.043 s
fftw3_guru               L=27  B=16    m=2     inner=1      min=   350.276 us/xform  median=   350.276  sd=  0.00%      4.01 GF/s  setup=0.043 s
fftw3_measure            L=27  B=16    m=200   inner=1      min=   227.173 us/xform  median=   227.281  sd=  0.04%      6.18 GF/s  setup=0.033 s
fftw3_measure            L=27  B=16    m=200   inner=1      min=   227.195 us/xform  median=   227.247  sd=  0.02%      6.18 GF/s  setup=0.034 s
fftw3_measure            L=27  B=16    m=200   inner=1      min=   228.916 us/xform  median=   229.296  sd=  0.10%      6.13 GF/s  setup=0.034 s
fftw3_measure            L=27  B=16    m=2     inner=1      min=   293.256 us/xform  median=   293.256  sd=  0.00%      4.79 GF/s  setup=0.034 s
fftw3_patient            L=27  B=16    m=200   inner=1      min=   204.674 us/xform  median=   204.702  sd=  0.02%      6.86 GF/s  setup=0.148 s
fftw3_patient            L=27  B=16    m=200   inner=1      min=   205.827 us/xform  median=   206.045  sd=  0.05%      6.82 GF/s  setup=0.137 s
fftw3_patient            L=27  B=16    m=200   inner=1      min=   203.268 us/xform  median=   203.292  sd=  0.01%      6.91 GF/s  setup=0.138 s
fftw3_patient            L=27  B=16    m=2     inner=1      min=   227.491 us/xform  median=   227.491  sd=  0.00%      6.17 GF/s  setup=0.145 s
gen_bluestein            L=27  B=16    m=200   inner=1      min=   202.528 us/xform  median=   202.589  sd=  0.02%      6.93 GF/s  setup=0.000 s
gen_bluestein            L=27  B=16    m=200   inner=1      min=   205.017 us/xform  median=   205.117  sd=  0.02%      6.85 GF/s  setup=0.000 s
gen_bluestein            L=27  B=16    m=200   inner=1      min=   205.594 us/xform  median=   205.675  sd=  0.03%      6.83 GF/s  setup=0.000 s
gen_bluestein            L=27  B=16    m=2     inner=1      min=   235.867 us/xform  median=   235.867  sd=  0.00%      5.95 GF/s  setup=0.000 s
gen_layout               L=27  B=16    m=200   inner=1      min=   126.052 us/xform  median=   126.124  sd=  0.02%     11.14 GF/s  setup=0.000 s
gen_layout               L=27  B=16    m=200   inner=1      min=   125.911 us/xform  median=   125.935  sd=  0.02%     11.15 GF/s  setup=0.001 s
gen_layout               L=27  B=16    m=200   inner=1      min=   123.287 us/xform  median=   123.354  sd=  0.04%     11.39 GF/s  setup=0.001 s
gen_layout               L=27  B=16    m=2     inner=1      min=   150.551 us/xform  median=   150.551  sd=  0.00%      9.32 GF/s  setup=0.000 s
gen_planner              L=27  B=16    m=200   inner=1      min=    63.820 us/xform  median=    63.831  sd=  0.03%     22.00 GF/s  setup=0.017 s
gen_planner              L=27  B=16    m=200   inner=1      min=    63.829 us/xform  median=    63.844  sd=  0.04%     21.99 GF/s  setup=0.014 s
gen_planner              L=27  B=16    m=200   inner=1      min=    63.661 us/xform  median=    63.669  sd=  0.04%     22.05 GF/s  setup=0.015 s
gen_planner              L=27  B=16    m=2     inner=1      min=   215.884 us/xform  median=   215.884  sd=  0.00%      6.50 GF/s  setup=0.015 s
gen_powp                 L=27  B=16    m=200   inner=1      min=    46.447 us/xform  median=    46.453  sd=  0.03%     30.22 GF/s  setup=0.003 s
gen_powp                 L=27  B=16    m=200   inner=1      min=    46.389 us/xform  median=    46.394  sd=  0.03%     30.26 GF/s  setup=0.003 s
gen_powp                 L=27  B=16    m=200   inner=1      min=    44.031 us/xform  median=    44.082  sd=  9.52%     31.88 GF/s  setup=0.004 s
gen_powp                 L=27  B=16    m=2     inner=1      min=   103.495 us/xform  median=   103.495  sd=  0.00%     13.56 GF/s  setup=0.003 s
gen_race                 L=27  B=16    m=200   inner=1      min=    60.041 us/xform  median=    60.072  sd= 19.96%     23.38 GF/s  setup=0.008 s
gen_race                 L=27  B=16    m=200   inner=1      min=    60.204 us/xform  median=    60.215  sd=  0.04%     23.32 GF/s  setup=0.009 s
gen_race                 L=27  B=16    m=200   inner=1      min=    60.275 us/xform  median=    60.306  sd=  0.04%     23.29 GF/s  setup=0.006 s
gen_race                 L=27  B=16    m=2     inner=1      min=   218.458 us/xform  median=   218.458  sd=  0.00%      6.43 GF/s  setup=0.008 s
gen_twiddle              L=27  B=16    m=200   inner=1      min=   120.670 us/xform  median=   120.705  sd=  0.02%     11.63 GF/s  setup=0.004 s
gen_twiddle              L=27  B=16    m=200   inner=1      min=   121.413 us/xform  median=   121.461  sd=  0.02%     11.56 GF/s  setup=0.005 s
gen_twiddle              L=27  B=16    m=200   inner=1      min=   120.435 us/xform  median=   120.455  sd=  0.01%     11.66 GF/s  setup=0.005 s
gen_twiddle              L=27  B=16    m=2     inner=1      min=   155.002 us/xform  median=   155.002  sd=  0.00%      9.06 GF/s  setup=0.004 s
mkl2026_dfti             L=27  B=16    m=200   inner=1      min=   147.994 us/xform  median=   148.125  sd=  0.07%      9.49 GF/s  setup=0.051 s
mkl2026_dfti             L=27  B=16    m=200   inner=1      min=   147.975 us/xform  median=   148.160  sd=  0.05%      9.49 GF/s  setup=0.048 s
mkl2026_dfti             L=27  B=16    m=200   inner=1      min=   148.069 us/xform  median=   148.314  sd=  0.07%      9.48 GF/s  setup=0.049 s
mkl2026_dfti             L=27  B=16    m=2     inner=1      min=   271.839 us/xform  median=   271.839  sd=  0.00%      5.16 GF/s  setup=0.050 s
mkl_dfti                 L=27  B=16    m=200   inner=1      min=   144.132 us/xform  median=   144.196  sd=  0.04%      9.74 GF/s  setup=0.036 s
mkl_dfti                 L=27  B=16    m=200   inner=1      min=   144.643 us/xform  median=   144.707  sd=  0.03%      9.71 GF/s  setup=0.035 s
mkl_dfti                 L=27  B=16    m=200   inner=1      min=   144.334 us/xform  median=   144.445  sd=  0.04%      9.73 GF/s  setup=0.036 s
mkl_dfti                 L=27  B=16    m=2     inner=1      min=   265.509 us/xform  median=   265.509  sd=  0.00%      5.29 GF/s  setup=0.049 s
baseline_matrix          L=31  B=16    m=140   inner=1      min=  4853.431 us/xform  median=  4853.619  sd=  0.00%      0.46 GF/s  setup=0.000 s
baseline_matrix          L=31  B=16    m=140   inner=1      min=  4853.694 us/xform  median=  4853.771  sd=  0.00%      0.46 GF/s  setup=0.000 s
baseline_matrix          L=31  B=16    m=140   inner=1      min=  4853.226 us/xform  median=  4853.444  sd=  0.00%      0.46 GF/s  setup=0.000 s
baseline_matrix          L=31  B=16    m=2     inner=1      min=  4896.635 us/xform  median=  4896.635  sd=  0.00%      0.45 GF/s  setup=0.000 s
ducc0_c2c                L=31  B=16    m=140   inner=1      min=   715.666 us/xform  median=   716.586  sd=  0.09%      3.09 GF/s  setup=0.000 s
ducc0_c2c                L=31  B=16    m=140   inner=1      min=   734.624 us/xform  median=   735.665  sd=  0.10%      3.01 GF/s  setup=0.000 s
ducc0_c2c                L=31  B=16    m=140   inner=1      min=   718.159 us/xform  median=   719.359  sd=  0.10%      3.08 GF/s  setup=0.000 s
ducc0_c2c                L=31  B=16    m=2     inner=1      min=   847.858 us/xform  median=   847.858  sd=  0.00%      2.61 GF/s  setup=0.000 s
fftw3_custom             L=31  B=16    m=140   inner=1      min=   507.020 us/xform  median=   507.557  sd=  0.05%      4.37 GF/s  setup=0.000 s
fftw3_custom             L=31  B=16    m=140   inner=1      min=   504.333 us/xform  median=   505.029  sd=  0.09%      4.39 GF/s  setup=0.000 s
fftw3_custom             L=31  B=16    m=140   inner=1      min=   515.837 us/xform  median=   516.367  sd=  0.06%      4.29 GF/s  setup=0.000 s
fftw3_custom             L=31  B=16    m=2     inner=1      min=   743.639 us/xform  median=   743.639  sd=  0.00%      2.98 GF/s  setup=0.000 s
fftw3_custom_soa         L=31  B=16    m=140   inner=1      min=   207.161 us/xform  median=   207.631  sd=  0.14%     10.69 GF/s  setup=0.000 s
fftw3_custom_soa         L=31  B=16    m=140   inner=1      min=   222.222 us/xform  median=   222.643  sd=  0.13%      9.96 GF/s  setup=0.000 s
fftw3_custom_soa         L=31  B=16    m=140   inner=1      min=   207.686 us/xform  median=   208.249  sd=  0.13%     10.66 GF/s  setup=0.000 s
fftw3_custom_soa         L=31  B=16    m=2     inner=1      min=   439.093 us/xform  median=   439.093  sd=  0.00%      5.04 GF/s  setup=0.000 s
fftw3_estimate           L=31  B=16    m=140   inner=1      min=   860.169 us/xform  median=   860.277  sd=  0.01%      2.57 GF/s  setup=0.002 s
fftw3_estimate           L=31  B=16    m=140   inner=1      min=   862.443 us/xform  median=   862.535  sd=  0.01%      2.57 GF/s  setup=0.002 s
fftw3_estimate           L=31  B=16    m=140   inner=1      min=   859.504 us/xform  median=   859.620  sd=  0.01%      2.58 GF/s  setup=0.002 s
fftw3_estimate           L=31  B=16    m=2     inner=1      min=   890.674 us/xform  median=   890.674  sd=  0.00%      2.49 GF/s  setup=0.002 s
fftw3_guru               L=31  B=16    m=140   inner=1      min=   834.305 us/xform  median=   834.609  sd=  0.01%      2.65 GF/s  setup=0.093 s
fftw3_guru               L=31  B=16    m=140   inner=1      min=   832.993 us/xform  median=   833.125  sd=  0.01%      2.66 GF/s  setup=0.093 s
fftw3_guru               L=31  B=16    m=140   inner=1      min=   835.971 us/xform  median=   836.304  sd=  0.01%      2.65 GF/s  setup=0.088 s
fftw3_guru               L=31  B=16    m=2     inner=1      min=   893.577 us/xform  median=   893.577  sd=  0.00%      2.48 GF/s  setup=0.088 s
fftw3_measure            L=31  B=16    m=140   inner=1      min=   859.508 us/xform  median=   859.626  sd=  0.01%      2.58 GF/s  setup=0.085 s
fftw3_measure            L=31  B=16    m=140   inner=1      min=   878.413 us/xform  median=   878.591  sd=  0.01%      2.52 GF/s  setup=0.089 s
fftw3_measure            L=31  B=16    m=140   inner=1      min=   860.086 us/xform  median=   860.124  sd=  0.01%      2.57 GF/s  setup=0.089 s
fftw3_measure            L=31  B=16    m=2     inner=1      min=   886.994 us/xform  median=   886.994  sd=  0.00%      2.50 GF/s  setup=0.085 s
fftw3_patient            L=31  B=16    m=140   inner=1      min=   866.873 us/xform  median=   866.973  sd=  0.01%      2.55 GF/s  setup=0.240 s
fftw3_patient            L=31  B=16    m=140   inner=1      min=   859.553 us/xform  median=   859.706  sd=  0.01%      2.58 GF/s  setup=0.226 s
fftw3_patient            L=31  B=16    m=140   inner=1      min=   860.514 us/xform  median=   860.653  sd=  0.01%      2.57 GF/s  setup=0.226 s
fftw3_patient            L=31  B=16    m=2     inner=1      min=   887.908 us/xform  median=   887.908  sd=  0.00%      2.49 GF/s  setup=0.224 s
gen_bluestein            L=31  B=16    m=140   inner=1      min=   276.180 us/xform  median=   276.285  sd=  0.03%      8.02 GF/s  setup=0.000 s
gen_bluestein            L=31  B=16    m=140   inner=1      min=   273.991 us/xform  median=   274.140  sd=  0.03%      8.08 GF/s  setup=0.000 s
gen_bluestein            L=31  B=16    m=140   inner=1      min=   277.110 us/xform  median=   277.343  sd=  0.03%      7.99 GF/s  setup=0.000 s
gen_bluestein            L=31  B=16    m=2     inner=1      min=   327.830 us/xform  median=   327.830  sd=  0.00%      6.75 GF/s  setup=0.000 s
gen_dense_prime          L=31  B=16    m=140   inner=1      min=   111.333 us/xform  median=   111.381  sd=  0.05%     19.88 GF/s  setup=0.001 s
gen_dense_prime          L=31  B=16    m=140   inner=1      min=   111.760 us/xform  median=   111.805  sd=  0.04%     19.81 GF/s  setup=0.001 s
gen_dense_prime          L=31  B=16    m=140   inner=1      min=   111.987 us/xform  median=   112.037  sd=  0.05%     19.77 GF/s  setup=0.001 s
gen_dense_prime          L=31  B=16    m=2     inner=1      min=   173.373 us/xform  median=   173.373  sd=  0.00%     12.77 GF/s  setup=0.001 s
gen_layout               L=31  B=16    m=140   inner=1      min=   204.255 us/xform  median=   204.284  sd=  0.03%     10.84 GF/s  setup=0.000 s
gen_layout               L=31  B=16    m=140   inner=1      min=   204.239 us/xform  median=   204.295  sd=  0.02%     10.84 GF/s  setup=0.001 s
gen_layout               L=31  B=16    m=140   inner=1      min=   203.238 us/xform  median=   203.308  sd=  0.03%     10.89 GF/s  setup=0.001 s
gen_layout               L=31  B=16    m=2     inner=1      min=   232.333 us/xform  median=   232.333  sd=  0.00%      9.53 GF/s  setup=0.001 s
gen_planner              L=31  B=16    m=140   inner=1      min=   140.804 us/xform  median=   140.841  sd=  0.04%     15.72 GF/s  setup=0.027 s
gen_planner              L=31  B=16    m=140   inner=1      min=   144.630 us/xform  median=   144.657  sd=  0.03%     15.31 GF/s  setup=0.030 s
gen_planner              L=31  B=16    m=140   inner=1      min=   144.907 us/xform  median=   144.943  sd=  0.04%     15.28 GF/s  setup=0.023 s
gen_planner              L=31  B=16    m=2     inner=1      min=   356.895 us/xform  median=   356.895  sd=  0.00%      6.20 GF/s  setup=0.023 s
gen_race                 L=31  B=16    m=140   inner=1      min=   139.423 us/xform  median=   139.457  sd=  0.04%     15.88 GF/s  setup=0.011 s
gen_race                 L=31  B=16    m=140   inner=1      min=   138.751 us/xform  median=   138.788  sd=  0.05%     15.96 GF/s  setup=0.012 s
gen_race                 L=31  B=16    m=140   inner=1      min=   139.877 us/xform  median=   139.918  sd=  0.04%     15.83 GF/s  setup=0.009 s
gen_race                 L=31  B=16    m=2     inner=1      min=   363.615 us/xform  median=   363.615  sd=  0.00%      6.09 GF/s  setup=0.005 s
gen_rader                L=31  B=16    m=140   inner=1      min=    85.258 us/xform  median=    85.613  sd=  0.23%     25.97 GF/s  setup=0.007 s
gen_rader                L=31  B=16    m=140   inner=1      min=    85.482 us/xform  median=    85.883  sd=  0.30%     25.90 GF/s  setup=0.009 s
gen_rader                L=31  B=16    m=140   inner=1      min=    84.753 us/xform  median=    85.007  sd=  3.13%     26.12 GF/s  setup=0.010 s
gen_rader                L=31  B=16    m=2     inner=1      min=   141.158 us/xform  median=   141.158  sd=  0.00%     15.68 GF/s  setup=0.007 s
gen_twiddle              L=31  B=16    m=140   inner=1      min=   262.502 us/xform  median=   262.597  sd=  0.03%      8.43 GF/s  setup=0.005 s
gen_twiddle              L=31  B=16    m=140   inner=1      min=   259.049 us/xform  median=   259.110  sd=  0.02%      8.55 GF/s  setup=0.004 s
gen_twiddle              L=31  B=16    m=140   inner=1      min=   260.533 us/xform  median=   260.573  sd=  0.02%      8.50 GF/s  setup=0.004 s
gen_twiddle              L=31  B=16    m=2     inner=1      min=   307.108 us/xform  median=   307.108  sd=  0.00%      7.21 GF/s  setup=0.005 s
mkl2026_dfti             L=31  B=16    m=140   inner=1      min=   883.009 us/xform  median=   883.119  sd=  0.01%      2.51 GF/s  setup=0.049 s
mkl2026_dfti             L=31  B=16    m=140   inner=1      min=   885.599 us/xform  median=   885.708  sd=  0.01%      2.50 GF/s  setup=0.050 s
mkl2026_dfti             L=31  B=16    m=140   inner=1      min=   883.086 us/xform  median=   883.173  sd=  0.01%      2.51 GF/s  setup=0.048 s
mkl2026_dfti             L=31  B=16    m=2     inner=1      min=   909.990 us/xform  median=   909.990  sd=  0.00%      2.43 GF/s  setup=0.049 s
mkl_dfti                 L=31  B=16    m=140   inner=1      min=   848.641 us/xform  median=   848.706  sd=  0.01%      2.61 GF/s  setup=0.036 s
mkl_dfti                 L=31  B=16    m=140   inner=1      min=   848.796 us/xform  median=   848.956  sd=  0.01%      2.61 GF/s  setup=0.051 s
mkl_dfti                 L=31  B=16    m=140   inner=1      min=   848.517 us/xform  median=   848.590  sd=  0.00%      2.61 GF/s  setup=0.049 s
mkl_dfti                 L=31  B=16    m=2     inner=1      min=   875.291 us/xform  median=   875.291  sd=  0.00%      2.53 GF/s  setup=0.044 s
baseline_matrix          L=32  B=8     m=250   inner=1      min=  5753.668 us/xform  median=  5753.759  sd=  0.00%      0.43 GF/s  setup=0.000 s
baseline_matrix          L=32  B=8     m=250   inner=1      min=  5755.192 us/xform  median=  5755.274  sd=  0.00%      0.43 GF/s  setup=0.000 s
baseline_matrix          L=32  B=8     m=250   inner=1      min=  5752.899 us/xform  median=  5752.984  sd=  0.00%      0.43 GF/s  setup=0.000 s
baseline_matrix          L=32  B=8     m=2     inner=1      min=  5785.158 us/xform  median=  5785.158  sd=  0.00%      0.42 GF/s  setup=0.000 s
ducc0_c2c                L=32  B=8     m=250   inner=1      min=   315.664 us/xform  median=   316.015  sd=  0.10%      7.79 GF/s  setup=0.000 s
ducc0_c2c                L=32  B=8     m=250   inner=1      min=   310.199 us/xform  median=   310.635  sd=  0.14%      7.92 GF/s  setup=0.000 s
ducc0_c2c                L=32  B=8     m=250   inner=1      min=   312.990 us/xform  median=   313.442  sd=  0.15%      7.85 GF/s  setup=0.000 s
ducc0_c2c                L=32  B=8     m=2     inner=1      min=   412.136 us/xform  median=   412.136  sd=  0.00%      5.96 GF/s  setup=0.000 s
fftw3_custom             L=32  B=8     m=250   inner=1      min=   418.465 us/xform  median=   418.594  sd=  0.01%      5.87 GF/s  setup=0.000 s
fftw3_custom             L=32  B=8     m=250   inner=1      min=   417.693 us/xform  median=   418.082  sd=  0.04%      5.88 GF/s  setup=0.000 s
fftw3_custom             L=32  B=8     m=250   inner=1      min=   413.538 us/xform  median=   413.709  sd=  0.02%      5.94 GF/s  setup=0.000 s
fftw3_custom             L=32  B=8     m=2     inner=1      min=   711.933 us/xform  median=   711.933  sd=  0.00%      3.45 GF/s  setup=0.000 s
fftw3_custom_soa         L=32  B=8     m=250   inner=1      min=   178.905 us/xform  median=   178.954  sd=  0.04%     13.74 GF/s  setup=0.000 s
fftw3_custom_soa         L=32  B=8     m=250   inner=1      min=   179.147 us/xform  median=   179.238  sd=  0.05%     13.72 GF/s  setup=0.000 s
fftw3_custom_soa         L=32  B=8     m=250   inner=1      min=   181.251 us/xform  median=   181.295  sd=  0.03%     13.56 GF/s  setup=0.000 s
fftw3_custom_soa         L=32  B=8     m=2     inner=1      min=   383.012 us/xform  median=   383.012  sd=  0.00%      6.42 GF/s  setup=0.000 s
fftw3_estimate           L=32  B=8     m=250   inner=1      min=   407.050 us/xform  median=   407.229  sd=  0.03%      6.04 GF/s  setup=0.001 s
fftw3_estimate           L=32  B=8     m=250   inner=1      min=   409.373 us/xform  median=   409.517  sd=  0.03%      6.00 GF/s  setup=0.001 s
fftw3_estimate           L=32  B=8     m=250   inner=1      min=   410.141 us/xform  median=   410.291  sd=  0.03%      5.99 GF/s  setup=0.001 s
fftw3_estimate           L=32  B=8     m=2     inner=1      min=   500.580 us/xform  median=   500.580  sd=  0.00%      4.91 GF/s  setup=0.001 s
fftw3_guru               L=32  B=8     m=250   inner=1      min=   278.819 us/xform  median=   278.925  sd=  0.02%      8.81 GF/s  setup=0.073 s
fftw3_guru               L=32  B=8     m=250   inner=1      min=   288.037 us/xform  median=   289.115  sd=  0.33%      8.53 GF/s  setup=0.070 s
fftw3_guru               L=32  B=8     m=250   inner=1      min=   281.574 us/xform  median=   281.705  sd=  0.02%      8.73 GF/s  setup=0.074 s
fftw3_guru               L=32  B=8     m=2     inner=1      min=   348.546 us/xform  median=   348.546  sd=  0.00%      7.05 GF/s  setup=0.070 s
fftw3_measure            L=32  B=8     m=250   inner=1      min=   213.151 us/xform  median=   213.190  sd=  0.02%     11.53 GF/s  setup=0.086 s
fftw3_measure            L=32  B=8     m=250   inner=1      min=   210.932 us/xform  median=   210.974  sd=  0.01%     11.65 GF/s  setup=0.082 s
fftw3_measure            L=32  B=8     m=250   inner=1      min=   210.044 us/xform  median=   210.162  sd=  0.03%     11.70 GF/s  setup=0.086 s
fftw3_measure            L=32  B=8     m=2     inner=1      min=   260.570 us/xform  median=   260.570  sd=  0.00%      9.43 GF/s  setup=0.086 s
fftw3_patient            L=32  B=8     m=250   inner=1      min=   209.940 us/xform  median=   209.964  sd=  0.01%     11.71 GF/s  setup=0.493 s
fftw3_patient            L=32  B=8     m=250   inner=1      min=   212.484 us/xform  median=   212.593  sd=  0.05%     11.57 GF/s  setup=0.543 s
fftw3_patient            L=32  B=8     m=250   inner=1      min=   208.383 us/xform  median=   208.433  sd=  0.02%     11.79 GF/s  setup=0.491 s
fftw3_patient            L=32  B=8     m=2     inner=1      min=   245.191 us/xform  median=   245.191  sd=  0.00%     10.02 GF/s  setup=0.492 s
gen_bluestein            L=32  B=8     m=250   inner=1      min=   297.947 us/xform  median=   298.001  sd=  0.01%      8.25 GF/s  setup=0.000 s
gen_bluestein            L=32  B=8     m=250   inner=1      min=   299.081 us/xform  median=   299.113  sd=  0.01%      8.22 GF/s  setup=0.000 s
gen_bluestein            L=32  B=8     m=250   inner=1      min=   298.016 us/xform  median=   298.054  sd=  0.03%      8.25 GF/s  setup=0.000 s
gen_bluestein            L=32  B=8     m=2     inner=1      min=   344.633 us/xform  median=   344.633  sd=  0.00%      7.13 GF/s  setup=0.000 s
gen_layout               L=32  B=8     m=250   inner=1      min=   153.777 us/xform  median=   153.807  sd=  0.02%     15.98 GF/s  setup=0.001 s
gen_layout               L=32  B=8     m=250   inner=1      min=   152.143 us/xform  median=   152.166  sd=  0.01%     16.15 GF/s  setup=0.000 s
gen_layout               L=32  B=8     m=250   inner=1      min=   150.228 us/xform  median=   150.258  sd=  0.01%     16.36 GF/s  setup=0.001 s
gen_layout               L=32  B=8     m=2     inner=1      min=   168.957 us/xform  median=   168.957  sd=  0.00%     14.55 GF/s  setup=0.001 s
gen_planner              L=32  B=8     m=250   inner=1      min=   109.102 us/xform  median=   109.137  sd=  0.02%     22.53 GF/s  setup=0.003 s
gen_planner              L=32  B=8     m=250   inner=1      min=   109.495 us/xform  median=   109.519  sd=  0.02%     22.44 GF/s  setup=0.003 s
gen_planner              L=32  B=8     m=250   inner=1      min=   108.288 us/xform  median=   108.331  sd=  0.02%     22.70 GF/s  setup=0.004 s
gen_planner              L=32  B=8     m=2     inner=1      min=   145.329 us/xform  median=   145.329  sd=  0.00%     16.91 GF/s  setup=0.003 s
gen_pow2                 L=32  B=8     m=250   inner=1      min=    55.281 us/xform  median=    55.305  sd=  9.35%     44.46 GF/s  setup=0.000 s
gen_pow2                 L=32  B=8     m=250   inner=1      min=    55.183 us/xform  median=    68.366  sd= 10.43%     44.54 GF/s  setup=0.000 s
gen_pow2                 L=32  B=8     m=250   inner=1      min=    54.851 us/xform  median=    54.875  sd=  0.02%     44.80 GF/s  setup=0.000 s
gen_pow2                 L=32  B=8     m=2     inner=1      min=   109.100 us/xform  median=   109.100  sd=  0.00%     22.53 GF/s  setup=0.000 s
gen_race                 L=32  B=8     m=250   inner=1      min=   108.994 us/xform  median=   109.003  sd=  0.02%     22.55 GF/s  setup=0.006 s
gen_race                 L=32  B=8     m=250   inner=1      min=   109.238 us/xform  median=   109.261  sd=  0.03%     22.50 GF/s  setup=0.006 s
gen_race                 L=32  B=8     m=250   inner=1      min=   109.299 us/xform  median=   109.322  sd=  0.02%     22.49 GF/s  setup=0.011 s
gen_race                 L=32  B=8     m=2     inner=1      min=   144.080 us/xform  median=   144.080  sd=  0.00%     17.06 GF/s  setup=0.006 s
gen_twiddle              L=32  B=8     m=250   inner=1      min=   155.764 us/xform  median=   155.780  sd=  0.02%     15.78 GF/s  setup=0.004 s
gen_twiddle              L=32  B=8     m=250   inner=1      min=   154.706 us/xform  median=   154.734  sd=  0.02%     15.89 GF/s  setup=0.004 s
gen_twiddle              L=32  B=8     m=250   inner=1      min=   155.971 us/xform  median=   155.986  sd=  0.02%     15.76 GF/s  setup=0.005 s
gen_twiddle              L=32  B=8     m=2     inner=1      min=   202.719 us/xform  median=   202.719  sd=  0.00%     12.12 GF/s  setup=0.005 s
mkl2026_dfti             L=32  B=8     m=250   inner=1      min=   192.669 us/xform  median=   193.097  sd=  0.12%     12.76 GF/s  setup=0.002 s
mkl2026_dfti             L=32  B=8     m=250   inner=1      min=   187.508 us/xform  median=   187.762  sd=  0.07%     13.11 GF/s  setup=0.001 s
mkl2026_dfti             L=32  B=8     m=250   inner=1      min=   187.989 us/xform  median=   188.729  sd=  0.21%     13.07 GF/s  setup=0.001 s
mkl2026_dfti             L=32  B=8     m=2     inner=1      min=   270.611 us/xform  median=   270.611  sd=  0.00%      9.08 GF/s  setup=0.002 s
mkl_dfti                 L=32  B=8     m=250   inner=1      min=   171.758 us/xform  median=   172.666  sd=  0.21%     14.31 GF/s  setup=0.002 s
mkl_dfti                 L=32  B=8     m=250   inner=1      min=   173.269 us/xform  median=   173.507  sd=  0.10%     14.18 GF/s  setup=0.002 s
mkl_dfti                 L=32  B=8     m=250   inner=1      min=   172.761 us/xform  median=   173.134  sd=  0.14%     14.23 GF/s  setup=0.001 s
mkl_dfti                 L=32  B=8     m=2     inner=1      min=   226.580 us/xform  median=   226.580  sd=  0.00%     10.85 GF/s  setup=0.001 s
baseline_matrix          L=40  B=8     m=128   inner=1      min= 13468.733 us/xform  median= 13469.041  sd=  0.00%      0.38 GF/s  setup=0.000 s
baseline_matrix          L=40  B=8     m=128   inner=1      min= 13466.071 us/xform  median= 13466.612  sd=  0.00%      0.38 GF/s  setup=0.000 s
baseline_matrix          L=40  B=8     m=128   inner=1      min= 13481.750 us/xform  median= 13481.956  sd=  0.00%      0.38 GF/s  setup=0.000 s
baseline_matrix          L=40  B=8     m=2     inner=1      min= 13527.825 us/xform  median= 13527.825  sd=  0.00%      0.38 GF/s  setup=0.000 s
ducc0_c2c                L=40  B=8     m=128   inner=1      min=   600.864 us/xform  median=   602.585  sd=  0.22%      8.50 GF/s  setup=0.000 s
ducc0_c2c                L=40  B=8     m=128   inner=1      min=   597.620 us/xform  median=   600.179  sd=  0.30%      8.55 GF/s  setup=0.000 s
ducc0_c2c                L=40  B=8     m=128   inner=1      min=   598.059 us/xform  median=   600.701  sd=  0.33%      8.54 GF/s  setup=0.000 s
ducc0_c2c                L=40  B=8     m=2     inner=1      min=   787.371 us/xform  median=   787.371  sd=  0.00%      6.49 GF/s  setup=0.000 s
fftw3_custom             L=40  B=8     m=128   inner=1      min=   791.391 us/xform  median=   792.636  sd=  0.07%      6.46 GF/s  setup=0.000 s
fftw3_custom             L=40  B=8     m=128   inner=1      min=   784.970 us/xform  median=   785.629  sd=  0.06%      6.51 GF/s  setup=0.000 s
fftw3_custom             L=40  B=8     m=128   inner=1      min=   792.412 us/xform  median=   793.407  sd=  0.08%      6.45 GF/s  setup=0.000 s
fftw3_custom             L=40  B=8     m=2     inner=1      min=  1244.115 us/xform  median=  1244.115  sd=  0.00%      4.11 GF/s  setup=0.000 s
fftw3_custom_soa         L=40  B=8     m=128   inner=1      min=   422.781 us/xform  median=   423.605  sd=  0.11%     12.08 GF/s  setup=0.000 s
fftw3_custom_soa         L=40  B=8     m=128   inner=1      min=   417.495 us/xform  median=   418.465  sd=  0.11%     12.24 GF/s  setup=0.000 s
fftw3_custom_soa         L=40  B=8     m=128   inner=1      min=   417.128 us/xform  median=   418.017  sd=  0.12%     12.25 GF/s  setup=0.000 s
fftw3_custom_soa         L=40  B=8     m=2     inner=1      min=   977.926 us/xform  median=   977.926  sd=  0.00%      5.22 GF/s  setup=0.000 s
fftw3_estimate           L=40  B=8     m=128   inner=1      min=  1614.241 us/xform  median=  1617.144  sd=  0.08%      3.16 GF/s  setup=0.002 s
fftw3_estimate           L=40  B=8     m=128   inner=1      min=  1614.687 us/xform  median=  1616.322  sd=  0.08%      3.16 GF/s  setup=0.002 s
fftw3_estimate           L=40  B=8     m=128   inner=1      min=  1596.170 us/xform  median=  1599.974  sd=  0.11%      3.20 GF/s  setup=0.002 s
fftw3_estimate           L=40  B=8     m=2     inner=1      min=  1663.838 us/xform  median=  1663.838  sd=  0.00%      3.07 GF/s  setup=0.002 s
fftw3_guru               L=40  B=8     m=128   inner=1      min=   681.741 us/xform  median=   683.635  sd=  0.40%      7.49 GF/s  setup=0.158 s
fftw3_guru               L=40  B=8     m=128   inner=1      min=   729.189 us/xform  median=   730.762  sd=  0.11%      7.01 GF/s  setup=0.158 s
fftw3_guru               L=40  B=8     m=128   inner=1      min=   679.329 us/xform  median=   681.668  sd=  0.20%      7.52 GF/s  setup=0.158 s
fftw3_guru               L=40  B=8     m=2     inner=1      min=   810.708 us/xform  median=   810.708  sd=  0.00%      6.30 GF/s  setup=0.154 s
fftw3_measure            L=40  B=8     m=128   inner=1      min=   564.046 us/xform  median=   564.761  sd=  0.04%      9.06 GF/s  setup=0.148 s
fftw3_measure            L=40  B=8     m=128   inner=1      min=   549.548 us/xform  median=   549.870  sd=  0.04%      9.30 GF/s  setup=0.147 s
fftw3_measure            L=40  B=8     m=128   inner=1      min=   548.999 us/xform  median=   549.401  sd=  0.04%      9.31 GF/s  setup=0.147 s
fftw3_measure            L=40  B=8     m=2     inner=1      min=   629.316 us/xform  median=   629.316  sd=  0.00%      8.12 GF/s  setup=0.148 s
fftw3_patient            L=40  B=8     m=128   inner=1      min=   544.468 us/xform  median=   544.981  sd=  0.06%      9.38 GF/s  setup=1.439 s
fftw3_patient            L=40  B=8     m=128   inner=1      min=   533.878 us/xform  median=   534.551  sd=  0.06%      9.57 GF/s  setup=1.474 s
fftw3_patient            L=40  B=8     m=128   inner=1      min=   532.367 us/xform  median=   532.822  sd=  0.05%      9.60 GF/s  setup=1.443 s
fftw3_patient            L=40  B=8     m=2     inner=1      min=   603.000 us/xform  median=   603.000  sd=  0.00%      8.47 GF/s  setup=1.298 s
gen_bluestein            L=40  B=8     m=128   inner=1      min=   622.289 us/xform  median=   622.489  sd=  0.02%      8.21 GF/s  setup=0.000 s
gen_bluestein            L=40  B=8     m=128   inner=1      min=   608.831 us/xform  median=   609.239  sd=  0.03%      8.39 GF/s  setup=0.000 s
gen_bluestein            L=40  B=8     m=128   inner=1      min=   606.535 us/xform  median=   606.806  sd=  0.02%      8.42 GF/s  setup=0.000 s
gen_bluestein            L=40  B=8     m=2     inner=1      min=   851.031 us/xform  median=   851.031  sd=  0.00%      6.00 GF/s  setup=0.000 s
gen_layout               L=40  B=8     m=128   inner=1      min=   348.766 us/xform  median=   348.811  sd=  0.02%     14.65 GF/s  setup=0.001 s
gen_layout               L=40  B=8     m=128   inner=1      min=   351.794 us/xform  median=   351.882  sd=  0.02%     14.52 GF/s  setup=0.000 s
gen_layout               L=40  B=8     m=128   inner=1      min=   354.997 us/xform  median=   355.026  sd=  0.02%     14.39 GF/s  setup=0.000 s
gen_layout               L=40  B=8     m=2     inner=1      min=   430.552 us/xform  median=   430.552  sd=  0.00%     11.87 GF/s  setup=0.001 s
gen_pfa_large            L=40  B=8     m=128   inner=1      min=   161.779 us/xform  median=   161.814  sd=  0.07%     31.58 GF/s  setup=0.006 s
gen_pfa_large            L=40  B=8     m=128   inner=1      min=   161.446 us/xform  median=   161.511  sd=  9.80%     31.65 GF/s  setup=0.003 s
gen_pfa_large            L=40  B=8     m=128   inner=1      min=   159.253 us/xform  median=   159.297  sd= 13.17%     32.08 GF/s  setup=0.004 s
gen_pfa_large            L=40  B=8     m=2     inner=1      min=   226.473 us/xform  median=   226.473  sd=  0.00%     22.56 GF/s  setup=0.002 s
gen_planner              L=40  B=8     m=128   inner=1      min=   240.958 us/xform  median=   241.046  sd=  0.06%     21.20 GF/s  setup=0.005 s
gen_planner              L=40  B=8     m=128   inner=1      min=   239.380 us/xform  median=   239.424  sd=  0.05%     21.34 GF/s  setup=0.006 s
gen_planner              L=40  B=8     m=128   inner=1      min=   243.176 us/xform  median=   243.216  sd=  0.05%     21.01 GF/s  setup=0.007 s
gen_planner              L=40  B=8     m=2     inner=1      min=   355.831 us/xform  median=   355.831  sd=  0.00%     14.36 GF/s  setup=0.007 s
gen_race                 L=40  B=8     m=128   inner=1      min=   236.639 us/xform  median=   236.702  sd=  0.04%     21.59 GF/s  setup=0.011 s
gen_race                 L=40  B=8     m=128   inner=1      min=   238.852 us/xform  median=   238.886  sd=  0.05%     21.39 GF/s  setup=0.008 s
gen_race                 L=40  B=8     m=128   inner=1      min=   237.278 us/xform  median=   237.305  sd=  0.05%     21.53 GF/s  setup=0.009 s
gen_race                 L=40  B=8     m=2     inner=1      min=   342.254 us/xform  median=   342.254  sd=  0.00%     14.93 GF/s  setup=0.009 s
gen_twiddle              L=40  B=8     m=128   inner=1      min=   286.269 us/xform  median=   286.300  sd=  0.04%     17.85 GF/s  setup=0.006 s
gen_twiddle              L=40  B=8     m=128   inner=1      min=   287.625 us/xform  median=   287.661  sd=  0.04%     17.76 GF/s  setup=0.005 s
gen_twiddle              L=40  B=8     m=128   inner=1      min=   289.256 us/xform  median=   289.354  sd=  0.03%     17.66 GF/s  setup=0.007 s
gen_twiddle              L=40  B=8     m=2     inner=1      min=   400.172 us/xform  median=   400.172  sd=  0.00%     12.77 GF/s  setup=0.006 s
mkl2026_dfti             L=40  B=8     m=128   inner=1      min=   403.913 us/xform  median=   404.339  sd=  0.08%     12.65 GF/s  setup=0.003 s
mkl2026_dfti             L=40  B=8     m=128   inner=1      min=   405.412 us/xform  median=   405.857  sd=  0.07%     12.60 GF/s  setup=0.002 s
mkl2026_dfti             L=40  B=8     m=128   inner=1      min=   406.186 us/xform  median=   407.756  sd=  0.20%     12.58 GF/s  setup=0.002 s
mkl2026_dfti             L=40  B=8     m=2     inner=1      min=   670.836 us/xform  median=   670.836  sd=  0.00%      7.62 GF/s  setup=0.002 s
mkl_dfti                 L=40  B=8     m=128   inner=1      min=   405.766 us/xform  median=   406.064  sd=  0.04%     12.59 GF/s  setup=0.003 s
mkl_dfti                 L=40  B=8     m=128   inner=1      min=   405.867 us/xform  median=   406.491  sd=  0.07%     12.59 GF/s  setup=0.002 s
mkl_dfti                 L=40  B=8     m=128   inner=1      min=   405.999 us/xform  median=   406.253  sd=  0.02%     12.58 GF/s  setup=0.002 s
mkl_dfti                 L=40  B=8     m=2     inner=1      min=   675.463 us/xform  median=   675.463  sd=  0.00%      7.56 GF/s  setup=0.001 s
baseline_matrix          L=50  B=4     m=128   inner=1      min= 34141.178 us/xform  median= 34146.836  sd=  0.01%      0.31 GF/s  setup=0.000 s
baseline_matrix          L=50  B=4     m=128   inner=1      min= 34397.420 us/xform  median= 34407.846  sd=  0.02%      0.31 GF/s  setup=0.000 s
baseline_matrix          L=50  B=4     m=128   inner=1      min= 33723.073 us/xform  median= 33729.684  sd=  0.01%      0.31 GF/s  setup=0.000 s
baseline_matrix          L=50  B=4     m=2     inner=1      min= 34230.900 us/xform  median= 34230.900  sd=  0.00%      0.31 GF/s  setup=0.000 s
ducc0_c2c                L=50  B=4     m=128   inner=1      min=  1269.814 us/xform  median=  1275.351  sd=  0.27%      8.33 GF/s  setup=0.000 s
ducc0_c2c                L=50  B=4     m=128   inner=1      min=  1268.564 us/xform  median=  1273.051  sd=  0.27%      8.34 GF/s  setup=0.000 s
ducc0_c2c                L=50  B=4     m=128   inner=1      min=  1278.859 us/xform  median=  1282.226  sd=  0.22%      8.27 GF/s  setup=0.000 s
ducc0_c2c                L=50  B=4     m=2     inner=1      min=  1643.827 us/xform  median=  1643.827  sd=  0.00%      6.44 GF/s  setup=0.000 s
fftw3_custom             L=50  B=4     m=128   inner=1      min=  1695.339 us/xform  median=  1697.167  sd=  0.07%      6.24 GF/s  setup=0.000 s
fftw3_custom             L=50  B=4     m=128   inner=1      min=  1702.859 us/xform  median=  1705.590  sd=  0.08%      6.21 GF/s  setup=0.000 s
fftw3_custom             L=50  B=4     m=128   inner=1      min=  1672.329 us/xform  median=  1675.610  sd=  0.09%      6.33 GF/s  setup=0.000 s
fftw3_custom             L=50  B=4     m=2     inner=1      min=  2584.795 us/xform  median=  2584.795  sd=  0.00%      4.09 GF/s  setup=0.000 s
fftw3_estimate           L=50  B=4     m=128   inner=1      min=  1629.099 us/xform  median=  1632.637  sd=  0.14%      6.50 GF/s  setup=0.003 s
fftw3_estimate           L=50  B=4     m=128   inner=1      min=  1540.339 us/xform  median=  1542.673  sd=  0.06%      6.87 GF/s  setup=0.003 s
fftw3_estimate           L=50  B=4     m=128   inner=1      min=  1615.286 us/xform  median=  1616.362  sd=  0.05%      6.55 GF/s  setup=0.003 s
fftw3_estimate           L=50  B=4     m=2     inner=1      min=  1764.873 us/xform  median=  1764.873  sd=  0.00%      6.00 GF/s  setup=0.002 s
fftw3_guru               L=50  B=4     m=128   inner=1      min=  1666.217 us/xform  median=  1667.335  sd=  0.04%      6.35 GF/s  setup=0.107 s
fftw3_guru               L=50  B=4     m=128   inner=1      min=  1744.230 us/xform  median=  1746.595  sd=  0.07%      6.07 GF/s  setup=0.116 s
fftw3_guru               L=50  B=4     m=128   inner=1      min=  1667.613 us/xform  median=  1669.037  sd=  0.10%      6.35 GF/s  setup=0.105 s
fftw3_guru               L=50  B=4     m=2     inner=1      min=  1928.358 us/xform  median=  1928.358  sd=  0.00%      5.49 GF/s  setup=0.108 s
fftw3_measure            L=50  B=4     m=128   inner=1      min=  1224.288 us/xform  median=  1225.523  sd=  0.14%      8.64 GF/s  setup=0.092 s
fftw3_measure            L=50  B=4     m=128   inner=1      min=  1204.911 us/xform  median=  1207.526  sd=  0.13%      8.78 GF/s  setup=0.091 s
fftw3_measure            L=50  B=4     m=128   inner=1      min=  1243.412 us/xform  median=  1246.841  sd=  0.11%      8.51 GF/s  setup=0.088 s
fftw3_measure            L=50  B=4     m=2     inner=1      min=  1322.522 us/xform  median=  1322.522  sd=  0.00%      8.00 GF/s  setup=0.089 s
fftw3_patient            L=50  B=4     m=128   inner=1      min=  1177.034 us/xform  median=  1177.378  sd=  0.02%      8.99 GF/s  setup=1.103 s
fftw3_patient            L=50  B=4     m=128   inner=1      min=  1168.635 us/xform  median=  1169.213  sd=  0.04%      9.06 GF/s  setup=1.343 s
fftw3_patient            L=50  B=4     m=128   inner=1      min=  1181.736 us/xform  median=  1181.994  sd=  0.04%      8.95 GF/s  setup=1.106 s
fftw3_patient            L=50  B=4     m=2     inner=1      min=  1337.871 us/xform  median=  1337.871  sd=  0.00%      7.91 GF/s  setup=1.106 s
gen_batchlane            L=50  B=4     m=128   inner=1      min=   506.845 us/xform  median=   507.294  sd=  0.07%     20.88 GF/s  setup=0.001 s
gen_batchlane            L=50  B=4     m=128   inner=1      min=   481.273 us/xform  median=   481.612  sd=  0.06%     21.99 GF/s  setup=0.001 s
gen_batchlane            L=50  B=4     m=128   inner=1      min=   502.633 us/xform  median=   503.089  sd=  0.05%     21.05 GF/s  setup=0.001 s
gen_batchlane            L=50  B=4     m=2     inner=1      min=   828.227 us/xform  median=   828.227  sd=  0.00%     12.78 GF/s  setup=0.001 s
gen_bluestein            L=50  B=4     m=128   inner=1      min=  1374.293 us/xform  median=  1374.900  sd=  0.02%      7.70 GF/s  setup=0.000 s
gen_bluestein            L=50  B=4     m=128   inner=1      min=  1384.029 us/xform  median=  1384.798  sd=  0.02%      7.65 GF/s  setup=0.000 s
gen_bluestein            L=50  B=4     m=128   inner=1      min=  1384.379 us/xform  median=  1385.132  sd=  0.02%      7.64 GF/s  setup=0.000 s
gen_bluestein            L=50  B=4     m=2     inner=1      min=  1939.701 us/xform  median=  1939.701  sd=  0.00%      5.46 GF/s  setup=0.000 s
gen_layout               L=50  B=4     m=128   inner=1      min=   963.402 us/xform  median=   963.527  sd=  0.03%     10.98 GF/s  setup=0.001 s
gen_layout               L=50  B=4     m=128   inner=1      min=   960.601 us/xform  median=   961.252  sd=  0.04%     11.02 GF/s  setup=0.001 s
gen_layout               L=50  B=4     m=128   inner=1      min=   945.191 us/xform  median=   945.372  sd=  0.04%     11.20 GF/s  setup=0.001 s
gen_layout               L=50  B=4     m=2     inner=1      min=  1162.401 us/xform  median=  1162.401  sd=  0.00%      9.10 GF/s  setup=0.001 s
gen_pfa_large            L=50  B=4     m=128   inner=1      min=   413.440 us/xform  median=   413.537  sd=  0.06%     25.60 GF/s  setup=0.001 s
gen_pfa_large            L=50  B=4     m=128   inner=1      min=   437.322 us/xform  median=   437.383  sd=  2.45%     24.20 GF/s  setup=0.002 s
gen_pfa_large            L=50  B=4     m=128   inner=1      min=   415.661 us/xform  median=   415.877  sd=  0.14%     25.46 GF/s  setup=0.004 s
gen_pfa_large            L=50  B=4     m=2     inner=1      min=   518.430 us/xform  median=   518.430  sd=  0.00%     20.41 GF/s  setup=0.002 s
gen_pfa_small            L=50  B=4     m=128   inner=1      min=   569.401 us/xform  median=   569.755  sd=  0.06%     18.58 GF/s  setup=0.010 s
gen_pfa_small            L=50  B=4     m=128   inner=1      min=   568.531 us/xform  median=   569.049  sd=  0.04%     18.61 GF/s  setup=0.009 s
gen_pfa_small            L=50  B=4     m=128   inner=1      min=   569.092 us/xform  median=   569.399  sd=  0.05%     18.59 GF/s  setup=0.009 s
gen_pfa_small            L=50  B=4     m=2     inner=1      min=   890.878 us/xform  median=   890.878  sd=  0.00%     11.88 GF/s  setup=0.009 s
gen_planner              L=50  B=4     m=128   inner=1      min=   574.438 us/xform  median=   574.483  sd=  0.04%     18.42 GF/s  setup=0.010 s
gen_planner              L=50  B=4     m=128   inner=1      min=   561.607 us/xform  median=   561.718  sd=  0.03%     18.84 GF/s  setup=0.013 s
gen_planner              L=50  B=4     m=128   inner=1      min=   561.248 us/xform  median=   561.462  sd=  0.04%     18.85 GF/s  setup=0.009 s
gen_planner              L=50  B=4     m=2     inner=1      min=   859.743 us/xform  median=   859.743  sd=  0.00%     12.31 GF/s  setup=0.011 s
gen_powp                 L=50  B=4     m=128   inner=1      min=   490.384 us/xform  median=   490.703  sd=  0.04%     21.58 GF/s  setup=0.002 s
gen_powp                 L=50  B=4     m=128   inner=1      min=   483.500 us/xform  median=   483.700  sd=  0.04%     21.89 GF/s  setup=0.002 s
gen_powp                 L=50  B=4     m=128   inner=1      min=   480.616 us/xform  median=   480.866  sd=  0.05%     22.02 GF/s  setup=0.002 s
gen_powp                 L=50  B=4     m=2     inner=1      min=   609.014 us/xform  median=   609.014  sd=  0.00%     17.38 GF/s  setup=0.003 s
gen_race                 L=50  B=4     m=128   inner=1      min=   545.065 us/xform  median=   545.175  sd=  0.04%     19.41 GF/s  setup=0.007 s
gen_race                 L=50  B=4     m=128   inner=1      min=   550.713 us/xform  median=   550.829  sd=  0.04%     19.22 GF/s  setup=0.009 s
gen_race                 L=50  B=4     m=128   inner=1      min=   546.204 us/xform  median=   546.281  sd=  0.04%     19.37 GF/s  setup=0.009 s
gen_race                 L=50  B=4     m=2     inner=1      min=   809.528 us/xform  median=   809.528  sd=  0.00%     13.07 GF/s  setup=0.007 s
gen_twiddle              L=50  B=4     m=128   inner=1      min=   629.258 us/xform  median=   629.380  sd=  0.03%     16.82 GF/s  setup=0.010 s
gen_twiddle              L=50  B=4     m=128   inner=1      min=   637.353 us/xform  median=   637.403  sd=  0.03%     16.60 GF/s  setup=0.012 s
gen_twiddle              L=50  B=4     m=128   inner=1      min=   631.776 us/xform  median=   631.827  sd=  0.03%     16.75 GF/s  setup=0.012 s
gen_twiddle              L=50  B=4     m=2     inner=1      min=   951.858 us/xform  median=   951.858  sd=  0.00%     11.12 GF/s  setup=0.011 s
mkl2026_dfti             L=50  B=4     m=128   inner=1      min=   962.789 us/xform  median=   965.974  sd=  0.23%     10.99 GF/s  setup=0.049 s
mkl2026_dfti             L=50  B=4     m=128   inner=1      min=   966.329 us/xform  median=   968.110  sd=  0.24%     10.95 GF/s  setup=0.050 s
mkl2026_dfti             L=50  B=4     m=128   inner=1      min=   962.907 us/xform  median=   963.831  sd=  0.06%     10.99 GF/s  setup=0.049 s
mkl2026_dfti             L=50  B=4     m=2     inner=1      min=  1564.045 us/xform  median=  1564.045  sd=  0.00%      6.77 GF/s  setup=0.053 s
mkl_dfti                 L=50  B=4     m=128   inner=1      min=   947.464 us/xform  median=   948.489  sd=  0.08%     11.17 GF/s  setup=0.032 s
mkl_dfti                 L=50  B=4     m=128   inner=1      min=   950.508 us/xform  median=   952.144  sd=  0.11%     11.13 GF/s  setup=0.047 s
mkl_dfti                 L=50  B=4     m=128   inner=1      min=   948.979 us/xform  median=   949.901  sd=  0.06%     11.15 GF/s  setup=0.048 s
mkl_dfti                 L=50  B=4     m=2     inner=1      min=  1490.573 us/xform  median=  1490.573  sd=  0.00%      7.10 GF/s  setup=0.054 s
baseline_matrix          L=100 B=1     m=2     inner=1      min=609663.935 us/xform  median=609663.935  sd=  0.00%      0.16 GF/s  setup=0.000 s
ducc0_c2c                L=100 B=1     m=64    inner=1      min= 12034.282 us/xform  median= 12091.078  sd=  0.50%      8.28 GF/s  setup=0.000 s
ducc0_c2c                L=100 B=1     m=64    inner=1      min= 11975.228 us/xform  median= 12029.385  sd=  0.48%      8.32 GF/s  setup=0.000 s
ducc0_c2c                L=100 B=1     m=64    inner=1      min= 11852.136 us/xform  median= 11907.483  sd=  0.45%      8.41 GF/s  setup=0.000 s
ducc0_c2c                L=100 B=1     m=2     inner=1      min= 12729.576 us/xform  median= 12729.576  sd=  0.00%      7.83 GF/s  setup=0.000 s
fftw3_estimate           L=100 B=1     m=64    inner=1      min= 20648.264 us/xform  median= 20655.636  sd=  0.03%      4.83 GF/s  setup=0.002 s
fftw3_estimate           L=100 B=1     m=64    inner=1      min= 20736.637 us/xform  median= 20746.833  sd=  0.03%      4.81 GF/s  setup=0.002 s
fftw3_estimate           L=100 B=1     m=64    inner=1      min= 20656.815 us/xform  median= 20666.610  sd=  0.02%      4.82 GF/s  setup=0.002 s
fftw3_estimate           L=100 B=1     m=2     inner=1      min= 21534.937 us/xform  median= 21534.937  sd=  0.00%      4.63 GF/s  setup=0.002 s
fftw3_guru               L=100 B=1     m=64    inner=1      min= 14397.827 us/xform  median= 14423.456  sd=  0.07%      6.92 GF/s  setup=0.334 s
fftw3_guru               L=100 B=1     m=64    inner=1      min= 14284.900 us/xform  median= 14294.349  sd=  0.05%      6.98 GF/s  setup=0.334 s
fftw3_guru               L=100 B=1     m=64    inner=1      min= 14419.199 us/xform  median= 14430.633  sd=  0.06%      6.91 GF/s  setup=0.333 s
fftw3_guru               L=100 B=1     m=2     inner=1      min= 16502.949 us/xform  median= 16502.949  sd=  0.00%      6.04 GF/s  setup=0.333 s
fftw3_measure            L=100 B=1     m=64    inner=1      min= 11825.071 us/xform  median= 11841.058  sd=  0.06%      8.43 GF/s  setup=0.310 s
fftw3_measure            L=100 B=1     m=64    inner=1      min= 11996.360 us/xform  median= 12015.650  sd=  0.08%      8.31 GF/s  setup=0.310 s
fftw3_measure            L=100 B=1     m=64    inner=1      min= 11024.858 us/xform  median= 11029.678  sd=  0.03%      9.04 GF/s  setup=0.304 s
fftw3_measure            L=100 B=1     m=2     inner=1      min= 12008.916 us/xform  median= 12008.916  sd=  0.00%      8.30 GF/s  setup=0.277 s
fftw3_patient            L=100 B=1     m=64    inner=1      min=  9933.459 us/xform  median=  9941.692  sd=  0.06%     10.03 GF/s  setup=17.332 s
fftw3_patient            L=100 B=1     m=64    inner=1      min= 10156.212 us/xform  median= 10171.506  sd=  0.09%      9.81 GF/s  setup=17.133 s
fftw3_patient            L=100 B=1     m=64    inner=1      min=  9927.512 us/xform  median=  9942.357  sd=  0.05%     10.04 GF/s  setup=17.164 s
fftw3_patient            L=100 B=1     m=2     inner=1      min= 10640.082 us/xform  median= 10640.082  sd=  0.00%      9.37 GF/s  setup=17.253 s
gen_batchlane            L=100 B=1     m=64    inner=1      min=  4084.111 us/xform  median=  4089.134  sd=  0.09%     24.40 GF/s  setup=0.007 s
gen_batchlane            L=100 B=1     m=64    inner=1      min=  4235.183 us/xform  median=  4237.972  sd=  0.06%     23.53 GF/s  setup=0.007 s
gen_batchlane            L=100 B=1     m=64    inner=1      min=  4259.035 us/xform  median=  4261.931  sd=  0.08%     23.40 GF/s  setup=0.007 s
gen_batchlane            L=100 B=1     m=2     inner=1      min=  7797.186 us/xform  median=  7797.186  sd=  0.00%     12.78 GF/s  setup=0.007 s
gen_bluestein            L=100 B=1     m=64    inner=1      min= 13499.746 us/xform  median= 13508.402  sd=  0.05%      7.38 GF/s  setup=0.000 s
gen_bluestein            L=100 B=1     m=64    inner=1      min= 13681.279 us/xform  median= 13685.305  sd=  0.04%      7.28 GF/s  setup=0.000 s
gen_bluestein            L=100 B=1     m=64    inner=1      min= 13628.816 us/xform  median= 13642.954  sd=  0.06%      7.31 GF/s  setup=0.000 s
gen_bluestein            L=100 B=1     m=2     inner=1      min= 16889.484 us/xform  median= 16889.484  sd=  0.00%      5.90 GF/s  setup=0.000 s
gen_layout               L=100 B=1     m=64    inner=1      min=  9108.953 us/xform  median=  9111.371  sd=  0.03%     10.94 GF/s  setup=0.011 s
gen_layout               L=100 B=1     m=64    inner=1      min=  9121.916 us/xform  median=  9125.343  sd=  0.05%     10.93 GF/s  setup=0.011 s
gen_layout               L=100 B=1     m=64    inner=1      min=  9092.330 us/xform  median=  9095.670  sd=  0.05%     10.96 GF/s  setup=0.010 s
gen_layout               L=100 B=1     m=2     inner=1      min= 10296.034 us/xform  median= 10296.034  sd=  0.00%      9.68 GF/s  setup=0.011 s
gen_pfa_large            L=100 B=1     m=64    inner=1      min=  4572.586 us/xform  median=  4589.497  sd=  0.20%     21.79 GF/s  setup=0.010 s
gen_pfa_large            L=100 B=1     m=64    inner=1      min=  4571.545 us/xform  median=  4575.629  sd=  0.07%     21.80 GF/s  setup=0.011 s
gen_pfa_large            L=100 B=1     m=64    inner=1      min=  4562.497 us/xform  median=  4567.084  sd=  0.10%     21.84 GF/s  setup=0.008 s
gen_pfa_large            L=100 B=1     m=2     inner=1      min=  6507.643 us/xform  median=  6507.643  sd=  0.00%     15.31 GF/s  setup=0.009 s
gen_pfa_small            L=100 B=1     m=64    inner=1      min=  5143.367 us/xform  median=  5149.928  sd=  0.08%     19.38 GF/s  setup=0.074 s
gen_pfa_small            L=100 B=1     m=64    inner=1      min=  5119.961 us/xform  median=  5126.445  sd=  0.09%     19.46 GF/s  setup=0.066 s
gen_pfa_small            L=100 B=1     m=64    inner=1      min=  5239.195 us/xform  median=  5247.133  sd=  0.09%     19.02 GF/s  setup=0.076 s
gen_pfa_small            L=100 B=1     m=2     inner=1      min=  9871.776 us/xform  median=  9871.776  sd=  0.00%     10.10 GF/s  setup=0.077 s
gen_planner              L=100 B=1     m=64    inner=1      min=  4567.869 us/xform  median=  4569.733  sd=  0.10%     21.82 GF/s  setup=0.776 s
gen_planner              L=100 B=1     m=64    inner=1      min=  4560.326 us/xform  median=  4561.619  sd=  0.09%     21.85 GF/s  setup=0.179 s
gen_planner              L=100 B=1     m=64    inner=1      min=  4587.632 us/xform  median=  4590.351  sd=  0.13%     21.72 GF/s  setup=0.153 s
gen_planner              L=100 B=1     m=2     inner=1      min=  7977.362 us/xform  median=  7977.362  sd=  0.00%     12.49 GF/s  setup=0.156 s
gen_powp                 L=100 B=1     m=64    inner=1      min=  4090.543 us/xform  median=  4096.523  sd=  0.10%     24.36 GF/s  setup=5.561 s
gen_powp                 L=100 B=1     m=64    inner=1      min=  4166.550 us/xform  median=  4173.036  sd=  0.07%     23.92 GF/s  setup=0.019 s
gen_powp                 L=100 B=1     m=64    inner=1      min=  4219.014 us/xform  median=  4223.568  sd=  0.10%     23.62 GF/s  setup=0.016 s
gen_powp                 L=100 B=1     m=2     inner=1      min=  7159.930 us/xform  median=  7159.930  sd=  0.00%     13.92 GF/s  setup=0.017 s
gen_race                 L=100 B=1     m=64    inner=1      min=  4267.021 us/xform  median=  4441.592  sd=  1.53%     23.36 GF/s  setup=32.847 s
gen_race                 L=100 B=1     m=64    inner=1      min=  4410.673 us/xform  median=  4525.217  sd=  1.19%     22.59 GF/s  setup=0.018 s
gen_race                 L=100 B=1     m=64    inner=1      min=  4179.005 us/xform  median=  4477.452  sd=  3.25%     23.85 GF/s  setup=0.017 s
gen_race                 L=100 B=1     m=2     inner=1      min=  7520.953 us/xform  median=  7520.953  sd=  0.00%     13.25 GF/s  setup=0.015 s
gen_twiddle              L=100 B=1     m=64    inner=1      min=  6554.356 us/xform  median=  6657.602  sd=  0.89%     15.20 GF/s  setup=0.071 s
gen_twiddle              L=100 B=1     m=64    inner=1      min=  6467.956 us/xform  median=  6658.249  sd=  1.48%     15.41 GF/s  setup=0.073 s
gen_twiddle              L=100 B=1     m=64    inner=1      min=  7016.086 us/xform  median=  7130.025  sd=  1.09%     14.20 GF/s  setup=0.076 s
gen_twiddle              L=100 B=1     m=2     inner=1      min=  7918.481 us/xform  median=  7918.481  sd=  0.00%     12.59 GF/s  setup=0.072 s
mkl2026_dfti             L=100 B=1     m=64    inner=1      min=  7969.367 us/xform  median=  8126.949  sd=  0.88%     12.51 GF/s  setup=0.049 s
mkl2026_dfti             L=100 B=1     m=64    inner=1      min=  8225.612 us/xform  median=  8253.365  sd=  0.24%     12.12 GF/s  setup=0.029 s
mkl2026_dfti             L=100 B=1     m=64    inner=1      min=  8166.147 us/xform  median=  8235.713  sd=  0.62%     12.20 GF/s  setup=0.052 s
mkl2026_dfti             L=100 B=1     m=2     inner=1      min=  9423.455 us/xform  median=  9423.455  sd=  0.00%     10.58 GF/s  setup=0.050 s
mkl_dfti                 L=100 B=1     m=64    inner=1      min=  7833.695 us/xform  median=  7840.099  sd=  0.04%     12.72 GF/s  setup=0.037 s
mkl_dfti                 L=100 B=1     m=64    inner=1      min=  7806.148 us/xform  median=  7816.214  sd=  0.07%     12.77 GF/s  setup=0.049 s
mkl_dfti                 L=100 B=1     m=64    inner=1      min=  7791.419 us/xform  median=  7802.102  sd=  0.07%     12.79 GF/s  setup=0.049 s
mkl_dfti                 L=100 B=1     m=2     inner=1      min=  9287.515 us/xform  median=  9287.515  sd=  0.00%     10.73 GF/s  setup=0.049 s
