   skipping baseline_dft at L=1024 B=512 (too expensive to be informative)
d1_bluestein             L=1024 B=512   m=2000  inner=1      min=     5.798 us/xform  median=     5.800  sd=  0.02%      8.83 GF/s  setup=0.002 s
d1_bluestein             L=1024 B=512   m=2000  inner=1      min=     5.820 us/xform  median=     5.822  sd=  0.03%      8.80 GF/s  setup=0.001 s
d1_bluestein             L=1024 B=512   m=2000  inner=1      min=     5.735 us/xform  median=     5.737  sd=  0.04%      8.93 GF/s  setup=0.001 s
d1_bluestein             L=1024 B=512   m=2     inner=1      min=     7.464 us/xform  median=     7.464  sd=  0.00%      6.86 GF/s  setup=0.001 s
d1_planner               L=1024 B=512   m=2000  inner=1      min=     1.752 us/xform  median=     1.752  sd=  0.01%     29.23 GF/s  setup=0.001 s
d1_planner               L=1024 B=512   m=2000  inner=1      min=     1.755 us/xform  median=     1.755  sd=  0.01%     29.18 GF/s  setup=0.001 s
d1_planner               L=1024 B=512   m=2000  inner=1      min=     1.761 us/xform  median=     1.762  sd=  0.01%     29.07 GF/s  setup=0.001 s
d1_planner               L=1024 B=512   m=2     inner=1      min=     3.069 us/xform  median=     3.069  sd=  0.00%     16.68 GF/s  setup=0.001 s
d1_pow2                  L=1024 B=512   m=2000  inner=1      min=     2.482 us/xform  median=     2.482  sd=  0.01%     20.63 GF/s  setup=0.001 s
d1_pow2                  L=1024 B=512   m=2000  inner=1      min=     2.470 us/xform  median=     2.471  sd=  0.01%     20.73 GF/s  setup=0.001 s
d1_pow2                  L=1024 B=512   m=2000  inner=1      min=     2.476 us/xform  median=     2.476  sd=  0.06%     20.68 GF/s  setup=0.001 s
d1_pow2                  L=1024 B=512   m=2     inner=1      min=     3.925 us/xform  median=     3.925  sd=  0.00%     13.04 GF/s  setup=0.001 s
d1_race                  L=1024 B=512   m=2000  inner=1      min=     1.831 us/xform  median=     1.831  sd=  0.01%     27.96 GF/s  setup=21.525 s
d1_race                  L=1024 B=512   m=2000  inner=1      min=     1.765 us/xform  median=     1.766  sd=  0.01%     29.00 GF/s  setup=0.017 s
d1_race                  L=1024 B=512   m=2000  inner=1      min=     1.730 us/xform  median=     1.730  sd=  0.03%     29.60 GF/s  setup=0.011 s
d1_race                  L=1024 B=512   m=2     inner=1      min=     2.797 us/xform  median=     2.797  sd=  0.00%     18.31 GF/s  setup=0.009 s
d1_twiddle               L=1024 B=512   m=2000  inner=1      min=     2.151 us/xform  median=     2.152  sd=  0.02%     23.80 GF/s  setup=0.000 s
d1_twiddle               L=1024 B=512   m=2000  inner=1      min=     2.164 us/xform  median=     2.164  sd=  0.01%     23.66 GF/s  setup=0.001 s
d1_twiddle               L=1024 B=512   m=2000  inner=1      min=     2.162 us/xform  median=     2.167  sd=  0.10%     23.68 GF/s  setup=0.001 s
d1_twiddle               L=1024 B=512   m=2     inner=1      min=     6.000 us/xform  median=     6.000  sd=  0.00%      8.53 GF/s  setup=0.000 s
fftw1d_estimate          L=1024 B=512   m=2000  inner=1      min=     5.726 us/xform  median=     5.728  sd=  0.03%      8.94 GF/s  setup=0.001 s
fftw1d_estimate          L=1024 B=512   m=2000  inner=1      min=     5.800 us/xform  median=     5.802  sd=  0.02%      8.83 GF/s  setup=0.001 s
fftw1d_estimate          L=1024 B=512   m=2000  inner=1      min=     5.863 us/xform  median=     5.867  sd=  0.04%      8.73 GF/s  setup=0.001 s
fftw1d_estimate          L=1024 B=512   m=2     inner=1      min=     7.562 us/xform  median=     7.562  sd=  0.00%      6.77 GF/s  setup=0.001 s
fftw1d_measure           L=1024 B=512   m=2000  inner=1      min=     5.322 us/xform  median=     5.325  sd=  0.03%      9.62 GF/s  setup=0.117 s
fftw1d_measure           L=1024 B=512   m=2000  inner=1      min=     5.041 us/xform  median=     5.043  sd=  0.03%     10.16 GF/s  setup=0.117 s
fftw1d_measure           L=1024 B=512   m=2000  inner=1      min=     5.293 us/xform  median=     5.296  sd=  0.03%      9.67 GF/s  setup=0.117 s
fftw1d_measure           L=1024 B=512   m=2     inner=1      min=     6.700 us/xform  median=     6.700  sd=  0.00%      7.64 GF/s  setup=0.115 s
fftw1d_patient           L=1024 B=512   m=2000  inner=1      min=     5.214 us/xform  median=     5.216  sd=  0.02%      9.82 GF/s  setup=12.186 s
fftw1d_patient           L=1024 B=512   m=2000  inner=1      min=     5.180 us/xform  median=     5.182  sd=  0.03%      9.88 GF/s  setup=12.022 s
fftw1d_patient           L=1024 B=512   m=2000  inner=1      min=     5.195 us/xform  median=     5.198  sd=  0.03%      9.86 GF/s  setup=11.656 s
fftw1d_patient           L=1024 B=512   m=2     inner=1      min=     6.714 us/xform  median=     6.714  sd=  0.00%      7.63 GF/s  setup=11.752 s
mkl1d_dfti               L=1024 B=512   m=2000  inner=1      min=     5.028 us/xform  median=     5.030  sd=  0.02%     10.18 GF/s  setup=0.003 s
mkl1d_dfti               L=1024 B=512   m=2000  inner=1      min=     4.903 us/xform  median=     4.905  sd=  0.02%     10.44 GF/s  setup=0.003 s
mkl1d_dfti               L=1024 B=512   m=2000  inner=1      min=     4.907 us/xform  median=     4.909  sd=  0.03%     10.43 GF/s  setup=0.003 s
mkl1d_dfti               L=1024 B=512   m=2     inner=1      min=     6.621 us/xform  median=     6.621  sd=  0.00%      7.73 GF/s  setup=0.002 s
   skipping baseline_dft at L=100003 B=8 (too expensive to be informative)
d1_bluestein             L=100003 B=8     m=1     inner=2      min=  2429.053 us/xform  median=  2431.718  sd=  0.08%      3.42 GF/s  setup=0.025 s
d1_bluestein             L=100003 B=8     m=1     inner=2      min=  2389.200 us/xform  median=  2391.490  sd=  0.06%      3.48 GF/s  setup=0.029 s
d1_bluestein             L=100003 B=8     m=1     inner=1      min=  3292.814 us/xform  median=  3297.584  sd=  0.12%      2.52 GF/s  setup=0.030 s
d1_bluestein             L=100003 B=8     m=1     inner=2      min=  2386.383 us/xform  median=  2388.006  sd=  0.11%      3.48 GF/s  setup=0.029 s
d1_bluestein             L=100003 B=8     m=1     inner=1      min=  3295.549 us/xform  median=  3299.248  sd=  0.04%      2.52 GF/s  setup=0.030 s
d1_bluestein             L=100003 B=8     m=1     inner=1      min=  3299.755 us/xform  median=  3304.439  sd=  0.09%      2.52 GF/s  setup=0.031 s
d1_bluestein             L=100003 B=8     m=1     inner=1      min=  3241.510 us/xform  median=  3249.721  sd=  0.98%      2.56 GF/s  setup=0.032 s
d1_bluestein             L=100003 B=8     m=1     inner=2      min=  2432.666 us/xform  median=  2436.733  sd=  0.07%      3.41 GF/s  setup=0.030 s
d1_bluestein             L=100003 B=8     m=1     inner=1      min=  3346.479 us/xform  median=  3348.827  sd=  0.05%      2.48 GF/s  setup=0.029 s
d1_planner               L=100003 B=8     m=1     inner=1      min=  2989.083 us/xform  median=  2990.698  sd=  0.05%      2.78 GF/s  setup=0.063 s
d1_planner               L=100003 B=8     m=1     inner=1      min=  2897.435 us/xform  median=  2899.531  sd=  0.04%      2.87 GF/s  setup=0.060 s
d1_planner               L=100003 B=8     m=1     inner=1      min=  2898.551 us/xform  median=  2901.189  sd=  0.07%      2.87 GF/s  setup=0.060 s
d1_planner               L=100003 B=8     m=1     inner=1      min=  2840.892 us/xform  median=  2843.261  sd=  0.07%      2.92 GF/s  setup=0.059 s
d1_planner               L=100003 B=8     m=1     inner=1      min=  2897.446 us/xform  median=  2900.161  sd=  0.04%      2.87 GF/s  setup=0.059 s
d1_planner               L=100003 B=8     m=1     inner=1      min=  2985.964 us/xform  median=  2988.106  sd=  0.05%      2.78 GF/s  setup=0.060 s
d1_planner               L=100003 B=8     m=1     inner=1      min=  2987.865 us/xform  median=  2989.023  sd=  0.03%      2.78 GF/s  setup=0.058 s
d1_planner               L=100003 B=8     m=1     inner=1      min=  2892.157 us/xform  median=  2893.859  sd=  0.04%      2.87 GF/s  setup=0.060 s
d1_planner               L=100003 B=8     m=1     inner=1      min=  2893.659 us/xform  median=  2896.299  sd=  0.11%      2.87 GF/s  setup=0.061 s
d1_race                  L=100003 B=8     m=1     inner=2      min=  2387.630 us/xform  median=  2390.138  sd=  0.11%      3.48 GF/s  setup=4.702 s
d1_race                  L=100003 B=8     m=1     inner=2      min=  2410.577 us/xform  median=  2412.976  sd=  0.06%      3.45 GF/s  setup=0.046 s
d1_race                  L=100003 B=8     m=1     inner=2      min=  2411.391 us/xform  median=  2412.720  sd=  0.05%      3.44 GF/s  setup=0.030 s
d1_race                  L=100003 B=8     m=1     inner=2      min=  2378.462 us/xform  median=  2380.341  sd=  0.05%      3.49 GF/s  setup=0.044 s
d1_race                  L=100003 B=8     m=1     inner=2      min=  2394.528 us/xform  median=  2396.015  sd=  0.06%      3.47 GF/s  setup=0.036 s
d1_race                  L=100003 B=8     m=1     inner=2      min=  2392.282 us/xform  median=  2393.624  sd=  0.04%      3.47 GF/s  setup=0.030 s
d1_race                  L=100003 B=8     m=1     inner=2      min=  2385.177 us/xform  median=  2387.161  sd=  0.04%      3.48 GF/s  setup=0.036 s
d1_race                  L=100003 B=8     m=1     inner=2      min=  2381.258 us/xform  median=  2382.644  sd=  0.04%      3.49 GF/s  setup=0.036 s
d1_race                  L=100003 B=8     m=1     inner=2      min=  2410.311 us/xform  median=  2412.746  sd=  0.06%      3.45 GF/s  setup=0.035 s
fftw1d_estimate          L=100003 B=8     m=1     inner=1      min=  6486.125 us/xform  median=  6489.524  sd=  0.05%      1.28 GF/s  setup=0.013 s
fftw1d_estimate          L=100003 B=8     m=1     inner=1      min=  4979.142 us/xform  median=  4984.348  sd=  0.12%      1.67 GF/s  setup=0.014 s
fftw1d_estimate          L=100003 B=8     m=1     inner=1      min=  6162.101 us/xform  median=  6174.255  sd=  0.11%      1.35 GF/s  setup=0.013 s
fftw1d_estimate          L=100003 B=8     m=1     inner=1      min=  5130.030 us/xform  median=  6684.012  sd= 10.65%      1.62 GF/s  setup=0.013 s
fftw1d_estimate          L=100003 B=8     m=1     inner=1      min=  5885.431 us/xform  median=  7080.107  sd=  6.97%      1.41 GF/s  setup=0.013 s
fftw1d_estimate          L=100003 B=8     m=1     inner=1      min=  5042.495 us/xform  median=  5048.379  sd=  0.09%      1.65 GF/s  setup=0.014 s
fftw1d_estimate          L=100003 B=8     m=1     inner=1      min=  6878.072 us/xform  median=  6878.986  sd=  0.02%      1.21 GF/s  setup=0.013 s
fftw1d_estimate          L=100003 B=8     m=1     inner=1      min=  4975.020 us/xform  median=  4981.512  sd=  0.09%      1.67 GF/s  setup=0.013 s
fftw1d_estimate          L=100003 B=8     m=1     inner=1      min=  4972.543 us/xform  median=  4984.518  sd=  0.13%      1.67 GF/s  setup=0.010 s
fftw1d_measure           L=100003 B=8     m=1     inner=1      min=  3009.682 us/xform  median=  3018.240  sd=  0.35%      2.76 GF/s  setup=4.714 s
fftw1d_measure           L=100003 B=8     m=1     inner=1      min=  2876.290 us/xform  median=  2882.657  sd=  0.60%      2.89 GF/s  setup=4.636 s
fftw1d_measure           L=100003 B=8     m=1     inner=1      min=  3020.708 us/xform  median=  3032.688  sd=  0.30%      2.75 GF/s  setup=4.644 s
fftw1d_measure           L=100003 B=8     m=1     inner=1      min=  3097.970 us/xform  median=  3100.268  sd=  0.35%      2.68 GF/s  setup=4.770 s
fftw1d_measure           L=100003 B=8     m=1     inner=1      min=  3050.868 us/xform  median=  3056.831  sd=  0.40%      2.72 GF/s  setup=4.646 s
fftw1d_measure           L=100003 B=8     m=1     inner=1      min=  2860.804 us/xform  median=  2872.272  sd=  1.55%      2.90 GF/s  setup=4.642 s
fftw1d_measure           L=100003 B=8     m=1     inner=1      min=  3070.376 us/xform  median=  3078.004  sd=  0.66%      2.70 GF/s  setup=4.801 s
fftw1d_measure           L=100003 B=8     m=1     inner=1      min=  3147.289 us/xform  median=  3152.362  sd=  0.39%      2.64 GF/s  setup=4.814 s
fftw1d_measure           L=100003 B=8     m=1     inner=1      min=  3123.079 us/xform  median=  3131.821  sd=  0.38%      2.66 GF/s  setup=4.685 s
fftw1d_patient           L=100003 B=8     m=1     inner=1      min=  2807.519 us/xform  median=  2816.870  sd=  0.18%      2.96 GF/s  setup=62.487 s
fftw1d_patient           L=100003 B=8     m=1     inner=1      min=  2837.401 us/xform  median=  2844.232  sd=  0.15%      2.93 GF/s  setup=62.916 s
fftw1d_patient           L=100003 B=8     m=1     inner=1      min=  2848.125 us/xform  median=  2874.764  sd=  0.82%      2.92 GF/s  setup=62.792 s
fftw1d_patient           L=100003 B=8     m=1     inner=1      min=  2870.546 us/xform  median=  2876.122  sd=  0.54%      2.89 GF/s  setup=62.707 s
fftw1d_patient           L=100003 B=8     m=1     inner=1      min=  2808.172 us/xform  median=  2815.918  sd=  0.36%      2.96 GF/s  setup=62.754 s
fftw1d_patient           L=100003 B=8     m=1     inner=1      min=  2899.793 us/xform  median=  2925.160  sd=  0.61%      2.86 GF/s  setup=62.943 s
fftw1d_patient           L=100003 B=8     m=1     inner=1      min=  2873.301 us/xform  median=  2880.377  sd=  0.44%      2.89 GF/s  setup=62.663 s
fftw1d_patient           L=100003 B=8     m=1     inner=1      min=  2827.473 us/xform  median=  2832.615  sd=  0.13%      2.94 GF/s  setup=62.542 s
fftw1d_patient           L=100003 B=8     m=1     inner=1      min=  3043.983 us/xform  median=  3074.691  sd=  0.90%      2.73 GF/s  setup=63.009 s
mkl1d_dfti               L=100003 B=8     m=1     inner=1      min=  4009.564 us/xform  median=  4020.166  sd=  1.67%      2.07 GF/s  setup=0.073 s
mkl1d_dfti               L=100003 B=8     m=1     inner=1      min=  4673.456 us/xform  median=  4678.264  sd=  0.06%      1.78 GF/s  setup=0.044 s
mkl1d_dfti               L=100003 B=8     m=1     inner=1      min=  4008.196 us/xform  median=  4081.721  sd=  1.42%      2.07 GF/s  setup=0.045 s
mkl1d_dfti               L=100003 B=8     m=1     inner=1      min=  4006.781 us/xform  median=  4416.158  sd=  5.27%      2.07 GF/s  setup=0.046 s
mkl1d_dfti               L=100003 B=8     m=1     inner=1      min=  4200.619 us/xform  median=  4204.733  sd=  0.07%      1.98 GF/s  setup=0.025 s
mkl1d_dfti               L=100003 B=8     m=1     inner=1      min=  3542.348 us/xform  median=  3545.075  sd=  1.31%      2.34 GF/s  setup=0.026 s
mkl1d_dfti               L=100003 B=8     m=1     inner=1      min=  3545.535 us/xform  median=  3550.412  sd=  0.40%      2.34 GF/s  setup=0.041 s
mkl1d_dfti               L=100003 B=8     m=1     inner=1      min=  3534.855 us/xform  median=  3537.822  sd=  0.04%      2.35 GF/s  setup=0.023 s
mkl1d_dfti               L=100003 B=8     m=1     inner=1      min=  3532.923 us/xform  median=  3538.736  sd=  0.10%      2.35 GF/s  setup=0.043 s
   skipping baseline_dft at L=65537 B=16 (too expensive to be informative)
d1_bluestein             L=65537 B=16    m=1     inner=1      min=  1865.468 us/xform  median=  1918.507  sd=  9.02%      2.81 GF/s  setup=0.022 s
d1_bluestein             L=65537 B=16    m=1     inner=1      min=  2082.112 us/xform  median=  2082.720  sd=  0.02%      2.52 GF/s  setup=0.026 s
d1_bluestein             L=65537 B=16    m=1     inner=1      min=  2009.803 us/xform  median=  2012.788  sd=  0.06%      2.61 GF/s  setup=0.024 s
d1_bluestein             L=65537 B=16    m=1     inner=1      min=  2090.667 us/xform  median=  2096.784  sd=  0.17%      2.51 GF/s  setup=0.024 s
d1_bluestein             L=65537 B=16    m=1     inner=1      min=  2306.646 us/xform  median=  2310.536  sd=  0.12%      2.27 GF/s  setup=0.024 s
d1_bluestein             L=65537 B=16    m=1     inner=1      min=  2149.021 us/xform  median=  2152.784  sd=  0.24%      2.44 GF/s  setup=0.025 s
d1_bluestein             L=65537 B=16    m=1     inner=1      min=  2035.793 us/xform  median=  2087.471  sd=  1.47%      2.58 GF/s  setup=0.024 s
d1_bluestein             L=65537 B=16    m=1     inner=1      min=  2283.403 us/xform  median=  2285.124  sd=  0.06%      2.30 GF/s  setup=0.023 s
d1_bluestein             L=65537 B=16    m=1     inner=1      min=  2179.759 us/xform  median=  2183.784  sd=  0.08%      2.41 GF/s  setup=0.025 s
d1_planner               L=65537 B=16    m=1     inner=2      min=  1237.248 us/xform  median=  1263.185  sd=  0.60%      4.24 GF/s  setup=0.026 s
d1_planner               L=65537 B=16    m=1     inner=1      min=  1539.406 us/xform  median=  1541.818  sd=  0.08%      3.41 GF/s  setup=0.028 s
d1_planner               L=65537 B=16    m=1     inner=2      min=  1020.641 us/xform  median=  1021.368  sd=  0.11%      5.14 GF/s  setup=0.028 s
d1_planner               L=65537 B=16    m=1     inner=2      min=  1187.956 us/xform  median=  1360.173  sd=  5.43%      4.41 GF/s  setup=0.028 s
d1_planner               L=65537 B=16    m=1     inner=2      min=  1090.983 us/xform  median=  1092.960  sd=  1.29%      4.81 GF/s  setup=0.029 s
d1_planner               L=65537 B=16    m=1     inner=2      min=  1043.684 us/xform  median=  1044.132  sd=  0.06%      5.02 GF/s  setup=0.027 s
d1_planner               L=65537 B=16    m=1     inner=2      min=  1188.298 us/xform  median=  1294.209  sd=  5.64%      4.41 GF/s  setup=0.027 s
d1_planner               L=65537 B=16    m=1     inner=2      min=  1044.731 us/xform  median=  1045.027  sd=  0.08%      5.02 GF/s  setup=0.029 s
d1_planner               L=65537 B=16    m=1     inner=1      min=  1296.127 us/xform  median=  1298.562  sd=  0.08%      4.05 GF/s  setup=0.027 s
d1_race                  L=65537 B=16    m=1     inner=2      min=   947.757 us/xform  median=   948.144  sd=  0.06%      5.53 GF/s  setup=6.999 s
d1_race                  L=65537 B=16    m=1     inner=2      min=   947.891 us/xform  median=   948.365  sd=  0.04%      5.53 GF/s  setup=0.012 s
d1_race                  L=65537 B=16    m=1     inner=2      min=   914.451 us/xform  median=   980.188  sd=  3.36%      5.73 GF/s  setup=0.016 s
d1_race                  L=65537 B=16    m=1     inner=2      min=   888.976 us/xform  median=   889.385  sd=  0.05%      5.90 GF/s  setup=0.022 s
d1_race                  L=65537 B=16    m=1     inner=2      min=   883.714 us/xform  median=   884.324  sd=  0.06%      5.93 GF/s  setup=0.012 s
d1_race                  L=65537 B=16    m=1     inner=2      min=   946.800 us/xform  median=   947.618  sd=  0.06%      5.54 GF/s  setup=0.014 s
d1_race                  L=65537 B=16    m=1     inner=2      min=   881.962 us/xform  median=   882.527  sd=  0.07%      5.94 GF/s  setup=0.013 s
d1_race                  L=65537 B=16    m=1     inner=2      min=   881.597 us/xform  median=   882.474  sd=  0.06%      5.95 GF/s  setup=0.011 s
d1_race                  L=65537 B=16    m=1     inner=2      min=   945.993 us/xform  median=   947.469  sd=  0.08%      5.54 GF/s  setup=0.013 s
d1_rader                 L=65537 B=16    m=1     inner=2      min=  1157.312 us/xform  median=  1158.451  sd=  0.06%      4.53 GF/s  setup=0.006 s
d1_rader                 L=65537 B=16    m=1     inner=1      min=  1311.682 us/xform  median=  1314.465  sd=  0.12%      4.00 GF/s  setup=0.007 s
d1_rader                 L=65537 B=16    m=1     inner=2      min=  1210.396 us/xform  median=  1212.021  sd=  0.15%      4.33 GF/s  setup=0.007 s
d1_rader                 L=65537 B=16    m=1     inner=2      min=   892.797 us/xform  median=   893.795  sd=  2.06%      5.87 GF/s  setup=0.007 s
d1_rader                 L=65537 B=16    m=1     inner=2      min=   893.670 us/xform  median=   895.211  sd=  0.14%      5.87 GF/s  setup=0.005 s
d1_rader                 L=65537 B=16    m=1     inner=2      min=   949.081 us/xform  median=   950.398  sd=  0.08%      5.52 GF/s  setup=0.007 s
d1_rader                 L=65537 B=16    m=1     inner=2      min=  1160.720 us/xform  median=  1161.483  sd=  0.05%      4.52 GF/s  setup=0.006 s
d1_rader                 L=65537 B=16    m=1     inner=2      min=  1212.873 us/xform  median=  1214.688  sd=  0.12%      4.32 GF/s  setup=0.007 s
d1_rader                 L=65537 B=16    m=1     inner=2      min=   946.538 us/xform  median=   947.179  sd=  0.04%      5.54 GF/s  setup=0.007 s
fftw1d_estimate          L=65537 B=16    m=1     inner=1      min=  2435.456 us/xform  median=  2441.217  sd=  0.14%      2.15 GF/s  setup=0.009 s
fftw1d_estimate          L=65537 B=16    m=1     inner=1      min=  1869.576 us/xform  median=  1873.343  sd=  0.10%      2.80 GF/s  setup=0.010 s
fftw1d_estimate          L=65537 B=16    m=1     inner=1      min=  1867.841 us/xform  median=  1870.552  sd=  0.11%      2.81 GF/s  setup=0.009 s
fftw1d_estimate          L=65537 B=16    m=1     inner=1      min=  1864.161 us/xform  median=  1867.223  sd=  0.16%      2.81 GF/s  setup=0.007 s
fftw1d_estimate          L=65537 B=16    m=1     inner=1      min=  1879.398 us/xform  median=  1881.072  sd=  0.07%      2.79 GF/s  setup=0.009 s
fftw1d_estimate          L=65537 B=16    m=1     inner=1      min=  1866.689 us/xform  median=  1868.283  sd=  0.08%      2.81 GF/s  setup=0.009 s
fftw1d_estimate          L=65537 B=16    m=1     inner=1      min=  1866.701 us/xform  median=  1870.155  sd=  0.31%      2.81 GF/s  setup=0.009 s
fftw1d_estimate          L=65537 B=16    m=1     inner=1      min=  1867.694 us/xform  median=  1870.637  sd=  0.07%      2.81 GF/s  setup=0.007 s
fftw1d_estimate          L=65537 B=16    m=1     inner=1      min=  1863.768 us/xform  median=  1866.256  sd=  0.08%      2.81 GF/s  setup=0.007 s
fftw1d_measure           L=65537 B=16    m=1     inner=1      min=  1667.937 us/xform  median=  1669.024  sd=  0.07%      3.14 GF/s  setup=4.245 s
fftw1d_measure           L=65537 B=16    m=1     inner=1      min=  1656.068 us/xform  median=  1659.956  sd=  0.11%      3.17 GF/s  setup=4.390 s
fftw1d_measure           L=65537 B=16    m=1     inner=1      min=  1688.342 us/xform  median=  1690.949  sd=  0.09%      3.11 GF/s  setup=4.462 s
fftw1d_measure           L=65537 B=16    m=1     inner=1      min=  1655.522 us/xform  median=  1656.867  sd=  0.08%      3.17 GF/s  setup=4.379 s
fftw1d_measure           L=65537 B=16    m=1     inner=1      min=  1645.468 us/xform  median=  1650.774  sd=  0.14%      3.19 GF/s  setup=4.213 s
fftw1d_measure           L=65537 B=16    m=1     inner=1      min=  1652.171 us/xform  median=  1654.618  sd=  0.08%      3.17 GF/s  setup=4.220 s
fftw1d_measure           L=65537 B=16    m=1     inner=1      min=  1674.084 us/xform  median=  1676.760  sd=  0.12%      3.13 GF/s  setup=4.455 s
fftw1d_measure           L=65537 B=16    m=1     inner=1      min=  1688.983 us/xform  median=  1690.790  sd=  0.06%      3.10 GF/s  setup=4.283 s
fftw1d_measure           L=65537 B=16    m=1     inner=1      min=  1656.721 us/xform  median=  1660.753  sd=  0.13%      3.16 GF/s  setup=4.410 s
fftw1d_patient           L=65537 B=16    m=1     inner=1      min=  1537.588 us/xform  median=  1539.709  sd=  0.08%      3.41 GF/s  setup=57.812 s
fftw1d_patient           L=65537 B=16    m=1     inner=1      min=  1551.906 us/xform  median=  1555.371  sd=  0.13%      3.38 GF/s  setup=58.284 s
fftw1d_patient           L=65537 B=16    m=1     inner=1      min=  1520.990 us/xform  median=  1522.749  sd=  0.34%      3.45 GF/s  setup=58.022 s
fftw1d_patient           L=65537 B=16    m=1     inner=1      min=  1548.009 us/xform  median=  1549.933  sd=  0.28%      3.39 GF/s  setup=58.041 s
fftw1d_patient           L=65537 B=16    m=1     inner=1      min=  1549.249 us/xform  median=  1551.701  sd=  0.35%      3.38 GF/s  setup=58.074 s
fftw1d_patient           L=65537 B=16    m=1     inner=1      min=  1543.053 us/xform  median=  1545.228  sd=  0.06%      3.40 GF/s  setup=57.899 s
fftw1d_patient           L=65537 B=16    m=1     inner=1      min=  1542.966 us/xform  median=  1544.848  sd=  0.09%      3.40 GF/s  setup=58.482 s
fftw1d_patient           L=65537 B=16    m=1     inner=1      min=  1562.621 us/xform  median=  1565.141  sd=  0.09%      3.36 GF/s  setup=58.497 s
fftw1d_patient           L=65537 B=16    m=1     inner=1      min=  1518.280 us/xform  median=  1520.581  sd=  0.35%      3.45 GF/s  setup=58.010 s
mkl1d_dfti               L=65537 B=16    m=1     inner=1      min=  3410.768 us/xform  median=  4122.060  sd=  6.95%      1.54 GF/s  setup=0.061 s
mkl1d_dfti               L=65537 B=16    m=1     inner=1      min=  3409.654 us/xform  median=  3411.677  sd=  0.05%      1.54 GF/s  setup=0.062 s
mkl1d_dfti               L=65537 B=16    m=1     inner=1      min=  3412.371 us/xform  median=  3414.309  sd=  0.14%      1.54 GF/s  setup=0.063 s
mkl1d_dfti               L=65537 B=16    m=1     inner=1      min=  3406.016 us/xform  median=  3407.750  sd=  0.04%      1.54 GF/s  setup=0.064 s
mkl1d_dfti               L=65537 B=16    m=1     inner=1      min=  3411.921 us/xform  median=  3414.050  sd=  0.03%      1.54 GF/s  setup=0.058 s
mkl1d_dfti               L=65537 B=16    m=1     inner=1      min=  3413.934 us/xform  median=  3415.009  sd=  0.02%      1.54 GF/s  setup=0.062 s
mkl1d_dfti               L=65537 B=16    m=1     inner=1      min=  3404.625 us/xform  median=  3405.761  sd=  0.02%      1.54 GF/s  setup=0.066 s
mkl1d_dfti               L=65537 B=16    m=1     inner=1      min=  3400.834 us/xform  median=  3403.010  sd=  0.03%      1.54 GF/s  setup=0.055 s
mkl1d_dfti               L=65537 B=16    m=1     inner=1      min=  3412.176 us/xform  median=  3415.284  sd=  0.04%      1.54 GF/s  setup=0.055 s
   skipping baseline_dft at L=16384 B=64 (too expensive to be informative)
d1_bluestein             L=16384 B=64    m=150   inner=1      min=   130.882 us/xform  median=   130.923  sd=  0.03%      8.76 GF/s  setup=0.003 s
d1_bluestein             L=16384 B=64    m=150   inner=1      min=   130.523 us/xform  median=   130.557  sd=  0.03%      8.79 GF/s  setup=0.004 s
d1_bluestein             L=16384 B=64    m=150   inner=1      min=   130.468 us/xform  median=   130.503  sd=  0.03%      8.79 GF/s  setup=0.003 s
d1_bluestein             L=16384 B=64    m=2     inner=1      min=   145.602 us/xform  median=   145.602  sd=  0.00%      7.88 GF/s  setup=0.003 s
d1_planner               L=16384 B=64    m=150   inner=1      min=    39.678 us/xform  median=    39.683  sd=  0.05%     28.90 GF/s  setup=0.003 s
d1_planner               L=16384 B=64    m=150   inner=1      min=    38.231 us/xform  median=    38.238  sd=  0.05%     30.00 GF/s  setup=0.003 s
d1_planner               L=16384 B=64    m=150   inner=1      min=    39.193 us/xform  median=    39.196  sd=  0.05%     29.26 GF/s  setup=0.003 s
d1_planner               L=16384 B=64    m=2     inner=1      min=    76.488 us/xform  median=    76.488  sd=  0.00%     14.99 GF/s  setup=0.003 s
d1_pow2                  L=16384 B=64    m=150   inner=1      min=    47.365 us/xform  median=    47.396  sd=  0.06%     24.21 GF/s  setup=0.003 s
d1_pow2                  L=16384 B=64    m=150   inner=1      min=    47.119 us/xform  median=    47.137  sd=  0.05%     24.34 GF/s  setup=0.003 s
d1_pow2                  L=16384 B=64    m=150   inner=1      min=    47.450 us/xform  median=    47.482  sd=  0.05%     24.17 GF/s  setup=0.003 s
d1_pow2                  L=16384 B=64    m=2     inner=1      min=    71.767 us/xform  median=    71.767  sd=  0.00%     15.98 GF/s  setup=0.003 s
d1_race                  L=16384 B=64    m=150   inner=1      min=    38.356 us/xform  median=    38.359  sd=  0.04%     29.90 GF/s  setup=2.248 s
d1_race                  L=16384 B=64    m=150   inner=1      min=    37.970 us/xform  median=    37.974  sd=  0.04%     30.21 GF/s  setup=0.020 s
d1_race                  L=16384 B=64    m=150   inner=1      min=    38.406 us/xform  median=    38.414  sd=  0.04%     29.86 GF/s  setup=0.011 s
d1_race                  L=16384 B=64    m=2     inner=1      min=    69.074 us/xform  median=    69.074  sd=  0.00%     16.60 GF/s  setup=0.008 s
d1_twiddle               L=16384 B=64    m=150   inner=1      min=    53.392 us/xform  median=    53.429  sd=  0.05%     21.48 GF/s  setup=0.001 s
d1_twiddle               L=16384 B=64    m=150   inner=1      min=    53.602 us/xform  median=    53.615  sd=  0.06%     21.40 GF/s  setup=0.001 s
d1_twiddle               L=16384 B=64    m=150   inner=1      min=    53.160 us/xform  median=    53.173  sd=  0.04%     21.57 GF/s  setup=0.001 s
d1_twiddle               L=16384 B=64    m=2     inner=1      min=    74.711 us/xform  median=    74.711  sd=  0.00%     15.35 GF/s  setup=0.001 s
fftw1d_estimate          L=16384 B=64    m=150   inner=1      min=   146.031 us/xform  median=   146.121  sd=  0.03%      7.85 GF/s  setup=0.001 s
fftw1d_estimate          L=16384 B=64    m=150   inner=1      min=   145.959 us/xform  median=   146.031  sd=  0.04%      7.86 GF/s  setup=0.001 s
fftw1d_estimate          L=16384 B=64    m=150   inner=1      min=   146.620 us/xform  median=   146.713  sd=  0.02%      7.82 GF/s  setup=0.001 s
fftw1d_estimate          L=16384 B=64    m=2     inner=1      min=   158.926 us/xform  median=   158.926  sd=  0.00%      7.22 GF/s  setup=0.001 s
fftw1d_measure           L=16384 B=64    m=150   inner=1      min=   120.006 us/xform  median=   120.071  sd=  0.05%      9.56 GF/s  setup=0.567 s
fftw1d_measure           L=16384 B=64    m=150   inner=1      min=   121.130 us/xform  median=   121.203  sd=  0.04%      9.47 GF/s  setup=0.619 s
fftw1d_measure           L=16384 B=64    m=150   inner=1      min=   118.931 us/xform  median=   118.960  sd=  0.03%      9.64 GF/s  setup=0.564 s
fftw1d_measure           L=16384 B=64    m=2     inner=1      min=   136.761 us/xform  median=   136.761  sd=  0.00%      8.39 GF/s  setup=0.568 s
fftw1d_patient           L=16384 B=64    m=150   inner=1      min=   105.381 us/xform  median=   105.448  sd=  0.02%     10.88 GF/s  setup=68.865 s
fftw1d_patient           L=16384 B=64    m=150   inner=1      min=    98.902 us/xform  median=    98.962  sd=  0.02%     11.60 GF/s  setup=66.951 s
fftw1d_patient           L=16384 B=64    m=150   inner=1      min=    98.769 us/xform  median=    98.817  sd=  0.02%     11.61 GF/s  setup=66.905 s
fftw1d_patient           L=16384 B=64    m=2     inner=1      min=   110.043 us/xform  median=   110.043  sd=  0.00%     10.42 GF/s  setup=67.072 s
mkl1d_dfti               L=16384 B=64    m=150   inner=1      min=   103.064 us/xform  median=   103.151  sd=  0.04%     11.13 GF/s  setup=0.004 s
mkl1d_dfti               L=16384 B=64    m=150   inner=1      min=   103.882 us/xform  median=   103.933  sd=  0.02%     11.04 GF/s  setup=0.003 s
mkl1d_dfti               L=16384 B=64    m=150   inner=1      min=   102.499 us/xform  median=   102.536  sd=  0.04%     11.19 GF/s  setup=0.003 s
mkl1d_dfti               L=16384 B=64    m=2     inner=1      min=   121.071 us/xform  median=   121.071  sd=  0.00%      9.47 GF/s  setup=0.002 s
   skipping baseline_dft at L=65537 B=16 (too expensive to be informative)
d1_bluestein             L=65537 B=16    m=20    inner=1      min=  1809.153 us/xform  median=  1810.652  sd=  0.06%      2.90 GF/s  setup=0.023 s
d1_bluestein             L=65537 B=16    m=20    inner=1      min=  1840.108 us/xform  median=  1840.933  sd=  0.05%      2.85 GF/s  setup=0.022 s
d1_bluestein             L=65537 B=16    m=20    inner=1      min=  1846.400 us/xform  median=  1847.075  sd=  0.05%      2.84 GF/s  setup=0.019 s
d1_bluestein             L=65537 B=16    m=2     inner=1      min=  2574.727 us/xform  median=  2574.727  sd=  0.00%      2.04 GF/s  setup=0.022 s
d1_planner               L=65537 B=16    m=20    inner=1      min=   759.895 us/xform  median=   760.265  sd=  0.08%      6.90 GF/s  setup=0.023 s
d1_planner               L=65537 B=16    m=20    inner=1      min=   701.307 us/xform  median=   701.495  sd=  1.25%      7.48 GF/s  setup=0.026 s
d1_planner               L=65537 B=16    m=20    inner=1      min=   760.375 us/xform  median=   760.830  sd=  0.07%      6.90 GF/s  setup=0.025 s
d1_planner               L=65537 B=16    m=2     inner=1      min=  1153.845 us/xform  median=  1153.845  sd=  0.00%      4.54 GF/s  setup=0.023 s
d1_race                  L=65537 B=16    m=20    inner=1      min=   745.391 us/xform  median=   745.513  sd=  0.01%      7.03 GF/s  setup=0.014 s
d1_race                  L=65537 B=16    m=20    inner=1      min=   747.362 us/xform  median=   747.550  sd=  0.06%      7.02 GF/s  setup=0.012 s
d1_race                  L=65537 B=16    m=20    inner=1      min=   712.235 us/xform  median=   712.413  sd=  0.07%      7.36 GF/s  setup=0.019 s
d1_race                  L=65537 B=16    m=2     inner=1      min=  1097.777 us/xform  median=  1097.777  sd=  0.00%      4.78 GF/s  setup=0.014 s
d1_rader                 L=65537 B=16    m=20    inner=1      min=   684.080 us/xform  median=   684.286  sd=  0.08%      7.66 GF/s  setup=0.005 s
d1_rader                 L=65537 B=16    m=20    inner=1      min=   716.954 us/xform  median=   717.126  sd=  0.06%      7.31 GF/s  setup=0.006 s
d1_rader                 L=65537 B=16    m=20    inner=1      min=   687.045 us/xform  median=   687.141  sd=  0.06%      7.63 GF/s  setup=0.006 s
d1_rader                 L=65537 B=16    m=2     inner=1      min=  1167.756 us/xform  median=  1167.756  sd=  0.00%      4.49 GF/s  setup=0.006 s
fftw1d_estimate          L=65537 B=16    m=20    inner=1      min=  2088.649 us/xform  median=  2090.508  sd=  0.05%      2.51 GF/s  setup=0.007 s
fftw1d_estimate          L=65537 B=16    m=20    inner=1      min=  2087.070 us/xform  median=  2089.254  sd=  0.04%      2.51 GF/s  setup=0.009 s
fftw1d_estimate          L=65537 B=16    m=20    inner=1      min=  2092.826 us/xform  median=  2094.643  sd=  0.03%      2.51 GF/s  setup=0.009 s
fftw1d_estimate          L=65537 B=16    m=2     inner=1      min=  2771.968 us/xform  median=  2771.968  sd=  0.00%      1.89 GF/s  setup=0.009 s
fftw1d_measure           L=65537 B=16    m=20    inner=1      min=  1913.821 us/xform  median=  1915.444  sd=  0.04%      2.74 GF/s  setup=4.434 s
fftw1d_measure           L=65537 B=16    m=20    inner=1      min=  1893.427 us/xform  median=  1895.262  sd=  0.05%      2.77 GF/s  setup=4.526 s
fftw1d_measure           L=65537 B=16    m=20    inner=1      min=  1888.925 us/xform  median=  1890.454  sd=  0.04%      2.78 GF/s  setup=4.420 s
fftw1d_measure           L=65537 B=16    m=2     inner=1      min=  1921.111 us/xform  median=  1921.111  sd=  0.00%      2.73 GF/s  setup=4.247 s
fftw1d_patient           L=65537 B=16    m=20    inner=1      min=  1761.450 us/xform  median=  1762.774  sd=  0.05%      2.98 GF/s  setup=58.080 s
fftw1d_patient           L=65537 B=16    m=20    inner=1      min=  1764.268 us/xform  median=  1765.730  sd=  0.05%      2.97 GF/s  setup=57.774 s
fftw1d_patient           L=65537 B=16    m=20    inner=1      min=  1737.620 us/xform  median=  1739.081  sd=  0.04%      3.02 GF/s  setup=58.058 s
fftw1d_patient           L=65537 B=16    m=2     inner=1      min=  1814.128 us/xform  median=  1814.128  sd=  0.00%      2.89 GF/s  setup=57.920 s
mkl1d_dfti               L=65537 B=16    m=20    inner=1      min=  3606.923 us/xform  median=  3608.262  sd=  0.04%      1.45 GF/s  setup=0.067 s
mkl1d_dfti               L=65537 B=16    m=20    inner=1      min=  3609.156 us/xform  median=  3611.754  sd=  0.06%      1.45 GF/s  setup=0.062 s
mkl1d_dfti               L=65537 B=16    m=20    inner=1      min=  3604.109 us/xform  median=  3605.808  sd=  0.04%      1.45 GF/s  setup=0.060 s
mkl1d_dfti               L=65537 B=16    m=2     inner=1      min=  3791.000 us/xform  median=  3791.000  sd=  0.00%      1.38 GF/s  setup=0.056 s
   skipping baseline_dft at L=1021 B=256 (too expensive to be informative)
d1_bluestein             L=1021 B=256   m=400   inner=1      min=     8.787 us/xform  median=     8.790  sd=  0.01%      5.81 GF/s  setup=0.002 s
d1_bluestein             L=1021 B=256   m=400   inner=1      min=     8.682 us/xform  median=     8.685  sd=  0.01%      5.88 GF/s  setup=0.002 s
d1_bluestein             L=1021 B=256   m=400   inner=1      min=     8.872 us/xform  median=     8.874  sd=  0.02%      5.75 GF/s  setup=0.002 s
d1_bluestein             L=1021 B=256   m=2     inner=1      min=    10.802 us/xform  median=    10.802  sd=  0.00%      4.72 GF/s  setup=0.002 s
d1_planner               L=1021 B=256   m=400   inner=1      min=     6.300 us/xform  median=     6.301  sd=  0.02%      8.10 GF/s  setup=0.001 s
d1_planner               L=1021 B=256   m=400   inner=1      min=     6.303 us/xform  median=     6.304  sd=  0.02%      8.10 GF/s  setup=0.001 s
d1_planner               L=1021 B=256   m=400   inner=1      min=     6.336 us/xform  median=     6.337  sd=  0.01%      8.05 GF/s  setup=0.001 s
d1_planner               L=1021 B=256   m=2     inner=1      min=    10.716 us/xform  median=    10.716  sd=  0.00%      4.76 GF/s  setup=0.001 s
d1_race                  L=1021 B=256   m=400   inner=1      min=     6.281 us/xform  median=     6.284  sd=  0.04%      8.12 GF/s  setup=2.002 s
d1_race                  L=1021 B=256   m=400   inner=1      min=     6.303 us/xform  median=     6.307  sd=  0.03%      8.10 GF/s  setup=0.016 s
d1_race                  L=1021 B=256   m=400   inner=1      min=     6.291 us/xform  median=     6.293  sd=  0.01%      8.11 GF/s  setup=0.015 s
d1_race                  L=1021 B=256   m=2     inner=1      min=     8.883 us/xform  median=     8.883  sd=  0.00%      5.74 GF/s  setup=0.006 s
d1_rader                 L=1021 B=256   m=400   inner=1      min=     6.981 us/xform  median=     6.983  sd=  0.01%      7.31 GF/s  setup=0.000 s
d1_rader                 L=1021 B=256   m=400   inner=1      min=     7.101 us/xform  median=     7.103  sd=  0.02%      7.19 GF/s  setup=0.000 s
d1_rader                 L=1021 B=256   m=400   inner=1      min=     7.024 us/xform  median=     7.027  sd=  0.04%      7.27 GF/s  setup=0.000 s
d1_rader                 L=1021 B=256   m=2     inner=1      min=    10.199 us/xform  median=    10.199  sd=  0.00%      5.00 GF/s  setup=0.000 s
fftw1d_estimate          L=1021 B=256   m=400   inner=1      min=    16.481 us/xform  median=    16.503  sd=  0.07%      3.10 GF/s  setup=0.001 s
fftw1d_estimate          L=1021 B=256   m=400   inner=1      min=    16.497 us/xform  median=    16.515  sd=  0.05%      3.09 GF/s  setup=0.001 s
fftw1d_estimate          L=1021 B=256   m=400   inner=1      min=    16.523 us/xform  median=    16.539  sd=  0.07%      3.09 GF/s  setup=0.001 s
fftw1d_estimate          L=1021 B=256   m=2     inner=1      min=    18.177 us/xform  median=    18.177  sd=  0.00%      2.81 GF/s  setup=0.001 s
fftw1d_measure           L=1021 B=256   m=400   inner=1      min=    15.926 us/xform  median=    15.933  sd=  0.02%      3.20 GF/s  setup=0.287 s
fftw1d_measure           L=1021 B=256   m=400   inner=1      min=    15.609 us/xform  median=    15.613  sd=  0.01%      3.27 GF/s  setup=0.294 s
fftw1d_measure           L=1021 B=256   m=400   inner=1      min=    15.539 us/xform  median=    15.541  sd=  0.01%      3.28 GF/s  setup=0.296 s
fftw1d_measure           L=1021 B=256   m=2     inner=1      min=    16.715 us/xform  median=    16.715  sd=  0.00%      3.05 GF/s  setup=0.287 s
fftw1d_patient           L=1021 B=256   m=400   inner=1      min=    15.721 us/xform  median=    15.730  sd=  0.03%      3.25 GF/s  setup=2.951 s
fftw1d_patient           L=1021 B=256   m=400   inner=1      min=    16.154 us/xform  median=    16.159  sd=  0.03%      3.16 GF/s  setup=2.951 s
fftw1d_patient           L=1021 B=256   m=400   inner=1      min=    15.570 us/xform  median=    15.572  sd=  0.06%      3.28 GF/s  setup=2.956 s
fftw1d_patient           L=1021 B=256   m=2     inner=1      min=    16.767 us/xform  median=    16.767  sd=  0.00%      3.04 GF/s  setup=2.952 s
mkl1d_dfti               L=1021 B=256   m=400   inner=1      min=    12.398 us/xform  median=    12.409  sd=  0.03%      4.12 GF/s  setup=0.049 s
mkl1d_dfti               L=1021 B=256   m=400   inner=1      min=    12.394 us/xform  median=    12.395  sd=  0.04%      4.12 GF/s  setup=0.048 s
mkl1d_dfti               L=1021 B=256   m=400   inner=1      min=    12.397 us/xform  median=    12.406  sd=  0.03%      4.12 GF/s  setup=0.047 s
mkl1d_dfti               L=1021 B=256   m=2     inner=1      min=    21.749 us/xform  median=    21.749  sd=  0.00%      2.35 GF/s  setup=0.053 s
   skipping baseline_dft at L=100003 B=1 (too expensive to be informative)
d1_bluestein             L=100003 B=1     m=40    inner=1      min=  2363.231 us/xform  median=  2363.735  sd=  0.02%      3.51 GF/s  setup=0.032 s
d1_bluestein             L=100003 B=1     m=40    inner=1      min=  2323.688 us/xform  median=  2326.030  sd= 14.95%      3.57 GF/s  setup=0.034 s
d1_bluestein             L=100003 B=1     m=40    inner=1      min=  2333.545 us/xform  median=  2334.003  sd=  0.03%      3.56 GF/s  setup=0.023 s
d1_bluestein             L=100003 B=1     m=2     inner=1      min=  2786.729 us/xform  median=  2786.729  sd=  0.00%      2.98 GF/s  setup=0.028 s
d1_planner               L=100003 B=1     m=40    inner=1      min=  2806.957 us/xform  median=  2810.298  sd=  3.29%      2.96 GF/s  setup=0.059 s
d1_planner               L=100003 B=1     m=40    inner=1      min=  2804.445 us/xform  median=  2805.110  sd=  0.04%      2.96 GF/s  setup=0.048 s
d1_planner               L=100003 B=1     m=40    inner=1      min=  2804.599 us/xform  median=  2806.051  sd=  0.05%      2.96 GF/s  setup=0.048 s
d1_planner               L=100003 B=1     m=2     inner=1      min=  6219.513 us/xform  median=  6219.513  sd=  0.00%      1.34 GF/s  setup=0.064 s
d1_race                  L=100003 B=1     m=40    inner=1      min=  2323.608 us/xform  median=  2324.171  sd=  0.01%      3.57 GF/s  setup=5.910 s
d1_race                  L=100003 B=1     m=40    inner=1      min=  2324.501 us/xform  median=  2324.696  sd=  0.02%      3.57 GF/s  setup=0.044 s
d1_race                  L=100003 B=1     m=40    inner=1      min=  2328.425 us/xform  median=  2328.753  sd=  0.03%      3.57 GF/s  setup=0.037 s
d1_race                  L=100003 B=1     m=2     inner=1      min=  2412.071 us/xform  median=  2412.071  sd=  0.00%      3.44 GF/s  setup=0.034 s
fftw1d_estimate          L=100003 B=1     m=40    inner=1      min=  5417.692 us/xform  median=  5422.546  sd=  0.16%      1.53 GF/s  setup=0.012 s
fftw1d_estimate          L=100003 B=1     m=40    inner=1      min=  5163.495 us/xform  median=  5166.637  sd=  0.04%      1.61 GF/s  setup=0.014 s
fftw1d_estimate          L=100003 B=1     m=40    inner=1      min=  5276.303 us/xform  median=  5282.241  sd=  0.06%      1.57 GF/s  setup=0.014 s
fftw1d_estimate          L=100003 B=1     m=2     inner=1      min=  6112.359 us/xform  median=  6112.359  sd=  0.00%      1.36 GF/s  setup=0.014 s
fftw1d_measure           L=100003 B=1     m=40    inner=1      min=  3270.372 us/xform  median=  3274.725  sd=  0.09%      2.54 GF/s  setup=4.799 s
fftw1d_measure           L=100003 B=1     m=40    inner=1      min=  3237.015 us/xform  median=  3241.372  sd=  0.11%      2.57 GF/s  setup=4.656 s
fftw1d_measure           L=100003 B=1     m=40    inner=1      min=  3455.487 us/xform  median=  3457.508  sd=  0.08%      2.40 GF/s  setup=4.828 s
fftw1d_measure           L=100003 B=1     m=2     inner=1      min=  3369.041 us/xform  median=  3369.041  sd=  0.00%      2.47 GF/s  setup=4.691 s
fftw1d_patient           L=100003 B=1     m=40    inner=1      min=  3358.415 us/xform  median=  3362.550  sd=  0.07%      2.47 GF/s  setup=62.959 s
fftw1d_patient           L=100003 B=1     m=40    inner=1      min=  3377.795 us/xform  median=  3386.178  sd=  0.21%      2.46 GF/s  setup=62.965 s
fftw1d_patient           L=100003 B=1     m=40    inner=1      min=  3376.771 us/xform  median=  3380.972  sd=  0.05%      2.46 GF/s  setup=62.973 s
fftw1d_patient           L=100003 B=1     m=2     inner=1      min=  3262.090 us/xform  median=  3262.090  sd=  0.00%      2.55 GF/s  setup=62.915 s
mkl1d_dfti               L=100003 B=1     m=40    inner=1      min=  3854.380 us/xform  median=  3869.477  sd=  0.26%      2.15 GF/s  setup=0.014 s
mkl1d_dfti               L=100003 B=1     m=40    inner=1      min=  3847.518 us/xform  median=  3853.080  sd=  0.13%      2.16 GF/s  setup=0.011 s
mkl1d_dfti               L=100003 B=1     m=40    inner=1      min=  3861.807 us/xform  median=  3870.986  sd=  0.22%      2.15 GF/s  setup=0.011 s
mkl1d_dfti               L=100003 B=1     m=2     inner=1      min=  4607.767 us/xform  median=  4607.767  sd=  0.00%      1.80 GF/s  setup=0.013 s
   skipping baseline_dft at L=65537 B=1 (too expensive to be informative)
d1_bluestein             L=65537 B=1     m=60    inner=1      min=  1535.659 us/xform  median=  1535.821  sd= 13.83%      3.41 GF/s  setup=0.022 s
d1_bluestein             L=65537 B=1     m=60    inner=1      min=  1532.384 us/xform  median=  2006.276  sd=  9.96%      3.42 GF/s  setup=0.026 s
d1_bluestein             L=65537 B=1     m=60    inner=1      min=  1560.389 us/xform  median=  1560.665  sd=  0.01%      3.36 GF/s  setup=0.028 s
d1_bluestein             L=65537 B=1     m=2     inner=1      min=  1859.936 us/xform  median=  1859.936  sd=  0.00%      2.82 GF/s  setup=0.022 s
d1_planner               L=65537 B=1     m=60    inner=1      min=   749.681 us/xform  median=   750.033  sd=  0.02%      6.99 GF/s  setup=0.026 s
d1_planner               L=65537 B=1     m=60    inner=1      min=   664.514 us/xform  median=   664.612  sd=  0.03%      7.89 GF/s  setup=0.029 s
d1_planner               L=65537 B=1     m=60    inner=1      min=   746.279 us/xform  median=   746.654  sd=  0.02%      7.03 GF/s  setup=0.028 s
d1_planner               L=65537 B=1     m=2     inner=1      min=  1020.197 us/xform  median=  1020.197  sd=  0.00%      5.14 GF/s  setup=0.026 s
d1_race                  L=65537 B=1     m=60    inner=1      min=   657.657 us/xform  median=   657.953  sd=  0.02%      7.97 GF/s  setup=3.061 s
d1_race                  L=65537 B=1     m=60    inner=1      min=   654.065 us/xform  median=   654.250  sd=  0.07%      8.02 GF/s  setup=0.012 s
d1_race                  L=65537 B=1     m=60    inner=1      min=   655.016 us/xform  median=   655.164  sd=  0.01%      8.00 GF/s  setup=0.011 s
d1_race                  L=65537 B=1     m=2     inner=1      min=  1021.625 us/xform  median=  1021.625  sd=  0.00%      5.13 GF/s  setup=0.013 s
d1_rader                 L=65537 B=1     m=60    inner=1      min=   740.308 us/xform  median=   740.525  sd=  0.02%      7.08 GF/s  setup=0.006 s
d1_rader                 L=65537 B=1     m=60    inner=1      min=   736.639 us/xform  median=   736.976  sd=  0.02%      7.12 GF/s  setup=0.007 s
d1_rader                 L=65537 B=1     m=60    inner=1      min=   728.764 us/xform  median=   728.971  sd=  0.02%      7.19 GF/s  setup=0.007 s
d1_rader                 L=65537 B=1     m=2     inner=1      min=  1031.870 us/xform  median=  1031.870  sd=  0.00%      5.08 GF/s  setup=0.006 s
fftw1d_estimate          L=65537 B=1     m=60    inner=1      min=  1893.515 us/xform  median=  1895.450  sd= 10.07%      2.77 GF/s  setup=0.009 s
fftw1d_estimate          L=65537 B=1     m=60    inner=1      min=  1904.340 us/xform  median=  1904.943  sd=  0.04%      2.75 GF/s  setup=0.010 s
fftw1d_estimate          L=65537 B=1     m=60    inner=1      min=  1903.712 us/xform  median=  1904.384  sd=  0.03%      2.75 GF/s  setup=0.007 s
fftw1d_estimate          L=65537 B=1     m=2     inner=1      min=  2202.117 us/xform  median=  2202.117  sd=  0.00%      2.38 GF/s  setup=0.008 s
fftw1d_measure           L=65537 B=1     m=60    inner=1      min=  1766.741 us/xform  median=  1767.844  sd=  0.04%      2.97 GF/s  setup=4.485 s
fftw1d_measure           L=65537 B=1     m=60    inner=1      min=  1729.488 us/xform  median=  1730.720  sd=  0.05%      3.03 GF/s  setup=4.364 s
fftw1d_measure           L=65537 B=1     m=60    inner=1      min=  1734.269 us/xform  median=  1735.339  sd=  0.04%      3.02 GF/s  setup=4.264 s
fftw1d_measure           L=65537 B=1     m=2     inner=1      min=  1766.528 us/xform  median=  1766.528  sd=  0.00%      2.97 GF/s  setup=4.342 s
fftw1d_patient           L=65537 B=1     m=60    inner=1      min=  1623.854 us/xform  median=  1625.893  sd=  0.05%      3.23 GF/s  setup=57.939 s
fftw1d_patient           L=65537 B=1     m=60    inner=1      min=  1621.201 us/xform  median=  1622.001  sd=  0.04%      3.23 GF/s  setup=57.845 s
fftw1d_patient           L=65537 B=1     m=60    inner=1      min=  1672.823 us/xform  median=  1673.688  sd=  0.03%      3.13 GF/s  setup=58.518 s
fftw1d_patient           L=65537 B=1     m=2     inner=1      min=  1663.132 us/xform  median=  1663.132  sd=  0.00%      3.15 GF/s  setup=58.019 s
mkl1d_dfti               L=65537 B=1     m=60    inner=1      min=  3427.313 us/xform  median=  3428.032  sd=  0.04%      1.53 GF/s  setup=0.010 s
mkl1d_dfti               L=65537 B=1     m=60    inner=1      min=  3451.881 us/xform  median=  3458.742  sd=  0.16%      1.52 GF/s  setup=0.009 s
mkl1d_dfti               L=65537 B=1     m=60    inner=1      min=  3640.264 us/xform  median=  3645.625  sd=  0.20%      1.44 GF/s  setup=0.013 s
mkl1d_dfti               L=65537 B=1     m=2     inner=1      min=  3700.946 us/xform  median=  3700.946  sd=  0.00%      1.42 GF/s  setup=0.010 s
   skipping baseline_dft at L=10007 B=64 (too expensive to be informative)
d1_bluestein             L=10007 B=64    m=1     inner=4      min=   133.615 us/xform  median=   152.972  sd=  4.03%      4.98 GF/s  setup=0.007 s
d1_bluestein             L=10007 B=64    m=1     inner=4      min=   113.797 us/xform  median=   113.836  sd=  0.23%      5.84 GF/s  setup=0.008 s
d1_bluestein             L=10007 B=64    m=1     inner=4      min=   113.207 us/xform  median=   113.251  sd=  0.02%      5.87 GF/s  setup=0.006 s
d1_bluestein             L=10007 B=64    m=1     inner=4      min=   130.321 us/xform  median=   152.793  sd=  6.86%      5.10 GF/s  setup=0.008 s
d1_bluestein             L=10007 B=64    m=1     inner=4      min=   114.112 us/xform  median=   114.179  sd=  0.27%      5.83 GF/s  setup=0.008 s
d1_bluestein             L=10007 B=64    m=1     inner=4      min=   113.588 us/xform  median=   113.650  sd=  0.03%      5.85 GF/s  setup=0.006 s
d1_bluestein             L=10007 B=64    m=1     inner=4      min=   113.959 us/xform  median=   113.993  sd=  0.03%      5.83 GF/s  setup=0.006 s
d1_bluestein             L=10007 B=64    m=1     inner=4      min=   114.023 us/xform  median=   114.071  sd=  0.03%      5.83 GF/s  setup=0.008 s
d1_bluestein             L=10007 B=64    m=1     inner=4      min=   113.770 us/xform  median=   113.836  sd=  0.04%      5.84 GF/s  setup=0.006 s
d1_planner               L=10007 B=64    m=1     inner=4      min=   131.527 us/xform  median=   152.603  sd=  4.41%      5.06 GF/s  setup=0.007 s
d1_planner               L=10007 B=64    m=1     inner=4      min=   152.074 us/xform  median=   152.126  sd=  0.07%      4.37 GF/s  setup=0.007 s
d1_planner               L=10007 B=64    m=1     inner=2      min=   159.663 us/xform  median=   159.807  sd=  0.05%      4.16 GF/s  setup=0.008 s
d1_planner               L=10007 B=64    m=1     inner=4      min=   153.246 us/xform  median=   153.280  sd=  0.07%      4.34 GF/s  setup=0.008 s
d1_planner               L=10007 B=64    m=1     inner=4      min=   136.872 us/xform  median=   139.948  sd=  0.86%      4.86 GF/s  setup=0.008 s
d1_planner               L=10007 B=64    m=1     inner=4      min=   154.284 us/xform  median=   154.478  sd=  0.09%      4.31 GF/s  setup=0.008 s
d1_planner               L=10007 B=64    m=1     inner=4      min=   155.475 us/xform  median=   155.606  sd=  0.08%      4.28 GF/s  setup=0.007 s
d1_planner               L=10007 B=64    m=1     inner=4      min=   155.507 us/xform  median=   155.586  sd=  0.02%      4.28 GF/s  setup=0.008 s
d1_planner               L=10007 B=64    m=1     inner=2      min=   157.060 us/xform  median=   157.174  sd=  0.14%      4.23 GF/s  setup=0.008 s
d1_race                  L=10007 B=64    m=1     inner=4      min=   111.847 us/xform  median=   111.912  sd=  0.03%      5.94 GF/s  setup=4.614 s
d1_race                  L=10007 B=64    m=1     inner=4      min=   112.922 us/xform  median=   112.953  sd=  0.03%      5.89 GF/s  setup=0.028 s
d1_race                  L=10007 B=64    m=1     inner=4      min=   113.421 us/xform  median=   113.498  sd=  0.05%      5.86 GF/s  setup=0.019 s
d1_race                  L=10007 B=64    m=1     inner=4      min=   113.092 us/xform  median=   113.138  sd=  0.27%      5.88 GF/s  setup=0.018 s
d1_race                  L=10007 B=64    m=1     inner=4      min=   112.422 us/xform  median=   112.455  sd=  0.74%      5.91 GF/s  setup=0.026 s
d1_race                  L=10007 B=64    m=1     inner=4      min=   113.081 us/xform  median=   113.124  sd=  0.28%      5.88 GF/s  setup=0.022 s
d1_race                  L=10007 B=64    m=1     inner=4      min=   112.585 us/xform  median=   112.616  sd=  0.02%      5.91 GF/s  setup=0.023 s
d1_race                  L=10007 B=64    m=1     inner=4      min=   112.585 us/xform  median=   112.639  sd=  0.02%      5.91 GF/s  setup=0.022 s
d1_race                  L=10007 B=64    m=1     inner=4      min=   114.117 us/xform  median=   114.149  sd=  0.17%      5.83 GF/s  setup=0.025 s
fftw1d_estimate          L=10007 B=64    m=1     inner=1      min=   359.550 us/xform  median=   360.127  sd=  0.07%      1.85 GF/s  setup=0.002 s
fftw1d_estimate          L=10007 B=64    m=1     inner=1      min=   452.141 us/xform  median=   452.616  sd=  0.09%      1.47 GF/s  setup=0.002 s
fftw1d_estimate          L=10007 B=64    m=1     inner=1      min=   358.304 us/xform  median=   359.298  sd=  0.12%      1.86 GF/s  setup=0.002 s
fftw1d_estimate          L=10007 B=64    m=1     inner=1      min=   448.762 us/xform  median=   449.170  sd=  0.11%      1.48 GF/s  setup=0.002 s
fftw1d_estimate          L=10007 B=64    m=1     inner=1      min=   447.306 us/xform  median=   447.936  sd=  0.07%      1.49 GF/s  setup=0.003 s
fftw1d_estimate          L=10007 B=64    m=1     inner=1      min=   447.996 us/xform  median=   448.279  sd=  0.06%      1.48 GF/s  setup=0.002 s
fftw1d_estimate          L=10007 B=64    m=1     inner=1      min=   456.844 us/xform  median=   457.513  sd=  0.20%      1.46 GF/s  setup=0.003 s
fftw1d_estimate          L=10007 B=64    m=1     inner=1      min=   367.967 us/xform  median=   368.440  sd=  0.06%      1.81 GF/s  setup=0.002 s
fftw1d_estimate          L=10007 B=64    m=1     inner=1      min=   365.859 us/xform  median=   366.191  sd=  0.07%      1.82 GF/s  setup=0.002 s
fftw1d_measure           L=10007 B=64    m=1     inner=2      min=   219.929 us/xform  median=   220.850  sd=  0.22%      3.02 GF/s  setup=1.147 s
fftw1d_measure           L=10007 B=64    m=1     inner=2      min=   221.642 us/xform  median=   222.463  sd=  0.16%      3.00 GF/s  setup=1.142 s
fftw1d_measure           L=10007 B=64    m=1     inner=2      min=   217.507 us/xform  median=   218.107  sd=  0.22%      3.06 GF/s  setup=1.135 s
fftw1d_measure           L=10007 B=64    m=1     inner=2      min=   216.171 us/xform  median=   216.964  sd=  0.22%      3.08 GF/s  setup=1.134 s
fftw1d_measure           L=10007 B=64    m=1     inner=2      min=   216.846 us/xform  median=   218.287  sd=  0.35%      3.07 GF/s  setup=1.144 s
fftw1d_measure           L=10007 B=64    m=1     inner=2      min=   217.193 us/xform  median=   217.899  sd=  0.12%      3.06 GF/s  setup=1.143 s
fftw1d_measure           L=10007 B=64    m=1     inner=2      min=   217.201 us/xform  median=   218.797  sd=  1.00%      3.06 GF/s  setup=1.268 s
fftw1d_measure           L=10007 B=64    m=1     inner=2      min=   216.190 us/xform  median=   217.004  sd=  0.20%      3.08 GF/s  setup=1.141 s
fftw1d_measure           L=10007 B=64    m=1     inner=2      min=   218.211 us/xform  median=   218.753  sd=  0.16%      3.05 GF/s  setup=1.145 s
fftw1d_patient           L=10007 B=64    m=1     inner=2      min=   213.676 us/xform  median=   215.210  sd=  0.47%      3.11 GF/s  setup=19.719 s
fftw1d_patient           L=10007 B=64    m=1     inner=2      min=   208.014 us/xform  median=   209.912  sd=  0.58%      3.20 GF/s  setup=19.727 s
fftw1d_patient           L=10007 B=64    m=1     inner=2      min=   208.289 us/xform  median=   209.922  sd=  0.77%      3.19 GF/s  setup=19.758 s
fftw1d_patient           L=10007 B=64    m=1     inner=2      min=   205.127 us/xform  median=   206.537  sd=  0.55%      3.24 GF/s  setup=19.722 s
fftw1d_patient           L=10007 B=64    m=1     inner=2      min=   217.412 us/xform  median=   218.594  sd=  0.32%      3.06 GF/s  setup=19.798 s
fftw1d_patient           L=10007 B=64    m=1     inner=2      min=   207.366 us/xform  median=   209.451  sd=  0.52%      3.21 GF/s  setup=19.756 s
fftw1d_patient           L=10007 B=64    m=1     inner=2      min=   207.625 us/xform  median=   210.611  sd=  0.62%      3.20 GF/s  setup=19.811 s
fftw1d_patient           L=10007 B=64    m=1     inner=2      min=   211.800 us/xform  median=   212.863  sd=  0.31%      3.14 GF/s  setup=19.840 s
fftw1d_patient           L=10007 B=64    m=1     inner=2      min=   212.825 us/xform  median=   214.455  sd=  0.50%      3.12 GF/s  setup=19.763 s
mkl1d_dfti               L=10007 B=64    m=1     inner=1      min=   367.658 us/xform  median=   368.741  sd=  0.23%      1.81 GF/s  setup=0.053 s
mkl1d_dfti               L=10007 B=64    m=1     inner=1      min=   364.128 us/xform  median=   364.699  sd=  0.10%      1.83 GF/s  setup=0.035 s
mkl1d_dfti               L=10007 B=64    m=1     inner=1      min=   366.447 us/xform  median=   367.119  sd=  0.13%      1.81 GF/s  setup=0.034 s
mkl1d_dfti               L=10007 B=64    m=1     inner=1      min=   365.798 us/xform  median=   366.807  sd=  0.16%      1.82 GF/s  setup=0.038 s
mkl1d_dfti               L=10007 B=64    m=1     inner=1      min=   277.888 us/xform  median=   311.861  sd= 12.09%      2.39 GF/s  setup=0.016 s
mkl1d_dfti               L=10007 B=64    m=1     inner=2      min=   277.460 us/xform  median=   277.828  sd=  0.07%      2.40 GF/s  setup=0.034 s
mkl1d_dfti               L=10007 B=64    m=1     inner=2      min=   278.150 us/xform  median=   278.908  sd=  0.15%      2.39 GF/s  setup=0.033 s
mkl1d_dfti               L=10007 B=64    m=1     inner=2      min=   276.141 us/xform  median=   276.427  sd=  0.08%      2.41 GF/s  setup=0.030 s
mkl1d_dfti               L=10007 B=64    m=1     inner=2      min=   276.775 us/xform  median=   277.283  sd=  0.10%      2.40 GF/s  setup=0.030 s
baseline_dft             L=60  B=512   m=600   inner=1      min=     6.368 us/xform  median=     6.510  sd=  1.12%      0.28 GF/s  setup=0.000 s
baseline_dft             L=60  B=512   m=600   inner=1      min=     6.469 us/xform  median=     6.510  sd=  0.18%      0.27 GF/s  setup=0.000 s
baseline_dft             L=60  B=512   m=600   inner=1      min=     6.371 us/xform  median=     6.373  sd=  0.27%      0.28 GF/s  setup=0.000 s
baseline_dft             L=60  B=512   m=2     inner=1      min=     7.740 us/xform  median=     7.740  sd=  0.00%      0.23 GF/s  setup=0.000 s
d1_batchlane             L=60  B=512   m=600   inner=1      min=     0.072 us/xform  median=     0.072  sd=  0.02%     24.66 GF/s  setup=0.000 s
d1_batchlane             L=60  B=512   m=600   inner=2      min=     0.063 us/xform  median=     0.063  sd=  0.19%     28.08 GF/s  setup=0.000 s
d1_batchlane             L=60  B=512   m=600   inner=1      min=     0.072 us/xform  median=     0.072  sd=  0.01%     24.65 GF/s  setup=0.000 s
d1_batchlane             L=60  B=512   m=2     inner=12     min=     0.133 us/xform  median=     0.133  sd=  0.00%     13.29 GF/s  setup=0.000 s
d1_bluestein             L=60  B=512   m=600   inner=1      min=     0.376 us/xform  median=     0.377  sd=  7.11%      4.72 GF/s  setup=0.001 s
d1_bluestein             L=60  B=512   m=600   inner=1      min=     0.383 us/xform  median=     0.383  sd=  0.02%      4.63 GF/s  setup=0.001 s
d1_bluestein             L=60  B=512   m=600   inner=1      min=     0.375 us/xform  median=     0.377  sd=  7.12%      4.73 GF/s  setup=0.001 s
d1_bluestein             L=60  B=512   m=2     inner=4      min=     0.475 us/xform  median=     0.475  sd=  0.00%      3.73 GF/s  setup=0.001 s
d1_composite             L=60  B=512   m=600   inner=2      min=     0.062 us/xform  median=     0.062  sd=  0.13%     28.79 GF/s  setup=0.000 s
d1_composite             L=60  B=512   m=600   inner=2      min=     0.062 us/xform  median=     0.062  sd=  0.04%     28.76 GF/s  setup=0.000 s
d1_composite             L=60  B=512   m=600   inner=2      min=     0.054 us/xform  median=     0.054  sd=  0.05%     32.77 GF/s  setup=0.000 s
d1_composite             L=60  B=512   m=2     inner=6      min=     0.270 us/xform  median=     0.270  sd=  0.00%      6.57 GF/s  setup=0.000 s
d1_planner               L=60  B=512   m=600   inner=1      min=     0.099 us/xform  median=     0.099  sd=  0.06%     17.88 GF/s  setup=0.000 s
d1_planner               L=60  B=512   m=600   inner=1      min=     0.100 us/xform  median=     0.100  sd=  0.05%     17.74 GF/s  setup=0.000 s
d1_planner               L=60  B=512   m=600   inner=1      min=     0.099 us/xform  median=     0.099  sd=  0.11%     17.88 GF/s  setup=0.000 s
d1_planner               L=60  B=512   m=2     inner=8      min=     0.200 us/xform  median=     0.200  sd=  0.00%      8.86 GF/s  setup=0.000 s
d1_race                  L=60  B=512   m=600   inner=2      min=     0.053 us/xform  median=     0.053  sd=  0.02%     33.32 GF/s  setup=3.148 s
d1_race                  L=60  B=512   m=600   inner=2      min=     0.053 us/xform  median=     0.061  sd=  4.00%     33.30 GF/s  setup=0.008 s
d1_race                  L=60  B=512   m=600   inner=2      min=     0.053 us/xform  median=     0.061  sd=  5.64%     33.27 GF/s  setup=0.008 s
d1_race                  L=60  B=512   m=2     inner=8      min=     0.206 us/xform  median=     0.206  sd=  0.00%      8.61 GF/s  setup=0.006 s
d1_twiddle               L=60  B=512   m=600   inner=1      min=     0.078 us/xform  median=     0.078  sd=  0.16%     22.86 GF/s  setup=0.000 s
d1_twiddle               L=60  B=512   m=600   inner=1      min=     0.076 us/xform  median=     0.076  sd=  0.06%     23.26 GF/s  setup=0.000 s
d1_twiddle               L=60  B=512   m=600   inner=1      min=     0.087 us/xform  median=     0.087  sd=  0.31%     20.37 GF/s  setup=0.000 s
d1_twiddle               L=60  B=512   m=2     inner=8      min=     0.173 us/xform  median=     0.173  sd=  0.00%     10.22 GF/s  setup=0.001 s
fftw1d_custom            L=60  B=512   m=600   inner=1      min=     0.232 us/xform  median=     0.232  sd=  0.43%      7.65 GF/s  setup=0.000 s
fftw1d_custom            L=60  B=512   m=600   inner=1      min=     0.231 us/xform  median=     0.231  sd=  0.20%      7.66 GF/s  setup=0.000 s
fftw1d_custom            L=60  B=512   m=600   inner=1      min=     0.255 us/xform  median=     0.287  sd=  3.25%      6.95 GF/s  setup=0.000 s
fftw1d_custom            L=60  B=512   m=2     inner=2      min=     0.454 us/xform  median=     0.454  sd=  0.00%      3.90 GF/s  setup=0.000 s
fftw1d_custom_soa        L=60  B=512   m=600   inner=1      min=     0.135 us/xform  median=     0.137  sd=  0.77%     13.10 GF/s  setup=0.000 s
fftw1d_custom_soa        L=60  B=512   m=600   inner=1      min=     0.172 us/xform  median=     0.174  sd=  1.86%     10.30 GF/s  setup=0.000 s
fftw1d_custom_soa        L=60  B=512   m=600   inner=1      min=     0.169 us/xform  median=     0.171  sd=  1.52%     10.47 GF/s  setup=0.000 s
fftw1d_custom_soa        L=60  B=512   m=2     inner=4      min=     0.439 us/xform  median=     0.439  sd=  0.00%      4.03 GF/s  setup=0.000 s
fftw1d_estimate          L=60  B=512   m=600   inner=1      min=     0.269 us/xform  median=     0.269  sd=  0.02%      6.59 GF/s  setup=0.001 s
fftw1d_estimate          L=60  B=512   m=600   inner=1      min=     0.270 us/xform  median=     0.270  sd=  0.03%      6.56 GF/s  setup=0.001 s
fftw1d_estimate          L=60  B=512   m=600   inner=1      min=     0.270 us/xform  median=     0.270  sd=  0.03%      6.57 GF/s  setup=0.001 s
fftw1d_estimate          L=60  B=512   m=2     inner=4      min=     0.364 us/xform  median=     0.364  sd=  0.00%      4.86 GF/s  setup=0.001 s
fftw1d_measure           L=60  B=512   m=600   inner=1      min=     0.269 us/xform  median=     0.270  sd=  0.24%      6.58 GF/s  setup=0.046 s
fftw1d_measure           L=60  B=512   m=600   inner=1      min=     0.272 us/xform  median=     0.272  sd=  0.05%      6.51 GF/s  setup=0.045 s
fftw1d_measure           L=60  B=512   m=600   inner=1      min=     0.263 us/xform  median=     0.264  sd=  0.12%      6.73 GF/s  setup=0.048 s
fftw1d_measure           L=60  B=512   m=2     inner=4      min=     0.336 us/xform  median=     0.336  sd=  0.00%      5.27 GF/s  setup=0.046 s
fftw1d_patient           L=60  B=512   m=600   inner=1      min=     0.253 us/xform  median=     0.254  sd=  8.40%      7.02 GF/s  setup=0.437 s
fftw1d_patient           L=60  B=512   m=600   inner=1      min=     0.255 us/xform  median=     0.255  sd=  0.01%      6.95 GF/s  setup=0.395 s
fftw1d_patient           L=60  B=512   m=600   inner=1      min=     0.251 us/xform  median=     0.251  sd=  0.01%      7.07 GF/s  setup=0.384 s
fftw1d_patient           L=60  B=512   m=2     inner=4      min=     0.364 us/xform  median=     0.364  sd=  0.00%      4.87 GF/s  setup=0.438 s
mkl1d_dfti               L=60  B=512   m=600   inner=1      min=     0.228 us/xform  median=     0.228  sd=  0.01%      7.76 GF/s  setup=0.002 s
mkl1d_dfti               L=60  B=512   m=600   inner=1      min=     0.275 us/xform  median=     0.275  sd=  0.02%      6.45 GF/s  setup=0.002 s
mkl1d_dfti               L=60  B=512   m=600   inner=1      min=     0.228 us/xform  median=     0.228  sd=  0.01%      7.79 GF/s  setup=0.002 s
mkl1d_dfti               L=60  B=512   m=2     inner=6      min=     0.306 us/xform  median=     0.306  sd=  0.00%      5.79 GF/s  setup=0.002 s
baseline_dft             L=31  B=512   m=1200  inner=1      min=     1.745 us/xform  median=     1.745  sd=  0.02%      0.44 GF/s  setup=0.000 s
baseline_dft             L=31  B=512   m=1200  inner=1      min=     1.745 us/xform  median=     1.745  sd=  0.02%      0.44 GF/s  setup=0.000 s
baseline_dft             L=31  B=512   m=1200  inner=1      min=     1.745 us/xform  median=     1.745  sd=  0.03%      0.44 GF/s  setup=0.000 s
baseline_dft             L=31  B=512   m=2     inner=1      min=     2.308 us/xform  median=     2.308  sd=  0.00%      0.33 GF/s  setup=0.000 s
d1_batchlane             L=31  B=512   m=1200  inner=1      min=     0.048 us/xform  median=     0.048  sd=  0.06%     16.09 GF/s  setup=0.000 s
d1_batchlane             L=31  B=512   m=1200  inner=1      min=     0.048 us/xform  median=     0.049  sd=  0.33%     15.86 GF/s  setup=0.000 s
d1_batchlane             L=31  B=512   m=1200  inner=1      min=     0.048 us/xform  median=     0.048  sd=  0.09%     16.03 GF/s  setup=0.000 s
d1_batchlane             L=31  B=512   m=2     inner=24     min=     0.078 us/xform  median=     0.078  sd=  0.00%      9.86 GF/s  setup=0.000 s
d1_bluestein             L=31  B=512   m=1200  inner=1      min=     0.222 us/xform  median=     0.222  sd=  6.36%      3.46 GF/s  setup=0.001 s
d1_bluestein             L=31  B=512   m=1200  inner=1      min=     0.214 us/xform  median=     0.214  sd=  0.08%      3.59 GF/s  setup=0.001 s
d1_bluestein             L=31  B=512   m=1200  inner=1      min=     0.215 us/xform  median=     0.215  sd=  5.23%      3.57 GF/s  setup=0.001 s
d1_bluestein             L=31  B=512   m=2     inner=6      min=     0.261 us/xform  median=     0.261  sd=  0.00%      2.94 GF/s  setup=0.002 s
d1_planner               L=31  B=512   m=1200  inner=1      min=     0.053 us/xform  median=     0.053  sd=  0.01%     14.61 GF/s  setup=0.000 s
d1_planner               L=31  B=512   m=1200  inner=1      min=     0.047 us/xform  median=     0.047  sd=  0.02%     16.39 GF/s  setup=0.000 s
d1_planner               L=31  B=512   m=1200  inner=1      min=     0.046 us/xform  median=     0.046  sd=  0.04%     16.65 GF/s  setup=0.000 s
d1_planner               L=31  B=512   m=2     inner=22     min=     0.082 us/xform  median=     0.082  sd=  0.00%      9.41 GF/s  setup=0.000 s
d1_prime                 L=31  B=512   m=1200  inner=1      min=     0.053 us/xform  median=     0.053  sd=  0.08%     14.58 GF/s  setup=0.000 s
d1_prime                 L=31  B=512   m=1200  inner=1      min=     0.045 us/xform  median=     0.045  sd=  0.01%     17.02 GF/s  setup=0.000 s
d1_prime                 L=31  B=512   m=1200  inner=1      min=     0.053 us/xform  median=     0.053  sd=  0.02%     14.58 GF/s  setup=0.000 s
d1_prime                 L=31  B=512   m=2     inner=22     min=     0.087 us/xform  median=     0.087  sd=  0.00%      8.79 GF/s  setup=0.000 s
d1_race                  L=31  B=512   m=1200  inner=1      min=     0.046 us/xform  median=     0.046  sd=  0.05%     16.81 GF/s  setup=2.524 s
d1_race                  L=31  B=512   m=1200  inner=1      min=     0.045 us/xform  median=     0.045  sd=  0.04%     17.05 GF/s  setup=0.007 s
d1_race                  L=31  B=512   m=1200  inner=1      min=     0.045 us/xform  median=     0.045  sd=  0.02%     17.06 GF/s  setup=0.006 s
d1_race                  L=31  B=512   m=2     inner=20     min=     0.087 us/xform  median=     0.087  sd=  0.00%      8.79 GF/s  setup=0.006 s
d1_rader                 L=31  B=512   m=1200  inner=1      min=     0.045 us/xform  median=     0.046  sd=  0.33%     16.92 GF/s  setup=0.000 s
d1_rader                 L=31  B=512   m=1200  inner=1      min=     0.052 us/xform  median=     0.053  sd=  0.38%     14.78 GF/s  setup=0.000 s
d1_rader                 L=31  B=512   m=1200  inner=1      min=     0.045 us/xform  median=     0.045  sd=  0.27%     17.04 GF/s  setup=0.000 s
d1_rader                 L=31  B=512   m=2     inner=20     min=     0.090 us/xform  median=     0.090  sd=  0.00%      8.56 GF/s  setup=0.000 s
fftw1d_custom            L=31  B=512   m=1200  inner=1      min=     0.177 us/xform  median=     0.177  sd=  9.32%      4.33 GF/s  setup=0.000 s
fftw1d_custom            L=31  B=512   m=1200  inner=1      min=     0.177 us/xform  median=     0.177  sd=  0.02%      4.34 GF/s  setup=0.000 s
fftw1d_custom            L=31  B=512   m=1200  inner=1      min=     0.177 us/xform  median=     0.204  sd=  9.53%      4.34 GF/s  setup=0.000 s
fftw1d_custom            L=31  B=512   m=2     inner=4      min=     0.287 us/xform  median=     0.287  sd=  0.00%      2.68 GF/s  setup=0.000 s
fftw1d_custom_soa        L=31  B=512   m=1200  inner=1      min=     0.088 us/xform  median=     0.088  sd=  0.19%      8.72 GF/s  setup=0.000 s
fftw1d_custom_soa        L=31  B=512   m=1200  inner=1      min=     0.077 us/xform  median=     0.078  sd=  0.05%      9.91 GF/s  setup=0.000 s
fftw1d_custom_soa        L=31  B=512   m=1200  inner=1      min=     0.077 us/xform  median=     0.077  sd=  0.05%      9.92 GF/s  setup=0.000 s
fftw1d_custom_soa        L=31  B=512   m=2     inner=4      min=     0.231 us/xform  median=     0.231  sd=  0.00%      3.32 GF/s  setup=0.000 s
fftw1d_estimate          L=31  B=512   m=1200  inner=1      min=     0.354 us/xform  median=     0.354  sd=  0.04%      2.17 GF/s  setup=0.001 s
fftw1d_estimate          L=31  B=512   m=1200  inner=1      min=     0.354 us/xform  median=     0.354  sd=  0.01%      2.17 GF/s  setup=0.001 s
fftw1d_estimate          L=31  B=512   m=1200  inner=1      min=     0.354 us/xform  median=     0.354  sd=  0.01%      2.17 GF/s  setup=0.001 s
fftw1d_estimate          L=31  B=512   m=2     inner=4      min=     0.435 us/xform  median=     0.435  sd=  0.00%      1.77 GF/s  setup=0.001 s
fftw1d_measure           L=31  B=512   m=1200  inner=1      min=     0.353 us/xform  median=     0.353  sd=  0.01%      2.17 GF/s  setup=0.043 s
fftw1d_measure           L=31  B=512   m=1200  inner=1      min=     0.353 us/xform  median=     0.354  sd=  0.01%      2.17 GF/s  setup=0.043 s
fftw1d_measure           L=31  B=512   m=1200  inner=1      min=     0.354 us/xform  median=     0.354  sd=  0.04%      2.17 GF/s  setup=0.043 s
fftw1d_measure           L=31  B=512   m=2     inner=4      min=     0.436 us/xform  median=     0.436  sd=  0.00%      1.76 GF/s  setup=0.043 s
fftw1d_patient           L=31  B=512   m=1200  inner=1      min=     0.356 us/xform  median=     0.356  sd=  0.01%      2.16 GF/s  setup=0.119 s
fftw1d_patient           L=31  B=512   m=1200  inner=1      min=     0.354 us/xform  median=     0.354  sd=  0.01%      2.17 GF/s  setup=0.120 s
fftw1d_patient           L=31  B=512   m=1200  inner=1      min=     0.354 us/xform  median=     0.354  sd=  0.01%      2.17 GF/s  setup=0.120 s
fftw1d_patient           L=31  B=512   m=2     inner=4      min=     0.441 us/xform  median=     0.441  sd=  0.00%      1.74 GF/s  setup=0.120 s
mkl1d_dfti               L=31  B=512   m=1200  inner=1      min=     0.315 us/xform  median=     0.315  sd=  9.84%      2.44 GF/s  setup=0.051 s
mkl1d_dfti               L=31  B=512   m=1200  inner=1      min=     0.315 us/xform  median=     0.315  sd=  0.07%      2.44 GF/s  setup=0.052 s
mkl1d_dfti               L=31  B=512   m=1200  inner=1      min=     0.315 us/xform  median=     0.315  sd=  0.08%      2.44 GF/s  setup=0.056 s
mkl1d_dfti               L=31  B=512   m=2     inner=4      min=     0.322 us/xform  median=     0.322  sd=  0.00%      2.39 GF/s  setup=0.055 s
   skipping baseline_dft at L=16384 B=1 (too expensive to be informative)
d1_bluestein             L=16384 B=1     m=1     inner=602    min=    65.097 us/xform  median=    65.299  sd=  0.13%     17.62 GF/s  setup=0.003 s
d1_bluestein             L=16384 B=1     m=1     inner=478    min=    63.582 us/xform  median=    63.610  sd=  0.43%     18.04 GF/s  setup=0.004 s
d1_bluestein             L=16384 B=1     m=1     inner=464    min=    65.170 us/xform  median=    65.197  sd=  0.33%     17.60 GF/s  setup=0.004 s
d1_bluestein             L=16384 B=1     m=1     inner=610    min=    64.887 us/xform  median=    64.912  sd=  0.17%     17.67 GF/s  setup=0.003 s
d1_bluestein             L=16384 B=1     m=1     inner=488    min=    64.766 us/xform  median=    64.808  sd=  0.62%     17.71 GF/s  setup=0.004 s
d1_bluestein             L=16384 B=1     m=1     inner=472    min=    64.509 us/xform  median=    64.537  sd=  0.33%     17.78 GF/s  setup=0.004 s
d1_bluestein             L=16384 B=1     m=1     inner=488    min=    64.639 us/xform  median=    64.667  sd=  0.76%     17.74 GF/s  setup=0.004 s
d1_bluestein             L=16384 B=1     m=1     inner=488    min=    64.604 us/xform  median=    64.876  sd=  0.24%     17.75 GF/s  setup=0.004 s
d1_bluestein             L=16384 B=1     m=1     inner=488    min=    64.770 us/xform  median=    65.132  sd=  0.18%     17.71 GF/s  setup=0.004 s
d1_planner               L=16384 B=1     m=1     inner=427    min=    47.370 us/xform  median=    61.520  sd= 10.92%     24.21 GF/s  setup=0.003 s
d1_planner               L=16384 B=1     m=1     inner=596    min=    56.737 us/xform  median=    56.762  sd=  0.07%     20.21 GF/s  setup=0.004 s
d1_planner               L=16384 B=1     m=1     inner=490    min=    51.452 us/xform  median=    51.628  sd=  1.07%     22.29 GF/s  setup=0.004 s
d1_planner               L=16384 B=1     m=1     inner=391    min=    54.032 us/xform  median=    54.121  sd=  0.15%     21.23 GF/s  setup=0.003 s
d1_planner               L=16384 B=1     m=1     inner=686    min=    52.944 us/xform  median=    52.975  sd=  0.04%     21.66 GF/s  setup=0.003 s
d1_planner               L=16384 B=1     m=1     inner=718    min=    52.697 us/xform  median=    52.725  sd=  0.03%     21.76 GF/s  setup=0.003 s
d1_planner               L=16384 B=1     m=1     inner=688    min=    41.121 us/xform  median=    41.149  sd=  7.35%     27.89 GF/s  setup=0.003 s
d1_planner               L=16384 B=1     m=1     inner=351    min=    48.432 us/xform  median=    64.474  sd= 12.43%     23.68 GF/s  setup=0.004 s
d1_planner               L=16384 B=1     m=1     inner=556    min=    62.850 us/xform  median=    62.887  sd=  0.03%     18.25 GF/s  setup=0.004 s
d1_pow2                  L=16384 B=1     m=1     inner=521    min=    37.944 us/xform  median=    38.156  sd=  0.27%     30.23 GF/s  setup=0.003 s
d1_pow2                  L=16384 B=1     m=1     inner=834    min=    38.089 us/xform  median=    38.112  sd=  4.08%     30.11 GF/s  setup=0.004 s
d1_pow2                  L=16384 B=1     m=1     inner=822    min=    33.369 us/xform  median=    33.381  sd=  0.21%     34.37 GF/s  setup=0.004 s
d1_pow2                  L=16384 B=1     m=1     inner=846    min=    37.703 us/xform  median=    40.330  sd=  2.66%     30.42 GF/s  setup=0.004 s
d1_pow2                  L=16384 B=1     m=1     inner=776    min=    33.664 us/xform  median=    33.680  sd=  1.02%     34.07 GF/s  setup=0.004 s
d1_pow2                  L=16384 B=1     m=1     inner=1168   min=    33.243 us/xform  median=    33.256  sd=  0.02%     34.50 GF/s  setup=0.003 s
d1_pow2                  L=16384 B=1     m=1     inner=1214   min=    32.852 us/xform  median=    32.858  sd=  0.03%     34.91 GF/s  setup=0.003 s
d1_pow2                  L=16384 B=1     m=1     inner=860    min=    36.895 us/xform  median=    37.918  sd=  0.98%     31.09 GF/s  setup=0.004 s
d1_pow2                  L=16384 B=1     m=1     inner=810    min=    32.813 us/xform  median=    32.825  sd=  0.74%     34.95 GF/s  setup=0.006 s
d1_race                  L=16384 B=1     m=1     inner=1116   min=    33.865 us/xform  median=    33.880  sd=  0.03%     33.87 GF/s  setup=1.176 s
d1_race                  L=16384 B=1     m=1     inner=860    min=    45.296 us/xform  median=    45.334  sd=  0.05%     25.32 GF/s  setup=1.167 s
d1_race                  L=16384 B=1     m=1     inner=1096   min=    34.060 us/xform  median=    34.094  sd=  0.18%     33.67 GF/s  setup=0.018 s
d1_race                  L=16384 B=1     m=1     inner=1094   min=    36.399 us/xform  median=    36.776  sd=  0.31%     31.51 GF/s  setup=0.017 s
d1_race                  L=16384 B=1     m=1     inner=1062   min=    38.238 us/xform  median=    40.353  sd=  1.57%     29.99 GF/s  setup=0.018 s
d1_race                  L=16384 B=1     m=1     inner=514    min=    38.962 us/xform  median=    39.001  sd=  0.09%     29.44 GF/s  setup=0.018 s
d1_race                  L=16384 B=1     m=1     inner=694    min=    37.682 us/xform  median=    37.711  sd=  0.04%     30.44 GF/s  setup=0.016 s
d1_race                  L=16384 B=1     m=1     inner=1020   min=    38.848 us/xform  median=    38.887  sd=  0.06%     29.52 GF/s  setup=0.023 s
d1_race                  L=16384 B=1     m=1     inner=1078   min=    33.487 us/xform  median=    33.522  sd=  0.50%     34.25 GF/s  setup=0.017 s
d1_twiddle               L=16384 B=1     m=1     inner=546    min=    37.100 us/xform  median=    38.932  sd=  3.84%     30.91 GF/s  setup=0.001 s
d1_twiddle               L=16384 B=1     m=1     inner=852    min=    39.923 us/xform  median=    39.964  sd=  0.06%     28.73 GF/s  setup=0.001 s
d1_twiddle               L=16384 B=1     m=1     inner=866    min=    38.741 us/xform  median=    38.763  sd=  0.04%     29.60 GF/s  setup=0.001 s
d1_twiddle               L=16384 B=1     m=1     inner=780    min=    33.510 us/xform  median=    33.535  sd=  2.14%     34.22 GF/s  setup=0.001 s
d1_twiddle               L=16384 B=1     m=1     inner=878    min=    36.658 us/xform  median=    39.412  sd=  2.70%     31.29 GF/s  setup=0.001 s
d1_twiddle               L=16384 B=1     m=1     inner=986    min=    40.042 us/xform  median=    40.057  sd=  0.03%     28.64 GF/s  setup=0.001 s
d1_twiddle               L=16384 B=1     m=1     inner=822    min=    32.371 us/xform  median=    32.389  sd=  1.57%     35.43 GF/s  setup=0.001 s
d1_twiddle               L=16384 B=1     m=1     inner=1210   min=    32.928 us/xform  median=    32.938  sd=  0.02%     34.83 GF/s  setup=0.001 s
d1_twiddle               L=16384 B=1     m=1     inner=848    min=    39.135 us/xform  median=    45.779  sd=  5.56%     29.31 GF/s  setup=0.001 s
fftw1d_estimate          L=16384 B=1     m=1     inner=252    min=    79.119 us/xform  median=    79.137  sd=  0.24%     14.50 GF/s  setup=0.001 s
fftw1d_estimate          L=16384 B=1     m=1     inner=392    min=    80.590 us/xform  median=    80.635  sd=  0.03%     14.23 GF/s  setup=0.001 s
fftw1d_estimate          L=16384 B=1     m=1     inner=398    min=    69.650 us/xform  median=    69.668  sd=  0.01%     16.47 GF/s  setup=0.001 s
fftw1d_estimate          L=16384 B=1     m=1     inner=283    min=    70.576 us/xform  median=    70.593  sd=  0.02%     16.25 GF/s  setup=0.001 s
fftw1d_estimate          L=16384 B=1     m=1     inner=568    min=    70.006 us/xform  median=    70.012  sd=  0.01%     16.38 GF/s  setup=0.001 s
fftw1d_estimate          L=16384 B=1     m=1     inner=572    min=    69.686 us/xform  median=    69.691  sd=  0.01%     16.46 GF/s  setup=0.001 s
fftw1d_estimate          L=16384 B=1     m=1     inner=574    min=    69.494 us/xform  median=    69.500  sd=  0.00%     16.50 GF/s  setup=0.001 s
fftw1d_estimate          L=16384 B=1     m=1     inner=576    min=    69.287 us/xform  median=    69.296  sd=  0.01%     16.55 GF/s  setup=0.001 s
fftw1d_estimate          L=16384 B=1     m=1     inner=572    min=    69.745 us/xform  median=    69.752  sd=  0.23%     16.44 GF/s  setup=0.001 s
fftw1d_measure           L=16384 B=1     m=1     inner=964    min=    35.970 us/xform  median=    40.985  sd=  3.73%     31.88 GF/s  setup=0.618 s
fftw1d_measure           L=16384 B=1     m=1     inner=1126   min=    35.384 us/xform  median=    35.388  sd=  0.02%     32.41 GF/s  setup=0.570 s
fftw1d_measure           L=16384 B=1     m=1     inner=994    min=    40.205 us/xform  median=    40.215  sd=  0.06%     28.53 GF/s  setup=0.616 s
fftw1d_measure           L=16384 B=1     m=1     inner=1102   min=    36.243 us/xform  median=    36.255  sd=  0.02%     31.64 GF/s  setup=0.570 s
fftw1d_measure           L=16384 B=1     m=1     inner=996    min=    35.080 us/xform  median=    35.084  sd=  6.02%     32.69 GF/s  setup=0.619 s
fftw1d_measure           L=16384 B=1     m=1     inner=1130   min=    35.287 us/xform  median=    35.293  sd=  0.01%     32.50 GF/s  setup=0.566 s
fftw1d_measure           L=16384 B=1     m=1     inner=982    min=    40.574 us/xform  median=    40.582  sd=  0.02%     28.27 GF/s  setup=0.617 s
fftw1d_measure           L=16384 B=1     m=1     inner=1130   min=    35.248 us/xform  median=    35.255  sd=  0.01%     32.54 GF/s  setup=0.581 s
fftw1d_measure           L=16384 B=1     m=1     inner=1088   min=    35.975 us/xform  median=    35.981  sd=  0.09%     31.88 GF/s  setup=0.567 s
fftw1d_patient           L=16384 B=1     m=1     inner=1238   min=    32.143 us/xform  median=    32.157  sd=  0.03%     35.68 GF/s  setup=6.260 s
fftw1d_patient           L=16384 B=1     m=1     inner=1224   min=    32.641 us/xform  median=    32.648  sd=  0.01%     35.14 GF/s  setup=6.254 s
fftw1d_patient           L=16384 B=1     m=1     inner=1214   min=    32.623 us/xform  median=    32.628  sd=  0.01%     35.16 GF/s  setup=6.332 s
fftw1d_patient           L=16384 B=1     m=1     inner=1238   min=    32.265 us/xform  median=    32.283  sd=  0.06%     35.55 GF/s  setup=6.251 s
fftw1d_patient           L=16384 B=1     m=1     inner=1224   min=    32.482 us/xform  median=    32.489  sd=  0.06%     35.31 GF/s  setup=6.253 s
fftw1d_patient           L=16384 B=1     m=1     inner=1212   min=    32.896 us/xform  median=    32.908  sd=  0.02%     34.86 GF/s  setup=6.378 s
fftw1d_patient           L=16384 B=1     m=1     inner=1226   min=    32.416 us/xform  median=    32.420  sd=  0.05%     35.38 GF/s  setup=6.376 s
fftw1d_patient           L=16384 B=1     m=1     inner=1242   min=    32.142 us/xform  median=    32.144  sd=  0.02%     35.68 GF/s  setup=6.269 s
fftw1d_patient           L=16384 B=1     m=1     inner=1226   min=    32.516 us/xform  median=    32.532  sd=  0.02%     35.27 GF/s  setup=6.394 s
mkl1d_dfti               L=16384 B=1     m=1     inner=1016   min=    39.169 us/xform  median=    42.331  sd=  3.02%     29.28 GF/s  setup=0.003 s
mkl1d_dfti               L=16384 B=1     m=1     inner=822    min=    39.551 us/xform  median=    39.588  sd=  0.05%     29.00 GF/s  setup=0.003 s
mkl1d_dfti               L=16384 B=1     m=1     inner=772    min=    42.675 us/xform  median=    42.698  sd=  0.05%     26.87 GF/s  setup=0.003 s
mkl1d_dfti               L=16384 B=1     m=1     inner=844    min=    36.190 us/xform  median=    40.631  sd= 11.56%     31.69 GF/s  setup=0.002 s
mkl1d_dfti               L=16384 B=1     m=1     inner=774    min=    38.760 us/xform  median=    42.489  sd=  3.80%     29.59 GF/s  setup=0.002 s
mkl1d_dfti               L=16384 B=1     m=1     inner=764    min=    41.503 us/xform  median=    41.529  sd=  0.04%     27.63 GF/s  setup=0.002 s
mkl1d_dfti               L=16384 B=1     m=1     inner=718    min=    44.536 us/xform  median=    44.559  sd=  0.03%     25.75 GF/s  setup=0.003 s
mkl1d_dfti               L=16384 B=1     m=1     inner=774    min=    34.690 us/xform  median=    34.710  sd=  0.97%     33.06 GF/s  setup=0.002 s
mkl1d_dfti               L=16384 B=1     m=1     inner=1130   min=    35.231 us/xform  median=    35.242  sd=  0.01%     32.55 GF/s  setup=0.001 s
baseline_dft             L=1021 B=1     m=1     inner=20     min=  1818.282 us/xform  median=  1820.600  sd=  0.19%      0.03 GF/s  setup=0.038 s
baseline_dft             L=1021 B=1     m=1     inner=20     min=  1804.244 us/xform  median=  1806.249  sd=  0.11%      0.03 GF/s  setup=0.036 s
baseline_dft             L=1021 B=1     m=1     inner=22     min=  1803.489 us/xform  median=  1804.871  sd=  0.09%      0.03 GF/s  setup=0.027 s
baseline_dft             L=1021 B=1     m=1     inner=18     min=  2195.467 us/xform  median=  2210.738  sd=  0.24%      0.02 GF/s  setup=0.039 s
baseline_dft             L=1021 B=1     m=1     inner=20     min=  1816.901 us/xform  median=  1820.347  sd=  0.13%      0.03 GF/s  setup=0.041 s
baseline_dft             L=1021 B=1     m=1     inner=20     min=  1813.210 us/xform  median=  1817.054  sd=  0.13%      0.03 GF/s  setup=0.028 s
baseline_dft             L=1021 B=1     m=1     inner=9      min=  2192.229 us/xform  median=  2214.097  sd=  0.46%      0.02 GF/s  setup=0.037 s
baseline_dft             L=1021 B=1     m=1     inner=20     min=  1818.280 us/xform  median=  1820.230  sd=  0.11%      0.03 GF/s  setup=0.037 s
baseline_dft             L=1021 B=1     m=1     inner=20     min=  1813.980 us/xform  median=  1817.684  sd=  0.11%      0.03 GF/s  setup=0.028 s
d1_bluestein             L=1021 B=1     m=1     inner=4462   min=     8.860 us/xform  median=     8.863  sd=  0.04%      5.76 GF/s  setup=0.002 s
d1_bluestein             L=1021 B=1     m=1     inner=3528   min=     8.846 us/xform  median=     8.850  sd=  0.03%      5.77 GF/s  setup=0.003 s
d1_bluestein             L=1021 B=1     m=1     inner=4406   min=     8.997 us/xform  median=     9.012  sd=  0.09%      5.67 GF/s  setup=0.002 s
d1_bluestein             L=1021 B=1     m=1     inner=3428   min=     7.816 us/xform  median=     7.822  sd=  0.05%      6.53 GF/s  setup=0.003 s
d1_bluestein             L=1021 B=1     m=1     inner=3490   min=     7.809 us/xform  median=     7.815  sd=  0.05%      6.53 GF/s  setup=0.002 s
d1_bluestein             L=1021 B=1     m=1     inner=3550   min=     7.823 us/xform  median=     7.829  sd=  0.04%      6.52 GF/s  setup=0.002 s
d1_bluestein             L=1021 B=1     m=1     inner=3426   min=     7.782 us/xform  median=     7.786  sd=  0.04%      6.56 GF/s  setup=0.002 s
d1_bluestein             L=1021 B=1     m=1     inner=3622   min=     9.068 us/xform  median=     9.076  sd=  0.10%      5.63 GF/s  setup=0.002 s
d1_bluestein             L=1021 B=1     m=1     inner=3506   min=     8.869 us/xform  median=     8.876  sd=  0.04%      5.75 GF/s  setup=0.002 s
d1_planner               L=1021 B=1     m=1     inner=5158   min=     7.565 us/xform  median=     7.566  sd=  0.02%      6.75 GF/s  setup=0.001 s
d1_planner               L=1021 B=1     m=1     inner=4066   min=     7.665 us/xform  median=     7.669  sd=  0.04%      6.66 GF/s  setup=0.001 s
d1_planner               L=1021 B=1     m=1     inner=5160   min=     7.714 us/xform  median=     7.721  sd=  0.03%      6.61 GF/s  setup=0.001 s
d1_planner               L=1021 B=1     m=1     inner=5128   min=     6.741 us/xform  median=     6.746  sd=  2.06%      7.57 GF/s  setup=0.001 s
d1_planner               L=1021 B=1     m=1     inner=5880   min=     6.694 us/xform  median=     6.697  sd=  0.02%      7.62 GF/s  setup=0.001 s
d1_planner               L=1021 B=1     m=1     inner=3876   min=     7.639 us/xform  median=     7.644  sd=  0.02%      6.68 GF/s  setup=0.001 s
d1_planner               L=1021 B=1     m=1     inner=4266   min=     6.729 us/xform  median=     6.733  sd=  0.03%      7.58 GF/s  setup=0.001 s
d1_planner               L=1021 B=1     m=1     inner=2991   min=     6.652 us/xform  median=     6.655  sd=  0.95%      7.67 GF/s  setup=0.001 s
d1_planner               L=1021 B=1     m=1     inner=4094   min=     6.734 us/xform  median=     6.736  sd=  0.02%      7.58 GF/s  setup=0.001 s
d1_race                  L=1021 B=1     m=1     inner=5078   min=     7.342 us/xform  median=     7.345  sd=  0.05%      6.95 GF/s  setup=0.473 s
d1_race                  L=1021 B=1     m=1     inner=4724   min=     7.365 us/xform  median=     7.372  sd=  0.08%      6.93 GF/s  setup=0.014 s
d1_race                  L=1021 B=1     m=1     inner=5038   min=     7.499 us/xform  median=     7.502  sd=  0.02%      6.80 GF/s  setup=0.012 s
d1_race                  L=1021 B=1     m=1     inner=5068   min=     6.512 us/xform  median=     6.514  sd=  0.01%      7.84 GF/s  setup=0.010 s
d1_race                  L=1021 B=1     m=1     inner=5790   min=     6.514 us/xform  median=     6.516  sd=  0.06%      7.83 GF/s  setup=0.007 s
d1_race                  L=1021 B=1     m=1     inner=5308   min=     7.433 us/xform  median=     7.435  sd=  0.01%      6.86 GF/s  setup=0.012 s
d1_race                  L=1021 B=1     m=1     inner=5100   min=     7.367 us/xform  median=     7.370  sd=  0.02%      6.93 GF/s  setup=0.015 s
d1_race                  L=1021 B=1     m=1     inner=5060   min=     7.423 us/xform  median=     7.425  sd=  0.03%      6.87 GF/s  setup=0.016 s
d1_race                  L=1021 B=1     m=1     inner=5150   min=     7.419 us/xform  median=     7.425  sd=  0.04%      6.88 GF/s  setup=0.010 s
d1_rader                 L=1021 B=1     m=1     inner=5338   min=     7.377 us/xform  median=     7.379  sd=  0.03%      6.92 GF/s  setup=0.000 s
d1_rader                 L=1021 B=1     m=1     inner=4296   min=     7.727 us/xform  median=     7.730  sd=  0.04%      6.60 GF/s  setup=0.000 s
d1_rader                 L=1021 B=1     m=1     inner=4398   min=     7.388 us/xform  median=     7.390  sd=  0.02%      6.91 GF/s  setup=0.000 s
d1_rader                 L=1021 B=1     m=1     inner=4096   min=     7.498 us/xform  median=     7.501  sd=  0.02%      6.81 GF/s  setup=0.000 s
d1_rader                 L=1021 B=1     m=1     inner=5340   min=     7.351 us/xform  median=     7.353  sd=  0.03%      6.94 GF/s  setup=0.000 s
d1_rader                 L=1021 B=1     m=1     inner=4384   min=     7.462 us/xform  median=     7.464  sd=  0.21%      6.84 GF/s  setup=0.000 s
d1_rader                 L=1021 B=1     m=1     inner=4224   min=     7.334 us/xform  median=     7.337  sd=  0.03%      6.96 GF/s  setup=0.000 s
d1_rader                 L=1021 B=1     m=1     inner=5280   min=     7.412 us/xform  median=     7.414  sd=  0.03%      6.88 GF/s  setup=0.000 s
d1_rader                 L=1021 B=1     m=1     inner=5304   min=     7.381 us/xform  median=     7.382  sd=  0.02%      6.91 GF/s  setup=0.000 s
fftw1d_estimate          L=1021 B=1     m=1     inner=2104   min=    14.516 us/xform  median=    14.530  sd=  0.06%      3.52 GF/s  setup=0.002 s
fftw1d_estimate          L=1021 B=1     m=1     inner=2174   min=    14.534 us/xform  median=    14.546  sd=  0.04%      3.51 GF/s  setup=0.001 s
fftw1d_estimate          L=1021 B=1     m=1     inner=2644   min=    14.593 us/xform  median=    14.602  sd=  0.04%      3.50 GF/s  setup=0.001 s
fftw1d_estimate          L=1021 B=1     m=1     inner=2004   min=    14.501 us/xform  median=    14.516  sd=  0.07%      3.52 GF/s  setup=0.001 s
fftw1d_estimate          L=1021 B=1     m=1     inner=2084   min=    14.524 us/xform  median=    14.535  sd=  0.05%      3.51 GF/s  setup=0.001 s
fftw1d_estimate          L=1021 B=1     m=1     inner=2186   min=    14.525 us/xform  median=    14.532  sd=  0.03%      3.51 GF/s  setup=0.001 s
fftw1d_estimate          L=1021 B=1     m=1     inner=2738   min=    14.564 us/xform  median=    14.576  sd=  0.05%      3.50 GF/s  setup=0.001 s
fftw1d_estimate          L=1021 B=1     m=1     inner=1394   min=    14.527 us/xform  median=    14.552  sd=  0.08%      3.51 GF/s  setup=0.001 s
fftw1d_estimate          L=1021 B=1     m=1     inner=2736   min=    12.820 us/xform  median=    12.829  sd=  6.14%      3.98 GF/s  setup=0.001 s
fftw1d_measure           L=1021 B=1     m=1     inner=2864   min=    13.534 us/xform  median=    13.546  sd=  0.06%      3.77 GF/s  setup=0.294 s
fftw1d_measure           L=1021 B=1     m=1     inner=2870   min=    13.518 us/xform  median=    13.522  sd=  0.04%      3.77 GF/s  setup=0.297 s
fftw1d_measure           L=1021 B=1     m=1     inner=2712   min=    14.387 us/xform  median=    14.399  sd=  0.05%      3.55 GF/s  setup=0.295 s
fftw1d_measure           L=1021 B=1     m=1     inner=1463   min=    13.771 us/xform  median=    13.786  sd=  0.38%      3.71 GF/s  setup=0.295 s
fftw1d_measure           L=1021 B=1     m=1     inner=2758   min=    14.285 us/xform  median=    14.288  sd=  0.02%      3.57 GF/s  setup=0.298 s
fftw1d_measure           L=1021 B=1     m=1     inner=1389   min=    14.011 us/xform  median=    14.020  sd=  1.28%      3.64 GF/s  setup=0.299 s
fftw1d_measure           L=1021 B=1     m=1     inner=1494   min=    13.525 us/xform  median=    13.543  sd=  0.07%      3.77 GF/s  setup=0.297 s
fftw1d_measure           L=1021 B=1     m=1     inner=2848   min=    12.072 us/xform  median=    13.515  sd=  3.11%      4.23 GF/s  setup=0.295 s
fftw1d_measure           L=1021 B=1     m=1     inner=2794   min=    13.411 us/xform  median=    14.095  sd=  2.45%      3.81 GF/s  setup=0.298 s
fftw1d_patient           L=1021 B=1     m=1     inner=1664   min=    12.122 us/xform  median=    12.131  sd=  0.04%      4.21 GF/s  setup=2.955 s
fftw1d_patient           L=1021 B=1     m=1     inner=1698   min=    11.858 us/xform  median=    11.869  sd=  0.05%      4.30 GF/s  setup=2.995 s
fftw1d_patient           L=1021 B=1     m=1     inner=3210   min=    12.092 us/xform  median=    12.099  sd=  0.04%      4.22 GF/s  setup=2.985 s
fftw1d_patient           L=1021 B=1     m=1     inner=3168   min=    12.057 us/xform  median=    12.068  sd=  0.04%      4.23 GF/s  setup=2.985 s
fftw1d_patient           L=1021 B=1     m=1     inner=3260   min=    11.889 us/xform  median=    11.893  sd=  0.03%      4.29 GF/s  setup=2.985 s
fftw1d_patient           L=1021 B=1     m=1     inner=3256   min=    11.986 us/xform  median=    12.000  sd=  0.05%      4.26 GF/s  setup=2.953 s
fftw1d_patient           L=1021 B=1     m=1     inner=3160   min=    12.260 us/xform  median=    12.273  sd=  0.16%      4.16 GF/s  setup=2.994 s
fftw1d_patient           L=1021 B=1     m=1     inner=3208   min=    12.002 us/xform  median=    12.006  sd=  0.04%      4.25 GF/s  setup=2.964 s
fftw1d_patient           L=1021 B=1     m=1     inner=1612   min=    12.604 us/xform  median=    12.618  sd=  0.07%      4.05 GF/s  setup=2.989 s
mkl1d_dfti               L=1021 B=1     m=1     inner=4118   min=     9.415 us/xform  median=     9.417  sd=  0.02%      5.42 GF/s  setup=0.047 s
mkl1d_dfti               L=1021 B=1     m=1     inner=4204   min=     9.443 us/xform  median=     9.446  sd=  0.01%      5.40 GF/s  setup=0.013 s
mkl1d_dfti               L=1021 B=1     m=1     inner=4196   min=     8.292 us/xform  median=     8.295  sd=  0.02%      6.15 GF/s  setup=0.034 s
mkl1d_dfti               L=1021 B=1     m=1     inner=2382   min=     8.285 us/xform  median=     8.287  sd=  6.44%      6.16 GF/s  setup=0.034 s
mkl1d_dfti               L=1021 B=1     m=1     inner=4766   min=     8.271 us/xform  median=     8.273  sd=  0.01%      6.17 GF/s  setup=0.034 s
mkl1d_dfti               L=1021 B=1     m=1     inner=4750   min=     8.267 us/xform  median=     8.270  sd=  0.01%      6.17 GF/s  setup=0.033 s
mkl1d_dfti               L=1021 B=1     m=1     inner=4738   min=     8.279 us/xform  median=     8.280  sd=  0.01%      6.16 GF/s  setup=0.032 s
mkl1d_dfti               L=1021 B=1     m=1     inner=4538   min=     8.692 us/xform  median=     8.693  sd=  0.01%      5.87 GF/s  setup=0.030 s
mkl1d_dfti               L=1021 B=1     m=1     inner=4752   min=     8.268 us/xform  median=     8.270  sd=  0.01%      6.17 GF/s  setup=0.035 s
   skipping baseline_dft at L=4096 B=1 (too expensive to be informative)
d1_bluestein             L=4096 B=1     m=1     inner=1449   min=    13.743 us/xform  median=    13.751  sd=  0.05%     17.88 GF/s  setup=0.001 s
d1_bluestein             L=4096 B=1     m=1     inner=2894   min=    13.740 us/xform  median=    13.744  sd=  0.02%     17.89 GF/s  setup=0.001 s
d1_bluestein             L=4096 B=1     m=1     inner=1457   min=    13.762 us/xform  median=    13.768  sd=  0.06%     17.86 GF/s  setup=0.001 s
d1_bluestein             L=4096 B=1     m=1     inner=2302   min=    12.078 us/xform  median=    12.085  sd=  0.03%     20.35 GF/s  setup=0.002 s
d1_bluestein             L=4096 B=1     m=1     inner=2206   min=    13.747 us/xform  median=    13.751  sd=  0.25%     17.88 GF/s  setup=0.002 s
d1_bluestein             L=4096 B=1     m=1     inner=2304   min=    12.070 us/xform  median=    13.736  sd=  6.14%     20.36 GF/s  setup=0.002 s
d1_bluestein             L=4096 B=1     m=1     inner=2298   min=    13.728 us/xform  median=    13.734  sd=  0.23%     17.90 GF/s  setup=0.001 s
d1_bluestein             L=4096 B=1     m=1     inner=2282   min=    13.777 us/xform  median=    13.783  sd=  0.03%     17.84 GF/s  setup=0.002 s
d1_bluestein             L=4096 B=1     m=1     inner=2296   min=    12.073 us/xform  median=    12.077  sd=  0.02%     20.36 GF/s  setup=0.002 s
d1_planner               L=4096 B=1     m=1     inner=4510   min=     8.779 us/xform  median=     8.781  sd=  0.02%     27.99 GF/s  setup=0.001 s
d1_planner               L=4096 B=1     m=1     inner=3596   min=     8.655 us/xform  median=     8.659  sd=  0.04%     28.39 GF/s  setup=0.002 s
d1_planner               L=4096 B=1     m=1     inner=3660   min=     7.655 us/xform  median=     7.658  sd=  0.03%     32.10 GF/s  setup=0.002 s
d1_planner               L=4096 B=1     m=1     inner=5262   min=     7.521 us/xform  median=     7.523  sd=  0.02%     32.68 GF/s  setup=0.001 s
d1_planner               L=4096 B=1     m=1     inner=3458   min=     7.727 us/xform  median=     7.730  sd=  0.01%     31.80 GF/s  setup=0.001 s
d1_planner               L=4096 B=1     m=1     inner=3414   min=     7.706 us/xform  median=     7.710  sd=  0.02%     31.89 GF/s  setup=0.001 s
d1_planner               L=4096 B=1     m=1     inner=3380   min=     8.771 us/xform  median=     8.775  sd=  0.10%     28.02 GF/s  setup=0.001 s
d1_planner               L=4096 B=1     m=1     inner=4594   min=     8.635 us/xform  median=     8.637  sd=  0.02%     28.46 GF/s  setup=0.001 s
d1_planner               L=4096 B=1     m=1     inner=3526   min=     7.846 us/xform  median=     7.847  sd=  0.02%     31.32 GF/s  setup=0.002 s
d1_pow2                  L=4096 B=1     m=1     inner=4970   min=     7.956 us/xform  median=     7.960  sd=  0.03%     30.89 GF/s  setup=0.001 s
d1_pow2                  L=4096 B=1     m=1     inner=3992   min=     7.917 us/xform  median=     7.919  sd=  0.01%     31.04 GF/s  setup=0.002 s
d1_pow2                  L=4096 B=1     m=1     inner=4978   min=     7.965 us/xform  median=     7.968  sd=  0.03%     30.86 GF/s  setup=0.001 s
d1_pow2                  L=4096 B=1     m=1     inner=3954   min=     7.986 us/xform  median=     7.992  sd=  0.04%     30.77 GF/s  setup=0.001 s
d1_pow2                  L=4096 B=1     m=1     inner=3938   min=     7.943 us/xform  median=     7.945  sd=  0.02%     30.94 GF/s  setup=0.001 s
d1_pow2                  L=4096 B=1     m=1     inner=3772   min=     7.952 us/xform  median=     7.955  sd=  0.07%     30.91 GF/s  setup=0.002 s
d1_pow2                  L=4096 B=1     m=1     inner=3924   min=     7.979 us/xform  median=     7.981  sd=  0.02%     30.80 GF/s  setup=0.001 s
d1_pow2                  L=4096 B=1     m=1     inner=4674   min=     7.893 us/xform  median=     7.898  sd=  0.04%     31.14 GF/s  setup=0.001 s
d1_pow2                  L=4096 B=1     m=1     inner=3928   min=     8.037 us/xform  median=     8.041  sd=  0.05%     30.58 GF/s  setup=0.002 s
d1_race                  L=4096 B=1     m=1     inner=4498   min=     7.906 us/xform  median=     7.910  sd=  0.07%     31.09 GF/s  setup=1.051 s
d1_race                  L=4096 B=1     m=1     inner=4468   min=     7.885 us/xform  median=     7.896  sd=  0.06%     31.17 GF/s  setup=0.017 s
d1_race                  L=4096 B=1     m=1     inner=4014   min=     7.910 us/xform  median=     7.915  sd=  0.03%     31.07 GF/s  setup=0.019 s
d1_race                  L=4096 B=1     m=1     inner=4522   min=     8.003 us/xform  median=     8.008  sd=  0.07%     30.71 GF/s  setup=0.019 s
d1_race                  L=4096 B=1     m=1     inner=4952   min=     7.910 us/xform  median=     7.916  sd=  0.05%     31.07 GF/s  setup=0.016 s
d1_race                  L=4096 B=1     m=1     inner=4016   min=     7.940 us/xform  median=     7.946  sd=  0.24%     30.95 GF/s  setup=0.016 s
d1_race                  L=4096 B=1     m=1     inner=2289   min=     7.914 us/xform  median=     7.918  sd=  0.37%     31.05 GF/s  setup=0.016 s
d1_race                  L=4096 B=1     m=1     inner=4804   min=     7.910 us/xform  median=     7.914  sd=  0.03%     31.07 GF/s  setup=0.016 s
d1_race                  L=4096 B=1     m=1     inner=4492   min=     6.980 us/xform  median=     7.948  sd=  4.35%     35.21 GF/s  setup=0.015 s
d1_twiddle               L=4096 B=1     m=1     inner=4980   min=     7.909 us/xform  median=     7.913  sd=  0.03%     31.07 GF/s  setup=0.001 s
d1_twiddle               L=4096 B=1     m=1     inner=4046   min=     7.873 us/xform  median=     7.878  sd=  0.04%     31.21 GF/s  setup=0.001 s
d1_twiddle               L=4096 B=1     m=1     inner=2542   min=     7.895 us/xform  median=     7.899  sd=  0.03%     31.13 GF/s  setup=0.001 s
d1_twiddle               L=4096 B=1     m=1     inner=4050   min=     7.878 us/xform  median=     7.885  sd=  0.04%     31.20 GF/s  setup=0.001 s
d1_twiddle               L=4096 B=1     m=1     inner=4036   min=     7.925 us/xform  median=     7.927  sd=  0.02%     31.01 GF/s  setup=0.001 s
d1_twiddle               L=4096 B=1     m=1     inner=2568   min=     7.891 us/xform  median=     7.895  sd=  0.04%     31.15 GF/s  setup=0.001 s
d1_twiddle               L=4096 B=1     m=1     inner=3966   min=     7.962 us/xform  median=     7.963  sd=  0.04%     30.87 GF/s  setup=0.001 s
d1_twiddle               L=4096 B=1     m=1     inner=4232   min=     7.875 us/xform  median=     7.880  sd=  0.03%     31.21 GF/s  setup=0.001 s
d1_twiddle               L=4096 B=1     m=1     inner=4066   min=     7.895 us/xform  median=     7.896  sd=  0.02%     31.13 GF/s  setup=0.001 s
fftw1d_estimate          L=4096 B=1     m=1     inner=1762   min=    17.940 us/xform  median=    17.946  sd=  0.02%     13.70 GF/s  setup=0.001 s
fftw1d_estimate          L=4096 B=1     m=1     inner=1688   min=    17.808 us/xform  median=    17.810  sd=  0.02%     13.80 GF/s  setup=0.001 s
fftw1d_estimate          L=4096 B=1     m=1     inner=1778   min=    17.854 us/xform  median=    17.863  sd=  0.02%     13.76 GF/s  setup=0.001 s
fftw1d_estimate          L=4096 B=1     m=1     inner=1762   min=    17.913 us/xform  median=    17.918  sd=  0.02%     13.72 GF/s  setup=0.001 s
fftw1d_estimate          L=4096 B=1     m=1     inner=1111   min=    18.017 us/xform  median=    18.022  sd=  0.07%     13.64 GF/s  setup=0.001 s
fftw1d_estimate          L=4096 B=1     m=1     inner=2218   min=    17.961 us/xform  median=    17.968  sd=  0.02%     13.68 GF/s  setup=0.001 s
fftw1d_estimate          L=4096 B=1     m=1     inner=1125   min=    17.815 us/xform  median=    17.818  sd=  0.06%     13.80 GF/s  setup=0.001 s
fftw1d_estimate          L=4096 B=1     m=1     inner=1122   min=    17.813 us/xform  median=    17.819  sd=  0.07%     13.80 GF/s  setup=0.001 s
fftw1d_estimate          L=4096 B=1     m=1     inner=1696   min=    17.923 us/xform  median=    17.927  sd=  0.08%     13.71 GF/s  setup=0.001 s
fftw1d_measure           L=4096 B=1     m=1     inner=4684   min=     8.486 us/xform  median=     8.489  sd=  0.01%     28.96 GF/s  setup=0.236 s
fftw1d_measure           L=4096 B=1     m=1     inner=2346   min=     8.543 us/xform  median=     8.547  sd=  0.02%     28.77 GF/s  setup=0.235 s
fftw1d_measure           L=4096 B=1     m=1     inner=4354   min=     8.914 us/xform  median=     8.914  sd=  0.01%     27.57 GF/s  setup=0.235 s
fftw1d_measure           L=4096 B=1     m=1     inner=4726   min=     8.444 us/xform  median=     8.447  sd=  0.04%     29.10 GF/s  setup=0.233 s
fftw1d_measure           L=4096 B=1     m=1     inner=4606   min=     8.526 us/xform  median=     8.528  sd=  0.02%     28.83 GF/s  setup=0.234 s
fftw1d_measure           L=4096 B=1     m=1     inner=4682   min=     7.452 us/xform  median=     8.480  sd=  5.65%     32.98 GF/s  setup=0.234 s
fftw1d_measure           L=4096 B=1     m=1     inner=4620   min=     8.613 us/xform  median=     8.620  sd=  0.06%     28.53 GF/s  setup=0.235 s
fftw1d_measure           L=4096 B=1     m=1     inner=4638   min=     7.455 us/xform  median=     8.483  sd=  4.02%     32.97 GF/s  setup=0.236 s
fftw1d_measure           L=4096 B=1     m=1     inner=4696   min=     8.396 us/xform  median=     8.398  sd=  0.19%     29.27 GF/s  setup=0.233 s
fftw1d_patient           L=4096 B=1     m=1     inner=5722   min=     6.895 us/xform  median=     6.897  sd=  0.20%     35.64 GF/s  setup=1.977 s
fftw1d_patient           L=4096 B=1     m=1     inner=5850   min=     6.748 us/xform  median=     6.751  sd=  0.02%     36.42 GF/s  setup=1.935 s
fftw1d_patient           L=4096 B=1     m=1     inner=5924   min=     6.719 us/xform  median=     6.721  sd=  0.02%     36.58 GF/s  setup=1.992 s
fftw1d_patient           L=4096 B=1     m=1     inner=2950   min=     6.781 us/xform  median=     6.783  sd=  0.02%     36.24 GF/s  setup=1.953 s
fftw1d_patient           L=4096 B=1     m=1     inner=5792   min=     6.809 us/xform  median=     6.812  sd=  0.03%     36.09 GF/s  setup=1.939 s
fftw1d_patient           L=4096 B=1     m=1     inner=5882   min=     6.778 us/xform  median=     6.780  sd=  0.02%     36.26 GF/s  setup=1.983 s
fftw1d_patient           L=4096 B=1     m=1     inner=5898   min=     6.712 us/xform  median=     6.713  sd=  0.02%     36.62 GF/s  setup=1.932 s
fftw1d_patient           L=4096 B=1     m=1     inner=5808   min=     6.707 us/xform  median=     6.708  sd=  0.01%     36.64 GF/s  setup=1.932 s
fftw1d_patient           L=4096 B=1     m=1     inner=5950   min=     6.671 us/xform  median=     6.673  sd=  0.02%     36.84 GF/s  setup=1.936 s
mkl1d_dfti               L=4096 B=1     m=1     inner=6086   min=     6.058 us/xform  median=     6.059  sd=  0.21%     40.57 GF/s  setup=0.002 s
mkl1d_dfti               L=4096 B=1     m=1     inner=4570   min=     6.821 us/xform  median=     6.823  sd=  0.02%     36.03 GF/s  setup=0.002 s
mkl1d_dfti               L=4096 B=1     m=1     inner=5662   min=     6.833 us/xform  median=     6.833  sd=  0.03%     35.97 GF/s  setup=0.002 s
mkl1d_dfti               L=4096 B=1     m=1     inner=4556   min=     6.040 us/xform  median=     6.042  sd=  0.03%     40.69 GF/s  setup=0.002 s
mkl1d_dfti               L=4096 B=1     m=1     inner=6336   min=     6.039 us/xform  median=     6.041  sd=  0.01%     40.69 GF/s  setup=0.001 s
mkl1d_dfti               L=4096 B=1     m=1     inner=4380   min=     6.850 us/xform  median=     6.852  sd=  0.03%     35.87 GF/s  setup=0.002 s
mkl1d_dfti               L=4096 B=1     m=1     inner=5598   min=     6.865 us/xform  median=     6.866  sd=  0.02%     35.80 GF/s  setup=0.002 s
mkl1d_dfti               L=4096 B=1     m=1     inner=5784   min=     6.827 us/xform  median=     6.833  sd=  0.09%     36.00 GF/s  setup=0.002 s
mkl1d_dfti               L=4096 B=1     m=1     inner=5744   min=     6.041 us/xform  median=     6.042  sd=  2.26%     40.68 GF/s  setup=0.002 s
baseline_dft             L=128 B=1     m=30000 inner=1      min=    28.469 us/xform  median=    28.470  sd=  0.01%      0.16 GF/s  setup=0.001 s
baseline_dft             L=128 B=1     m=30000 inner=1      min=    28.470 us/xform  median=    28.471  sd=  0.01%      0.16 GF/s  setup=0.000 s
baseline_dft             L=128 B=1     m=30000 inner=1      min=    28.470 us/xform  median=    28.470  sd=  0.00%      0.16 GF/s  setup=0.000 s
baseline_dft             L=128 B=1     m=2     inner=28     min=    34.372 us/xform  median=    34.372  sd=  0.00%      0.13 GF/s  setup=0.001 s
d1_batchlane             L=128 B=1     m=30000 inner=8      min=     0.153 us/xform  median=     0.153  sd=  0.02%     29.31 GF/s  setup=0.000 s
d1_batchlane             L=128 B=1     m=30000 inner=8      min=     0.152 us/xform  median=     0.152  sd=  0.06%     29.39 GF/s  setup=0.000 s
d1_batchlane             L=128 B=1     m=30000 inner=8      min=     0.151 us/xform  median=     0.151  sd=  0.02%     29.58 GF/s  setup=0.000 s
d1_batchlane             L=128 B=1     m=2     inner=3364   min=     0.276 us/xform  median=     0.276  sd=  0.00%     16.26 GF/s  setup=0.000 s
d1_bluestein             L=128 B=1     m=30000 inner=1      min=     0.710 us/xform  median=     0.710  sd=  0.02%      6.31 GF/s  setup=0.001 s
d1_bluestein             L=128 B=1     m=30000 inner=2      min=     0.614 us/xform  median=     0.614  sd=  0.02%      7.30 GF/s  setup=0.001 s
d1_bluestein             L=128 B=1     m=30000 inner=1      min=     0.706 us/xform  median=     0.707  sd=  0.03%      6.34 GF/s  setup=0.001 s
d1_bluestein             L=128 B=1     m=2     inner=904    min=     0.655 us/xform  median=     0.655  sd=  0.00%      6.84 GF/s  setup=0.001 s
d1_planner               L=128 B=1     m=30000 inner=4      min=     0.223 us/xform  median=     0.223  sd=  0.07%     20.08 GF/s  setup=0.000 s
d1_planner               L=128 B=1     m=30000 inner=6      min=     0.221 us/xform  median=     0.222  sd=  0.06%     20.24 GF/s  setup=0.000 s
d1_planner               L=128 B=1     m=30000 inner=4      min=     0.224 us/xform  median=     0.225  sd=  0.15%     19.97 GF/s  setup=0.000 s
d1_planner               L=128 B=1     m=2     inner=2856   min=     0.330 us/xform  median=     0.330  sd=  0.00%     13.59 GF/s  setup=0.000 s
d1_pow2                  L=128 B=1     m=30000 inner=4      min=     0.236 us/xform  median=     0.236  sd=  0.06%     18.97 GF/s  setup=0.000 s
d1_pow2                  L=128 B=1     m=30000 inner=6      min=     0.206 us/xform  median=     0.207  sd=  0.07%     21.71 GF/s  setup=0.001 s
d1_pow2                  L=128 B=1     m=30000 inner=6      min=     0.195 us/xform  median=     0.195  sd=  0.06%     22.99 GF/s  setup=0.000 s
d1_pow2                  L=128 B=1     m=2     inner=3376   min=     0.244 us/xform  median=     0.244  sd=  0.00%     18.34 GF/s  setup=0.000 s
d1_race                  L=128 B=1     m=30000 inner=6      min=     0.153 us/xform  median=     0.174  sd=  6.60%     29.23 GF/s  setup=0.066 s
d1_race                  L=128 B=1     m=30000 inner=6      min=     0.175 us/xform  median=     0.176  sd=  0.04%     25.54 GF/s  setup=0.008 s
d1_race                  L=128 B=1     m=30000 inner=6      min=     0.171 us/xform  median=     0.171  sd=  0.06%     26.20 GF/s  setup=0.008 s
d1_race                  L=128 B=1     m=2     inner=3462   min=     0.271 us/xform  median=     0.271  sd=  0.00%     16.51 GF/s  setup=0.007 s
d1_twiddle               L=128 B=1     m=30000 inner=4      min=     0.299 us/xform  median=     0.300  sd=  0.02%     14.96 GF/s  setup=0.000 s
d1_twiddle               L=128 B=1     m=30000 inner=4      min=     0.268 us/xform  median=     0.268  sd=  0.03%     16.75 GF/s  setup=0.001 s
d1_twiddle               L=128 B=1     m=30000 inner=4      min=     0.298 us/xform  median=     0.298  sd=  0.02%     15.02 GF/s  setup=0.000 s
d1_twiddle               L=128 B=1     m=2     inner=2342   min=     0.389 us/xform  median=     0.389  sd=  0.00%     11.53 GF/s  setup=0.001 s
fftw1d_custom            L=128 B=1     m=30000 inner=1      min=     0.745 us/xform  median=     0.746  sd=  0.26%      6.01 GF/s  setup=0.000 s
fftw1d_custom            L=128 B=1     m=30000 inner=1      min=     0.899 us/xform  median=     0.900  sd=  0.02%      4.98 GF/s  setup=0.000 s
fftw1d_custom            L=128 B=1     m=30000 inner=1      min=     0.899 us/xform  median=     0.900  sd=  0.03%      4.98 GF/s  setup=0.000 s
fftw1d_custom            L=128 B=1     m=2     inner=798    min=     1.102 us/xform  median=     1.102  sd=  0.00%      4.06 GF/s  setup=0.000 s
fftw1d_estimate          L=128 B=1     m=30000 inner=2      min=     0.605 us/xform  median=     0.605  sd=  0.05%      7.41 GF/s  setup=0.001 s
fftw1d_estimate          L=128 B=1     m=30000 inner=2      min=     0.604 us/xform  median=     0.604  sd=  0.24%      7.42 GF/s  setup=0.001 s
fftw1d_estimate          L=128 B=1     m=30000 inner=2      min=     0.605 us/xform  median=     0.605  sd=  0.05%      7.41 GF/s  setup=0.001 s
fftw1d_estimate          L=128 B=1     m=2     inner=820    min=     0.630 us/xform  median=     0.630  sd=  0.00%      7.11 GF/s  setup=0.001 s
fftw1d_measure           L=128 B=1     m=30000 inner=2      min=     0.555 us/xform  median=     0.555  sd=  0.03%      8.08 GF/s  setup=0.040 s
fftw1d_measure           L=128 B=1     m=30000 inner=2      min=     0.573 us/xform  median=     0.573  sd=  0.02%      7.82 GF/s  setup=0.040 s
fftw1d_measure           L=128 B=1     m=30000 inner=2      min=     0.552 us/xform  median=     0.552  sd=  0.04%      8.12 GF/s  setup=0.040 s
fftw1d_measure           L=128 B=1     m=2     inner=1024   min=     0.570 us/xform  median=     0.570  sd=  0.00%      7.87 GF/s  setup=0.040 s
fftw1d_patient           L=128 B=1     m=30000 inner=2      min=     0.556 us/xform  median=     0.556  sd=  0.02%      8.05 GF/s  setup=0.137 s
fftw1d_patient           L=128 B=1     m=30000 inner=2      min=     0.556 us/xform  median=     0.557  sd=  0.02%      8.05 GF/s  setup=0.136 s
fftw1d_patient           L=128 B=1     m=30000 inner=2      min=     0.487 us/xform  median=     0.487  sd=  0.08%      9.21 GF/s  setup=0.136 s
fftw1d_patient           L=128 B=1     m=2     inner=1108   min=     0.505 us/xform  median=     0.505  sd=  0.00%      8.88 GF/s  setup=0.135 s
mkl1d_dfti               L=128 B=1     m=30000 inner=2      min=     0.544 us/xform  median=     0.544  sd=  0.04%      8.24 GF/s  setup=0.003 s
mkl1d_dfti               L=128 B=1     m=30000 inner=2      min=     0.541 us/xform  median=     0.542  sd=  0.04%      8.28 GF/s  setup=0.002 s
mkl1d_dfti               L=128 B=1     m=30000 inner=2      min=     0.544 us/xform  median=     0.544  sd=  0.05%      8.24 GF/s  setup=0.001 s
mkl1d_dfti               L=128 B=1     m=2     inner=1382   min=     0.559 us/xform  median=     0.559  sd=  0.00%      8.01 GF/s  setup=0.002 s
baseline_dft             L=13  B=512   m=2000  inner=1      min=     0.327 us/xform  median=     0.327  sd=  0.00%      0.74 GF/s  setup=0.000 s
baseline_dft             L=13  B=512   m=2000  inner=1      min=     0.327 us/xform  median=     0.327  sd=  0.00%      0.74 GF/s  setup=0.000 s
baseline_dft             L=13  B=512   m=2000  inner=1      min=     0.327 us/xform  median=     0.327  sd=  0.02%      0.74 GF/s  setup=0.000 s
baseline_dft             L=13  B=512   m=2     inner=4      min=     0.350 us/xform  median=     0.350  sd=  0.00%      0.69 GF/s  setup=0.000 s
d1_batchlane             L=13  B=512   m=2000  inner=2      min=     0.016 us/xform  median=     0.016  sd=  0.11%     14.85 GF/s  setup=0.000 s
d1_batchlane             L=13  B=512   m=2000  inner=2      min=     0.016 us/xform  median=     0.016  sd=  0.07%     14.85 GF/s  setup=0.000 s
d1_batchlane             L=13  B=512   m=2000  inner=2      min=     0.016 us/xform  median=     0.016  sd=  0.10%     14.84 GF/s  setup=0.000 s
d1_batchlane             L=13  B=512   m=2     inner=70     min=     0.027 us/xform  median=     0.027  sd=  0.00%      8.85 GF/s  setup=0.000 s
d1_bluestein             L=13  B=512   m=2000  inner=1      min=     0.123 us/xform  median=     0.124  sd=  9.42%      1.95 GF/s  setup=0.000 s
d1_bluestein             L=13  B=512   m=2000  inner=1      min=     0.124 us/xform  median=     0.124  sd=  9.31%      1.95 GF/s  setup=0.000 s
d1_bluestein             L=13  B=512   m=2000  inner=1      min=     0.123 us/xform  median=     0.124  sd=  0.04%      1.95 GF/s  setup=0.000 s
d1_bluestein             L=13  B=512   m=2     inner=12     min=     0.153 us/xform  median=     0.153  sd=  0.00%      1.57 GF/s  setup=0.000 s
d1_planner               L=13  B=512   m=2000  inner=2      min=     0.016 us/xform  median=     0.016  sd=  0.18%     14.97 GF/s  setup=0.000 s
d1_planner               L=13  B=512   m=2000  inner=2      min=     0.016 us/xform  median=     0.016  sd=  0.10%     14.98 GF/s  setup=0.000 s
d1_planner               L=13  B=512   m=2000  inner=2      min=     0.016 us/xform  median=     0.016  sd=  0.14%     14.99 GF/s  setup=0.000 s
d1_planner               L=13  B=512   m=2     inner=58     min=     0.033 us/xform  median=     0.033  sd=  0.00%      7.35 GF/s  setup=0.000 s
d1_prime                 L=13  B=512   m=2000  inner=2      min=     0.016 us/xform  median=     0.016  sd=  0.06%     15.40 GF/s  setup=0.000 s
d1_prime                 L=13  B=512   m=2000  inner=2      min=     0.016 us/xform  median=     0.016  sd=  0.04%     15.42 GF/s  setup=0.000 s
d1_prime                 L=13  B=512   m=2000  inner=2      min=     0.016 us/xform  median=     0.016  sd=  0.06%     15.44 GF/s  setup=0.000 s
d1_prime                 L=13  B=512   m=2     inner=58     min=     0.033 us/xform  median=     0.033  sd=  0.00%      7.27 GF/s  setup=0.000 s
d1_race                  L=13  B=512   m=2000  inner=2      min=     0.014 us/xform  median=     0.014  sd=  0.18%     17.27 GF/s  setup=1.654 s
d1_race                  L=13  B=512   m=2000  inner=2      min=     0.016 us/xform  median=     0.016  sd=  0.21%     15.22 GF/s  setup=0.011 s
d1_race                  L=13  B=512   m=2000  inner=2      min=     0.014 us/xform  median=     0.014  sd=  0.07%     17.04 GF/s  setup=0.008 s
d1_race                  L=13  B=512   m=2     inner=34     min=     0.034 us/xform  median=     0.034  sd=  0.00%      6.99 GF/s  setup=0.007 s
d1_rader                 L=13  B=512   m=2000  inner=2      min=     0.014 us/xform  median=     0.014  sd=  0.21%     17.34 GF/s  setup=0.000 s
d1_rader                 L=13  B=512   m=2000  inner=2      min=     0.014 us/xform  median=     0.014  sd=  0.37%     17.34 GF/s  setup=0.000 s
d1_rader                 L=13  B=512   m=2000  inner=2      min=     0.014 us/xform  median=     0.014  sd=  0.20%     17.34 GF/s  setup=0.000 s
d1_rader                 L=13  B=512   m=2     inner=28     min=     0.034 us/xform  median=     0.034  sd=  0.00%      7.17 GF/s  setup=0.000 s
fftw1d_custom            L=13  B=512   m=2000  inner=1      min=     0.047 us/xform  median=     0.047  sd=  0.02%      5.08 GF/s  setup=0.000 s
fftw1d_custom            L=13  B=512   m=2000  inner=1      min=     0.047 us/xform  median=     0.047  sd=  0.01%      5.07 GF/s  setup=0.000 s
fftw1d_custom            L=13  B=512   m=2000  inner=1      min=     0.047 us/xform  median=     0.047  sd=  0.04%      5.08 GF/s  setup=0.000 s
fftw1d_custom            L=13  B=512   m=2     inner=16     min=     0.072 us/xform  median=     0.072  sd=  0.00%      3.34 GF/s  setup=0.000 s
fftw1d_custom_soa        L=13  B=512   m=2000  inner=1      min=     0.027 us/xform  median=     0.027  sd=  0.07%      9.06 GF/s  setup=0.000 s
fftw1d_custom_soa        L=13  B=512   m=2000  inner=1      min=     0.026 us/xform  median=     0.027  sd=  0.03%      9.08 GF/s  setup=0.000 s
fftw1d_custom_soa        L=13  B=512   m=2000  inner=1      min=     0.026 us/xform  median=     0.026  sd=  0.09%      9.14 GF/s  setup=0.000 s
fftw1d_custom_soa        L=13  B=512   m=2     inner=32     min=     0.057 us/xform  median=     0.057  sd=  0.00%      4.25 GF/s  setup=0.000 s
fftw1d_estimate          L=13  B=512   m=2000  inner=1      min=     0.075 us/xform  median=     0.075  sd=  0.02%      3.22 GF/s  setup=0.001 s
fftw1d_estimate          L=13  B=512   m=2000  inner=1      min=     0.075 us/xform  median=     0.075  sd=  0.01%      3.22 GF/s  setup=0.001 s
fftw1d_estimate          L=13  B=512   m=2000  inner=1      min=     0.075 us/xform  median=     0.075  sd=  0.01%      3.22 GF/s  setup=0.001 s
fftw1d_estimate          L=13  B=512   m=2     inner=22     min=     0.088 us/xform  median=     0.088  sd=  0.00%      2.73 GF/s  setup=0.001 s
fftw1d_measure           L=13  B=512   m=2000  inner=1      min=     0.058 us/xform  median=     0.058  sd=  0.02%      4.12 GF/s  setup=0.002 s
fftw1d_measure           L=13  B=512   m=2000  inner=1      min=     0.052 us/xform  median=     0.052  sd=  0.02%      4.61 GF/s  setup=0.002 s
fftw1d_measure           L=13  B=512   m=2000  inner=1      min=     0.052 us/xform  median=     0.052  sd=  0.02%      4.65 GF/s  setup=0.002 s
fftw1d_measure           L=13  B=512   m=2     inner=34     min=     0.056 us/xform  median=     0.056  sd=  0.00%      4.28 GF/s  setup=0.002 s
fftw1d_patient           L=13  B=512   m=2000  inner=1      min=     0.051 us/xform  median=     0.058  sd=  6.15%      4.69 GF/s  setup=0.002 s
fftw1d_patient           L=13  B=512   m=2000  inner=1      min=     0.051 us/xform  median=     0.051  sd=  0.01%      4.67 GF/s  setup=0.002 s
fftw1d_patient           L=13  B=512   m=2000  inner=1      min=     0.053 us/xform  median=     0.060  sd=  3.65%      4.54 GF/s  setup=0.002 s
fftw1d_patient           L=13  B=512   m=2     inner=24     min=     0.073 us/xform  median=     0.073  sd=  0.00%      3.28 GF/s  setup=0.003 s
mkl1d_dfti               L=13  B=512   m=2000  inner=1      min=     0.054 us/xform  median=     0.055  sd=  9.68%      4.43 GF/s  setup=0.049 s
mkl1d_dfti               L=13  B=512   m=2000  inner=1      min=     0.053 us/xform  median=     0.053  sd=  0.02%      4.54 GF/s  setup=0.048 s
mkl1d_dfti               L=13  B=512   m=2000  inner=1      min=     0.053 us/xform  median=     0.053  sd=  0.04%      4.54 GF/s  setup=0.054 s
mkl1d_dfti               L=13  B=512   m=2     inner=20     min=     0.092 us/xform  median=     0.092  sd=  0.00%      2.61 GF/s  setup=0.046 s
baseline_dft             L=60  B=512   m=1     inner=10     min=     7.457 us/xform  median=     7.457  sd=  0.01%      0.24 GF/s  setup=0.000 s
baseline_dft             L=60  B=512   m=1     inner=10     min=     6.179 us/xform  median=     6.179  sd=  0.02%      0.29 GF/s  setup=0.000 s
baseline_dft             L=60  B=512   m=1     inner=12     min=     6.179 us/xform  median=     6.179  sd=  0.00%      0.29 GF/s  setup=0.000 s
baseline_dft             L=60  B=512   m=1     inner=12     min=     6.179 us/xform  median=     6.179  sd=  0.01%      0.29 GF/s  setup=0.000 s
baseline_dft             L=60  B=512   m=1     inner=10     min=     7.458 us/xform  median=     7.458  sd=  0.01%      0.24 GF/s  setup=0.000 s
baseline_dft             L=60  B=512   m=1     inner=10     min=     6.178 us/xform  median=     6.179  sd=  0.01%      0.29 GF/s  setup=0.000 s
baseline_dft             L=60  B=512   m=1     inner=12     min=     6.178 us/xform  median=     6.179  sd=  0.05%      0.29 GF/s  setup=0.000 s
baseline_dft             L=60  B=512   m=1     inner=12     min=     6.178 us/xform  median=     6.178  sd=  0.00%      0.29 GF/s  setup=0.000 s
baseline_dft             L=60  B=512   m=1     inner=10     min=     6.178 us/xform  median=     6.179  sd=  0.04%      0.29 GF/s  setup=0.000 s
d1_batchlane             L=60  B=512   m=1     inner=1416   min=     0.054 us/xform  median=     0.059  sd=  3.50%     32.76 GF/s  setup=0.000 s
d1_batchlane             L=60  B=512   m=1     inner=1302   min=     0.059 us/xform  median=     0.059  sd=  0.05%     30.02 GF/s  setup=0.000 s
d1_batchlane             L=60  B=512   m=1     inner=1074   min=     0.056 us/xform  median=     0.056  sd=  0.06%     31.50 GF/s  setup=0.000 s
d1_batchlane             L=60  B=512   m=1     inner=1382   min=     0.056 us/xform  median=     0.056  sd=  0.04%     31.73 GF/s  setup=0.000 s
d1_batchlane             L=60  B=512   m=1     inner=695    min=     0.056 us/xform  median=     0.056  sd=  0.08%     31.56 GF/s  setup=0.000 s
d1_batchlane             L=60  B=512   m=1     inner=1090   min=     0.046 us/xform  median=     0.046  sd=  0.49%     38.64 GF/s  setup=0.000 s
d1_batchlane             L=60  B=512   m=1     inner=1172   min=     0.053 us/xform  median=     0.056  sd=  3.11%     33.56 GF/s  setup=0.000 s
d1_batchlane             L=60  B=512   m=1     inner=1106   min=     0.047 us/xform  median=     0.047  sd=  0.81%     37.69 GF/s  setup=0.000 s
d1_batchlane             L=60  B=512   m=1     inner=1178   min=     0.052 us/xform  median=     0.055  sd=  1.92%     33.88 GF/s  setup=0.000 s
d1_bluestein             L=60  B=512   m=1     inner=155    min=     0.253 us/xform  median=     0.255  sd=  0.32%      7.01 GF/s  setup=0.001 s
d1_bluestein             L=60  B=512   m=1     inner=278    min=     0.218 us/xform  median=     0.218  sd=  0.09%      8.14 GF/s  setup=0.001 s
d1_bluestein             L=60  B=512   m=1     inner=270    min=     0.221 us/xform  median=     0.221  sd=  0.07%      8.03 GF/s  setup=0.001 s
d1_bluestein             L=60  B=512   m=1     inner=252    min=     0.247 us/xform  median=     0.247  sd=  0.05%      7.18 GF/s  setup=0.001 s
d1_bluestein             L=60  B=512   m=1     inner=352    min=     0.192 us/xform  median=     0.221  sd=  5.96%      9.22 GF/s  setup=0.001 s
d1_bluestein             L=60  B=512   m=1     inner=264    min=     0.234 us/xform  median=     0.235  sd=  0.26%      7.58 GF/s  setup=0.001 s
d1_bluestein             L=60  B=512   m=1     inner=276    min=     0.192 us/xform  median=     0.193  sd=  0.23%      9.22 GF/s  setup=0.001 s
d1_bluestein             L=60  B=512   m=1     inner=284    min=     0.191 us/xform  median=     0.191  sd=  0.06%      9.30 GF/s  setup=0.001 s
d1_bluestein             L=60  B=512   m=1     inner=260    min=     0.207 us/xform  median=     0.207  sd=  0.04%      8.56 GF/s  setup=0.001 s
d1_composite             L=60  B=512   m=1     inner=1488   min=     0.052 us/xform  median=     0.054  sd=  1.33%     34.19 GF/s  setup=0.000 s
d1_composite             L=60  B=512   m=1     inner=731    min=     0.047 us/xform  median=     0.047  sd=  2.38%     38.00 GF/s  setup=0.000 s
d1_composite             L=60  B=512   m=1     inner=1186   min=     0.053 us/xform  median=     0.056  sd=  1.91%     33.59 GF/s  setup=0.000 s
d1_composite             L=60  B=512   m=1     inner=1180   min=     0.053 us/xform  median=     0.055  sd=  1.17%     33.55 GF/s  setup=0.000 s
d1_composite             L=60  B=512   m=1     inner=1146   min=     0.046 us/xform  median=     0.046  sd=  0.56%     38.88 GF/s  setup=0.000 s
d1_composite             L=60  B=512   m=1     inner=1136   min=     0.052 us/xform  median=     0.054  sd=  1.63%     34.17 GF/s  setup=0.000 s
d1_composite             L=60  B=512   m=1     inner=1220   min=     0.050 us/xform  median=     0.051  sd=  0.02%     35.10 GF/s  setup=0.000 s
d1_composite             L=60  B=512   m=1     inner=1114   min=     0.052 us/xform  median=     0.052  sd=  0.08%     34.29 GF/s  setup=0.000 s
d1_composite             L=60  B=512   m=1     inner=1222   min=     0.051 us/xform  median=     0.051  sd=  0.03%     35.08 GF/s  setup=0.000 s
d1_planner               L=60  B=512   m=1     inner=1338   min=     0.059 us/xform  median=     0.060  sd=  0.41%     29.94 GF/s  setup=0.000 s
d1_planner               L=60  B=512   m=1     inner=794    min=     0.046 us/xform  median=     0.046  sd=  2.65%     38.88 GF/s  setup=0.000 s
d1_planner               L=60  B=512   m=1     inner=1146   min=     0.055 us/xform  median=     0.061  sd=  4.23%     32.21 GF/s  setup=0.000 s
d1_planner               L=60  B=512   m=1     inner=1110   min=     0.051 us/xform  median=     0.051  sd=  0.05%     34.93 GF/s  setup=0.000 s
d1_planner               L=60  B=512   m=1     inner=1214   min=     0.051 us/xform  median=     0.051  sd=  0.06%     35.06 GF/s  setup=0.000 s
d1_planner               L=60  B=512   m=1     inner=1202   min=     0.050 us/xform  median=     0.050  sd=  0.03%     35.19 GF/s  setup=0.000 s
d1_planner               L=60  B=512   m=1     inner=1484   min=     0.052 us/xform  median=     0.052  sd=  0.03%     34.04 GF/s  setup=0.000 s
d1_planner               L=60  B=512   m=1     inner=1546   min=     0.044 us/xform  median=     0.050  sd=  6.45%     40.00 GF/s  setup=0.000 s
d1_planner               L=60  B=512   m=1     inner=1218   min=     0.050 us/xform  median=     0.051  sd=  0.15%     35.09 GF/s  setup=0.000 s
d1_race                  L=60  B=512   m=1     inner=1468   min=     0.044 us/xform  median=     0.044  sd=  4.41%     39.87 GF/s  setup=0.007 s
d1_race                  L=60  B=512   m=1     inner=1528   min=     0.051 us/xform  median=     0.051  sd=  0.05%     34.91 GF/s  setup=0.010 s
d1_race                  L=60  B=512   m=1     inner=1538   min=     0.051 us/xform  median=     0.051  sd=  0.23%     35.06 GF/s  setup=0.009 s
d1_race                  L=60  B=512   m=1     inner=1370   min=     0.056 us/xform  median=     0.056  sd=  0.05%     31.73 GF/s  setup=0.010 s
d1_race                  L=60  B=512   m=1     inner=1306   min=     0.047 us/xform  median=     0.048  sd=  9.62%     37.46 GF/s  setup=0.011 s
d1_race                  L=60  B=512   m=1     inner=1662   min=     0.047 us/xform  median=     0.047  sd=  0.14%     37.99 GF/s  setup=0.009 s
d1_race                  L=60  B=512   m=1     inner=1672   min=     0.046 us/xform  median=     0.046  sd=  0.03%     38.31 GF/s  setup=0.007 s
d1_race                  L=60  B=512   m=1     inner=1704   min=     0.045 us/xform  median=     0.045  sd=  0.03%     39.00 GF/s  setup=0.007 s
d1_race                  L=60  B=512   m=1     inner=1408   min=     0.047 us/xform  median=     0.055  sd=  4.98%     37.57 GF/s  setup=0.009 s
d1_twiddle               L=60  B=512   m=1     inner=476    min=     0.079 us/xform  median=     0.079  sd=  1.40%     22.41 GF/s  setup=0.000 s
d1_twiddle               L=60  B=512   m=1     inner=724    min=     0.075 us/xform  median=     0.075  sd=  0.13%     23.77 GF/s  setup=0.000 s
d1_twiddle               L=60  B=512   m=1     inner=978    min=     0.079 us/xform  median=     0.079  sd=  0.12%     22.40 GF/s  setup=0.000 s
d1_twiddle               L=60  B=512   m=1     inner=456    min=     0.075 us/xform  median=     0.075  sd=  0.68%     23.68 GF/s  setup=0.000 s
d1_twiddle               L=60  B=512   m=1     inner=674    min=     0.077 us/xform  median=     0.077  sd=  0.10%     23.04 GF/s  setup=0.000 s
d1_twiddle               L=60  B=512   m=1     inner=492    min=     0.079 us/xform  median=     0.079  sd=  0.91%     22.41 GF/s  setup=0.000 s
d1_twiddle               L=60  B=512   m=1     inner=1004   min=     0.077 us/xform  median=     0.077  sd=  0.08%     22.96 GF/s  setup=0.000 s
d1_twiddle               L=60  B=512   m=1     inner=690    min=     0.075 us/xform  median=     0.075  sd=  0.31%     23.76 GF/s  setup=0.000 s
d1_twiddle               L=60  B=512   m=1     inner=688    min=     0.086 us/xform  median=     0.087  sd=  0.73%     20.64 GF/s  setup=0.000 s
fftw1d_custom            L=60  B=512   m=1     inner=266    min=     0.293 us/xform  median=     0.293  sd=  0.07%      6.05 GF/s  setup=0.000 s
fftw1d_custom            L=60  B=512   m=1     inner=132    min=     0.296 us/xform  median=     0.296  sd=  0.11%      5.99 GF/s  setup=0.000 s
fftw1d_custom            L=60  B=512   m=1     inner=264    min=     0.295 us/xform  median=     0.295  sd=  0.03%      6.01 GF/s  setup=0.000 s
fftw1d_custom            L=60  B=512   m=1     inner=264    min=     0.246 us/xform  median=     0.288  sd=  8.98%      7.20 GF/s  setup=0.000 s
fftw1d_custom            L=60  B=512   m=1     inner=224    min=     0.240 us/xform  median=     0.240  sd=  0.04%      7.38 GF/s  setup=0.000 s
fftw1d_custom            L=60  B=512   m=1     inner=222    min=     0.246 us/xform  median=     0.247  sd=  0.21%      7.19 GF/s  setup=0.000 s
fftw1d_custom            L=60  B=512   m=1     inner=306    min=     0.246 us/xform  median=     0.246  sd=  0.05%      7.20 GF/s  setup=0.000 s
fftw1d_custom            L=60  B=512   m=1     inner=214    min=     0.238 us/xform  median=     0.239  sd=  0.10%      7.43 GF/s  setup=0.000 s
fftw1d_custom            L=60  B=512   m=1     inner=216    min=     0.245 us/xform  median=     0.245  sd=  0.06%      7.23 GF/s  setup=0.000 s
fftw1d_custom_soa        L=60  B=512   m=1     inner=376    min=     0.197 us/xform  median=     0.197  sd=  0.22%      9.01 GF/s  setup=0.000 s
fftw1d_custom_soa        L=60  B=512   m=1     inner=384    min=     0.197 us/xform  median=     0.198  sd=  0.04%      8.97 GF/s  setup=0.000 s
fftw1d_custom_soa        L=60  B=512   m=1     inner=380    min=     0.197 us/xform  median=     0.197  sd=  0.05%      8.99 GF/s  setup=0.000 s
fftw1d_custom_soa        L=60  B=512   m=1     inner=392    min=     0.196 us/xform  median=     0.196  sd=  0.02%      9.05 GF/s  setup=0.000 s
fftw1d_custom_soa        L=60  B=512   m=1     inner=392    min=     0.197 us/xform  median=     0.197  sd=  0.02%      9.00 GF/s  setup=0.000 s
fftw1d_custom_soa        L=60  B=512   m=1     inner=288    min=     0.214 us/xform  median=     0.215  sd=  0.03%      8.27 GF/s  setup=0.000 s
fftw1d_custom_soa        L=60  B=512   m=1     inner=298    min=     0.195 us/xform  median=     0.195  sd=  0.03%      9.07 GF/s  setup=0.000 s
fftw1d_custom_soa        L=60  B=512   m=1     inner=300    min=     0.216 us/xform  median=     0.216  sd=  0.04%      8.20 GF/s  setup=0.000 s
fftw1d_custom_soa        L=60  B=512   m=1     inner=288    min=     0.196 us/xform  median=     0.196  sd=  0.02%      9.03 GF/s  setup=0.000 s
fftw1d_estimate          L=60  B=512   m=1     inner=786    min=     0.098 us/xform  median=     0.101  sd=  0.93%     17.99 GF/s  setup=0.001 s
fftw1d_estimate          L=60  B=512   m=1     inner=582    min=     0.101 us/xform  median=     0.101  sd=  0.08%     17.55 GF/s  setup=0.001 s
fftw1d_estimate          L=60  B=512   m=1     inner=582    min=     0.101 us/xform  median=     0.101  sd=  0.06%     17.53 GF/s  setup=0.001 s
fftw1d_estimate          L=60  B=512   m=1     inner=578    min=     0.088 us/xform  median=     0.088  sd=  1.07%     20.24 GF/s  setup=0.001 s
fftw1d_estimate          L=60  B=512   m=1     inner=626    min=     0.099 us/xform  median=     0.101  sd=  1.12%     17.88 GF/s  setup=0.001 s
fftw1d_estimate          L=60  B=512   m=1     inner=584    min=     0.109 us/xform  median=     0.109  sd=  0.14%     16.31 GF/s  setup=0.001 s
fftw1d_estimate          L=60  B=512   m=1     inner=624    min=     0.085 us/xform  median=     0.086  sd=  0.17%     20.75 GF/s  setup=0.001 s
fftw1d_estimate          L=60  B=512   m=1     inner=636    min=     0.098 us/xform  median=     0.099  sd=  0.49%     18.15 GF/s  setup=0.001 s
fftw1d_estimate          L=60  B=512   m=1     inner=620    min=     0.099 us/xform  median=     0.100  sd=  0.09%     17.83 GF/s  setup=0.001 s
fftw1d_measure           L=60  B=512   m=1     inner=780    min=     0.097 us/xform  median=     0.097  sd=  0.04%     18.36 GF/s  setup=0.046 s
fftw1d_measure           L=60  B=512   m=1     inner=750    min=     0.104 us/xform  median=     0.105  sd=  0.44%     17.06 GF/s  setup=0.047 s
fftw1d_measure           L=60  B=512   m=1     inner=862    min=     0.089 us/xform  median=     0.089  sd=  0.11%     19.95 GF/s  setup=0.047 s
fftw1d_measure           L=60  B=512   m=1     inner=1058   min=     0.073 us/xform  median=     0.073  sd=  0.03%     24.24 GF/s  setup=0.045 s
fftw1d_measure           L=60  B=512   m=1     inner=898    min=     0.087 us/xform  median=     0.087  sd=  0.02%     20.42 GF/s  setup=0.046 s
fftw1d_measure           L=60  B=512   m=1     inner=1114   min=     0.070 us/xform  median=     0.070  sd=  0.04%     25.34 GF/s  setup=0.046 s
fftw1d_measure           L=60  B=512   m=1     inner=760    min=     0.104 us/xform  median=     0.106  sd=  0.63%     17.06 GF/s  setup=0.047 s
fftw1d_measure           L=60  B=512   m=1     inner=746    min=     0.104 us/xform  median=     0.104  sd=  0.04%     17.00 GF/s  setup=0.047 s
fftw1d_measure           L=60  B=512   m=1     inner=840    min=     0.088 us/xform  median=     0.088  sd=  0.14%     20.19 GF/s  setup=0.048 s
fftw1d_patient           L=60  B=512   m=1     inner=994    min=     0.077 us/xform  median=     0.077  sd=  0.03%     22.89 GF/s  setup=0.437 s
fftw1d_patient           L=60  B=512   m=1     inner=1124   min=     0.069 us/xform  median=     0.069  sd=  0.03%     25.71 GF/s  setup=0.391 s
fftw1d_patient           L=60  B=512   m=1     inner=1156   min=     0.067 us/xform  median=     0.067  sd=  0.03%     26.43 GF/s  setup=0.382 s
fftw1d_patient           L=60  B=512   m=1     inner=982    min=     0.079 us/xform  median=     0.079  sd=  0.09%     22.55 GF/s  setup=0.440 s
fftw1d_patient           L=60  B=512   m=1     inner=1096   min=     0.070 us/xform  median=     0.070  sd=  0.04%     25.32 GF/s  setup=0.430 s
fftw1d_patient           L=60  B=512   m=1     inner=1112   min=     0.070 us/xform  median=     0.070  sd=  0.05%     25.37 GF/s  setup=0.390 s
fftw1d_patient           L=60  B=512   m=1     inner=1162   min=     0.067 us/xform  median=     0.067  sd=  0.02%     26.64 GF/s  setup=0.386 s
fftw1d_patient           L=60  B=512   m=1     inner=1114   min=     0.070 us/xform  median=     0.070  sd=  0.07%     25.37 GF/s  setup=0.390 s
fftw1d_patient           L=60  B=512   m=1     inner=1206   min=     0.065 us/xform  median=     0.065  sd=  0.07%     27.47 GF/s  setup=0.383 s
mkl1d_dfti               L=60  B=512   m=1     inner=1512   min=     0.050 us/xform  median=     0.051  sd=  1.37%     35.57 GF/s  setup=0.002 s
mkl1d_dfti               L=60  B=512   m=1     inner=1104   min=     0.057 us/xform  median=     0.058  sd=  0.06%     30.83 GF/s  setup=0.002 s
mkl1d_dfti               L=60  B=512   m=1     inner=972    min=     0.046 us/xform  median=     0.046  sd=  2.26%     38.78 GF/s  setup=0.002 s
mkl1d_dfti               L=60  B=512   m=1     inner=1728   min=     0.045 us/xform  median=     0.045  sd=  0.06%     39.72 GF/s  setup=0.001 s
mkl1d_dfti               L=60  B=512   m=1     inner=899    min=     0.043 us/xform  median=     0.043  sd=  0.09%     40.87 GF/s  setup=0.001 s
mkl1d_dfti               L=60  B=512   m=1     inner=1768   min=     0.044 us/xform  median=     0.044  sd=  0.04%     40.40 GF/s  setup=0.001 s
mkl1d_dfti               L=60  B=512   m=1     inner=1240   min=     0.049 us/xform  median=     0.049  sd=  0.04%     36.07 GF/s  setup=0.002 s
mkl1d_dfti               L=60  B=512   m=1     inner=1158   min=     0.044 us/xform  median=     0.045  sd=  1.15%     39.87 GF/s  setup=0.002 s
mkl1d_dfti               L=60  B=512   m=1     inner=1250   min=     0.049 us/xform  median=     0.049  sd=  0.09%     36.04 GF/s  setup=0.002 s
baseline_dft             L=13  B=512   m=1     inner=252    min=     0.290 us/xform  median=     0.290  sd=  1.09%      0.83 GF/s  setup=0.000 s
baseline_dft             L=13  B=512   m=1     inner=176    min=     0.350 us/xform  median=     0.350  sd=  0.00%      0.69 GF/s  setup=0.000 s
baseline_dft             L=13  B=512   m=1     inner=222    min=     0.350 us/xform  median=     0.350  sd=  0.02%      0.69 GF/s  setup=0.000 s
baseline_dft             L=13  B=512   m=1     inner=168    min=     0.290 us/xform  median=     0.290  sd=  0.12%      0.83 GF/s  setup=0.000 s
baseline_dft             L=13  B=512   m=1     inner=260    min=     0.290 us/xform  median=     0.290  sd=  0.06%      0.83 GF/s  setup=0.000 s
baseline_dft             L=13  B=512   m=1     inner=260    min=     0.290 us/xform  median=     0.290  sd=  0.00%      0.83 GF/s  setup=0.000 s
baseline_dft             L=13  B=512   m=1     inner=176    min=     0.290 us/xform  median=     0.290  sd=  0.06%      0.83 GF/s  setup=0.000 s
baseline_dft             L=13  B=512   m=1     inner=168    min=     0.290 us/xform  median=     0.290  sd=  0.58%      0.83 GF/s  setup=0.000 s
baseline_dft             L=13  B=512   m=1     inner=168    min=     0.350 us/xform  median=     0.350  sd=  0.24%      0.69 GF/s  setup=0.000 s
d1_batchlane             L=13  B=512   m=1     inner=5370   min=     0.011 us/xform  median=     0.011  sd=  0.05%     21.78 GF/s  setup=0.000 s
d1_batchlane             L=13  B=512   m=1     inner=6254   min=     0.011 us/xform  median=     0.011  sd=  0.10%     22.30 GF/s  setup=0.000 s
d1_batchlane             L=13  B=512   m=1     inner=5378   min=     0.011 us/xform  median=     0.011  sd=  0.03%     22.14 GF/s  setup=0.000 s
d1_batchlane             L=13  B=512   m=1     inner=5624   min=     0.011 us/xform  median=     0.011  sd=  0.08%     22.32 GF/s  setup=0.000 s
d1_batchlane             L=13  B=512   m=1     inner=7162   min=     0.011 us/xform  median=     0.011  sd=  0.21%     22.33 GF/s  setup=0.000 s
d1_batchlane             L=13  B=512   m=1     inner=7158   min=     0.011 us/xform  median=     0.011  sd=  0.04%     22.21 GF/s  setup=0.000 s
d1_batchlane             L=13  B=512   m=1     inner=7022   min=     0.010 us/xform  median=     0.010  sd=  5.98%     24.96 GF/s  setup=0.000 s
d1_batchlane             L=13  B=512   m=1     inner=7248   min=     0.009 us/xform  median=     0.010  sd=  0.03%     25.32 GF/s  setup=0.000 s
d1_batchlane             L=13  B=512   m=1     inner=6998   min=     0.010 us/xform  median=     0.010  sd=  0.25%     25.24 GF/s  setup=0.000 s
d1_bluestein             L=13  B=512   m=1     inner=736    min=     0.105 us/xform  median=     0.106  sd=  0.09%      2.28 GF/s  setup=0.000 s
d1_bluestein             L=13  B=512   m=1     inner=742    min=     0.105 us/xform  median=     0.105  sd=  0.12%      2.30 GF/s  setup=0.000 s
d1_bluestein             L=13  B=512   m=1     inner=373    min=     0.087 us/xform  median=     0.087  sd=  8.20%      2.78 GF/s  setup=0.000 s
d1_bluestein             L=13  B=512   m=1     inner=451    min=     0.087 us/xform  median=     0.087  sd=  0.09%      2.78 GF/s  setup=0.000 s
d1_bluestein             L=13  B=512   m=1     inner=564    min=     0.104 us/xform  median=     0.105  sd=  0.10%      2.31 GF/s  setup=0.000 s
d1_bluestein             L=13  B=512   m=1     inner=568    min=     0.087 us/xform  median=     0.087  sd=  0.13%      2.78 GF/s  setup=0.000 s
d1_bluestein             L=13  B=512   m=1     inner=566    min=     0.104 us/xform  median=     0.105  sd=  0.09%      2.30 GF/s  setup=0.000 s
d1_bluestein             L=13  B=512   m=1     inner=373    min=     0.105 us/xform  median=     0.105  sd=  0.08%      2.30 GF/s  setup=0.000 s
d1_bluestein             L=13  B=512   m=1     inner=742    min=     0.105 us/xform  median=     0.105  sd=  0.06%      2.30 GF/s  setup=0.000 s
d1_planner               L=13  B=512   m=1     inner=6212   min=     0.009 us/xform  median=     0.009  sd=  1.09%     25.66 GF/s  setup=0.000 s
d1_planner               L=13  B=512   m=1     inner=5438   min=     0.011 us/xform  median=     0.011  sd=  0.11%     22.55 GF/s  setup=0.000 s
d1_planner               L=13  B=512   m=1     inner=5948   min=     0.009 us/xform  median=     0.009  sd=  0.09%     25.64 GF/s  setup=0.000 s
d1_planner               L=13  B=512   m=1     inner=6126   min=     0.010 us/xform  median=     0.010  sd=  0.07%     25.14 GF/s  setup=0.000 s
d1_planner               L=13  B=512   m=1     inner=6166   min=     0.009 us/xform  median=     0.009  sd=  0.20%     25.63 GF/s  setup=0.000 s
d1_planner               L=13  B=512   m=1     inner=5464   min=     0.011 us/xform  median=     0.011  sd=  0.09%     22.55 GF/s  setup=0.000 s
d1_planner               L=13  B=512   m=1     inner=5448   min=     0.011 us/xform  median=     0.011  sd=  0.11%     22.47 GF/s  setup=0.000 s
d1_planner               L=13  B=512   m=1     inner=5706   min=     0.011 us/xform  median=     0.011  sd=  0.16%     22.51 GF/s  setup=0.000 s
d1_planner               L=13  B=512   m=1     inner=5510   min=     0.009 us/xform  median=     0.009  sd=  0.13%     25.64 GF/s  setup=0.000 s
d1_prime                 L=13  B=512   m=1     inner=7048   min=     0.011 us/xform  median=     0.011  sd=  0.02%     22.52 GF/s  setup=0.000 s
d1_prime                 L=13  B=512   m=1     inner=5946   min=     0.011 us/xform  median=     0.011  sd=  0.03%     22.54 GF/s  setup=0.000 s
d1_prime                 L=13  B=512   m=1     inner=7132   min=     0.011 us/xform  median=     0.011  sd=  0.02%     22.52 GF/s  setup=0.000 s
d1_prime                 L=13  B=512   m=1     inner=7190   min=     0.009 us/xform  median=     0.009  sd=  4.29%     25.59 GF/s  setup=0.000 s
d1_prime                 L=13  B=512   m=1     inner=5994   min=     0.009 us/xform  median=     0.009  sd=  0.03%     25.64 GF/s  setup=0.000 s
d1_prime                 L=13  B=512   m=1     inner=8138   min=     0.009 us/xform  median=     0.009  sd=  0.02%     25.65 GF/s  setup=0.000 s
d1_prime                 L=13  B=512   m=1     inner=8204   min=     0.009 us/xform  median=     0.009  sd=  0.03%     25.61 GF/s  setup=0.000 s
d1_prime                 L=13  B=512   m=1     inner=8246   min=     0.009 us/xform  median=     0.009  sd=  0.03%     25.64 GF/s  setup=0.000 s
d1_prime                 L=13  B=512   m=1     inner=8284   min=     0.009 us/xform  median=     0.009  sd=  0.03%     25.63 GF/s  setup=0.000 s
d1_race                  L=13  B=512   m=1     inner=6618   min=     0.011 us/xform  median=     0.011  sd=  0.08%     21.74 GF/s  setup=0.007 s
d1_race                  L=13  B=512   m=1     inner=7694   min=     0.010 us/xform  median=     0.010  sd=  0.09%     25.08 GF/s  setup=0.009 s
d1_race                  L=13  B=512   m=1     inner=5352   min=     0.011 us/xform  median=     0.011  sd=  0.08%     22.17 GF/s  setup=0.008 s
d1_race                  L=13  B=512   m=1     inner=6770   min=     0.011 us/xform  median=     0.011  sd=  0.18%     22.20 GF/s  setup=0.009 s
d1_race                  L=13  B=512   m=1     inner=6632   min=     0.009 us/xform  median=     0.010  sd=  0.08%     25.34 GF/s  setup=0.009 s
d1_race                  L=13  B=512   m=1     inner=7696   min=     0.010 us/xform  median=     0.010  sd=  0.20%     25.16 GF/s  setup=0.008 s
d1_race                  L=13  B=512   m=1     inner=6932   min=     0.010 us/xform  median=     0.011  sd=  5.73%     25.20 GF/s  setup=0.007 s
d1_race                  L=13  B=512   m=1     inner=7074   min=     0.011 us/xform  median=     0.011  sd=  0.07%     22.23 GF/s  setup=0.007 s
d1_race                  L=13  B=512   m=1     inner=5250   min=     0.010 us/xform  median=     0.010  sd=  5.91%     24.94 GF/s  setup=0.008 s
d1_rader                 L=13  B=512   m=1     inner=6772   min=     0.011 us/xform  median=     0.011  sd=  0.09%     22.49 GF/s  setup=0.000 s
d1_rader                 L=13  B=512   m=1     inner=7142   min=     0.011 us/xform  median=     0.011  sd=  0.07%     22.50 GF/s  setup=0.000 s
d1_rader                 L=13  B=512   m=1     inner=6166   min=     0.009 us/xform  median=     0.009  sd=  0.07%     25.60 GF/s  setup=0.000 s
d1_rader                 L=13  B=512   m=1     inner=5918   min=     0.009 us/xform  median=     0.009  sd=  0.09%     25.62 GF/s  setup=0.000 s
d1_rader                 L=13  B=512   m=1     inner=5654   min=     0.011 us/xform  median=     0.011  sd=  0.11%     22.14 GF/s  setup=0.000 s
d1_rader                 L=13  B=512   m=1     inner=7238   min=     0.011 us/xform  median=     0.011  sd=  0.06%     22.52 GF/s  setup=0.000 s
d1_rader                 L=13  B=512   m=1     inner=7210   min=     0.011 us/xform  median=     0.011  sd=  0.12%     22.51 GF/s  setup=0.000 s
d1_rader                 L=13  B=512   m=1     inner=7206   min=     0.009 us/xform  median=     0.009  sd=  0.10%     25.62 GF/s  setup=0.000 s
d1_rader                 L=13  B=512   m=1     inner=4064   min=     0.009 us/xform  median=     0.009  sd=  0.24%     25.62 GF/s  setup=0.000 s
fftw1d_custom            L=13  B=512   m=1     inner=897    min=     0.041 us/xform  median=     0.041  sd=  1.96%      5.89 GF/s  setup=0.000 s
fftw1d_custom            L=13  B=512   m=1     inner=959    min=     0.041 us/xform  median=     0.041  sd=  0.02%      5.92 GF/s  setup=0.000 s
fftw1d_custom            L=13  B=512   m=1     inner=1210   min=     0.049 us/xform  median=     0.049  sd=  0.01%      4.92 GF/s  setup=0.000 s
fftw1d_custom            L=13  B=512   m=1     inner=1596   min=     0.049 us/xform  median=     0.049  sd=  0.01%      4.93 GF/s  setup=0.000 s
fftw1d_custom            L=13  B=512   m=1     inner=1206   min=     0.049 us/xform  median=     0.049  sd=  0.92%      4.90 GF/s  setup=0.000 s
fftw1d_custom            L=13  B=512   m=1     inner=1266   min=     0.049 us/xform  median=     0.049  sd=  0.02%      4.92 GF/s  setup=0.000 s
fftw1d_custom            L=13  B=512   m=1     inner=1204   min=     0.049 us/xform  median=     0.049  sd=  0.03%      4.92 GF/s  setup=0.000 s
fftw1d_custom            L=13  B=512   m=1     inner=1262   min=     0.049 us/xform  median=     0.049  sd=  0.04%      4.92 GF/s  setup=0.000 s
fftw1d_custom            L=13  B=512   m=1     inner=1208   min=     0.049 us/xform  median=     0.049  sd=  0.04%      4.92 GF/s  setup=0.000 s
fftw1d_custom_soa        L=13  B=512   m=1     inner=2118   min=     0.037 us/xform  median=     0.037  sd=  0.04%      6.57 GF/s  setup=0.000 s
fftw1d_custom_soa        L=13  B=512   m=1     inner=1590   min=     0.032 us/xform  median=     0.032  sd=  0.07%      7.43 GF/s  setup=0.000 s
fftw1d_custom_soa        L=13  B=512   m=1     inner=2336   min=     0.032 us/xform  median=     0.032  sd=  0.05%      7.49 GF/s  setup=0.000 s
fftw1d_custom_soa        L=13  B=512   m=1     inner=1602   min=     0.037 us/xform  median=     0.037  sd=  0.05%      6.54 GF/s  setup=0.000 s
fftw1d_custom_soa        L=13  B=512   m=1     inner=1674   min=     0.037 us/xform  median=     0.037  sd=  0.03%      6.55 GF/s  setup=0.000 s
fftw1d_custom_soa        L=13  B=512   m=1     inner=1036   min=     0.037 us/xform  median=     0.037  sd=  0.06%      6.44 GF/s  setup=0.000 s
fftw1d_custom_soa        L=13  B=512   m=1     inner=1590   min=     0.037 us/xform  median=     0.037  sd=  0.03%      6.50 GF/s  setup=0.000 s
fftw1d_custom_soa        L=13  B=512   m=1     inner=2110   min=     0.037 us/xform  median=     0.037  sd=  0.05%      6.54 GF/s  setup=0.000 s
fftw1d_custom_soa        L=13  B=512   m=1     inner=2068   min=     0.038 us/xform  median=     0.038  sd=  0.03%      6.40 GF/s  setup=0.000 s
fftw1d_estimate          L=13  B=512   m=1     inner=1938   min=     0.040 us/xform  median=     0.040  sd=  0.10%      6.01 GF/s  setup=0.001 s
fftw1d_estimate          L=13  B=512   m=1     inner=1940   min=     0.040 us/xform  median=     0.040  sd=  0.05%      6.00 GF/s  setup=0.001 s
fftw1d_estimate          L=13  B=512   m=1     inner=1546   min=     0.040 us/xform  median=     0.040  sd=  0.08%      6.02 GF/s  setup=0.001 s
fftw1d_estimate          L=13  B=512   m=1     inner=1478   min=     0.040 us/xform  median=     0.040  sd=  0.06%      6.01 GF/s  setup=0.001 s
fftw1d_estimate          L=13  B=512   m=1     inner=1480   min=     0.040 us/xform  median=     0.040  sd=  0.16%      6.02 GF/s  setup=0.001 s
fftw1d_estimate          L=13  B=512   m=1     inner=1492   min=     0.041 us/xform  median=     0.041  sd=  0.03%      5.83 GF/s  setup=0.001 s
fftw1d_estimate          L=13  B=512   m=1     inner=1418   min=     0.041 us/xform  median=     0.041  sd=  0.03%      5.81 GF/s  setup=0.001 s
fftw1d_estimate          L=13  B=512   m=1     inner=1416   min=     0.041 us/xform  median=     0.041  sd=  0.05%      5.81 GF/s  setup=0.001 s
fftw1d_estimate          L=13  B=512   m=1     inner=1864   min=     0.040 us/xform  median=     0.041  sd=  1.74%      6.01 GF/s  setup=0.001 s
fftw1d_measure           L=13  B=512   m=1     inner=5202   min=     0.014 us/xform  median=     0.014  sd=  0.05%     16.94 GF/s  setup=0.002 s
fftw1d_measure           L=13  B=512   m=1     inner=4346   min=     0.014 us/xform  median=     0.014  sd=  0.06%     17.13 GF/s  setup=0.002 s
fftw1d_measure           L=13  B=512   m=1     inner=5414   min=     0.014 us/xform  median=     0.014  sd=  0.05%     16.98 GF/s  setup=0.002 s
fftw1d_measure           L=13  B=512   m=1     inner=5310   min=     0.014 us/xform  median=     0.015  sd=  0.06%     16.59 GF/s  setup=0.002 s
fftw1d_measure           L=13  B=512   m=1     inner=5362   min=     0.013 us/xform  median=     0.013  sd=  6.33%     19.17 GF/s  setup=0.002 s
fftw1d_measure           L=13  B=512   m=1     inner=4146   min=     0.014 us/xform  median=     0.014  sd=  0.06%     17.00 GF/s  setup=0.002 s
fftw1d_measure           L=13  B=512   m=1     inner=4374   min=     0.012 us/xform  median=     0.012  sd=  0.05%     19.40 GF/s  setup=0.002 s
fftw1d_measure           L=13  B=512   m=1     inner=6194   min=     0.012 us/xform  median=     0.012  sd=  0.08%     19.48 GF/s  setup=0.002 s
fftw1d_measure           L=13  B=512   m=1     inner=4046   min=     0.014 us/xform  median=     0.014  sd=  0.05%     16.75 GF/s  setup=0.002 s
fftw1d_patient           L=13  B=512   m=1     inner=5424   min=     0.014 us/xform  median=     0.014  sd=  0.03%     17.14 GF/s  setup=0.002 s
fftw1d_patient           L=13  B=512   m=1     inner=4100   min=     0.015 us/xform  median=     0.015  sd=  0.08%     16.30 GF/s  setup=0.003 s
fftw1d_patient           L=13  B=512   m=1     inner=4304   min=     0.014 us/xform  median=     0.014  sd=  0.07%     17.08 GF/s  setup=0.003 s
fftw1d_patient           L=13  B=512   m=1     inner=4412   min=     0.014 us/xform  median=     0.014  sd=  0.07%     17.27 GF/s  setup=0.003 s
fftw1d_patient           L=13  B=512   m=1     inner=5306   min=     0.014 us/xform  median=     0.014  sd=  0.07%     16.70 GF/s  setup=0.002 s
fftw1d_patient           L=13  B=512   m=1     inner=5470   min=     0.012 us/xform  median=     0.012  sd=  5.98%     19.50 GF/s  setup=0.002 s
fftw1d_patient           L=13  B=512   m=1     inner=4116   min=     0.014 us/xform  median=     0.014  sd=  0.05%     16.91 GF/s  setup=0.002 s
fftw1d_patient           L=13  B=512   m=1     inner=3504   min=     0.014 us/xform  median=     0.014  sd=  0.07%     17.16 GF/s  setup=0.003 s
fftw1d_patient           L=13  B=512   m=1     inner=4226   min=     0.013 us/xform  median=     0.013  sd=  0.10%     19.08 GF/s  setup=0.002 s
mkl1d_dfti               L=13  B=512   m=1     inner=2176   min=     0.020 us/xform  median=     0.020  sd=  1.23%     12.27 GF/s  setup=0.051 s
mkl1d_dfti               L=13  B=512   m=1     inner=3998   min=     0.019 us/xform  median=     0.019  sd=  0.23%     12.49 GF/s  setup=0.032 s
mkl1d_dfti               L=13  B=512   m=1     inner=3928   min=     0.020 us/xform  median=     0.020  sd=  0.06%     12.26 GF/s  setup=0.015 s
mkl1d_dfti               L=13  B=512   m=1     inner=3970   min=     0.019 us/xform  median=     0.019  sd=  0.16%     12.49 GF/s  setup=0.054 s
mkl1d_dfti               L=13  B=512   m=1     inner=3976   min=     0.019 us/xform  median=     0.019  sd=  0.12%     12.44 GF/s  setup=0.015 s
mkl1d_dfti               L=13  B=512   m=1     inner=3984   min=     0.016 us/xform  median=     0.016  sd=  0.14%     15.06 GF/s  setup=0.014 s
mkl1d_dfti               L=13  B=512   m=1     inner=4554   min=     0.016 us/xform  median=     0.016  sd=  0.09%     15.05 GF/s  setup=0.031 s
mkl1d_dfti               L=13  B=512   m=1     inner=4548   min=     0.016 us/xform  median=     0.016  sd=  0.21%     15.03 GF/s  setup=0.030 s
mkl1d_dfti               L=13  B=512   m=1     inner=4552   min=     0.016 us/xform  median=     0.016  sd=  0.15%     15.04 GF/s  setup=0.031 s
   skipping baseline_dft at L=16384 B=1 (too expensive to be informative)
d1_bluestein             L=16384 B=1     m=250   inner=1      min=   126.219 us/xform  median=   126.346  sd=  0.09%      9.09 GF/s  setup=0.003 s
d1_bluestein             L=16384 B=1     m=250   inner=1      min=   124.638 us/xform  median=   124.798  sd=  0.05%      9.20 GF/s  setup=0.004 s
d1_bluestein             L=16384 B=1     m=250   inner=1      min=   124.308 us/xform  median=   124.354  sd=  0.02%      9.23 GF/s  setup=0.003 s
d1_bluestein             L=16384 B=1     m=2     inner=6      min=   132.027 us/xform  median=   132.027  sd=  0.00%      8.69 GF/s  setup=0.003 s
d1_planner               L=16384 B=1     m=250   inner=2      min=    43.626 us/xform  median=    43.647  sd=  0.02%     26.29 GF/s  setup=0.003 s
d1_planner               L=16384 B=1     m=250   inner=2      min=    44.369 us/xform  median=    44.440  sd=  0.07%     25.85 GF/s  setup=0.004 s
d1_planner               L=16384 B=1     m=250   inner=2      min=    44.010 us/xform  median=    44.051  sd=  0.07%     26.06 GF/s  setup=0.003 s
d1_planner               L=16384 B=1     m=2     inner=12     min=    64.817 us/xform  median=    64.817  sd=  0.00%     17.69 GF/s  setup=0.003 s
d1_pow2                  L=16384 B=1     m=250   inner=2      min=    52.257 us/xform  median=    52.396  sd=  0.14%     21.95 GF/s  setup=0.003 s
d1_pow2                  L=16384 B=1     m=250   inner=2      min=    56.863 us/xform  median=    57.558  sd=  0.36%     20.17 GF/s  setup=0.003 s
d1_pow2                  L=16384 B=1     m=250   inner=2      min=    46.948 us/xform  median=    47.253  sd=  6.69%     24.43 GF/s  setup=0.003 s
d1_pow2                  L=16384 B=1     m=2     inner=14     min=    60.609 us/xform  median=    60.609  sd=  0.00%     18.92 GF/s  setup=0.003 s
d1_race                  L=16384 B=1     m=250   inner=2      min=    43.382 us/xform  median=    43.394  sd=  0.03%     26.44 GF/s  setup=0.012 s
d1_race                  L=16384 B=1     m=250   inner=2      min=    43.804 us/xform  median=    43.846  sd=  0.06%     26.18 GF/s  setup=0.018 s
d1_race                  L=16384 B=1     m=250   inner=2      min=    44.042 us/xform  median=    44.061  sd=  0.03%     26.04 GF/s  setup=0.018 s
d1_race                  L=16384 B=1     m=2     inner=14     min=    63.933 us/xform  median=    63.933  sd=  0.00%     17.94 GF/s  setup=0.013 s
d1_twiddle               L=16384 B=1     m=250   inner=2      min=    53.554 us/xform  median=    53.568  sd=  0.01%     21.42 GF/s  setup=0.001 s
d1_twiddle               L=16384 B=1     m=250   inner=2      min=    60.914 us/xform  median=    60.937  sd=  0.02%     18.83 GF/s  setup=0.001 s
d1_twiddle               L=16384 B=1     m=250   inner=2      min=    52.868 us/xform  median=    52.880  sd=  0.01%     21.69 GF/s  setup=0.001 s
d1_twiddle               L=16384 B=1     m=2     inner=16     min=    58.631 us/xform  median=    58.631  sd=  0.00%     19.56 GF/s  setup=0.001 s
fftw1d_estimate          L=16384 B=1     m=250   inner=1      min=   135.448 us/xform  median=   135.471  sd=  0.01%      8.47 GF/s  setup=0.001 s
fftw1d_estimate          L=16384 B=1     m=250   inner=1      min=   136.285 us/xform  median=   136.302  sd=  0.03%      8.42 GF/s  setup=0.001 s
fftw1d_estimate          L=16384 B=1     m=250   inner=1      min=   136.458 us/xform  median=   136.491  sd=  0.03%      8.40 GF/s  setup=0.001 s
fftw1d_estimate          L=16384 B=1     m=2     inner=6      min=   131.224 us/xform  median=   131.224  sd=  0.00%      8.74 GF/s  setup=0.001 s
fftw1d_measure           L=16384 B=1     m=250   inner=1      min=    85.368 us/xform  median=    85.383  sd=  0.01%     13.43 GF/s  setup=0.568 s
fftw1d_measure           L=16384 B=1     m=250   inner=1      min=    97.168 us/xform  median=    97.179  sd=  0.05%     11.80 GF/s  setup=0.620 s
fftw1d_measure           L=16384 B=1     m=250   inner=1      min=    96.629 us/xform  median=    96.753  sd=  0.08%     11.87 GF/s  setup=0.634 s
fftw1d_measure           L=16384 B=1     m=2     inner=10     min=    90.507 us/xform  median=    90.507  sd=  0.00%     12.67 GF/s  setup=0.571 s
fftw1d_patient           L=16384 B=1     m=250   inner=1      min=    81.979 us/xform  median=    81.991  sd=  0.01%     13.99 GF/s  setup=6.249 s
fftw1d_patient           L=16384 B=1     m=250   inner=1      min=    82.381 us/xform  median=    82.400  sd=  0.02%     13.92 GF/s  setup=6.253 s
fftw1d_patient           L=16384 B=1     m=250   inner=1      min=    82.480 us/xform  median=    82.507  sd=  0.01%     13.90 GF/s  setup=6.267 s
fftw1d_patient           L=16384 B=1     m=2     inner=10     min=    86.292 us/xform  median=    86.292  sd=  0.00%     13.29 GF/s  setup=6.305 s
mkl1d_dfti               L=16384 B=1     m=250   inner=1      min=    99.666 us/xform  median=   102.744  sd=  0.87%     11.51 GF/s  setup=0.002 s
mkl1d_dfti               L=16384 B=1     m=250   inner=1      min=   101.453 us/xform  median=   101.485  sd=  0.04%     11.30 GF/s  setup=0.003 s
mkl1d_dfti               L=16384 B=1     m=250   inner=1      min=   100.949 us/xform  median=   100.989  sd=  0.02%     11.36 GF/s  setup=0.003 s
mkl1d_dfti               L=16384 B=1     m=2     inner=8      min=   109.520 us/xform  median=   109.520  sd=  0.00%     10.47 GF/s  setup=0.003 s
baseline_dft             L=31  B=1     m=1     inner=14700  min=     1.998 us/xform  median=     1.998  sd=  0.02%      0.38 GF/s  setup=0.000 s
baseline_dft             L=31  B=1     m=1     inner=15338  min=     1.998 us/xform  median=     1.998  sd=  0.03%      0.38 GF/s  setup=0.000 s
baseline_dft             L=31  B=1     m=1     inner=15384  min=     1.998 us/xform  median=     1.998  sd=  0.02%      0.38 GF/s  setup=0.000 s
baseline_dft             L=31  B=1     m=1     inner=14280  min=     1.998 us/xform  median=     1.998  sd=  0.02%      0.38 GF/s  setup=0.000 s
baseline_dft             L=31  B=1     m=1     inner=14666  min=     2.000 us/xform  median=     2.000  sd=  0.02%      0.38 GF/s  setup=0.000 s
baseline_dft             L=31  B=1     m=1     inner=15374  min=     1.998 us/xform  median=     1.998  sd=  0.01%      0.38 GF/s  setup=0.000 s
baseline_dft             L=31  B=1     m=1     inner=19294  min=     1.998 us/xform  median=     1.998  sd=  0.02%      0.38 GF/s  setup=0.000 s
baseline_dft             L=31  B=1     m=1     inner=15372  min=     1.998 us/xform  median=     1.998  sd=  0.01%      0.38 GF/s  setup=0.000 s
baseline_dft             L=31  B=1     m=1     inner=19342  min=     1.998 us/xform  median=     1.998  sd=  0.06%      0.38 GF/s  setup=0.000 s
d1_batchlane             L=31  B=1     m=1     inner=713232 min=     0.056 us/xform  median=     0.056  sd=  0.03%     13.74 GF/s  setup=0.000 s
d1_batchlane             L=31  B=1     m=1     inner=584530 min=     0.055 us/xform  median=     0.055  sd=  0.02%     13.95 GF/s  setup=0.000 s
d1_batchlane             L=31  B=1     m=1     inner=588428 min=     0.055 us/xform  median=     0.055  sd=  0.08%     14.08 GF/s  setup=0.000 s
d1_batchlane             L=31  B=1     m=1     inner=581614 min=     0.055 us/xform  median=     0.055  sd=  0.01%     13.91 GF/s  setup=0.000 s
d1_batchlane             L=31  B=1     m=1     inner=677030 min=     0.059 us/xform  median=     0.059  sd=  0.01%     13.04 GF/s  setup=0.000 s
d1_batchlane             L=31  B=1     m=1     inner=721680 min=     0.055 us/xform  median=     0.055  sd=  0.00%     13.92 GF/s  setup=0.000 s
d1_batchlane             L=31  B=1     m=1     inner=569196 min=     0.055 us/xform  median=     0.055  sd=  0.05%     14.00 GF/s  setup=0.000 s
d1_batchlane             L=31  B=1     m=1     inner=653846 min=     0.061 us/xform  median=     0.061  sd=  0.02%     12.60 GF/s  setup=0.000 s
d1_batchlane             L=31  B=1     m=1     inner=555134 min=     0.056 us/xform  median=     0.056  sd=  0.03%     13.82 GF/s  setup=0.000 s
d1_bluestein             L=31  B=1     m=1     inner=188646 min=     0.211 us/xform  median=     0.212  sd=  0.38%      3.64 GF/s  setup=0.002 s
d1_bluestein             L=31  B=1     m=1     inner=140470 min=     0.217 us/xform  median=     0.218  sd=  1.75%      3.54 GF/s  setup=0.002 s
d1_bluestein             L=31  B=1     m=1     inner=149156 min=     0.211 us/xform  median=     0.212  sd=  0.31%      3.64 GF/s  setup=0.001 s
d1_bluestein             L=31  B=1     m=1     inner=150366 min=     0.211 us/xform  median=     0.212  sd=  0.25%      3.63 GF/s  setup=0.002 s
d1_bluestein             L=31  B=1     m=1     inner=86031  min=     0.232 us/xform  median=     0.233  sd=  0.26%      3.31 GF/s  setup=0.002 s
d1_bluestein             L=31  B=1     m=1     inner=143834 min=     0.221 us/xform  median=     0.222  sd=  0.19%      3.47 GF/s  setup=0.001 s
d1_bluestein             L=31  B=1     m=1     inner=141942 min=     0.224 us/xform  median=     0.225  sd=  0.13%      3.42 GF/s  setup=0.002 s
d1_bluestein             L=31  B=1     m=1     inner=146396 min=     0.221 us/xform  median=     0.222  sd=  0.15%      3.47 GF/s  setup=0.001 s
d1_bluestein             L=31  B=1     m=1     inner=152014 min=     0.210 us/xform  median=     0.211  sd=  0.57%      3.65 GF/s  setup=0.002 s
d1_planner               L=31  B=1     m=1     inner=355299 min=     0.056 us/xform  median=     0.056  sd=  0.05%     13.69 GF/s  setup=0.000 s
d1_planner               L=31  B=1     m=1     inner=547356 min=     0.056 us/xform  median=     0.056  sd=  0.09%     13.68 GF/s  setup=0.000 s
d1_planner               L=31  B=1     m=1     inner=560520 min=     0.056 us/xform  median=     0.056  sd=  0.01%     13.71 GF/s  setup=0.000 s
d1_planner               L=31  B=1     m=1     inner=354797 min=     0.056 us/xform  median=     0.056  sd=  0.04%     13.68 GF/s  setup=0.000 s
d1_planner               L=31  B=1     m=1     inner=732138 min=     0.054 us/xform  median=     0.054  sd=  0.01%     14.11 GF/s  setup=0.000 s
d1_planner               L=31  B=1     m=1     inner=722154 min=     0.048 us/xform  median=     0.055  sd=  6.19%     15.86 GF/s  setup=0.000 s
d1_planner               L=31  B=1     m=1     inner=559208 min=     0.055 us/xform  median=     0.055  sd=  0.22%     13.87 GF/s  setup=0.000 s
d1_planner               L=31  B=1     m=1     inner=711098 min=     0.056 us/xform  median=     0.056  sd=  0.01%     13.70 GF/s  setup=0.000 s
d1_planner               L=31  B=1     m=1     inner=723916 min=     0.055 us/xform  median=     0.055  sd=  0.18%     13.96 GF/s  setup=0.000 s
d1_prime                 L=31  B=1     m=1     inner=493674 min=     0.047 us/xform  median=     0.047  sd=  0.13%     16.49 GF/s  setup=0.000 s
d1_prime                 L=31  B=1     m=1     inner=314580 min=     0.053 us/xform  median=     0.053  sd=  0.15%     14.47 GF/s  setup=0.000 s
d1_prime                 L=31  B=1     m=1     inner=635050 min=     0.053 us/xform  median=     0.053  sd=  0.09%     14.41 GF/s  setup=0.000 s
d1_prime                 L=31  B=1     m=1     inner=376861 min=     0.053 us/xform  median=     0.053  sd=  0.17%     14.49 GF/s  setup=0.000 s
d1_prime                 L=31  B=1     m=1     inner=380813 min=     0.052 us/xform  median=     0.052  sd=  0.05%     14.66 GF/s  setup=0.000 s
d1_prime                 L=31  B=1     m=1     inner=643956 min=     0.052 us/xform  median=     0.052  sd=  0.05%     14.65 GF/s  setup=0.000 s
d1_prime                 L=31  B=1     m=1     inner=748626 min=     0.053 us/xform  median=     0.053  sd=  0.07%     14.46 GF/s  setup=0.000 s
d1_prime                 L=31  B=1     m=1     inner=673720 min=     0.048 us/xform  median=     0.048  sd=  0.08%     16.13 GF/s  setup=0.000 s
d1_prime                 L=31  B=1     m=1     inner=370254 min=     0.053 us/xform  median=     0.053  sd=  0.11%     14.47 GF/s  setup=0.000 s
d1_race                  L=31  B=1     m=1     inner=763514 min=     0.052 us/xform  median=     0.052  sd=  0.08%     14.79 GF/s  setup=0.140 s
d1_race                  L=31  B=1     m=1     inner=699318 min=     0.053 us/xform  median=     0.053  sd=  0.09%     14.49 GF/s  setup=0.010 s
d1_race                  L=31  B=1     m=1     inner=723952 min=     0.053 us/xform  median=     0.053  sd=  0.06%     14.47 GF/s  setup=0.010 s
d1_race                  L=31  B=1     m=1     inner=723652 min=     0.055 us/xform  median=     0.055  sd=  0.04%     13.94 GF/s  setup=0.009 s
d1_race                  L=31  B=1     m=1     inner=757522 min=     0.052 us/xform  median=     0.052  sd=  0.07%     14.70 GF/s  setup=0.010 s
d1_race                  L=31  B=1     m=1     inner=706992 min=     0.056 us/xform  median=     0.056  sd=  0.08%     13.79 GF/s  setup=0.010 s
d1_race                  L=31  B=1     m=1     inner=755734 min=     0.052 us/xform  median=     0.052  sd=  0.04%     14.66 GF/s  setup=0.008 s
d1_race                  L=31  B=1     m=1     inner=711784 min=     0.049 us/xform  median=     0.050  sd=  6.63%     15.67 GF/s  setup=0.010 s
d1_race                  L=31  B=1     m=1     inner=821814 min=     0.048 us/xform  median=     0.049  sd=  0.04%     15.84 GF/s  setup=0.007 s
d1_rader                 L=31  B=1     m=1     inner=386378 min=     0.052 us/xform  median=     0.052  sd=  0.05%     14.86 GF/s  setup=0.000 s
d1_rader                 L=31  B=1     m=1     inner=760168 min=     0.045 us/xform  median=     0.045  sd=  0.21%     16.94 GF/s  setup=0.000 s
d1_rader                 L=31  B=1     m=1     inner=663428 min=     0.052 us/xform  median=     0.052  sd=  0.02%     14.85 GF/s  setup=0.000 s
d1_rader                 L=31  B=1     m=1     inner=695540 min=     0.046 us/xform  median=     0.046  sd=  0.09%     16.87 GF/s  setup=0.000 s
d1_rader                 L=31  B=1     m=1     inner=437192 min=     0.046 us/xform  median=     0.046  sd=  0.06%     16.82 GF/s  setup=0.000 s
d1_rader                 L=31  B=1     m=1     inner=684344 min=     0.052 us/xform  median=     0.052  sd=  0.02%     14.84 GF/s  setup=0.000 s
d1_rader                 L=31  B=1     m=1     inner=679044 min=     0.045 us/xform  median=     0.045  sd=  0.03%     16.93 GF/s  setup=0.000 s
d1_rader                 L=31  B=1     m=1     inner=441196 min=     0.045 us/xform  median=     0.045  sd=  0.03%     16.96 GF/s  setup=0.000 s
d1_rader                 L=31  B=1     m=1     inner=655720 min=     0.052 us/xform  median=     0.052  sd=  0.02%     14.86 GF/s  setup=0.000 s
fftw1d_custom            L=31  B=1     m=1     inner=99534  min=     0.216 us/xform  median=     0.217  sd=  0.30%      3.56 GF/s  setup=0.000 s
fftw1d_custom            L=31  B=1     m=1     inner=93980  min=     0.182 us/xform  median=     0.182  sd=  1.84%      4.23 GF/s  setup=0.000 s
fftw1d_custom            L=31  B=1     m=1     inner=90994  min=     0.215 us/xform  median=     0.216  sd=  0.23%      3.57 GF/s  setup=0.000 s
fftw1d_custom            L=31  B=1     m=1     inner=94602  min=     0.178 us/xform  median=     0.179  sd=  1.37%      4.32 GF/s  setup=0.000 s
fftw1d_custom            L=31  B=1     m=1     inner=176564 min=     0.216 us/xform  median=     0.217  sd=  0.20%      3.55 GF/s  setup=0.000 s
fftw1d_custom            L=31  B=1     m=1     inner=108870 min=     0.180 us/xform  median=     0.180  sd=  0.55%      4.27 GF/s  setup=0.000 s
fftw1d_custom            L=31  B=1     m=1     inner=92762  min=     0.178 us/xform  median=     0.179  sd=  1.85%      4.30 GF/s  setup=0.000 s
fftw1d_custom            L=31  B=1     m=1     inner=102018 min=     0.215 us/xform  median=     0.215  sd=  0.27%      3.58 GF/s  setup=0.000 s
fftw1d_custom            L=31  B=1     m=1     inner=184466 min=     0.215 us/xform  median=     0.216  sd=  0.17%      3.57 GF/s  setup=0.000 s
fftw1d_estimate          L=31  B=1     m=1     inner=122360 min=     0.325 us/xform  median=     0.326  sd=  0.09%      2.36 GF/s  setup=0.001 s
fftw1d_estimate          L=31  B=1     m=1     inner=76626  min=     0.314 us/xform  median=     0.314  sd=  0.11%      2.45 GF/s  setup=0.001 s
fftw1d_estimate          L=31  B=1     m=1     inner=68608  min=     0.314 us/xform  median=     0.315  sd=  0.11%      2.45 GF/s  setup=0.001 s
fftw1d_estimate          L=31  B=1     m=1     inner=83154  min=     0.321 us/xform  median=     0.322  sd=  0.16%      2.39 GF/s  setup=0.001 s
fftw1d_estimate          L=31  B=1     m=1     inner=76764  min=     0.313 us/xform  median=     0.315  sd=  0.14%      2.45 GF/s  setup=0.001 s
fftw1d_estimate          L=31  B=1     m=1     inner=58754  min=     0.385 us/xform  median=     0.385  sd=  0.03%      1.99 GF/s  setup=0.001 s
fftw1d_estimate          L=31  B=1     m=1     inner=75350  min=     0.314 us/xform  median=     0.315  sd=  0.11%      2.45 GF/s  setup=0.001 s
fftw1d_estimate          L=31  B=1     m=1     inner=114608 min=     0.314 us/xform  median=     0.316  sd=  0.21%      2.45 GF/s  setup=0.001 s
fftw1d_estimate          L=31  B=1     m=1     inner=76016  min=     0.313 us/xform  median=     0.314  sd=  0.11%      2.45 GF/s  setup=0.001 s
fftw1d_measure           L=31  B=1     m=1     inner=100348 min=     0.315 us/xform  median=     0.316  sd=  0.10%      2.44 GF/s  setup=0.043 s
fftw1d_measure           L=31  B=1     m=1     inner=76286  min=     0.326 us/xform  median=     0.327  sd=  0.13%      2.36 GF/s  setup=0.043 s
fftw1d_measure           L=31  B=1     m=1     inner=92562  min=     0.322 us/xform  median=     0.323  sd=  0.10%      2.39 GF/s  setup=0.043 s
fftw1d_measure           L=31  B=1     m=1     inner=83154  min=     0.313 us/xform  median=     0.315  sd=  0.12%      2.45 GF/s  setup=0.043 s
fftw1d_measure           L=31  B=1     m=1     inner=85812  min=     0.315 us/xform  median=     0.317  sd=  0.13%      2.44 GF/s  setup=0.043 s
fftw1d_measure           L=31  B=1     m=1     inner=77316  min=     0.385 us/xform  median=     0.385  sd=  0.00%      1.99 GF/s  setup=0.043 s
fftw1d_measure           L=31  B=1     m=1     inner=88282  min=     0.313 us/xform  median=     0.315  sd=  0.11%      2.45 GF/s  setup=0.042 s
fftw1d_measure           L=31  B=1     m=1     inner=73796  min=     0.315 us/xform  median=     0.317  sd=  0.12%      2.43 GF/s  setup=0.043 s
fftw1d_measure           L=31  B=1     m=1     inner=79832  min=     0.314 us/xform  median=     0.316  sd=  0.15%      2.44 GF/s  setup=0.042 s
fftw1d_patient           L=31  B=1     m=1     inner=77246  min=     0.317 us/xform  median=     0.317  sd=  0.10%      2.43 GF/s  setup=0.121 s
fftw1d_patient           L=31  B=1     m=1     inner=94602  min=     0.319 us/xform  median=     0.320  sd=  0.09%      2.41 GF/s  setup=0.121 s
fftw1d_patient           L=31  B=1     m=1     inner=90134  min=     0.332 us/xform  median=     0.332  sd=  0.06%      2.31 GF/s  setup=0.121 s
fftw1d_patient           L=31  B=1     m=1     inner=84214  min=     0.317 us/xform  median=     0.317  sd=  0.09%      2.42 GF/s  setup=0.119 s
fftw1d_patient           L=31  B=1     m=1     inner=73922  min=     0.331 us/xform  median=     0.333  sd=  0.13%      2.32 GF/s  setup=0.121 s
fftw1d_patient           L=31  B=1     m=1     inner=72488  min=     0.385 us/xform  median=     0.385  sd=  0.03%      1.99 GF/s  setup=0.122 s
fftw1d_patient           L=31  B=1     m=1     inner=78090  min=     0.385 us/xform  median=     0.385  sd=  2.95%      1.99 GF/s  setup=0.123 s
fftw1d_patient           L=31  B=1     m=1     inner=72304  min=     0.325 us/xform  median=     0.325  sd=  0.05%      2.36 GF/s  setup=0.119 s
fftw1d_patient           L=31  B=1     m=1     inner=115300 min=     0.264 us/xform  median=     0.265  sd=  0.11%      2.91 GF/s  setup=0.119 s
mkl1d_dfti               L=31  B=1     m=1     inner=72244  min=     0.280 us/xform  median=     0.280  sd=  0.04%      2.75 GF/s  setup=0.053 s
mkl1d_dfti               L=31  B=1     m=1     inner=87206  min=     0.279 us/xform  median=     0.280  sd=  0.05%      2.75 GF/s  setup=0.036 s
mkl1d_dfti               L=31  B=1     m=1     inner=87206  min=     0.282 us/xform  median=     0.282  sd=  0.06%      2.73 GF/s  setup=0.031 s
mkl1d_dfti               L=31  B=1     m=1     inner=99766  min=     0.232 us/xform  median=     0.232  sd=  9.69%      3.32 GF/s  setup=0.035 s
mkl1d_dfti               L=31  B=1     m=1     inner=116710 min=     0.232 us/xform  median=     0.232  sd=  0.04%      3.31 GF/s  setup=0.013 s
mkl1d_dfti               L=31  B=1     m=1     inner=117992 min=     0.232 us/xform  median=     0.232  sd=  0.06%      3.31 GF/s  setup=0.029 s
mkl1d_dfti               L=31  B=1     m=1     inner=120474 min=     0.231 us/xform  median=     0.232  sd=  0.07%      3.32 GF/s  setup=0.011 s
mkl1d_dfti               L=31  B=1     m=1     inner=129560 min=     0.232 us/xform  median=     0.233  sd=  0.05%      3.30 GF/s  setup=0.012 s
mkl1d_dfti               L=31  B=1     m=1     inner=120814 min=     0.232 us/xform  median=     0.232  sd=  0.05%      3.32 GF/s  setup=0.036 s
baseline_dft             L=60  B=1     m=1     inner=5232   min=     7.473 us/xform  median=     7.633  sd=  0.66%      0.24 GF/s  setup=0.000 s
baseline_dft             L=60  B=1     m=1     inner=4208   min=     7.472 us/xform  median=     7.472  sd=  0.15%      0.24 GF/s  setup=0.000 s
baseline_dft             L=60  B=1     m=1     inner=4018   min=     7.472 us/xform  median=     7.473  sd=  0.02%      0.24 GF/s  setup=0.000 s
baseline_dft             L=60  B=1     m=1     inner=4198   min=     7.472 us/xform  median=     7.472  sd=  0.01%      0.24 GF/s  setup=0.000 s
baseline_dft             L=60  B=1     m=1     inner=5302   min=     7.472 us/xform  median=     7.472  sd=  0.01%      0.24 GF/s  setup=0.000 s
baseline_dft             L=60  B=1     m=1     inner=4022   min=     6.191 us/xform  median=     6.191  sd=  0.19%      0.29 GF/s  setup=0.000 s
baseline_dft             L=60  B=1     m=1     inner=4016   min=     7.472 us/xform  median=     7.472  sd=  0.24%      0.24 GF/s  setup=0.000 s
baseline_dft             L=60  B=1     m=1     inner=4204   min=     7.595 us/xform  median=     7.630  sd=  0.19%      0.23 GF/s  setup=0.000 s
baseline_dft             L=60  B=1     m=1     inner=5306   min=     7.474 us/xform  median=     7.629  sd=  1.01%      0.24 GF/s  setup=0.000 s
d1_batchlane             L=60  B=1     m=1     inner=730510 min=     0.055 us/xform  median=     0.055  sd=  0.03%     32.42 GF/s  setup=0.000 s
d1_batchlane             L=60  B=1     m=1     inner=389414 min=     0.051 us/xform  median=     0.051  sd=  0.02%     34.54 GF/s  setup=0.000 s
d1_batchlane             L=60  B=1     m=1     inner=800902 min=     0.044 us/xform  median=     0.044  sd=  4.00%     40.48 GF/s  setup=0.000 s
d1_batchlane             L=60  B=1     m=1     inner=649418 min=     0.048 us/xform  median=     0.048  sd=  0.21%     36.85 GF/s  setup=0.000 s
d1_batchlane             L=60  B=1     m=1     inner=302118 min=     0.052 us/xform  median=     0.052  sd=  0.09%     33.83 GF/s  setup=0.000 s
d1_batchlane             L=60  B=1     m=1     inner=652934 min=     0.049 us/xform  median=     0.049  sd=  0.02%     36.46 GF/s  setup=0.000 s
d1_batchlane             L=60  B=1     m=1     inner=415862 min=     0.048 us/xform  median=     0.048  sd=  0.34%     36.89 GF/s  setup=0.000 s
d1_batchlane             L=60  B=1     m=1     inner=671648 min=     0.042 us/xform  median=     0.042  sd=  0.03%     41.98 GF/s  setup=0.000 s
d1_batchlane             L=60  B=1     m=1     inner=653250 min=     0.048 us/xform  median=     0.048  sd=  0.03%     36.89 GF/s  setup=0.000 s
d1_bluestein             L=60  B=1     m=1     inner=88850  min=     0.224 us/xform  median=     0.225  sd=  0.14%      7.90 GF/s  setup=0.001 s
d1_bluestein             L=60  B=1     m=1     inner=139766 min=     0.224 us/xform  median=     0.225  sd=  0.12%      7.90 GF/s  setup=0.001 s
d1_bluestein             L=60  B=1     m=1     inner=145332 min=     0.224 us/xform  median=     0.224  sd=  0.13%      7.91 GF/s  setup=0.001 s
d1_bluestein             L=60  B=1     m=1     inner=126502 min=     0.247 us/xform  median=     0.247  sd=  0.10%      7.18 GF/s  setup=0.001 s
d1_bluestein             L=60  B=1     m=1     inner=143232 min=     0.224 us/xform  median=     0.224  sd=  0.11%      7.91 GF/s  setup=0.001 s
d1_bluestein             L=60  B=1     m=1     inner=177076 min=     0.225 us/xform  median=     0.225  sd=  0.13%      7.89 GF/s  setup=0.001 s
d1_bluestein             L=60  B=1     m=1     inner=176248 min=     0.225 us/xform  median=     0.225  sd=  0.06%      7.89 GF/s  setup=0.001 s
d1_bluestein             L=60  B=1     m=1     inner=177768 min=     0.197 us/xform  median=     0.197  sd=  3.38%      9.01 GF/s  setup=0.001 s
d1_bluestein             L=60  B=1     m=1     inner=195876 min=     0.197 us/xform  median=     0.197  sd=  0.07%      9.00 GF/s  setup=0.000 s
d1_composite             L=60  B=1     m=1     inner=920786 min=     0.041 us/xform  median=     0.041  sd=  0.03%     43.15 GF/s  setup=0.000 s
d1_composite             L=60  B=1     m=1     inner=485139 min=     0.041 us/xform  median=     0.041  sd=  0.05%     43.04 GF/s  setup=0.000 s
d1_composite             L=60  B=1     m=1     inner=675776 min=     0.047 us/xform  median=     0.047  sd=  0.07%     37.75 GF/s  setup=0.000 s
d1_composite             L=60  B=1     m=1     inner=691290 min=     0.041 us/xform  median=     0.041  sd=  0.05%     43.14 GF/s  setup=0.000 s
d1_composite             L=60  B=1     m=1     inner=594382 min=     0.043 us/xform  median=     0.043  sd=  0.05%     41.12 GF/s  setup=0.000 s
d1_composite             L=60  B=1     m=1     inner=928346 min=     0.043 us/xform  median=     0.043  sd=  0.02%     41.26 GF/s  setup=0.000 s
d1_composite             L=60  B=1     m=1     inner=486834 min=     0.041 us/xform  median=     0.041  sd=  0.06%     43.16 GF/s  setup=0.000 s
d1_composite             L=60  B=1     m=1     inner=439280 min=     0.045 us/xform  median=     0.045  sd=  0.05%     38.98 GF/s  setup=0.000 s
d1_composite             L=60  B=1     m=1     inner=650478 min=     0.049 us/xform  median=     0.049  sd=  0.06%     36.15 GF/s  setup=0.000 s
d1_planner               L=60  B=1     m=1     inner=746834 min=     0.052 us/xform  median=     0.052  sd=  0.04%     33.80 GF/s  setup=0.000 s
d1_planner               L=60  B=1     m=1     inner=600116 min=     0.045 us/xform  median=     0.045  sd=  0.04%     39.06 GF/s  setup=0.000 s
d1_planner               L=60  B=1     m=1     inner=649006 min=     0.049 us/xform  median=     0.049  sd=  0.03%     36.12 GF/s  setup=0.000 s
d1_planner               L=60  B=1     m=1     inner=616380 min=     0.051 us/xform  median=     0.051  sd=  0.07%     34.56 GF/s  setup=0.000 s
d1_planner               L=60  B=1     m=1     inner=623722 min=     0.052 us/xform  median=     0.052  sd=  0.02%     34.36 GF/s  setup=0.000 s
d1_planner               L=60  B=1     m=1     inner=578316 min=     0.053 us/xform  median=     0.053  sd=  0.03%     33.32 GF/s  setup=0.000 s
d1_planner               L=60  B=1     m=1     inner=810496 min=     0.049 us/xform  median=     0.049  sd=  0.04%     36.04 GF/s  setup=0.000 s
d1_planner               L=60  B=1     m=1     inner=385538 min=     0.045 us/xform  median=     0.052  sd=  6.54%     38.95 GF/s  setup=0.000 s
d1_planner               L=60  B=1     m=1     inner=918342 min=     0.043 us/xform  median=     0.043  sd=  0.03%     40.81 GF/s  setup=0.000 s
d1_race                  L=60  B=1     m=1     inner=838594 min=     0.047 us/xform  median=     0.047  sd=  0.06%     37.69 GF/s  setup=0.064 s
d1_race                  L=60  B=1     m=1     inner=711580 min=     0.044 us/xform  median=     0.044  sd=  0.03%     40.42 GF/s  setup=0.009 s
d1_race                  L=60  B=1     m=1     inner=917596 min=     0.044 us/xform  median=     0.044  sd=  0.03%     40.73 GF/s  setup=0.007 s
d1_race                  L=60  B=1     m=1     inner=899266 min=     0.043 us/xform  median=     0.043  sd=  0.04%     41.37 GF/s  setup=0.007 s
d1_race                  L=60  B=1     m=1     inner=841002 min=     0.047 us/xform  median=     0.047  sd=  0.18%     37.69 GF/s  setup=0.008 s
d1_race                  L=60  B=1     m=1     inner=697908 min=     0.047 us/xform  median=     0.047  sd=  0.07%     37.58 GF/s  setup=0.011 s
d1_race                  L=60  B=1     m=1     inner=750884 min=     0.048 us/xform  median=     0.048  sd=  0.25%     37.27 GF/s  setup=0.010 s
d1_race                  L=60  B=1     m=1     inner=738840 min=     0.047 us/xform  median=     0.047  sd=  0.03%     37.64 GF/s  setup=0.007 s
d1_race                  L=60  B=1     m=1     inner=847828 min=     0.047 us/xform  median=     0.047  sd=  0.02%     37.64 GF/s  setup=0.007 s
d1_twiddle               L=60  B=1     m=1     inner=447904 min=     0.089 us/xform  median=     0.089  sd=  0.06%     19.97 GF/s  setup=0.000 s
d1_twiddle               L=60  B=1     m=1     inner=388802 min=     0.082 us/xform  median=     0.082  sd=  0.05%     21.72 GF/s  setup=0.000 s
d1_twiddle               L=60  B=1     m=1     inner=371906 min=     0.072 us/xform  median=     0.072  sd=  0.05%     24.57 GF/s  setup=0.000 s
d1_twiddle               L=60  B=1     m=1     inner=513322 min=     0.078 us/xform  median=     0.078  sd=  0.02%     22.82 GF/s  setup=0.000 s
d1_twiddle               L=60  B=1     m=1     inner=551524 min=     0.072 us/xform  median=     0.072  sd=  0.03%     24.57 GF/s  setup=0.000 s
d1_twiddle               L=60  B=1     m=1     inner=376600 min=     0.081 us/xform  median=     0.082  sd=  0.05%     21.74 GF/s  setup=0.000 s
d1_twiddle               L=60  B=1     m=1     inner=386042 min=     0.083 us/xform  median=     0.083  sd=  0.09%     21.46 GF/s  setup=0.000 s
d1_twiddle               L=60  B=1     m=1     inner=377168 min=     0.074 us/xform  median=     0.074  sd=  0.06%     23.85 GF/s  setup=0.000 s
d1_twiddle               L=60  B=1     m=1     inner=387510 min=     0.081 us/xform  median=     0.082  sd=  0.05%     21.75 GF/s  setup=0.000 s
fftw1d_custom            L=60  B=1     m=1     inner=96084  min=     0.277 us/xform  median=     0.279  sd=  0.35%      6.39 GF/s  setup=0.000 s
fftw1d_custom            L=60  B=1     m=1     inner=84880  min=     0.279 us/xform  median=     0.280  sd=  0.30%      6.35 GF/s  setup=0.000 s
fftw1d_custom            L=60  B=1     m=1     inner=88282  min=     0.231 us/xform  median=     0.233  sd=  1.01%      7.69 GF/s  setup=0.000 s
fftw1d_custom            L=60  B=1     m=1     inner=117228 min=     0.230 us/xform  median=     0.232  sd=  0.45%      7.70 GF/s  setup=0.000 s
fftw1d_custom            L=60  B=1     m=1     inner=128206 min=     0.229 us/xform  median=     0.233  sd=  0.46%      7.72 GF/s  setup=0.000 s
fftw1d_custom            L=60  B=1     m=1     inner=134216 min=     0.231 us/xform  median=     0.232  sd=  0.25%      7.68 GF/s  setup=0.000 s
fftw1d_custom            L=60  B=1     m=1     inner=86592  min=     0.277 us/xform  median=     0.279  sd=  0.38%      6.39 GF/s  setup=0.000 s
fftw1d_custom            L=60  B=1     m=1     inner=83886  min=     0.231 us/xform  median=     0.232  sd=  0.98%      7.67 GF/s  setup=0.000 s
fftw1d_custom            L=60  B=1     m=1     inner=80204  min=     0.277 us/xform  median=     0.279  sd=  0.33%      6.39 GF/s  setup=0.000 s
fftw1d_estimate          L=60  B=1     m=1     inner=210829 min=     0.095 us/xform  median=     0.095  sd=  0.12%     18.74 GF/s  setup=0.001 s
fftw1d_estimate          L=60  B=1     m=1     inner=330082 min=     0.096 us/xform  median=     0.096  sd=  0.10%     18.49 GF/s  setup=0.001 s
fftw1d_estimate          L=60  B=1     m=1     inner=419166 min=     0.095 us/xform  median=     0.095  sd=  0.08%     18.72 GF/s  setup=0.001 s
fftw1d_estimate          L=60  B=1     m=1     inner=411792 min=     0.097 us/xform  median=     0.097  sd=  0.10%     18.33 GF/s  setup=0.001 s
fftw1d_estimate          L=60  B=1     m=1     inner=210245 min=     0.095 us/xform  median=     0.095  sd=  0.17%     18.74 GF/s  setup=0.001 s
fftw1d_estimate          L=60  B=1     m=1     inner=336222 min=     0.084 us/xform  median=     0.084  sd=  0.19%     21.21 GF/s  setup=0.001 s
fftw1d_estimate          L=60  B=1     m=1     inner=239519 min=     0.083 us/xform  median=     0.083  sd=  0.15%     21.30 GF/s  setup=0.000 s
fftw1d_estimate          L=60  B=1     m=1     inner=235286 min=     0.085 us/xform  median=     0.085  sd=  4.38%     20.84 GF/s  setup=0.000 s
fftw1d_estimate          L=60  B=1     m=1     inner=329208 min=     0.095 us/xform  median=     0.095  sd=  0.08%     18.72 GF/s  setup=0.001 s
fftw1d_measure           L=60  B=1     m=1     inner=287348 min=     0.069 us/xform  median=     0.070  sd=  0.22%     25.53 GF/s  setup=0.047 s
fftw1d_measure           L=60  B=1     m=1     inner=452620 min=     0.088 us/xform  median=     0.088  sd=  0.07%     20.19 GF/s  setup=0.047 s
fftw1d_measure           L=60  B=1     m=1     inner=216914 min=     0.092 us/xform  median=     0.092  sd=  0.06%     19.24 GF/s  setup=0.047 s
fftw1d_measure           L=60  B=1     m=1     inner=274438 min=     0.087 us/xform  median=     0.087  sd=  0.09%     20.34 GF/s  setup=0.047 s
fftw1d_measure           L=60  B=1     m=1     inner=525516 min=     0.076 us/xform  median=     0.076  sd=  0.19%     23.46 GF/s  setup=0.046 s
fftw1d_measure           L=60  B=1     m=1     inner=246836 min=     0.083 us/xform  median=     0.084  sd=  0.08%     21.24 GF/s  setup=0.047 s
fftw1d_measure           L=60  B=1     m=1     inner=233778 min=     0.085 us/xform  median=     0.085  sd=  0.16%     20.78 GF/s  setup=0.047 s
fftw1d_measure           L=60  B=1     m=1     inner=542434 min=     0.072 us/xform  median=     0.073  sd=  0.27%     24.50 GF/s  setup=0.046 s
fftw1d_measure           L=60  B=1     m=1     inner=564314 min=     0.062 us/xform  median=     0.071  sd=  4.59%     28.60 GF/s  setup=0.046 s
fftw1d_patient           L=60  B=1     m=1     inner=568596 min=     0.070 us/xform  median=     0.070  sd=  0.07%     25.31 GF/s  setup=0.128 s
fftw1d_patient           L=60  B=1     m=1     inner=638598 min=     0.062 us/xform  median=     0.063  sd=  0.40%     28.62 GF/s  setup=0.127 s
fftw1d_patient           L=60  B=1     m=1     inner=532642 min=     0.075 us/xform  median=     0.075  sd=  0.05%     23.70 GF/s  setup=0.128 s
fftw1d_patient           L=60  B=1     m=1     inner=514214 min=     0.076 us/xform  median=     0.077  sd=  0.69%     23.21 GF/s  setup=0.129 s
fftw1d_patient           L=60  B=1     m=1     inner=570996 min=     0.068 us/xform  median=     0.070  sd=  0.85%     26.25 GF/s  setup=0.127 s
fftw1d_patient           L=60  B=1     m=1     inner=620608 min=     0.063 us/xform  median=     0.064  sd=  0.32%     28.04 GF/s  setup=0.125 s
fftw1d_patient           L=60  B=1     m=1     inner=274813 min=     0.073 us/xform  median=     0.073  sd=  0.36%     24.42 GF/s  setup=0.129 s
fftw1d_patient           L=60  B=1     m=1     inner=313191 min=     0.063 us/xform  median=     0.064  sd=  0.47%     27.92 GF/s  setup=0.128 s
fftw1d_patient           L=60  B=1     m=1     inner=269117 min=     0.074 us/xform  median=     0.074  sd=  0.14%     23.91 GF/s  setup=0.129 s
mkl1d_dfti               L=60  B=1     m=1     inner=699514 min=     0.054 us/xform  median=     0.054  sd=  0.68%     33.02 GF/s  setup=0.002 s
mkl1d_dfti               L=60  B=1     m=1     inner=695800 min=     0.057 us/xform  median=     0.057  sd=  0.14%     30.95 GF/s  setup=0.001 s
mkl1d_dfti               L=60  B=1     m=1     inner=724720 min=     0.055 us/xform  median=     0.055  sd=  0.25%     32.31 GF/s  setup=0.001 s
mkl1d_dfti               L=60  B=1     m=1     inner=357677 min=     0.056 us/xform  median=     0.056  sd=  0.25%     31.84 GF/s  setup=0.001 s
mkl1d_dfti               L=60  B=1     m=1     inner=562410 min=     0.054 us/xform  median=     0.054  sd=  0.23%     32.97 GF/s  setup=0.002 s
mkl1d_dfti               L=60  B=1     m=1     inner=513740 min=     0.071 us/xform  median=     0.071  sd=  0.48%     25.00 GF/s  setup=0.001 s
mkl1d_dfti               L=60  B=1     m=1     inner=618804 min=     0.064 us/xform  median=     0.064  sd=  0.16%     27.61 GF/s  setup=0.001 s
mkl1d_dfti               L=60  B=1     m=1     inner=520230 min=     0.053 us/xform  median=     0.054  sd=  0.42%     33.26 GF/s  setup=0.002 s
mkl1d_dfti               L=60  B=1     m=1     inner=480388 min=     0.066 us/xform  median=     0.066  sd=  0.13%     26.81 GF/s  setup=0.002 s
baseline_dft             L=64  B=1     m=1     inner=3708   min=     7.041 us/xform  median=     7.042  sd=  1.65%      0.27 GF/s  setup=0.000 s
baseline_dft             L=64  B=1     m=1     inner=5618   min=     7.041 us/xform  median=     7.042  sd=  0.03%      0.27 GF/s  setup=0.000 s
baseline_dft             L=64  B=1     m=1     inner=3538   min=     8.498 us/xform  median=     8.499  sd=  0.01%      0.23 GF/s  setup=0.000 s
baseline_dft             L=64  B=1     m=1     inner=3684   min=     7.041 us/xform  median=     7.041  sd=  0.02%      0.27 GF/s  setup=0.000 s
baseline_dft             L=64  B=1     m=1     inner=3534   min=     8.497 us/xform  median=     8.499  sd=  0.01%      0.23 GF/s  setup=0.000 s
baseline_dft             L=64  B=1     m=1     inner=3702   min=     7.041 us/xform  median=     7.042  sd=  0.01%      0.27 GF/s  setup=0.000 s
baseline_dft             L=64  B=1     m=1     inner=3684   min=     8.500 us/xform  median=     8.511  sd=  0.04%      0.23 GF/s  setup=0.000 s
baseline_dft             L=64  B=1     m=1     inner=3706   min=     7.042 us/xform  median=     7.043  sd=  0.04%      0.27 GF/s  setup=0.000 s
baseline_dft             L=64  B=1     m=1     inner=3688   min=     8.499 us/xform  median=     8.499  sd=  0.23%      0.23 GF/s  setup=0.000 s
d1_batchlane             L=64  B=1     m=1     inner=695250 min=     0.057 us/xform  median=     0.057  sd=  0.28%     33.85 GF/s  setup=0.000 s
d1_batchlane             L=64  B=1     m=1     inner=735672 min=     0.053 us/xform  median=     0.053  sd=  0.30%     36.08 GF/s  setup=0.000 s
d1_batchlane             L=64  B=1     m=1     inner=587576 min=     0.053 us/xform  median=     0.053  sd=  0.23%     36.14 GF/s  setup=0.000 s
d1_batchlane             L=64  B=1     m=1     inner=742838 min=     0.051 us/xform  median=     0.054  sd=  1.39%     37.65 GF/s  setup=0.000 s
d1_batchlane             L=64  B=1     m=1     inner=574856 min=     0.055 us/xform  median=     0.055  sd=  0.31%     35.21 GF/s  setup=0.000 s
d1_batchlane             L=64  B=1     m=1     inner=723080 min=     0.054 us/xform  median=     0.054  sd=  0.30%     35.61 GF/s  setup=0.000 s
d1_batchlane             L=64  B=1     m=1     inner=580382 min=     0.053 us/xform  median=     0.053  sd=  0.25%     36.12 GF/s  setup=0.000 s
d1_batchlane             L=64  B=1     m=1     inner=554334 min=     0.058 us/xform  median=     0.058  sd=  0.32%     33.10 GF/s  setup=0.000 s
d1_batchlane             L=64  B=1     m=1     inner=591008 min=     0.053 us/xform  median=     0.053  sd=  0.24%     36.13 GF/s  setup=0.000 s
d1_bluestein             L=64  B=1     m=1     inner=275884 min=     0.144 us/xform  median=     0.144  sd=  0.08%     13.35 GF/s  setup=0.001 s
d1_bluestein             L=64  B=1     m=1     inner=242944 min=     0.117 us/xform  median=     0.117  sd=  0.15%     16.42 GF/s  setup=0.001 s
d1_bluestein             L=64  B=1     m=1     inner=237418 min=     0.134 us/xform  median=     0.135  sd=  0.15%     14.28 GF/s  setup=0.001 s
d1_bluestein             L=64  B=1     m=1     inner=243188 min=     0.117 us/xform  median=     0.117  sd=  0.10%     16.44 GF/s  setup=0.001 s
d1_bluestein             L=64  B=1     m=1     inner=330890 min=     0.118 us/xform  median=     0.118  sd=  0.10%     16.28 GF/s  setup=0.000 s
d1_bluestein             L=64  B=1     m=1     inner=232292 min=     0.133 us/xform  median=     0.133  sd=  0.06%     14.45 GF/s  setup=0.001 s
d1_bluestein             L=64  B=1     m=1     inner=240418 min=     0.133 us/xform  median=     0.134  sd=  0.20%     14.42 GF/s  setup=0.001 s
d1_bluestein             L=64  B=1     m=1     inner=216916 min=     0.129 us/xform  median=     0.129  sd=  0.13%     14.92 GF/s  setup=0.001 s
d1_bluestein             L=64  B=1     m=1     inner=235274 min=     0.134 us/xform  median=     0.134  sd=  0.09%     14.30 GF/s  setup=0.000 s
d1_planner               L=64  B=1     m=1     inner=250390 min=     0.079 us/xform  median=     0.080  sd=  0.56%     24.24 GF/s  setup=0.000 s
d1_planner               L=64  B=1     m=1     inner=431518 min=     0.072 us/xform  median=     0.073  sd=  0.47%     26.64 GF/s  setup=0.000 s
d1_planner               L=64  B=1     m=1     inner=534330 min=     0.059 us/xform  median=     0.059  sd=  0.18%     32.47 GF/s  setup=0.000 s
d1_planner               L=64  B=1     m=1     inner=462510 min=     0.067 us/xform  median=     0.067  sd=  0.22%     28.70 GF/s  setup=0.000 s
d1_planner               L=64  B=1     m=1     inner=525950 min=     0.060 us/xform  median=     0.060  sd=  0.36%     32.19 GF/s  setup=0.000 s
d1_planner               L=64  B=1     m=1     inner=300836 min=     0.066 us/xform  median=     0.066  sd=  0.08%     29.02 GF/s  setup=0.000 s
d1_planner               L=64  B=1     m=1     inner=476050 min=     0.067 us/xform  median=     0.067  sd=  0.26%     28.75 GF/s  setup=0.000 s
d1_planner               L=64  B=1     m=1     inner=418622 min=     0.074 us/xform  median=     0.075  sd=  0.43%     25.85 GF/s  setup=0.000 s
d1_planner               L=64  B=1     m=1     inner=274687 min=     0.072 us/xform  median=     0.072  sd=  0.79%     26.82 GF/s  setup=0.000 s
d1_pow2                  L=64  B=1     m=1     inner=601660 min=     0.066 us/xform  median=     0.066  sd=  0.04%     29.02 GF/s  setup=0.001 s
d1_pow2                  L=64  B=1     m=1     inner=487264 min=     0.066 us/xform  median=     0.066  sd=  0.33%     29.28 GF/s  setup=0.001 s
d1_pow2                  L=64  B=1     m=1     inner=532776 min=     0.059 us/xform  median=     0.059  sd=  0.22%     32.55 GF/s  setup=0.000 s
d1_pow2                  L=64  B=1     m=1     inner=678300 min=     0.059 us/xform  median=     0.059  sd=  0.17%     32.67 GF/s  setup=0.000 s
d1_pow2                  L=64  B=1     m=1     inner=507278 min=     0.060 us/xform  median=     0.061  sd=  0.29%     31.78 GF/s  setup=0.001 s
d1_pow2                  L=64  B=1     m=1     inner=480026 min=     0.066 us/xform  median=     0.066  sd=  0.21%     29.23 GF/s  setup=0.000 s
d1_pow2                  L=64  B=1     m=1     inner=279644 min=     0.071 us/xform  median=     0.071  sd=  0.20%     26.96 GF/s  setup=0.000 s
d1_pow2                  L=64  B=1     m=1     inner=466450 min=     0.066 us/xform  median=     0.066  sd=  0.14%     28.99 GF/s  setup=0.000 s
d1_pow2                  L=64  B=1     m=1     inner=472660 min=     0.066 us/xform  median=     0.066  sd=  0.29%     29.28 GF/s  setup=0.000 s
d1_race                  L=64  B=1     m=1     inner=912244 min=     0.043 us/xform  median=     0.044  sd=  0.15%     44.18 GF/s  setup=0.091 s
d1_race                  L=64  B=1     m=1     inner=695464 min=     0.043 us/xform  median=     0.044  sd=  0.15%     44.21 GF/s  setup=0.019 s
d1_race                  L=64  B=1     m=1     inner=609012 min=     0.048 us/xform  median=     0.048  sd=  0.27%     39.84 GF/s  setup=0.015 s
d1_race                  L=64  B=1     m=1     inner=891680 min=     0.044 us/xform  median=     0.044  sd=  0.09%     43.34 GF/s  setup=0.014 s
d1_race                  L=64  B=1     m=1     inner=764340 min=     0.049 us/xform  median=     0.049  sd=  0.34%     39.22 GF/s  setup=0.016 s
d1_race                  L=64  B=1     m=1     inner=845734 min=     0.046 us/xform  median=     0.047  sd=  0.18%     41.40 GF/s  setup=0.014 s
d1_race                  L=64  B=1     m=1     inner=897516 min=     0.044 us/xform  median=     0.044  sd=  0.12%     43.59 GF/s  setup=0.016 s
d1_race                  L=64  B=1     m=1     inner=832804 min=     0.048 us/xform  median=     0.048  sd=  0.08%     40.35 GF/s  setup=0.015 s
d1_race                  L=64  B=1     m=1     inner=870654 min=     0.040 us/xform  median=     0.040  sd=  4.09%     48.38 GF/s  setup=0.013 s
d1_twiddle               L=64  B=1     m=1     inner=449721 min=     0.044 us/xform  median=     0.044  sd=  0.16%     43.87 GF/s  setup=0.000 s
d1_twiddle               L=64  B=1     m=1     inner=699970 min=     0.038 us/xform  median=     0.038  sd=  0.06%     50.04 GF/s  setup=0.000 s
d1_twiddle               L=64  B=1     m=1     inner=648610 min=     0.048 us/xform  median=     0.049  sd=  0.07%     39.63 GF/s  setup=0.000 s
d1_twiddle               L=64  B=1     m=1     inner=663496 min=     0.047 us/xform  median=     0.047  sd=  0.10%     40.73 GF/s  setup=0.000 s
d1_twiddle               L=64  B=1     m=1     inner=611590 min=     0.043 us/xform  median=     0.044  sd=  0.06%     44.14 GF/s  setup=0.000 s
d1_twiddle               L=64  B=1     m=1     inner=731238 min=     0.043 us/xform  median=     0.043  sd=  0.07%     44.61 GF/s  setup=0.000 s
d1_twiddle               L=64  B=1     m=1     inner=730616 min=     0.043 us/xform  median=     0.043  sd=  0.07%     44.60 GF/s  setup=0.000 s
d1_twiddle               L=64  B=1     m=1     inner=659618 min=     0.043 us/xform  median=     0.044  sd=  0.06%     44.14 GF/s  setup=0.001 s
d1_twiddle               L=64  B=1     m=1     inner=659746 min=     0.048 us/xform  median=     0.048  sd=  0.07%     40.08 GF/s  setup=0.000 s
fftw1d_custom            L=64  B=1     m=1     inner=98508  min=     0.278 us/xform  median=     0.278  sd=  0.07%      6.91 GF/s  setup=0.000 s
fftw1d_custom            L=64  B=1     m=1     inner=110268 min=     0.274 us/xform  median=     0.275  sd=  0.07%      7.01 GF/s  setup=0.000 s
fftw1d_custom            L=64  B=1     m=1     inner=79168  min=     0.230 us/xform  median=     0.231  sd=  1.62%      8.34 GF/s  setup=0.000 s
fftw1d_custom            L=64  B=1     m=1     inner=79832  min=     0.273 us/xform  median=     0.274  sd=  0.07%      7.03 GF/s  setup=0.000 s
fftw1d_custom            L=64  B=1     m=1     inner=65372  min=     0.228 us/xform  median=     0.229  sd=  4.41%      8.41 GF/s  setup=0.000 s
fftw1d_custom            L=64  B=1     m=1     inner=79388  min=     0.274 us/xform  median=     0.274  sd=  0.11%      7.01 GF/s  setup=0.000 s
fftw1d_custom            L=64  B=1     m=1     inner=71284  min=     0.231 us/xform  median=     0.232  sd=  2.53%      8.32 GF/s  setup=0.000 s
fftw1d_custom            L=64  B=1     m=1     inner=79462  min=     0.273 us/xform  median=     0.273  sd=  0.05%      7.04 GF/s  setup=0.000 s
fftw1d_custom            L=64  B=1     m=1     inner=108732 min=     0.274 us/xform  median=     0.274  sd=  0.05%      7.01 GF/s  setup=0.000 s
fftw1d_estimate          L=64  B=1     m=1     inner=414120 min=     0.095 us/xform  median=     0.095  sd=  0.22%     20.22 GF/s  setup=0.001 s
fftw1d_estimate          L=64  B=1     m=1     inner=344450 min=     0.091 us/xform  median=     0.092  sd=  0.56%     21.05 GF/s  setup=0.001 s
fftw1d_estimate          L=64  B=1     m=1     inner=344652 min=     0.090 us/xform  median=     0.090  sd=  0.30%     21.33 GF/s  setup=0.001 s
fftw1d_estimate          L=64  B=1     m=1     inner=332190 min=     0.094 us/xform  median=     0.095  sd=  0.26%     20.37 GF/s  setup=0.001 s
fftw1d_estimate          L=64  B=1     m=1     inner=411022 min=     0.096 us/xform  median=     0.096  sd=  0.25%     20.08 GF/s  setup=0.001 s
fftw1d_estimate          L=64  B=1     m=1     inner=332672 min=     0.093 us/xform  median=     0.093  sd=  0.27%     20.63 GF/s  setup=0.001 s
fftw1d_estimate          L=64  B=1     m=1     inner=314852 min=     0.098 us/xform  median=     0.099  sd=  0.42%     19.69 GF/s  setup=0.001 s
fftw1d_estimate          L=64  B=1     m=1     inner=344274 min=     0.090 us/xform  median=     0.090  sd=  0.56%     21.41 GF/s  setup=0.001 s
fftw1d_estimate          L=64  B=1     m=1     inner=322814 min=     0.098 us/xform  median=     0.099  sd=  0.91%     19.60 GF/s  setup=0.001 s
fftw1d_measure           L=64  B=1     m=1     inner=557694 min=     0.071 us/xform  median=     0.071  sd=  0.15%     26.94 GF/s  setup=0.023 s
fftw1d_measure           L=64  B=1     m=1     inner=594516 min=     0.065 us/xform  median=     0.066  sd=  0.17%     29.34 GF/s  setup=0.023 s
fftw1d_measure           L=64  B=1     m=1     inner=545878 min=     0.072 us/xform  median=     0.072  sd=  0.14%     26.66 GF/s  setup=0.022 s
fftw1d_measure           L=64  B=1     m=1     inner=557806 min=     0.070 us/xform  median=     0.070  sd=  0.20%     27.46 GF/s  setup=0.022 s
fftw1d_measure           L=64  B=1     m=1     inner=572024 min=     0.069 us/xform  median=     0.069  sd=  0.17%     27.85 GF/s  setup=0.023 s
fftw1d_measure           L=64  B=1     m=1     inner=598574 min=     0.066 us/xform  median=     0.066  sd=  0.07%     28.97 GF/s  setup=0.022 s
fftw1d_measure           L=64  B=1     m=1     inner=329698 min=     0.071 us/xform  median=     0.072  sd=  0.17%     26.91 GF/s  setup=0.022 s
fftw1d_measure           L=64  B=1     m=1     inner=553008 min=     0.069 us/xform  median=     0.069  sd=  0.17%     27.69 GF/s  setup=0.022 s
fftw1d_measure           L=64  B=1     m=1     inner=559350 min=     0.071 us/xform  median=     0.071  sd=  0.15%     27.10 GF/s  setup=0.022 s
fftw1d_patient           L=64  B=1     m=1     inner=600850 min=     0.066 us/xform  median=     0.066  sd=  0.03%     28.97 GF/s  setup=0.055 s
fftw1d_patient           L=64  B=1     m=1     inner=604454 min=     0.066 us/xform  median=     0.066  sd=  0.16%     29.15 GF/s  setup=0.055 s
fftw1d_patient           L=64  B=1     m=1     inner=520534 min=     0.074 us/xform  median=     0.074  sd=  0.20%     25.90 GF/s  setup=0.056 s
fftw1d_patient           L=64  B=1     m=1     inner=582596 min=     0.068 us/xform  median=     0.069  sd=  0.26%     28.05 GF/s  setup=0.055 s
fftw1d_patient           L=64  B=1     m=1     inner=579046 min=     0.069 us/xform  median=     0.069  sd=  0.24%     28.01 GF/s  setup=0.055 s
fftw1d_patient           L=64  B=1     m=1     inner=585694 min=     0.068 us/xform  median=     0.068  sd=  0.22%     28.36 GF/s  setup=0.055 s
fftw1d_patient           L=64  B=1     m=1     inner=303186 min=     0.066 us/xform  median=     0.066  sd=  0.32%     29.17 GF/s  setup=0.056 s
fftw1d_patient           L=64  B=1     m=1     inner=302010 min=     0.065 us/xform  median=     0.066  sd=  0.52%     29.33 GF/s  setup=0.055 s
fftw1d_patient           L=64  B=1     m=1     inner=602586 min=     0.066 us/xform  median=     0.066  sd=  0.26%     29.15 GF/s  setup=0.056 s
mkl1d_dfti               L=64  B=1     m=1     inner=407240 min=     0.049 us/xform  median=     0.049  sd=  0.25%     39.19 GF/s  setup=0.003 s
mkl1d_dfti               L=64  B=1     m=1     inner=412279 min=     0.048 us/xform  median=     0.048  sd=  0.27%     39.73 GF/s  setup=0.002 s
mkl1d_dfti               L=64  B=1     m=1     inner=639980 min=     0.049 us/xform  median=     0.049  sd=  0.19%     39.23 GF/s  setup=0.002 s
mkl1d_dfti               L=64  B=1     m=1     inner=767320 min=     0.052 us/xform  median=     0.052  sd=  0.11%     37.05 GF/s  setup=0.001 s
mkl1d_dfti               L=64  B=1     m=1     inner=770208 min=     0.046 us/xform  median=     0.046  sd=  6.57%     42.19 GF/s  setup=0.001 s
mkl1d_dfti               L=64  B=1     m=1     inner=665288 min=     0.049 us/xform  median=     0.049  sd=  0.26%     39.56 GF/s  setup=0.001 s
mkl1d_dfti               L=64  B=1     m=1     inner=636436 min=     0.044 us/xform  median=     0.044  sd=  0.20%     43.90 GF/s  setup=0.002 s
mkl1d_dfti               L=64  B=1     m=1     inner=462156 min=     0.043 us/xform  median=     0.043  sd=  0.21%     44.70 GF/s  setup=0.001 s
mkl1d_dfti               L=64  B=1     m=1     inner=651098 min=     0.049 us/xform  median=     0.049  sd=  0.18%     39.58 GF/s  setup=0.001 s
baseline_dft             L=64  B=1     m=60000 inner=1      min=     7.212 us/xform  median=     7.212  sd=  0.00%      0.27 GF/s  setup=0.000 s
baseline_dft             L=64  B=1     m=60000 inner=1      min=     7.212 us/xform  median=     7.215  sd=  0.25%      0.27 GF/s  setup=0.000 s
baseline_dft             L=64  B=1     m=60000 inner=1      min=     7.212 us/xform  median=     7.213  sd=  0.02%      0.27 GF/s  setup=0.000 s
baseline_dft             L=64  B=1     m=2     inner=112    min=     8.708 us/xform  median=     8.708  sd=  0.00%      0.22 GF/s  setup=0.000 s
d1_batchlane             L=64  B=1     m=60000 inner=6      min=     0.091 us/xform  median=     0.091  sd=  0.01%     21.06 GF/s  setup=0.000 s
d1_batchlane             L=64  B=1     m=60000 inner=6      min=     0.091 us/xform  median=     0.091  sd=  0.02%     21.06 GF/s  setup=0.000 s
d1_batchlane             L=64  B=1     m=60000 inner=6      min=     0.091 us/xform  median=     0.091  sd=  0.08%     21.07 GF/s  setup=0.000 s
d1_batchlane             L=64  B=1     m=2     inner=6974   min=     0.133 us/xform  median=     0.133  sd=  0.00%     14.40 GF/s  setup=0.000 s
d1_bluestein             L=64  B=1     m=60000 inner=1      min=     0.356 us/xform  median=     0.357  sd=  0.08%      5.39 GF/s  setup=0.001 s
d1_bluestein             L=64  B=1     m=60000 inner=1      min=     0.348 us/xform  median=     0.349  sd=  0.06%      5.52 GF/s  setup=0.001 s
d1_bluestein             L=64  B=1     m=60000 inner=1      min=     0.370 us/xform  median=     0.371  sd=  0.07%      5.18 GF/s  setup=0.001 s
d1_bluestein             L=64  B=1     m=2     inner=1548   min=     0.358 us/xform  median=     0.358  sd=  0.00%      5.36 GF/s  setup=0.001 s
d1_planner               L=64  B=1     m=60000 inner=4      min=     0.129 us/xform  median=     0.129  sd=  0.06%     14.92 GF/s  setup=0.000 s
d1_planner               L=64  B=1     m=60000 inner=4      min=     0.129 us/xform  median=     0.129  sd=  0.05%     14.93 GF/s  setup=0.000 s
d1_planner               L=64  B=1     m=60000 inner=4      min=     0.129 us/xform  median=     0.129  sd=  0.09%     14.92 GF/s  setup=0.000 s
d1_planner               L=64  B=1     m=2     inner=4936   min=     0.180 us/xform  median=     0.180  sd=  0.00%     10.66 GF/s  setup=0.000 s
d1_pow2                  L=64  B=1     m=60000 inner=4      min=     0.136 us/xform  median=     0.136  sd=  0.02%     14.08 GF/s  setup=0.000 s
d1_pow2                  L=64  B=1     m=60000 inner=4      min=     0.136 us/xform  median=     0.136  sd=  0.02%     14.08 GF/s  setup=0.000 s
d1_pow2                  L=64  B=1     m=60000 inner=4      min=     0.136 us/xform  median=     0.136  sd=  0.10%     14.08 GF/s  setup=0.000 s
d1_pow2                  L=64  B=1     m=2     inner=4602   min=     0.193 us/xform  median=     0.193  sd=  0.00%      9.94 GF/s  setup=0.000 s
d1_race                  L=64  B=1     m=60000 inner=6      min=     0.091 us/xform  median=     0.091  sd=  0.02%     21.05 GF/s  setup=0.009 s
d1_race                  L=64  B=1     m=60000 inner=6      min=     0.091 us/xform  median=     0.091  sd=  0.02%     21.06 GF/s  setup=0.009 s
d1_race                  L=64  B=1     m=60000 inner=6      min=     0.091 us/xform  median=     0.091  sd=  0.02%     21.06 GF/s  setup=0.010 s
d1_race                  L=64  B=1     m=2     inner=6506   min=     0.143 us/xform  median=     0.143  sd=  0.00%     13.46 GF/s  setup=0.009 s
d1_twiddle               L=64  B=1     m=60000 inner=4      min=     0.129 us/xform  median=     0.129  sd=  0.04%     14.84 GF/s  setup=0.000 s
d1_twiddle               L=64  B=1     m=60000 inner=4      min=     0.114 us/xform  median=     0.114  sd=  0.27%     16.89 GF/s  setup=0.000 s
d1_twiddle               L=64  B=1     m=60000 inner=4      min=     0.129 us/xform  median=     0.129  sd=  0.03%     14.84 GF/s  setup=0.000 s
d1_twiddle               L=64  B=1     m=2     inner=5880   min=     0.146 us/xform  median=     0.146  sd=  0.00%     13.14 GF/s  setup=0.000 s
fftw1d_custom            L=64  B=1     m=60000 inner=1      min=     0.360 us/xform  median=     0.360  sd=  0.12%      5.33 GF/s  setup=0.000 s
fftw1d_custom            L=64  B=1     m=60000 inner=1      min=     0.361 us/xform  median=     0.361  sd=  0.04%      5.32 GF/s  setup=0.000 s
fftw1d_custom            L=64  B=1     m=60000 inner=1      min=     0.360 us/xform  median=     0.361  sd=  0.05%      5.33 GF/s  setup=0.000 s
fftw1d_custom            L=64  B=1     m=2     inner=1512   min=     0.483 us/xform  median=     0.483  sd=  0.00%      3.97 GF/s  setup=0.000 s
fftw1d_estimate          L=64  B=1     m=60000 inner=2      min=     0.306 us/xform  median=     0.306  sd=  0.08%      6.28 GF/s  setup=0.001 s
fftw1d_estimate          L=64  B=1     m=60000 inner=2      min=     0.269 us/xform  median=     0.269  sd=  0.24%      7.15 GF/s  setup=0.001 s
fftw1d_estimate          L=64  B=1     m=60000 inner=2      min=     0.308 us/xform  median=     0.308  sd=  0.06%      6.24 GF/s  setup=0.001 s
fftw1d_estimate          L=64  B=1     m=2     inner=3022   min=     0.315 us/xform  median=     0.315  sd=  0.00%      6.09 GF/s  setup=0.001 s
fftw1d_measure           L=64  B=1     m=60000 inner=2      min=     0.245 us/xform  median=     0.245  sd=  0.24%      7.85 GF/s  setup=0.022 s
fftw1d_measure           L=64  B=1     m=60000 inner=2      min=     0.247 us/xform  median=     0.247  sd=  0.02%      7.78 GF/s  setup=0.021 s
fftw1d_measure           L=64  B=1     m=60000 inner=2      min=     0.280 us/xform  median=     0.280  sd=  0.08%      6.86 GF/s  setup=0.022 s
fftw1d_measure           L=64  B=1     m=2     inner=1816   min=     0.283 us/xform  median=     0.283  sd=  0.00%      6.78 GF/s  setup=0.023 s
fftw1d_patient           L=64  B=1     m=60000 inner=2      min=     0.245 us/xform  median=     0.246  sd=  0.06%      7.82 GF/s  setup=0.053 s
fftw1d_patient           L=64  B=1     m=60000 inner=2      min=     0.279 us/xform  median=     0.280  sd=  0.08%      6.87 GF/s  setup=0.055 s
fftw1d_patient           L=64  B=1     m=60000 inner=2      min=     0.280 us/xform  median=     0.280  sd=  0.01%      6.87 GF/s  setup=0.054 s
fftw1d_patient           L=64  B=1     m=2     inner=1774   min=     0.285 us/xform  median=     0.285  sd=  0.00%      6.73 GF/s  setup=0.055 s
mkl1d_dfti               L=64  B=1     m=60000 inner=2      min=     0.270 us/xform  median=     0.270  sd=  0.02%      7.12 GF/s  setup=0.002 s
mkl1d_dfti               L=64  B=1     m=60000 inner=2      min=     0.270 us/xform  median=     0.270  sd=  0.03%      7.11 GF/s  setup=0.002 s
mkl1d_dfti               L=64  B=1     m=60000 inner=2      min=     0.270 us/xform  median=     0.270  sd=  0.03%      7.12 GF/s  setup=0.001 s
mkl1d_dfti               L=64  B=1     m=2     inner=2574   min=     0.277 us/xform  median=     0.277  sd=  0.00%      6.92 GF/s  setup=0.002 s
baseline_dft             L=60  B=1     m=60000 inner=1      min=     6.350 us/xform  median=     6.480  sd=  1.01%      0.28 GF/s  setup=0.000 s
baseline_dft             L=60  B=1     m=60000 inner=1      min=     6.350 us/xform  median=     6.481  sd=  0.67%      0.28 GF/s  setup=0.000 s
baseline_dft             L=60  B=1     m=60000 inner=1      min=     6.350 us/xform  median=     6.350  sd=  0.00%      0.28 GF/s  setup=0.000 s
baseline_dft             L=60  B=1     m=2     inner=128    min=     7.667 us/xform  median=     7.667  sd=  0.00%      0.23 GF/s  setup=0.000 s
d1_batchlane             L=60  B=1     m=60000 inner=6      min=     0.088 us/xform  median=     0.088  sd=  0.04%     20.14 GF/s  setup=0.000 s
d1_batchlane             L=60  B=1     m=60000 inner=6      min=     0.088 us/xform  median=     0.088  sd=  0.05%     20.14 GF/s  setup=0.000 s
d1_batchlane             L=60  B=1     m=60000 inner=6      min=     0.088 us/xform  median=     0.088  sd=  0.06%     20.11 GF/s  setup=0.000 s
d1_batchlane             L=60  B=1     m=2     inner=1372   min=     0.378 us/xform  median=     0.378  sd=  0.00%      4.69 GF/s  setup=0.000 s
d1_bluestein             L=60  B=1     m=60000 inner=1      min=     0.444 us/xform  median=     0.444  sd=  0.03%      4.00 GF/s  setup=0.001 s
d1_bluestein             L=60  B=1     m=60000 inner=1      min=     0.435 us/xform  median=     0.435  sd=  0.08%      4.07 GF/s  setup=0.001 s
d1_bluestein             L=60  B=1     m=60000 inner=1      min=     0.432 us/xform  median=     0.432  sd=  0.04%      4.10 GF/s  setup=0.001 s
d1_bluestein             L=60  B=1     m=2     inner=2206   min=     0.440 us/xform  median=     0.440  sd=  0.00%      4.03 GF/s  setup=0.001 s
d1_composite             L=60  B=1     m=60000 inner=8      min=     0.078 us/xform  median=     0.078  sd=  0.19%     22.76 GF/s  setup=0.000 s
d1_composite             L=60  B=1     m=60000 inner=6      min=     0.089 us/xform  median=     0.089  sd=  0.03%     20.01 GF/s  setup=0.000 s
d1_composite             L=60  B=1     m=60000 inner=6      min=     0.078 us/xform  median=     0.078  sd=  0.22%     22.77 GF/s  setup=0.000 s
d1_composite             L=60  B=1     m=2     inner=1076   min=     0.482 us/xform  median=     0.482  sd=  0.00%      3.68 GF/s  setup=0.000 s
d1_planner               L=60  B=1     m=60000 inner=4      min=     0.139 us/xform  median=     0.139  sd=  0.01%     12.71 GF/s  setup=0.000 s
d1_planner               L=60  B=1     m=60000 inner=4      min=     0.139 us/xform  median=     0.139  sd=  0.02%     12.71 GF/s  setup=0.000 s
d1_planner               L=60  B=1     m=60000 inner=4      min=     0.139 us/xform  median=     0.139  sd=  0.08%     12.71 GF/s  setup=0.000 s
d1_planner               L=60  B=1     m=2     inner=5230   min=     0.183 us/xform  median=     0.183  sd=  0.00%      9.70 GF/s  setup=0.000 s
d1_race                  L=60  B=1     m=60000 inner=6      min=     0.088 us/xform  median=     0.088  sd=  0.09%     20.15 GF/s  setup=0.010 s
d1_race                  L=60  B=1     m=60000 inner=6      min=     0.077 us/xform  median=     0.077  sd=  5.96%     22.90 GF/s  setup=0.014 s
d1_race                  L=60  B=1     m=60000 inner=8      min=     0.077 us/xform  median=     0.077  sd=  0.05%     22.93 GF/s  setup=0.008 s
d1_race                  L=60  B=1     m=2     inner=1254   min=     0.416 us/xform  median=     0.416  sd=  0.00%      4.26 GF/s  setup=0.008 s
d1_twiddle               L=60  B=1     m=60000 inner=2      min=     0.168 us/xform  median=     0.168  sd=  0.04%     10.56 GF/s  setup=0.001 s
d1_twiddle               L=60  B=1     m=60000 inner=2      min=     0.173 us/xform  median=     0.173  sd=  0.04%     10.26 GF/s  setup=0.000 s
d1_twiddle               L=60  B=1     m=60000 inner=4      min=     0.147 us/xform  median=     0.148  sd=  0.03%     12.01 GF/s  setup=0.001 s
d1_twiddle               L=60  B=1     m=2     inner=5854   min=     0.177 us/xform  median=     0.177  sd=  0.00%     10.00 GF/s  setup=0.001 s
fftw1d_custom            L=60  B=1     m=60000 inner=2      min=     0.328 us/xform  median=     0.328  sd=  0.14%      5.41 GF/s  setup=0.000 s
fftw1d_custom            L=60  B=1     m=60000 inner=2      min=     0.328 us/xform  median=     0.328  sd=  0.19%      5.41 GF/s  setup=0.000 s
fftw1d_custom            L=60  B=1     m=60000 inner=2      min=     0.328 us/xform  median=     0.328  sd=  0.10%      5.41 GF/s  setup=0.000 s
fftw1d_custom            L=60  B=1     m=2     inner=1928   min=     0.473 us/xform  median=     0.473  sd=  0.00%      3.75 GF/s  setup=0.000 s
fftw1d_estimate          L=60  B=1     m=60000 inner=2      min=     0.287 us/xform  median=     0.287  sd=  0.06%      6.17 GF/s  setup=0.001 s
fftw1d_estimate          L=60  B=1     m=60000 inner=2      min=     0.286 us/xform  median=     0.286  sd=  0.05%      6.20 GF/s  setup=0.001 s
fftw1d_estimate          L=60  B=1     m=60000 inner=2      min=     0.287 us/xform  median=     0.287  sd=  0.05%      6.18 GF/s  setup=0.001 s
fftw1d_estimate          L=60  B=1     m=2     inner=3318   min=     0.290 us/xform  median=     0.290  sd=  0.00%      6.11 GF/s  setup=0.001 s
fftw1d_measure           L=60  B=1     m=60000 inner=2      min=     0.279 us/xform  median=     0.279  sd=  0.03%      6.36 GF/s  setup=0.047 s
fftw1d_measure           L=60  B=1     m=60000 inner=2      min=     0.275 us/xform  median=     0.275  sd=  0.04%      6.45 GF/s  setup=0.046 s
fftw1d_measure           L=60  B=1     m=60000 inner=2      min=     0.285 us/xform  median=     0.285  sd=  0.03%      6.22 GF/s  setup=0.047 s
fftw1d_measure           L=60  B=1     m=2     inner=3492   min=     0.281 us/xform  median=     0.281  sd=  0.00%      6.31 GF/s  setup=0.047 s
fftw1d_patient           L=60  B=1     m=60000 inner=2      min=     0.242 us/xform  median=     0.242  sd=  0.05%      7.33 GF/s  setup=0.125 s
fftw1d_patient           L=60  B=1     m=60000 inner=2      min=     0.277 us/xform  median=     0.278  sd=  0.04%      6.39 GF/s  setup=0.128 s
fftw1d_patient           L=60  B=1     m=60000 inner=2      min=     0.243 us/xform  median=     0.243  sd=  0.04%      7.30 GF/s  setup=0.127 s
fftw1d_patient           L=60  B=1     m=2     inner=3492   min=     0.281 us/xform  median=     0.281  sd=  0.00%      6.30 GF/s  setup=0.128 s
mkl1d_dfti               L=60  B=1     m=60000 inner=2      min=     0.270 us/xform  median=     0.270  sd=  0.02%      6.57 GF/s  setup=0.002 s
mkl1d_dfti               L=60  B=1     m=60000 inner=2      min=     0.270 us/xform  median=     0.270  sd=  0.02%      6.57 GF/s  setup=0.002 s
mkl1d_dfti               L=60  B=1     m=60000 inner=2      min=     0.270 us/xform  median=     0.270  sd=  0.02%      6.57 GF/s  setup=0.001 s
mkl1d_dfti               L=60  B=1     m=2     inner=2450   min=     0.276 us/xform  median=     0.276  sd=  0.00%      6.43 GF/s  setup=0.002 s
baseline_dft             L=32  B=1     m=100000 inner=1      min=     1.847 us/xform  median=     1.847  sd=  0.03%      0.43 GF/s  setup=0.000 s
baseline_dft             L=32  B=1     m=100000 inner=1      min=     1.847 us/xform  median=     1.847  sd=  0.00%      0.43 GF/s  setup=0.000 s
baseline_dft             L=32  B=1     m=100000 inner=1      min=     1.847 us/xform  median=     1.847  sd=  0.00%      0.43 GF/s  setup=0.000 s
baseline_dft             L=32  B=1     m=2     inner=446    min=     2.239 us/xform  median=     2.239  sd=  0.00%      0.36 GF/s  setup=0.000 s
d1_batchlane             L=32  B=1     m=100000 inner=4      min=     0.068 us/xform  median=     0.068  sd=  0.02%     11.82 GF/s  setup=0.000 s
d1_batchlane             L=32  B=1     m=100000 inner=4      min=     0.057 us/xform  median=     0.067  sd=  8.15%     13.92 GF/s  setup=0.000 s
d1_batchlane             L=32  B=1     m=100000 inner=6      min=     0.058 us/xform  median=     0.058  sd=  0.35%     13.91 GF/s  setup=0.000 s
d1_batchlane             L=32  B=1     m=2     inner=9824   min=     0.096 us/xform  median=     0.096  sd=  0.00%      8.32 GF/s  setup=0.000 s
d1_bluestein             L=32  B=1     m=100000 inner=1      min=     0.216 us/xform  median=     0.216  sd=  0.06%      3.71 GF/s  setup=0.001 s
d1_bluestein             L=32  B=1     m=100000 inner=1      min=     0.214 us/xform  median=     0.214  sd=  0.09%      3.74 GF/s  setup=0.001 s
d1_bluestein             L=32  B=1     m=100000 inner=1      min=     0.213 us/xform  median=     0.214  sd=  0.15%      3.75 GF/s  setup=0.001 s
d1_bluestein             L=32  B=1     m=2     inner=4376   min=     0.223 us/xform  median=     0.223  sd=  0.00%      3.59 GF/s  setup=0.001 s
d1_planner               L=32  B=1     m=100000 inner=4      min=     0.066 us/xform  median=     0.066  sd=  0.08%     12.06 GF/s  setup=0.000 s
d1_planner               L=32  B=1     m=100000 inner=4      min=     0.075 us/xform  median=     0.076  sd=  0.05%     10.60 GF/s  setup=0.000 s
d1_planner               L=32  B=1     m=100000 inner=4      min=     0.075 us/xform  median=     0.076  sd=  0.10%     10.60 GF/s  setup=0.000 s
d1_planner               L=32  B=1     m=2     inner=8000   min=     0.116 us/xform  median=     0.116  sd=  0.00%      6.90 GF/s  setup=0.000 s
d1_pow2                  L=32  B=1     m=100000 inner=4      min=     0.065 us/xform  median=     0.065  sd=  0.06%     12.28 GF/s  setup=0.000 s
d1_pow2                  L=32  B=1     m=100000 inner=6      min=     0.065 us/xform  median=     0.065  sd=  0.11%     12.30 GF/s  setup=0.000 s
d1_pow2                  L=32  B=1     m=100000 inner=6      min=     0.065 us/xform  median=     0.065  sd=  0.07%     12.28 GF/s  setup=0.000 s
d1_pow2                  L=32  B=1     m=2     inner=12210  min=     0.076 us/xform  median=     0.076  sd=  0.00%     10.56 GF/s  setup=0.000 s
d1_race                  L=32  B=1     m=100000 inner=6      min=     0.057 us/xform  median=     0.058  sd=  0.38%     13.94 GF/s  setup=0.081 s
d1_race                  L=32  B=1     m=100000 inner=6      min=     0.058 us/xform  median=     0.058  sd=  0.33%     13.88 GF/s  setup=0.006 s
d1_race                  L=32  B=1     m=100000 inner=6      min=     0.057 us/xform  median=     0.058  sd=  0.37%     13.96 GF/s  setup=0.006 s
d1_race                  L=32  B=1     m=2     inner=10654  min=     0.085 us/xform  median=     0.085  sd=  0.00%      9.40 GF/s  setup=0.004 s
d1_twiddle               L=32  B=1     m=100000 inner=4      min=     0.065 us/xform  median=     0.074  sd=  6.21%     12.36 GF/s  setup=0.000 s
d1_twiddle               L=32  B=1     m=100000 inner=4      min=     0.074 us/xform  median=     0.074  sd=  0.03%     10.86 GF/s  setup=0.000 s
d1_twiddle               L=32  B=1     m=100000 inner=4      min=     0.074 us/xform  median=     0.074  sd=  0.20%     10.86 GF/s  setup=0.000 s
d1_twiddle               L=32  B=1     m=2     inner=12446  min=     0.072 us/xform  median=     0.072  sd=  0.00%     11.08 GF/s  setup=0.000 s
fftw1d_custom            L=32  B=1     m=100000 inner=2      min=     0.147 us/xform  median=     0.147  sd=  0.16%      5.45 GF/s  setup=0.000 s
fftw1d_custom            L=32  B=1     m=100000 inner=2      min=     0.122 us/xform  median=     0.122  sd=  0.19%      6.58 GF/s  setup=0.000 s
fftw1d_custom            L=32  B=1     m=100000 inner=2      min=     0.122 us/xform  median=     0.122  sd=  0.14%      6.58 GF/s  setup=0.000 s
fftw1d_custom            L=32  B=1     m=2     inner=2610   min=     0.252 us/xform  median=     0.252  sd=  0.00%      3.17 GF/s  setup=0.000 s
fftw1d_estimate          L=32  B=1     m=100000 inner=2      min=     0.165 us/xform  median=     0.165  sd=  0.06%      4.85 GF/s  setup=0.001 s
fftw1d_estimate          L=32  B=1     m=100000 inner=2      min=     0.169 us/xform  median=     0.169  sd=  0.06%      4.75 GF/s  setup=0.001 s
fftw1d_estimate          L=32  B=1     m=100000 inner=2      min=     0.165 us/xform  median=     0.166  sd=  0.05%      4.84 GF/s  setup=0.001 s
fftw1d_estimate          L=32  B=1     m=2     inner=5776   min=     0.167 us/xform  median=     0.167  sd=  0.00%      4.79 GF/s  setup=0.001 s
fftw1d_measure           L=32  B=1     m=100000 inner=2      min=     0.136 us/xform  median=     0.155  sd=  5.61%      5.88 GF/s  setup=0.008 s
fftw1d_measure           L=32  B=1     m=100000 inner=2      min=     0.155 us/xform  median=     0.155  sd=  0.10%      5.17 GF/s  setup=0.008 s
fftw1d_measure           L=32  B=1     m=100000 inner=2      min=     0.155 us/xform  median=     0.155  sd=  0.35%      5.17 GF/s  setup=0.008 s
fftw1d_measure           L=32  B=1     m=2     inner=5192   min=     0.181 us/xform  median=     0.181  sd=  0.00%      4.42 GF/s  setup=0.008 s
fftw1d_patient           L=32  B=1     m=100000 inner=2      min=     0.155 us/xform  median=     0.155  sd=  0.08%      5.16 GF/s  setup=0.015 s
fftw1d_patient           L=32  B=1     m=100000 inner=2      min=     0.154 us/xform  median=     0.155  sd=  0.32%      5.18 GF/s  setup=0.016 s
fftw1d_patient           L=32  B=1     m=100000 inner=2      min=     0.155 us/xform  median=     0.155  sd=  0.06%      5.16 GF/s  setup=0.015 s
fftw1d_patient           L=32  B=1     m=2     inner=6996   min=     0.137 us/xform  median=     0.137  sd=  0.00%      5.83 GF/s  setup=0.014 s
mkl1d_dfti               L=32  B=1     m=100000 inner=2      min=     0.149 us/xform  median=     0.149  sd=  0.09%      5.36 GF/s  setup=0.002 s
mkl1d_dfti               L=32  B=1     m=100000 inner=2      min=     0.149 us/xform  median=     0.149  sd=  0.08%      5.36 GF/s  setup=0.002 s
mkl1d_dfti               L=32  B=1     m=100000 inner=2      min=     0.149 us/xform  median=     0.149  sd=  0.07%      5.36 GF/s  setup=0.002 s
mkl1d_dfti               L=32  B=1     m=2     inner=3630   min=     0.151 us/xform  median=     0.151  sd=  0.00%      5.28 GF/s  setup=0.002 s
