   skipping baseline_dft at L=4096 B=256 (too expensive to be informative)
d1_bluestein             L=4096 B=256   m=400   inner=1      min=    30.096 us/xform  median=    30.114  sd=  0.02%      8.17 GF/s  setup=0.002 s
d1_bluestein             L=4096 B=256   m=400   inner=1      min=    30.540 us/xform  median=    30.550  sd=  0.02%      8.05 GF/s  setup=0.002 s
d1_bluestein             L=4096 B=256   m=400   inner=1      min=    30.469 us/xform  median=    30.480  sd=  0.02%      8.07 GF/s  setup=0.001 s
d1_bluestein             L=4096 B=256   m=2     inner=1      min=    33.757 us/xform  median=    33.757  sd=  0.00%      7.28 GF/s  setup=0.001 s
d1_planner               L=4096 B=256   m=400   inner=1      min=     8.877 us/xform  median=     8.878  sd=  0.02%     27.69 GF/s  setup=0.001 s
d1_planner               L=4096 B=256   m=400   inner=1      min=     8.823 us/xform  median=     8.824  sd=  0.02%     27.85 GF/s  setup=0.001 s
d1_planner               L=4096 B=256   m=400   inner=1      min=     8.859 us/xform  median=     8.859  sd=  0.02%     27.74 GF/s  setup=0.001 s
d1_planner               L=4096 B=256   m=2     inner=1      min=    15.387 us/xform  median=    15.387  sd=  0.00%     15.97 GF/s  setup=0.001 s
d1_pow2                  L=4096 B=256   m=400   inner=1      min=     9.499 us/xform  median=     9.502  sd=  0.02%     25.87 GF/s  setup=0.001 s
d1_pow2                  L=4096 B=256   m=400   inner=1      min=     9.401 us/xform  median=     9.403  sd=  0.02%     26.14 GF/s  setup=0.001 s
d1_pow2                  L=4096 B=256   m=400   inner=1      min=     9.445 us/xform  median=     9.448  sd=  0.02%     26.02 GF/s  setup=0.001 s
d1_pow2                  L=4096 B=256   m=2     inner=1      min=    13.923 us/xform  median=    13.923  sd=  0.00%     17.65 GF/s  setup=0.001 s
d1_race                  L=4096 B=256   m=400   inner=1      min=     9.490 us/xform  median=     9.492  sd=  0.02%     25.90 GF/s  setup=24.036 s
d1_race                  L=4096 B=256   m=400   inner=1      min=     9.484 us/xform  median=     9.486  sd=  0.03%     25.91 GF/s  setup=0.012 s
d1_race                  L=4096 B=256   m=400   inner=1      min=     9.512 us/xform  median=     9.515  sd=  0.05%     25.84 GF/s  setup=0.011 s
d1_race                  L=4096 B=256   m=2     inner=1      min=    12.779 us/xform  median=    12.779  sd=  0.00%     19.23 GF/s  setup=0.007 s
d1_twiddle               L=4096 B=256   m=400   inner=1      min=    10.759 us/xform  median=    10.760  sd=  0.02%     22.84 GF/s  setup=0.001 s
d1_twiddle               L=4096 B=256   m=400   inner=1      min=    10.757 us/xform  median=    10.758  sd=  0.02%     22.85 GF/s  setup=0.001 s
d1_twiddle               L=4096 B=256   m=400   inner=1      min=    10.840 us/xform  median=    10.842  sd=  0.02%     22.67 GF/s  setup=0.001 s
d1_twiddle               L=4096 B=256   m=2     inner=1      min=    14.975 us/xform  median=    14.975  sd=  0.00%     16.41 GF/s  setup=0.001 s
fftw1d_estimate          L=4096 B=256   m=400   inner=1      min=    35.380 us/xform  median=    35.388  sd=  0.02%      6.95 GF/s  setup=0.001 s
fftw1d_estimate          L=4096 B=256   m=400   inner=1      min=    35.324 us/xform  median=    35.334  sd=  0.02%      6.96 GF/s  setup=0.001 s
fftw1d_estimate          L=4096 B=256   m=400   inner=1      min=    35.704 us/xform  median=    35.720  sd=  0.03%      6.88 GF/s  setup=0.001 s
fftw1d_estimate          L=4096 B=256   m=2     inner=1      min=    40.672 us/xform  median=    40.672  sd=  0.00%      6.04 GF/s  setup=0.001 s
fftw1d_measure           L=4096 B=256   m=400   inner=1      min=    28.916 us/xform  median=    28.942  sd=  0.04%      8.50 GF/s  setup=0.221 s
fftw1d_measure           L=4096 B=256   m=400   inner=1      min=    29.632 us/xform  median=    29.649  sd=  0.04%      8.29 GF/s  setup=0.221 s
fftw1d_measure           L=4096 B=256   m=400   inner=1      min=    28.690 us/xform  median=    28.712  sd=  0.04%      8.57 GF/s  setup=0.222 s
fftw1d_measure           L=4096 B=256   m=2     inner=1      min=    33.075 us/xform  median=    33.075  sd=  0.00%      7.43 GF/s  setup=0.222 s
fftw1d_patient           L=4096 B=256   m=400   inner=1      min=    24.039 us/xform  median=    24.050  sd=  0.04%     10.22 GF/s  setup=45.121 s
fftw1d_patient           L=4096 B=256   m=400   inner=1      min=    24.092 us/xform  median=    24.098  sd=  0.02%     10.20 GF/s  setup=45.110 s
fftw1d_patient           L=4096 B=256   m=400   inner=1      min=    23.892 us/xform  median=    23.898  sd=  0.02%     10.29 GF/s  setup=45.005 s
fftw1d_patient           L=4096 B=256   m=2     inner=1      min=    28.686 us/xform  median=    28.686  sd=  0.00%      8.57 GF/s  setup=45.586 s
mkl1d_dfti               L=4096 B=256   m=400   inner=1      min=    22.808 us/xform  median=    22.814  sd=  0.02%     10.78 GF/s  setup=0.003 s
mkl1d_dfti               L=4096 B=256   m=400   inner=1      min=    23.239 us/xform  median=    23.246  sd=  0.02%     10.58 GF/s  setup=0.002 s
mkl1d_dfti               L=4096 B=256   m=400   inner=1      min=    23.215 us/xform  median=    23.225  sd=  0.02%     10.59 GF/s  setup=0.002 s
mkl1d_dfti               L=4096 B=256   m=2     inner=1      min=    26.094 us/xform  median=    26.094  sd=  0.00%      9.42 GF/s  setup=0.002 s
   skipping baseline_dft at L=16384 B=64 (too expensive to be informative)
d1_bluestein             L=16384 B=64    m=1     inner=8      min=    69.479 us/xform  median=    69.803  sd=  0.14%     16.51 GF/s  setup=0.003 s
d1_bluestein             L=16384 B=64    m=1     inner=8      min=    69.503 us/xform  median=    69.549  sd=  0.07%     16.50 GF/s  setup=0.004 s
d1_bluestein             L=16384 B=64    m=1     inner=10     min=    60.988 us/xform  median=    61.006  sd=  0.02%     18.80 GF/s  setup=0.004 s
d1_bluestein             L=16384 B=64    m=1     inner=10     min=    60.805 us/xform  median=    60.832  sd=  0.03%     18.86 GF/s  setup=0.003 s
d1_bluestein             L=16384 B=64    m=1     inner=10     min=    61.236 us/xform  median=    61.267  sd=  0.04%     18.73 GF/s  setup=0.003 s
d1_bluestein             L=16384 B=64    m=1     inner=8      min=    78.221 us/xform  median=    84.308  sd=  2.09%     14.66 GF/s  setup=0.004 s
d1_bluestein             L=16384 B=64    m=1     inner=8      min=    61.650 us/xform  median=    61.716  sd=  0.13%     18.60 GF/s  setup=0.004 s
d1_bluestein             L=16384 B=64    m=1     inner=10     min=    61.112 us/xform  median=    61.147  sd=  0.03%     18.77 GF/s  setup=0.003 s
d1_bluestein             L=16384 B=64    m=1     inner=10     min=    61.486 us/xform  median=    61.515  sd=  0.03%     18.65 GF/s  setup=0.003 s
d1_planner               L=16384 B=64    m=1     inner=12     min=    47.623 us/xform  median=    60.194  sd=  7.63%     24.08 GF/s  setup=0.003 s
d1_planner               L=16384 B=64    m=1     inner=10     min=    46.017 us/xform  median=    46.043  sd=  1.34%     24.92 GF/s  setup=0.004 s
d1_planner               L=16384 B=64    m=1     inner=14     min=    38.618 us/xform  median=    38.632  sd=  0.05%     29.70 GF/s  setup=0.003 s
d1_planner               L=16384 B=64    m=1     inner=14     min=    43.876 us/xform  median=    43.903  sd=  0.05%     26.14 GF/s  setup=0.003 s
d1_planner               L=16384 B=64    m=1     inner=12     min=    49.335 us/xform  median=    50.873  sd=  1.30%     23.25 GF/s  setup=0.004 s
d1_planner               L=16384 B=64    m=1     inner=10     min=    43.989 us/xform  median=    44.011  sd=  1.97%     26.07 GF/s  setup=0.004 s
d1_planner               L=16384 B=64    m=1     inner=12     min=    44.127 us/xform  median=    44.157  sd=  0.04%     25.99 GF/s  setup=0.003 s
d1_planner               L=16384 B=64    m=1     inner=12     min=    46.201 us/xform  median=    46.206  sd=  0.38%     24.82 GF/s  setup=0.003 s
d1_planner               L=16384 B=64    m=1     inner=12     min=    40.583 us/xform  median=    45.768  sd=  5.60%     28.26 GF/s  setup=0.003 s
d1_pow2                  L=16384 B=64    m=1     inner=12     min=    43.485 us/xform  median=    43.536  sd=  0.27%     26.37 GF/s  setup=0.003 s
d1_pow2                  L=16384 B=64    m=1     inner=12     min=    52.021 us/xform  median=    66.877  sd=  9.14%     22.05 GF/s  setup=0.003 s
d1_pow2                  L=16384 B=64    m=1     inner=10     min=    43.563 us/xform  median=    43.588  sd=  1.99%     26.33 GF/s  setup=0.004 s
d1_pow2                  L=16384 B=64    m=1     inner=14     min=    43.357 us/xform  median=    43.374  sd=  0.03%     26.45 GF/s  setup=0.003 s
d1_pow2                  L=16384 B=64    m=1     inner=14     min=    43.521 us/xform  median=    43.534  sd=  0.02%     26.35 GF/s  setup=0.003 s
d1_pow2                  L=16384 B=64    m=1     inner=12     min=    59.585 us/xform  median=    67.226  sd=  3.32%     19.25 GF/s  setup=0.003 s
d1_pow2                  L=16384 B=64    m=1     inner=8      min=    67.283 us/xform  median=    67.318  sd=  0.07%     17.05 GF/s  setup=0.003 s
d1_pow2                  L=16384 B=64    m=1     inner=8      min=    59.592 us/xform  median=    61.274  sd=  2.16%     19.25 GF/s  setup=0.004 s
d1_pow2                  L=16384 B=64    m=1     inner=10     min=    45.007 us/xform  median=    45.045  sd=  2.05%     25.48 GF/s  setup=0.003 s
d1_race                  L=16384 B=64    m=1     inner=10     min=    49.296 us/xform  median=    49.317  sd=  0.04%     23.27 GF/s  setup=2.136 s
d1_race                  L=16384 B=64    m=1     inner=14     min=    38.844 us/xform  median=    38.868  sd=  0.03%     29.53 GF/s  setup=0.011 s
d1_race                  L=16384 B=64    m=1     inner=12     min=    49.439 us/xform  median=    49.460  sd=  0.04%     23.20 GF/s  setup=0.015 s
d1_race                  L=16384 B=64    m=1     inner=14     min=    39.460 us/xform  median=    39.472  sd=  0.03%     29.06 GF/s  setup=0.010 s
d1_race                  L=16384 B=64    m=1     inner=10     min=    40.473 us/xform  median=    60.827  sd= 14.68%     28.34 GF/s  setup=0.016 s
d1_race                  L=16384 B=64    m=1     inner=16     min=    38.678 us/xform  median=    38.700  sd=  0.04%     29.65 GF/s  setup=0.008 s
d1_race                  L=16384 B=64    m=1     inner=14     min=    39.500 us/xform  median=    39.530  sd=  0.06%     29.03 GF/s  setup=0.010 s
d1_race                  L=16384 B=64    m=1     inner=14     min=    40.286 us/xform  median=    40.303  sd=  0.04%     28.47 GF/s  setup=0.008 s
d1_race                  L=16384 B=64    m=1     inner=14     min=    39.804 us/xform  median=    39.820  sd=  0.03%     28.81 GF/s  setup=0.008 s
d1_twiddle               L=16384 B=64    m=1     inner=14     min=    39.302 us/xform  median=    39.346  sd=  0.08%     29.18 GF/s  setup=0.001 s
d1_twiddle               L=16384 B=64    m=1     inner=14     min=    40.707 us/xform  median=    40.734  sd=  0.07%     28.17 GF/s  setup=0.001 s
d1_twiddle               L=16384 B=64    m=1     inner=14     min=    40.854 us/xform  median=    40.900  sd=  0.05%     28.07 GF/s  setup=0.001 s
d1_twiddle               L=16384 B=64    m=1     inner=14     min=    39.396 us/xform  median=    39.413  sd=  0.04%     29.11 GF/s  setup=0.001 s
d1_twiddle               L=16384 B=64    m=1     inner=14     min=    40.887 us/xform  median=    40.922  sd=  0.05%     28.05 GF/s  setup=0.001 s
d1_twiddle               L=16384 B=64    m=1     inner=14     min=    40.939 us/xform  median=    40.976  sd=  0.06%     28.01 GF/s  setup=0.001 s
d1_twiddle               L=16384 B=64    m=1     inner=14     min=    39.540 us/xform  median=    39.575  sd=  0.07%     29.01 GF/s  setup=0.001 s
d1_twiddle               L=16384 B=64    m=1     inner=14     min=    40.891 us/xform  median=    40.913  sd=  0.03%     28.05 GF/s  setup=0.001 s
d1_twiddle               L=16384 B=64    m=1     inner=14     min=    39.904 us/xform  median=    39.939  sd=  0.09%     28.74 GF/s  setup=0.001 s
fftw1d_estimate          L=16384 B=64    m=1     inner=4      min=   127.515 us/xform  median=   127.832  sd=  0.27%      8.99 GF/s  setup=0.001 s
fftw1d_estimate          L=16384 B=64    m=1     inner=6      min=    92.338 us/xform  median=    92.520  sd=  0.37%     12.42 GF/s  setup=0.001 s
fftw1d_estimate          L=16384 B=64    m=1     inner=4      min=   113.204 us/xform  median=   129.770  sd=  3.87%     10.13 GF/s  setup=0.001 s
fftw1d_estimate          L=16384 B=64    m=1     inner=6      min=    92.528 us/xform  median=    92.792  sd=  0.42%     12.39 GF/s  setup=0.001 s
fftw1d_estimate          L=16384 B=64    m=1     inner=4      min=   115.336 us/xform  median=   128.609  sd=  3.07%      9.94 GF/s  setup=0.001 s
fftw1d_estimate          L=16384 B=64    m=1     inner=4      min=   131.058 us/xform  median=   131.313  sd=  0.33%      8.75 GF/s  setup=0.001 s
fftw1d_estimate          L=16384 B=64    m=1     inner=4      min=    92.607 us/xform  median=    92.976  sd=  0.86%     12.38 GF/s  setup=0.001 s
fftw1d_estimate          L=16384 B=64    m=1     inner=6      min=    92.191 us/xform  median=    92.380  sd=  0.33%     12.44 GF/s  setup=0.001 s
fftw1d_estimate          L=16384 B=64    m=1     inner=4      min=   114.913 us/xform  median=   129.609  sd=  3.42%      9.98 GF/s  setup=0.001 s
fftw1d_measure           L=16384 B=64    m=1     inner=6      min=    66.908 us/xform  median=    98.733  sd= 13.47%     17.14 GF/s  setup=0.616 s
fftw1d_measure           L=16384 B=64    m=1     inner=6      min=    97.569 us/xform  median=    97.892  sd=  0.28%     11.75 GF/s  setup=0.619 s
fftw1d_measure           L=16384 B=64    m=1     inner=8      min=    63.792 us/xform  median=    63.998  sd=  0.21%     17.98 GF/s  setup=0.569 s
fftw1d_measure           L=16384 B=64    m=1     inner=6      min=    97.801 us/xform  median=    98.069  sd=  0.34%     11.73 GF/s  setup=0.617 s
fftw1d_measure           L=16384 B=64    m=1     inner=8      min=    62.941 us/xform  median=    63.169  sd=  0.28%     18.22 GF/s  setup=0.568 s
fftw1d_measure           L=16384 B=64    m=1     inner=8      min=    62.806 us/xform  median=    63.102  sd=  0.27%     18.26 GF/s  setup=0.567 s
fftw1d_measure           L=16384 B=64    m=1     inner=8      min=    62.381 us/xform  median=    62.498  sd=  0.23%     18.39 GF/s  setup=0.567 s
fftw1d_measure           L=16384 B=64    m=1     inner=8      min=    63.085 us/xform  median=    63.263  sd=  0.23%     18.18 GF/s  setup=0.569 s
fftw1d_measure           L=16384 B=64    m=1     inner=6      min=   100.362 us/xform  median=   100.664  sd=  0.30%     11.43 GF/s  setup=0.618 s
fftw1d_patient           L=16384 B=64    m=1     inner=14     min=    43.660 us/xform  median=    46.077  sd=  1.98%     26.27 GF/s  setup=66.847 s
fftw1d_patient           L=16384 B=64    m=1     inner=12     min=    48.172 us/xform  median=    48.230  sd=  0.20%     23.81 GF/s  setup=67.202 s
fftw1d_patient           L=16384 B=64    m=1     inner=12     min=    46.607 us/xform  median=    46.722  sd=  0.22%     24.61 GF/s  setup=67.981 s
fftw1d_patient           L=16384 B=64    m=1     inner=12     min=    49.974 us/xform  median=    50.127  sd=  0.29%     22.95 GF/s  setup=67.253 s
fftw1d_patient           L=16384 B=64    m=1     inner=12     min=    47.489 us/xform  median=    47.590  sd=  0.18%     24.15 GF/s  setup=68.793 s
fftw1d_patient           L=16384 B=64    m=1     inner=12     min=    49.355 us/xform  median=    49.416  sd=  0.11%     23.24 GF/s  setup=68.710 s
fftw1d_patient           L=16384 B=64    m=1     inner=12     min=    48.486 us/xform  median=    48.564  sd=  0.10%     23.65 GF/s  setup=67.733 s
fftw1d_patient           L=16384 B=64    m=1     inner=12     min=    48.098 us/xform  median=    48.276  sd=  0.35%     23.84 GF/s  setup=68.620 s
fftw1d_patient           L=16384 B=64    m=1     inner=12     min=    46.336 us/xform  median=    46.438  sd=  0.30%     24.75 GF/s  setup=67.365 s
mkl1d_dfti               L=16384 B=64    m=1     inner=10     min=    58.009 us/xform  median=    60.408  sd=  1.15%     19.77 GF/s  setup=0.003 s
mkl1d_dfti               L=16384 B=64    m=1     inner=8      min=    73.563 us/xform  median=    73.736  sd=  0.21%     15.59 GF/s  setup=0.003 s
mkl1d_dfti               L=16384 B=64    m=1     inner=8      min=    74.753 us/xform  median=    74.837  sd=  0.19%     15.34 GF/s  setup=0.003 s
mkl1d_dfti               L=16384 B=64    m=1     inner=8      min=    63.045 us/xform  median=    63.120  sd=  1.60%     18.19 GF/s  setup=0.003 s
mkl1d_dfti               L=16384 B=64    m=1     inner=8      min=    61.615 us/xform  median=    61.764  sd=  0.22%     18.61 GF/s  setup=0.003 s
mkl1d_dfti               L=16384 B=64    m=1     inner=8      min=    56.135 us/xform  median=    56.248  sd=  0.83%     20.43 GF/s  setup=0.003 s
mkl1d_dfti               L=16384 B=64    m=1     inner=10     min=    65.705 us/xform  median=    65.960  sd=  1.43%     17.45 GF/s  setup=0.003 s
mkl1d_dfti               L=16384 B=64    m=1     inner=8      min=    58.718 us/xform  median=    58.936  sd=  0.23%     19.53 GF/s  setup=0.003 s
mkl1d_dfti               L=16384 B=64    m=1     inner=5      min=    64.535 us/xform  median=    68.546  sd=  2.11%     17.77 GF/s  setup=0.003 s
   skipping baseline_dft at L=100003 B=1 (too expensive to be informative)
d1_bluestein             L=100003 B=1     m=1     inner=12     min=  2933.702 us/xform  median=  2934.737  sd=  0.05%      2.83 GF/s  setup=0.031 s
d1_bluestein             L=100003 B=1     m=1     inner=12     min=  2990.851 us/xform  median=  2991.538  sd=  0.02%      2.78 GF/s  setup=0.032 s
d1_bluestein             L=100003 B=1     m=1     inner=12     min=  2930.959 us/xform  median=  2932.026  sd=  0.03%      2.83 GF/s  setup=0.033 s
d1_bluestein             L=100003 B=1     m=1     inner=12     min=  2921.100 us/xform  median=  2922.565  sd=  1.39%      2.84 GF/s  setup=0.035 s
d1_bluestein             L=100003 B=1     m=1     inner=12     min=  3008.216 us/xform  median=  3009.650  sd=  0.03%      2.76 GF/s  setup=0.034 s
d1_bluestein             L=100003 B=1     m=1     inner=12     min=  2926.875 us/xform  median=  3005.308  sd=  1.08%      2.84 GF/s  setup=0.034 s
d1_bluestein             L=100003 B=1     m=1     inner=12     min=  2920.427 us/xform  median=  2921.345  sd=  0.04%      2.84 GF/s  setup=0.032 s
d1_bluestein             L=100003 B=1     m=1     inner=12     min=  2999.205 us/xform  median=  3000.826  sd=  0.04%      2.77 GF/s  setup=0.033 s
d1_bluestein             L=100003 B=1     m=1     inner=12     min=  2920.194 us/xform  median=  2947.237  sd=  1.77%      2.84 GF/s  setup=0.033 s
d1_planner               L=100003 B=1     m=1     inner=8      min=  2969.232 us/xform  median=  2971.861  sd=  4.34%      2.80 GF/s  setup=0.064 s
d1_planner               L=100003 B=1     m=1     inner=12     min=  2813.809 us/xform  median=  2815.720  sd=  0.04%      2.95 GF/s  setup=0.061 s
d1_planner               L=100003 B=1     m=1     inner=12     min=  2817.860 us/xform  median=  2819.420  sd=  0.05%      2.95 GF/s  setup=0.058 s
d1_planner               L=100003 B=1     m=1     inner=12     min=  2813.968 us/xform  median=  2815.492  sd=  0.03%      2.95 GF/s  setup=0.058 s
d1_planner               L=100003 B=1     m=1     inner=12     min=  2622.299 us/xform  median=  2624.179  sd=  3.31%      3.17 GF/s  setup=0.057 s
d1_planner               L=100003 B=1     m=1     inner=14     min=  2623.177 us/xform  median=  2624.218  sd=  0.03%      3.17 GF/s  setup=0.048 s
d1_planner               L=100003 B=1     m=1     inner=14     min=  2622.919 us/xform  median=  2624.369  sd=  0.03%      3.17 GF/s  setup=0.048 s
d1_planner               L=100003 B=1     m=1     inner=12     min=  2897.886 us/xform  median=  2899.192  sd=  0.04%      2.87 GF/s  setup=0.062 s
d1_planner               L=100003 B=1     m=1     inner=12     min=  2910.307 us/xform  median=  2912.340  sd=  0.03%      2.85 GF/s  setup=0.058 s
d1_race                  L=100003 B=1     m=1     inner=16     min=  2238.968 us/xform  median=  2239.999  sd=  0.07%      3.71 GF/s  setup=6.292 s
d1_race                  L=100003 B=1     m=1     inner=16     min=  2225.333 us/xform  median=  2226.141  sd=  0.02%      3.73 GF/s  setup=0.042 s
d1_race                  L=100003 B=1     m=1     inner=16     min=  2272.877 us/xform  median=  2273.670  sd=  0.04%      3.65 GF/s  setup=0.041 s
d1_race                  L=100003 B=1     m=1     inner=16     min=  2272.064 us/xform  median=  2272.806  sd=  0.02%      3.66 GF/s  setup=0.029 s
d1_race                  L=100003 B=1     m=1     inner=16     min=  2274.083 us/xform  median=  2275.282  sd=  0.02%      3.65 GF/s  setup=0.029 s
d1_race                  L=100003 B=1     m=1     inner=18     min=  2213.123 us/xform  median=  2213.846  sd=  0.04%      3.75 GF/s  setup=0.038 s
d1_race                  L=100003 B=1     m=1     inner=16     min=  2243.193 us/xform  median=  2243.574  sd=  0.10%      3.70 GF/s  setup=0.039 s
d1_race                  L=100003 B=1     m=1     inner=16     min=  2235.144 us/xform  median=  2236.517  sd=  0.02%      3.72 GF/s  setup=0.028 s
d1_race                  L=100003 B=1     m=1     inner=16     min=  2223.451 us/xform  median=  2224.358  sd=  0.02%      3.74 GF/s  setup=0.039 s
fftw1d_estimate          L=100003 B=1     m=1     inner=6      min=  5941.095 us/xform  median=  6229.287  sd=  2.63%      1.40 GF/s  setup=0.014 s
fftw1d_estimate          L=100003 B=1     m=1     inner=8      min=  4846.873 us/xform  median=  4855.945  sd=  0.24%      1.71 GF/s  setup=0.014 s
fftw1d_estimate          L=100003 B=1     m=1     inner=6      min=  5825.700 us/xform  median=  5952.163  sd=  1.23%      1.43 GF/s  setup=0.014 s
fftw1d_estimate          L=100003 B=1     m=1     inner=6      min=  4876.232 us/xform  median=  4880.766  sd=  0.13%      1.70 GF/s  setup=0.015 s
fftw1d_estimate          L=100003 B=1     m=1     inner=6      min=  5826.357 us/xform  median=  6257.243  sd=  2.68%      1.43 GF/s  setup=0.014 s
fftw1d_estimate          L=100003 B=1     m=1     inner=6      min=  6500.478 us/xform  median=  6502.286  sd=  0.02%      1.28 GF/s  setup=0.012 s
fftw1d_estimate          L=100003 B=1     m=1     inner=4      min=  6017.396 us/xform  median=  6749.246  sd=  3.15%      1.38 GF/s  setup=0.012 s
fftw1d_estimate          L=100003 B=1     m=1     inner=6      min=  4907.156 us/xform  median=  4915.373  sd=  0.09%      1.69 GF/s  setup=0.010 s
fftw1d_estimate          L=100003 B=1     m=1     inner=8      min=  4896.214 us/xform  median=  4901.460  sd=  0.07%      1.70 GF/s  setup=0.009 s
fftw1d_measure           L=100003 B=1     m=1     inner=14     min=  2761.076 us/xform  median=  2767.725  sd=  0.12%      3.01 GF/s  setup=4.625 s
fftw1d_measure           L=100003 B=1     m=1     inner=14     min=  2752.361 us/xform  median=  2757.704  sd=  0.09%      3.02 GF/s  setup=4.618 s
fftw1d_measure           L=100003 B=1     m=1     inner=12     min=  3159.321 us/xform  median=  3164.373  sd=  0.12%      2.63 GF/s  setup=4.666 s
fftw1d_measure           L=100003 B=1     m=1     inner=14     min=  2747.171 us/xform  median=  2750.523  sd=  0.13%      3.02 GF/s  setup=4.642 s
fftw1d_measure           L=100003 B=1     m=1     inner=14     min=  2787.143 us/xform  median=  2790.821  sd=  0.07%      2.98 GF/s  setup=4.635 s
fftw1d_measure           L=100003 B=1     m=1     inner=14     min=  2837.837 us/xform  median=  2843.116  sd=  0.10%      2.93 GF/s  setup=4.661 s
fftw1d_measure           L=100003 B=1     m=1     inner=14     min=  2750.234 us/xform  median=  2756.462  sd=  0.12%      3.02 GF/s  setup=4.697 s
fftw1d_measure           L=100003 B=1     m=1     inner=12     min=  3052.924 us/xform  median=  3056.889  sd=  0.10%      2.72 GF/s  setup=4.689 s
fftw1d_measure           L=100003 B=1     m=1     inner=14     min=  2803.936 us/xform  median=  2805.897  sd=  0.06%      2.96 GF/s  setup=4.682 s
fftw1d_patient           L=100003 B=1     m=1     inner=12     min=  2922.766 us/xform  median=  2927.776  sd=  0.08%      2.84 GF/s  setup=62.978 s
fftw1d_patient           L=100003 B=1     m=1     inner=14     min=  2749.747 us/xform  median=  2755.332  sd=  0.11%      3.02 GF/s  setup=62.797 s
fftw1d_patient           L=100003 B=1     m=1     inner=12     min=  2968.627 us/xform  median=  2974.483  sd=  0.10%      2.80 GF/s  setup=62.702 s
fftw1d_patient           L=100003 B=1     m=1     inner=14     min=  2712.138 us/xform  median=  2718.057  sd=  0.11%      3.06 GF/s  setup=62.835 s
fftw1d_patient           L=100003 B=1     m=1     inner=14     min=  2775.157 us/xform  median=  2779.121  sd=  0.08%      2.99 GF/s  setup=62.610 s
fftw1d_patient           L=100003 B=1     m=1     inner=12     min=  2895.029 us/xform  median=  2897.315  sd=  0.09%      2.87 GF/s  setup=63.016 s
fftw1d_patient           L=100003 B=1     m=1     inner=14     min=  2683.016 us/xform  median=  2690.735  sd=  0.13%      3.10 GF/s  setup=62.659 s
fftw1d_patient           L=100003 B=1     m=1     inner=14     min=  2720.039 us/xform  median=  2723.052  sd=  0.07%      3.05 GF/s  setup=62.741 s
fftw1d_patient           L=100003 B=1     m=1     inner=14     min=  2699.139 us/xform  median=  2702.123  sd=  0.08%      3.08 GF/s  setup=62.504 s
mkl1d_dfti               L=100003 B=1     m=1     inner=10     min=  3883.110 us/xform  median=  3927.206  sd=  0.60%      2.14 GF/s  setup=0.014 s
mkl1d_dfti               L=100003 B=1     m=1     inner=10     min=  3347.921 us/xform  median=  3352.733  sd=  0.58%      2.48 GF/s  setup=0.015 s
mkl1d_dfti               L=100003 B=1     m=1     inner=10     min=  3802.640 us/xform  median=  3822.636  sd=  0.35%      2.18 GF/s  setup=0.015 s
mkl1d_dfti               L=100003 B=1     m=1     inner=8      min=  3971.334 us/xform  median=  3973.656  sd=  0.11%      2.09 GF/s  setup=0.015 s
mkl1d_dfti               L=100003 B=1     m=1     inner=10     min=  3341.398 us/xform  median=  3346.452  sd=  0.23%      2.49 GF/s  setup=0.015 s
mkl1d_dfti               L=100003 B=1     m=1     inner=10     min=  3864.599 us/xform  median=  3871.152  sd=  0.43%      2.15 GF/s  setup=0.015 s
mkl1d_dfti               L=100003 B=1     m=1     inner=8      min=  4005.366 us/xform  median=  4008.373  sd=  0.03%      2.07 GF/s  setup=0.015 s
mkl1d_dfti               L=100003 B=1     m=1     inner=8      min=  4157.966 us/xform  median=  4177.734  sd=  0.23%      2.00 GF/s  setup=0.012 s
mkl1d_dfti               L=100003 B=1     m=1     inner=8      min=  4261.432 us/xform  median=  4263.864  sd=  0.89%      1.95 GF/s  setup=0.014 s
   skipping baseline_dft at L=65537 B=1 (too expensive to be informative)
d1_bluestein             L=65537 B=1     m=1     inner=22     min=  1799.943 us/xform  median=  2167.194  sd=  5.23%      2.91 GF/s  setup=0.025 s
d1_bluestein             L=65537 B=1     m=1     inner=18     min=  2115.442 us/xform  median=  2116.302  sd=  0.02%      2.48 GF/s  setup=0.028 s
d1_bluestein             L=65537 B=1     m=1     inner=16     min=  1941.400 us/xform  median=  1988.487  sd=  0.74%      2.70 GF/s  setup=0.029 s
d1_bluestein             L=65537 B=1     m=1     inner=20     min=  2118.486 us/xform  median=  2119.053  sd=  0.01%      2.47 GF/s  setup=0.025 s
d1_bluestein             L=65537 B=1     m=1     inner=16     min=  1919.223 us/xform  median=  1920.735  sd=  1.29%      2.73 GF/s  setup=0.027 s
d1_bluestein             L=65537 B=1     m=1     inner=20     min=  1893.875 us/xform  median=  1894.643  sd=  0.02%      2.77 GF/s  setup=0.022 s
d1_bluestein             L=65537 B=1     m=1     inner=20     min=  1929.520 us/xform  median=  1968.628  sd=  0.57%      2.72 GF/s  setup=0.025 s
d1_bluestein             L=65537 B=1     m=1     inner=18     min=  1897.470 us/xform  median=  1898.162  sd=  0.39%      2.76 GF/s  setup=0.026 s
d1_bluestein             L=65537 B=1     m=1     inner=20     min=  1882.223 us/xform  median=  1882.919  sd=  0.02%      2.79 GF/s  setup=0.022 s
d1_planner               L=65537 B=1     m=1     inner=20     min=   890.072 us/xform  median=   890.669  sd= 10.56%      5.89 GF/s  setup=0.028 s
d1_planner               L=65537 B=1     m=1     inner=40     min=   887.789 us/xform  median=   887.953  sd=  0.01%      5.91 GF/s  setup=0.026 s
d1_planner               L=65537 B=1     m=1     inner=42     min=   843.613 us/xform  median=   843.801  sd=  0.02%      6.21 GF/s  setup=0.030 s
d1_planner               L=65537 B=1     m=1     inner=44     min=   843.631 us/xform  median=   843.883  sd=  0.02%      6.21 GF/s  setup=0.026 s
d1_planner               L=65537 B=1     m=1     inner=44     min=   845.361 us/xform  median=   845.461  sd=  0.01%      6.20 GF/s  setup=0.025 s
d1_planner               L=65537 B=1     m=1     inner=44     min=   783.088 us/xform  median=   783.271  sd=  3.13%      6.70 GF/s  setup=0.025 s
d1_planner               L=65537 B=1     m=1     inner=44     min=   921.011 us/xform  median=   921.390  sd=  0.03%      5.69 GF/s  setup=0.029 s
d1_planner               L=65537 B=1     m=1     inner=36     min=   852.354 us/xform  median=   852.658  sd=  0.65%      6.15 GF/s  setup=0.029 s
d1_planner               L=65537 B=1     m=1     inner=44     min=   849.408 us/xform  median=   849.528  sd=  0.01%      6.17 GF/s  setup=0.025 s
d1_race                  L=65537 B=1     m=1     inner=48     min=   788.415 us/xform  median=   788.714  sd=  0.02%      6.65 GF/s  setup=3.688 s
d1_race                  L=65537 B=1     m=1     inner=46     min=   840.400 us/xform  median=   840.584  sd=  0.02%      6.24 GF/s  setup=0.047 s
d1_race                  L=65537 B=1     m=1     inner=50     min=   798.442 us/xform  median=   798.681  sd=  0.02%      6.57 GF/s  setup=0.047 s
d1_race                  L=65537 B=1     m=1     inner=27     min=   740.321 us/xform  median=   740.762  sd=  0.03%      7.08 GF/s  setup=0.045 s
d1_race                  L=65537 B=1     m=1     inner=52     min=   735.947 us/xform  median=   736.018  sd=  0.01%      7.12 GF/s  setup=0.034 s
d1_race                  L=65537 B=1     m=1     inner=48     min=   803.838 us/xform  median=   804.206  sd=  0.02%      6.52 GF/s  setup=0.046 s
d1_race                  L=65537 B=1     m=1     inner=48     min=   737.769 us/xform  median=   737.980  sd=  0.02%      7.11 GF/s  setup=0.043 s
d1_race                  L=65537 B=1     m=1     inner=52     min=   738.250 us/xform  median=   738.467  sd=  0.02%      7.10 GF/s  setup=0.034 s
d1_race                  L=65537 B=1     m=1     inner=48     min=   741.388 us/xform  median=   741.561  sd=  1.78%      7.07 GF/s  setup=0.047 s
d1_rader                 L=65537 B=1     m=1     inner=52     min=   734.232 us/xform  median=   734.514  sd=  0.14%      7.14 GF/s  setup=0.005 s
d1_rader                 L=65537 B=1     m=1     inner=54     min=   737.709 us/xform  median=   737.883  sd=  0.01%      7.11 GF/s  setup=0.005 s
d1_rader                 L=65537 B=1     m=1     inner=48     min=   821.553 us/xform  median=   821.881  sd=  0.02%      6.38 GF/s  setup=0.007 s
d1_rader                 L=65537 B=1     m=1     inner=52     min=   736.711 us/xform  median=   736.938  sd=  0.02%      7.12 GF/s  setup=0.007 s
d1_rader                 L=65537 B=1     m=1     inner=54     min=   736.929 us/xform  median=   737.103  sd=  0.02%      7.11 GF/s  setup=0.005 s
d1_rader                 L=65537 B=1     m=1     inner=48     min=   823.346 us/xform  median=   823.547  sd=  0.01%      6.37 GF/s  setup=0.007 s
d1_rader                 L=65537 B=1     m=1     inner=48     min=   821.545 us/xform  median=   821.876  sd=  0.02%      6.38 GF/s  setup=0.005 s
d1_rader                 L=65537 B=1     m=1     inner=52     min=   737.647 us/xform  median=   737.718  sd=  0.01%      7.11 GF/s  setup=0.007 s
d1_rader                 L=65537 B=1     m=1     inner=54     min=   737.550 us/xform  median=   737.733  sd=  0.02%      7.11 GF/s  setup=0.005 s
fftw1d_estimate          L=65537 B=1     m=1     inner=18     min=  1955.094 us/xform  median=  2188.542  sd=  4.60%      2.68 GF/s  setup=0.010 s
fftw1d_estimate          L=65537 B=1     m=1     inner=16     min=  2151.076 us/xform  median=  2151.781  sd=  0.02%      2.44 GF/s  setup=0.010 s
fftw1d_estimate          L=65537 B=1     m=1     inner=18     min=  2152.665 us/xform  median=  2153.288  sd=  0.03%      2.44 GF/s  setup=0.008 s
fftw1d_estimate          L=65537 B=1     m=1     inner=18     min=  2147.871 us/xform  median=  2151.532  sd=  0.05%      2.44 GF/s  setup=0.008 s
fftw1d_estimate          L=65537 B=1     m=1     inner=18     min=  1726.952 us/xform  median=  2149.991  sd=  9.71%      3.04 GF/s  setup=0.010 s
fftw1d_estimate          L=65537 B=1     m=1     inner=20     min=  1738.160 us/xform  median=  1739.995  sd=  0.06%      3.02 GF/s  setup=0.010 s
fftw1d_estimate          L=65537 B=1     m=1     inner=20     min=  1727.012 us/xform  median=  1728.771  sd=  0.05%      3.04 GF/s  setup=0.010 s
fftw1d_estimate          L=65537 B=1     m=1     inner=20     min=  1744.308 us/xform  median=  1745.255  sd=  0.21%      3.01 GF/s  setup=0.010 s
fftw1d_estimate          L=65537 B=1     m=1     inner=20     min=  1723.906 us/xform  median=  1725.475  sd=  0.05%      3.04 GF/s  setup=0.010 s
fftw1d_measure           L=65537 B=1     m=1     inner=24     min=  1576.312 us/xform  median=  1577.513  sd=  0.07%      3.33 GF/s  setup=4.422 s
fftw1d_measure           L=65537 B=1     m=1     inner=24     min=  1577.457 us/xform  median=  1579.842  sd=  0.07%      3.32 GF/s  setup=4.256 s
fftw1d_measure           L=65537 B=1     m=1     inner=24     min=  1581.813 us/xform  median=  1583.349  sd=  0.06%      3.31 GF/s  setup=4.235 s
fftw1d_measure           L=65537 B=1     m=1     inner=24     min=  1585.789 us/xform  median=  1586.675  sd=  0.05%      3.31 GF/s  setup=4.299 s
fftw1d_measure           L=65537 B=1     m=1     inner=24     min=  1580.449 us/xform  median=  1581.480  sd=  0.04%      3.32 GF/s  setup=4.242 s
fftw1d_measure           L=65537 B=1     m=1     inner=24     min=  1586.215 us/xform  median=  1587.334  sd=  0.03%      3.31 GF/s  setup=4.261 s
fftw1d_measure           L=65537 B=1     m=1     inner=24     min=  1583.408 us/xform  median=  1585.501  sd=  0.06%      3.31 GF/s  setup=4.219 s
fftw1d_measure           L=65537 B=1     m=1     inner=24     min=  1583.839 us/xform  median=  1586.430  sd=  0.09%      3.31 GF/s  setup=4.279 s
fftw1d_measure           L=65537 B=1     m=1     inner=24     min=  1577.921 us/xform  median=  1580.889  sd=  0.10%      3.32 GF/s  setup=4.230 s
fftw1d_patient           L=65537 B=1     m=1     inner=26     min=  1463.932 us/xform  median=  1466.057  sd=  0.07%      3.58 GF/s  setup=57.968 s
fftw1d_patient           L=65537 B=1     m=1     inner=26     min=  1470.976 us/xform  median=  1472.325  sd=  0.06%      3.56 GF/s  setup=58.091 s
fftw1d_patient           L=65537 B=1     m=1     inner=26     min=  1462.489 us/xform  median=  1464.174  sd=  0.08%      3.58 GF/s  setup=58.050 s
fftw1d_patient           L=65537 B=1     m=1     inner=26     min=  1457.795 us/xform  median=  1459.677  sd=  0.07%      3.60 GF/s  setup=57.812 s
fftw1d_patient           L=65537 B=1     m=1     inner=26     min=  1470.784 us/xform  median=  1473.077  sd=  0.08%      3.56 GF/s  setup=58.168 s
fftw1d_patient           L=65537 B=1     m=1     inner=26     min=  1460.613 us/xform  median=  1462.742  sd=  0.07%      3.59 GF/s  setup=58.201 s
fftw1d_patient           L=65537 B=1     m=1     inner=26     min=  1466.023 us/xform  median=  1467.053  sd=  0.07%      3.58 GF/s  setup=58.221 s
fftw1d_patient           L=65537 B=1     m=1     inner=26     min=  1467.922 us/xform  median=  1469.256  sd=  0.05%      3.57 GF/s  setup=58.097 s
fftw1d_patient           L=65537 B=1     m=1     inner=26     min=  1467.163 us/xform  median=  1468.975  sd=  0.09%      3.57 GF/s  setup=58.070 s
mkl1d_dfti               L=65537 B=1     m=1     inner=10     min=  3797.061 us/xform  median=  3800.763  sd=  0.25%      1.38 GF/s  setup=0.011 s
mkl1d_dfti               L=65537 B=1     m=1     inner=10     min=  3467.420 us/xform  median=  3868.484  sd=  4.19%      1.51 GF/s  setup=0.010 s
mkl1d_dfti               L=65537 B=1     m=1     inner=10     min=  3269.292 us/xform  median=  3272.459  sd=  0.24%      1.60 GF/s  setup=0.012 s
mkl1d_dfti               L=65537 B=1     m=1     inner=10     min=  3441.103 us/xform  median=  3443.346  sd=  0.03%      1.52 GF/s  setup=0.012 s
mkl1d_dfti               L=65537 B=1     m=1     inner=10     min=  3450.532 us/xform  median=  3454.540  sd=  0.53%      1.52 GF/s  setup=0.009 s
mkl1d_dfti               L=65537 B=1     m=1     inner=10     min=  3438.419 us/xform  median=  3440.021  sd=  0.03%      1.52 GF/s  setup=0.009 s
mkl1d_dfti               L=65537 B=1     m=1     inner=10     min=  3264.452 us/xform  median=  3265.578  sd=  0.03%      1.61 GF/s  setup=0.013 s
mkl1d_dfti               L=65537 B=1     m=1     inner=10     min=  3954.831 us/xform  median=  4165.340  sd=  1.59%      1.33 GF/s  setup=0.012 s
mkl1d_dfti               L=65537 B=1     m=1     inner=8      min=  3442.011 us/xform  median=  3448.010  sd=  0.48%      1.52 GF/s  setup=0.014 s
   skipping baseline_dft at L=4096 B=256 (too expensive to be informative)
d1_bluestein             L=4096 B=256   m=1     inner=8      min=    18.055 us/xform  median=    18.634  sd=  0.90%     13.61 GF/s  setup=0.002 s
d1_bluestein             L=4096 B=256   m=1     inner=8      min=    14.199 us/xform  median=    14.210  sd=  0.58%     17.31 GF/s  setup=0.002 s
d1_bluestein             L=4096 B=256   m=1     inner=8      min=    17.162 us/xform  median=    19.567  sd=  3.79%     14.32 GF/s  setup=0.002 s
d1_bluestein             L=4096 B=256   m=1     inner=6      min=    19.520 us/xform  median=    19.534  sd=  0.04%     12.59 GF/s  setup=0.002 s
d1_bluestein             L=4096 B=256   m=1     inner=6      min=    19.640 us/xform  median=    19.650  sd=  0.10%     12.51 GF/s  setup=0.002 s
d1_bluestein             L=4096 B=256   m=1     inner=6      min=    19.654 us/xform  median=    19.676  sd=  0.05%     12.50 GF/s  setup=0.002 s
d1_bluestein             L=4096 B=256   m=1     inner=6      min=    19.529 us/xform  median=    19.540  sd=  0.03%     12.58 GF/s  setup=0.002 s
d1_bluestein             L=4096 B=256   m=1     inner=6      min=    19.531 us/xform  median=    19.540  sd=  0.03%     12.58 GF/s  setup=0.002 s
d1_bluestein             L=4096 B=256   m=1     inner=8      min=    18.622 us/xform  median=    19.034  sd=  1.89%     13.20 GF/s  setup=0.002 s
d1_planner               L=4096 B=256   m=1     inner=12     min=    13.032 us/xform  median=    13.042  sd=  0.05%     18.86 GF/s  setup=0.001 s
d1_planner               L=4096 B=256   m=1     inner=10     min=    14.185 us/xform  median=    14.193  sd=  0.04%     17.33 GF/s  setup=0.001 s
d1_planner               L=4096 B=256   m=1     inner=10     min=    11.022 us/xform  median=    11.039  sd=  0.18%     22.30 GF/s  setup=0.001 s
d1_planner               L=4096 B=256   m=1     inner=12     min=     9.219 us/xform  median=     9.225  sd=  1.16%     26.66 GF/s  setup=0.001 s
d1_planner               L=4096 B=256   m=1     inner=14     min=    10.804 us/xform  median=    11.050  sd=  0.64%     22.75 GF/s  setup=0.001 s
d1_planner               L=4096 B=256   m=1     inner=10     min=    14.217 us/xform  median=    14.225  sd=  0.03%     17.29 GF/s  setup=0.001 s
d1_planner               L=4096 B=256   m=1     inner=10     min=    11.284 us/xform  median=    11.586  sd=  1.18%     21.78 GF/s  setup=0.002 s
d1_planner               L=4096 B=256   m=1     inner=12     min=     9.118 us/xform  median=     9.125  sd=  1.48%     26.95 GF/s  setup=0.001 s
d1_planner               L=4096 B=256   m=1     inner=16     min=     9.166 us/xform  median=     9.171  sd=  0.05%     26.81 GF/s  setup=0.001 s
d1_pow2                  L=4096 B=256   m=1     inner=10     min=    11.586 us/xform  median=    11.604  sd=  0.31%     21.21 GF/s  setup=0.001 s
d1_pow2                  L=4096 B=256   m=1     inner=10     min=    10.475 us/xform  median=    10.478  sd=  1.61%     23.46 GF/s  setup=0.001 s
d1_pow2                  L=4096 B=256   m=1     inner=14     min=    10.566 us/xform  median=    10.570  sd=  0.63%     23.26 GF/s  setup=0.001 s
d1_pow2                  L=4096 B=256   m=1     inner=14     min=    12.342 us/xform  median=    13.486  sd=  2.47%     19.91 GF/s  setup=0.001 s
d1_pow2                  L=4096 B=256   m=1     inner=10     min=    10.894 us/xform  median=    10.898  sd=  1.06%     22.56 GF/s  setup=0.001 s
d1_pow2                  L=4096 B=256   m=1     inner=12     min=     9.316 us/xform  median=    10.516  sd=  6.04%     26.38 GF/s  setup=0.001 s
d1_pow2                  L=4096 B=256   m=1     inner=14     min=    11.177 us/xform  median=    11.185  sd=  0.05%     21.99 GF/s  setup=0.001 s
d1_pow2                  L=4096 B=256   m=1     inner=12     min=     9.345 us/xform  median=     9.352  sd=  0.71%     26.30 GF/s  setup=0.001 s
d1_pow2                  L=4096 B=256   m=1     inner=14     min=    11.261 us/xform  median=    11.283  sd=  0.06%     21.82 GF/s  setup=0.001 s
d1_race                  L=4096 B=256   m=1     inner=14     min=     8.946 us/xform  median=     8.952  sd=  0.55%     27.47 GF/s  setup=0.014 s
d1_race                  L=4096 B=256   m=1     inner=12     min=    11.620 us/xform  median=    11.627  sd=  0.03%     21.15 GF/s  setup=0.012 s
d1_race                  L=4096 B=256   m=1     inner=18     min=     7.924 us/xform  median=     7.930  sd=  0.03%     31.01 GF/s  setup=0.010 s
d1_race                  L=4096 B=256   m=1     inner=18     min=     8.138 us/xform  median=     8.142  sd=  0.02%     30.20 GF/s  setup=0.009 s
d1_race                  L=4096 B=256   m=1     inner=16     min=     9.713 us/xform  median=     9.717  sd=  0.03%     25.30 GF/s  setup=0.015 s
d1_race                  L=4096 B=256   m=1     inner=14     min=     9.521 us/xform  median=     9.526  sd=  0.03%     25.81 GF/s  setup=0.013 s
d1_race                  L=4096 B=256   m=1     inner=16     min=     8.950 us/xform  median=     8.957  sd=  0.03%     27.46 GF/s  setup=0.014 s
d1_race                  L=4096 B=256   m=1     inner=18     min=     8.165 us/xform  median=     8.171  sd=  0.03%     30.10 GF/s  setup=0.012 s
d1_race                  L=4096 B=256   m=1     inner=18     min=     8.226 us/xform  median=     8.230  sd=  0.02%     29.88 GF/s  setup=0.008 s
d1_twiddle               L=4096 B=256   m=1     inner=16     min=     8.188 us/xform  median=     8.191  sd=  0.17%     30.01 GF/s  setup=0.001 s
d1_twiddle               L=4096 B=256   m=1     inner=16     min=    10.825 us/xform  median=    11.045  sd=  0.58%     22.70 GF/s  setup=0.001 s
d1_twiddle               L=4096 B=256   m=1     inner=12     min=    11.541 us/xform  median=    11.547  sd=  0.02%     21.29 GF/s  setup=0.001 s
d1_twiddle               L=4096 B=256   m=1     inner=12     min=    11.558 us/xform  median=    11.564  sd=  0.03%     21.26 GF/s  setup=0.001 s
d1_twiddle               L=4096 B=256   m=1     inner=12     min=     9.694 us/xform  median=     9.701  sd=  0.66%     25.35 GF/s  setup=0.001 s
d1_twiddle               L=4096 B=256   m=1     inner=16     min=     8.210 us/xform  median=     8.214  sd=  0.05%     29.94 GF/s  setup=0.001 s
d1_twiddle               L=4096 B=256   m=1     inner=16     min=    10.228 us/xform  median=    11.032  sd=  2.12%     24.03 GF/s  setup=0.001 s
d1_twiddle               L=4096 B=256   m=1     inner=12     min=     9.668 us/xform  median=     9.676  sd=  1.01%     25.42 GF/s  setup=0.001 s
d1_twiddle               L=4096 B=256   m=1     inner=14     min=    11.050 us/xform  median=    11.057  sd=  0.04%     22.24 GF/s  setup=0.001 s
fftw1d_estimate          L=4096 B=256   m=1     inner=6      min=    22.289 us/xform  median=    22.384  sd=  0.45%     11.03 GF/s  setup=0.001 s
fftw1d_estimate          L=4096 B=256   m=1     inner=4      min=    29.397 us/xform  median=    32.092  sd=  2.50%      8.36 GF/s  setup=0.001 s
fftw1d_estimate          L=4096 B=256   m=1     inner=4      min=    31.921 us/xform  median=    32.109  sd=  0.37%      7.70 GF/s  setup=0.001 s
fftw1d_estimate          L=4096 B=256   m=1     inner=4      min=    32.199 us/xform  median=    32.415  sd=  0.40%      7.63 GF/s  setup=0.001 s
fftw1d_estimate          L=4096 B=256   m=1     inner=6      min=    22.167 us/xform  median=    22.262  sd=  0.55%     11.09 GF/s  setup=0.001 s
fftw1d_estimate          L=4096 B=256   m=1     inner=4      min=    29.323 us/xform  median=    31.979  sd=  2.50%      8.38 GF/s  setup=0.001 s
fftw1d_estimate          L=4096 B=256   m=1     inner=6      min=    22.314 us/xform  median=    22.418  sd=  0.63%     11.01 GF/s  setup=0.001 s
fftw1d_estimate          L=4096 B=256   m=1     inner=4      min=    27.995 us/xform  median=    31.534  sd=  3.39%      8.78 GF/s  setup=0.001 s
fftw1d_estimate          L=4096 B=256   m=1     inner=4      min=    32.198 us/xform  median=    32.282  sd=  0.26%      7.63 GF/s  setup=0.001 s
fftw1d_measure           L=4096 B=256   m=1     inner=4      min=    25.540 us/xform  median=    25.644  sd=  0.62%      9.62 GF/s  setup=0.234 s
fftw1d_measure           L=4096 B=256   m=1     inner=8      min=    15.338 us/xform  median=    15.425  sd=  0.50%     16.02 GF/s  setup=0.226 s
fftw1d_measure           L=4096 B=256   m=1     inner=6      min=    24.509 us/xform  median=    24.645  sd=  0.32%     10.03 GF/s  setup=0.234 s
fftw1d_measure           L=4096 B=256   m=1     inner=10     min=    14.848 us/xform  median=    14.882  sd=  0.31%     16.55 GF/s  setup=0.221 s
fftw1d_measure           L=4096 B=256   m=1     inner=10     min=    15.302 us/xform  median=    15.376  sd=  0.25%     16.06 GF/s  setup=0.220 s
fftw1d_measure           L=4096 B=256   m=1     inner=6      min=    22.918 us/xform  median=    22.994  sd=  0.22%     10.72 GF/s  setup=0.234 s
fftw1d_measure           L=4096 B=256   m=1     inner=4      min=    26.134 us/xform  median=    26.303  sd=  0.50%      9.40 GF/s  setup=0.235 s
fftw1d_measure           L=4096 B=256   m=1     inner=6      min=    15.847 us/xform  median=    15.913  sd=  3.74%     15.51 GF/s  setup=0.234 s
fftw1d_measure           L=4096 B=256   m=1     inner=6      min=    24.621 us/xform  median=    24.766  sd=  0.60%      9.98 GF/s  setup=0.235 s
fftw1d_patient           L=4096 B=256   m=1     inner=12     min=    11.003 us/xform  median=    11.027  sd=  0.28%     22.34 GF/s  setup=44.520 s
fftw1d_patient           L=4096 B=256   m=1     inner=14     min=    10.946 us/xform  median=    10.982  sd=  0.30%     22.45 GF/s  setup=44.431 s
fftw1d_patient           L=4096 B=256   m=1     inner=12     min=    10.946 us/xform  median=    11.004  sd=  0.30%     22.45 GF/s  setup=45.435 s
fftw1d_patient           L=4096 B=256   m=1     inner=12     min=    11.087 us/xform  median=    11.116  sd=  0.36%     22.17 GF/s  setup=45.164 s
fftw1d_patient           L=4096 B=256   m=1     inner=7      min=    11.066 us/xform  median=    11.104  sd=  0.24%     22.21 GF/s  setup=45.502 s
fftw1d_patient           L=4096 B=256   m=1     inner=12     min=    11.075 us/xform  median=    11.122  sd=  0.36%     22.19 GF/s  setup=45.022 s
fftw1d_patient           L=4096 B=256   m=1     inner=12     min=    10.913 us/xform  median=    10.938  sd=  0.30%     22.52 GF/s  setup=44.935 s
fftw1d_patient           L=4096 B=256   m=1     inner=14     min=    10.962 us/xform  median=    10.998  sd=  0.26%     22.42 GF/s  setup=44.422 s
fftw1d_patient           L=4096 B=256   m=1     inner=12     min=    11.129 us/xform  median=    11.179  sd=  0.27%     22.08 GF/s  setup=45.650 s
mkl1d_dfti               L=4096 B=256   m=1     inner=6      min=    14.187 us/xform  median=    16.330  sd=  4.10%     17.32 GF/s  setup=0.003 s
mkl1d_dfti               L=4096 B=256   m=1     inner=10     min=    13.574 us/xform  median=    13.636  sd=  0.32%     18.11 GF/s  setup=0.003 s
mkl1d_dfti               L=4096 B=256   m=1     inner=8      min=    16.198 us/xform  median=    16.248  sd=  0.39%     15.17 GF/s  setup=0.002 s
mkl1d_dfti               L=4096 B=256   m=1     inner=8      min=    13.546 us/xform  median=    13.588  sd=  0.34%     18.14 GF/s  setup=0.002 s
mkl1d_dfti               L=4096 B=256   m=1     inner=8      min=    16.258 us/xform  median=    16.367  sd=  0.39%     15.12 GF/s  setup=0.003 s
mkl1d_dfti               L=4096 B=256   m=1     inner=8      min=    16.553 us/xform  median=    16.623  sd=  0.36%     14.85 GF/s  setup=0.002 s
mkl1d_dfti               L=4096 B=256   m=1     inner=10     min=    10.208 us/xform  median=    10.257  sd=  2.21%     24.08 GF/s  setup=0.002 s
mkl1d_dfti               L=4096 B=256   m=1     inner=14     min=    10.152 us/xform  median=    10.204  sd=  0.38%     24.21 GF/s  setup=0.002 s
mkl1d_dfti               L=4096 B=256   m=1     inner=12     min=    13.117 us/xform  median=    13.177  sd=  0.38%     18.74 GF/s  setup=0.002 s
   skipping baseline_dft at L=10007 B=64 (too expensive to be informative)
d1_bluestein             L=10007 B=64    m=80    inner=1      min=   132.349 us/xform  median=   132.452  sd=  0.08%      5.02 GF/s  setup=0.007 s
d1_bluestein             L=10007 B=64    m=80    inner=1      min=   130.967 us/xform  median=   131.045  sd=  0.05%      5.08 GF/s  setup=0.010 s
d1_bluestein             L=10007 B=64    m=80    inner=1      min=   130.200 us/xform  median=   130.288  sd=  0.04%      5.11 GF/s  setup=0.007 s
d1_bluestein             L=10007 B=64    m=2     inner=1      min=   149.378 us/xform  median=   149.378  sd=  0.00%      4.45 GF/s  setup=0.006 s
d1_planner               L=10007 B=64    m=80    inner=1      min=   124.104 us/xform  median=   124.281  sd=  0.12%      5.36 GF/s  setup=0.006 s
d1_planner               L=10007 B=64    m=80    inner=1      min=   120.962 us/xform  median=   120.979  sd=  0.03%      5.50 GF/s  setup=0.007 s
d1_planner               L=10007 B=64    m=80    inner=1      min=   124.784 us/xform  median=   124.806  sd=  0.02%      5.33 GF/s  setup=0.007 s
d1_planner               L=10007 B=64    m=2     inner=1      min=   168.579 us/xform  median=   168.579  sd=  0.00%      3.94 GF/s  setup=0.006 s
d1_race                  L=10007 B=64    m=80    inner=1      min=   125.666 us/xform  median=   125.679  sd=  0.02%      5.29 GF/s  setup=2.359 s
d1_race                  L=10007 B=64    m=80    inner=1      min=   120.507 us/xform  median=   120.528  sd=  0.02%      5.52 GF/s  setup=0.029 s
d1_race                  L=10007 B=64    m=80    inner=1      min=   121.801 us/xform  median=   121.825  sd=  0.02%      5.46 GF/s  setup=0.018 s
d1_race                  L=10007 B=64    m=2     inner=1      min=   138.975 us/xform  median=   138.975  sd=  0.00%      4.78 GF/s  setup=0.019 s
fftw1d_estimate          L=10007 B=64    m=80    inner=1      min=   391.600 us/xform  median=   391.714  sd=  0.01%      1.70 GF/s  setup=0.002 s
fftw1d_estimate          L=10007 B=64    m=80    inner=1      min=   390.976 us/xform  median=   391.155  sd=  0.02%      1.70 GF/s  setup=0.002 s
fftw1d_estimate          L=10007 B=64    m=80    inner=1      min=   390.616 us/xform  median=   390.743  sd=  0.04%      1.70 GF/s  setup=0.002 s
fftw1d_estimate          L=10007 B=64    m=2     inner=1      min=   508.499 us/xform  median=   508.499  sd=  0.00%      1.31 GF/s  setup=0.002 s
fftw1d_measure           L=10007 B=64    m=80    inner=1      min=   247.944 us/xform  median=   248.088  sd=  0.04%      2.68 GF/s  setup=1.141 s
fftw1d_measure           L=10007 B=64    m=80    inner=1      min=   247.962 us/xform  median=   248.063  sd=  0.03%      2.68 GF/s  setup=1.133 s
fftw1d_measure           L=10007 B=64    m=80    inner=1      min=   252.155 us/xform  median=   252.214  sd=  0.02%      2.64 GF/s  setup=1.141 s
fftw1d_measure           L=10007 B=64    m=2     inner=1      min=   260.600 us/xform  median=   260.600  sd=  0.00%      2.55 GF/s  setup=1.144 s
fftw1d_patient           L=10007 B=64    m=80    inner=1      min=   233.305 us/xform  median=   233.769  sd=  0.08%      2.85 GF/s  setup=19.760 s
fftw1d_patient           L=10007 B=64    m=80    inner=1      min=   236.846 us/xform  median=   236.923  sd=  0.02%      2.81 GF/s  setup=19.772 s
fftw1d_patient           L=10007 B=64    m=80    inner=1      min=   240.062 us/xform  median=   240.208  sd=  0.04%      2.77 GF/s  setup=19.707 s
fftw1d_patient           L=10007 B=64    m=2     inner=1      min=   249.250 us/xform  median=   249.250  sd=  0.00%      2.67 GF/s  setup=19.751 s
mkl1d_dfti               L=10007 B=64    m=80    inner=1      min=   303.657 us/xform  median=   303.730  sd=  0.01%      2.19 GF/s  setup=0.051 s
mkl1d_dfti               L=10007 B=64    m=80    inner=1      min=   304.219 us/xform  median=   304.317  sd=  0.02%      2.19 GF/s  setup=0.049 s
mkl1d_dfti               L=10007 B=64    m=80    inner=1      min=   303.279 us/xform  median=   303.330  sd=  0.02%      2.19 GF/s  setup=0.050 s
mkl1d_dfti               L=10007 B=64    m=2     inner=1      min=   332.558 us/xform  median=   332.558  sd=  0.00%      2.00 GF/s  setup=0.051 s
   skipping baseline_dft at L=100003 B=8 (too expensive to be informative)
d1_bluestein             L=100003 B=8     m=15    inner=1      min=  2738.394 us/xform  median=  2741.491  sd=  0.06%      3.03 GF/s  setup=0.028 s
d1_bluestein             L=100003 B=8     m=15    inner=1      min=  2714.090 us/xform  median=  2716.430  sd=  0.07%      3.06 GF/s  setup=0.028 s
d1_bluestein             L=100003 B=8     m=15    inner=1      min=  2758.715 us/xform  median=  2761.852  sd=  0.10%      3.01 GF/s  setup=0.028 s
d1_bluestein             L=100003 B=8     m=2     inner=1      min=  3010.460 us/xform  median=  3010.460  sd=  0.00%      2.76 GF/s  setup=0.025 s
d1_planner               L=100003 B=8     m=15    inner=1      min=  2877.447 us/xform  median=  2878.176  sd=  0.03%      2.89 GF/s  setup=0.050 s
d1_planner               L=100003 B=8     m=15    inner=1      min=  2876.694 us/xform  median=  2877.135  sd=  0.04%      2.89 GF/s  setup=0.048 s
d1_planner               L=100003 B=8     m=15    inner=1      min=  2793.745 us/xform  median=  2794.352  sd=  0.04%      2.97 GF/s  setup=0.059 s
d1_planner               L=100003 B=8     m=2     inner=1      min=  3286.775 us/xform  median=  3286.775  sd=  0.00%      2.53 GF/s  setup=0.059 s
d1_race                  L=100003 B=8     m=15    inner=1      min=  2738.963 us/xform  median=  2739.611  sd=  0.04%      3.03 GF/s  setup=4.329 s
d1_race                  L=100003 B=8     m=15    inner=1      min=  2755.241 us/xform  median=  2755.997  sd=  0.05%      3.01 GF/s  setup=0.030 s
d1_race                  L=100003 B=8     m=15    inner=1      min=  2783.637 us/xform  median=  2785.278  sd=  0.06%      2.98 GF/s  setup=0.029 s
d1_race                  L=100003 B=8     m=2     inner=1      min=  2888.265 us/xform  median=  2888.265  sd=  0.00%      2.88 GF/s  setup=0.036 s
fftw1d_estimate          L=100003 B=8     m=15    inner=1      min=  5482.151 us/xform  median=  5485.618  sd=  0.03%      1.51 GF/s  setup=0.012 s
fftw1d_estimate          L=100003 B=8     m=15    inner=1      min=  5395.770 us/xform  median=  5399.402  sd=  0.03%      1.54 GF/s  setup=0.012 s
fftw1d_estimate          L=100003 B=8     m=15    inner=1      min=  5477.059 us/xform  median=  5480.020  sd=  0.03%      1.52 GF/s  setup=0.012 s
fftw1d_estimate          L=100003 B=8     m=2     inner=1      min=  6998.675 us/xform  median=  6998.675  sd=  0.00%      1.19 GF/s  setup=0.012 s
fftw1d_measure           L=100003 B=8     m=15    inner=1      min=  3498.683 us/xform  median=  3508.378  sd=  0.15%      2.37 GF/s  setup=4.770 s
fftw1d_measure           L=100003 B=8     m=15    inner=1      min=  3223.336 us/xform  median=  3227.445  sd=  0.09%      2.58 GF/s  setup=4.625 s
fftw1d_measure           L=100003 B=8     m=15    inner=1      min=  3467.181 us/xform  median=  3471.463  sd=  0.13%      2.40 GF/s  setup=4.790 s
fftw1d_measure           L=100003 B=8     m=2     inner=1      min=  3459.037 us/xform  median=  3459.037  sd=  0.00%      2.40 GF/s  setup=4.665 s
fftw1d_patient           L=100003 B=8     m=15    inner=1      min=  3193.379 us/xform  median=  3200.548  sd=  0.12%      2.60 GF/s  setup=62.618 s
fftw1d_patient           L=100003 B=8     m=15    inner=1      min=  3237.970 us/xform  median=  3244.922  sd=  0.10%      2.56 GF/s  setup=62.731 s
fftw1d_patient           L=100003 B=8     m=15    inner=1      min=  3246.547 us/xform  median=  3253.145  sd=  0.19%      2.56 GF/s  setup=62.701 s
fftw1d_patient           L=100003 B=8     m=2     inner=1      min=  3378.525 us/xform  median=  3378.525  sd=  0.00%      2.46 GF/s  setup=62.537 s
mkl1d_dfti               L=100003 B=8     m=15    inner=1      min=  3872.664 us/xform  median=  3878.000  sd=  0.11%      2.14 GF/s  setup=0.064 s
mkl1d_dfti               L=100003 B=8     m=15    inner=1      min=  3865.949 us/xform  median=  3868.869  sd=  0.06%      2.15 GF/s  setup=0.064 s
mkl1d_dfti               L=100003 B=8     m=15    inner=1      min=  3893.824 us/xform  median=  3904.823  sd=  0.16%      2.13 GF/s  setup=0.063 s
mkl1d_dfti               L=100003 B=8     m=2     inner=1      min=  4124.777 us/xform  median=  4124.777  sd=  0.00%      2.01 GF/s  setup=0.062 s
baseline_dft             L=1024 B=1     m=4000  inner=1      min=  1835.185 us/xform  median=  1839.558  sd=  0.15%      0.03 GF/s  setup=0.034 s
baseline_dft             L=1024 B=1     m=4000  inner=1      min=  1838.558 us/xform  median=  1839.314  sd=  0.05%      0.03 GF/s  setup=0.038 s
baseline_dft             L=1024 B=1     m=4000  inner=1      min=  1827.332 us/xform  median=  1828.420  sd=  0.06%      0.03 GF/s  setup=0.038 s
baseline_dft             L=1024 B=1     m=2     inner=1      min=  2249.022 us/xform  median=  2249.022  sd=  0.00%      0.02 GF/s  setup=0.034 s
d1_bluestein             L=1024 B=1     m=4000  inner=1      min=     6.017 us/xform  median=     6.018  sd=  0.01%      8.51 GF/s  setup=0.001 s
d1_bluestein             L=1024 B=1     m=4000  inner=1      min=     6.026 us/xform  median=     6.028  sd=  0.03%      8.50 GF/s  setup=0.001 s
d1_bluestein             L=1024 B=1     m=4000  inner=1      min=     6.028 us/xform  median=     6.029  sd=  0.02%      8.49 GF/s  setup=0.002 s
d1_bluestein             L=1024 B=1     m=2     inner=98     min=     6.082 us/xform  median=     6.082  sd=  0.00%      8.42 GF/s  setup=0.001 s
d1_planner               L=1024 B=1     m=4000  inner=4      min=     1.993 us/xform  median=     1.994  sd=  0.02%     25.69 GF/s  setup=0.001 s
d1_planner               L=1024 B=1     m=4000  inner=4      min=     1.996 us/xform  median=     1.996  sd=  0.03%     25.66 GF/s  setup=0.001 s
d1_planner               L=1024 B=1     m=4000  inner=4      min=     2.021 us/xform  median=     2.022  sd=  0.02%     25.33 GF/s  setup=0.001 s
d1_planner               L=1024 B=1     m=2     inner=296    min=     2.900 us/xform  median=     2.900  sd=  0.00%     17.65 GF/s  setup=0.001 s
d1_pow2                  L=1024 B=1     m=4000  inner=4      min=     2.220 us/xform  median=     2.224  sd=  0.10%     23.07 GF/s  setup=0.001 s
d1_pow2                  L=1024 B=1     m=4000  inner=4      min=     2.194 us/xform  median=     2.196  sd=  0.13%     23.33 GF/s  setup=0.001 s
d1_pow2                  L=1024 B=1     m=4000  inner=4      min=     2.193 us/xform  median=     2.196  sd=  0.08%     23.35 GF/s  setup=0.001 s
d1_pow2                  L=1024 B=1     m=2     inner=424    min=     2.340 us/xform  median=     2.340  sd=  0.00%     21.88 GF/s  setup=0.001 s
d1_race                  L=1024 B=1     m=4000  inner=4      min=     1.748 us/xform  median=     1.989  sd=  4.84%     29.29 GF/s  setup=0.255 s
d1_race                  L=1024 B=1     m=4000  inner=4      min=     2.065 us/xform  median=     2.067  sd=  0.04%     24.80 GF/s  setup=0.016 s
d1_race                  L=1024 B=1     m=4000  inner=4      min=     1.749 us/xform  median=     1.750  sd=  0.04%     29.28 GF/s  setup=0.011 s
d1_race                  L=1024 B=1     m=2     inner=370    min=     2.610 us/xform  median=     2.610  sd=  0.00%     19.62 GF/s  setup=0.009 s
d1_twiddle               L=1024 B=1     m=4000  inner=2      min=     2.602 us/xform  median=     2.603  sd=  0.03%     19.68 GF/s  setup=0.000 s
d1_twiddle               L=1024 B=1     m=4000  inner=2      min=     2.599 us/xform  median=     2.600  sd=  0.03%     19.70 GF/s  setup=0.001 s
d1_twiddle               L=1024 B=1     m=4000  inner=4      min=     2.283 us/xform  median=     2.283  sd=  0.01%     22.43 GF/s  setup=0.001 s
d1_twiddle               L=1024 B=1     m=2     inner=364    min=     2.640 us/xform  median=     2.640  sd=  0.00%     19.39 GF/s  setup=0.001 s
fftw1d_estimate          L=1024 B=1     m=4000  inner=1      min=     5.038 us/xform  median=     5.040  sd=  0.05%     10.16 GF/s  setup=0.001 s
fftw1d_estimate          L=1024 B=1     m=4000  inner=1      min=     5.060 us/xform  median=     5.070  sd=  0.10%     10.12 GF/s  setup=0.001 s
fftw1d_estimate          L=1024 B=1     m=4000  inner=1      min=     5.068 us/xform  median=     5.073  sd=  0.04%     10.10 GF/s  setup=0.001 s
fftw1d_estimate          L=1024 B=1     m=2     inner=106    min=     5.249 us/xform  median=     5.249  sd=  0.00%      9.75 GF/s  setup=0.001 s
fftw1d_measure           L=1024 B=1     m=4000  inner=2      min=     4.829 us/xform  median=     4.830  sd=  0.02%     10.60 GF/s  setup=0.116 s
fftw1d_measure           L=1024 B=1     m=4000  inner=2      min=     4.838 us/xform  median=     4.839  sd=  0.02%     10.58 GF/s  setup=0.116 s
fftw1d_measure           L=1024 B=1     m=4000  inner=2      min=     4.844 us/xform  median=     4.845  sd=  0.02%     10.57 GF/s  setup=0.117 s
fftw1d_measure           L=1024 B=1     m=2     inner=190    min=     4.996 us/xform  median=     4.996  sd=  0.00%     10.25 GF/s  setup=0.116 s
fftw1d_patient           L=1024 B=1     m=4000  inner=2      min=     4.846 us/xform  median=     4.846  sd=  0.01%     10.57 GF/s  setup=0.812 s
fftw1d_patient           L=1024 B=1     m=4000  inner=2      min=     4.240 us/xform  median=     4.241  sd=  0.02%     12.08 GF/s  setup=0.795 s
fftw1d_patient           L=1024 B=1     m=4000  inner=2      min=     4.256 us/xform  median=     4.844  sd=  4.99%     12.03 GF/s  setup=0.812 s
fftw1d_patient           L=1024 B=1     m=2     inner=220    min=     4.400 us/xform  median=     4.400  sd=  0.00%     11.64 GF/s  setup=0.793 s
mkl1d_dfti               L=1024 B=1     m=4000  inner=2      min=     4.774 us/xform  median=     4.775  sd=  0.02%     10.72 GF/s  setup=0.003 s
mkl1d_dfti               L=1024 B=1     m=4000  inner=2      min=     4.185 us/xform  median=     4.185  sd=  0.01%     12.23 GF/s  setup=0.002 s
mkl1d_dfti               L=1024 B=1     m=4000  inner=2      min=     4.165 us/xform  median=     4.166  sd=  0.02%     12.29 GF/s  setup=0.001 s
mkl1d_dfti               L=1024 B=1     m=2     inner=192    min=     4.892 us/xform  median=     4.892  sd=  0.00%     10.47 GF/s  setup=0.002 s
   skipping baseline_dft at L=10007 B=1 (too expensive to be informative)
d1_bluestein             L=10007 B=1     m=1     inner=266    min=   128.522 us/xform  median=   140.393  sd=  3.02%      5.17 GF/s  setup=0.008 s
d1_bluestein             L=10007 B=1     m=1     inner=252    min=   109.632 us/xform  median=   109.653  sd=  0.76%      6.06 GF/s  setup=0.008 s
d1_bluestein             L=10007 B=1     m=1     inner=360    min=   109.604 us/xform  median=   109.638  sd=  0.02%      6.07 GF/s  setup=0.005 s
d1_bluestein             L=10007 B=1     m=1     inner=266    min=   129.337 us/xform  median=   139.256  sd=  2.16%      5.14 GF/s  setup=0.008 s
d1_bluestein             L=10007 B=1     m=1     inner=256    min=   110.122 us/xform  median=   110.166  sd=  0.85%      6.04 GF/s  setup=0.008 s
d1_bluestein             L=10007 B=1     m=1     inner=264    min=   131.770 us/xform  median=   140.121  sd=  1.74%      5.05 GF/s  setup=0.007 s
d1_bluestein             L=10007 B=1     m=1     inner=246    min=   110.148 us/xform  median=   110.226  sd=  0.95%      6.04 GF/s  setup=0.008 s
d1_bluestein             L=10007 B=1     m=1     inner=264    min=   129.894 us/xform  median=   138.755  sd=  1.95%      5.12 GF/s  setup=0.007 s
d1_bluestein             L=10007 B=1     m=1     inner=276    min=   138.414 us/xform  median=   138.475  sd=  0.17%      4.80 GF/s  setup=0.006 s
d1_planner               L=10007 B=1     m=1     inner=154    min=   129.206 us/xform  median=   129.349  sd=  0.05%      5.15 GF/s  setup=0.006 s
d1_planner               L=10007 B=1     m=1     inner=262    min=   136.955 us/xform  median=   137.010  sd=  0.03%      4.85 GF/s  setup=0.007 s
d1_planner               L=10007 B=1     m=1     inner=228    min=   133.276 us/xform  median=   133.347  sd=  0.14%      4.99 GF/s  setup=0.008 s
d1_planner               L=10007 B=1     m=1     inner=276    min=   107.188 us/xform  median=   107.224  sd=  0.07%      6.20 GF/s  setup=0.008 s
d1_planner               L=10007 B=1     m=1     inner=270    min=   128.194 us/xform  median=   136.223  sd=  1.78%      5.19 GF/s  setup=0.007 s
d1_planner               L=10007 B=1     m=1     inner=224    min=   132.014 us/xform  median=   132.067  sd=  0.14%      5.04 GF/s  setup=0.008 s
d1_planner               L=10007 B=1     m=1     inner=264    min=   135.349 us/xform  median=   136.594  sd=  0.27%      4.91 GF/s  setup=0.007 s
d1_planner               L=10007 B=1     m=1     inner=282    min=   136.838 us/xform  median=   136.877  sd=  0.03%      4.86 GF/s  setup=0.006 s
d1_planner               L=10007 B=1     m=1     inner=142    min=   138.008 us/xform  median=   138.082  sd=  0.06%      4.82 GF/s  setup=0.006 s
d1_race                  L=10007 B=1     m=1     inner=282    min=   109.794 us/xform  median=   109.830  sd=  1.22%      6.06 GF/s  setup=2.230 s
d1_race                  L=10007 B=1     m=1     inner=150    min=   137.753 us/xform  median=   138.588  sd=  0.18%      4.83 GF/s  setup=0.016 s
d1_race                  L=10007 B=1     m=1     inner=256    min=   151.947 us/xform  median=   152.026  sd=  0.04%      4.38 GF/s  setup=0.015 s
d1_race                  L=10007 B=1     m=1     inner=282    min=   138.825 us/xform  median=   138.870  sd=  0.03%      4.79 GF/s  setup=0.021 s
d1_race                  L=10007 B=1     m=1     inner=256    min=   152.633 us/xform  median=   152.723  sd=  0.04%      4.36 GF/s  setup=0.022 s
d1_race                  L=10007 B=1     m=1     inner=348    min=   109.137 us/xform  median=   109.177  sd=  0.02%      6.09 GF/s  setup=0.017 s
d1_race                  L=10007 B=1     m=1     inner=278    min=   139.489 us/xform  median=   139.536  sd=  0.03%      4.77 GF/s  setup=0.016 s
d1_race                  L=10007 B=1     m=1     inner=344    min=   109.631 us/xform  median=   109.682  sd=  0.02%      6.06 GF/s  setup=0.015 s
d1_race                  L=10007 B=1     m=1     inner=286    min=   111.889 us/xform  median=   135.008  sd=  7.13%      5.94 GF/s  setup=0.017 s
fftw1d_estimate          L=10007 B=1     m=1     inner=70     min=   571.984 us/xform  median=   597.754  sd=  1.44%      1.16 GF/s  setup=0.002 s
fftw1d_estimate          L=10007 B=1     m=1     inner=52     min=   469.090 us/xform  median=   472.246  sd=  1.21%      1.42 GF/s  setup=0.002 s
fftw1d_estimate          L=10007 B=1     m=1     inner=54     min=   463.007 us/xform  median=   463.518  sd=  0.06%      1.44 GF/s  setup=0.002 s
fftw1d_estimate          L=10007 B=1     m=1     inner=84     min=   463.216 us/xform  median=   463.975  sd=  0.10%      1.44 GF/s  setup=0.001 s
fftw1d_estimate          L=10007 B=1     m=1     inner=84     min=   463.840 us/xform  median=   464.242  sd=  0.04%      1.43 GF/s  setup=0.001 s
fftw1d_estimate          L=10007 B=1     m=1     inner=56     min=   464.980 us/xform  median=   465.931  sd=  0.10%      1.43 GF/s  setup=0.002 s
fftw1d_estimate          L=10007 B=1     m=1     inner=56     min=   558.774 us/xform  median=   578.772  sd=  1.53%      1.19 GF/s  setup=0.002 s
fftw1d_estimate          L=10007 B=1     m=1     inner=54     min=   466.160 us/xform  median=   466.512  sd=  1.21%      1.43 GF/s  setup=0.002 s
fftw1d_estimate          L=10007 B=1     m=1     inner=56     min=   462.430 us/xform  median=   462.974  sd=  0.07%      1.44 GF/s  setup=0.002 s
fftw1d_measure           L=10007 B=1     m=1     inner=122    min=   326.476 us/xform  median=   327.006  sd=  0.05%      2.04 GF/s  setup=1.140 s
fftw1d_measure           L=10007 B=1     m=1     inner=94     min=   325.665 us/xform  median=   342.856  sd= 11.53%      2.04 GF/s  setup=1.270 s
fftw1d_measure           L=10007 B=1     m=1     inner=122    min=   323.428 us/xform  median=   324.094  sd=  0.09%      2.06 GF/s  setup=1.129 s
fftw1d_measure           L=10007 B=1     m=1     inner=122    min=   325.503 us/xform  median=   326.003  sd=  0.07%      2.04 GF/s  setup=1.140 s
fftw1d_measure           L=10007 B=1     m=1     inner=122    min=   325.956 us/xform  median=   326.176  sd=  0.07%      2.04 GF/s  setup=1.156 s
fftw1d_measure           L=10007 B=1     m=1     inner=120    min=   327.420 us/xform  median=   327.691  sd=  0.06%      2.03 GF/s  setup=1.138 s
fftw1d_measure           L=10007 B=1     m=1     inner=61     min=   328.794 us/xform  median=   329.405  sd=  0.07%      2.02 GF/s  setup=1.145 s
fftw1d_measure           L=10007 B=1     m=1     inner=120    min=   325.520 us/xform  median=   325.987  sd=  0.06%      2.04 GF/s  setup=1.144 s
fftw1d_measure           L=10007 B=1     m=1     inner=120    min=   325.588 us/xform  median=   325.682  sd=  0.04%      2.04 GF/s  setup=1.137 s
fftw1d_patient           L=10007 B=1     m=1     inner=204    min=   199.158 us/xform  median=   200.033  sd=  0.32%      3.34 GF/s  setup=19.781 s
fftw1d_patient           L=10007 B=1     m=1     inner=196    min=   201.436 us/xform  median=   201.775  sd=  0.09%      3.30 GF/s  setup=19.846 s
fftw1d_patient           L=10007 B=1     m=1     inner=194    min=   199.692 us/xform  median=   202.167  sd=  0.50%      3.33 GF/s  setup=19.834 s
fftw1d_patient           L=10007 B=1     m=1     inner=192    min=   199.052 us/xform  median=   202.297  sd=  0.78%      3.34 GF/s  setup=19.829 s
fftw1d_patient           L=10007 B=1     m=1     inner=194    min=   201.015 us/xform  median=   202.101  sd=  0.48%      3.31 GF/s  setup=19.706 s
fftw1d_patient           L=10007 B=1     m=1     inner=194    min=   194.711 us/xform  median=   196.112  sd=  0.57%      3.41 GF/s  setup=19.757 s
fftw1d_patient           L=10007 B=1     m=1     inner=101    min=   202.724 us/xform  median=   206.392  sd=  1.40%      3.28 GF/s  setup=19.829 s
fftw1d_patient           L=10007 B=1     m=1     inner=198    min=   197.882 us/xform  median=   198.637  sd=  0.16%      3.36 GF/s  setup=19.732 s
fftw1d_patient           L=10007 B=1     m=1     inner=103    min=   201.877 us/xform  median=   206.706  sd=  2.14%      3.29 GF/s  setup=19.706 s
mkl1d_dfti               L=10007 B=1     m=1     inner=132    min=   310.042 us/xform  median=   351.579  sd=  4.35%      2.14 GF/s  setup=0.004 s
mkl1d_dfti               L=10007 B=1     m=1     inner=112    min=   281.216 us/xform  median=   351.772  sd=  7.23%      2.36 GF/s  setup=0.003 s
mkl1d_dfti               L=10007 B=1     m=1     inner=108    min=   266.660 us/xform  median=   266.752  sd=  0.05%      2.49 GF/s  setup=0.003 s
mkl1d_dfti               L=10007 B=1     m=1     inner=104    min=   314.868 us/xform  median=   393.897  sd=  9.02%      2.11 GF/s  setup=0.003 s
mkl1d_dfti               L=10007 B=1     m=1     inner=100    min=   265.769 us/xform  median=   265.835  sd=  1.35%      2.50 GF/s  setup=0.003 s
mkl1d_dfti               L=10007 B=1     m=1     inner=148    min=   266.747 us/xform  median=   266.789  sd=  0.01%      2.49 GF/s  setup=0.002 s
mkl1d_dfti               L=10007 B=1     m=1     inner=144    min=   266.584 us/xform  median=   266.633  sd=  0.01%      2.49 GF/s  setup=0.002 s
mkl1d_dfti               L=10007 B=1     m=1     inner=144    min=   266.956 us/xform  median=   267.013  sd=  0.02%      2.49 GF/s  setup=0.002 s
mkl1d_dfti               L=10007 B=1     m=1     inner=144    min=   266.162 us/xform  median=   266.229  sd=  0.02%      2.50 GF/s  setup=0.002 s
baseline_dft             L=1021 B=1     m=2000  inner=1      min=  1830.424 us/xform  median=  1831.449  sd=  0.03%      0.03 GF/s  setup=0.038 s
baseline_dft             L=1021 B=1     m=2000  inner=1      min=  1834.205 us/xform  median=  1836.436  sd=  0.07%      0.03 GF/s  setup=0.028 s
baseline_dft             L=1021 B=1     m=2000  inner=1      min=  1832.180 us/xform  median=  1833.130  sd=  0.03%      0.03 GF/s  setup=0.028 s
baseline_dft             L=1021 B=1     m=2     inner=1      min=  2246.111 us/xform  median=  2246.111  sd=  0.00%      0.02 GF/s  setup=0.035 s
d1_bluestein             L=1021 B=1     m=2000  inner=2      min=     9.556 us/xform  median=     9.561  sd=  0.03%      5.34 GF/s  setup=0.002 s
d1_bluestein             L=1021 B=1     m=2000  inner=2      min=     9.547 us/xform  median=     9.556  sd=  0.05%      5.34 GF/s  setup=0.003 s
d1_bluestein             L=1021 B=1     m=2000  inner=2      min=     9.630 us/xform  median=     9.635  sd=  0.04%      5.30 GF/s  setup=0.002 s
d1_bluestein             L=1021 B=1     m=2     inner=96     min=     9.962 us/xform  median=     9.962  sd=  0.00%      5.12 GF/s  setup=0.003 s
d1_planner               L=1021 B=1     m=2000  inner=2      min=     6.469 us/xform  median=     6.471  sd=  0.19%      7.89 GF/s  setup=0.001 s
d1_planner               L=1021 B=1     m=2000  inner=2      min=     7.319 us/xform  median=     7.324  sd=  0.02%      6.97 GF/s  setup=0.001 s
d1_planner               L=1021 B=1     m=2000  inner=2      min=     6.395 us/xform  median=     6.397  sd=  0.01%      7.98 GF/s  setup=0.001 s
d1_planner               L=1021 B=1     m=2     inner=98     min=     9.950 us/xform  median=     9.950  sd=  0.00%      5.13 GF/s  setup=0.001 s
d1_race                  L=1021 B=1     m=2000  inner=2      min=     6.412 us/xform  median=     6.414  sd=  0.02%      7.96 GF/s  setup=0.491 s
d1_race                  L=1021 B=1     m=2000  inner=2      min=     7.347 us/xform  median=     7.350  sd=  0.03%      6.95 GF/s  setup=0.011 s
d1_race                  L=1021 B=1     m=2000  inner=2      min=     6.339 us/xform  median=     6.340  sd=  0.01%      8.05 GF/s  setup=0.011 s
d1_race                  L=1021 B=1     m=2     inner=94     min=     9.904 us/xform  median=     9.904  sd=  0.00%      5.15 GF/s  setup=0.011 s
d1_rader                 L=1021 B=1     m=2000  inner=2      min=     7.939 us/xform  median=     7.941  sd=  0.02%      6.43 GF/s  setup=0.000 s
d1_rader                 L=1021 B=1     m=2000  inner=2      min=     7.005 us/xform  median=     7.007  sd=  0.01%      7.28 GF/s  setup=0.000 s
d1_rader                 L=1021 B=1     m=2000  inner=2      min=     7.948 us/xform  median=     7.950  sd=  0.02%      6.42 GF/s  setup=0.000 s
d1_rader                 L=1021 B=1     m=2     inner=92     min=    10.658 us/xform  median=    10.658  sd=  0.00%      4.79 GF/s  setup=0.000 s
fftw1d_estimate          L=1021 B=1     m=2000  inner=1      min=    15.922 us/xform  median=    15.932  sd=  0.04%      3.20 GF/s  setup=0.001 s
fftw1d_estimate          L=1021 B=1     m=2000  inner=1      min=    18.059 us/xform  median=    18.172  sd=  0.30%      2.83 GF/s  setup=0.001 s
fftw1d_estimate          L=1021 B=1     m=2000  inner=1      min=    18.089 us/xform  median=    18.099  sd=  0.04%      2.82 GF/s  setup=0.001 s
fftw1d_estimate          L=1021 B=1     m=2     inner=54     min=    18.340 us/xform  median=    18.340  sd=  0.00%      2.78 GF/s  setup=0.001 s
fftw1d_measure           L=1021 B=1     m=2000  inner=1      min=    17.095 us/xform  median=    17.119  sd=  0.06%      2.99 GF/s  setup=0.294 s
fftw1d_measure           L=1021 B=1     m=2000  inner=1      min=    15.047 us/xform  median=    15.055  sd=  0.03%      3.39 GF/s  setup=0.288 s
fftw1d_measure           L=1021 B=1     m=2000  inner=1      min=    17.493 us/xform  median=    17.515  sd=  0.06%      2.92 GF/s  setup=0.295 s
fftw1d_measure           L=1021 B=1     m=2     inner=62     min=    15.517 us/xform  median=    15.517  sd=  0.00%      3.29 GF/s  setup=0.287 s
fftw1d_patient           L=1021 B=1     m=2000  inner=1      min=    14.909 us/xform  median=    14.924  sd=  0.05%      3.42 GF/s  setup=2.952 s
fftw1d_patient           L=1021 B=1     m=2000  inner=1      min=    15.078 us/xform  median=    15.088  sd=  0.03%      3.38 GF/s  setup=2.982 s
fftw1d_patient           L=1021 B=1     m=2000  inner=1      min=    15.048 us/xform  median=    15.055  sd=  0.05%      3.39 GF/s  setup=2.990 s
fftw1d_patient           L=1021 B=1     m=2     inner=64     min=    15.195 us/xform  median=    15.195  sd=  0.00%      3.36 GF/s  setup=2.954 s
mkl1d_dfti               L=1021 B=1     m=2000  inner=1      min=    12.965 us/xform  median=    12.966  sd=  0.01%      3.94 GF/s  setup=0.050 s
mkl1d_dfti               L=1021 B=1     m=2000  inner=1      min=    12.969 us/xform  median=    12.972  sd=  0.01%      3.93 GF/s  setup=0.035 s
mkl1d_dfti               L=1021 B=1     m=2000  inner=1      min=    12.968 us/xform  median=    12.970  sd=  0.01%      3.93 GF/s  setup=0.034 s
mkl1d_dfti               L=1021 B=1     m=2     inner=74     min=    13.100 us/xform  median=    13.100  sd=  0.00%      3.90 GF/s  setup=0.048 s
   skipping baseline_dft at L=1024 B=512 (too expensive to be informative)
d1_bluestein             L=1024 B=512   m=1     inner=28     min=     2.950 us/xform  median=     3.039  sd=  1.36%     17.36 GF/s  setup=0.001 s
d1_bluestein             L=1024 B=512   m=1     inner=24     min=     2.380 us/xform  median=     2.382  sd=  0.18%     21.51 GF/s  setup=0.001 s
d1_bluestein             L=1024 B=512   m=1     inner=24     min=     2.361 us/xform  median=     2.362  sd=  0.01%     21.68 GF/s  setup=0.001 s
d1_bluestein             L=1024 B=512   m=1     inner=24     min=     2.828 us/xform  median=     2.830  sd=  0.02%     18.10 GF/s  setup=0.001 s
d1_bluestein             L=1024 B=512   m=1     inner=26     min=     2.367 us/xform  median=     2.367  sd=  0.02%     21.63 GF/s  setup=0.001 s
d1_bluestein             L=1024 B=512   m=1     inner=16     min=     2.390 us/xform  median=     2.391  sd=  0.03%     21.42 GF/s  setup=0.001 s
d1_bluestein             L=1024 B=512   m=1     inner=22     min=     3.546 us/xform  median=     3.599  sd=  0.44%     14.44 GF/s  setup=0.001 s
d1_bluestein             L=1024 B=512   m=1     inner=24     min=     2.389 us/xform  median=     2.391  sd=  3.10%     21.44 GF/s  setup=0.001 s
d1_bluestein             L=1024 B=512   m=1     inner=28     min=     2.537 us/xform  median=     2.543  sd=  0.11%     20.18 GF/s  setup=0.001 s
d1_planner               L=1024 B=512   m=1     inner=30     min=     2.873 us/xform  median=     2.960  sd=  0.85%     17.82 GF/s  setup=0.001 s
d1_planner               L=1024 B=512   m=1     inner=22     min=     2.126 us/xform  median=     2.131  sd=  3.53%     24.08 GF/s  setup=0.001 s
d1_planner               L=1024 B=512   m=1     inner=34     min=     2.166 us/xform  median=     2.170  sd=  0.15%     23.63 GF/s  setup=0.001 s
d1_planner               L=1024 B=512   m=1     inner=30     min=     2.614 us/xform  median=     2.955  sd=  3.39%     19.59 GF/s  setup=0.001 s
d1_planner               L=1024 B=512   m=1     inner=22     min=     3.118 us/xform  median=     3.122  sd=  0.08%     16.42 GF/s  setup=0.001 s
d1_planner               L=1024 B=512   m=1     inner=20     min=     3.213 us/xform  median=     3.219  sd=  0.11%     15.93 GF/s  setup=0.001 s
d1_planner               L=1024 B=512   m=1     inner=18     min=     2.438 us/xform  median=     2.444  sd=  4.81%     21.00 GF/s  setup=0.001 s
d1_planner               L=1024 B=512   m=1     inner=28     min=     2.881 us/xform  median=     2.953  sd=  0.71%     17.77 GF/s  setup=0.001 s
d1_planner               L=1024 B=512   m=1     inner=20     min=     3.749 us/xform  median=     3.754  sd=  0.08%     13.66 GF/s  setup=0.001 s
d1_pow2                  L=1024 B=512   m=1     inner=24     min=     2.017 us/xform  median=     2.058  sd=  3.34%     25.38 GF/s  setup=0.001 s
d1_pow2                  L=1024 B=512   m=1     inner=32     min=     1.986 us/xform  median=     1.988  sd=  0.08%     25.79 GF/s  setup=0.001 s
d1_pow2                  L=1024 B=512   m=1     inner=34     min=     2.030 us/xform  median=     2.372  sd=  6.22%     25.22 GF/s  setup=0.001 s
d1_pow2                  L=1024 B=512   m=1     inner=22     min=     1.995 us/xform  median=     1.997  sd=  5.17%     25.67 GF/s  setup=0.001 s
d1_pow2                  L=1024 B=512   m=1     inner=32     min=     2.000 us/xform  median=     2.002  sd=  0.06%     25.59 GF/s  setup=0.001 s
d1_pow2                  L=1024 B=512   m=1     inner=36     min=     2.215 us/xform  median=     2.345  sd=  2.10%     23.11 GF/s  setup=0.001 s
d1_pow2                  L=1024 B=512   m=1     inner=28     min=     2.336 us/xform  median=     2.338  sd=  0.04%     21.91 GF/s  setup=0.001 s
d1_pow2                  L=1024 B=512   m=1     inner=22     min=     1.979 us/xform  median=     1.983  sd=  5.91%     25.88 GF/s  setup=0.001 s
d1_pow2                  L=1024 B=512   m=1     inner=34     min=     2.056 us/xform  median=     2.324  sd=  5.64%     24.90 GF/s  setup=0.001 s
d1_race                  L=1024 B=512   m=1     inner=28     min=     2.198 us/xform  median=     2.453  sd=  3.28%     23.30 GF/s  setup=1.753 s
d1_race                  L=1024 B=512   m=1     inner=36     min=     2.102 us/xform  median=     2.106  sd=  0.08%     24.35 GF/s  setup=0.012 s
d1_race                  L=1024 B=512   m=1     inner=42     min=     1.740 us/xform  median=     1.745  sd=  0.10%     29.42 GF/s  setup=0.011 s
d1_race                  L=1024 B=512   m=1     inner=36     min=     1.790 us/xform  median=     2.093  sd=  7.32%     28.60 GF/s  setup=0.010 s
d1_race                  L=1024 B=512   m=1     inner=44     min=     1.742 us/xform  median=     1.747  sd=  0.13%     29.40 GF/s  setup=0.009 s
d1_race                  L=1024 B=512   m=1     inner=42     min=     1.792 us/xform  median=     1.794  sd=  0.07%     28.57 GF/s  setup=0.010 s
d1_race                  L=1024 B=512   m=1     inner=42     min=     1.787 us/xform  median=     1.790  sd=  0.09%     28.66 GF/s  setup=0.008 s
d1_race                  L=1024 B=512   m=1     inner=42     min=     1.786 us/xform  median=     1.789  sd=  0.07%     28.67 GF/s  setup=0.008 s
d1_race                  L=1024 B=512   m=1     inner=44     min=     1.744 us/xform  median=     1.746  sd=  0.08%     29.35 GF/s  setup=0.009 s
d1_twiddle               L=1024 B=512   m=1     inner=38     min=     2.165 us/xform  median=     2.689  sd=  6.52%     23.65 GF/s  setup=0.000 s
d1_twiddle               L=1024 B=512   m=1     inner=20     min=     2.135 us/xform  median=     2.146  sd=  3.99%     23.98 GF/s  setup=0.001 s
d1_twiddle               L=1024 B=512   m=1     inner=34     min=     1.784 us/xform  median=     1.936  sd= 19.92%     28.70 GF/s  setup=0.001 s
d1_twiddle               L=1024 B=512   m=1     inner=34     min=     2.007 us/xform  median=     2.007  sd=  0.12%     25.52 GF/s  setup=0.001 s
d1_twiddle               L=1024 B=512   m=1     inner=36     min=     1.775 us/xform  median=     1.780  sd=  0.35%     28.84 GF/s  setup=0.001 s
d1_twiddle               L=1024 B=512   m=1     inner=42     min=     1.785 us/xform  median=     1.789  sd=  0.33%     28.68 GF/s  setup=0.000 s
d1_twiddle               L=1024 B=512   m=1     inner=36     min=     1.995 us/xform  median=     1.999  sd=  0.14%     25.67 GF/s  setup=0.001 s
d1_twiddle               L=1024 B=512   m=1     inner=44     min=     1.696 us/xform  median=     1.698  sd=  0.33%     30.19 GF/s  setup=0.000 s
d1_twiddle               L=1024 B=512   m=1     inner=22     min=     1.707 us/xform  median=     1.717  sd=  0.88%     29.99 GF/s  setup=0.000 s
fftw1d_estimate          L=1024 B=512   m=1     inner=26     min=     3.143 us/xform  median=     3.398  sd=  2.19%     16.29 GF/s  setup=0.001 s
fftw1d_estimate          L=1024 B=512   m=1     inner=22     min=     2.413 us/xform  median=     2.421  sd=  2.05%     21.22 GF/s  setup=0.001 s
fftw1d_estimate          L=1024 B=512   m=1     inner=26     min=     2.376 us/xform  median=     2.384  sd=  0.38%     21.55 GF/s  setup=0.001 s
fftw1d_estimate          L=1024 B=512   m=1     inner=26     min=     3.083 us/xform  median=     3.556  sd=  4.08%     16.61 GF/s  setup=0.001 s
fftw1d_estimate          L=1024 B=512   m=1     inner=16     min=     3.048 us/xform  median=     3.051  sd=  2.22%     16.80 GF/s  setup=0.001 s
fftw1d_estimate          L=1024 B=512   m=1     inner=22     min=     3.557 us/xform  median=     3.566  sd=  0.18%     14.39 GF/s  setup=0.001 s
fftw1d_estimate          L=1024 B=512   m=1     inner=20     min=     2.482 us/xform  median=     2.493  sd=  3.29%     20.63 GF/s  setup=0.001 s
fftw1d_estimate          L=1024 B=512   m=1     inner=24     min=     3.108 us/xform  median=     3.593  sd=  4.18%     16.47 GF/s  setup=0.001 s
fftw1d_estimate          L=1024 B=512   m=1     inner=20     min=     2.407 us/xform  median=     2.414  sd=  3.61%     21.27 GF/s  setup=0.001 s
fftw1d_measure           L=1024 B=512   m=1     inner=40     min=     1.885 us/xform  median=     1.889  sd=  0.31%     27.17 GF/s  setup=0.115 s
fftw1d_measure           L=1024 B=512   m=1     inner=24     min=     2.264 us/xform  median=     2.270  sd=  1.25%     22.61 GF/s  setup=0.117 s
fftw1d_measure           L=1024 B=512   m=1     inner=38     min=     1.927 us/xform  median=     1.930  sd=  0.23%     26.57 GF/s  setup=0.116 s
fftw1d_measure           L=1024 B=512   m=1     inner=28     min=     2.134 us/xform  median=     2.136  sd=  0.77%     23.99 GF/s  setup=0.117 s
fftw1d_measure           L=1024 B=512   m=1     inner=18     min=     2.241 us/xform  median=     2.248  sd=  6.64%     22.85 GF/s  setup=0.117 s
fftw1d_measure           L=1024 B=512   m=1     inner=40     min=     1.820 us/xform  median=     1.824  sd=  0.22%     28.13 GF/s  setup=0.116 s
fftw1d_measure           L=1024 B=512   m=1     inner=26     min=     2.369 us/xform  median=     2.374  sd=  0.22%     21.61 GF/s  setup=0.117 s
fftw1d_measure           L=1024 B=512   m=1     inner=24     min=     1.842 us/xform  median=     1.846  sd=  7.98%     27.80 GF/s  setup=0.117 s
fftw1d_measure           L=1024 B=512   m=1     inner=38     min=     1.929 us/xform  median=     1.933  sd=  0.24%     26.54 GF/s  setup=0.115 s
fftw1d_patient           L=1024 B=512   m=1     inner=38     min=     1.918 us/xform  median=     1.920  sd=  0.12%     26.70 GF/s  setup=11.667 s
fftw1d_patient           L=1024 B=512   m=1     inner=36     min=     2.055 us/xform  median=     2.059  sd=  0.17%     24.91 GF/s  setup=12.182 s
fftw1d_patient           L=1024 B=512   m=1     inner=38     min=     1.931 us/xform  median=     1.934  sd=  0.10%     26.51 GF/s  setup=12.014 s
fftw1d_patient           L=1024 B=512   m=1     inner=40     min=     1.835 us/xform  median=     1.840  sd=  0.20%     27.90 GF/s  setup=11.435 s
fftw1d_patient           L=1024 B=512   m=1     inner=40     min=     1.822 us/xform  median=     1.832  sd=  0.31%     28.11 GF/s  setup=11.821 s
fftw1d_patient           L=1024 B=512   m=1     inner=40     min=     1.840 us/xform  median=     1.843  sd=  0.13%     27.83 GF/s  setup=11.749 s
fftw1d_patient           L=1024 B=512   m=1     inner=40     min=     1.911 us/xform  median=     1.914  sd=  0.09%     26.79 GF/s  setup=12.158 s
fftw1d_patient           L=1024 B=512   m=1     inner=40     min=     1.824 us/xform  median=     1.827  sd=  0.17%     28.08 GF/s  setup=11.845 s
fftw1d_patient           L=1024 B=512   m=1     inner=40     min=     1.907 us/xform  median=     1.909  sd=  0.13%     26.84 GF/s  setup=11.836 s
mkl1d_dfti               L=1024 B=512   m=1     inner=40     min=     1.880 us/xform  median=     1.889  sd=  0.25%     27.23 GF/s  setup=0.003 s
mkl1d_dfti               L=1024 B=512   m=1     inner=38     min=     1.757 us/xform  median=     1.896  sd=  3.75%     29.14 GF/s  setup=0.002 s
mkl1d_dfti               L=1024 B=512   m=1     inner=38     min=     2.046 us/xform  median=     2.088  sd=  0.58%     25.03 GF/s  setup=0.002 s
mkl1d_dfti               L=1024 B=512   m=1     inner=30     min=     1.748 us/xform  median=     1.753  sd=  1.41%     29.28 GF/s  setup=0.002 s
mkl1d_dfti               L=1024 B=512   m=1     inner=36     min=     1.990 us/xform  median=     1.996  sd=  0.23%     25.72 GF/s  setup=0.002 s
mkl1d_dfti               L=1024 B=512   m=1     inner=36     min=     2.070 us/xform  median=     2.083  sd=  0.21%     24.74 GF/s  setup=0.002 s
mkl1d_dfti               L=1024 B=512   m=1     inner=34     min=     2.195 us/xform  median=     2.202  sd=  0.24%     23.32 GF/s  setup=0.002 s
mkl1d_dfti               L=1024 B=512   m=1     inner=30     min=     2.385 us/xform  median=     2.388  sd=  0.25%     21.47 GF/s  setup=0.002 s
mkl1d_dfti               L=1024 B=512   m=1     inner=30     min=     1.757 us/xform  median=     1.761  sd=  1.32%     29.14 GF/s  setup=0.002 s
baseline_dft             L=64  B=512   m=500   inner=1      min=     7.226 us/xform  median=     7.227  sd=  0.01%      0.27 GF/s  setup=0.000 s
baseline_dft             L=64  B=512   m=500   inner=1      min=     7.226 us/xform  median=     7.227  sd=  0.01%      0.27 GF/s  setup=0.000 s
baseline_dft             L=64  B=512   m=500   inner=1      min=     7.226 us/xform  median=     7.227  sd=  0.02%      0.27 GF/s  setup=0.000 s
baseline_dft             L=64  B=512   m=2     inner=1      min=     8.839 us/xform  median=     8.839  sd=  0.00%      0.22 GF/s  setup=0.000 s
d1_batchlane             L=64  B=512   m=500   inner=2      min=     0.068 us/xform  median=     0.068  sd=  0.01%     28.21 GF/s  setup=0.000 s
d1_batchlane             L=64  B=512   m=500   inner=2      min=     0.068 us/xform  median=     0.068  sd=  0.02%     28.20 GF/s  setup=0.000 s
d1_batchlane             L=64  B=512   m=500   inner=2      min=     0.078 us/xform  median=     0.078  sd=  0.01%     24.74 GF/s  setup=0.000 s
d1_batchlane             L=64  B=512   m=2     inner=12     min=     0.126 us/xform  median=     0.126  sd=  0.00%     15.19 GF/s  setup=0.000 s
d1_bluestein             L=64  B=512   m=500   inner=1      min=     0.394 us/xform  median=     0.394  sd=  0.03%      4.87 GF/s  setup=0.001 s
d1_bluestein             L=64  B=512   m=500   inner=1      min=     0.359 us/xform  median=     0.379  sd=  1.50%      5.35 GF/s  setup=0.001 s
d1_bluestein             L=64  B=512   m=500   inner=1      min=     0.317 us/xform  median=     0.329  sd=  8.15%      6.05 GF/s  setup=0.001 s
d1_bluestein             L=64  B=512   m=2     inner=4      min=     0.385 us/xform  median=     0.385  sd=  0.00%      4.99 GF/s  setup=0.001 s
d1_planner               L=64  B=512   m=500   inner=1      min=     0.094 us/xform  median=     0.095  sd=  0.03%     20.32 GF/s  setup=0.000 s
d1_planner               L=64  B=512   m=500   inner=1      min=     0.094 us/xform  median=     0.094  sd=  0.04%     20.43 GF/s  setup=0.000 s
d1_planner               L=64  B=512   m=500   inner=1      min=     0.094 us/xform  median=     0.094  sd=  0.02%     20.35 GF/s  setup=0.000 s
d1_planner               L=64  B=512   m=2     inner=8      min=     0.193 us/xform  median=     0.193  sd=  0.00%      9.93 GF/s  setup=0.000 s
d1_pow2                  L=64  B=512   m=500   inner=1      min=     0.085 us/xform  median=     0.085  sd=  0.04%     22.69 GF/s  setup=0.000 s
d1_pow2                  L=64  B=512   m=500   inner=1      min=     0.084 us/xform  median=     0.084  sd=  0.04%     22.76 GF/s  setup=0.001 s
d1_pow2                  L=64  B=512   m=500   inner=2      min=     0.074 us/xform  median=     0.074  sd=  0.03%     25.89 GF/s  setup=0.001 s
d1_pow2                  L=64  B=512   m=2     inner=10     min=     0.164 us/xform  median=     0.164  sd=  0.00%     11.70 GF/s  setup=0.001 s
d1_race                  L=64  B=512   m=500   inner=2      min=     0.067 us/xform  median=     0.068  sd=  0.13%     28.46 GF/s  setup=2.757 s
d1_race                  L=64  B=512   m=500   inner=2      min=     0.068 us/xform  median=     0.077  sd=  4.83%     28.29 GF/s  setup=0.009 s
d1_race                  L=64  B=512   m=500   inner=2      min=     0.068 us/xform  median=     0.068  sd=  0.10%     28.34 GF/s  setup=0.009 s
d1_race                  L=64  B=512   m=2     inner=10     min=     0.164 us/xform  median=     0.164  sd=  0.00%     11.69 GF/s  setup=0.007 s
d1_twiddle               L=64  B=512   m=500   inner=1      min=     0.088 us/xform  median=     0.088  sd=  0.12%     21.90 GF/s  setup=0.000 s
d1_twiddle               L=64  B=512   m=500   inner=2      min=     0.078 us/xform  median=     0.078  sd=  0.04%     24.67 GF/s  setup=0.001 s
d1_twiddle               L=64  B=512   m=500   inner=1      min=     0.088 us/xform  median=     0.088  sd=  0.08%     21.87 GF/s  setup=0.000 s
d1_twiddle               L=64  B=512   m=2     inner=10     min=     0.171 us/xform  median=     0.171  sd=  0.00%     11.24 GF/s  setup=0.000 s
fftw1d_custom            L=64  B=512   m=500   inner=1      min=     0.309 us/xform  median=     0.312  sd=  0.47%      6.21 GF/s  setup=0.000 s
fftw1d_custom            L=64  B=512   m=500   inner=1      min=     0.251 us/xform  median=     0.251  sd=  0.05%      7.66 GF/s  setup=0.000 s
fftw1d_custom            L=64  B=512   m=500   inner=1      min=     0.308 us/xform  median=     0.309  sd=  0.46%      6.24 GF/s  setup=0.000 s
fftw1d_custom            L=64  B=512   m=2     inner=2      min=     0.537 us/xform  median=     0.537  sd=  0.00%      3.58 GF/s  setup=0.000 s
fftw1d_custom_soa        L=64  B=512   m=500   inner=1      min=     0.166 us/xform  median=     0.179  sd=  2.25%     11.55 GF/s  setup=0.000 s
fftw1d_custom_soa        L=64  B=512   m=500   inner=1      min=     0.149 us/xform  median=     0.151  sd=  0.52%     12.84 GF/s  setup=0.000 s
fftw1d_custom_soa        L=64  B=512   m=500   inner=1      min=     0.152 us/xform  median=     0.153  sd=  0.98%     12.65 GF/s  setup=0.000 s
fftw1d_custom_soa        L=64  B=512   m=2     inner=2      min=     0.529 us/xform  median=     0.529  sd=  0.00%      3.63 GF/s  setup=0.000 s
fftw1d_estimate          L=64  B=512   m=500   inner=1      min=     0.398 us/xform  median=     0.398  sd=  0.02%      4.82 GF/s  setup=0.001 s
fftw1d_estimate          L=64  B=512   m=500   inner=1      min=     0.398 us/xform  median=     0.398  sd=  0.06%      4.83 GF/s  setup=0.001 s
fftw1d_estimate          L=64  B=512   m=500   inner=1      min=     0.399 us/xform  median=     0.399  sd=  0.02%      4.81 GF/s  setup=0.001 s
fftw1d_estimate          L=64  B=512   m=2     inner=2      min=     0.550 us/xform  median=     0.550  sd=  0.00%      3.49 GF/s  setup=0.001 s
fftw1d_measure           L=64  B=512   m=500   inner=1      min=     0.284 us/xform  median=     0.330  sd=  4.11%      6.76 GF/s  setup=0.028 s
fftw1d_measure           L=64  B=512   m=500   inner=1      min=     0.272 us/xform  median=     0.272  sd=  0.03%      7.07 GF/s  setup=0.030 s
fftw1d_measure           L=64  B=512   m=500   inner=1      min=     0.268 us/xform  median=     0.269  sd=  0.03%      7.15 GF/s  setup=0.026 s
fftw1d_measure           L=64  B=512   m=2     inner=4      min=     0.317 us/xform  median=     0.317  sd=  0.00%      6.06 GF/s  setup=0.027 s
fftw1d_patient           L=64  B=512   m=500   inner=1      min=     0.271 us/xform  median=     0.271  sd=  4.66%      7.08 GF/s  setup=0.239 s
fftw1d_patient           L=64  B=512   m=500   inner=1      min=     0.268 us/xform  median=     0.268  sd=  0.02%      7.17 GF/s  setup=0.217 s
fftw1d_patient           L=64  B=512   m=500   inner=1      min=     0.271 us/xform  median=     0.271  sd=  0.03%      7.08 GF/s  setup=0.217 s
fftw1d_patient           L=64  B=512   m=2     inner=6      min=     0.299 us/xform  median=     0.299  sd=  0.00%      6.41 GF/s  setup=0.214 s
mkl1d_dfti               L=64  B=512   m=500   inner=1      min=     0.288 us/xform  median=     0.288  sd=  0.03%      6.66 GF/s  setup=0.002 s
mkl1d_dfti               L=64  B=512   m=500   inner=1      min=     0.291 us/xform  median=     0.291  sd=  0.04%      6.60 GF/s  setup=0.002 s
mkl1d_dfti               L=64  B=512   m=500   inner=1      min=     0.289 us/xform  median=     0.289  sd=  0.04%      6.64 GF/s  setup=0.002 s
mkl1d_dfti               L=64  B=512   m=2     inner=6      min=     0.280 us/xform  median=     0.280  sd=  0.00%      6.87 GF/s  setup=0.001 s
   skipping baseline_dft at L=10007 B=1 (too expensive to be informative)
d1_bluestein             L=10007 B=1     m=400   inner=1      min=   122.141 us/xform  median=   122.172  sd=  6.88%      5.44 GF/s  setup=0.007 s
d1_bluestein             L=10007 B=1     m=400   inner=1      min=   125.038 us/xform  median=   125.071  sd=  0.02%      5.32 GF/s  setup=0.008 s
d1_bluestein             L=10007 B=1     m=400   inner=1      min=   124.994 us/xform  median=   125.033  sd=  0.02%      5.32 GF/s  setup=0.005 s
d1_bluestein             L=10007 B=1     m=2     inner=6      min=   141.217 us/xform  median=   141.217  sd=  0.00%      4.71 GF/s  setup=0.006 s
d1_planner               L=10007 B=1     m=400   inner=1      min=   119.266 us/xform  median=   162.635  sd= 14.57%      5.57 GF/s  setup=0.006 s
d1_planner               L=10007 B=1     m=400   inner=1      min=   118.991 us/xform  median=   119.021  sd=  0.03%      5.59 GF/s  setup=0.005 s
d1_planner               L=10007 B=1     m=400   inner=1      min=   149.407 us/xform  median=   149.446  sd=  0.03%      4.45 GF/s  setup=0.008 s
d1_planner               L=10007 B=1     m=2     inner=4      min=   207.350 us/xform  median=   207.350  sd=  0.00%      3.21 GF/s  setup=0.007 s
d1_race                  L=10007 B=1     m=400   inner=1      min=   121.827 us/xform  median=   121.866  sd=  0.02%      5.46 GF/s  setup=0.011 s
d1_race                  L=10007 B=1     m=400   inner=1      min=   122.147 us/xform  median=   122.188  sd=  0.02%      5.44 GF/s  setup=0.012 s
d1_race                  L=10007 B=1     m=400   inner=1      min=   120.792 us/xform  median=   120.857  sd=  0.04%      5.50 GF/s  setup=0.015 s
d1_race                  L=10007 B=1     m=2     inner=6      min=   131.361 us/xform  median=   131.361  sd=  0.00%      5.06 GF/s  setup=0.013 s
fftw1d_estimate          L=10007 B=1     m=400   inner=1      min=   493.045 us/xform  median=   493.317  sd=  0.05%      1.35 GF/s  setup=0.002 s
fftw1d_estimate          L=10007 B=1     m=400   inner=1      min=   494.645 us/xform  median=   494.935  sd=  0.02%      1.34 GF/s  setup=0.002 s
fftw1d_estimate          L=10007 B=1     m=400   inner=1      min=   497.926 us/xform  median=   498.181  sd=  0.03%      1.34 GF/s  setup=0.001 s
fftw1d_estimate          L=10007 B=1     m=2     inner=1      min=   636.246 us/xform  median=   636.246  sd=  0.00%      1.05 GF/s  setup=0.002 s
fftw1d_measure           L=10007 B=1     m=400   inner=1      min=   362.348 us/xform  median=   362.655  sd=  0.07%      1.83 GF/s  setup=1.173 s
fftw1d_measure           L=10007 B=1     m=400   inner=1      min=   355.721 us/xform  median=   356.027  sd=  0.04%      1.87 GF/s  setup=1.139 s
fftw1d_measure           L=10007 B=1     m=400   inner=1      min=   355.102 us/xform  median=   355.449  sd=  0.04%      1.87 GF/s  setup=1.143 s
fftw1d_measure           L=10007 B=1     m=2     inner=2      min=   363.382 us/xform  median=   363.382  sd=  0.00%      1.83 GF/s  setup=1.232 s
fftw1d_patient           L=10007 B=1     m=400   inner=1      min=   223.433 us/xform  median=   224.288  sd=  0.25%      2.98 GF/s  setup=19.805 s
fftw1d_patient           L=10007 B=1     m=400   inner=1      min=   232.397 us/xform  median=   232.607  sd=  0.07%      2.86 GF/s  setup=19.741 s
fftw1d_patient           L=10007 B=1     m=400   inner=1      min=   223.584 us/xform  median=   225.787  sd=  0.52%      2.97 GF/s  setup=19.851 s
fftw1d_patient           L=10007 B=1     m=2     inner=4      min=   236.676 us/xform  median=   236.676  sd=  0.00%      2.81 GF/s  setup=19.786 s
mkl1d_dfti               L=10007 B=1     m=400   inner=1      min=   294.736 us/xform  median=   294.789  sd=  8.19%      2.26 GF/s  setup=0.003 s
mkl1d_dfti               L=10007 B=1     m=400   inner=1      min=   299.579 us/xform  median=   299.687  sd= 15.52%      2.22 GF/s  setup=0.004 s
mkl1d_dfti               L=10007 B=1     m=400   inner=1      min=   294.589 us/xform  median=   294.642  sd=  0.02%      2.26 GF/s  setup=0.003 s
mkl1d_dfti               L=10007 B=1     m=2     inner=2      min=   425.921 us/xform  median=   425.921  sd=  0.00%      1.56 GF/s  setup=0.004 s
baseline_dft             L=32  B=512   m=1000  inner=1      min=     1.951 us/xform  median=     1.953  sd=  0.03%      0.41 GF/s  setup=0.000 s
baseline_dft             L=32  B=512   m=1000  inner=1      min=     1.951 us/xform  median=     1.953  sd=  0.03%      0.41 GF/s  setup=0.000 s
baseline_dft             L=32  B=512   m=1000  inner=1      min=     1.953 us/xform  median=     1.953  sd=  0.00%      0.41 GF/s  setup=0.000 s
baseline_dft             L=32  B=512   m=2     inner=1      min=     2.247 us/xform  median=     2.247  sd=  0.00%      0.36 GF/s  setup=0.000 s
d1_batchlane             L=32  B=512   m=1000  inner=2      min=     0.039 us/xform  median=     0.039  sd=  0.01%     20.69 GF/s  setup=0.000 s
d1_batchlane             L=32  B=512   m=1000  inner=2      min=     0.039 us/xform  median=     0.039  sd=  0.01%     20.71 GF/s  setup=0.000 s
d1_batchlane             L=32  B=512   m=1000  inner=2      min=     0.039 us/xform  median=     0.039  sd=  0.01%     20.68 GF/s  setup=0.000 s
d1_batchlane             L=32  B=512   m=2     inner=36     min=     0.053 us/xform  median=     0.053  sd=  0.00%     15.04 GF/s  setup=0.000 s
d1_bluestein             L=32  B=512   m=1000  inner=1      min=     0.185 us/xform  median=     0.185  sd=  0.05%      4.33 GF/s  setup=0.001 s
d1_bluestein             L=32  B=512   m=1000  inner=1      min=     0.180 us/xform  median=     0.205  sd=  6.41%      4.45 GF/s  setup=0.001 s
d1_bluestein             L=32  B=512   m=1000  inner=1      min=     0.179 us/xform  median=     0.180  sd=  0.03%      4.46 GF/s  setup=0.001 s
d1_bluestein             L=32  B=512   m=2     inner=8      min=     0.219 us/xform  median=     0.219  sd=  0.00%      3.65 GF/s  setup=0.001 s
d1_planner               L=32  B=512   m=1000  inner=1      min=     0.045 us/xform  median=     0.045  sd=  0.19%     17.73 GF/s  setup=0.000 s
d1_planner               L=32  B=512   m=1000  inner=1      min=     0.045 us/xform  median=     0.045  sd=  0.19%     17.91 GF/s  setup=0.000 s
d1_planner               L=32  B=512   m=1000  inner=1      min=     0.045 us/xform  median=     0.045  sd=  0.15%     17.87 GF/s  setup=0.000 s
d1_planner               L=32  B=512   m=2     inner=20     min=     0.095 us/xform  median=     0.095  sd=  0.00%      8.38 GF/s  setup=0.000 s
d1_pow2                  L=32  B=512   m=1000  inner=2      min=     0.036 us/xform  median=     0.036  sd=  0.02%     22.16 GF/s  setup=0.000 s
d1_pow2                  L=32  B=512   m=1000  inner=1      min=     0.041 us/xform  median=     0.041  sd=  0.02%     19.68 GF/s  setup=0.000 s
d1_pow2                  L=32  B=512   m=1000  inner=1      min=     0.040 us/xform  median=     0.041  sd=  0.02%     19.75 GF/s  setup=0.000 s
d1_pow2                  L=32  B=512   m=2     inner=32     min=     0.055 us/xform  median=     0.055  sd=  0.00%     14.54 GF/s  setup=0.001 s
d1_race                  L=32  B=512   m=1000  inner=2      min=     0.034 us/xform  median=     0.034  sd=  0.04%     23.66 GF/s  setup=2.573 s
d1_race                  L=32  B=512   m=1000  inner=2      min=     0.034 us/xform  median=     0.039  sd=  4.25%     23.63 GF/s  setup=0.009 s
d1_race                  L=32  B=512   m=1000  inner=2      min=     0.034 us/xform  median=     0.034  sd=  0.00%     23.54 GF/s  setup=0.007 s
d1_race                  L=32  B=512   m=2     inner=40     min=     0.047 us/xform  median=     0.047  sd=  0.00%     16.97 GF/s  setup=0.007 s
d1_twiddle               L=32  B=512   m=1000  inner=2      min=     0.039 us/xform  median=     0.039  sd=  0.04%     20.64 GF/s  setup=0.000 s
d1_twiddle               L=32  B=512   m=1000  inner=2      min=     0.039 us/xform  median=     0.039  sd=  0.05%     20.63 GF/s  setup=0.001 s
d1_twiddle               L=32  B=512   m=1000  inner=2      min=     0.037 us/xform  median=     0.039  sd=  1.42%     21.80 GF/s  setup=0.000 s
d1_twiddle               L=32  B=512   m=2     inner=24     min=     0.074 us/xform  median=     0.074  sd=  0.00%     10.87 GF/s  setup=0.001 s
fftw1d_custom            L=32  B=512   m=1000  inner=1      min=     0.104 us/xform  median=     0.104  sd=  0.07%      7.69 GF/s  setup=0.000 s
fftw1d_custom            L=32  B=512   m=1000  inner=1      min=     0.104 us/xform  median=     0.104  sd=  0.07%      7.69 GF/s  setup=0.000 s
fftw1d_custom            L=32  B=512   m=1000  inner=1      min=     0.104 us/xform  median=     0.104  sd=  0.05%      7.69 GF/s  setup=0.000 s
fftw1d_custom            L=32  B=512   m=2     inner=4      min=     0.257 us/xform  median=     0.257  sd=  0.00%      3.11 GF/s  setup=0.000 s
fftw1d_custom_soa        L=32  B=512   m=1000  inner=1      min=     0.076 us/xform  median=     0.076  sd=  0.15%     10.56 GF/s  setup=0.000 s
fftw1d_custom_soa        L=32  B=512   m=1000  inner=1      min=     0.076 us/xform  median=     0.076  sd=  0.15%     10.55 GF/s  setup=0.000 s
fftw1d_custom_soa        L=32  B=512   m=1000  inner=1      min=     0.066 us/xform  median=     0.066  sd=  0.12%     12.07 GF/s  setup=0.000 s
fftw1d_custom_soa        L=32  B=512   m=2     inner=6      min=     0.166 us/xform  median=     0.166  sd=  0.00%      4.81 GF/s  setup=0.000 s
fftw1d_estimate          L=32  B=512   m=1000  inner=1      min=     0.185 us/xform  median=     0.185  sd=  0.04%      4.31 GF/s  setup=0.001 s
fftw1d_estimate          L=32  B=512   m=1000  inner=1      min=     0.187 us/xform  median=     0.212  sd=  5.53%      4.29 GF/s  setup=0.001 s
fftw1d_estimate          L=32  B=512   m=1000  inner=1      min=     0.187 us/xform  median=     0.187  sd=  0.03%      4.29 GF/s  setup=0.000 s
fftw1d_estimate          L=32  B=512   m=2     inner=8      min=     0.228 us/xform  median=     0.228  sd=  0.00%      3.51 GF/s  setup=0.001 s
fftw1d_measure           L=32  B=512   m=1000  inner=1      min=     0.123 us/xform  median=     0.123  sd=  5.99%      6.51 GF/s  setup=0.010 s
fftw1d_measure           L=32  B=512   m=1000  inner=1      min=     0.139 us/xform  median=     0.139  sd=  0.01%      5.76 GF/s  setup=0.011 s
fftw1d_measure           L=32  B=512   m=1000  inner=1      min=     0.122 us/xform  median=     0.122  sd=  0.01%      6.54 GF/s  setup=0.010 s
fftw1d_measure           L=32  B=512   m=2     inner=12     min=     0.159 us/xform  median=     0.159  sd=  0.00%      5.04 GF/s  setup=0.010 s
fftw1d_patient           L=32  B=512   m=1000  inner=1      min=     0.122 us/xform  median=     0.122  sd=  0.00%      6.58 GF/s  setup=0.057 s
fftw1d_patient           L=32  B=512   m=1000  inner=1      min=     0.123 us/xform  median=     0.123  sd=  0.01%      6.48 GF/s  setup=0.064 s
fftw1d_patient           L=32  B=512   m=1000  inner=1      min=     0.123 us/xform  median=     0.123  sd=  0.01%      6.52 GF/s  setup=0.061 s
fftw1d_patient           L=32  B=512   m=2     inner=12     min=     0.149 us/xform  median=     0.149  sd=  0.00%      5.38 GF/s  setup=0.062 s
mkl1d_dfti               L=32  B=512   m=1000  inner=1      min=     0.112 us/xform  median=     0.112  sd=  0.01%      7.13 GF/s  setup=0.002 s
mkl1d_dfti               L=32  B=512   m=1000  inner=1      min=     0.112 us/xform  median=     0.112  sd=  0.01%      7.13 GF/s  setup=0.002 s
mkl1d_dfti               L=32  B=512   m=1000  inner=1      min=     0.112 us/xform  median=     0.112  sd=  0.01%      7.13 GF/s  setup=0.001 s
mkl1d_dfti               L=32  B=512   m=2     inner=14     min=     0.135 us/xform  median=     0.135  sd=  0.00%      5.94 GF/s  setup=0.002 s
   skipping baseline_dft at L=1021 B=256 (too expensive to be informative)
d1_bluestein             L=1021 B=256   m=1     inner=14     min=     9.262 us/xform  median=     9.755  sd=  2.02%      5.51 GF/s  setup=0.002 s
d1_bluestein             L=1021 B=256   m=1     inner=14     min=     9.723 us/xform  median=     9.727  sd=  0.03%      5.25 GF/s  setup=0.003 s
d1_bluestein             L=1021 B=256   m=1     inner=14     min=    10.230 us/xform  median=    10.235  sd=  0.03%      4.99 GF/s  setup=0.003 s
d1_bluestein             L=1021 B=256   m=1     inner=14     min=    10.276 us/xform  median=    10.283  sd=  0.04%      4.97 GF/s  setup=0.003 s
d1_bluestein             L=1021 B=256   m=1     inner=14     min=     9.652 us/xform  median=     9.669  sd=  0.09%      5.29 GF/s  setup=0.003 s
d1_bluestein             L=1021 B=256   m=1     inner=14     min=     9.705 us/xform  median=     9.710  sd=  0.03%      5.26 GF/s  setup=0.003 s
d1_bluestein             L=1021 B=256   m=1     inner=14     min=     9.616 us/xform  median=     9.620  sd=  0.03%      5.31 GF/s  setup=0.003 s
d1_bluestein             L=1021 B=256   m=1     inner=14     min=     9.688 us/xform  median=     9.695  sd=  0.04%      5.27 GF/s  setup=0.003 s
d1_bluestein             L=1021 B=256   m=1     inner=14     min=     9.730 us/xform  median=     9.735  sd=  0.04%      5.24 GF/s  setup=0.003 s
d1_planner               L=1021 B=256   m=1     inner=16     min=     9.089 us/xform  median=     9.843  sd=  2.25%      5.61 GF/s  setup=0.001 s
d1_planner               L=1021 B=256   m=1     inner=14     min=     9.906 us/xform  median=     9.911  sd=  0.03%      5.15 GF/s  setup=0.001 s
d1_planner               L=1021 B=256   m=1     inner=14     min=    10.031 us/xform  median=    10.037  sd=  0.03%      5.09 GF/s  setup=0.001 s
d1_planner               L=1021 B=256   m=1     inner=14     min=    10.091 us/xform  median=    10.097  sd=  0.03%      5.06 GF/s  setup=0.001 s
d1_planner               L=1021 B=256   m=1     inner=14     min=     9.996 us/xform  median=    10.000  sd=  0.03%      5.10 GF/s  setup=0.001 s
d1_planner               L=1021 B=256   m=1     inner=14     min=    10.209 us/xform  median=    10.218  sd=  0.04%      5.00 GF/s  setup=0.001 s
d1_planner               L=1021 B=256   m=1     inner=14     min=     9.910 us/xform  median=     9.912  sd=  0.02%      5.15 GF/s  setup=0.001 s
d1_planner               L=1021 B=256   m=1     inner=14     min=     7.944 us/xform  median=     9.996  sd=  8.52%      6.42 GF/s  setup=0.001 s
d1_planner               L=1021 B=256   m=1     inner=20     min=     7.630 us/xform  median=     7.631  sd=  0.02%      6.69 GF/s  setup=0.001 s
d1_race                  L=1021 B=256   m=1     inner=16     min=     7.696 us/xform  median=     8.936  sd=  4.16%      6.63 GF/s  setup=2.301 s
d1_race                  L=1021 B=256   m=1     inner=16     min=     8.970 us/xform  median=     8.977  sd=  0.03%      5.69 GF/s  setup=0.009 s
d1_race                  L=1021 B=256   m=1     inner=20     min=     7.295 us/xform  median=     7.296  sd=  0.16%      7.00 GF/s  setup=0.011 s
d1_race                  L=1021 B=256   m=1     inner=18     min=     8.660 us/xform  median=     9.087  sd=  1.36%      5.89 GF/s  setup=0.009 s
d1_race                  L=1021 B=256   m=1     inner=20     min=     7.399 us/xform  median=     7.402  sd=  0.03%      6.90 GF/s  setup=0.010 s
d1_race                  L=1021 B=256   m=1     inner=20     min=     7.433 us/xform  median=     7.437  sd=  0.03%      6.86 GF/s  setup=0.011 s
d1_race                  L=1021 B=256   m=1     inner=20     min=     7.240 us/xform  median=     7.242  sd=  0.02%      7.05 GF/s  setup=0.008 s
d1_race                  L=1021 B=256   m=1     inner=20     min=     7.227 us/xform  median=     7.230  sd=  0.02%      7.06 GF/s  setup=0.008 s
d1_race                  L=1021 B=256   m=1     inner=20     min=     7.312 us/xform  median=     7.315  sd=  0.02%      6.98 GF/s  setup=0.008 s
d1_rader                 L=1021 B=256   m=1     inner=18     min=     8.417 us/xform  median=     8.984  sd=  1.86%      6.06 GF/s  setup=0.000 s
d1_rader                 L=1021 B=256   m=1     inner=20     min=     7.204 us/xform  median=     7.207  sd=  0.05%      7.08 GF/s  setup=0.000 s
d1_rader                 L=1021 B=256   m=1     inner=20     min=     7.255 us/xform  median=     7.259  sd=  0.03%      7.03 GF/s  setup=0.000 s
d1_rader                 L=1021 B=256   m=1     inner=18     min=     8.915 us/xform  median=     8.918  sd=  0.02%      5.72 GF/s  setup=0.000 s
d1_rader                 L=1021 B=256   m=1     inner=16     min=     9.694 us/xform  median=     9.701  sd=  0.03%      5.26 GF/s  setup=0.000 s
d1_rader                 L=1021 B=256   m=1     inner=16     min=     9.085 us/xform  median=     9.088  sd=  0.03%      5.62 GF/s  setup=0.000 s
d1_rader                 L=1021 B=256   m=1     inner=16     min=     8.020 us/xform  median=     9.699  sd=  5.41%      6.36 GF/s  setup=0.000 s
d1_rader                 L=1021 B=256   m=1     inner=20     min=     7.259 us/xform  median=     7.260  sd=  0.01%      7.03 GF/s  setup=0.000 s
d1_rader                 L=1021 B=256   m=1     inner=18     min=     8.997 us/xform  median=     9.002  sd=  0.04%      5.67 GF/s  setup=0.000 s
fftw1d_estimate          L=1021 B=256   m=1     inner=10     min=    14.865 us/xform  median=    15.292  sd=  0.91%      3.43 GF/s  setup=0.001 s
fftw1d_estimate          L=1021 B=256   m=1     inner=10     min=    13.081 us/xform  median=    13.095  sd=  0.12%      3.90 GF/s  setup=0.001 s
fftw1d_estimate          L=1021 B=256   m=1     inner=10     min=    13.047 us/xform  median=    13.057  sd=  0.04%      3.91 GF/s  setup=0.001 s
fftw1d_estimate          L=1021 B=256   m=1     inner=10     min=    13.028 us/xform  median=    13.035  sd=  0.04%      3.92 GF/s  setup=0.001 s
fftw1d_estimate          L=1021 B=256   m=1     inner=10     min=    13.093 us/xform  median=    13.101  sd=  0.06%      3.90 GF/s  setup=0.001 s
fftw1d_estimate          L=1021 B=256   m=1     inner=10     min=    14.915 us/xform  median=    15.281  sd=  0.72%      3.42 GF/s  setup=0.001 s
fftw1d_estimate          L=1021 B=256   m=1     inner=10     min=    12.997 us/xform  median=    13.014  sd=  0.13%      3.93 GF/s  setup=0.001 s
fftw1d_estimate          L=1021 B=256   m=1     inner=6      min=    12.991 us/xform  median=    13.001  sd=  0.10%      3.93 GF/s  setup=0.001 s
fftw1d_estimate          L=1021 B=256   m=1     inner=10     min=    12.979 us/xform  median=    12.991  sd=  0.06%      3.93 GF/s  setup=0.001 s
fftw1d_measure           L=1021 B=256   m=1     inner=10     min=    14.738 us/xform  median=    14.752  sd=  0.04%      3.46 GF/s  setup=0.293 s
fftw1d_measure           L=1021 B=256   m=1     inner=10     min=    12.083 us/xform  median=    12.263  sd=  7.83%      4.22 GF/s  setup=0.294 s
fftw1d_measure           L=1021 B=256   m=1     inner=12     min=    12.632 us/xform  median=    12.639  sd=  0.05%      4.04 GF/s  setup=0.288 s
fftw1d_measure           L=1021 B=256   m=1     inner=12     min=    12.515 us/xform  median=    12.525  sd=  0.04%      4.08 GF/s  setup=0.286 s
fftw1d_measure           L=1021 B=256   m=1     inner=12     min=    12.102 us/xform  median=    12.111  sd=  0.06%      4.22 GF/s  setup=0.287 s
fftw1d_measure           L=1021 B=256   m=1     inner=12     min=    12.096 us/xform  median=    12.112  sd=  0.07%      4.22 GF/s  setup=0.285 s
fftw1d_measure           L=1021 B=256   m=1     inner=12     min=    12.024 us/xform  median=    12.033  sd=  0.04%      4.24 GF/s  setup=0.287 s
fftw1d_measure           L=1021 B=256   m=1     inner=12     min=    12.094 us/xform  median=    12.107  sd=  0.05%      4.22 GF/s  setup=0.286 s
fftw1d_measure           L=1021 B=256   m=1     inner=10     min=    14.884 us/xform  median=    14.899  sd=  0.07%      3.43 GF/s  setup=0.295 s
fftw1d_patient           L=1021 B=256   m=1     inner=12     min=    12.578 us/xform  median=    12.591  sd=  0.05%      4.06 GF/s  setup=2.988 s
fftw1d_patient           L=1021 B=256   m=1     inner=12     min=    12.318 us/xform  median=    12.332  sd=  0.09%      4.14 GF/s  setup=2.954 s
fftw1d_patient           L=1021 B=256   m=1     inner=12     min=    12.221 us/xform  median=    12.228  sd=  0.04%      4.18 GF/s  setup=2.947 s
fftw1d_patient           L=1021 B=256   m=1     inner=12     min=    12.246 us/xform  median=    12.257  sd=  0.05%      4.17 GF/s  setup=2.975 s
fftw1d_patient           L=1021 B=256   m=1     inner=12     min=    12.286 us/xform  median=    12.294  sd=  0.04%      4.15 GF/s  setup=2.989 s
fftw1d_patient           L=1021 B=256   m=1     inner=12     min=    12.180 us/xform  median=    12.186  sd=  0.04%      4.19 GF/s  setup=2.949 s
fftw1d_patient           L=1021 B=256   m=1     inner=12     min=    12.252 us/xform  median=    12.256  sd=  0.04%      4.17 GF/s  setup=2.945 s
fftw1d_patient           L=1021 B=256   m=1     inner=12     min=    12.178 us/xform  median=    12.185  sd=  0.03%      4.19 GF/s  setup=2.983 s
fftw1d_patient           L=1021 B=256   m=1     inner=12     min=    12.248 us/xform  median=    12.256  sd=  0.03%      4.17 GF/s  setup=2.991 s
mkl1d_dfti               L=1021 B=256   m=1     inner=14     min=     9.940 us/xform  median=    10.036  sd=  3.06%      5.13 GF/s  setup=0.049 s
mkl1d_dfti               L=1021 B=256   m=1     inner=14     min=     8.879 us/xform  median=    10.652  sd=  6.84%      5.75 GF/s  setup=0.015 s
mkl1d_dfti               L=1021 B=256   m=1     inner=16     min=     8.736 us/xform  median=     8.738  sd=  0.01%      5.84 GF/s  setup=0.013 s
mkl1d_dfti               L=1021 B=256   m=1     inner=16     min=     8.732 us/xform  median=     8.734  sd=  0.02%      5.84 GF/s  setup=0.031 s
mkl1d_dfti               L=1021 B=256   m=1     inner=16     min=     8.746 us/xform  median=     8.748  sd=  0.06%      5.83 GF/s  setup=0.012 s
mkl1d_dfti               L=1021 B=256   m=1     inner=16     min=     8.746 us/xform  median=     8.748  sd=  0.01%      5.83 GF/s  setup=0.031 s
mkl1d_dfti               L=1021 B=256   m=1     inner=16     min=     8.744 us/xform  median=     8.746  sd=  0.02%      5.84 GF/s  setup=0.014 s
mkl1d_dfti               L=1021 B=256   m=1     inner=16     min=     8.700 us/xform  median=     8.704  sd=  0.02%      5.87 GF/s  setup=0.032 s
mkl1d_dfti               L=1021 B=256   m=1     inner=16     min=     8.743 us/xform  median=     8.745  sd=  0.02%      5.84 GF/s  setup=0.012 s
   skipping baseline_dft at L=128 B=512 (too expensive to be informative)
d1_batchlane             L=128 B=512   m=1     inner=422    min=     0.147 us/xform  median=     0.148  sd=  0.31%     30.38 GF/s  setup=0.000 s
d1_batchlane             L=128 B=512   m=1     inner=416    min=     0.163 us/xform  median=     0.163  sd=  0.06%     27.55 GF/s  setup=0.000 s
d1_batchlane             L=128 B=512   m=1     inner=241    min=     0.164 us/xform  median=     0.164  sd=  0.16%     27.33 GF/s  setup=0.000 s
d1_batchlane             L=128 B=512   m=1     inner=242    min=     0.150 us/xform  median=     0.162  sd=  2.17%     29.88 GF/s  setup=0.000 s
d1_batchlane             L=128 B=512   m=1     inner=398    min=     0.150 us/xform  median=     0.150  sd=  0.21%     29.93 GF/s  setup=0.000 s
d1_batchlane             L=128 B=512   m=1     inner=416    min=     0.152 us/xform  median=     0.153  sd=  0.10%     29.46 GF/s  setup=0.000 s
d1_batchlane             L=128 B=512   m=1     inner=510    min=     0.153 us/xform  median=     0.153  sd=  0.04%     29.32 GF/s  setup=0.000 s
d1_batchlane             L=128 B=512   m=1     inner=259    min=     0.153 us/xform  median=     0.153  sd=  0.08%     29.30 GF/s  setup=0.000 s
d1_batchlane             L=128 B=512   m=1     inner=262    min=     0.151 us/xform  median=     0.152  sd=  0.07%     29.61 GF/s  setup=0.000 s
d1_bluestein             L=128 B=512   m=1     inner=296    min=     0.246 us/xform  median=     0.246  sd=  0.41%     18.20 GF/s  setup=0.001 s
d1_bluestein             L=128 B=512   m=1     inner=278    min=     0.295 us/xform  median=     0.300  sd=  0.65%     15.18 GF/s  setup=0.001 s
d1_bluestein             L=128 B=512   m=1     inner=206    min=     0.288 us/xform  median=     0.288  sd=  0.29%     15.55 GF/s  setup=0.001 s
d1_bluestein             L=128 B=512   m=1     inner=216    min=     0.306 us/xform  median=     0.311  sd=  0.45%     14.63 GF/s  setup=0.001 s
d1_bluestein             L=128 B=512   m=1     inner=254    min=     0.302 us/xform  median=     0.302  sd=  0.05%     14.85 GF/s  setup=0.001 s
d1_bluestein             L=128 B=512   m=1     inner=228    min=     0.279 us/xform  median=     0.339  sd=  8.54%     16.06 GF/s  setup=0.001 s
d1_bluestein             L=128 B=512   m=1     inner=190    min=     0.286 us/xform  median=     0.286  sd=  0.04%     15.66 GF/s  setup=0.001 s
d1_bluestein             L=128 B=512   m=1     inner=208    min=     0.308 us/xform  median=     0.309  sd=  0.10%     14.53 GF/s  setup=0.001 s
d1_bluestein             L=128 B=512   m=1     inner=190    min=     0.273 us/xform  median=     0.274  sd=  0.07%     16.39 GF/s  setup=0.001 s
d1_planner               L=128 B=512   m=1     inner=268    min=     0.250 us/xform  median=     0.272  sd=  2.62%     17.91 GF/s  setup=0.000 s
d1_planner               L=128 B=512   m=1     inner=262    min=     0.195 us/xform  median=     0.196  sd=  1.58%     22.94 GF/s  setup=0.000 s
d1_planner               L=128 B=512   m=1     inner=390    min=     0.194 us/xform  median=     0.194  sd=  0.05%     23.10 GF/s  setup=0.000 s
d1_planner               L=128 B=512   m=1     inner=402    min=     0.192 us/xform  median=     0.193  sd=  0.06%     23.27 GF/s  setup=0.000 s
d1_planner               L=128 B=512   m=1     inner=386    min=     0.197 us/xform  median=     0.197  sd=  0.05%     22.78 GF/s  setup=0.000 s
d1_planner               L=128 B=512   m=1     inner=316    min=     0.221 us/xform  median=     0.245  sd=  3.08%     20.23 GF/s  setup=0.000 s
d1_planner               L=128 B=512   m=1     inner=268    min=     0.194 us/xform  median=     0.195  sd=  0.93%     23.05 GF/s  setup=0.000 s
d1_planner               L=128 B=512   m=1     inner=198    min=     0.197 us/xform  median=     0.197  sd=  0.08%     22.77 GF/s  setup=0.000 s
d1_planner               L=128 B=512   m=1     inner=300    min=     0.237 us/xform  median=     0.260  sd=  2.68%     18.89 GF/s  setup=0.000 s
d1_pow2                  L=128 B=512   m=1     inner=392    min=     0.193 us/xform  median=     0.194  sd=  0.16%     23.15 GF/s  setup=0.000 s
d1_pow2                  L=128 B=512   m=1     inner=396    min=     0.183 us/xform  median=     0.196  sd=  2.90%     24.45 GF/s  setup=0.000 s
d1_pow2                  L=128 B=512   m=1     inner=346    min=     0.164 us/xform  median=     0.164  sd=  0.11%     27.33 GF/s  setup=0.001 s
d1_pow2                  L=128 B=512   m=1     inner=356    min=     0.188 us/xform  median=     0.193  sd=  0.82%     23.78 GF/s  setup=0.000 s
d1_pow2                  L=128 B=512   m=1     inner=201    min=     0.194 us/xform  median=     0.194  sd=  0.05%     23.08 GF/s  setup=0.000 s
d1_pow2                  L=128 B=512   m=1     inner=402    min=     0.192 us/xform  median=     0.193  sd=  0.14%     23.34 GF/s  setup=0.000 s
d1_pow2                  L=128 B=512   m=1     inner=372    min=     0.163 us/xform  median=     0.163  sd=  6.94%     27.54 GF/s  setup=0.000 s
d1_pow2                  L=128 B=512   m=1     inner=356    min=     0.188 us/xform  median=     0.190  sd=  0.41%     23.83 GF/s  setup=0.001 s
d1_pow2                  L=128 B=512   m=1     inner=332    min=     0.161 us/xform  median=     0.161  sd=  0.18%     27.83 GF/s  setup=0.000 s
d1_race                  L=128 B=512   m=1     inner=260    min=     0.153 us/xform  median=     0.153  sd=  0.04%     29.23 GF/s  setup=2.122 s
d1_race                  L=128 B=512   m=1     inner=237    min=     0.167 us/xform  median=     0.167  sd=  0.10%     26.81 GF/s  setup=0.009 s
d1_race                  L=128 B=512   m=1     inner=269    min=     0.148 us/xform  median=     0.149  sd=  0.16%     30.22 GF/s  setup=0.008 s
d1_race                  L=128 B=512   m=1     inner=498    min=     0.146 us/xform  median=     0.147  sd=  0.14%     30.63 GF/s  setup=0.008 s
d1_race                  L=128 B=512   m=1     inner=237    min=     0.166 us/xform  median=     0.166  sd=  0.18%     27.06 GF/s  setup=0.009 s
d1_race                  L=128 B=512   m=1     inner=267    min=     0.147 us/xform  median=     0.147  sd=  0.12%     30.48 GF/s  setup=0.008 s
d1_race                  L=128 B=512   m=1     inner=240    min=     0.165 us/xform  median=     0.165  sd=  0.19%     27.19 GF/s  setup=0.007 s
d1_race                  L=128 B=512   m=1     inner=520    min=     0.146 us/xform  median=     0.147  sd=  0.16%     30.66 GF/s  setup=0.007 s
d1_race                  L=128 B=512   m=1     inner=544    min=     0.144 us/xform  median=     0.146  sd=  0.44%     31.07 GF/s  setup=0.006 s
d1_twiddle               L=128 B=512   m=1     inner=249    min=     0.153 us/xform  median=     0.153  sd=  1.18%     29.22 GF/s  setup=0.000 s
d1_twiddle               L=128 B=512   m=1     inner=398    min=     0.166 us/xform  median=     0.166  sd=  0.09%     26.99 GF/s  setup=0.000 s
d1_twiddle               L=128 B=512   m=1     inner=394    min=     0.165 us/xform  median=     0.165  sd=  0.09%     27.23 GF/s  setup=0.000 s
d1_twiddle               L=128 B=512   m=1     inner=396    min=     0.177 us/xform  median=     0.178  sd=  0.08%     25.26 GF/s  setup=0.000 s
d1_twiddle               L=128 B=512   m=1     inner=404    min=     0.150 us/xform  median=     0.151  sd=  0.07%     29.77 GF/s  setup=0.000 s
d1_twiddle               L=128 B=512   m=1     inner=322    min=     0.190 us/xform  median=     0.192  sd=  0.32%     23.54 GF/s  setup=0.000 s
d1_twiddle               L=128 B=512   m=1     inner=354    min=     0.178 us/xform  median=     0.178  sd=  0.06%     25.21 GF/s  setup=0.000 s
d1_twiddle               L=128 B=512   m=1     inner=408    min=     0.154 us/xform  median=     0.155  sd=  0.20%     29.07 GF/s  setup=0.000 s
d1_twiddle               L=128 B=512   m=1     inner=402    min=     0.165 us/xform  median=     0.165  sd=  0.03%     27.13 GF/s  setup=0.000 s
fftw1d_custom            L=128 B=512   m=1     inner=88     min=     0.875 us/xform  median=     0.875  sd=  0.04%      5.12 GF/s  setup=0.000 s
fftw1d_custom            L=128 B=512   m=1     inner=88     min=     0.873 us/xform  median=     0.875  sd=  0.04%      5.13 GF/s  setup=0.000 s
fftw1d_custom            L=128 B=512   m=1     inner=88     min=     0.767 us/xform  median=     0.872  sd=  7.28%      5.84 GF/s  setup=0.000 s
fftw1d_custom            L=128 B=512   m=1     inner=74     min=     0.721 us/xform  median=     0.722  sd=  0.05%      6.21 GF/s  setup=0.000 s
fftw1d_custom            L=128 B=512   m=1     inner=106    min=     0.721 us/xform  median=     0.722  sd=  0.06%      6.22 GF/s  setup=0.000 s
fftw1d_custom            L=128 B=512   m=1     inner=72     min=     0.909 us/xform  median=     0.912  sd=  0.12%      4.93 GF/s  setup=0.000 s
fftw1d_custom            L=128 B=512   m=1     inner=70     min=     0.723 us/xform  median=     0.724  sd=  0.43%      6.20 GF/s  setup=0.000 s
fftw1d_custom            L=128 B=512   m=1     inner=54     min=     0.721 us/xform  median=     0.722  sd=  0.05%      6.21 GF/s  setup=0.000 s
fftw1d_custom            L=128 B=512   m=1     inner=106    min=     0.726 us/xform  median=     0.727  sd=  0.05%      6.17 GF/s  setup=0.000 s
fftw1d_custom_soa        L=128 B=512   m=1     inner=146    min=     0.499 us/xform  median=     0.499  sd=  0.28%      8.98 GF/s  setup=0.000 s
fftw1d_custom_soa        L=128 B=512   m=1     inner=156    min=     0.500 us/xform  median=     0.500  sd=  0.02%      8.95 GF/s  setup=0.000 s
fftw1d_custom_soa        L=128 B=512   m=1     inner=152    min=     0.500 us/xform  median=     0.500  sd=  0.02%      8.96 GF/s  setup=0.000 s
fftw1d_custom_soa        L=128 B=512   m=1     inner=116    min=     0.559 us/xform  median=     0.559  sd=  0.02%      8.02 GF/s  setup=0.000 s
fftw1d_custom_soa        L=128 B=512   m=1     inner=122    min=     0.499 us/xform  median=     0.499  sd=  0.02%      8.97 GF/s  setup=0.000 s
fftw1d_custom_soa        L=128 B=512   m=1     inner=116    min=     0.561 us/xform  median=     0.561  sd=  0.01%      7.98 GF/s  setup=0.000 s
fftw1d_custom_soa        L=128 B=512   m=1     inner=112    min=     0.548 us/xform  median=     0.548  sd=  0.02%      8.18 GF/s  setup=0.000 s
fftw1d_custom_soa        L=128 B=512   m=1     inner=116    min=     0.557 us/xform  median=     0.557  sd=  0.02%      8.05 GF/s  setup=0.000 s
fftw1d_custom_soa        L=128 B=512   m=1     inner=114    min=     0.540 us/xform  median=     0.540  sd=  0.02%      8.29 GF/s  setup=0.000 s
fftw1d_estimate          L=128 B=512   m=1     inner=150    min=     0.530 us/xform  median=     0.671  sd=  9.07%      8.45 GF/s  setup=0.001 s
fftw1d_estimate          L=128 B=512   m=1     inner=116    min=     0.654 us/xform  median=     0.656  sd=  0.73%      6.85 GF/s  setup=0.001 s
fftw1d_estimate          L=128 B=512   m=1     inner=116    min=     0.455 us/xform  median=     0.645  sd= 16.41%      9.84 GF/s  setup=0.001 s
fftw1d_estimate          L=128 B=512   m=1     inner=164    min=     0.455 us/xform  median=     0.456  sd=  0.08%      9.84 GF/s  setup=0.000 s
fftw1d_estimate          L=128 B=512   m=1     inner=160    min=     0.455 us/xform  median=     0.456  sd=  0.07%      9.85 GF/s  setup=0.000 s
fftw1d_estimate          L=128 B=512   m=1     inner=118    min=     0.528 us/xform  median=     0.645  sd=  6.66%      8.48 GF/s  setup=0.001 s
fftw1d_estimate          L=128 B=512   m=1     inner=94     min=     0.483 us/xform  median=     0.483  sd=  3.88%      9.28 GF/s  setup=0.001 s
fftw1d_estimate          L=128 B=512   m=1     inner=114    min=     0.563 us/xform  median=     0.673  sd=  5.59%      7.96 GF/s  setup=0.001 s
fftw1d_estimate          L=128 B=512   m=1     inner=100    min=     0.456 us/xform  median=     0.457  sd=  3.62%      9.82 GF/s  setup=0.001 s
fftw1d_measure           L=128 B=512   m=1     inner=358    min=     0.206 us/xform  median=     0.206  sd=  0.33%     21.80 GF/s  setup=0.048 s
fftw1d_measure           L=128 B=512   m=1     inner=180    min=     0.224 us/xform  median=     0.226  sd=  0.27%     20.03 GF/s  setup=0.050 s
fftw1d_measure           L=128 B=512   m=1     inner=280    min=     0.227 us/xform  median=     0.228  sd=  0.18%     19.72 GF/s  setup=0.048 s
fftw1d_measure           L=128 B=512   m=1     inner=266    min=     0.228 us/xform  median=     0.229  sd=  0.04%     19.61 GF/s  setup=0.049 s
fftw1d_measure           L=128 B=512   m=1     inner=398    min=     0.190 us/xform  median=     0.190  sd=  0.03%     23.56 GF/s  setup=0.051 s
fftw1d_measure           L=128 B=512   m=1     inner=324    min=     0.221 us/xform  median=     0.221  sd=  0.07%     20.30 GF/s  setup=0.050 s
fftw1d_measure           L=128 B=512   m=1     inner=404    min=     0.193 us/xform  median=     0.193  sd=  0.01%     23.23 GF/s  setup=0.050 s
fftw1d_measure           L=128 B=512   m=1     inner=179    min=     0.226 us/xform  median=     0.226  sd=  0.09%     19.83 GF/s  setup=0.050 s
fftw1d_measure           L=128 B=512   m=1     inner=290    min=     0.230 us/xform  median=     0.230  sd=  0.05%     19.47 GF/s  setup=0.049 s
fftw1d_patient           L=128 B=512   m=1     inner=210    min=     0.186 us/xform  median=     0.186  sd=  0.08%     24.10 GF/s  setup=0.703 s
fftw1d_patient           L=128 B=512   m=1     inner=208    min=     0.246 us/xform  median=     0.246  sd=  1.91%     18.22 GF/s  setup=0.891 s
fftw1d_patient           L=128 B=512   m=1     inner=404    min=     0.186 us/xform  median=     0.186  sd=  0.02%     24.14 GF/s  setup=0.761 s
fftw1d_patient           L=128 B=512   m=1     inner=232    min=     0.234 us/xform  median=     0.234  sd=  2.14%     19.16 GF/s  setup=0.871 s
fftw1d_patient           L=128 B=512   m=1     inner=200    min=     0.214 us/xform  median=     0.214  sd=  7.14%     20.93 GF/s  setup=0.897 s
fftw1d_patient           L=128 B=512   m=1     inner=244    min=     0.220 us/xform  median=     0.234  sd=  3.41%     20.33 GF/s  setup=0.872 s
fftw1d_patient           L=128 B=512   m=1     inner=218    min=     0.216 us/xform  median=     0.216  sd=  5.42%     20.77 GF/s  setup=0.856 s
fftw1d_patient           L=128 B=512   m=1     inner=420    min=     0.186 us/xform  median=     0.186  sd=  0.03%     24.13 GF/s  setup=0.710 s
fftw1d_patient           L=128 B=512   m=1     inner=210    min=     0.244 us/xform  median=     0.244  sd=  2.47%     18.35 GF/s  setup=0.885 s
mkl1d_dfti               L=128 B=512   m=1     inner=476    min=     0.158 us/xform  median=     0.158  sd=  0.12%     28.41 GF/s  setup=0.001 s
mkl1d_dfti               L=128 B=512   m=1     inner=480    min=     0.161 us/xform  median=     0.162  sd=  0.07%     27.74 GF/s  setup=0.001 s
mkl1d_dfti               L=128 B=512   m=1     inner=480    min=     0.159 us/xform  median=     0.159  sd=  0.07%     28.13 GF/s  setup=0.001 s
mkl1d_dfti               L=128 B=512   m=1     inner=420    min=     0.160 us/xform  median=     0.160  sd=  0.08%     28.05 GF/s  setup=0.002 s
mkl1d_dfti               L=128 B=512   m=1     inner=488    min=     0.159 us/xform  median=     0.159  sd=  0.11%     28.21 GF/s  setup=0.002 s
mkl1d_dfti               L=128 B=512   m=1     inner=414    min=     0.160 us/xform  median=     0.160  sd=  0.08%     28.08 GF/s  setup=0.001 s
mkl1d_dfti               L=128 B=512   m=1     inner=472    min=     0.160 us/xform  median=     0.161  sd=  0.09%     27.92 GF/s  setup=0.001 s
mkl1d_dfti               L=128 B=512   m=1     inner=486    min=     0.160 us/xform  median=     0.160  sd=  0.06%     27.97 GF/s  setup=0.001 s
mkl1d_dfti               L=128 B=512   m=1     inner=420    min=     0.160 us/xform  median=     0.160  sd=  0.08%     28.04 GF/s  setup=0.002 s
baseline_dft             L=64  B=512   m=1     inner=8      min=     8.485 us/xform  median=     8.487  sd=  0.01%      0.23 GF/s  setup=0.000 s
baseline_dft             L=64  B=512   m=1     inner=8      min=     8.485 us/xform  median=     8.486  sd=  0.01%      0.23 GF/s  setup=0.000 s
baseline_dft             L=64  B=512   m=1     inner=8      min=     8.486 us/xform  median=     8.488  sd=  0.02%      0.23 GF/s  setup=0.000 s
baseline_dft             L=64  B=512   m=1     inner=8      min=     7.029 us/xform  median=     7.030  sd=  0.01%      0.27 GF/s  setup=0.000 s
baseline_dft             L=64  B=512   m=1     inner=8      min=     8.484 us/xform  median=     8.486  sd=  0.01%      0.23 GF/s  setup=0.000 s
baseline_dft             L=64  B=512   m=1     inner=8      min=     7.029 us/xform  median=     7.030  sd=  6.41%      0.27 GF/s  setup=0.000 s
baseline_dft             L=64  B=512   m=1     inner=8      min=     8.486 us/xform  median=     8.487  sd=  0.01%      0.23 GF/s  setup=0.000 s
baseline_dft             L=64  B=512   m=1     inner=8      min=     7.029 us/xform  median=     7.029  sd=  0.01%      0.27 GF/s  setup=0.000 s
baseline_dft             L=64  B=512   m=1     inner=10     min=     7.029 us/xform  median=     7.029  sd=  0.00%      0.27 GF/s  setup=0.000 s
d1_batchlane             L=64  B=512   m=1     inner=993    min=     0.037 us/xform  median=     0.038  sd=  2.62%     51.26 GF/s  setup=0.000 s
d1_batchlane             L=64  B=512   m=1     inner=1412   min=     0.043 us/xform  median=     0.048  sd=  3.36%     44.17 GF/s  setup=0.000 s
d1_batchlane             L=64  B=512   m=1     inner=1214   min=     0.038 us/xform  median=     0.038  sd=  2.10%     50.61 GF/s  setup=0.000 s
d1_batchlane             L=64  B=512   m=1     inner=1336   min=     0.039 us/xform  median=     0.039  sd=  0.09%     49.53 GF/s  setup=0.000 s
d1_batchlane             L=64  B=512   m=1     inner=1332   min=     0.044 us/xform  median=     0.050  sd=  4.86%     43.48 GF/s  setup=0.000 s
d1_batchlane             L=64  B=512   m=1     inner=1320   min=     0.038 us/xform  median=     0.038  sd=  1.35%     50.87 GF/s  setup=0.000 s
d1_batchlane             L=64  B=512   m=1     inner=1346   min=     0.045 us/xform  median=     0.052  sd=  5.29%     43.00 GF/s  setup=0.000 s
d1_batchlane             L=64  B=512   m=1     inner=1250   min=     0.038 us/xform  median=     0.038  sd=  1.94%     50.40 GF/s  setup=0.000 s
d1_batchlane             L=64  B=512   m=1     inner=1432   min=     0.043 us/xform  median=     0.046  sd=  2.55%     44.71 GF/s  setup=0.000 s
d1_bluestein             L=64  B=512   m=1     inner=286    min=     0.138 us/xform  median=     0.142  sd=  1.03%     13.92 GF/s  setup=0.001 s
d1_bluestein             L=64  B=512   m=1     inner=450    min=     0.138 us/xform  median=     0.138  sd=  0.10%     13.94 GF/s  setup=0.001 s
d1_bluestein             L=64  B=512   m=1     inner=568    min=     0.137 us/xform  median=     0.137  sd=  0.07%     14.04 GF/s  setup=0.001 s
d1_bluestein             L=64  B=512   m=1     inner=424    min=     0.140 us/xform  median=     0.141  sd=  0.08%     13.69 GF/s  setup=0.001 s
d1_bluestein             L=64  B=512   m=1     inner=440    min=     0.121 us/xform  median=     0.122  sd=  0.30%     15.84 GF/s  setup=0.001 s
d1_bluestein             L=64  B=512   m=1     inner=376    min=     0.160 us/xform  median=     0.167  sd=  1.61%     12.00 GF/s  setup=0.001 s
d1_bluestein             L=64  B=512   m=1     inner=448    min=     0.119 us/xform  median=     0.139  sd=  6.39%     16.07 GF/s  setup=0.001 s
d1_bluestein             L=64  B=512   m=1     inner=646    min=     0.119 us/xform  median=     0.119  sd=  0.10%     16.12 GF/s  setup=0.000 s
d1_bluestein             L=64  B=512   m=1     inner=430    min=     0.144 us/xform  median=     0.146  sd=  0.67%     13.37 GF/s  setup=0.001 s
d1_planner               L=64  B=512   m=1     inner=1632   min=     0.050 us/xform  median=     0.050  sd=  0.10%     38.71 GF/s  setup=0.000 s
d1_planner               L=64  B=512   m=1     inner=1252   min=     0.048 us/xform  median=     0.048  sd=  0.08%     40.09 GF/s  setup=0.000 s
d1_planner               L=64  B=512   m=1     inner=1152   min=     0.052 us/xform  median=     0.052  sd=  0.08%     36.75 GF/s  setup=0.000 s
d1_planner               L=64  B=512   m=1     inner=771    min=     0.050 us/xform  median=     0.050  sd=  0.08%     38.09 GF/s  setup=0.000 s
d1_planner               L=64  B=512   m=1     inner=1262   min=     0.052 us/xform  median=     0.052  sd=  0.05%     36.61 GF/s  setup=0.000 s
d1_planner               L=64  B=512   m=1     inner=1268   min=     0.052 us/xform  median=     0.052  sd=  0.04%     36.95 GF/s  setup=0.000 s
d1_planner               L=64  B=512   m=1     inner=1208   min=     0.038 us/xform  median=     0.038  sd=  1.69%     50.33 GF/s  setup=0.000 s
d1_planner               L=64  B=512   m=1     inner=1978   min=     0.038 us/xform  median=     0.038  sd=  0.05%     50.78 GF/s  setup=0.000 s
d1_planner               L=64  B=512   m=1     inner=1390   min=     0.044 us/xform  median=     0.050  sd=  4.87%     43.70 GF/s  setup=0.000 s
d1_pow2                  L=64  B=512   m=1     inner=1694   min=     0.043 us/xform  median=     0.043  sd=  0.15%     44.61 GF/s  setup=0.001 s
d1_pow2                  L=64  B=512   m=1     inner=1154   min=     0.047 us/xform  median=     0.048  sd=  0.14%     40.46 GF/s  setup=0.001 s
d1_pow2                  L=64  B=512   m=1     inner=1204   min=     0.051 us/xform  median=     0.051  sd=  0.08%     37.42 GF/s  setup=0.001 s
d1_pow2                  L=64  B=512   m=1     inner=1148   min=     0.052 us/xform  median=     0.052  sd=  0.14%     36.78 GF/s  setup=0.001 s
d1_pow2                  L=64  B=512   m=1     inner=1300   min=     0.047 us/xform  median=     0.049  sd=  1.93%     40.46 GF/s  setup=0.001 s
d1_pow2                  L=64  B=512   m=1     inner=1258   min=     0.053 us/xform  median=     0.053  sd=  0.32%     36.53 GF/s  setup=0.001 s
d1_pow2                  L=64  B=512   m=1     inner=1486   min=     0.052 us/xform  median=     0.052  sd=  0.13%     37.23 GF/s  setup=0.000 s
d1_pow2                  L=64  B=512   m=1     inner=1590   min=     0.049 us/xform  median=     0.049  sd=  0.05%     39.52 GF/s  setup=0.000 s
d1_pow2                  L=64  B=512   m=1     inner=1126   min=     0.047 us/xform  median=     0.047  sd=  0.08%     40.83 GF/s  setup=0.001 s
d1_race                  L=64  B=512   m=1     inner=1566   min=     0.048 us/xform  median=     0.048  sd=  0.10%     39.92 GF/s  setup=0.012 s
d1_race                  L=64  B=512   m=1     inner=1462   min=     0.052 us/xform  median=     0.052  sd=  0.05%     37.22 GF/s  setup=0.015 s
d1_race                  L=64  B=512   m=1     inner=1486   min=     0.051 us/xform  median=     0.051  sd=  0.10%     37.78 GF/s  setup=0.015 s
d1_race                  L=64  B=512   m=1     inner=1520   min=     0.038 us/xform  median=     0.050  sd= 12.65%     49.92 GF/s  setup=0.013 s
d1_race                  L=64  B=512   m=1     inner=2082   min=     0.037 us/xform  median=     0.037  sd=  0.05%     51.60 GF/s  setup=0.008 s
d1_race                  L=64  B=512   m=1     inner=2024   min=     0.037 us/xform  median=     0.037  sd=  0.07%     51.79 GF/s  setup=0.007 s
d1_race                  L=64  B=512   m=1     inner=1988   min=     0.038 us/xform  median=     0.038  sd=  0.09%     50.59 GF/s  setup=0.007 s
d1_race                  L=64  B=512   m=1     inner=2028   min=     0.037 us/xform  median=     0.037  sd=  0.05%     51.66 GF/s  setup=0.006 s
d1_race                  L=64  B=512   m=1     inner=1998   min=     0.038 us/xform  median=     0.038  sd=  0.07%     51.06 GF/s  setup=0.006 s
d1_twiddle               L=64  B=512   m=1     inner=902    min=     0.042 us/xform  median=     0.042  sd=  0.84%     45.51 GF/s  setup=0.000 s
d1_twiddle               L=64  B=512   m=1     inner=1222   min=     0.046 us/xform  median=     0.051  sd=  2.38%     41.34 GF/s  setup=0.001 s
d1_twiddle               L=64  B=512   m=1     inner=1256   min=     0.048 us/xform  median=     0.048  sd=  0.16%     40.39 GF/s  setup=0.001 s
d1_twiddle               L=64  B=512   m=1     inner=1466   min=     0.042 us/xform  median=     0.042  sd=  0.04%     45.71 GF/s  setup=0.000 s
d1_twiddle               L=64  B=512   m=1     inner=1330   min=     0.046 us/xform  median=     0.046  sd=  0.09%     41.76 GF/s  setup=0.001 s
d1_twiddle               L=64  B=512   m=1     inner=1406   min=     0.045 us/xform  median=     0.045  sd=  0.09%     43.13 GF/s  setup=0.000 s
d1_twiddle               L=64  B=512   m=1     inner=1148   min=     0.039 us/xform  median=     0.039  sd=  1.90%     49.83 GF/s  setup=0.001 s
d1_twiddle               L=64  B=512   m=1     inner=1440   min=     0.043 us/xform  median=     0.045  sd=  2.20%     44.58 GF/s  setup=0.000 s
d1_twiddle               L=64  B=512   m=1     inner=1214   min=     0.038 us/xform  median=     0.038  sd=  1.62%     50.32 GF/s  setup=0.001 s
fftw1d_custom            L=64  B=512   m=1     inner=248    min=     0.331 us/xform  median=     0.339  sd=  0.92%      5.81 GF/s  setup=0.000 s
fftw1d_custom            L=64  B=512   m=1     inner=194    min=     0.258 us/xform  median=     0.259  sd=  0.86%      7.43 GF/s  setup=0.000 s
fftw1d_custom            L=64  B=512   m=1     inner=150    min=     0.260 us/xform  median=     0.260  sd=  0.05%      7.38 GF/s  setup=0.000 s
fftw1d_custom            L=64  B=512   m=1     inner=206    min=     0.316 us/xform  median=     0.316  sd=  0.06%      6.09 GF/s  setup=0.000 s
fftw1d_custom            L=64  B=512   m=1     inner=242    min=     0.317 us/xform  median=     0.317  sd=  0.03%      6.06 GF/s  setup=0.000 s
fftw1d_custom            L=64  B=512   m=1     inner=240    min=     0.321 us/xform  median=     0.321  sd=  0.02%      5.98 GF/s  setup=0.000 s
fftw1d_custom            L=64  B=512   m=1     inner=206    min=     0.257 us/xform  median=     0.257  sd=  0.04%      7.46 GF/s  setup=0.000 s
fftw1d_custom            L=64  B=512   m=1     inner=150    min=     0.260 us/xform  median=     0.260  sd=  0.06%      7.39 GF/s  setup=0.000 s
fftw1d_custom            L=64  B=512   m=1     inner=208    min=     0.320 us/xform  median=     0.367  sd=  5.19%      6.00 GF/s  setup=0.000 s
fftw1d_custom_soa        L=64  B=512   m=1     inner=326    min=     0.213 us/xform  median=     0.213  sd=  0.91%      9.02 GF/s  setup=0.000 s
fftw1d_custom_soa        L=64  B=512   m=1     inner=368    min=     0.212 us/xform  median=     0.212  sd=  0.16%      9.07 GF/s  setup=0.000 s
fftw1d_custom_soa        L=64  B=512   m=1     inner=356    min=     0.212 us/xform  median=     0.212  sd=  0.10%      9.04 GF/s  setup=0.000 s
fftw1d_custom_soa        L=64  B=512   m=1     inner=360    min=     0.215 us/xform  median=     0.215  sd=  0.03%      8.94 GF/s  setup=0.000 s
fftw1d_custom_soa        L=64  B=512   m=1     inner=362    min=     0.213 us/xform  median=     0.213  sd=  0.02%      9.02 GF/s  setup=0.000 s
fftw1d_custom_soa        L=64  B=512   m=1     inner=262    min=     0.241 us/xform  median=     0.242  sd=  0.21%      7.95 GF/s  setup=0.000 s
fftw1d_custom_soa        L=64  B=512   m=1     inner=266    min=     0.213 us/xform  median=     0.213  sd=  0.07%      9.03 GF/s  setup=0.000 s
fftw1d_custom_soa        L=64  B=512   m=1     inner=366    min=     0.213 us/xform  median=     0.213  sd=  0.01%      9.02 GF/s  setup=0.000 s
fftw1d_custom_soa        L=64  B=512   m=1     inner=262    min=     0.242 us/xform  median=     0.242  sd=  0.03%      7.94 GF/s  setup=0.000 s
fftw1d_estimate          L=64  B=512   m=1     inner=400    min=     0.219 us/xform  median=     0.223  sd=  0.85%      8.78 GF/s  setup=0.001 s
fftw1d_estimate          L=64  B=512   m=1     inner=274    min=     0.222 us/xform  median=     0.222  sd=  0.11%      8.67 GF/s  setup=0.001 s
fftw1d_estimate          L=64  B=512   m=1     inner=262    min=     0.224 us/xform  median=     0.224  sd=  0.16%      8.58 GF/s  setup=0.001 s
fftw1d_estimate          L=64  B=512   m=1     inner=278    min=     0.223 us/xform  median=     0.224  sd=  0.12%      8.59 GF/s  setup=0.001 s
fftw1d_estimate          L=64  B=512   m=1     inner=276    min=     0.193 us/xform  median=     0.193  sd=  0.37%      9.96 GF/s  setup=0.001 s
fftw1d_estimate          L=64  B=512   m=1     inner=266    min=     0.225 us/xform  median=     0.236  sd=  1.64%      8.53 GF/s  setup=0.001 s
fftw1d_estimate          L=64  B=512   m=1     inner=276    min=     0.225 us/xform  median=     0.225  sd=  0.06%      8.53 GF/s  setup=0.001 s
fftw1d_estimate          L=64  B=512   m=1     inner=270    min=     0.229 us/xform  median=     0.229  sd=  0.11%      8.38 GF/s  setup=0.001 s
fftw1d_estimate          L=64  B=512   m=1     inner=348    min=     0.223 us/xform  median=     0.223  sd=  0.05%      8.61 GF/s  setup=0.001 s
fftw1d_measure           L=64  B=512   m=1     inner=916    min=     0.085 us/xform  median=     0.086  sd=  0.32%     22.47 GF/s  setup=0.028 s
fftw1d_measure           L=64  B=512   m=1     inner=828    min=     0.087 us/xform  median=     0.087  sd=  0.06%     21.98 GF/s  setup=0.029 s
fftw1d_measure           L=64  B=512   m=1     inner=884    min=     0.087 us/xform  median=     0.093  sd=  3.05%     22.19 GF/s  setup=0.029 s
fftw1d_measure           L=64  B=512   m=1     inner=896    min=     0.087 us/xform  median=     0.087  sd=  0.07%     22.16 GF/s  setup=0.029 s
fftw1d_measure           L=64  B=512   m=1     inner=454    min=     0.086 us/xform  median=     0.086  sd=  0.09%     22.29 GF/s  setup=0.030 s
fftw1d_measure           L=64  B=512   m=1     inner=388    min=     0.100 us/xform  median=     0.101  sd=  0.12%     19.12 GF/s  setup=0.029 s
fftw1d_measure           L=64  B=512   m=1     inner=944    min=     0.076 us/xform  median=     0.085  sd=  4.31%     25.16 GF/s  setup=0.027 s
fftw1d_measure           L=64  B=512   m=1     inner=884    min=     0.086 us/xform  median=     0.086  sd=  0.04%     22.29 GF/s  setup=0.030 s
fftw1d_measure           L=64  B=512   m=1     inner=826    min=     0.087 us/xform  median=     0.087  sd=  0.06%     22.19 GF/s  setup=0.028 s
fftw1d_patient           L=64  B=512   m=1     inner=878    min=     0.077 us/xform  median=     0.077  sd=  0.11%     24.85 GF/s  setup=0.262 s
fftw1d_patient           L=64  B=512   m=1     inner=942    min=     0.081 us/xform  median=     0.081  sd=  0.05%     23.60 GF/s  setup=0.249 s
fftw1d_patient           L=64  B=512   m=1     inner=828    min=     0.087 us/xform  median=     0.088  sd=  0.11%     21.98 GF/s  setup=0.242 s
fftw1d_patient           L=64  B=512   m=1     inner=1054   min=     0.068 us/xform  median=     0.068  sd=  0.06%     28.29 GF/s  setup=0.219 s
fftw1d_patient           L=64  B=512   m=1     inner=946    min=     0.081 us/xform  median=     0.081  sd=  0.12%     23.77 GF/s  setup=0.242 s
fftw1d_patient           L=64  B=512   m=1     inner=902    min=     0.077 us/xform  median=     0.077  sd=  0.09%     25.03 GF/s  setup=0.255 s
fftw1d_patient           L=64  B=512   m=1     inner=974    min=     0.078 us/xform  median=     0.078  sd=  0.10%     24.62 GF/s  setup=0.252 s
fftw1d_patient           L=64  B=512   m=1     inner=940    min=     0.074 us/xform  median=     0.074  sd=  0.10%     25.97 GF/s  setup=0.248 s
fftw1d_patient           L=64  B=512   m=1     inner=960    min=     0.073 us/xform  median=     0.073  sd=  0.07%     26.34 GF/s  setup=0.248 s
mkl1d_dfti               L=64  B=512   m=1     inner=1622   min=     0.046 us/xform  median=     0.048  sd=  1.41%     41.81 GF/s  setup=0.002 s
mkl1d_dfti               L=64  B=512   m=1     inner=1086   min=     0.055 us/xform  median=     0.055  sd=  0.05%     34.86 GF/s  setup=0.002 s
mkl1d_dfti               L=64  B=512   m=1     inner=1410   min=     0.054 us/xform  median=     0.054  sd=  0.04%     35.88 GF/s  setup=0.002 s
mkl1d_dfti               L=64  B=512   m=1     inner=1348   min=     0.040 us/xform  median=     0.057  sd= 15.29%     47.45 GF/s  setup=0.002 s
mkl1d_dfti               L=64  B=512   m=1     inner=1438   min=     0.043 us/xform  median=     0.045  sd=  1.88%     44.72 GF/s  setup=0.001 s
mkl1d_dfti               L=64  B=512   m=1     inner=1384   min=     0.038 us/xform  median=     0.038  sd=  1.05%     50.68 GF/s  setup=0.002 s
mkl1d_dfti               L=64  B=512   m=1     inner=1912   min=     0.041 us/xform  median=     0.041  sd=  0.05%     47.23 GF/s  setup=0.001 s
mkl1d_dfti               L=64  B=512   m=1     inner=1522   min=     0.042 us/xform  median=     0.044  sd=  1.33%     45.29 GF/s  setup=0.002 s
mkl1d_dfti               L=64  B=512   m=1     inner=1168   min=     0.040 us/xform  median=     0.040  sd=  2.79%     48.29 GF/s  setup=0.002 s
baseline_dft             L=1024 B=1     m=1     inner=20     min=  1817.514 us/xform  median=  1818.897  sd=  0.24%      0.03 GF/s  setup=0.030 s
baseline_dft             L=1024 B=1     m=1     inner=18     min=  2219.084 us/xform  median=  2242.854  sd=  0.33%      0.02 GF/s  setup=0.037 s
baseline_dft             L=1024 B=1     m=1     inner=20     min=  1817.505 us/xform  median=  1819.009  sd=  0.09%      0.03 GF/s  setup=0.037 s
baseline_dft             L=1024 B=1     m=1     inner=20     min=  1817.360 us/xform  median=  1819.246  sd=  0.07%      0.03 GF/s  setup=0.027 s
baseline_dft             L=1024 B=1     m=1     inner=18     min=  2216.721 us/xform  median=  2243.736  sd=  0.38%      0.02 GF/s  setup=0.037 s
baseline_dft             L=1024 B=1     m=1     inner=20     min=  1821.414 us/xform  median=  1823.356  sd=  0.13%      0.03 GF/s  setup=0.039 s
baseline_dft             L=1024 B=1     m=1     inner=18     min=  2209.866 us/xform  median=  2242.986  sd=  0.57%      0.02 GF/s  setup=0.037 s
baseline_dft             L=1024 B=1     m=1     inner=12     min=  1821.689 us/xform  median=  1823.955  sd=  0.23%      0.03 GF/s  setup=0.036 s
baseline_dft             L=1024 B=1     m=1     inner=18     min=  2229.092 us/xform  median=  2241.525  sd=  0.19%      0.02 GF/s  setup=0.036 s
d1_bluestein             L=1024 B=1     m=1     inner=9017   min=     2.197 us/xform  median=     2.199  sd=  0.07%     23.31 GF/s  setup=0.001 s
d1_bluestein             L=1024 B=1     m=1     inner=12808  min=     1.856 us/xform  median=     1.857  sd=  0.04%     27.59 GF/s  setup=0.001 s
d1_bluestein             L=1024 B=1     m=1     inner=12102  min=     2.121 us/xform  median=     2.122  sd=  0.02%     24.14 GF/s  setup=0.001 s
d1_bluestein             L=1024 B=1     m=1     inner=12438  min=     1.885 us/xform  median=     1.885  sd=  0.03%     27.17 GF/s  setup=0.001 s
d1_bluestein             L=1024 B=1     m=1     inner=20978  min=     1.899 us/xform  median=     1.899  sd=  0.02%     26.96 GF/s  setup=0.001 s
d1_bluestein             L=1024 B=1     m=1     inner=16316  min=     2.200 us/xform  median=     2.206  sd=  0.17%     23.28 GF/s  setup=0.001 s
d1_bluestein             L=1024 B=1     m=1     inner=13206  min=     1.863 us/xform  median=     1.864  sd=  0.05%     27.48 GF/s  setup=0.001 s
d1_bluestein             L=1024 B=1     m=1     inner=20232  min=     1.945 us/xform  median=     1.946  sd=  0.04%     26.33 GF/s  setup=0.001 s
d1_bluestein             L=1024 B=1     m=1     inner=10583  min=     1.887 us/xform  median=     1.888  sd=  0.04%     27.13 GF/s  setup=0.001 s
d1_planner               L=1024 B=1     m=1     inner=15496  min=     1.865 us/xform  median=     1.868  sd=  0.08%     27.45 GF/s  setup=0.001 s
d1_planner               L=1024 B=1     m=1     inner=15618  min=     1.914 us/xform  median=     1.916  sd=  0.07%     26.74 GF/s  setup=0.001 s
d1_planner               L=1024 B=1     m=1     inner=14276  min=     1.971 us/xform  median=     1.972  sd=  0.02%     25.97 GF/s  setup=0.001 s
d1_planner               L=1024 B=1     m=1     inner=15654  min=     1.945 us/xform  median=     1.948  sd=  0.05%     26.32 GF/s  setup=0.001 s
d1_planner               L=1024 B=1     m=1     inner=14370  min=     1.829 us/xform  median=     1.832  sd=  0.12%     27.99 GF/s  setup=0.001 s
d1_planner               L=1024 B=1     m=1     inner=14666  min=     1.899 us/xform  median=     1.900  sd=  0.08%     26.96 GF/s  setup=0.001 s
d1_planner               L=1024 B=1     m=1     inner=17914  min=     1.942 us/xform  median=     1.945  sd=  0.06%     26.37 GF/s  setup=0.001 s
d1_planner               L=1024 B=1     m=1     inner=19674  min=     1.832 us/xform  median=     1.840  sd=  0.15%     27.95 GF/s  setup=0.001 s
d1_planner               L=1024 B=1     m=1     inner=20148  min=     1.609 us/xform  median=     1.830  sd=  4.78%     31.83 GF/s  setup=0.001 s
d1_pow2                  L=1024 B=1     m=1     inner=15643  min=     1.220 us/xform  median=     1.222  sd=  2.55%     41.96 GF/s  setup=0.001 s
d1_pow2                  L=1024 B=1     m=1     inner=32882  min=     1.213 us/xform  median=     1.213  sd=  0.17%     42.22 GF/s  setup=0.000 s
d1_pow2                  L=1024 B=1     m=1     inner=19540  min=     1.371 us/xform  median=     1.373  sd=  0.06%     37.33 GF/s  setup=0.001 s
d1_pow2                  L=1024 B=1     m=1     inner=19800  min=     1.213 us/xform  median=     1.214  sd=  0.03%     42.21 GF/s  setup=0.001 s
d1_pow2                  L=1024 B=1     m=1     inner=17572  min=     1.386 us/xform  median=     1.387  sd=  0.04%     36.94 GF/s  setup=0.001 s
d1_pow2                  L=1024 B=1     m=1     inner=18182  min=     1.381 us/xform  median=     1.382  sd=  0.05%     37.07 GF/s  setup=0.001 s
d1_pow2                  L=1024 B=1     m=1     inner=18742  min=     1.234 us/xform  median=     1.235  sd=  0.05%     41.49 GF/s  setup=0.001 s
d1_pow2                  L=1024 B=1     m=1     inner=19156  min=     1.380 us/xform  median=     1.381  sd=  0.05%     37.11 GF/s  setup=0.000 s
d1_pow2                  L=1024 B=1     m=1     inner=19012  min=     1.407 us/xform  median=     1.408  sd=  0.05%     36.39 GF/s  setup=0.001 s
d1_race                  L=1024 B=1     m=1     inner=30518  min=     1.299 us/xform  median=     1.300  sd=  0.03%     39.41 GF/s  setup=0.016 s
d1_race                  L=1024 B=1     m=1     inner=27220  min=     1.286 us/xform  median=     1.286  sd=  0.03%     39.82 GF/s  setup=0.018 s
d1_race                  L=1024 B=1     m=1     inner=28538  min=     1.294 us/xform  median=     1.295  sd=  0.03%     39.56 GF/s  setup=0.018 s
d1_race                  L=1024 B=1     m=1     inner=28648  min=     1.294 us/xform  median=     1.294  sd=  0.01%     39.56 GF/s  setup=0.017 s
d1_race                  L=1024 B=1     m=1     inner=30772  min=     1.289 us/xform  median=     1.289  sd=  0.02%     39.73 GF/s  setup=0.017 s
d1_race                  L=1024 B=1     m=1     inner=26466  min=     1.297 us/xform  median=     1.298  sd=  0.03%     39.47 GF/s  setup=0.022 s
d1_race                  L=1024 B=1     m=1     inner=21064  min=     1.301 us/xform  median=     1.302  sd=  0.04%     39.35 GF/s  setup=0.016 s
d1_race                  L=1024 B=1     m=1     inner=29750  min=     1.290 us/xform  median=     1.291  sd=  0.05%     39.68 GF/s  setup=0.015 s
d1_race                  L=1024 B=1     m=1     inner=20910  min=     1.289 us/xform  median=     1.290  sd=  0.07%     39.72 GF/s  setup=0.014 s
d1_twiddle               L=1024 B=1     m=1     inner=23418  min=     1.296 us/xform  median=     1.297  sd=  0.03%     39.49 GF/s  setup=0.001 s
d1_twiddle               L=1024 B=1     m=1     inner=21784  min=     1.356 us/xform  median=     1.365  sd=  0.23%     37.76 GF/s  setup=0.000 s
d1_twiddle               L=1024 B=1     m=1     inner=30352  min=     1.285 us/xform  median=     1.285  sd=  0.02%     39.86 GF/s  setup=0.000 s
d1_twiddle               L=1024 B=1     m=1     inner=28738  min=     1.305 us/xform  median=     1.306  sd=  0.03%     39.23 GF/s  setup=0.000 s
d1_twiddle               L=1024 B=1     m=1     inner=21928  min=     1.323 us/xform  median=     1.325  sd=  0.06%     38.70 GF/s  setup=0.001 s
d1_twiddle               L=1024 B=1     m=1     inner=22556  min=     1.313 us/xform  median=     1.313  sd=  0.02%     39.00 GF/s  setup=0.000 s
d1_twiddle               L=1024 B=1     m=1     inner=29028  min=     1.279 us/xform  median=     1.279  sd=  0.02%     40.04 GF/s  setup=0.000 s
d1_twiddle               L=1024 B=1     m=1     inner=21834  min=     1.305 us/xform  median=     1.305  sd=  0.03%     39.25 GF/s  setup=0.001 s
d1_twiddle               L=1024 B=1     m=1     inner=22104  min=     1.302 us/xform  median=     1.302  sd=  0.03%     39.33 GF/s  setup=0.000 s
fftw1d_estimate          L=1024 B=1     m=1     inner=15502  min=     1.563 us/xform  median=     1.568  sd=  0.18%     32.77 GF/s  setup=0.001 s
fftw1d_estimate          L=1024 B=1     m=1     inner=15136  min=     1.534 us/xform  median=     1.539  sd=  0.13%     33.37 GF/s  setup=0.001 s
fftw1d_estimate          L=1024 B=1     m=1     inner=18882  min=     1.537 us/xform  median=     1.543  sd=  0.20%     33.31 GF/s  setup=0.001 s
fftw1d_estimate          L=1024 B=1     m=1     inner=15490  min=     1.522 us/xform  median=     1.526  sd=  0.14%     33.63 GF/s  setup=0.001 s
fftw1d_estimate          L=1024 B=1     m=1     inner=16374  min=     1.525 us/xform  median=     1.529  sd=  0.19%     33.58 GF/s  setup=0.001 s
fftw1d_estimate          L=1024 B=1     m=1     inner=14804  min=     1.524 us/xform  median=     1.531  sd=  0.25%     33.60 GF/s  setup=0.001 s
fftw1d_estimate          L=1024 B=1     m=1     inner=16486  min=     1.524 us/xform  median=     1.531  sd=  0.17%     33.59 GF/s  setup=0.001 s
fftw1d_estimate          L=1024 B=1     m=1     inner=16030  min=     1.545 us/xform  median=     1.551  sd=  0.22%     33.14 GF/s  setup=0.001 s
fftw1d_estimate          L=1024 B=1     m=1     inner=19842  min=     1.532 us/xform  median=     1.537  sd=  0.18%     33.42 GF/s  setup=0.001 s
fftw1d_measure           L=1024 B=1     m=1     inner=25204  min=     1.324 us/xform  median=     1.326  sd=  0.06%     38.66 GF/s  setup=0.117 s
fftw1d_measure           L=1024 B=1     m=1     inner=27916  min=     1.326 us/xform  median=     1.328  sd=  0.08%     38.62 GF/s  setup=0.117 s
fftw1d_measure           L=1024 B=1     m=1     inner=27320  min=     1.394 us/xform  median=     1.394  sd=  0.01%     36.74 GF/s  setup=0.117 s
fftw1d_measure           L=1024 B=1     m=1     inner=28396  min=     1.332 us/xform  median=     1.334  sd=  0.09%     38.43 GF/s  setup=0.118 s
fftw1d_measure           L=1024 B=1     m=1     inner=27470  min=     1.392 us/xform  median=     1.394  sd=  0.05%     36.78 GF/s  setup=0.118 s
fftw1d_measure           L=1024 B=1     m=1     inner=26734  min=     1.360 us/xform  median=     1.364  sd=  0.13%     37.66 GF/s  setup=0.118 s
fftw1d_measure           L=1024 B=1     m=1     inner=27174  min=     1.315 us/xform  median=     1.317  sd=  0.08%     38.95 GF/s  setup=0.118 s
fftw1d_measure           L=1024 B=1     m=1     inner=25346  min=     1.329 us/xform  median=     1.331  sd=  0.09%     38.54 GF/s  setup=0.117 s
fftw1d_measure           L=1024 B=1     m=1     inner=26610  min=     1.331 us/xform  median=     1.333  sd=  0.07%     38.46 GF/s  setup=0.117 s
fftw1d_patient           L=1024 B=1     m=1     inner=28144  min=     1.333 us/xform  median=     1.334  sd=  0.03%     38.40 GF/s  setup=0.812 s
fftw1d_patient           L=1024 B=1     m=1     inner=27988  min=     1.362 us/xform  median=     1.363  sd=  0.03%     37.59 GF/s  setup=0.812 s
fftw1d_patient           L=1024 B=1     m=1     inner=26300  min=     1.370 us/xform  median=     1.371  sd=  0.02%     37.37 GF/s  setup=0.813 s
fftw1d_patient           L=1024 B=1     m=1     inner=28950  min=     1.154 us/xform  median=     1.315  sd=  6.13%     44.35 GF/s  setup=0.811 s
fftw1d_patient           L=1024 B=1     m=1     inner=26868  min=     1.322 us/xform  median=     1.323  sd=  0.03%     38.72 GF/s  setup=0.815 s
fftw1d_patient           L=1024 B=1     m=1     inner=26876  min=     1.174 us/xform  median=     1.336  sd=  4.79%     43.60 GF/s  setup=0.812 s
fftw1d_patient           L=1024 B=1     m=1     inner=25588  min=     1.174 us/xform  median=     1.337  sd=  4.69%     43.63 GF/s  setup=0.814 s
fftw1d_patient           L=1024 B=1     m=1     inner=31350  min=     1.172 us/xform  median=     1.174  sd=  0.08%     43.67 GF/s  setup=0.792 s
fftw1d_patient           L=1024 B=1     m=1     inner=30932  min=     1.174 us/xform  median=     1.182  sd=  0.26%     43.60 GF/s  setup=0.795 s
mkl1d_dfti               L=1024 B=1     m=1     inner=25220  min=     1.232 us/xform  median=     1.233  sd=  0.04%     41.55 GF/s  setup=0.002 s
mkl1d_dfti               L=1024 B=1     m=1     inner=21806  min=     1.082 us/xform  median=     1.083  sd=  0.04%     47.31 GF/s  setup=0.002 s
mkl1d_dfti               L=1024 B=1     m=1     inner=27208  min=     1.082 us/xform  median=     1.082  sd=  0.02%     47.34 GF/s  setup=0.001 s
mkl1d_dfti               L=1024 B=1     m=1     inner=28614  min=     1.087 us/xform  median=     1.087  sd=  0.01%     47.09 GF/s  setup=0.001 s
mkl1d_dfti               L=1024 B=1     m=1     inner=28940  min=     1.082 us/xform  median=     1.083  sd=  0.03%     47.32 GF/s  setup=0.001 s
mkl1d_dfti               L=1024 B=1     m=1     inner=27718  min=     1.082 us/xform  median=     1.082  sd=  0.03%     47.33 GF/s  setup=0.001 s
mkl1d_dfti               L=1024 B=1     m=1     inner=29028  min=     1.082 us/xform  median=     1.083  sd=  0.03%     47.30 GF/s  setup=0.001 s
mkl1d_dfti               L=1024 B=1     m=1     inner=18912  min=     1.083 us/xform  median=     1.083  sd=  0.10%     47.29 GF/s  setup=0.001 s
mkl1d_dfti               L=1024 B=1     m=1     inner=20126  min=     1.083 us/xform  median=     1.083  sd=  0.03%     47.28 GF/s  setup=0.001 s
baseline_dft             L=31  B=512   m=1     inner=44     min=     1.652 us/xform  median=     1.652  sd=  0.53%      0.46 GF/s  setup=0.000 s
baseline_dft             L=31  B=512   m=1     inner=30     min=     1.652 us/xform  median=     1.652  sd=  0.02%      0.46 GF/s  setup=0.000 s
baseline_dft             L=31  B=512   m=1     inner=44     min=     1.652 us/xform  median=     1.652  sd=  0.02%      0.46 GF/s  setup=0.000 s
baseline_dft             L=31  B=512   m=1     inner=46     min=     1.652 us/xform  median=     1.652  sd=  0.02%      0.46 GF/s  setup=0.000 s
baseline_dft             L=31  B=512   m=1     inner=32     min=     1.994 us/xform  median=     1.994  sd=  0.00%      0.39 GF/s  setup=0.000 s
baseline_dft             L=31  B=512   m=1     inner=28     min=     1.994 us/xform  median=     1.994  sd=  0.01%      0.39 GF/s  setup=0.000 s
baseline_dft             L=31  B=512   m=1     inner=30     min=     1.994 us/xform  median=     1.994  sd=  0.01%      0.39 GF/s  setup=0.000 s
baseline_dft             L=31  B=512   m=1     inner=38     min=     1.994 us/xform  median=     1.994  sd=  0.01%      0.39 GF/s  setup=0.000 s
baseline_dft             L=31  B=512   m=1     inner=30     min=     1.994 us/xform  median=     1.994  sd=  0.01%      0.39 GF/s  setup=0.000 s
d1_batchlane             L=31  B=512   m=1     inner=1556   min=     0.050 us/xform  median=     0.050  sd=  0.03%     15.37 GF/s  setup=0.000 s
d1_batchlane             L=31  B=512   m=1     inner=1178   min=     0.050 us/xform  median=     0.050  sd=  0.02%     15.37 GF/s  setup=0.000 s
d1_batchlane             L=31  B=512   m=1     inner=782    min=     0.050 us/xform  median=     0.050  sd=  0.04%     15.36 GF/s  setup=0.000 s
d1_batchlane             L=31  B=512   m=1     inner=1236   min=     0.050 us/xform  median=     0.050  sd=  0.02%     15.36 GF/s  setup=0.000 s
d1_batchlane             L=31  B=512   m=1     inner=1234   min=     0.050 us/xform  median=     0.050  sd=  0.02%     15.36 GF/s  setup=0.000 s
d1_batchlane             L=31  B=512   m=1     inner=1234   min=     0.050 us/xform  median=     0.050  sd=  0.02%     15.37 GF/s  setup=0.000 s
d1_batchlane             L=31  B=512   m=1     inner=1558   min=     0.050 us/xform  median=     0.050  sd=  0.01%     15.36 GF/s  setup=0.000 s
d1_batchlane             L=31  B=512   m=1     inner=1182   min=     0.050 us/xform  median=     0.050  sd=  0.01%     15.37 GF/s  setup=0.000 s
d1_batchlane             L=31  B=512   m=1     inner=1234   min=     0.050 us/xform  median=     0.050  sd=  0.02%     15.37 GF/s  setup=0.000 s
d1_bluestein             L=31  B=512   m=1     inner=182    min=     0.214 us/xform  median=     0.215  sd=  0.19%      3.59 GF/s  setup=0.002 s
d1_bluestein             L=31  B=512   m=1     inner=286    min=     0.217 us/xform  median=     0.217  sd=  0.17%      3.54 GF/s  setup=0.002 s
d1_bluestein             L=31  B=512   m=1     inner=334    min=     0.232 us/xform  median=     0.232  sd=  0.12%      3.31 GF/s  setup=0.001 s
d1_bluestein             L=31  B=512   m=1     inner=276    min=     0.212 us/xform  median=     0.213  sd=  0.16%      3.61 GF/s  setup=0.002 s
d1_bluestein             L=31  B=512   m=1     inner=260    min=     0.226 us/xform  median=     0.227  sd=  0.12%      3.39 GF/s  setup=0.001 s
d1_bluestein             L=31  B=512   m=1     inner=274    min=     0.226 us/xform  median=     0.227  sd=  0.13%      3.39 GF/s  setup=0.002 s
d1_bluestein             L=31  B=512   m=1     inner=272    min=     0.225 us/xform  median=     0.225  sd=  0.06%      3.42 GF/s  setup=0.002 s
d1_bluestein             L=31  B=512   m=1     inner=274    min=     0.214 us/xform  median=     0.215  sd=  0.06%      3.58 GF/s  setup=0.002 s
d1_bluestein             L=31  B=512   m=1     inner=346    min=     0.224 us/xform  median=     0.225  sd=  0.06%      3.42 GF/s  setup=0.001 s
d1_planner               L=31  B=512   m=1     inner=1552   min=     0.050 us/xform  median=     0.050  sd=  0.02%     15.32 GF/s  setup=0.000 s
d1_planner               L=31  B=512   m=1     inner=1556   min=     0.050 us/xform  median=     0.050  sd=  0.00%     15.32 GF/s  setup=0.000 s
d1_planner               L=31  B=512   m=1     inner=1234   min=     0.050 us/xform  median=     0.050  sd=  0.01%     15.32 GF/s  setup=0.000 s
d1_planner               L=31  B=512   m=1     inner=1552   min=     0.050 us/xform  median=     0.050  sd=  0.01%     15.32 GF/s  setup=0.000 s
d1_planner               L=31  B=512   m=1     inner=1176   min=     0.050 us/xform  median=     0.050  sd=  0.03%     15.32 GF/s  setup=0.000 s
d1_planner               L=31  B=512   m=1     inner=1236   min=     0.050 us/xform  median=     0.050  sd=  0.02%     15.32 GF/s  setup=0.000 s
d1_planner               L=31  B=512   m=1     inner=1230   min=     0.050 us/xform  median=     0.050  sd=  0.01%     15.32 GF/s  setup=0.000 s
d1_planner               L=31  B=512   m=1     inner=779    min=     0.050 us/xform  median=     0.050  sd=  0.01%     15.32 GF/s  setup=0.000 s
d1_planner               L=31  B=512   m=1     inner=779    min=     0.050 us/xform  median=     0.050  sd=  0.09%     15.32 GF/s  setup=0.000 s
d1_prime                 L=31  B=512   m=1     inner=1410   min=     0.048 us/xform  median=     0.048  sd=  0.08%     16.11 GF/s  setup=0.000 s
d1_prime                 L=31  B=512   m=1     inner=1328   min=     0.048 us/xform  median=     0.049  sd=  0.03%     15.84 GF/s  setup=0.000 s
d1_prime                 L=31  B=512   m=1     inner=1616   min=     0.047 us/xform  median=     0.048  sd=  0.67%     16.47 GF/s  setup=0.000 s
d1_prime                 L=31  B=512   m=1     inner=1406   min=     0.048 us/xform  median=     0.048  sd=  0.02%     16.13 GF/s  setup=0.000 s
d1_prime                 L=31  B=512   m=1     inner=1320   min=     0.043 us/xform  median=     0.043  sd=  0.02%     17.93 GF/s  setup=0.000 s
d1_prime                 L=31  B=512   m=1     inner=1806   min=     0.043 us/xform  median=     0.043  sd=  0.03%     17.87 GF/s  setup=0.000 s
d1_prime                 L=31  B=512   m=1     inner=1372   min=     0.049 us/xform  median=     0.049  sd=  0.03%     15.74 GF/s  setup=0.000 s
d1_prime                 L=31  B=512   m=1     inner=1616   min=     0.048 us/xform  median=     0.048  sd=  0.03%     15.97 GF/s  setup=0.000 s
d1_prime                 L=31  B=512   m=1     inner=1606   min=     0.049 us/xform  median=     0.049  sd=  0.02%     15.83 GF/s  setup=0.000 s
d1_race                  L=31  B=512   m=1     inner=1538   min=     0.050 us/xform  median=     0.050  sd=  0.02%     15.31 GF/s  setup=2.517 s
d1_race                  L=31  B=512   m=1     inner=1544   min=     0.050 us/xform  median=     0.050  sd=  0.06%     15.29 GF/s  setup=0.011 s
d1_race                  L=31  B=512   m=1     inner=1548   min=     0.050 us/xform  median=     0.050  sd=  0.01%     15.29 GF/s  setup=0.008 s
d1_race                  L=31  B=512   m=1     inner=1548   min=     0.050 us/xform  median=     0.050  sd=  0.02%     15.29 GF/s  setup=0.012 s
d1_race                  L=31  B=512   m=1     inner=1546   min=     0.050 us/xform  median=     0.050  sd=  0.01%     15.29 GF/s  setup=0.011 s
d1_race                  L=31  B=512   m=1     inner=1494   min=     0.050 us/xform  median=     0.050  sd=  0.01%     15.29 GF/s  setup=0.015 s
d1_race                  L=31  B=512   m=1     inner=1544   min=     0.044 us/xform  median=     0.046  sd=  6.54%     17.40 GF/s  setup=0.012 s
d1_race                  L=31  B=512   m=1     inner=1548   min=     0.044 us/xform  median=     0.044  sd=  0.39%     17.40 GF/s  setup=0.011 s
d1_race                  L=31  B=512   m=1     inner=1546   min=     0.050 us/xform  median=     0.050  sd=  0.01%     15.30 GF/s  setup=0.009 s
d1_rader                 L=31  B=512   m=1     inner=1550   min=     0.050 us/xform  median=     0.050  sd=  0.03%     15.36 GF/s  setup=0.000 s
d1_rader                 L=31  B=512   m=1     inner=1560   min=     0.050 us/xform  median=     0.050  sd=  0.03%     15.41 GF/s  setup=0.000 s
d1_rader                 L=31  B=512   m=1     inner=1294   min=     0.050 us/xform  median=     0.050  sd=  0.02%     15.43 GF/s  setup=0.000 s
d1_rader                 L=31  B=512   m=1     inner=1280   min=     0.050 us/xform  median=     0.050  sd=  0.02%     15.29 GF/s  setup=0.000 s
d1_rader                 L=31  B=512   m=1     inner=1548   min=     0.050 us/xform  median=     0.050  sd=  0.03%     15.31 GF/s  setup=0.000 s
d1_rader                 L=31  B=512   m=1     inner=1116   min=     0.044 us/xform  median=     0.050  sd=  5.59%     17.42 GF/s  setup=0.000 s
d1_rader                 L=31  B=512   m=1     inner=1780   min=     0.044 us/xform  median=     0.044  sd=  0.02%     17.56 GF/s  setup=0.000 s
d1_rader                 L=31  B=512   m=1     inner=1270   min=     0.051 us/xform  median=     0.051  sd=  0.04%     15.13 GF/s  setup=0.000 s
d1_rader                 L=31  B=512   m=1     inner=1338   min=     0.044 us/xform  median=     0.044  sd=  0.01%     17.46 GF/s  setup=0.000 s
fftw1d_custom            L=31  B=512   m=1     inner=199    min=     0.196 us/xform  median=     0.196  sd=  0.67%      3.93 GF/s  setup=0.000 s
fftw1d_custom            L=31  B=512   m=1     inner=390    min=     0.199 us/xform  median=     0.199  sd=  0.02%      3.85 GF/s  setup=0.000 s
fftw1d_custom            L=31  B=512   m=1     inner=308    min=     0.201 us/xform  median=     0.201  sd=  0.03%      3.83 GF/s  setup=0.000 s
fftw1d_custom            L=31  B=512   m=1     inner=380    min=     0.202 us/xform  median=     0.203  sd=  0.02%      3.79 GF/s  setup=0.000 s
fftw1d_custom            L=31  B=512   m=1     inner=378    min=     0.205 us/xform  median=     0.205  sd=  0.04%      3.75 GF/s  setup=0.000 s
fftw1d_custom            L=31  B=512   m=1     inner=386    min=     0.163 us/xform  median=     0.163  sd=  0.77%      4.71 GF/s  setup=0.000 s
fftw1d_custom            L=31  B=512   m=1     inner=302    min=     0.196 us/xform  median=     0.203  sd=  1.24%      3.91 GF/s  setup=0.000 s
fftw1d_custom            L=31  B=512   m=1     inner=290    min=     0.204 us/xform  median=     0.204  sd=  0.10%      3.77 GF/s  setup=0.000 s
fftw1d_custom            L=31  B=512   m=1     inner=298    min=     0.198 us/xform  median=     0.198  sd=  0.02%      3.88 GF/s  setup=0.000 s
fftw1d_custom_soa        L=31  B=512   m=1     inner=398    min=     0.092 us/xform  median=     0.093  sd=  2.79%      8.30 GF/s  setup=0.000 s
fftw1d_custom_soa        L=31  B=512   m=1     inner=598    min=     0.104 us/xform  median=     0.107  sd=  1.26%      7.42 GF/s  setup=0.000 s
fftw1d_custom_soa        L=31  B=512   m=1     inner=534    min=     0.112 us/xform  median=     0.112  sd=  0.03%      6.87 GF/s  setup=0.000 s
fftw1d_custom_soa        L=31  B=512   m=1     inner=584    min=     0.089 us/xform  median=     0.089  sd=  0.02%      8.66 GF/s  setup=0.000 s
fftw1d_custom_soa        L=31  B=512   m=1     inner=838    min=     0.090 us/xform  median=     0.090  sd=  0.02%      8.52 GF/s  setup=0.000 s
fftw1d_custom_soa        L=31  B=512   m=1     inner=602    min=     0.103 us/xform  median=     0.106  sd=  0.91%      7.45 GF/s  setup=0.000 s
fftw1d_custom_soa        L=31  B=512   m=1     inner=558    min=     0.108 us/xform  median=     0.108  sd=  0.05%      7.08 GF/s  setup=0.000 s
fftw1d_custom_soa        L=31  B=512   m=1     inner=550    min=     0.111 us/xform  median=     0.111  sd=  0.03%      6.92 GF/s  setup=0.000 s
fftw1d_custom_soa        L=31  B=512   m=1     inner=572    min=     0.110 us/xform  median=     0.110  sd=  0.03%      6.98 GF/s  setup=0.000 s
fftw1d_estimate          L=31  B=512   m=1     inner=184    min=     0.318 us/xform  median=     0.319  sd=  2.01%      2.41 GF/s  setup=0.001 s
fftw1d_estimate          L=31  B=512   m=1     inner=192    min=     0.318 us/xform  median=     0.319  sd=  0.09%      2.42 GF/s  setup=0.001 s
fftw1d_estimate          L=31  B=512   m=1     inner=192    min=     0.318 us/xform  median=     0.319  sd=  0.10%      2.41 GF/s  setup=0.001 s
fftw1d_estimate          L=31  B=512   m=1     inner=192    min=     0.318 us/xform  median=     0.319  sd=  0.08%      2.41 GF/s  setup=0.001 s
fftw1d_estimate          L=31  B=512   m=1     inner=242    min=     0.318 us/xform  median=     0.319  sd=  0.11%      2.42 GF/s  setup=0.001 s
fftw1d_estimate          L=31  B=512   m=1     inner=192    min=     0.318 us/xform  median=     0.319  sd=  0.09%      2.42 GF/s  setup=0.001 s
fftw1d_estimate          L=31  B=512   m=1     inner=192    min=     0.318 us/xform  median=     0.319  sd=  0.10%      2.42 GF/s  setup=0.001 s
fftw1d_estimate          L=31  B=512   m=1     inner=184    min=     0.318 us/xform  median=     0.319  sd=  0.08%      2.41 GF/s  setup=0.001 s
fftw1d_estimate          L=31  B=512   m=1     inner=184    min=     0.318 us/xform  median=     0.319  sd=  0.09%      2.41 GF/s  setup=0.001 s
fftw1d_measure           L=31  B=512   m=1     inner=242    min=     0.318 us/xform  median=     0.319  sd=  0.09%      2.41 GF/s  setup=0.043 s
fftw1d_measure           L=31  B=512   m=1     inner=244    min=     0.318 us/xform  median=     0.319  sd=  0.18%      2.42 GF/s  setup=0.043 s
fftw1d_measure           L=31  B=512   m=1     inner=242    min=     0.318 us/xform  median=     0.319  sd=  0.10%      2.42 GF/s  setup=0.043 s
fftw1d_measure           L=31  B=512   m=1     inner=202    min=     0.318 us/xform  median=     0.319  sd=  0.10%      2.42 GF/s  setup=0.044 s
fftw1d_measure           L=31  B=512   m=1     inner=244    min=     0.318 us/xform  median=     0.319  sd=  0.10%      2.42 GF/s  setup=0.043 s
fftw1d_measure           L=31  B=512   m=1     inner=244    min=     0.318 us/xform  median=     0.319  sd=  0.09%      2.42 GF/s  setup=0.043 s
fftw1d_measure           L=31  B=512   m=1     inner=230    min=     0.318 us/xform  median=     0.319  sd=  0.10%      2.42 GF/s  setup=0.043 s
fftw1d_measure           L=31  B=512   m=1     inner=244    min=     0.318 us/xform  median=     0.319  sd=  0.10%      2.42 GF/s  setup=0.043 s
fftw1d_measure           L=31  B=512   m=1     inner=240    min=     0.322 us/xform  median=     0.323  sd=  0.09%      2.39 GF/s  setup=0.043 s
fftw1d_patient           L=31  B=512   m=1     inner=244    min=     0.318 us/xform  median=     0.319  sd=  0.26%      2.42 GF/s  setup=0.120 s
fftw1d_patient           L=31  B=512   m=1     inner=244    min=     0.318 us/xform  median=     0.319  sd=  0.10%      2.42 GF/s  setup=0.121 s
fftw1d_patient           L=31  B=512   m=1     inner=242    min=     0.318 us/xform  median=     0.319  sd=  0.10%      2.42 GF/s  setup=0.121 s
fftw1d_patient           L=31  B=512   m=1     inner=244    min=     0.318 us/xform  median=     0.319  sd=  0.10%      2.42 GF/s  setup=0.121 s
fftw1d_patient           L=31  B=512   m=1     inner=244    min=     0.318 us/xform  median=     0.319  sd=  0.09%      2.42 GF/s  setup=0.121 s
fftw1d_patient           L=31  B=512   m=1     inner=244    min=     0.318 us/xform  median=     0.319  sd=  0.07%      2.41 GF/s  setup=0.121 s
fftw1d_patient           L=31  B=512   m=1     inner=244    min=     0.318 us/xform  median=     0.319  sd=  0.14%      2.42 GF/s  setup=0.120 s
fftw1d_patient           L=31  B=512   m=1     inner=202    min=     0.385 us/xform  median=     0.385  sd=  0.04%      2.00 GF/s  setup=0.122 s
fftw1d_patient           L=31  B=512   m=1     inner=242    min=     0.318 us/xform  median=     0.320  sd=  0.19%      2.41 GF/s  setup=0.121 s
mkl1d_dfti               L=31  B=512   m=1     inner=284    min=     0.274 us/xform  median=     0.274  sd=  0.04%      2.81 GF/s  setup=0.053 s
mkl1d_dfti               L=31  B=512   m=1     inner=284    min=     0.227 us/xform  median=     0.274  sd=  9.49%      3.38 GF/s  setup=0.033 s
mkl1d_dfti               L=31  B=512   m=1     inner=324    min=     0.227 us/xform  median=     0.227  sd=  0.04%      3.39 GF/s  setup=0.032 s
mkl1d_dfti               L=31  B=512   m=1     inner=324    min=     0.227 us/xform  median=     0.227  sd=  0.03%      3.39 GF/s  setup=0.033 s
mkl1d_dfti               L=31  B=512   m=1     inner=322    min=     0.227 us/xform  median=     0.227  sd=  0.04%      3.38 GF/s  setup=0.031 s
mkl1d_dfti               L=31  B=512   m=1     inner=324    min=     0.227 us/xform  median=     0.227  sd=  0.03%      3.39 GF/s  setup=0.031 s
mkl1d_dfti               L=31  B=512   m=1     inner=324    min=     0.227 us/xform  median=     0.227  sd=  0.04%      3.39 GF/s  setup=0.013 s
mkl1d_dfti               L=31  B=512   m=1     inner=324    min=     0.227 us/xform  median=     0.227  sd=  0.04%      3.39 GF/s  setup=0.013 s
mkl1d_dfti               L=31  B=512   m=1     inner=310    min=     0.227 us/xform  median=     0.227  sd=  0.05%      3.38 GF/s  setup=0.014 s
baseline_dft             L=32  B=512   m=1     inner=28     min=     2.124 us/xform  median=     2.124  sd=  0.01%      0.38 GF/s  setup=0.000 s
baseline_dft             L=32  B=512   m=1     inner=28     min=     2.124 us/xform  median=     2.125  sd=  0.01%      0.38 GF/s  setup=0.000 s
baseline_dft             L=32  B=512   m=1     inner=28     min=     2.124 us/xform  median=     2.124  sd=  0.01%      0.38 GF/s  setup=0.000 s
baseline_dft             L=32  B=512   m=1     inner=28     min=     2.124 us/xform  median=     2.124  sd=  0.02%      0.38 GF/s  setup=0.000 s
baseline_dft             L=32  B=512   m=1     inner=36     min=     2.124 us/xform  median=     2.124  sd=  0.00%      0.38 GF/s  setup=0.000 s
baseline_dft             L=32  B=512   m=1     inner=36     min=     2.124 us/xform  median=     2.124  sd=  0.01%      0.38 GF/s  setup=0.000 s
baseline_dft             L=32  B=512   m=1     inner=28     min=     2.124 us/xform  median=     2.124  sd=  0.01%      0.38 GF/s  setup=0.000 s
baseline_dft             L=32  B=512   m=1     inner=30     min=     2.124 us/xform  median=     2.125  sd=  0.01%      0.38 GF/s  setup=0.000 s
baseline_dft             L=32  B=512   m=1     inner=30     min=     2.124 us/xform  median=     2.124  sd=  0.00%      0.38 GF/s  setup=0.000 s
d1_batchlane             L=32  B=512   m=1     inner=4398   min=     0.018 us/xform  median=     0.018  sd=  0.04%     45.42 GF/s  setup=0.000 s
d1_batchlane             L=32  B=512   m=1     inner=3484   min=     0.018 us/xform  median=     0.018  sd=  0.05%     45.44 GF/s  setup=0.000 s
d1_batchlane             L=32  B=512   m=1     inner=3484   min=     0.018 us/xform  median=     0.018  sd=  0.04%     45.44 GF/s  setup=0.000 s
d1_batchlane             L=32  B=512   m=1     inner=3804   min=     0.018 us/xform  median=     0.018  sd=  0.04%     45.43 GF/s  setup=0.000 s
d1_batchlane             L=32  B=512   m=1     inner=4404   min=     0.018 us/xform  median=     0.018  sd=  0.06%     45.44 GF/s  setup=0.000 s
d1_batchlane             L=32  B=512   m=1     inner=3490   min=     0.015 us/xform  median=     0.015  sd=  5.95%     51.70 GF/s  setup=0.000 s
d1_batchlane             L=32  B=512   m=1     inner=3478   min=     0.018 us/xform  median=     0.018  sd=  0.05%     45.46 GF/s  setup=0.000 s
d1_batchlane             L=32  B=512   m=1     inner=4376   min=     0.018 us/xform  median=     0.018  sd=  0.04%     45.44 GF/s  setup=0.000 s
d1_batchlane             L=32  B=512   m=1     inner=3468   min=     0.018 us/xform  median=     0.018  sd=  0.06%     45.43 GF/s  setup=0.000 s
d1_bluestein             L=32  B=512   m=1     inner=357    min=     0.109 us/xform  median=     0.109  sd=  0.06%      7.33 GF/s  setup=0.001 s
d1_bluestein             L=32  B=512   m=1     inner=608    min=     0.101 us/xform  median=     0.101  sd=  0.12%      7.91 GF/s  setup=0.001 s
d1_bluestein             L=32  B=512   m=1     inner=648    min=     0.095 us/xform  median=     0.095  sd=  0.09%      8.46 GF/s  setup=0.001 s
d1_bluestein             L=32  B=512   m=1     inner=830    min=     0.094 us/xform  median=     0.094  sd=  0.09%      8.53 GF/s  setup=0.001 s
d1_bluestein             L=32  B=512   m=1     inner=716    min=     0.108 us/xform  median=     0.108  sd=  0.02%      7.38 GF/s  setup=0.001 s
d1_bluestein             L=32  B=512   m=1     inner=634    min=     0.097 us/xform  median=     0.098  sd=  0.06%      8.21 GF/s  setup=0.001 s
d1_bluestein             L=32  B=512   m=1     inner=826    min=     0.094 us/xform  median=     0.094  sd=  0.22%      8.49 GF/s  setup=0.001 s
d1_bluestein             L=32  B=512   m=1     inner=760    min=     0.096 us/xform  median=     0.103  sd=  1.95%      8.35 GF/s  setup=0.001 s
d1_bluestein             L=32  B=512   m=1     inner=942    min=     0.082 us/xform  median=     0.082  sd=  0.11%      9.72 GF/s  setup=0.001 s
d1_planner               L=32  B=512   m=1     inner=4422   min=     0.018 us/xform  median=     0.018  sd=  0.03%     45.70 GF/s  setup=0.000 s
d1_planner               L=32  B=512   m=1     inner=3492   min=     0.017 us/xform  median=     0.018  sd=  0.04%     45.72 GF/s  setup=0.000 s
d1_planner               L=32  B=512   m=1     inner=4430   min=     0.017 us/xform  median=     0.018  sd=  0.03%     45.72 GF/s  setup=0.000 s
d1_planner               L=32  B=512   m=1     inner=4346   min=     0.018 us/xform  median=     0.018  sd=  0.03%     45.70 GF/s  setup=0.000 s
d1_planner               L=32  B=512   m=1     inner=4418   min=     0.015 us/xform  median=     0.015  sd=  5.22%     52.01 GF/s  setup=0.000 s
d1_planner               L=32  B=512   m=1     inner=4112   min=     0.015 us/xform  median=     0.015  sd=  0.02%     52.00 GF/s  setup=0.000 s
d1_planner               L=32  B=512   m=1     inner=3354   min=     0.018 us/xform  median=     0.018  sd=  0.04%     45.71 GF/s  setup=0.000 s
d1_planner               L=32  B=512   m=1     inner=3652   min=     0.015 us/xform  median=     0.015  sd=  0.04%     52.02 GF/s  setup=0.000 s
d1_planner               L=32  B=512   m=1     inner=3362   min=     0.018 us/xform  median=     0.018  sd=  0.02%     45.70 GF/s  setup=0.000 s
d1_pow2                  L=32  B=512   m=1     inner=4404   min=     0.018 us/xform  median=     0.018  sd=  0.02%     45.42 GF/s  setup=0.000 s
d1_pow2                  L=32  B=512   m=1     inner=3496   min=     0.018 us/xform  median=     0.018  sd=  0.01%     45.41 GF/s  setup=0.001 s
d1_pow2                  L=32  B=512   m=1     inner=3480   min=     0.018 us/xform  median=     0.018  sd=  0.02%     45.41 GF/s  setup=0.000 s
d1_pow2                  L=32  B=512   m=1     inner=3338   min=     0.018 us/xform  median=     0.018  sd=  0.02%     45.41 GF/s  setup=0.000 s
d1_pow2                  L=32  B=512   m=1     inner=3492   min=     0.015 us/xform  median=     0.015  sd=  0.09%     51.70 GF/s  setup=0.001 s
d1_pow2                  L=32  B=512   m=1     inner=3498   min=     0.018 us/xform  median=     0.018  sd=  0.01%     45.42 GF/s  setup=0.000 s
d1_pow2                  L=32  B=512   m=1     inner=3486   min=     0.018 us/xform  median=     0.018  sd=  0.03%     45.42 GF/s  setup=0.000 s
d1_pow2                  L=32  B=512   m=1     inner=3328   min=     0.018 us/xform  median=     0.018  sd=  0.03%     45.43 GF/s  setup=0.001 s
d1_pow2                  L=32  B=512   m=1     inner=4400   min=     0.018 us/xform  median=     0.018  sd=  0.02%     45.42 GF/s  setup=0.001 s
d1_race                  L=32  B=512   m=1     inner=4256   min=     0.018 us/xform  median=     0.018  sd=  0.02%     45.39 GF/s  setup=0.006 s
d1_race                  L=32  B=512   m=1     inner=4282   min=     0.018 us/xform  median=     0.018  sd=  0.01%     45.40 GF/s  setup=0.009 s
d1_race                  L=32  B=512   m=1     inner=3546   min=     0.018 us/xform  median=     0.018  sd=  0.02%     45.40 GF/s  setup=0.009 s
d1_race                  L=32  B=512   m=1     inner=4336   min=     0.015 us/xform  median=     0.015  sd=  0.02%     51.65 GF/s  setup=0.009 s
d1_race                  L=32  B=512   m=1     inner=4992   min=     0.015 us/xform  median=     0.015  sd=  0.01%     51.66 GF/s  setup=0.007 s
d1_race                  L=32  B=512   m=1     inner=4848   min=     0.015 us/xform  median=     0.015  sd=  0.01%     51.65 GF/s  setup=0.007 s
d1_race                  L=32  B=512   m=1     inner=5008   min=     0.015 us/xform  median=     0.015  sd=  0.02%     51.65 GF/s  setup=0.006 s
d1_race                  L=32  B=512   m=1     inner=4700   min=     0.015 us/xform  median=     0.015  sd=  0.01%     51.67 GF/s  setup=0.006 s
d1_race                  L=32  B=512   m=1     inner=5000   min=     0.015 us/xform  median=     0.015  sd=  0.02%     51.67 GF/s  setup=0.006 s
d1_twiddle               L=32  B=512   m=1     inner=4346   min=     0.018 us/xform  median=     0.018  sd=  0.02%     45.20 GF/s  setup=0.000 s
d1_twiddle               L=32  B=512   m=1     inner=4380   min=     0.018 us/xform  median=     0.018  sd=  0.03%     45.20 GF/s  setup=0.000 s
d1_twiddle               L=32  B=512   m=1     inner=3608   min=     0.018 us/xform  median=     0.018  sd=  0.05%     45.15 GF/s  setup=0.000 s
d1_twiddle               L=32  B=512   m=1     inner=3486   min=     0.018 us/xform  median=     0.018  sd=  0.06%     45.36 GF/s  setup=0.001 s
d1_twiddle               L=32  B=512   m=1     inner=4368   min=     0.018 us/xform  median=     0.018  sd=  0.03%     45.21 GF/s  setup=0.001 s
d1_twiddle               L=32  B=512   m=1     inner=3476   min=     0.018 us/xform  median=     0.018  sd=  0.04%     45.16 GF/s  setup=0.000 s
d1_twiddle               L=32  B=512   m=1     inner=4376   min=     0.018 us/xform  median=     0.018  sd=  0.04%     45.16 GF/s  setup=0.000 s
d1_twiddle               L=32  B=512   m=1     inner=3334   min=     0.015 us/xform  median=     0.016  sd=  0.07%     51.63 GF/s  setup=0.001 s
d1_twiddle               L=32  B=512   m=1     inner=3324   min=     0.018 us/xform  median=     0.018  sd=  0.04%     45.22 GF/s  setup=0.000 s
fftw1d_custom            L=32  B=512   m=1     inner=367    min=     0.107 us/xform  median=     0.108  sd=  0.58%      7.51 GF/s  setup=0.000 s
fftw1d_custom            L=32  B=512   m=1     inner=692    min=     0.112 us/xform  median=     0.112  sd=  0.01%      7.14 GF/s  setup=0.000 s
fftw1d_custom            L=32  B=512   m=1     inner=540    min=     0.117 us/xform  median=     0.117  sd=  0.03%      6.85 GF/s  setup=0.000 s
fftw1d_custom            L=32  B=512   m=1     inner=556    min=     0.114 us/xform  median=     0.114  sd=  0.05%      7.02 GF/s  setup=0.000 s
fftw1d_custom            L=32  B=512   m=1     inner=564    min=     0.111 us/xform  median=     0.111  sd=  0.07%      7.22 GF/s  setup=0.000 s
fftw1d_custom            L=32  B=512   m=1     inner=668    min=     0.090 us/xform  median=     0.093  sd= 11.97%      8.90 GF/s  setup=0.000 s
fftw1d_custom            L=32  B=512   m=1     inner=854    min=     0.088 us/xform  median=     0.088  sd=  0.01%      9.07 GF/s  setup=0.000 s
fftw1d_custom            L=32  B=512   m=1     inner=858    min=     0.088 us/xform  median=     0.088  sd=  0.12%      9.09 GF/s  setup=0.000 s
fftw1d_custom            L=32  B=512   m=1     inner=846    min=     0.089 us/xform  median=     0.089  sd=  0.02%      9.01 GF/s  setup=0.000 s
fftw1d_custom_soa        L=32  B=512   m=1     inner=489    min=     0.078 us/xform  median=     0.078  sd=  1.65%     10.29 GF/s  setup=0.000 s
fftw1d_custom_soa        L=32  B=512   m=1     inner=692    min=     0.085 us/xform  median=     0.085  sd=  0.03%      9.36 GF/s  setup=0.000 s
fftw1d_custom_soa        L=32  B=512   m=1     inner=642    min=     0.079 us/xform  median=     0.079  sd=  1.25%     10.13 GF/s  setup=0.000 s
fftw1d_custom_soa        L=32  B=512   m=1     inner=696    min=     0.089 us/xform  median=     0.093  sd=  1.82%      9.00 GF/s  setup=0.000 s
fftw1d_custom_soa        L=32  B=512   m=1     inner=612    min=     0.080 us/xform  median=     0.080  sd=  1.60%      9.97 GF/s  setup=0.000 s
fftw1d_custom_soa        L=32  B=512   m=1     inner=982    min=     0.079 us/xform  median=     0.079  sd=  0.02%     10.13 GF/s  setup=0.000 s
fftw1d_custom_soa        L=32  B=512   m=1     inner=708    min=     0.087 us/xform  median=     0.089  sd=  0.85%      9.17 GF/s  setup=0.000 s
fftw1d_custom_soa        L=32  B=512   m=1     inner=670    min=     0.078 us/xform  median=     0.078  sd=  0.96%     10.30 GF/s  setup=0.000 s
fftw1d_custom_soa        L=32  B=512   m=1     inner=694    min=     0.091 us/xform  median=     0.098  sd=  3.45%      8.84 GF/s  setup=0.000 s
fftw1d_estimate          L=32  B=512   m=1     inner=878    min=     0.089 us/xform  median=     0.089  sd=  0.13%      8.99 GF/s  setup=0.001 s
fftw1d_estimate          L=32  B=512   m=1     inner=612    min=     0.101 us/xform  median=     0.102  sd=  0.13%      7.89 GF/s  setup=0.001 s
fftw1d_estimate          L=32  B=512   m=1     inner=602    min=     0.089 us/xform  median=     0.089  sd=  0.06%      8.97 GF/s  setup=0.001 s
fftw1d_estimate          L=32  B=512   m=1     inner=582    min=     0.102 us/xform  median=     0.102  sd=  0.02%      7.85 GF/s  setup=0.001 s
fftw1d_estimate          L=32  B=512   m=1     inner=588    min=     0.101 us/xform  median=     0.101  sd=  0.24%      7.95 GF/s  setup=0.001 s
fftw1d_estimate          L=32  B=512   m=1     inner=774    min=     0.101 us/xform  median=     0.101  sd=  0.03%      7.89 GF/s  setup=0.001 s
fftw1d_estimate          L=32  B=512   m=1     inner=608    min=     0.102 us/xform  median=     0.102  sd=  0.05%      7.88 GF/s  setup=0.001 s
fftw1d_estimate          L=32  B=512   m=1     inner=576    min=     0.101 us/xform  median=     0.106  sd=  2.40%      7.92 GF/s  setup=0.001 s
fftw1d_estimate          L=32  B=512   m=1     inner=388    min=     0.101 us/xform  median=     0.101  sd=  0.20%      7.94 GF/s  setup=0.001 s
fftw1d_measure           L=32  B=512   m=1     inner=2424   min=     0.029 us/xform  median=     0.029  sd=  0.04%     27.97 GF/s  setup=0.010 s
fftw1d_measure           L=32  B=512   m=1     inner=2144   min=     0.029 us/xform  median=     0.029  sd=  0.04%     27.81 GF/s  setup=0.010 s
fftw1d_measure           L=32  B=512   m=1     inner=2224   min=     0.028 us/xform  median=     0.028  sd=  0.03%     28.36 GF/s  setup=0.010 s
fftw1d_measure           L=32  B=512   m=1     inner=2554   min=     0.029 us/xform  median=     0.029  sd=  0.02%     27.54 GF/s  setup=0.010 s
fftw1d_measure           L=32  B=512   m=1     inner=2116   min=     0.030 us/xform  median=     0.030  sd=  0.02%     26.80 GF/s  setup=0.010 s
fftw1d_measure           L=32  B=512   m=1     inner=2534   min=     0.030 us/xform  median=     0.030  sd=  0.03%     27.11 GF/s  setup=0.009 s
fftw1d_measure           L=32  B=512   m=1     inner=2100   min=     0.029 us/xform  median=     0.029  sd=  0.03%     27.61 GF/s  setup=0.011 s
fftw1d_measure           L=32  B=512   m=1     inner=2578   min=     0.029 us/xform  median=     0.029  sd=  0.03%     27.58 GF/s  setup=0.010 s
fftw1d_measure           L=32  B=512   m=1     inner=2350   min=     0.029 us/xform  median=     0.029  sd=  0.03%     28.07 GF/s  setup=0.010 s
fftw1d_patient           L=32  B=512   m=1     inner=2582   min=     0.028 us/xform  median=     0.028  sd=  0.05%     28.16 GF/s  setup=0.062 s
fftw1d_patient           L=32  B=512   m=1     inner=2524   min=     0.029 us/xform  median=     0.029  sd=  0.04%     27.70 GF/s  setup=0.063 s
fftw1d_patient           L=32  B=512   m=1     inner=2458   min=     0.029 us/xform  median=     0.029  sd=  0.02%     27.37 GF/s  setup=0.063 s
fftw1d_patient           L=32  B=512   m=1     inner=2510   min=     0.029 us/xform  median=     0.029  sd=  0.02%     27.64 GF/s  setup=0.065 s
fftw1d_patient           L=32  B=512   m=1     inner=2542   min=     0.029 us/xform  median=     0.029  sd=  0.04%     27.41 GF/s  setup=0.066 s
fftw1d_patient           L=32  B=512   m=1     inner=2510   min=     0.030 us/xform  median=     0.030  sd=  0.01%     26.99 GF/s  setup=0.061 s
fftw1d_patient           L=32  B=512   m=1     inner=2532   min=     0.027 us/xform  median=     0.029  sd=  2.09%     30.01 GF/s  setup=0.062 s
fftw1d_patient           L=32  B=512   m=1     inner=2532   min=     0.028 us/xform  median=     0.028  sd=  0.02%     28.29 GF/s  setup=0.065 s
fftw1d_patient           L=32  B=512   m=1     inner=2842   min=     0.026 us/xform  median=     0.026  sd=  0.02%     31.14 GF/s  setup=0.061 s
mkl1d_dfti               L=32  B=512   m=1     inner=4400   min=     0.017 us/xform  median=     0.017  sd=  0.01%     45.96 GF/s  setup=0.002 s
mkl1d_dfti               L=32  B=512   m=1     inner=3678   min=     0.017 us/xform  median=     0.017  sd=  0.01%     45.98 GF/s  setup=0.002 s
mkl1d_dfti               L=32  B=512   m=1     inner=3524   min=     0.015 us/xform  median=     0.015  sd=  0.01%     52.31 GF/s  setup=0.002 s
mkl1d_dfti               L=32  B=512   m=1     inner=3536   min=     0.017 us/xform  median=     0.017  sd=  0.01%     45.96 GF/s  setup=0.001 s
mkl1d_dfti               L=32  B=512   m=1     inner=4440   min=     0.017 us/xform  median=     0.017  sd=  0.01%     45.96 GF/s  setup=0.001 s
mkl1d_dfti               L=32  B=512   m=1     inner=4418   min=     0.017 us/xform  median=     0.017  sd=  0.02%     45.97 GF/s  setup=0.002 s
mkl1d_dfti               L=32  B=512   m=1     inner=3520   min=     0.017 us/xform  median=     0.017  sd=  0.01%     45.96 GF/s  setup=0.002 s
mkl1d_dfti               L=32  B=512   m=1     inner=3522   min=     0.017 us/xform  median=     0.017  sd=  0.01%     45.97 GF/s  setup=0.002 s
mkl1d_dfti               L=32  B=512   m=1     inner=4408   min=     0.017 us/xform  median=     0.017  sd=  0.00%     45.97 GF/s  setup=0.001 s
baseline_dft             L=128 B=1     m=1     inner=1172   min=    33.934 us/xform  median=    33.939  sd=  0.02%      0.13 GF/s  setup=0.001 s
baseline_dft             L=128 B=1     m=1     inner=932    min=    33.934 us/xform  median=    33.936  sd=  0.02%      0.13 GF/s  setup=0.001 s
baseline_dft             L=128 B=1     m=1     inner=892    min=    28.115 us/xform  median=    28.117  sd=  0.13%      0.16 GF/s  setup=0.001 s
baseline_dft             L=128 B=1     m=1     inner=932    min=    33.933 us/xform  median=    33.936  sd=  0.01%      0.13 GF/s  setup=0.001 s
baseline_dft             L=128 B=1     m=1     inner=890    min=    33.935 us/xform  median=    33.937  sd=  0.01%      0.13 GF/s  setup=0.001 s
baseline_dft             L=128 B=1     m=1     inner=890    min=    33.936 us/xform  median=    33.937  sd=  0.01%      0.13 GF/s  setup=0.001 s
baseline_dft             L=128 B=1     m=1     inner=932    min=    33.934 us/xform  median=    33.936  sd=  0.01%      0.13 GF/s  setup=0.001 s
baseline_dft             L=128 B=1     m=1     inner=1176   min=    33.934 us/xform  median=    33.935  sd=  0.01%      0.13 GF/s  setup=0.001 s
baseline_dft             L=128 B=1     m=1     inner=1174   min=    33.935 us/xform  median=    33.938  sd=  0.01%      0.13 GF/s  setup=0.001 s
d1_batchlane             L=128 B=1     m=1     inner=348166 min=     0.114 us/xform  median=     0.114  sd=  0.05%     39.44 GF/s  setup=0.000 s
d1_batchlane             L=128 B=1     m=1     inner=355498 min=     0.111 us/xform  median=     0.111  sd=  0.08%     40.36 GF/s  setup=0.000 s
d1_batchlane             L=128 B=1     m=1     inner=355608 min=     0.098 us/xform  median=     0.098  sd=  3.91%     45.92 GF/s  setup=0.000 s
d1_batchlane             L=128 B=1     m=1     inner=270104 min=     0.111 us/xform  median=     0.111  sd=  0.06%     40.30 GF/s  setup=0.000 s
d1_batchlane             L=128 B=1     m=1     inner=269786 min=     0.111 us/xform  median=     0.111  sd=  0.06%     40.32 GF/s  setup=0.000 s
d1_batchlane             L=128 B=1     m=1     inner=356292 min=     0.111 us/xform  median=     0.111  sd=  0.05%     40.35 GF/s  setup=0.000 s
d1_batchlane             L=128 B=1     m=1     inner=282082 min=     0.111 us/xform  median=     0.111  sd=  0.09%     40.29 GF/s  setup=0.000 s
d1_batchlane             L=128 B=1     m=1     inner=283370 min=     0.111 us/xform  median=     0.111  sd=  0.07%     40.45 GF/s  setup=0.000 s
d1_batchlane             L=128 B=1     m=1     inner=272626 min=     0.111 us/xform  median=     0.111  sd=  0.05%     40.46 GF/s  setup=0.000 s
d1_bluestein             L=128 B=1     m=1     inner=158592 min=     0.251 us/xform  median=     0.251  sd=  0.03%     17.84 GF/s  setup=0.001 s
d1_bluestein             L=128 B=1     m=1     inner=136978 min=     0.233 us/xform  median=     0.233  sd=  0.01%     19.22 GF/s  setup=0.001 s
d1_bluestein             L=128 B=1     m=1     inner=137858 min=     0.230 us/xform  median=     0.231  sd=  0.02%     19.44 GF/s  setup=0.001 s
d1_bluestein             L=128 B=1     m=1     inner=121526 min=     0.264 us/xform  median=     0.264  sd=  0.03%     16.97 GF/s  setup=0.001 s
d1_bluestein             L=128 B=1     m=1     inner=135246 min=     0.227 us/xform  median=     0.227  sd=  0.06%     19.72 GF/s  setup=0.001 s
d1_bluestein             L=128 B=1     m=1     inner=139708 min=     0.231 us/xform  median=     0.231  sd=  0.02%     19.40 GF/s  setup=0.001 s
d1_bluestein             L=128 B=1     m=1     inner=162838 min=     0.244 us/xform  median=     0.245  sd=  0.02%     18.33 GF/s  setup=0.001 s
d1_bluestein             L=128 B=1     m=1     inner=124832 min=     0.251 us/xform  median=     0.251  sd=  0.04%     17.84 GF/s  setup=0.002 s
d1_bluestein             L=128 B=1     m=1     inner=125542 min=     0.257 us/xform  median=     0.257  sd=  0.05%     17.44 GF/s  setup=0.001 s
d1_planner               L=128 B=1     m=1     inner=218234 min=     0.143 us/xform  median=     0.143  sd=  0.05%     31.32 GF/s  setup=0.000 s
d1_planner               L=128 B=1     m=1     inner=214604 min=     0.146 us/xform  median=     0.146  sd=  0.05%     30.61 GF/s  setup=0.000 s
d1_planner               L=128 B=1     m=1     inner=216172 min=     0.145 us/xform  median=     0.146  sd=  0.16%     30.87 GF/s  setup=0.000 s
d1_planner               L=128 B=1     m=1     inner=215522 min=     0.148 us/xform  median=     0.148  sd=  0.03%     30.19 GF/s  setup=0.000 s
d1_planner               L=128 B=1     m=1     inner=214308 min=     0.149 us/xform  median=     0.149  sd=  0.07%     30.12 GF/s  setup=0.000 s
d1_planner               L=128 B=1     m=1     inner=204720 min=     0.147 us/xform  median=     0.148  sd=  0.09%     30.40 GF/s  setup=0.000 s
d1_planner               L=128 B=1     m=1     inner=208528 min=     0.148 us/xform  median=     0.149  sd=  0.11%     30.17 GF/s  setup=0.000 s
d1_planner               L=128 B=1     m=1     inner=213982 min=     0.146 us/xform  median=     0.147  sd=  0.14%     30.63 GF/s  setup=0.000 s
d1_planner               L=128 B=1     m=1     inner=105811 min=     0.148 us/xform  median=     0.148  sd=  0.14%     30.27 GF/s  setup=0.000 s
d1_pow2                  L=128 B=1     m=1     inner=308002 min=     0.129 us/xform  median=     0.129  sd=  0.04%     34.79 GF/s  setup=0.001 s
d1_pow2                  L=128 B=1     m=1     inner=249290 min=     0.126 us/xform  median=     0.127  sd=  0.10%     35.48 GF/s  setup=0.001 s
d1_pow2                  L=128 B=1     m=1     inner=249744 min=     0.122 us/xform  median=     0.122  sd=  0.13%     36.63 GF/s  setup=0.001 s
d1_pow2                  L=128 B=1     m=1     inner=315792 min=     0.125 us/xform  median=     0.126  sd=  0.22%     35.79 GF/s  setup=0.000 s
d1_pow2                  L=128 B=1     m=1     inner=316740 min=     0.125 us/xform  median=     0.125  sd=  0.27%     35.84 GF/s  setup=0.000 s
d1_pow2                  L=128 B=1     m=1     inner=233356 min=     0.125 us/xform  median=     0.125  sd=  0.28%     35.78 GF/s  setup=0.000 s
d1_pow2                  L=128 B=1     m=1     inner=249552 min=     0.126 us/xform  median=     0.126  sd=  0.11%     35.50 GF/s  setup=0.000 s
d1_pow2                  L=128 B=1     m=1     inner=248944 min=     0.126 us/xform  median=     0.126  sd=  0.16%     35.51 GF/s  setup=0.000 s
d1_pow2                  L=128 B=1     m=1     inner=219128 min=     0.130 us/xform  median=     0.131  sd=  4.42%     34.35 GF/s  setup=0.000 s
d1_race                  L=128 B=1     m=1     inner=356258 min=     0.111 us/xform  median=     0.111  sd=  0.07%     40.41 GF/s  setup=0.098 s
d1_race                  L=128 B=1     m=1     inner=281758 min=     0.111 us/xform  median=     0.111  sd=  0.07%     40.45 GF/s  setup=0.015 s
d1_race                  L=128 B=1     m=1     inner=357014 min=     0.111 us/xform  median=     0.111  sd=  0.10%     40.47 GF/s  setup=0.012 s
d1_race                  L=128 B=1     m=1     inner=357180 min=     0.111 us/xform  median=     0.111  sd=  0.07%     40.48 GF/s  setup=0.012 s
d1_race                  L=128 B=1     m=1     inner=353800 min=     0.112 us/xform  median=     0.112  sd=  0.07%     40.10 GF/s  setup=0.013 s
d1_race                  L=128 B=1     m=1     inner=353838 min=     0.097 us/xform  median=     0.111  sd=  3.78%     46.00 GF/s  setup=0.013 s
d1_race                  L=128 B=1     m=1     inner=277864 min=     0.111 us/xform  median=     0.111  sd=  0.08%     40.53 GF/s  setup=0.012 s
d1_race                  L=128 B=1     m=1     inner=352286 min=     0.113 us/xform  median=     0.113  sd=  0.12%     39.80 GF/s  setup=0.012 s
d1_race                  L=128 B=1     m=1     inner=329524 min=     0.111 us/xform  median=     0.111  sd=  0.10%     40.48 GF/s  setup=0.014 s
d1_twiddle               L=128 B=1     m=1     inner=315182 min=     0.124 us/xform  median=     0.125  sd=  0.21%     36.01 GF/s  setup=0.000 s
d1_twiddle               L=128 B=1     m=1     inner=257030 min=     0.125 us/xform  median=     0.125  sd=  0.25%     35.93 GF/s  setup=0.001 s
d1_twiddle               L=128 B=1     m=1     inner=314846 min=     0.125 us/xform  median=     0.125  sd=  0.24%     35.97 GF/s  setup=0.001 s
d1_twiddle               L=128 B=1     m=1     inner=228410 min=     0.128 us/xform  median=     0.129  sd=  2.57%     35.08 GF/s  setup=0.001 s
d1_twiddle               L=128 B=1     m=1     inner=261520 min=     0.125 us/xform  median=     0.126  sd=  0.18%     35.78 GF/s  setup=0.001 s
d1_twiddle               L=128 B=1     m=1     inner=247204 min=     0.109 us/xform  median=     0.109  sd=  0.27%     41.24 GF/s  setup=0.000 s
d1_twiddle               L=128 B=1     m=1     inner=247184 min=     0.124 us/xform  median=     0.124  sd=  0.17%     36.15 GF/s  setup=0.000 s
d1_twiddle               L=128 B=1     m=1     inner=313310 min=     0.128 us/xform  median=     0.128  sd=  0.24%     35.05 GF/s  setup=0.000 s
d1_twiddle               L=128 B=1     m=1     inner=244498 min=     0.124 us/xform  median=     0.125  sd=  0.27%     35.99 GF/s  setup=0.000 s
fftw1d_custom            L=128 B=1     m=1     inner=46406  min=     0.772 us/xform  median=     0.772  sd=  0.04%      5.80 GF/s  setup=0.000 s
fftw1d_custom            L=128 B=1     m=1     inner=44096  min=     0.772 us/xform  median=     0.772  sd=  0.02%      5.80 GF/s  setup=0.000 s
fftw1d_custom            L=128 B=1     m=1     inner=35656  min=     0.772 us/xform  median=     0.773  sd=  0.05%      5.80 GF/s  setup=0.000 s
fftw1d_custom            L=128 B=1     m=1     inner=46836  min=     0.772 us/xform  median=     0.772  sd=  0.02%      5.80 GF/s  setup=0.000 s
fftw1d_custom            L=128 B=1     m=1     inner=43624  min=     0.772 us/xform  median=     0.772  sd=  0.02%      5.80 GF/s  setup=0.000 s
fftw1d_custom            L=128 B=1     m=1     inner=35656  min=     0.772 us/xform  median=     0.772  sd=  0.07%      5.80 GF/s  setup=0.000 s
fftw1d_custom            L=128 B=1     m=1     inner=46938  min=     0.772 us/xform  median=     0.772  sd=  0.01%      5.80 GF/s  setup=0.000 s
fftw1d_custom            L=128 B=1     m=1     inner=46990  min=     0.651 us/xform  median=     0.772  sd=  4.62%      6.89 GF/s  setup=0.000 s
fftw1d_custom            L=128 B=1     m=1     inner=35790  min=     0.772 us/xform  median=     0.772  sd=  0.02%      5.80 GF/s  setup=0.000 s
fftw1d_estimate          L=128 B=1     m=1     inner=114463 min=     0.173 us/xform  median=     0.174  sd=  0.18%     25.90 GF/s  setup=0.001 s
fftw1d_estimate          L=128 B=1     m=1     inner=183086 min=     0.173 us/xform  median=     0.173  sd=  0.13%     25.91 GF/s  setup=0.001 s
fftw1d_estimate          L=128 B=1     m=1     inner=176254 min=     0.173 us/xform  median=     0.174  sd=  0.14%     25.83 GF/s  setup=0.001 s
fftw1d_estimate          L=128 B=1     m=1     inner=181138 min=     0.174 us/xform  median=     0.175  sd=  0.17%     25.76 GF/s  setup=0.001 s
fftw1d_estimate          L=128 B=1     m=1     inner=178786 min=     0.174 us/xform  median=     0.176  sd=  0.45%     25.75 GF/s  setup=0.001 s
fftw1d_estimate          L=128 B=1     m=1     inner=231554 min=     0.170 us/xform  median=     0.172  sd=  0.32%     26.33 GF/s  setup=0.001 s
fftw1d_estimate          L=128 B=1     m=1     inner=178492 min=     0.171 us/xform  median=     0.173  sd=  0.30%     26.17 GF/s  setup=0.001 s
fftw1d_estimate          L=128 B=1     m=1     inner=114778 min=     0.174 us/xform  median=     0.175  sd=  0.32%     25.74 GF/s  setup=0.001 s
fftw1d_estimate          L=128 B=1     m=1     inner=228292 min=     0.153 us/xform  median=     0.153  sd=  0.19%     29.37 GF/s  setup=0.001 s
fftw1d_measure           L=128 B=1     m=1     inner=310560 min=     0.128 us/xform  median=     0.128  sd=  0.05%     34.93 GF/s  setup=0.040 s
fftw1d_measure           L=128 B=1     m=1     inner=156750 min=     0.130 us/xform  median=     0.130  sd=  0.10%     34.58 GF/s  setup=0.041 s
fftw1d_measure           L=128 B=1     m=1     inner=327486 min=     0.122 us/xform  median=     0.122  sd=  0.06%     36.86 GF/s  setup=0.040 s
fftw1d_measure           L=128 B=1     m=1     inner=289380 min=     0.138 us/xform  median=     0.138  sd=  0.08%     32.52 GF/s  setup=0.040 s
fftw1d_measure           L=128 B=1     m=1     inner=324560 min=     0.122 us/xform  median=     0.123  sd=  0.05%     36.60 GF/s  setup=0.040 s
fftw1d_measure           L=128 B=1     m=1     inner=306342 min=     0.130 us/xform  median=     0.130  sd=  0.06%     34.56 GF/s  setup=0.040 s
fftw1d_measure           L=128 B=1     m=1     inner=327066 min=     0.122 us/xform  median=     0.122  sd=  0.08%     36.85 GF/s  setup=0.040 s
fftw1d_measure           L=128 B=1     m=1     inner=322404 min=     0.123 us/xform  median=     0.124  sd=  0.05%     36.29 GF/s  setup=0.040 s
fftw1d_measure           L=128 B=1     m=1     inner=329786 min=     0.121 us/xform  median=     0.121  sd=  0.04%     37.11 GF/s  setup=0.040 s
fftw1d_patient           L=128 B=1     m=1     inner=324632 min=     0.123 us/xform  median=     0.123  sd=  0.05%     36.50 GF/s  setup=0.137 s
fftw1d_patient           L=128 B=1     m=1     inner=345024 min=     0.115 us/xform  median=     0.115  sd=  0.04%     38.84 GF/s  setup=0.137 s
fftw1d_patient           L=128 B=1     m=1     inner=332398 min=     0.120 us/xform  median=     0.120  sd=  0.03%     37.38 GF/s  setup=0.137 s
fftw1d_patient           L=128 B=1     m=1     inner=338838 min=     0.118 us/xform  median=     0.118  sd=  0.01%     38.06 GF/s  setup=0.138 s
fftw1d_patient           L=128 B=1     m=1     inner=341452 min=     0.117 us/xform  median=     0.117  sd=  0.07%     38.43 GF/s  setup=0.137 s
fftw1d_patient           L=128 B=1     m=1     inner=367168 min=     0.108 us/xform  median=     0.109  sd=  0.06%     41.29 GF/s  setup=0.135 s
fftw1d_patient           L=128 B=1     m=1     inner=385396 min=     0.103 us/xform  median=     0.104  sd=  0.01%     43.29 GF/s  setup=0.134 s
fftw1d_patient           L=128 B=1     m=1     inner=289486 min=     0.121 us/xform  median=     0.121  sd=  5.24%     37.06 GF/s  setup=0.138 s
fftw1d_patient           L=128 B=1     m=1     inner=393158 min=     0.101 us/xform  median=     0.101  sd=  0.08%     44.23 GF/s  setup=0.135 s
mkl1d_dfti               L=128 B=1     m=1     inner=189170 min=     0.105 us/xform  median=     0.106  sd=  0.23%     42.49 GF/s  setup=0.002 s
mkl1d_dfti               L=128 B=1     m=1     inner=321722 min=     0.104 us/xform  median=     0.104  sd=  0.51%     43.25 GF/s  setup=0.002 s
mkl1d_dfti               L=128 B=1     m=1     inner=189348 min=     0.105 us/xform  median=     0.106  sd=  0.27%     42.59 GF/s  setup=0.001 s
mkl1d_dfti               L=128 B=1     m=1     inner=315198 min=     0.105 us/xform  median=     0.105  sd=  0.27%     42.76 GF/s  setup=0.002 s
mkl1d_dfti               L=128 B=1     m=1     inner=377934 min=     0.104 us/xform  median=     0.105  sd=  0.33%     43.02 GF/s  setup=0.001 s
mkl1d_dfti               L=128 B=1     m=1     inner=189555 min=     0.105 us/xform  median=     0.106  sd=  0.31%     42.50 GF/s  setup=0.001 s
mkl1d_dfti               L=128 B=1     m=1     inner=305614 min=     0.104 us/xform  median=     0.104  sd=  0.43%     43.23 GF/s  setup=0.002 s
mkl1d_dfti               L=128 B=1     m=1     inner=305940 min=     0.104 us/xform  median=     0.104  sd=  0.37%     43.16 GF/s  setup=0.002 s
mkl1d_dfti               L=128 B=1     m=1     inner=191541 min=     0.104 us/xform  median=     0.105  sd=  0.37%     43.09 GF/s  setup=0.001 s
   skipping baseline_dft at L=128 B=512 (too expensive to be informative)
d1_batchlane             L=128 B=512   m=250   inner=1      min=     0.200 us/xform  median=     0.200  sd=  0.06%     22.43 GF/s  setup=0.000 s
d1_batchlane             L=128 B=512   m=250   inner=1      min=     0.201 us/xform  median=     0.201  sd=  0.04%     22.30 GF/s  setup=0.000 s
d1_batchlane             L=128 B=512   m=250   inner=1      min=     0.201 us/xform  median=     0.201  sd=  0.04%     22.32 GF/s  setup=0.000 s
d1_batchlane             L=128 B=512   m=2     inner=4      min=     0.368 us/xform  median=     0.368  sd=  0.00%     12.18 GF/s  setup=0.000 s
d1_bluestein             L=128 B=512   m=250   inner=1      min=     0.641 us/xform  median=     0.775  sd=  7.50%      6.99 GF/s  setup=0.001 s
d1_bluestein             L=128 B=512   m=250   inner=1      min=     0.740 us/xform  median=     0.740  sd=  0.01%      6.05 GF/s  setup=0.001 s
d1_bluestein             L=128 B=512   m=250   inner=1      min=     0.646 us/xform  median=     0.786  sd=  9.63%      6.94 GF/s  setup=0.001 s
d1_bluestein             L=128 B=512   m=2     inner=1      min=     1.053 us/xform  median=     1.053  sd=  0.00%      4.26 GF/s  setup=0.001 s
d1_planner               L=128 B=512   m=250   inner=1      min=     0.186 us/xform  median=     0.186  sd=  0.01%     24.11 GF/s  setup=0.000 s
d1_planner               L=128 B=512   m=250   inner=1      min=     0.163 us/xform  median=     0.164  sd=  0.05%     27.41 GF/s  setup=0.000 s
d1_planner               L=128 B=512   m=250   inner=1      min=     0.187 us/xform  median=     0.187  sd=  0.03%     23.99 GF/s  setup=0.000 s
d1_planner               L=128 B=512   m=2     inner=4      min=     0.380 us/xform  median=     0.380  sd=  0.00%     11.79 GF/s  setup=0.000 s
d1_pow2                  L=128 B=512   m=250   inner=1      min=     0.201 us/xform  median=     0.201  sd=  0.15%     22.34 GF/s  setup=0.000 s
d1_pow2                  L=128 B=512   m=250   inner=1      min=     0.201 us/xform  median=     0.201  sd=  0.03%     22.32 GF/s  setup=0.001 s
d1_pow2                  L=128 B=512   m=250   inner=1      min=     0.201 us/xform  median=     0.201  sd=  0.01%     22.25 GF/s  setup=0.001 s
d1_pow2                  L=128 B=512   m=2     inner=4      min=     0.338 us/xform  median=     0.338  sd=  0.00%     13.26 GF/s  setup=0.000 s
d1_race                  L=128 B=512   m=250   inner=1      min=     0.194 us/xform  median=     0.194  sd=  0.02%     23.15 GF/s  setup=0.007 s
d1_race                  L=128 B=512   m=250   inner=1      min=     0.190 us/xform  median=     0.190  sd=  0.02%     23.54 GF/s  setup=0.013 s
d1_race                  L=128 B=512   m=250   inner=1      min=     0.195 us/xform  median=     0.195  sd=  0.04%     22.93 GF/s  setup=0.008 s
d1_race                  L=128 B=512   m=2     inner=4      min=     0.469 us/xform  median=     0.469  sd=  0.00%      9.56 GF/s  setup=0.007 s
d1_twiddle               L=128 B=512   m=250   inner=1      min=     0.195 us/xform  median=     0.196  sd=  0.09%     22.95 GF/s  setup=0.000 s
d1_twiddle               L=128 B=512   m=250   inner=1      min=     0.172 us/xform  median=     0.172  sd=  0.13%     26.10 GF/s  setup=0.001 s
d1_twiddle               L=128 B=512   m=250   inner=1      min=     0.169 us/xform  median=     0.170  sd=  0.14%     26.48 GF/s  setup=0.000 s
d1_twiddle               L=128 B=512   m=2     inner=4      min=     0.359 us/xform  median=     0.359  sd=  0.00%     12.49 GF/s  setup=0.000 s
fftw1d_custom            L=128 B=512   m=250   inner=1      min=     0.707 us/xform  median=     0.708  sd=  0.21%      6.34 GF/s  setup=0.000 s
fftw1d_custom            L=128 B=512   m=250   inner=1      min=     0.669 us/xform  median=     0.671  sd=  0.14%      6.70 GF/s  setup=0.000 s
fftw1d_custom            L=128 B=512   m=250   inner=1      min=     0.669 us/xform  median=     0.669  sd=  0.11%      6.70 GF/s  setup=0.000 s
fftw1d_custom            L=128 B=512   m=2     inner=1      min=     1.424 us/xform  median=     1.424  sd=  0.00%      3.15 GF/s  setup=0.000 s
fftw1d_custom_soa        L=128 B=512   m=250   inner=1      min=     0.449 us/xform  median=     0.450  sd=  0.20%      9.97 GF/s  setup=0.000 s
fftw1d_custom_soa        L=128 B=512   m=250   inner=1      min=     0.443 us/xform  median=     0.444  sd=  0.48%     10.10 GF/s  setup=0.000 s
fftw1d_custom_soa        L=128 B=512   m=250   inner=1      min=     0.397 us/xform  median=     0.397  sd=  1.63%     11.29 GF/s  setup=0.000 s
fftw1d_custom_soa        L=128 B=512   m=2     inner=1      min=     1.260 us/xform  median=     1.260  sd=  0.00%      3.56 GF/s  setup=0.000 s
fftw1d_estimate          L=128 B=512   m=250   inner=1      min=     0.844 us/xform  median=     0.851  sd= 13.35%      5.31 GF/s  setup=0.001 s
fftw1d_estimate          L=128 B=512   m=250   inner=1      min=     0.845 us/xform  median=     0.846  sd=  0.10%      5.30 GF/s  setup=0.001 s
fftw1d_estimate          L=128 B=512   m=250   inner=1      min=     0.859 us/xform  median=     0.859  sd=  0.06%      5.22 GF/s  setup=0.001 s
fftw1d_estimate          L=128 B=512   m=2     inner=1      min=     1.091 us/xform  median=     1.091  sd=  0.00%      4.11 GF/s  setup=0.001 s
fftw1d_measure           L=128 B=512   m=250   inner=1      min=     0.574 us/xform  median=     0.575  sd=  0.01%      7.80 GF/s  setup=0.047 s
fftw1d_measure           L=128 B=512   m=250   inner=1      min=     0.575 us/xform  median=     0.575  sd=  0.01%      7.79 GF/s  setup=0.046 s
fftw1d_measure           L=128 B=512   m=250   inner=1      min=     0.574 us/xform  median=     0.575  sd=  0.03%      7.80 GF/s  setup=0.046 s
fftw1d_measure           L=128 B=512   m=2     inner=2      min=     0.824 us/xform  median=     0.824  sd=  0.00%      5.44 GF/s  setup=0.049 s
fftw1d_patient           L=128 B=512   m=250   inner=1      min=     0.576 us/xform  median=     0.576  sd=  0.02%      7.78 GF/s  setup=0.696 s
fftw1d_patient           L=128 B=512   m=250   inner=1      min=     0.574 us/xform  median=     0.574  sd=  0.02%      7.81 GF/s  setup=0.693 s
fftw1d_patient           L=128 B=512   m=250   inner=1      min=     0.594 us/xform  median=     0.594  sd=  0.02%      7.54 GF/s  setup=0.846 s
fftw1d_patient           L=128 B=512   m=2     inner=2      min=     0.633 us/xform  median=     0.633  sd=  0.00%      7.08 GF/s  setup=0.697 s
mkl1d_dfti               L=128 B=512   m=250   inner=1      min=     0.616 us/xform  median=     0.616  sd=  0.01%      7.27 GF/s  setup=0.002 s
mkl1d_dfti               L=128 B=512   m=250   inner=1      min=     0.613 us/xform  median=     0.614  sd=  0.00%      7.30 GF/s  setup=0.002 s
mkl1d_dfti               L=128 B=512   m=250   inner=1      min=     0.612 us/xform  median=     0.612  sd=  0.01%      7.33 GF/s  setup=0.002 s
mkl1d_dfti               L=128 B=512   m=2     inner=2      min=     0.628 us/xform  median=     0.628  sd=  0.00%      7.13 GF/s  setup=0.001 s
baseline_dft             L=13  B=1     m=1     inner=94186  min=     0.353 us/xform  median=     0.353  sd=  0.02%      0.68 GF/s  setup=0.000 s
baseline_dft             L=13  B=1     m=1     inner=72856  min=     0.353 us/xform  median=     0.353  sd=  0.03%      0.68 GF/s  setup=0.000 s
baseline_dft             L=13  B=1     m=1     inner=82278  min=     0.353 us/xform  median=     0.353  sd=  0.02%      0.68 GF/s  setup=0.000 s
baseline_dft             L=13  B=1     m=1     inner=70814  min=     0.353 us/xform  median=     0.353  sd=  0.03%      0.68 GF/s  setup=0.000 s
baseline_dft             L=13  B=1     m=1     inner=63114  min=     0.293 us/xform  median=     0.293  sd=  1.85%      0.82 GF/s  setup=0.000 s
baseline_dft             L=13  B=1     m=1     inner=72366  min=     0.293 us/xform  median=     0.293  sd=  1.23%      0.82 GF/s  setup=0.000 s
baseline_dft             L=13  B=1     m=1     inner=71522  min=     0.293 us/xform  median=     0.293  sd=  0.65%      0.82 GF/s  setup=0.000 s
baseline_dft             L=13  B=1     m=1     inner=71048  min=     0.293 us/xform  median=     0.293  sd=  0.68%      0.82 GF/s  setup=0.000 s
baseline_dft             L=13  B=1     m=1     inner=101534 min=     0.293 us/xform  median=     0.293  sd=  0.01%      0.82 GF/s  setup=0.000 s
d1_batchlane             L=13  B=1     m=1     inner=2672436 min=     0.014 us/xform  median=     0.014  sd=  0.81%     16.72 GF/s  setup=0.000 s
d1_batchlane             L=13  B=1     m=1     inner=1927554 min=     0.016 us/xform  median=     0.016  sd=  0.15%     14.71 GF/s  setup=0.000 s
d1_batchlane             L=13  B=1     m=1     inner=943761 min=     0.021 us/xform  median=     0.021  sd=  0.35%     11.39 GF/s  setup=0.000 s
d1_batchlane             L=13  B=1     m=1     inner=1934314 min=     0.014 us/xform  median=     0.014  sd=  0.32%     16.79 GF/s  setup=0.000 s
d1_batchlane             L=13  B=1     m=1     inner=1734596 min=     0.017 us/xform  median=     0.017  sd=  0.42%     13.97 GF/s  setup=0.000 s
d1_batchlane             L=13  B=1     m=1     inner=1807400 min=     0.015 us/xform  median=     0.015  sd=  0.22%     16.45 GF/s  setup=0.000 s
d1_batchlane             L=13  B=1     m=1     inner=2684888 min=     0.014 us/xform  median=     0.014  sd=  0.17%     16.74 GF/s  setup=0.000 s
d1_batchlane             L=13  B=1     m=1     inner=2076938 min=     0.019 us/xform  median=     0.019  sd=  0.37%     12.90 GF/s  setup=0.000 s
d1_batchlane             L=13  B=1     m=1     inner=1598048 min=     0.020 us/xform  median=     0.020  sd=  0.56%     12.27 GF/s  setup=0.000 s
d1_bluestein             L=13  B=1     m=1     inner=236636 min=     0.109 us/xform  median=     0.111  sd=  1.22%      2.21 GF/s  setup=0.000 s
d1_bluestein             L=13  B=1     m=1     inner=170774 min=     0.112 us/xform  median=     0.114  sd=  0.62%      2.15 GF/s  setup=0.000 s
d1_bluestein             L=13  B=1     m=1     inner=220820 min=     0.110 us/xform  median=     0.112  sd=  0.71%      2.18 GF/s  setup=0.000 s
d1_bluestein             L=13  B=1     m=1     inner=171454 min=     0.111 us/xform  median=     0.112  sd=  0.63%      2.16 GF/s  setup=0.000 s
d1_bluestein             L=13  B=1     m=1     inner=167444 min=     0.117 us/xform  median=     0.118  sd=  0.80%      2.05 GF/s  setup=0.000 s
d1_bluestein             L=13  B=1     m=1     inner=279870 min=     0.111 us/xform  median=     0.113  sd=  0.62%      2.16 GF/s  setup=0.000 s
d1_bluestein             L=13  B=1     m=1     inner=331016 min=     0.113 us/xform  median=     0.114  sd=  0.60%      2.13 GF/s  setup=0.000 s
d1_bluestein             L=13  B=1     m=1     inner=352194 min=     0.111 us/xform  median=     0.112  sd=  0.47%      2.17 GF/s  setup=0.000 s
d1_bluestein             L=13  B=1     m=1     inner=165828 min=     0.113 us/xform  median=     0.114  sd=  0.44%      2.13 GF/s  setup=0.000 s
d1_planner               L=13  B=1     m=1     inner=2021468 min=     0.020 us/xform  median=     0.020  sd=  0.49%     12.21 GF/s  setup=0.000 s
d1_planner               L=13  B=1     m=1     inner=1572498 min=     0.020 us/xform  median=     0.020  sd=  0.36%     12.02 GF/s  setup=0.000 s
d1_planner               L=13  B=1     m=1     inner=1930376 min=     0.021 us/xform  median=     0.021  sd=  0.48%     11.66 GF/s  setup=0.000 s
d1_planner               L=13  B=1     m=1     inner=1101348 min=     0.018 us/xform  median=     0.018  sd=  0.43%     13.36 GF/s  setup=0.000 s
d1_planner               L=13  B=1     m=1     inner=1873726 min=     0.017 us/xform  median=     0.017  sd=  0.28%     14.21 GF/s  setup=0.000 s
d1_planner               L=13  B=1     m=1     inner=2339386 min=     0.017 us/xform  median=     0.017  sd=  0.27%     14.25 GF/s  setup=0.000 s
d1_planner               L=13  B=1     m=1     inner=1420104 min=     0.022 us/xform  median=     0.022  sd=  0.10%     10.89 GF/s  setup=0.000 s
d1_planner               L=13  B=1     m=1     inner=918229 min=     0.021 us/xform  median=     0.022  sd=  0.32%     11.21 GF/s  setup=0.000 s
d1_planner               L=13  B=1     m=1     inner=1094069 min=     0.018 us/xform  median=     0.018  sd=  0.37%     13.24 GF/s  setup=0.000 s
d1_prime                 L=13  B=1     m=1     inner=2084122 min=     0.016 us/xform  median=     0.016  sd=  0.26%     15.46 GF/s  setup=0.000 s
d1_prime                 L=13  B=1     m=1     inner=2044838 min=     0.016 us/xform  median=     0.016  sd=  0.17%     15.46 GF/s  setup=0.000 s
d1_prime                 L=13  B=1     m=1     inner=2012828 min=     0.016 us/xform  median=     0.016  sd=  0.18%     15.45 GF/s  setup=0.000 s
d1_prime                 L=13  B=1     m=1     inner=2484186 min=     0.016 us/xform  median=     0.016  sd=  0.20%     15.12 GF/s  setup=0.000 s
d1_prime                 L=13  B=1     m=1     inner=1250976 min=     0.016 us/xform  median=     0.016  sd=  0.17%     15.15 GF/s  setup=0.000 s
d1_prime                 L=13  B=1     m=1     inner=2068710 min=     0.016 us/xform  median=     0.016  sd=  0.19%     15.44 GF/s  setup=0.000 s
d1_prime                 L=13  B=1     m=1     inner=2044758 min=     0.016 us/xform  median=     0.016  sd=  0.25%     15.46 GF/s  setup=0.000 s
d1_prime                 L=13  B=1     m=1     inner=1772980 min=     0.018 us/xform  median=     0.018  sd=  0.24%     13.62 GF/s  setup=0.000 s
d1_prime                 L=13  B=1     m=1     inner=2047268 min=     0.016 us/xform  median=     0.016  sd=  0.14%     15.17 GF/s  setup=0.000 s
d1_race                  L=13  B=1     m=1     inner=2295822 min=     0.017 us/xform  median=     0.017  sd=  0.24%     14.33 GF/s  setup=0.143 s
d1_race                  L=13  B=1     m=1     inner=2262248 min=     0.016 us/xform  median=     0.016  sd=  0.24%     14.95 GF/s  setup=0.015 s
d1_race                  L=13  B=1     m=1     inner=2411836 min=     0.016 us/xform  median=     0.016  sd=  0.29%     15.40 GF/s  setup=0.015 s
d1_race                  L=13  B=1     m=1     inner=2337494 min=     0.016 us/xform  median=     0.016  sd=  0.16%     14.85 GF/s  setup=0.011 s
d1_race                  L=13  B=1     m=1     inner=2413164 min=     0.016 us/xform  median=     0.016  sd=  0.21%     14.77 GF/s  setup=0.011 s
d1_race                  L=13  B=1     m=1     inner=2420838 min=     0.016 us/xform  median=     0.016  sd=  0.35%     14.95 GF/s  setup=0.014 s
d1_race                  L=13  B=1     m=1     inner=2361064 min=     0.017 us/xform  median=     0.017  sd=  0.23%     14.55 GF/s  setup=0.011 s
d1_race                  L=13  B=1     m=1     inner=2666010 min=     0.015 us/xform  median=     0.015  sd=  0.18%     16.34 GF/s  setup=0.011 s
d1_race                  L=13  B=1     m=1     inner=2627138 min=     0.015 us/xform  median=     0.015  sd=  0.17%     16.16 GF/s  setup=0.010 s
d1_rader                 L=13  B=1     m=1     inner=2150306 min=     0.015 us/xform  median=     0.015  sd=  0.02%     16.34 GF/s  setup=0.000 s
d1_rader                 L=13  B=1     m=1     inner=1358166 min=     0.015 us/xform  median=     0.015  sd=  0.02%     16.34 GF/s  setup=0.000 s
d1_rader                 L=13  B=1     m=1     inner=1433618 min=     0.014 us/xform  median=     0.014  sd=  0.03%     17.23 GF/s  setup=0.000 s
d1_rader                 L=13  B=1     m=1     inner=2227252 min=     0.015 us/xform  median=     0.015  sd=  0.00%     16.34 GF/s  setup=0.000 s
d1_rader                 L=13  B=1     m=1     inner=2204746 min=     0.015 us/xform  median=     0.015  sd=  0.00%     16.34 GF/s  setup=0.000 s
d1_rader                 L=13  B=1     m=1     inner=2224700 min=     0.015 us/xform  median=     0.015  sd=  0.01%     16.34 GF/s  setup=0.000 s
d1_rader                 L=13  B=1     m=1     inner=2184944 min=     0.014 us/xform  median=     0.014  sd=  0.01%     16.77 GF/s  setup=0.000 s
d1_rader                 L=13  B=1     m=1     inner=2314282 min=     0.014 us/xform  median=     0.014  sd=  0.02%     17.24 GF/s  setup=0.000 s
d1_rader                 L=13  B=1     m=1     inner=1430560 min=     0.014 us/xform  median=     0.014  sd=  0.01%     17.23 GF/s  setup=0.000 s
fftw1d_custom            L=13  B=1     m=1     inner=554786 min=     0.057 us/xform  median=     0.058  sd=  0.15%      4.19 GF/s  setup=0.000 s
fftw1d_custom            L=13  B=1     m=1     inner=690896 min=     0.057 us/xform  median=     0.058  sd=  0.19%      4.19 GF/s  setup=0.000 s
fftw1d_custom            L=13  B=1     m=1     inner=680526 min=     0.058 us/xform  median=     0.059  sd=  0.10%      4.12 GF/s  setup=0.000 s
fftw1d_custom            L=13  B=1     m=1     inner=499422 min=     0.057 us/xform  median=     0.057  sd=  0.13%      4.24 GF/s  setup=0.000 s
fftw1d_custom            L=13  B=1     m=1     inner=525164 min=     0.059 us/xform  median=     0.059  sd=  0.18%      4.07 GF/s  setup=0.000 s
fftw1d_custom            L=13  B=1     m=1     inner=624720 min=     0.058 us/xform  median=     0.058  sd=  0.11%      4.17 GF/s  setup=0.000 s
fftw1d_custom            L=13  B=1     m=1     inner=563712 min=     0.057 us/xform  median=     0.057  sd=  0.12%      4.23 GF/s  setup=0.000 s
fftw1d_custom            L=13  B=1     m=1     inner=571812 min=     0.057 us/xform  median=     0.057  sd=  0.08%      4.24 GF/s  setup=0.000 s
fftw1d_custom            L=13  B=1     m=1     inner=548524 min=     0.057 us/xform  median=     0.058  sd=  0.20%      4.19 GF/s  setup=0.000 s
fftw1d_estimate          L=13  B=1     m=1     inner=1196136 min=     0.026 us/xform  median=     0.026  sd=  0.11%      9.11 GF/s  setup=0.001 s
fftw1d_estimate          L=13  B=1     m=1     inner=1196424 min=     0.026 us/xform  median=     0.026  sd=  0.12%      9.11 GF/s  setup=0.001 s
fftw1d_estimate          L=13  B=1     m=1     inner=1199798 min=     0.026 us/xform  median=     0.026  sd=  0.13%      9.11 GF/s  setup=0.001 s
fftw1d_estimate          L=13  B=1     m=1     inner=1504864 min=     0.026 us/xform  median=     0.026  sd=  0.10%      9.11 GF/s  setup=0.001 s
fftw1d_estimate          L=13  B=1     m=1     inner=1507724 min=     0.026 us/xform  median=     0.026  sd=  0.10%      9.11 GF/s  setup=0.001 s
fftw1d_estimate          L=13  B=1     m=1     inner=1113982 min=     0.028 us/xform  median=     0.028  sd=  0.13%      8.50 GF/s  setup=0.001 s
fftw1d_estimate          L=13  B=1     m=1     inner=1167904 min=     0.026 us/xform  median=     0.026  sd=  0.05%      9.11 GF/s  setup=0.001 s
fftw1d_estimate          L=13  B=1     m=1     inner=1504256 min=     0.026 us/xform  median=     0.026  sd=  0.11%      9.12 GF/s  setup=0.001 s
fftw1d_estimate          L=13  B=1     m=1     inner=1190672 min=     0.026 us/xform  median=     0.027  sd=  0.13%      9.09 GF/s  setup=0.001 s
fftw1d_measure           L=13  B=1     m=1     inner=1488538 min=     0.027 us/xform  median=     0.027  sd=  0.10%      9.02 GF/s  setup=0.001 s
fftw1d_measure           L=13  B=1     m=1     inner=1188780 min=     0.027 us/xform  median=     0.027  sd=  0.10%      8.96 GF/s  setup=0.001 s
fftw1d_measure           L=13  B=1     m=1     inner=1190452 min=     0.026 us/xform  median=     0.027  sd=  0.23%      9.11 GF/s  setup=0.001 s
fftw1d_measure           L=13  B=1     m=1     inner=1119542 min=     0.028 us/xform  median=     0.028  sd=  0.07%      8.49 GF/s  setup=0.001 s
fftw1d_measure           L=13  B=1     m=1     inner=1188886 min=     0.026 us/xform  median=     0.026  sd=  0.10%      9.11 GF/s  setup=0.001 s
fftw1d_measure           L=13  B=1     m=1     inner=1113538 min=     0.027 us/xform  median=     0.027  sd=  0.07%      8.86 GF/s  setup=0.001 s
fftw1d_measure           L=13  B=1     m=1     inner=1152578 min=     0.027 us/xform  median=     0.027  sd=  0.08%      8.95 GF/s  setup=0.001 s
fftw1d_measure           L=13  B=1     m=1     inner=1189206 min=     0.027 us/xform  median=     0.027  sd=  0.10%      9.07 GF/s  setup=0.001 s
fftw1d_measure           L=13  B=1     m=1     inner=1155508 min=     0.026 us/xform  median=     0.026  sd=  0.14%      9.12 GF/s  setup=0.001 s
fftw1d_patient           L=13  B=1     m=1     inner=1494814 min=     0.027 us/xform  median=     0.027  sd=  0.07%      9.05 GF/s  setup=0.001 s
fftw1d_patient           L=13  B=1     m=1     inner=754057 min=     0.026 us/xform  median=     0.026  sd=  0.14%      9.11 GF/s  setup=0.001 s
fftw1d_patient           L=13  B=1     m=1     inner=1135194 min=     0.027 us/xform  median=     0.027  sd=  0.13%      9.06 GF/s  setup=0.001 s
fftw1d_patient           L=13  B=1     m=1     inner=1194010 min=     0.027 us/xform  median=     0.027  sd=  0.06%      8.95 GF/s  setup=0.001 s
fftw1d_patient           L=13  B=1     m=1     inner=1187472 min=     0.026 us/xform  median=     0.027  sd=  0.18%      9.10 GF/s  setup=0.001 s
fftw1d_patient           L=13  B=1     m=1     inner=1194962 min=     0.026 us/xform  median=     0.026  sd=  0.12%      9.11 GF/s  setup=0.001 s
fftw1d_patient           L=13  B=1     m=1     inner=1146646 min=     0.027 us/xform  median=     0.027  sd=  0.11%      9.03 GF/s  setup=0.001 s
fftw1d_patient           L=13  B=1     m=1     inner=715410 min=     0.028 us/xform  median=     0.028  sd=  0.09%      8.63 GF/s  setup=0.001 s
fftw1d_patient           L=13  B=1     m=1     inner=720502 min=     0.028 us/xform  median=     0.028  sd=  0.07%      8.69 GF/s  setup=0.001 s
mkl1d_dfti               L=13  B=1     m=1     inner=798758 min=     0.026 us/xform  median=     0.026  sd=  1.87%      9.29 GF/s  setup=0.055 s
mkl1d_dfti               L=13  B=1     m=1     inner=1244130 min=     0.030 us/xform  median=     0.030  sd=  0.63%      8.04 GF/s  setup=0.014 s
mkl1d_dfti               L=13  B=1     m=1     inner=1542020 min=     0.026 us/xform  median=     0.026  sd=  0.11%      9.30 GF/s  setup=0.015 s
mkl1d_dfti               L=13  B=1     m=1     inner=1518464 min=     0.026 us/xform  median=     0.026  sd=  0.06%      9.16 GF/s  setup=0.015 s
mkl1d_dfti               L=13  B=1     m=1     inner=773768 min=     0.026 us/xform  median=     0.026  sd=  0.38%      9.30 GF/s  setup=0.034 s
mkl1d_dfti               L=13  B=1     m=1     inner=770918 min=     0.026 us/xform  median=     0.026  sd=  0.08%      9.28 GF/s  setup=0.034 s
mkl1d_dfti               L=13  B=1     m=1     inner=1542430 min=     0.021 us/xform  median=     0.021  sd=  6.93%     11.22 GF/s  setup=0.014 s
mkl1d_dfti               L=13  B=1     m=1     inner=1835320 min=     0.022 us/xform  median=     0.022  sd=  0.05%     11.16 GF/s  setup=0.029 s
mkl1d_dfti               L=13  B=1     m=1     inner=1834862 min=     0.021 us/xform  median=     0.021  sd=  0.25%     11.22 GF/s  setup=0.031 s
baseline_dft             L=32  B=1     m=1     inner=14480  min=     2.128 us/xform  median=     2.129  sd=  0.06%      0.38 GF/s  setup=0.000 s
baseline_dft             L=32  B=1     m=1     inner=18232  min=     2.128 us/xform  median=     2.128  sd=  0.01%      0.38 GF/s  setup=0.000 s
baseline_dft             L=32  B=1     m=1     inner=14200  min=     2.128 us/xform  median=     2.129  sd=  0.01%      0.38 GF/s  setup=0.000 s
baseline_dft             L=32  B=1     m=1     inner=14428  min=     2.129 us/xform  median=     2.129  sd=  0.01%      0.38 GF/s  setup=0.000 s
baseline_dft             L=32  B=1     m=1     inner=18264  min=     2.128 us/xform  median=     2.129  sd=  0.00%      0.38 GF/s  setup=0.000 s
baseline_dft             L=32  B=1     m=1     inner=14410  min=     2.129 us/xform  median=     2.129  sd=  0.02%      0.38 GF/s  setup=0.000 s
baseline_dft             L=32  B=1     m=1     inner=18190  min=     2.128 us/xform  median=     2.129  sd=  0.01%      0.38 GF/s  setup=0.000 s
baseline_dft             L=32  B=1     m=1     inner=13820  min=     2.128 us/xform  median=     2.129  sd=  0.02%      0.38 GF/s  setup=0.000 s
baseline_dft             L=32  B=1     m=1     inner=13762  min=     2.129 us/xform  median=     2.129  sd=  0.01%      0.38 GF/s  setup=0.000 s
d1_batchlane             L=32  B=1     m=1     inner=1330448 min=     0.022 us/xform  median=     0.022  sd=  0.86%     36.55 GF/s  setup=0.000 s
d1_batchlane             L=32  B=1     m=1     inner=1369216 min=     0.022 us/xform  median=     0.022  sd=  1.08%     36.40 GF/s  setup=0.000 s
d1_batchlane             L=32  B=1     m=1     inner=1426414 min=     0.022 us/xform  median=     0.022  sd=  0.64%     36.47 GF/s  setup=0.000 s
d1_batchlane             L=32  B=1     m=1     inner=1751088 min=     0.022 us/xform  median=     0.022  sd=  0.85%     36.57 GF/s  setup=0.000 s
d1_batchlane             L=32  B=1     m=1     inner=1312576 min=     0.023 us/xform  median=     0.024  sd=  0.90%     34.22 GF/s  setup=0.000 s
d1_batchlane             L=32  B=1     m=1     inner=1753578 min=     0.022 us/xform  median=     0.022  sd=  0.89%     36.50 GF/s  setup=0.000 s
d1_batchlane             L=32  B=1     m=1     inner=1388414 min=     0.022 us/xform  median=     0.022  sd=  0.66%     36.35 GF/s  setup=0.000 s
d1_batchlane             L=32  B=1     m=1     inner=1653994 min=     0.024 us/xform  median=     0.024  sd=  0.68%     33.89 GF/s  setup=0.000 s
d1_batchlane             L=32  B=1     m=1     inner=1744708 min=     0.020 us/xform  median=     0.022  sd=  3.34%     40.71 GF/s  setup=0.000 s
d1_bluestein             L=32  B=1     m=1     inner=392776 min=     0.101 us/xform  median=     0.101  sd=  0.12%      7.93 GF/s  setup=0.001 s
d1_bluestein             L=32  B=1     m=1     inner=185490 min=     0.107 us/xform  median=     0.107  sd=  0.13%      7.45 GF/s  setup=0.001 s
d1_bluestein             L=32  B=1     m=1     inner=280778 min=     0.110 us/xform  median=     0.110  sd=  0.24%      7.29 GF/s  setup=0.002 s
d1_bluestein             L=32  B=1     m=1     inner=306396 min=     0.104 us/xform  median=     0.104  sd=  0.09%      7.72 GF/s  setup=0.001 s
d1_bluestein             L=32  B=1     m=1     inner=312410 min=     0.101 us/xform  median=     0.101  sd=  0.16%      7.95 GF/s  setup=0.001 s
d1_bluestein             L=32  B=1     m=1     inner=308186 min=     0.101 us/xform  median=     0.101  sd=  0.11%      7.95 GF/s  setup=0.001 s
d1_bluestein             L=32  B=1     m=1     inner=319372 min=     0.101 us/xform  median=     0.101  sd=  0.12%      7.95 GF/s  setup=0.001 s
d1_bluestein             L=32  B=1     m=1     inner=303446 min=     0.104 us/xform  median=     0.104  sd=  0.08%      7.69 GF/s  setup=0.001 s
d1_bluestein             L=32  B=1     m=1     inner=275680 min=     0.112 us/xform  median=     0.112  sd=  0.08%      7.14 GF/s  setup=0.001 s
d1_planner               L=32  B=1     m=1     inner=1426822 min=     0.022 us/xform  median=     0.022  sd=  0.53%     36.93 GF/s  setup=0.000 s
d1_planner               L=32  B=1     m=1     inner=1289452 min=     0.023 us/xform  median=     0.023  sd=  0.57%     35.09 GF/s  setup=0.000 s
d1_planner               L=32  B=1     m=1     inner=1787482 min=     0.022 us/xform  median=     0.022  sd=  0.50%     37.01 GF/s  setup=0.000 s
d1_planner               L=32  B=1     m=1     inner=918217 min=     0.022 us/xform  median=     0.022  sd=  0.64%     37.09 GF/s  setup=0.000 s
d1_planner               L=32  B=1     m=1     inner=917639 min=     0.022 us/xform  median=     0.022  sd=  0.33%     36.94 GF/s  setup=0.000 s
d1_planner               L=32  B=1     m=1     inner=1358276 min=     0.022 us/xform  median=     0.022  sd=  0.46%     35.98 GF/s  setup=0.000 s
d1_planner               L=32  B=1     m=1     inner=1353908 min=     0.022 us/xform  median=     0.022  sd=  0.46%     36.87 GF/s  setup=0.000 s
d1_planner               L=32  B=1     m=1     inner=1775166 min=     0.022 us/xform  median=     0.022  sd=  0.45%     36.87 GF/s  setup=0.000 s
d1_planner               L=32  B=1     m=1     inner=1359206 min=     0.022 us/xform  median=     0.022  sd=  0.64%     36.98 GF/s  setup=0.000 s
d1_pow2                  L=32  B=1     m=1     inner=1902012 min=     0.021 us/xform  median=     0.021  sd=  0.74%     38.36 GF/s  setup=0.001 s
d1_pow2                  L=32  B=1     m=1     inner=1492406 min=     0.021 us/xform  median=     0.021  sd=  0.42%     38.00 GF/s  setup=0.001 s
d1_pow2                  L=32  B=1     m=1     inner=1270930 min=     0.024 us/xform  median=     0.024  sd=  0.58%     33.89 GF/s  setup=0.001 s
d1_pow2                  L=32  B=1     m=1     inner=1306770 min=     0.024 us/xform  median=     0.024  sd=  0.54%     33.05 GF/s  setup=0.000 s
d1_pow2                  L=32  B=1     m=1     inner=1448746 min=     0.021 us/xform  median=     0.021  sd=  1.15%     38.36 GF/s  setup=0.001 s
d1_pow2                  L=32  B=1     m=1     inner=1264230 min=     0.025 us/xform  median=     0.025  sd=  0.52%     32.60 GF/s  setup=0.000 s
d1_pow2                  L=32  B=1     m=1     inner=1393594 min=     0.021 us/xform  median=     0.021  sd=  0.98%     38.19 GF/s  setup=0.001 s
d1_pow2                  L=32  B=1     m=1     inner=1469672 min=     0.021 us/xform  median=     0.021  sd=  0.45%     38.29 GF/s  setup=0.000 s
d1_pow2                  L=32  B=1     m=1     inner=1505336 min=     0.021 us/xform  median=     0.021  sd=  1.17%     38.21 GF/s  setup=0.001 s
d1_race                  L=32  B=1     m=1     inner=952945 min=     0.021 us/xform  median=     0.021  sd=  1.02%     38.40 GF/s  setup=0.088 s
d1_race                  L=32  B=1     m=1     inner=1874778 min=     0.021 us/xform  median=     0.021  sd=  0.82%     38.31 GF/s  setup=0.053 s
d1_race                  L=32  B=1     m=1     inner=1269760 min=     0.024 us/xform  median=     0.024  sd=  0.25%     33.02 GF/s  setup=0.015 s
d1_race                  L=32  B=1     m=1     inner=1622232 min=     0.021 us/xform  median=     0.021  sd=  0.25%     38.10 GF/s  setup=0.015 s
d1_race                  L=32  B=1     m=1     inner=1485878 min=     0.021 us/xform  median=     0.021  sd=  0.30%     37.94 GF/s  setup=0.016 s
d1_race                  L=32  B=1     m=1     inner=1864322 min=     0.021 us/xform  median=     0.021  sd=  0.47%     37.98 GF/s  setup=0.015 s
d1_race                  L=32  B=1     m=1     inner=1799580 min=     0.022 us/xform  median=     0.022  sd=  0.31%     36.57 GF/s  setup=0.012 s
d1_race                  L=32  B=1     m=1     inner=849904 min=     0.024 us/xform  median=     0.024  sd=  0.66%     33.37 GF/s  setup=0.011 s
d1_race                  L=32  B=1     m=1     inner=1680680 min=     0.021 us/xform  median=     0.021  sd=  0.28%     38.10 GF/s  setup=0.013 s
d1_twiddle               L=32  B=1     m=1     inner=1431642 min=     0.021 us/xform  median=     0.021  sd=  0.72%     37.76 GF/s  setup=0.001 s
d1_twiddle               L=32  B=1     m=1     inner=1636672 min=     0.019 us/xform  median=     0.020  sd=  0.50%     41.35 GF/s  setup=0.000 s
d1_twiddle               L=32  B=1     m=1     inner=2050136 min=     0.019 us/xform  median=     0.020  sd=  0.34%     41.22 GF/s  setup=0.000 s
d1_twiddle               L=32  B=1     m=1     inner=2048948 min=     0.019 us/xform  median=     0.020  sd=  0.39%     41.29 GF/s  setup=0.000 s
d1_twiddle               L=32  B=1     m=1     inner=1596298 min=     0.019 us/xform  median=     0.020  sd=  0.51%     41.31 GF/s  setup=0.001 s
d1_twiddle               L=32  B=1     m=1     inner=1593466 min=     0.019 us/xform  median=     0.020  sd=  0.56%     41.28 GF/s  setup=0.000 s
d1_twiddle               L=32  B=1     m=1     inner=2043236 min=     0.019 us/xform  median=     0.020  sd=  0.50%     41.28 GF/s  setup=0.000 s
d1_twiddle               L=32  B=1     m=1     inner=1505824 min=     0.021 us/xform  median=     0.022  sd=  0.85%     37.87 GF/s  setup=0.001 s
d1_twiddle               L=32  B=1     m=1     inner=1430224 min=     0.022 us/xform  median=     0.022  sd=  0.37%     36.60 GF/s  setup=0.000 s
fftw1d_custom            L=32  B=1     m=1     inner=197924 min=     0.108 us/xform  median=     0.108  sd=  0.22%      7.42 GF/s  setup=0.000 s
fftw1d_custom            L=32  B=1     m=1     inner=329116 min=     0.109 us/xform  median=     0.109  sd=  0.04%      7.33 GF/s  setup=0.000 s
fftw1d_custom            L=32  B=1     m=1     inner=311228 min=     0.111 us/xform  median=     0.112  sd=  0.21%      7.18 GF/s  setup=0.000 s
fftw1d_custom            L=32  B=1     m=1     inner=312360 min=     0.113 us/xform  median=     0.113  sd=  0.17%      7.10 GF/s  setup=0.000 s
fftw1d_custom            L=32  B=1     m=1     inner=198840 min=     0.110 us/xform  median=     0.111  sd=  0.13%      7.25 GF/s  setup=0.000 s
fftw1d_custom            L=32  B=1     m=1     inner=179372 min=     0.111 us/xform  median=     0.111  sd=  0.27%      7.24 GF/s  setup=0.000 s
fftw1d_custom            L=32  B=1     m=1     inner=313500 min=     0.108 us/xform  median=     0.109  sd=  0.10%      7.38 GF/s  setup=0.000 s
fftw1d_custom            L=32  B=1     m=1     inner=179856 min=     0.111 us/xform  median=     0.111  sd=  0.09%      7.21 GF/s  setup=0.000 s
fftw1d_custom            L=32  B=1     m=1     inner=279924 min=     0.108 us/xform  median=     0.108  sd=  0.13%      7.40 GF/s  setup=0.000 s
fftw1d_estimate          L=32  B=1     m=1     inner=835634 min=     0.047 us/xform  median=     0.047  sd=  0.27%     16.96 GF/s  setup=0.001 s
fftw1d_estimate          L=32  B=1     m=1     inner=838886 min=     0.042 us/xform  median=     0.047  sd=  6.32%     19.18 GF/s  setup=0.001 s
fftw1d_estimate          L=32  B=1     m=1     inner=668636 min=     0.047 us/xform  median=     0.047  sd=  0.21%     16.94 GF/s  setup=0.001 s
fftw1d_estimate          L=32  B=1     m=1     inner=638980 min=     0.047 us/xform  median=     0.047  sd=  0.29%     16.95 GF/s  setup=0.001 s
fftw1d_estimate          L=32  B=1     m=1     inner=601234 min=     0.049 us/xform  median=     0.049  sd=  0.60%     16.30 GF/s  setup=0.001 s
fftw1d_estimate          L=32  B=1     m=1     inner=736674 min=     0.054 us/xform  median=     0.054  sd=  0.35%     14.90 GF/s  setup=0.001 s
fftw1d_estimate          L=32  B=1     m=1     inner=653336 min=     0.048 us/xform  median=     0.048  sd=  0.34%     16.72 GF/s  setup=0.001 s
fftw1d_estimate          L=32  B=1     m=1     inner=835088 min=     0.047 us/xform  median=     0.047  sd=  0.21%     16.95 GF/s  setup=0.001 s
fftw1d_estimate          L=32  B=1     m=1     inner=637842 min=     0.049 us/xform  median=     0.050  sd=  0.46%     16.21 GF/s  setup=0.001 s
fftw1d_measure           L=32  B=1     m=1     inner=541130 min=     0.037 us/xform  median=     0.037  sd=  0.33%     21.75 GF/s  setup=0.008 s
fftw1d_measure           L=32  B=1     m=1     inner=510911 min=     0.038 us/xform  median=     0.039  sd=  0.90%     20.84 GF/s  setup=0.007 s
fftw1d_measure           L=32  B=1     m=1     inner=899538 min=     0.037 us/xform  median=     0.038  sd=  0.47%     21.36 GF/s  setup=0.008 s
fftw1d_measure           L=32  B=1     m=1     inner=793844 min=     0.043 us/xform  median=     0.043  sd=  0.40%     18.69 GF/s  setup=0.008 s
fftw1d_measure           L=32  B=1     m=1     inner=839570 min=     0.041 us/xform  median=     0.041  sd=  0.87%     19.44 GF/s  setup=0.008 s
fftw1d_measure           L=32  B=1     m=1     inner=865980 min=     0.038 us/xform  median=     0.038  sd=  0.73%     21.22 GF/s  setup=0.008 s
fftw1d_measure           L=32  B=1     m=1     inner=1061886 min=     0.036 us/xform  median=     0.037  sd=  0.76%     22.14 GF/s  setup=0.007 s
fftw1d_measure           L=32  B=1     m=1     inner=861310 min=     0.039 us/xform  median=     0.039  sd=  0.34%     20.46 GF/s  setup=0.008 s
fftw1d_measure           L=32  B=1     m=1     inner=864382 min=     0.039 us/xform  median=     0.039  sd=  0.43%     20.72 GF/s  setup=0.008 s
fftw1d_patient           L=32  B=1     m=1     inner=490651 min=     0.041 us/xform  median=     0.041  sd=  0.64%     19.63 GF/s  setup=0.015 s
fftw1d_patient           L=32  B=1     m=1     inner=816936 min=     0.046 us/xform  median=     0.046  sd=  0.21%     17.41 GF/s  setup=0.016 s
fftw1d_patient           L=32  B=1     m=1     inner=806736 min=     0.043 us/xform  median=     0.044  sd=  0.48%     18.45 GF/s  setup=0.015 s
fftw1d_patient           L=32  B=1     m=1     inner=858614 min=     0.041 us/xform  median=     0.042  sd=  0.61%     19.46 GF/s  setup=0.015 s
fftw1d_patient           L=32  B=1     m=1     inner=939130 min=     0.037 us/xform  median=     0.037  sd=  0.71%     21.65 GF/s  setup=0.016 s
fftw1d_patient           L=32  B=1     m=1     inner=962736 min=     0.040 us/xform  median=     0.041  sd=  0.93%     20.08 GF/s  setup=0.015 s
fftw1d_patient           L=32  B=1     m=1     inner=814256 min=     0.044 us/xform  median=     0.044  sd=  0.77%     18.32 GF/s  setup=0.016 s
fftw1d_patient           L=32  B=1     m=1     inner=1018484 min=     0.039 us/xform  median=     0.039  sd=  0.39%     20.67 GF/s  setup=0.015 s
fftw1d_patient           L=32  B=1     m=1     inner=493721 min=     0.040 us/xform  median=     0.040  sd=  0.26%     19.83 GF/s  setup=0.015 s
mkl1d_dfti               L=32  B=1     m=1     inner=1547830 min=     0.025 us/xform  median=     0.026  sd=  0.59%     31.38 GF/s  setup=0.002 s
mkl1d_dfti               L=32  B=1     m=1     inner=636789 min=     0.031 us/xform  median=     0.031  sd=  0.47%     25.54 GF/s  setup=0.002 s
mkl1d_dfti               L=32  B=1     m=1     inner=1048634 min=     0.030 us/xform  median=     0.030  sd=  0.96%     27.06 GF/s  setup=0.002 s
mkl1d_dfti               L=32  B=1     m=1     inner=991780 min=     0.031 us/xform  median=     0.032  sd=  0.61%     25.72 GF/s  setup=0.002 s
mkl1d_dfti               L=32  B=1     m=1     inner=738676 min=     0.027 us/xform  median=     0.027  sd=  0.92%     29.81 GF/s  setup=0.001 s
mkl1d_dfti               L=32  B=1     m=1     inner=965726 min=     0.034 us/xform  median=     0.034  sd=  0.32%     23.74 GF/s  setup=0.002 s
mkl1d_dfti               L=32  B=1     m=1     inner=574272 min=     0.035 us/xform  median=     0.035  sd=  0.58%     23.09 GF/s  setup=0.002 s
mkl1d_dfti               L=32  B=1     m=1     inner=763687 min=     0.026 us/xform  median=     0.027  sd=  0.87%     30.54 GF/s  setup=0.001 s
mkl1d_dfti               L=32  B=1     m=1     inner=1220772 min=     0.022 us/xform  median=     0.025  sd=  6.60%     35.81 GF/s  setup=0.002 s
baseline_dft             L=31  B=1     m=100000 inner=1      min=     1.739 us/xform  median=     1.739  sd=  4.79%      0.44 GF/s  setup=0.000 s
baseline_dft             L=31  B=1     m=100000 inner=1      min=     1.739 us/xform  median=     1.739  sd=  0.00%      0.44 GF/s  setup=0.000 s
baseline_dft             L=31  B=1     m=100000 inner=1      min=     1.739 us/xform  median=     1.739  sd=  2.13%      0.44 GF/s  setup=0.000 s
baseline_dft             L=31  B=1     m=2     inner=452    min=     2.109 us/xform  median=     2.109  sd=  0.00%      0.36 GF/s  setup=0.000 s
d1_batchlane             L=31  B=1     m=100000 inner=6      min=     0.052 us/xform  median=     0.052  sd=  0.19%     14.80 GF/s  setup=0.000 s
d1_batchlane             L=31  B=1     m=100000 inner=6      min=     0.059 us/xform  median=     0.059  sd=  0.15%     12.98 GF/s  setup=0.000 s
d1_batchlane             L=31  B=1     m=100000 inner=6      min=     0.059 us/xform  median=     0.059  sd=  0.16%     12.99 GF/s  setup=0.000 s
d1_batchlane             L=31  B=1     m=2     inner=2142   min=     0.240 us/xform  median=     0.240  sd=  0.00%      3.20 GF/s  setup=0.000 s
d1_bluestein             L=31  B=1     m=100000 inner=1      min=     0.209 us/xform  median=     0.209  sd=  0.06%      3.67 GF/s  setup=0.001 s
d1_bluestein             L=31  B=1     m=100000 inner=1      min=     0.240 us/xform  median=     0.240  sd=  0.05%      3.20 GF/s  setup=0.001 s
d1_bluestein             L=31  B=1     m=100000 inner=1      min=     0.238 us/xform  median=     0.238  sd=  0.06%      3.23 GF/s  setup=0.001 s
d1_bluestein             L=31  B=1     m=2     inner=2646   min=     0.268 us/xform  median=     0.268  sd=  0.00%      2.86 GF/s  setup=0.001 s
d1_planner               L=31  B=1     m=100000 inner=4      min=     0.072 us/xform  median=     0.072  sd=  0.04%     10.72 GF/s  setup=0.000 s
d1_planner               L=31  B=1     m=100000 inner=4      min=     0.069 us/xform  median=     0.069  sd=  0.06%     11.17 GF/s  setup=0.000 s
d1_planner               L=31  B=1     m=100000 inner=6      min=     0.059 us/xform  median=     0.059  sd=  0.06%     13.11 GF/s  setup=0.000 s
d1_planner               L=31  B=1     m=2     inner=8172   min=     0.117 us/xform  median=     0.117  sd=  0.00%      6.54 GF/s  setup=0.000 s
d1_prime                 L=31  B=1     m=100000 inner=6      min=     0.058 us/xform  median=     0.058  sd=  0.25%     13.25 GF/s  setup=0.000 s
d1_prime                 L=31  B=1     m=100000 inner=6      min=     0.058 us/xform  median=     0.058  sd=  0.34%     13.29 GF/s  setup=0.000 s
d1_prime                 L=31  B=1     m=100000 inner=6      min=     0.058 us/xform  median=     0.058  sd=  0.36%     13.25 GF/s  setup=0.000 s
d1_prime                 L=31  B=1     m=2     inner=7158   min=     0.110 us/xform  median=     0.110  sd=  0.00%      6.96 GF/s  setup=0.000 s
d1_race                  L=31  B=1     m=100000 inner=6      min=     0.051 us/xform  median=     0.051  sd=  0.30%     15.14 GF/s  setup=0.136 s
d1_race                  L=31  B=1     m=100000 inner=6      min=     0.051 us/xform  median=     0.051  sd=  0.31%     15.17 GF/s  setup=0.007 s
d1_race                  L=31  B=1     m=100000 inner=6      min=     0.051 us/xform  median=     0.051  sd=  0.38%     15.19 GF/s  setup=0.007 s
d1_race                  L=31  B=1     m=2     inner=9294   min=     0.100 us/xform  median=     0.100  sd=  0.00%      7.66 GF/s  setup=0.006 s
d1_rader                 L=31  B=1     m=100000 inner=6      min=     0.051 us/xform  median=     0.051  sd=  0.33%     15.12 GF/s  setup=0.000 s
d1_rader                 L=31  B=1     m=100000 inner=6      min=     0.058 us/xform  median=     0.059  sd=  0.11%     13.14 GF/s  setup=0.000 s
d1_rader                 L=31  B=1     m=100000 inner=6      min=     0.058 us/xform  median=     0.058  sd=  0.20%     13.28 GF/s  setup=0.000 s
d1_rader                 L=31  B=1     m=2     inner=4924   min=     0.103 us/xform  median=     0.103  sd=  0.00%      7.44 GF/s  setup=0.000 s
fftw1d_custom            L=31  B=1     m=100000 inner=1      min=     0.209 us/xform  median=     0.252  sd=  8.97%      3.68 GF/s  setup=0.000 s
fftw1d_custom            L=31  B=1     m=100000 inner=1      min=     0.209 us/xform  median=     0.210  sd=  0.14%      3.67 GF/s  setup=0.000 s
fftw1d_custom            L=31  B=1     m=100000 inner=1      min=     0.209 us/xform  median=     0.209  sd=  0.18%      3.68 GF/s  setup=0.000 s
fftw1d_custom            L=31  B=1     m=2     inner=2868   min=     0.338 us/xform  median=     0.338  sd=  0.00%      2.27 GF/s  setup=0.000 s
fftw1d_estimate          L=31  B=1     m=100000 inner=1      min=     0.350 us/xform  median=     0.350  sd=  0.16%      2.19 GF/s  setup=0.001 s
fftw1d_estimate          L=31  B=1     m=100000 inner=1      min=     0.350 us/xform  median=     0.350  sd=  0.02%      2.20 GF/s  setup=0.001 s
fftw1d_estimate          L=31  B=1     m=100000 inner=1      min=     0.350 us/xform  median=     0.350  sd=  0.02%      2.20 GF/s  setup=0.001 s
fftw1d_estimate          L=31  B=1     m=2     inner=1636   min=     0.456 us/xform  median=     0.456  sd=  0.00%      1.68 GF/s  setup=0.001 s
fftw1d_measure           L=31  B=1     m=100000 inner=1      min=     0.422 us/xform  median=     0.423  sd=  0.07%      1.82 GF/s  setup=0.043 s
fftw1d_measure           L=31  B=1     m=100000 inner=1      min=     0.351 us/xform  median=     0.351  sd=  0.74%      2.19 GF/s  setup=0.042 s
fftw1d_measure           L=31  B=1     m=100000 inner=1      min=     0.348 us/xform  median=     0.348  sd=  0.01%      2.21 GF/s  setup=0.042 s
fftw1d_measure           L=31  B=1     m=2     inner=2168   min=     0.361 us/xform  median=     0.361  sd=  0.00%      2.13 GF/s  setup=0.042 s
fftw1d_patient           L=31  B=1     m=100000 inner=1      min=     0.349 us/xform  median=     0.349  sd=  0.01%      2.20 GF/s  setup=0.118 s
fftw1d_patient           L=31  B=1     m=100000 inner=1      min=     0.433 us/xform  median=     0.433  sd=  0.01%      1.78 GF/s  setup=0.120 s
fftw1d_patient           L=31  B=1     m=100000 inner=1      min=     0.351 us/xform  median=     0.351  sd=  0.02%      2.19 GF/s  setup=0.120 s
fftw1d_patient           L=31  B=1     m=2     inner=1728   min=     0.443 us/xform  median=     0.443  sd=  0.00%      1.73 GF/s  setup=0.120 s
mkl1d_dfti               L=31  B=1     m=100000 inner=1      min=     0.386 us/xform  median=     0.386  sd=  0.04%      1.99 GF/s  setup=0.047 s
mkl1d_dfti               L=31  B=1     m=100000 inner=1      min=     0.386 us/xform  median=     0.386  sd=  0.05%      1.99 GF/s  setup=0.014 s
mkl1d_dfti               L=31  B=1     m=100000 inner=1      min=     0.386 us/xform  median=     0.386  sd=  0.05%      1.99 GF/s  setup=0.015 s
mkl1d_dfti               L=31  B=1     m=2     inner=1274   min=     0.667 us/xform  median=     0.667  sd=  0.00%      1.15 GF/s  setup=0.053 s
   skipping baseline_dft at L=4096 B=1 (too expensive to be informative)
d1_bluestein             L=4096 B=1     m=1000  inner=1      min=    27.778 us/xform  median=    27.793  sd=  0.03%      8.85 GF/s  setup=0.001 s
d1_bluestein             L=4096 B=1     m=1000  inner=1      min=    24.717 us/xform  median=    27.792  sd=  3.23%      9.94 GF/s  setup=0.002 s
d1_bluestein             L=4096 B=1     m=1000  inner=1      min=    24.459 us/xform  median=    24.463  sd=  0.01%     10.05 GF/s  setup=0.002 s
d1_bluestein             L=4096 B=1     m=2     inner=36     min=    26.944 us/xform  median=    26.944  sd=  0.00%      9.12 GF/s  setup=0.002 s
d1_planner               L=4096 B=1     m=1000  inner=2      min=    10.114 us/xform  median=    10.119  sd=  0.03%     24.30 GF/s  setup=0.001 s
d1_planner               L=4096 B=1     m=1000  inner=2      min=    10.094 us/xform  median=    10.099  sd=  0.04%     24.35 GF/s  setup=0.001 s
d1_planner               L=4096 B=1     m=1000  inner=2      min=    10.009 us/xform  median=    10.015  sd=  0.03%     24.55 GF/s  setup=0.001 s
d1_planner               L=4096 B=1     m=2     inner=72     min=    13.229 us/xform  median=    13.229  sd=  0.00%     18.58 GF/s  setup=0.001 s
d1_pow2                  L=4096 B=1     m=1000  inner=4      min=     9.034 us/xform  median=     9.036  sd=  0.30%     27.20 GF/s  setup=0.001 s
d1_pow2                  L=4096 B=1     m=1000  inner=2      min=    10.385 us/xform  median=    10.397  sd=  0.05%     23.66 GF/s  setup=0.001 s
d1_pow2                  L=4096 B=1     m=1000  inner=2      min=    10.284 us/xform  median=    10.291  sd=  0.04%     23.90 GF/s  setup=0.001 s
d1_pow2                  L=4096 B=1     m=2     inner=86     min=    11.087 us/xform  median=    11.087  sd=  0.00%     22.17 GF/s  setup=0.001 s
d1_race                  L=4096 B=1     m=1000  inner=4      min=     9.129 us/xform  median=     9.133  sd=  0.29%     26.92 GF/s  setup=0.963 s
d1_race                  L=4096 B=1     m=1000  inner=4      min=     9.022 us/xform  median=     9.045  sd=  0.31%     27.24 GF/s  setup=0.010 s
d1_race                  L=4096 B=1     m=1000  inner=2      min=    10.394 us/xform  median=    10.402  sd=  0.04%     23.65 GF/s  setup=0.010 s
d1_race                  L=4096 B=1     m=2     inner=82     min=    11.130 us/xform  median=    11.130  sd=  0.00%     22.08 GF/s  setup=0.011 s
d1_twiddle               L=4096 B=1     m=1000  inner=2      min=    12.263 us/xform  median=    12.267  sd=  0.03%     20.04 GF/s  setup=0.001 s
d1_twiddle               L=4096 B=1     m=1000  inner=2      min=    12.230 us/xform  median=    12.235  sd=  0.02%     20.10 GF/s  setup=0.001 s
d1_twiddle               L=4096 B=1     m=1000  inner=2      min=    12.229 us/xform  median=    12.235  sd=  0.02%     20.10 GF/s  setup=0.001 s
d1_twiddle               L=4096 B=1     m=2     inner=60     min=    15.522 us/xform  median=    15.522  sd=  0.00%     15.83 GF/s  setup=0.001 s
fftw1d_estimate          L=4096 B=1     m=1000  inner=1      min=    31.800 us/xform  median=    31.812  sd=  0.02%      7.73 GF/s  setup=0.001 s
fftw1d_estimate          L=4096 B=1     m=1000  inner=1      min=    31.969 us/xform  median=    31.973  sd=  0.03%      7.69 GF/s  setup=0.001 s
fftw1d_estimate          L=4096 B=1     m=1000  inner=1      min=    31.950 us/xform  median=    31.958  sd=  0.01%      7.69 GF/s  setup=0.001 s
fftw1d_estimate          L=4096 B=1     m=2     inner=30     min=    32.550 us/xform  median=    32.550  sd=  0.00%      7.55 GF/s  setup=0.001 s
fftw1d_measure           L=4096 B=1     m=1000  inner=1      min=    22.588 us/xform  median=    22.589  sd=  0.03%     10.88 GF/s  setup=0.234 s
fftw1d_measure           L=4096 B=1     m=1000  inner=1      min=    22.545 us/xform  median=    22.548  sd=  0.02%     10.90 GF/s  setup=0.235 s
fftw1d_measure           L=4096 B=1     m=1000  inner=1      min=    22.423 us/xform  median=    22.429  sd=  0.02%     10.96 GF/s  setup=0.234 s
fftw1d_measure           L=4096 B=1     m=2     inner=42     min=    23.473 us/xform  median=    23.473  sd=  0.00%     10.47 GF/s  setup=0.234 s
fftw1d_patient           L=4096 B=1     m=1000  inner=2      min=    19.225 us/xform  median=    19.228  sd=  0.01%     12.78 GF/s  setup=2.024 s
fftw1d_patient           L=4096 B=1     m=1000  inner=2      min=    19.156 us/xform  median=    19.158  sd=  0.00%     12.83 GF/s  setup=2.016 s
fftw1d_patient           L=4096 B=1     m=1000  inner=2      min=    19.199 us/xform  median=    19.204  sd=  0.01%     12.80 GF/s  setup=1.931 s
fftw1d_patient           L=4096 B=1     m=2     inner=48     min=    20.565 us/xform  median=    20.565  sd=  0.00%     11.95 GF/s  setup=1.981 s
mkl1d_dfti               L=4096 B=1     m=1000  inner=1      min=    20.923 us/xform  median=    20.926  sd=  0.01%     11.75 GF/s  setup=0.002 s
mkl1d_dfti               L=4096 B=1     m=1000  inner=2      min=    18.392 us/xform  median=    18.396  sd=  0.01%     13.36 GF/s  setup=0.002 s
mkl1d_dfti               L=4096 B=1     m=1000  inner=2      min=    18.371 us/xform  median=    18.374  sd=  0.01%     13.38 GF/s  setup=0.001 s
mkl1d_dfti               L=4096 B=1     m=2     inner=44     min=    21.819 us/xform  median=    21.819  sd=  0.00%     11.26 GF/s  setup=0.002 s
baseline_dft             L=13  B=1     m=200000 inner=1      min=     0.370 us/xform  median=     0.393  sd=  1.66%      0.65 GF/s  setup=0.000 s
baseline_dft             L=13  B=1     m=200000 inner=1      min=     0.326 us/xform  median=     0.326  sd=  0.02%      0.74 GF/s  setup=0.000 s
baseline_dft             L=13  B=1     m=200000 inner=1      min=     0.393 us/xform  median=     0.393  sd=  0.01%      0.61 GF/s  setup=0.000 s
baseline_dft             L=13  B=1     m=2     inner=1944   min=     0.398 us/xform  median=     0.398  sd=  0.00%      0.60 GF/s  setup=0.000 s
d1_batchlane             L=13  B=1     m=200000 inner=4      min=     0.041 us/xform  median=     0.041  sd=  0.02%      5.92 GF/s  setup=0.000 s
d1_batchlane             L=13  B=1     m=200000 inner=4      min=     0.041 us/xform  median=     0.041  sd=  0.02%      5.92 GF/s  setup=0.000 s
d1_batchlane             L=13  B=1     m=200000 inner=4      min=     0.041 us/xform  median=     0.041  sd=  0.01%      5.92 GF/s  setup=0.000 s
d1_batchlane             L=13  B=1     m=2     inner=8756   min=     0.113 us/xform  median=     0.113  sd=  0.00%      2.13 GF/s  setup=0.000 s
d1_bluestein             L=13  B=1     m=200000 inner=1      min=     0.147 us/xform  median=     0.149  sd=  0.34%      1.63 GF/s  setup=0.000 s
d1_bluestein             L=13  B=1     m=200000 inner=1      min=     0.148 us/xform  median=     0.149  sd=  0.28%      1.63 GF/s  setup=0.000 s
d1_bluestein             L=13  B=1     m=200000 inner=1      min=     0.148 us/xform  median=     0.149  sd=  0.47%      1.63 GF/s  setup=0.000 s
d1_bluestein             L=13  B=1     m=2     inner=5090   min=     0.144 us/xform  median=     0.144  sd=  0.00%      1.67 GF/s  setup=0.000 s
d1_planner               L=13  B=1     m=200000 inner=4      min=     0.040 us/xform  median=     0.040  sd=  0.02%      5.96 GF/s  setup=0.000 s
d1_planner               L=13  B=1     m=200000 inner=4      min=     0.035 us/xform  median=     0.035  sd=  0.03%      6.78 GF/s  setup=0.000 s
d1_planner               L=13  B=1     m=200000 inner=4      min=     0.035 us/xform  median=     0.035  sd=  0.02%      6.78 GF/s  setup=0.000 s
d1_planner               L=13  B=1     m=2     inner=14792  min=     0.066 us/xform  median=     0.066  sd=  0.00%      3.64 GF/s  setup=0.000 s
d1_prime                 L=13  B=1     m=200000 inner=4      min=     0.039 us/xform  median=     0.039  sd=  0.03%      6.21 GF/s  setup=0.000 s
d1_prime                 L=13  B=1     m=200000 inner=4      min=     0.039 us/xform  median=     0.039  sd=  0.02%      6.21 GF/s  setup=0.000 s
d1_prime                 L=13  B=1     m=200000 inner=4      min=     0.039 us/xform  median=     0.039  sd=  0.01%      6.21 GF/s  setup=0.000 s
d1_prime                 L=13  B=1     m=2     inner=11242  min=     0.060 us/xform  median=     0.060  sd=  0.00%      4.04 GF/s  setup=0.000 s
d1_race                  L=13  B=1     m=200000 inner=4      min=     0.034 us/xform  median=     0.034  sd=  0.02%      7.07 GF/s  setup=0.005 s
d1_race                  L=13  B=1     m=200000 inner=4      min=     0.034 us/xform  median=     0.034  sd=  0.01%      7.07 GF/s  setup=0.006 s
d1_race                  L=13  B=1     m=200000 inner=4      min=     0.039 us/xform  median=     0.039  sd=  0.02%      6.21 GF/s  setup=0.009 s
d1_race                  L=13  B=1     m=2     inner=16052  min=     0.059 us/xform  median=     0.059  sd=  0.00%      4.06 GF/s  setup=0.005 s
d1_rader                 L=13  B=1     m=200000 inner=4      min=     0.038 us/xform  median=     0.038  sd=  0.02%      6.28 GF/s  setup=0.000 s
d1_rader                 L=13  B=1     m=200000 inner=4      min=     0.038 us/xform  median=     0.038  sd=  0.02%      6.28 GF/s  setup=0.000 s
d1_rader                 L=13  B=1     m=200000 inner=4      min=     0.038 us/xform  median=     0.038  sd=  0.01%      6.28 GF/s  setup=0.000 s
d1_rader                 L=13  B=1     m=2     inner=10152  min=     0.060 us/xform  median=     0.060  sd=  0.00%      4.02 GF/s  setup=0.000 s
fftw1d_custom            L=13  B=1     m=200000 inner=2      min=     0.076 us/xform  median=     0.076  sd=  0.43%      3.18 GF/s  setup=0.000 s
fftw1d_custom            L=13  B=1     m=200000 inner=2      min=     0.076 us/xform  median=     0.076  sd=  0.20%      3.18 GF/s  setup=0.000 s
fftw1d_custom            L=13  B=1     m=200000 inner=2      min=     0.076 us/xform  median=     0.076  sd=  0.27%      3.18 GF/s  setup=0.000 s
fftw1d_custom            L=13  B=1     m=2     inner=5192   min=     0.155 us/xform  median=     0.155  sd=  0.00%      1.55 GF/s  setup=0.000 s
fftw1d_estimate          L=13  B=1     m=200000 inner=2      min=     0.081 us/xform  median=     0.081  sd=  0.01%      2.96 GF/s  setup=0.001 s
fftw1d_estimate          L=13  B=1     m=200000 inner=2      min=     0.081 us/xform  median=     0.081  sd=  0.01%      2.96 GF/s  setup=0.001 s
fftw1d_estimate          L=13  B=1     m=200000 inner=2      min=     0.081 us/xform  median=     0.081  sd=  0.01%      2.96 GF/s  setup=0.001 s
fftw1d_estimate          L=13  B=1     m=2     inner=9538   min=     0.070 us/xform  median=     0.070  sd=  0.00%      3.45 GF/s  setup=0.001 s
fftw1d_measure           L=13  B=1     m=200000 inner=2      min=     0.081 us/xform  median=     0.081  sd=  0.03%      2.96 GF/s  setup=0.001 s
fftw1d_measure           L=13  B=1     m=200000 inner=2      min=     0.067 us/xform  median=     0.081  sd=  7.08%      3.57 GF/s  setup=0.001 s
fftw1d_measure           L=13  B=1     m=200000 inner=2      min=     0.067 us/xform  median=     0.067  sd=  0.01%      3.57 GF/s  setup=0.001 s
fftw1d_measure           L=13  B=1     m=2     inner=13886  min=     0.070 us/xform  median=     0.070  sd=  0.00%      3.45 GF/s  setup=0.001 s
fftw1d_patient           L=13  B=1     m=200000 inner=2      min=     0.067 us/xform  median=     0.067  sd=  0.02%      3.57 GF/s  setup=0.001 s
fftw1d_patient           L=13  B=1     m=200000 inner=2      min=     0.067 us/xform  median=     0.067  sd=  0.02%      3.57 GF/s  setup=0.001 s
fftw1d_patient           L=13  B=1     m=200000 inner=2      min=     0.067 us/xform  median=     0.067  sd=  0.01%      3.57 GF/s  setup=0.001 s
fftw1d_patient           L=13  B=1     m=2     inner=6317   min=     0.079 us/xform  median=     0.079  sd=  0.00%      3.03 GF/s  setup=0.001 s
mkl1d_dfti               L=13  B=1     m=200000 inner=2      min=     0.080 us/xform  median=     0.080  sd=  0.06%      2.99 GF/s  setup=0.055 s
mkl1d_dfti               L=13  B=1     m=200000 inner=2      min=     0.080 us/xform  median=     0.080  sd=  0.08%      2.99 GF/s  setup=0.034 s
mkl1d_dfti               L=13  B=1     m=200000 inner=2      min=     0.080 us/xform  median=     0.080  sd=  0.11%      2.99 GF/s  setup=0.034 s
mkl1d_dfti               L=13  B=1     m=2     inner=3394   min=     0.159 us/xform  median=     0.159  sd=  0.00%      1.52 GF/s  setup=0.050 s
