baseline_matrix          L=10  B=64    m=1000  inner=1      min=    54.687 us/xform  median=    54.687  sd=  0.00%      0.91 GF/s  setup=0.000 s
baseline_matrix          L=10  B=64    m=1000  inner=1      min=    54.687 us/xform  median=    54.688  sd=  0.00%      0.91 GF/s  setup=0.000 s
baseline_matrix          L=10  B=64    m=1000  inner=1      min=    54.743 us/xform  median=    54.744  sd=  0.00%      0.91 GF/s  setup=0.000 s
baseline_matrix          L=10  B=64    m=2     inner=1      min=    58.589 us/xform  median=    58.589  sd=  0.00%      0.85 GF/s  setup=0.000 s
ducc0_c2c                L=10  B=64    m=1000  inner=1      min=     9.789 us/xform  median=     9.794  sd=  0.03%      5.09 GF/s  setup=0.000 s
ducc0_c2c                L=10  B=64    m=1000  inner=1      min=     9.660 us/xform  median=     9.666  sd=  0.05%      5.16 GF/s  setup=0.000 s
ducc0_c2c                L=10  B=64    m=1000  inner=1      min=     9.821 us/xform  median=     9.824  sd=  0.04%      5.07 GF/s  setup=0.000 s
ducc0_c2c                L=10  B=64    m=2     inner=1      min=    12.637 us/xform  median=    12.637  sd=  0.00%      3.94 GF/s  setup=0.000 s
fftw3_custom             L=10  B=64    m=1000  inner=1      min=     6.191 us/xform  median=     6.192  sd=  0.01%      8.05 GF/s  setup=0.000 s
fftw3_custom             L=10  B=64    m=1000  inner=1      min=     5.976 us/xform  median=     5.977  sd=  0.48%      8.34 GF/s  setup=0.000 s
fftw3_custom             L=10  B=64    m=1000  inner=1      min=     5.982 us/xform  median=     5.983  sd=  0.01%      8.33 GF/s  setup=0.000 s
fftw3_custom             L=10  B=64    m=2     inner=1      min=    12.095 us/xform  median=    12.095  sd=  0.00%      4.12 GF/s  setup=0.000 s
fftw3_custom_soa         L=10  B=64    m=1000  inner=1      min=     4.588 us/xform  median=     4.589  sd=  0.02%     10.86 GF/s  setup=0.000 s
fftw3_custom_soa         L=10  B=64    m=1000  inner=1      min=     4.451 us/xform  median=     4.456  sd=  0.07%     11.20 GF/s  setup=0.000 s
fftw3_custom_soa         L=10  B=64    m=1000  inner=1      min=     4.479 us/xform  median=     4.483  sd=  0.05%     11.13 GF/s  setup=0.000 s
fftw3_custom_soa         L=10  B=64    m=2     inner=1      min=    10.370 us/xform  median=    10.370  sd=  0.00%      4.80 GF/s  setup=0.000 s
fftw3_estimate           L=10  B=64    m=1000  inner=1      min=     7.359 us/xform  median=     7.360  sd=  0.01%      6.77 GF/s  setup=0.001 s
fftw3_estimate           L=10  B=64    m=1000  inner=1      min=     7.369 us/xform  median=     7.370  sd=  0.01%      6.76 GF/s  setup=0.001 s
fftw3_estimate           L=10  B=64    m=1000  inner=1      min=     7.357 us/xform  median=     7.358  sd=  0.00%      6.77 GF/s  setup=0.001 s
fftw3_estimate           L=10  B=64    m=2     inner=1      min=     8.821 us/xform  median=     8.821  sd=  0.00%      5.65 GF/s  setup=0.001 s
fftw3_guru               L=10  B=64    m=1000  inner=1      min=     6.371 us/xform  median=     6.372  sd=  0.00%      7.82 GF/s  setup=0.010 s
fftw3_guru               L=10  B=64    m=1000  inner=1      min=     6.361 us/xform  median=     6.362  sd=  0.01%      7.83 GF/s  setup=0.011 s
fftw3_guru               L=10  B=64    m=1000  inner=1      min=     6.369 us/xform  median=     6.369  sd=  0.00%      7.82 GF/s  setup=0.010 s
fftw3_guru               L=10  B=64    m=2     inner=1      min=     7.740 us/xform  median=     7.740  sd=  0.00%      6.44 GF/s  setup=0.010 s
fftw3_measure            L=10  B=64    m=1000  inner=1      min=     5.093 us/xform  median=     5.103  sd=  0.10%      9.78 GF/s  setup=0.013 s
fftw3_measure            L=10  B=64    m=1000  inner=1      min=     5.222 us/xform  median=     5.223  sd=  0.01%      9.54 GF/s  setup=0.012 s
fftw3_measure            L=10  B=64    m=1000  inner=1      min=     5.134 us/xform  median=     5.138  sd=  0.05%      9.71 GF/s  setup=0.013 s
fftw3_measure            L=10  B=64    m=2     inner=2      min=     6.422 us/xform  median=     6.422  sd=  0.00%      7.76 GF/s  setup=0.013 s
fftw3_patient            L=10  B=64    m=1000  inner=1      min=     5.170 us/xform  median=     5.179  sd=  0.10%      9.64 GF/s  setup=0.022 s
fftw3_patient            L=10  B=64    m=1000  inner=1      min=     5.195 us/xform  median=     5.195  sd=  0.00%      9.59 GF/s  setup=0.021 s
fftw3_patient            L=10  B=64    m=1000  inner=1      min=     5.212 us/xform  median=     5.213  sd=  0.00%      9.56 GF/s  setup=0.022 s
fftw3_patient            L=10  B=64    m=2     inner=2      min=     6.451 us/xform  median=     6.451  sd=  0.00%      7.72 GF/s  setup=0.022 s
gen_batchlane            L=10  B=64    m=1000  inner=1      min=     1.123 us/xform  median=     1.278  sd=  5.61%     44.38 GF/s  setup=0.000 s
gen_batchlane            L=10  B=64    m=1000  inner=1      min=     1.123 us/xform  median=     1.124  sd=  0.01%     44.36 GF/s  setup=0.000 s
gen_batchlane            L=10  B=64    m=1000  inner=1      min=     1.122 us/xform  median=     1.123  sd=  0.03%     44.39 GF/s  setup=0.000 s
gen_batchlane            L=10  B=64    m=2     inner=6      min=     2.181 us/xform  median=     2.181  sd=  0.00%     22.85 GF/s  setup=0.000 s
gen_bluestein            L=10  B=64    m=1000  inner=1      min=    12.832 us/xform  median=    12.833  sd=  0.01%      3.88 GF/s  setup=0.000 s
gen_bluestein            L=10  B=64    m=1000  inner=1      min=    12.940 us/xform  median=    12.941  sd=  0.01%      3.85 GF/s  setup=0.000 s
gen_bluestein            L=10  B=64    m=1000  inner=1      min=    12.934 us/xform  median=    12.937  sd=  0.01%      3.85 GF/s  setup=0.000 s
gen_bluestein            L=10  B=64    m=2     inner=1      min=    13.905 us/xform  median=    13.905  sd=  0.00%      3.58 GF/s  setup=0.000 s
gen_dense_prime          L=10  B=64    m=1000  inner=1      min=     5.025 us/xform  median=     5.026  sd=  0.01%      9.92 GF/s  setup=0.000 s
gen_dense_prime          L=10  B=64    m=1000  inner=1      min=     5.152 us/xform  median=     5.154  sd=  0.01%      9.67 GF/s  setup=0.000 s
gen_dense_prime          L=10  B=64    m=1000  inner=1      min=     5.221 us/xform  median=     5.221  sd=  0.01%      9.54 GF/s  setup=0.000 s
gen_dense_prime          L=10  B=64    m=2     inner=2      min=     7.217 us/xform  median=     7.217  sd=  0.00%      6.90 GF/s  setup=0.000 s
gen_layout               L=10  B=64    m=1000  inner=1      min=     5.040 us/xform  median=     5.045  sd=  0.04%      9.89 GF/s  setup=0.000 s
gen_layout               L=10  B=64    m=1000  inner=1      min=     4.935 us/xform  median=     4.940  sd=  0.06%     10.10 GF/s  setup=0.000 s
gen_layout               L=10  B=64    m=1000  inner=1      min=     4.937 us/xform  median=     4.942  sd=  0.05%     10.09 GF/s  setup=0.000 s
gen_layout               L=10  B=64    m=2     inner=2      min=     5.820 us/xform  median=     5.820  sd=  0.00%      8.56 GF/s  setup=0.000 s
gen_pfa_small            L=10  B=64    m=1000  inner=1      min=     1.121 us/xform  median=     1.122  sd=  0.20%     44.44 GF/s  setup=0.000 s
gen_pfa_small            L=10  B=64    m=1000  inner=1      min=     1.122 us/xform  median=     1.122  sd=  0.03%     44.41 GF/s  setup=0.000 s
gen_pfa_small            L=10  B=64    m=1000  inner=1      min=     1.122 us/xform  median=     1.123  sd=  0.02%     44.39 GF/s  setup=0.000 s
gen_pfa_small            L=10  B=64    m=2     inner=6      min=     2.131 us/xform  median=     2.131  sd=  0.00%     23.38 GF/s  setup=0.000 s
gen_planner              L=10  B=64    m=1000  inner=1      min=     1.323 us/xform  median=     1.324  sd=  0.02%     37.65 GF/s  setup=0.005 s
gen_planner              L=10  B=64    m=1000  inner=1      min=     1.333 us/xform  median=     1.334  sd=  0.03%     37.38 GF/s  setup=0.002 s
gen_planner              L=10  B=64    m=1000  inner=1      min=     1.331 us/xform  median=     1.332  sd=  0.05%     37.44 GF/s  setup=0.002 s
gen_planner              L=10  B=64    m=2     inner=2      min=     4.791 us/xform  median=     4.791  sd=  0.00%     10.40 GF/s  setup=0.002 s
gen_race                 L=10  B=64    m=1000  inner=1      min=     1.124 us/xform  median=     1.124  sd=  0.03%     44.34 GF/s  setup=12.184 s
gen_race                 L=10  B=64    m=1000  inner=1      min=     1.124 us/xform  median=     1.124  sd=  0.03%     44.35 GF/s  setup=0.008 s
gen_race                 L=10  B=64    m=1000  inner=1      min=     1.280 us/xform  median=     1.280  sd=  0.02%     38.94 GF/s  setup=0.008 s
gen_race                 L=10  B=64    m=2     inner=6      min=     2.173 us/xform  median=     2.173  sd=  0.00%     22.93 GF/s  setup=0.005 s
gen_twiddle              L=10  B=64    m=1000  inner=1      min=     4.251 us/xform  median=     4.251  sd=  0.01%     11.72 GF/s  setup=0.003 s
gen_twiddle              L=10  B=64    m=1000  inner=1      min=     4.342 us/xform  median=     4.342  sd=  0.01%     11.48 GF/s  setup=0.003 s
gen_twiddle              L=10  B=64    m=1000  inner=1      min=     4.347 us/xform  median=     4.349  sd=  0.02%     11.46 GF/s  setup=0.002 s
gen_twiddle              L=10  B=64    m=2     inner=2      min=     5.185 us/xform  median=     5.185  sd=  0.00%      9.61 GF/s  setup=0.003 s
mkl2026_dfti             L=10  B=64    m=1000  inner=1      min=     4.669 us/xform  median=     4.671  sd=  0.05%     10.67 GF/s  setup=0.002 s
mkl2026_dfti             L=10  B=64    m=1000  inner=1      min=     4.676 us/xform  median=     4.679  sd=  0.04%     10.66 GF/s  setup=0.001 s
mkl2026_dfti             L=10  B=64    m=1000  inner=1      min=     4.674 us/xform  median=     4.676  sd=  0.05%     10.66 GF/s  setup=0.001 s
mkl2026_dfti             L=10  B=64    m=2     inner=2      min=     5.564 us/xform  median=     5.564  sd=  0.00%      8.96 GF/s  setup=0.001 s
mkl_dfti                 L=10  B=64    m=1000  inner=1      min=     4.553 us/xform  median=     4.555  sd=  0.04%     10.94 GF/s  setup=0.002 s
mkl_dfti                 L=10  B=64    m=1000  inner=1      min=     4.669 us/xform  median=     4.669  sd=  0.01%     10.67 GF/s  setup=0.002 s
mkl_dfti                 L=10  B=64    m=1000  inner=1      min=     4.595 us/xform  median=     4.595  sd=  0.01%     10.85 GF/s  setup=0.002 s
mkl_dfti                 L=10  B=64    m=2     inner=2      min=     5.357 us/xform  median=     5.357  sd=  0.00%      9.30 GF/s  setup=0.001 s
baseline_matrix          L=12  B=64    m=600   inner=1      min=   112.127 us/xform  median=   112.129  sd=  0.00%      0.83 GF/s  setup=0.000 s
baseline_matrix          L=12  B=64    m=600   inner=1      min=   112.183 us/xform  median=   112.185  sd=  0.00%      0.83 GF/s  setup=0.000 s
baseline_matrix          L=12  B=64    m=600   inner=1      min=   112.181 us/xform  median=   112.185  sd=  0.11%      0.83 GF/s  setup=0.000 s
baseline_matrix          L=12  B=64    m=2     inner=1      min=   138.377 us/xform  median=   138.377  sd=  0.00%      0.67 GF/s  setup=0.000 s
ducc0_c2c                L=12  B=64    m=600   inner=1      min=    16.131 us/xform  median=    16.145  sd=  0.06%      5.76 GF/s  setup=0.000 s
ducc0_c2c                L=12  B=64    m=600   inner=1      min=    16.035 us/xform  median=    16.049  sd=  0.06%      5.79 GF/s  setup=0.000 s
ducc0_c2c                L=12  B=64    m=600   inner=1      min=    16.379 us/xform  median=    16.385  sd=  0.04%      5.67 GF/s  setup=0.000 s
ducc0_c2c                L=12  B=64    m=2     inner=1      min=    18.750 us/xform  median=    18.750  sd=  0.00%      4.96 GF/s  setup=0.000 s
fftw3_custom             L=12  B=64    m=600   inner=1      min=    10.652 us/xform  median=    10.655  sd=  0.01%      8.72 GF/s  setup=0.000 s
fftw3_custom             L=12  B=64    m=600   inner=1      min=    10.466 us/xform  median=    10.470  sd=  0.01%      8.88 GF/s  setup=0.000 s
fftw3_custom             L=12  B=64    m=600   inner=1      min=    10.477 us/xform  median=    10.479  sd=  0.02%      8.87 GF/s  setup=0.000 s
fftw3_custom             L=12  B=64    m=2     inner=1      min=    20.498 us/xform  median=    20.498  sd=  0.00%      4.53 GF/s  setup=0.000 s
fftw3_custom_soa         L=12  B=64    m=600   inner=1      min=     8.564 us/xform  median=     8.569  sd=  0.10%     10.85 GF/s  setup=0.000 s
fftw3_custom_soa         L=12  B=64    m=600   inner=1      min=     8.565 us/xform  median=     8.568  sd=  0.05%     10.85 GF/s  setup=0.000 s
fftw3_custom_soa         L=12  B=64    m=600   inner=1      min=     8.559 us/xform  median=     8.561  sd=  0.05%     10.86 GF/s  setup=0.000 s
fftw3_custom_soa         L=12  B=64    m=2     inner=1      min=    19.435 us/xform  median=    19.435  sd=  0.00%      4.78 GF/s  setup=0.000 s
fftw3_estimate           L=12  B=64    m=600   inner=1      min=    19.313 us/xform  median=    19.314  sd=  0.00%      4.81 GF/s  setup=0.001 s
fftw3_estimate           L=12  B=64    m=600   inner=1      min=    19.311 us/xform  median=    19.312  sd=  0.00%      4.81 GF/s  setup=0.001 s
fftw3_estimate           L=12  B=64    m=600   inner=1      min=    19.303 us/xform  median=    19.305  sd=  0.00%      4.81 GF/s  setup=0.001 s
fftw3_estimate           L=12  B=64    m=2     inner=1      min=    23.805 us/xform  median=    23.805  sd=  0.00%      3.90 GF/s  setup=0.001 s
fftw3_guru               L=12  B=64    m=600   inner=1      min=    10.510 us/xform  median=    10.511  sd=  0.01%      8.84 GF/s  setup=0.011 s
fftw3_guru               L=12  B=64    m=600   inner=1      min=    10.170 us/xform  median=    10.172  sd=  0.01%      9.14 GF/s  setup=0.011 s
fftw3_guru               L=12  B=64    m=600   inner=1      min=    10.467 us/xform  median=    10.468  sd=  0.02%      8.88 GF/s  setup=0.011 s
fftw3_guru               L=12  B=64    m=2     inner=1      min=    14.343 us/xform  median=    14.343  sd=  0.00%      6.48 GF/s  setup=0.011 s
fftw3_measure            L=12  B=64    m=600   inner=1      min=     8.855 us/xform  median=     8.880  sd=  0.13%     10.49 GF/s  setup=0.014 s
fftw3_measure            L=12  B=64    m=600   inner=1      min=     8.909 us/xform  median=     8.910  sd=  0.01%     10.43 GF/s  setup=0.014 s
fftw3_measure            L=12  B=64    m=600   inner=1      min=     8.925 us/xform  median=     8.926  sd=  0.00%     10.41 GF/s  setup=0.014 s
fftw3_measure            L=12  B=64    m=2     inner=1      min=    12.819 us/xform  median=    12.819  sd=  0.00%      7.25 GF/s  setup=0.015 s
fftw3_patient            L=12  B=64    m=600   inner=1      min=     8.958 us/xform  median=     8.959  sd=  0.01%     10.37 GF/s  setup=0.023 s
fftw3_patient            L=12  B=64    m=600   inner=1      min=     8.515 us/xform  median=     8.529  sd=  0.06%     10.91 GF/s  setup=0.022 s
fftw3_patient            L=12  B=64    m=600   inner=1      min=     8.580 us/xform  median=     8.598  sd=  0.12%     10.83 GF/s  setup=0.024 s
fftw3_patient            L=12  B=64    m=2     inner=1      min=    12.422 us/xform  median=    12.422  sd=  0.00%      7.48 GF/s  setup=0.023 s
gen_batchlane            L=12  B=64    m=600   inner=1      min=     1.915 us/xform  median=     1.917  sd=  0.24%     48.51 GF/s  setup=0.000 s
gen_batchlane            L=12  B=64    m=600   inner=1      min=     1.917 us/xform  median=     1.918  sd=  0.02%     48.48 GF/s  setup=0.000 s
gen_batchlane            L=12  B=64    m=600   inner=1      min=     1.921 us/xform  median=     1.922  sd=  0.01%     48.36 GF/s  setup=0.000 s
gen_batchlane            L=12  B=64    m=2     inner=4      min=     3.886 us/xform  median=     3.886  sd=  0.00%     23.92 GF/s  setup=0.000 s
gen_bluestein            L=12  B=64    m=600   inner=1      min=    18.954 us/xform  median=    18.956  sd=  0.00%      4.90 GF/s  setup=0.000 s
gen_bluestein            L=12  B=64    m=600   inner=1      min=    19.108 us/xform  median=    19.110  sd=  0.01%      4.86 GF/s  setup=0.000 s
gen_bluestein            L=12  B=64    m=600   inner=1      min=    19.270 us/xform  median=    19.272  sd=  0.01%      4.82 GF/s  setup=0.000 s
gen_bluestein            L=12  B=64    m=2     inner=1      min=    25.806 us/xform  median=    25.806  sd=  0.00%      3.60 GF/s  setup=0.000 s
gen_dense_prime          L=12  B=64    m=600   inner=1      min=     7.659 us/xform  median=     7.660  sd=  0.01%     12.13 GF/s  setup=0.000 s
gen_dense_prime          L=12  B=64    m=600   inner=1      min=     7.675 us/xform  median=     7.677  sd=  0.01%     12.11 GF/s  setup=0.000 s
gen_dense_prime          L=12  B=64    m=600   inner=1      min=     7.798 us/xform  median=     7.800  sd=  0.01%     11.92 GF/s  setup=0.000 s
gen_dense_prime          L=12  B=64    m=2     inner=1      min=     9.796 us/xform  median=     9.796  sd=  0.00%      9.49 GF/s  setup=0.000 s
gen_layout               L=12  B=64    m=600   inner=1      min=     8.154 us/xform  median=     8.161  sd=  0.04%     11.40 GF/s  setup=0.000 s
gen_layout               L=12  B=64    m=600   inner=1      min=     8.365 us/xform  median=     8.377  sd=  0.06%     11.11 GF/s  setup=0.000 s
gen_layout               L=12  B=64    m=600   inner=1      min=     8.282 us/xform  median=     8.300  sd=  0.18%     11.22 GF/s  setup=0.000 s
gen_layout               L=12  B=64    m=2     inner=1      min=     9.470 us/xform  median=     9.470  sd=  0.00%      9.81 GF/s  setup=0.000 s
gen_pfa_small            L=12  B=64    m=600   inner=1      min=     1.917 us/xform  median=     1.918  sd=  6.58%     48.47 GF/s  setup=0.000 s
gen_pfa_small            L=12  B=64    m=600   inner=1      min=     1.919 us/xform  median=     1.920  sd=  0.02%     48.42 GF/s  setup=0.000 s
gen_pfa_small            L=12  B=64    m=600   inner=1      min=     1.916 us/xform  median=     1.917  sd=  0.02%     48.50 GF/s  setup=0.000 s
gen_pfa_small            L=12  B=64    m=2     inner=4      min=     3.747 us/xform  median=     3.747  sd=  0.00%     24.80 GF/s  setup=0.000 s
gen_planner              L=12  B=64    m=600   inner=1      min=     2.341 us/xform  median=     2.342  sd=  0.02%     39.70 GF/s  setup=0.007 s
gen_planner              L=12  B=64    m=600   inner=1      min=     2.339 us/xform  median=     2.340  sd=  0.02%     39.72 GF/s  setup=0.004 s
gen_planner              L=12  B=64    m=600   inner=1      min=     2.344 us/xform  median=     2.668  sd=  6.14%     39.64 GF/s  setup=0.005 s
gen_planner              L=12  B=64    m=2     inner=1      min=     8.313 us/xform  median=     8.313  sd=  0.00%     11.18 GF/s  setup=0.003 s
gen_race                 L=12  B=64    m=600   inner=1      min=     1.916 us/xform  median=     1.917  sd=  0.04%     48.49 GF/s  setup=0.182 s
gen_race                 L=12  B=64    m=600   inner=1      min=     2.188 us/xform  median=     2.190  sd=  0.04%     42.47 GF/s  setup=0.014 s
gen_race                 L=12  B=64    m=600   inner=1      min=     1.915 us/xform  median=     1.917  sd=  0.05%     48.52 GF/s  setup=0.020 s
gen_race                 L=12  B=64    m=2     inner=2      min=     4.858 us/xform  median=     4.858  sd=  0.00%     19.13 GF/s  setup=0.008 s
gen_twiddle              L=12  B=64    m=600   inner=1      min=     8.139 us/xform  median=     8.139  sd=  0.01%     11.42 GF/s  setup=0.003 s
gen_twiddle              L=12  B=64    m=600   inner=1      min=     8.082 us/xform  median=     8.083  sd=  0.01%     11.50 GF/s  setup=0.003 s
gen_twiddle              L=12  B=64    m=600   inner=1      min=     7.771 us/xform  median=     7.772  sd=  0.01%     11.96 GF/s  setup=0.003 s
gen_twiddle              L=12  B=64    m=2     inner=1      min=     9.259 us/xform  median=     9.259  sd=  0.00%     10.04 GF/s  setup=0.003 s
mkl2026_dfti             L=12  B=64    m=600   inner=1      min=     7.936 us/xform  median=     7.936  sd=  0.01%     11.71 GF/s  setup=0.002 s
mkl2026_dfti             L=12  B=64    m=600   inner=1      min=     7.827 us/xform  median=     7.828  sd=  0.01%     11.87 GF/s  setup=0.002 s
mkl2026_dfti             L=12  B=64    m=600   inner=1      min=     7.837 us/xform  median=     7.838  sd=  0.01%     11.86 GF/s  setup=0.001 s
mkl2026_dfti             L=12  B=64    m=2     inner=1      min=    11.018 us/xform  median=    11.018  sd=  0.00%      8.43 GF/s  setup=0.002 s
mkl_dfti                 L=12  B=64    m=600   inner=1      min=     7.740 us/xform  median=     7.741  sd=  0.01%     12.01 GF/s  setup=0.003 s
mkl_dfti                 L=12  B=64    m=600   inner=1      min=     7.902 us/xform  median=     7.902  sd=  0.01%     11.76 GF/s  setup=0.002 s
mkl_dfti                 L=12  B=64    m=600   inner=1      min=     7.904 us/xform  median=     7.905  sd=  0.03%     11.76 GF/s  setup=0.001 s
mkl_dfti                 L=12  B=64    m=2     inner=1      min=    10.850 us/xform  median=    10.850  sd=  0.00%      8.56 GF/s  setup=0.002 s
baseline_matrix          L=15  B=32    m=600   inner=1      min=   272.529 us/xform  median=   272.532  sd=  0.00%      0.73 GF/s  setup=0.000 s
baseline_matrix          L=15  B=32    m=600   inner=1      min=   272.532 us/xform  median=   272.534  sd=  0.00%      0.73 GF/s  setup=0.000 s
baseline_matrix          L=15  B=32    m=600   inner=1      min=   272.445 us/xform  median=   272.447  sd=  0.00%      0.73 GF/s  setup=0.000 s
baseline_matrix          L=15  B=32    m=2     inner=1      min=   333.355 us/xform  median=   333.355  sd=  0.00%      0.59 GF/s  setup=0.000 s
ducc0_c2c                L=15  B=32    m=600   inner=1      min=    33.091 us/xform  median=    33.113  sd=  0.05%      5.98 GF/s  setup=0.000 s
ducc0_c2c                L=15  B=32    m=600   inner=1      min=    32.490 us/xform  median=    32.511  sd=  0.06%      6.09 GF/s  setup=0.000 s
ducc0_c2c                L=15  B=32    m=600   inner=1      min=    32.647 us/xform  median=    32.675  sd=  0.07%      6.06 GF/s  setup=0.000 s
ducc0_c2c                L=15  B=32    m=2     inner=1      min=    40.943 us/xform  median=    40.943  sd=  0.00%      4.83 GF/s  setup=0.000 s
fftw3_custom             L=15  B=32    m=600   inner=1      min=    25.905 us/xform  median=    25.909  sd=  0.01%      7.64 GF/s  setup=0.000 s
fftw3_custom             L=15  B=32    m=600   inner=1      min=    25.182 us/xform  median=    25.188  sd=  0.01%      7.85 GF/s  setup=0.000 s
fftw3_custom             L=15  B=32    m=600   inner=1      min=    25.179 us/xform  median=    25.186  sd=  0.01%      7.86 GF/s  setup=0.000 s
fftw3_custom             L=15  B=32    m=2     inner=1      min=    46.441 us/xform  median=    46.441  sd=  0.00%      4.26 GF/s  setup=0.000 s
fftw3_custom_soa         L=15  B=32    m=600   inner=1      min=    16.039 us/xform  median=    16.041  sd=  0.01%     12.33 GF/s  setup=0.000 s
fftw3_custom_soa         L=15  B=32    m=600   inner=1      min=    15.414 us/xform  median=    15.417  sd=  0.02%     12.83 GF/s  setup=0.000 s
fftw3_custom_soa         L=15  B=32    m=600   inner=1      min=    15.985 us/xform  median=    15.989  sd=  0.02%     12.37 GF/s  setup=0.000 s
fftw3_custom_soa         L=15  B=32    m=2     inner=1      min=    34.647 us/xform  median=    34.647  sd=  0.00%      5.71 GF/s  setup=0.000 s
fftw3_estimate           L=15  B=32    m=600   inner=1      min=    20.759 us/xform  median=    20.766  sd=  0.02%      9.53 GF/s  setup=0.001 s
fftw3_estimate           L=15  B=32    m=600   inner=1      min=    20.784 us/xform  median=    20.786  sd=  0.00%      9.52 GF/s  setup=0.001 s
fftw3_estimate           L=15  B=32    m=600   inner=1      min=    20.628 us/xform  median=    20.636  sd=  0.03%      9.59 GF/s  setup=0.001 s
fftw3_estimate           L=15  B=32    m=2     inner=1      min=    28.543 us/xform  median=    28.543  sd=  0.00%      6.93 GF/s  setup=0.001 s
fftw3_guru               L=15  B=32    m=600   inner=1      min=    26.197 us/xform  median=    26.386  sd=  0.35%      7.55 GF/s  setup=0.010 s
fftw3_guru               L=15  B=32    m=600   inner=1      min=    26.162 us/xform  median=    26.375  sd=  0.85%      7.56 GF/s  setup=0.010 s
fftw3_guru               L=15  B=32    m=600   inner=1      min=    26.605 us/xform  median=    26.634  sd=  0.06%      7.43 GF/s  setup=0.012 s
fftw3_guru               L=15  B=32    m=2     inner=1      min=    36.146 us/xform  median=    36.146  sd=  0.00%      5.47 GF/s  setup=0.011 s
fftw3_measure            L=15  B=32    m=600   inner=1      min=    19.717 us/xform  median=    19.719  sd=  0.01%     10.03 GF/s  setup=0.011 s
fftw3_measure            L=15  B=32    m=600   inner=1      min=    20.300 us/xform  median=    20.304  sd=  0.01%      9.74 GF/s  setup=0.012 s
fftw3_measure            L=15  B=32    m=600   inner=1      min=    19.658 us/xform  median=    19.660  sd=  0.02%     10.06 GF/s  setup=0.010 s
fftw3_measure            L=15  B=32    m=2     inner=1      min=    27.618 us/xform  median=    27.618  sd=  0.00%      7.16 GF/s  setup=0.011 s
fftw3_patient            L=15  B=32    m=600   inner=1      min=    19.924 us/xform  median=    19.929  sd=  0.02%      9.93 GF/s  setup=0.019 s
fftw3_patient            L=15  B=32    m=600   inner=1      min=    19.778 us/xform  median=    19.780  sd=  0.01%     10.00 GF/s  setup=0.019 s
fftw3_patient            L=15  B=32    m=600   inner=1      min=    19.593 us/xform  median=    19.598  sd=  0.01%     10.09 GF/s  setup=0.020 s
fftw3_patient            L=15  B=32    m=2     inner=1      min=    26.679 us/xform  median=    26.679  sd=  0.00%      7.41 GF/s  setup=0.020 s
gen_batchlane            L=15  B=32    m=600   inner=1      min=     4.340 us/xform  median=     4.344  sd=  0.04%     45.57 GF/s  setup=0.000 s
gen_batchlane            L=15  B=32    m=600   inner=1      min=     4.420 us/xform  median=     4.970  sd=  3.22%     44.75 GF/s  setup=0.000 s
gen_batchlane            L=15  B=32    m=600   inner=1      min=     4.348 us/xform  median=     4.351  sd=  0.13%     45.49 GF/s  setup=0.000 s
gen_batchlane            L=15  B=32    m=2     inner=2      min=     9.603 us/xform  median=     9.603  sd=  0.00%     20.60 GF/s  setup=0.000 s
gen_bluestein            L=15  B=32    m=600   inner=1      min=    32.974 us/xform  median=    32.985  sd=  0.03%      6.00 GF/s  setup=0.000 s
gen_bluestein            L=15  B=32    m=600   inner=1      min=    33.053 us/xform  median=    33.060  sd=  0.02%      5.98 GF/s  setup=0.000 s
gen_bluestein            L=15  B=32    m=600   inner=1      min=    33.325 us/xform  median=    33.330  sd=  0.01%      5.94 GF/s  setup=0.000 s
gen_bluestein            L=15  B=32    m=2     inner=1      min=    38.659 us/xform  median=    38.659  sd=  0.00%      5.12 GF/s  setup=0.000 s
gen_dense_prime          L=15  B=32    m=600   inner=1      min=    15.220 us/xform  median=    15.226  sd=  0.02%     12.99 GF/s  setup=0.000 s
gen_dense_prime          L=15  B=32    m=600   inner=1      min=    15.808 us/xform  median=    15.813  sd=  0.03%     12.51 GF/s  setup=0.000 s
gen_dense_prime          L=15  B=32    m=600   inner=1      min=    15.232 us/xform  median=    15.233  sd=  0.01%     12.99 GF/s  setup=0.000 s
gen_dense_prime          L=15  B=32    m=2     inner=1      min=    20.946 us/xform  median=    20.946  sd=  0.00%      9.44 GF/s  setup=0.000 s
gen_layout               L=15  B=32    m=600   inner=1      min=    19.732 us/xform  median=    19.740  sd=  0.02%     10.02 GF/s  setup=0.000 s
gen_layout               L=15  B=32    m=600   inner=1      min=    19.727 us/xform  median=    19.739  sd=  0.05%     10.03 GF/s  setup=0.000 s
gen_layout               L=15  B=32    m=600   inner=1      min=    20.030 us/xform  median=    20.041  sd=  0.03%      9.87 GF/s  setup=0.000 s
gen_layout               L=15  B=32    m=2     inner=1      min=    23.080 us/xform  median=    23.080  sd=  0.00%      8.57 GF/s  setup=0.000 s
gen_pfa_small            L=15  B=32    m=600   inner=1      min=     4.365 us/xform  median=     4.368  sd=  0.03%     45.31 GF/s  setup=0.000 s
gen_pfa_small            L=15  B=32    m=600   inner=1      min=     4.348 us/xform  median=     4.366  sd=  0.18%     45.48 GF/s  setup=0.000 s
gen_pfa_small            L=15  B=32    m=600   inner=1      min=     4.356 us/xform  median=     4.360  sd=  0.04%     45.41 GF/s  setup=0.000 s
gen_pfa_small            L=15  B=32    m=2     inner=2      min=     9.581 us/xform  median=     9.581  sd=  0.00%     20.64 GF/s  setup=0.000 s
gen_planner              L=15  B=32    m=600   inner=1      min=     5.713 us/xform  median=     5.716  sd=  0.03%     34.62 GF/s  setup=0.011 s
gen_planner              L=15  B=32    m=600   inner=1      min=     5.634 us/xform  median=     5.634  sd=  0.01%     35.11 GF/s  setup=0.005 s
gen_planner              L=15  B=32    m=600   inner=1      min=     5.622 us/xform  median=     5.624  sd=  0.02%     35.18 GF/s  setup=0.004 s
gen_planner              L=15  B=32    m=2     inner=1      min=    17.946 us/xform  median=    17.946  sd=  0.00%     11.02 GF/s  setup=0.005 s
gen_race                 L=15  B=32    m=600   inner=1      min=     4.346 us/xform  median=     4.350  sd=  0.04%     45.51 GF/s  setup=0.210 s
gen_race                 L=15  B=32    m=600   inner=1      min=     4.969 us/xform  median=     4.971  sd=  0.02%     39.81 GF/s  setup=0.016 s
gen_race                 L=15  B=32    m=600   inner=1      min=     4.963 us/xform  median=     4.964  sd=  0.02%     39.86 GF/s  setup=0.017 s
gen_race                 L=15  B=32    m=2     inner=2      min=     9.942 us/xform  median=     9.942  sd=  0.00%     19.89 GF/s  setup=0.008 s
gen_twiddle              L=15  B=32    m=600   inner=1      min=    18.013 us/xform  median=    18.016  sd=  0.01%     10.98 GF/s  setup=0.003 s
gen_twiddle              L=15  B=32    m=600   inner=1      min=    18.557 us/xform  median=    18.560  sd=  0.01%     10.66 GF/s  setup=0.002 s
gen_twiddle              L=15  B=32    m=600   inner=1      min=    18.546 us/xform  median=    18.548  sd=  0.01%     10.66 GF/s  setup=0.004 s
gen_twiddle              L=15  B=32    m=2     inner=1      min=    22.530 us/xform  median=    22.530  sd=  0.00%      8.78 GF/s  setup=0.003 s
mkl2026_dfti             L=15  B=32    m=600   inner=1      min=    16.738 us/xform  median=    16.739  sd=  0.01%     11.82 GF/s  setup=0.003 s
mkl2026_dfti             L=15  B=32    m=600   inner=1      min=    16.741 us/xform  median=    16.744  sd=  0.01%     11.81 GF/s  setup=0.001 s
mkl2026_dfti             L=15  B=32    m=600   inner=1      min=    16.664 us/xform  median=    16.666  sd=  0.01%     11.87 GF/s  setup=0.002 s
mkl2026_dfti             L=15  B=32    m=2     inner=1      min=    21.946 us/xform  median=    21.946  sd=  0.00%      9.01 GF/s  setup=0.001 s
mkl_dfti                 L=15  B=32    m=600   inner=1      min=    16.490 us/xform  median=    16.491  sd=  0.01%     11.99 GF/s  setup=0.002 s
mkl_dfti                 L=15  B=32    m=600   inner=1      min=    16.727 us/xform  median=    16.730  sd=  0.01%     11.82 GF/s  setup=0.002 s
mkl_dfti                 L=15  B=32    m=600   inner=1      min=    16.736 us/xform  median=    16.740  sd=  0.01%     11.82 GF/s  setup=0.001 s
mkl_dfti                 L=15  B=32    m=2     inner=1      min=    21.833 us/xform  median=    21.833  sd=  0.00%      9.06 GF/s  setup=0.001 s
baseline_matrix          L=20  B=32    m=256   inner=1      min=   850.387 us/xform  median=   850.418  sd=  0.00%      0.61 GF/s  setup=0.000 s
baseline_matrix          L=20  B=32    m=256   inner=1      min=   850.492 us/xform  median=   850.501  sd=  0.00%      0.61 GF/s  setup=0.000 s
baseline_matrix          L=20  B=32    m=256   inner=1      min=   850.538 us/xform  median=   850.547  sd=  0.00%      0.61 GF/s  setup=0.000 s
baseline_matrix          L=20  B=32    m=2     inner=1      min=   857.937 us/xform  median=   857.937  sd=  0.00%      0.60 GF/s  setup=0.000 s
ducc0_c2c                L=20  B=32    m=256   inner=1      min=    73.363 us/xform  median=    73.454  sd=  0.16%      7.07 GF/s  setup=0.000 s
ducc0_c2c                L=20  B=32    m=256   inner=1      min=    73.121 us/xform  median=    73.239  sd=  0.14%      7.09 GF/s  setup=0.000 s
ducc0_c2c                L=20  B=32    m=256   inner=1      min=    74.145 us/xform  median=    74.263  sd=  0.15%      6.99 GF/s  setup=0.000 s
ducc0_c2c                L=20  B=32    m=2     inner=1      min=    93.886 us/xform  median=    93.886  sd=  0.00%      5.52 GF/s  setup=0.000 s
fftw3_custom             L=20  B=32    m=256   inner=1      min=    63.810 us/xform  median=    63.838  sd=  0.03%      8.13 GF/s  setup=0.000 s
fftw3_custom             L=20  B=32    m=256   inner=1      min=    66.318 us/xform  median=    66.354  sd=  0.03%      7.82 GF/s  setup=0.000 s
fftw3_custom             L=20  B=32    m=256   inner=1      min=    63.813 us/xform  median=    63.847  sd=  0.03%      8.13 GF/s  setup=0.000 s
fftw3_custom             L=20  B=32    m=2     inner=1      min=   127.730 us/xform  median=   127.730  sd=  0.00%      4.06 GF/s  setup=0.000 s
fftw3_custom_soa         L=20  B=32    m=256   inner=1      min=    41.407 us/xform  median=    41.420  sd=  0.04%     12.53 GF/s  setup=0.000 s
fftw3_custom_soa         L=20  B=32    m=256   inner=1      min=    42.242 us/xform  median=    42.264  sd=  0.03%     12.28 GF/s  setup=0.000 s
fftw3_custom_soa         L=20  B=32    m=256   inner=1      min=    42.178 us/xform  median=    42.202  sd=  0.04%     12.30 GF/s  setup=0.000 s
fftw3_custom_soa         L=20  B=32    m=2     inner=1      min=   100.039 us/xform  median=   100.039  sd=  0.00%      5.18 GF/s  setup=0.000 s
fftw3_estimate           L=20  B=32    m=256   inner=1      min=    91.893 us/xform  median=    91.926  sd=  0.04%      5.64 GF/s  setup=0.001 s
fftw3_estimate           L=20  B=32    m=256   inner=1      min=    91.881 us/xform  median=    91.987  sd=  0.07%      5.64 GF/s  setup=0.001 s
fftw3_estimate           L=20  B=32    m=256   inner=1      min=    92.183 us/xform  median=    92.290  sd=  0.06%      5.63 GF/s  setup=0.001 s
fftw3_estimate           L=20  B=32    m=2     inner=1      min=   100.739 us/xform  median=   100.739  sd=  0.00%      5.15 GF/s  setup=0.001 s
fftw3_guru               L=20  B=32    m=256   inner=1      min=    60.254 us/xform  median=    60.274  sd=  0.02%      8.61 GF/s  setup=0.075 s
fftw3_guru               L=20  B=32    m=256   inner=1      min=    61.754 us/xform  median=    61.778  sd=  0.02%      8.40 GF/s  setup=0.078 s
fftw3_guru               L=20  B=32    m=256   inner=1      min=    61.730 us/xform  median=    61.749  sd=  0.02%      8.40 GF/s  setup=0.079 s
fftw3_guru               L=20  B=32    m=2     inner=1      min=    84.331 us/xform  median=    84.331  sd=  0.00%      6.15 GF/s  setup=0.077 s
fftw3_measure            L=20  B=32    m=256   inner=1      min=    44.922 us/xform  median=    44.934  sd=  0.02%     11.55 GF/s  setup=0.085 s
fftw3_measure            L=20  B=32    m=256   inner=1      min=    45.719 us/xform  median=    45.728  sd=  0.02%     11.34 GF/s  setup=0.084 s
fftw3_measure            L=20  B=32    m=256   inner=1      min=    45.447 us/xform  median=    45.459  sd=  0.05%     11.41 GF/s  setup=0.081 s
fftw3_measure            L=20  B=32    m=2     inner=1      min=    64.386 us/xform  median=    64.386  sd=  0.00%      8.06 GF/s  setup=0.085 s
fftw3_patient            L=20  B=32    m=256   inner=1      min=    45.145 us/xform  median=    45.161  sd=  0.03%     11.49 GF/s  setup=0.315 s
fftw3_patient            L=20  B=32    m=256   inner=1      min=    45.315 us/xform  median=    45.332  sd=  0.02%     11.45 GF/s  setup=0.316 s
fftw3_patient            L=20  B=32    m=256   inner=1      min=    45.188 us/xform  median=    45.221  sd=  0.03%     11.48 GF/s  setup=0.318 s
fftw3_patient            L=20  B=32    m=2     inner=1      min=    55.739 us/xform  median=    55.739  sd=  0.00%      9.30 GF/s  setup=0.304 s
gen_batchlane            L=20  B=32    m=256   inner=1      min=    13.321 us/xform  median=    13.331  sd=  0.06%     38.93 GF/s  setup=0.001 s
gen_batchlane            L=20  B=32    m=256   inner=1      min=    12.597 us/xform  median=    15.716  sd= 10.76%     41.17 GF/s  setup=0.001 s
gen_batchlane            L=20  B=32    m=256   inner=1      min=    12.613 us/xform  median=    12.621  sd=  0.02%     41.12 GF/s  setup=0.001 s
gen_batchlane            L=20  B=32    m=2     inner=1      min=    26.513 us/xform  median=    26.513  sd=  0.00%     19.56 GF/s  setup=0.001 s
gen_bluestein            L=20  B=32    m=256   inner=1      min=    82.181 us/xform  median=    82.276  sd=  0.04%      6.31 GF/s  setup=0.000 s
gen_bluestein            L=20  B=32    m=256   inner=1      min=    82.200 us/xform  median=    82.260  sd=  0.04%      6.31 GF/s  setup=0.000 s
gen_bluestein            L=20  B=32    m=256   inner=1      min=    82.379 us/xform  median=    82.451  sd=  0.04%      6.30 GF/s  setup=0.000 s
gen_bluestein            L=20  B=32    m=2     inner=1      min=    93.499 us/xform  median=    93.499  sd=  0.00%      5.55 GF/s  setup=0.000 s
gen_dense_prime          L=20  B=32    m=256   inner=1      min=    38.337 us/xform  median=    38.340  sd=  0.01%     13.53 GF/s  setup=0.000 s
gen_dense_prime          L=20  B=32    m=256   inner=1      min=    38.123 us/xform  median=    38.127  sd=  0.01%     13.60 GF/s  setup=0.000 s
gen_dense_prime          L=20  B=32    m=256   inner=1      min=    38.630 us/xform  median=    38.637  sd=  0.01%     13.43 GF/s  setup=0.000 s
gen_dense_prime          L=20  B=32    m=2     inner=1      min=    49.384 us/xform  median=    49.384  sd=  0.00%     10.50 GF/s  setup=0.000 s
gen_layout               L=20  B=32    m=256   inner=1      min=    35.365 us/xform  median=    35.368  sd=  0.01%     14.67 GF/s  setup=0.000 s
gen_layout               L=20  B=32    m=256   inner=1      min=    35.771 us/xform  median=    35.781  sd=  0.02%     14.50 GF/s  setup=0.000 s
gen_layout               L=20  B=32    m=256   inner=1      min=    34.483 us/xform  median=    34.489  sd=  0.01%     15.04 GF/s  setup=0.000 s
gen_layout               L=20  B=32    m=2     inner=1      min=    40.930 us/xform  median=    40.930  sd=  0.00%     12.67 GF/s  setup=0.000 s
gen_pfa_small            L=20  B=32    m=256   inner=1      min=    13.275 us/xform  median=    13.287  sd=  0.06%     39.07 GF/s  setup=0.001 s
gen_pfa_small            L=20  B=32    m=256   inner=1      min=    13.286 us/xform  median=    13.304  sd=  0.07%     39.04 GF/s  setup=0.001 s
gen_pfa_small            L=20  B=32    m=256   inner=1      min=    13.281 us/xform  median=    13.309  sd=  0.11%     39.05 GF/s  setup=0.001 s
gen_pfa_small            L=20  B=32    m=2     inner=1      min=    28.182 us/xform  median=    28.182  sd=  0.00%     18.40 GF/s  setup=0.001 s
gen_planner              L=20  B=32    m=256   inner=1      min=    18.312 us/xform  median=    18.315  sd=  0.04%     28.32 GF/s  setup=0.016 s
gen_planner              L=20  B=32    m=256   inner=1      min=    18.309 us/xform  median=    18.313  sd=  0.03%     28.33 GF/s  setup=0.007 s
gen_planner              L=20  B=32    m=256   inner=1      min=    18.134 us/xform  median=    18.141  sd=  0.04%     28.60 GF/s  setup=0.007 s
gen_planner              L=20  B=32    m=2     inner=1      min=    60.023 us/xform  median=    60.023  sd=  0.00%      8.64 GF/s  setup=0.008 s
gen_race                 L=20  B=32    m=256   inner=1      min=    13.307 us/xform  median=    13.317  sd=  0.05%     38.97 GF/s  setup=0.261 s
gen_race                 L=20  B=32    m=256   inner=1      min=    12.694 us/xform  median=    15.978  sd= 10.58%     40.86 GF/s  setup=0.012 s
gen_race                 L=20  B=32    m=256   inner=1      min=    13.272 us/xform  median=    13.278  sd=  0.02%     39.08 GF/s  setup=0.007 s
gen_race                 L=20  B=32    m=2     inner=1      min=    28.577 us/xform  median=    28.577  sd=  0.00%     18.15 GF/s  setup=0.007 s
gen_twiddle              L=20  B=32    m=256   inner=1      min=    32.903 us/xform  median=    32.908  sd=  0.02%     15.76 GF/s  setup=0.003 s
gen_twiddle              L=20  B=32    m=256   inner=1      min=    33.976 us/xform  median=    33.982  sd=  0.02%     15.26 GF/s  setup=0.004 s
gen_twiddle              L=20  B=32    m=256   inner=1      min=    33.908 us/xform  median=    33.916  sd=  0.02%     15.30 GF/s  setup=0.004 s
gen_twiddle              L=20  B=32    m=2     inner=1      min=    43.121 us/xform  median=    43.121  sd=  0.00%     12.03 GF/s  setup=0.003 s
mkl2026_dfti             L=20  B=32    m=256   inner=1      min=    57.423 us/xform  median=    57.521  sd=  0.09%      9.03 GF/s  setup=0.057 s
mkl2026_dfti             L=20  B=32    m=256   inner=1      min=    57.484 us/xform  median=    57.633  sd=  0.11%      9.02 GF/s  setup=0.049 s
mkl2026_dfti             L=20  B=32    m=256   inner=1      min=    59.793 us/xform  median=    59.911  sd=  0.08%      8.67 GF/s  setup=0.049 s
mkl2026_dfti             L=20  B=32    m=2     inner=1      min=    65.738 us/xform  median=    65.738  sd=  0.00%      7.89 GF/s  setup=0.050 s
mkl_dfti                 L=20  B=32    m=256   inner=1      min=    58.185 us/xform  median=    58.279  sd=  0.12%      8.91 GF/s  setup=0.031 s
mkl_dfti                 L=20  B=32    m=256   inner=1      min=    57.878 us/xform  median=    58.098  sd=  0.20%      8.96 GF/s  setup=0.051 s
mkl_dfti                 L=20  B=32    m=256   inner=1      min=    58.471 us/xform  median=    58.649  sd=  0.12%      8.87 GF/s  setup=0.030 s
mkl_dfti                 L=20  B=32    m=2     inner=1      min=   110.562 us/xform  median=   110.562  sd=  0.00%      4.69 GF/s  setup=0.050 s
baseline_matrix          L=25  B=16    m=256   inner=1      min=  2061.706 us/xform  median=  2061.750  sd=  0.00%      0.53 GF/s  setup=0.000 s
baseline_matrix          L=25  B=16    m=256   inner=1      min=  2061.671 us/xform  median=  2061.734  sd=  0.00%      0.53 GF/s  setup=0.000 s
baseline_matrix          L=25  B=16    m=256   inner=1      min=  2061.151 us/xform  median=  2061.181  sd=  0.00%      0.53 GF/s  setup=0.000 s
baseline_matrix          L=25  B=16    m=2     inner=1      min=  2076.731 us/xform  median=  2076.731  sd=  0.00%      0.52 GF/s  setup=0.000 s
ducc0_c2c                L=25  B=16    m=256   inner=1      min=   146.956 us/xform  median=   147.024  sd=  0.14%      7.41 GF/s  setup=0.000 s
ducc0_c2c                L=25  B=16    m=256   inner=1      min=   145.184 us/xform  median=   145.389  sd=  0.16%      7.50 GF/s  setup=0.000 s
ducc0_c2c                L=25  B=16    m=256   inner=1      min=   146.469 us/xform  median=   146.633  sd=  0.14%      7.43 GF/s  setup=0.000 s
ducc0_c2c                L=25  B=16    m=2     inner=1      min=   189.565 us/xform  median=   189.565  sd=  0.00%      5.74 GF/s  setup=0.000 s
fftw3_custom             L=25  B=16    m=256   inner=1      min=   163.047 us/xform  median=   163.123  sd=  0.02%      6.68 GF/s  setup=0.000 s
fftw3_custom             L=25  B=16    m=256   inner=1      min=   160.280 us/xform  median=   160.395  sd=  0.04%      6.79 GF/s  setup=0.000 s
fftw3_custom             L=25  B=16    m=256   inner=1      min=   160.739 us/xform  median=   160.814  sd=  0.06%      6.77 GF/s  setup=0.000 s
fftw3_custom             L=25  B=16    m=2     inner=1      min=   263.150 us/xform  median=   263.150  sd=  0.00%      4.14 GF/s  setup=0.000 s
fftw3_custom_soa         L=25  B=16    m=256   inner=1      min=    75.145 us/xform  median=    75.168  sd=  0.04%     14.48 GF/s  setup=0.000 s
fftw3_custom_soa         L=25  B=16    m=256   inner=1      min=    75.350 us/xform  median=    75.413  sd=  0.08%     14.44 GF/s  setup=0.000 s
fftw3_custom_soa         L=25  B=16    m=256   inner=1      min=    76.332 us/xform  median=    76.362  sd=  0.05%     14.26 GF/s  setup=0.000 s
fftw3_custom_soa         L=25  B=16    m=2     inner=1      min=   171.049 us/xform  median=   171.049  sd=  0.00%      6.36 GF/s  setup=0.000 s
fftw3_estimate           L=25  B=16    m=256   inner=1      min=   132.391 us/xform  median=   132.637  sd=  0.10%      8.22 GF/s  setup=0.001 s
fftw3_estimate           L=25  B=16    m=256   inner=1      min=   134.629 us/xform  median=   134.756  sd=  0.03%      8.08 GF/s  setup=0.001 s
fftw3_estimate           L=25  B=16    m=256   inner=1      min=   132.486 us/xform  median=   132.555  sd=  0.05%      8.22 GF/s  setup=0.001 s
fftw3_estimate           L=25  B=16    m=2     inner=1      min=   175.479 us/xform  median=   175.479  sd=  0.00%      6.20 GF/s  setup=0.001 s
fftw3_guru               L=25  B=16    m=256   inner=1      min=   187.047 us/xform  median=   187.088  sd=  0.01%      5.82 GF/s  setup=0.032 s
fftw3_guru               L=25  B=16    m=256   inner=1      min=   175.335 us/xform  median=   175.364  sd=  0.01%      6.21 GF/s  setup=0.029 s
fftw3_guru               L=25  B=16    m=256   inner=1      min=   174.947 us/xform  median=   174.991  sd=  0.02%      6.22 GF/s  setup=0.029 s
fftw3_guru               L=25  B=16    m=2     inner=1      min=   200.372 us/xform  median=   200.372  sd=  0.00%      5.43 GF/s  setup=0.029 s
fftw3_measure            L=25  B=16    m=256   inner=1      min=   118.907 us/xform  median=   118.934  sd=  0.02%      9.15 GF/s  setup=0.028 s
fftw3_measure            L=25  B=16    m=256   inner=1      min=   107.869 us/xform  median=   107.884  sd=  0.02%     10.09 GF/s  setup=0.029 s
fftw3_measure            L=25  B=16    m=256   inner=1      min=   119.463 us/xform  median=   119.484  sd=  0.01%      9.11 GF/s  setup=0.028 s
fftw3_measure            L=25  B=16    m=2     inner=1      min=   149.371 us/xform  median=   149.371  sd=  0.00%      7.29 GF/s  setup=0.028 s
fftw3_patient            L=25  B=16    m=256   inner=1      min=   111.909 us/xform  median=   111.938  sd=  0.03%      9.73 GF/s  setup=0.110 s
fftw3_patient            L=25  B=16    m=256   inner=1      min=   108.491 us/xform  median=   108.511  sd=  0.01%     10.03 GF/s  setup=0.103 s
fftw3_patient            L=25  B=16    m=256   inner=1      min=   108.372 us/xform  median=   108.400  sd=  0.02%     10.04 GF/s  setup=0.112 s
fftw3_patient            L=25  B=16    m=2     inner=1      min=   147.130 us/xform  median=   147.130  sd=  0.00%      7.40 GF/s  setup=0.110 s
gen_bluestein            L=25  B=16    m=256   inner=1      min=   173.491 us/xform  median=   173.716  sd=  0.06%      6.27 GF/s  setup=0.000 s
gen_bluestein            L=25  B=16    m=256   inner=1      min=   171.560 us/xform  median=   171.787  sd=  0.06%      6.34 GF/s  setup=0.000 s
gen_bluestein            L=25  B=16    m=256   inner=1      min=   169.373 us/xform  median=   169.452  sd=  0.05%      6.43 GF/s  setup=0.000 s
gen_bluestein            L=25  B=16    m=2     inner=1      min=   184.000 us/xform  median=   184.000  sd=  0.00%      5.92 GF/s  setup=0.000 s
gen_layout               L=25  B=16    m=256   inner=1      min=    94.269 us/xform  median=    94.296  sd=  0.03%     11.55 GF/s  setup=0.000 s
gen_layout               L=25  B=16    m=256   inner=1      min=    94.943 us/xform  median=    95.022  sd=  0.03%     11.46 GF/s  setup=0.000 s
gen_layout               L=25  B=16    m=256   inner=1      min=    94.836 us/xform  median=    94.859  sd=  0.02%     11.48 GF/s  setup=0.001 s
gen_layout               L=25  B=16    m=2     inner=1      min=   113.640 us/xform  median=   113.640  sd=  0.00%      9.58 GF/s  setup=0.000 s
gen_planner              L=25  B=16    m=256   inner=1      min=    39.642 us/xform  median=    39.647  sd=  0.03%     27.46 GF/s  setup=0.027 s
gen_planner              L=25  B=16    m=256   inner=1      min=    42.032 us/xform  median=    42.049  sd=  0.03%     25.89 GF/s  setup=0.013 s
gen_planner              L=25  B=16    m=256   inner=1      min=    40.552 us/xform  median=    40.563  sd=  0.04%     26.84 GF/s  setup=0.014 s
gen_planner              L=25  B=16    m=2     inner=1      min=   150.277 us/xform  median=   150.277  sd=  0.00%      7.24 GF/s  setup=0.011 s
gen_powp                 L=25  B=16    m=256   inner=1      min=    31.528 us/xform  median=    31.544  sd=  0.05%     34.52 GF/s  setup=0.395 s
gen_powp                 L=25  B=16    m=256   inner=1      min=    30.983 us/xform  median=    31.014  sd=  9.67%     35.13 GF/s  setup=0.004 s
gen_powp                 L=25  B=16    m=256   inner=1      min=    30.857 us/xform  median=    30.876  sd=  0.04%     35.27 GF/s  setup=0.004 s
gen_powp                 L=25  B=16    m=2     inner=1      min=    70.217 us/xform  median=    70.217  sd=  0.00%     15.50 GF/s  setup=0.003 s
gen_race                 L=25  B=16    m=256   inner=1      min=    31.724 us/xform  median=    31.735  sd=  0.03%     34.31 GF/s  setup=0.268 s
gen_race                 L=25  B=16    m=256   inner=1      min=    31.196 us/xform  median=    37.538  sd=  9.86%     34.89 GF/s  setup=0.015 s
gen_race                 L=25  B=16    m=256   inner=1      min=    31.164 us/xform  median=    31.174  sd=  0.03%     34.92 GF/s  setup=0.013 s
gen_race                 L=25  B=16    m=2     inner=1      min=    69.163 us/xform  median=    69.163  sd=  0.00%     15.74 GF/s  setup=0.008 s
gen_twiddle              L=25  B=16    m=256   inner=1      min=    75.664 us/xform  median=    75.694  sd=  0.02%     14.38 GF/s  setup=0.003 s
gen_twiddle              L=25  B=16    m=256   inner=1      min=    74.364 us/xform  median=    74.376  sd=  0.02%     14.64 GF/s  setup=0.003 s
gen_twiddle              L=25  B=16    m=256   inner=1      min=    76.990 us/xform  median=    77.004  sd=  0.01%     14.14 GF/s  setup=0.003 s
gen_twiddle              L=25  B=16    m=2     inner=1      min=    96.696 us/xform  median=    96.696  sd=  0.00%     11.26 GF/s  setup=0.004 s
mkl2026_dfti             L=25  B=16    m=256   inner=1      min=   123.453 us/xform  median=   123.873  sd=  0.17%      8.82 GF/s  setup=0.045 s
mkl2026_dfti             L=25  B=16    m=256   inner=1      min=   123.806 us/xform  median=   123.989  sd=  0.16%      8.79 GF/s  setup=0.047 s
mkl2026_dfti             L=25  B=16    m=256   inner=1      min=   123.752 us/xform  median=   124.174  sd=  0.23%      8.80 GF/s  setup=0.053 s
mkl2026_dfti             L=25  B=16    m=2     inner=1      min=   228.192 us/xform  median=   228.192  sd=  0.00%      4.77 GF/s  setup=0.048 s
mkl_dfti                 L=25  B=16    m=256   inner=1      min=   121.016 us/xform  median=   121.243  sd=  0.18%      8.99 GF/s  setup=0.030 s
mkl_dfti                 L=25  B=16    m=256   inner=1      min=   125.033 us/xform  median=   125.042  sd=  0.04%      8.70 GF/s  setup=0.054 s
mkl_dfti                 L=25  B=16    m=256   inner=1      min=   120.773 us/xform  median=   121.402  sd=  0.20%      9.01 GF/s  setup=0.050 s
mkl_dfti                 L=25  B=16    m=2     inner=1      min=   132.911 us/xform  median=   132.911  sd=  0.00%      8.19 GF/s  setup=0.052 s
baseline_matrix          L=27  B=16    m=200   inner=1      min=  2799.556 us/xform  median=  2799.782  sd=  0.00%      0.50 GF/s  setup=0.000 s
baseline_matrix          L=27  B=16    m=200   inner=1      min=  2799.377 us/xform  median=  2799.429  sd=  0.00%      0.50 GF/s  setup=0.000 s
baseline_matrix          L=27  B=16    m=200   inner=1      min=  2799.536 us/xform  median=  2799.615  sd=  0.00%      0.50 GF/s  setup=0.000 s
baseline_matrix          L=27  B=16    m=2     inner=1      min=  2818.715 us/xform  median=  2818.715  sd=  0.00%      0.50 GF/s  setup=0.000 s
ducc0_c2c                L=27  B=16    m=200   inner=1      min=   195.384 us/xform  median=   195.550  sd=  0.17%      7.19 GF/s  setup=0.000 s
ducc0_c2c                L=27  B=16    m=200   inner=1      min=   190.013 us/xform  median=   190.397  sd=  0.19%      7.39 GF/s  setup=0.000 s
ducc0_c2c                L=27  B=16    m=200   inner=1      min=   190.454 us/xform  median=   190.799  sd=  0.20%      7.37 GF/s  setup=0.000 s
ducc0_c2c                L=27  B=16    m=2     inner=1      min=   239.964 us/xform  median=   239.964  sd=  0.00%      5.85 GF/s  setup=0.000 s
fftw3_custom             L=27  B=16    m=200   inner=1      min=   204.807 us/xform  median=   204.940  sd=  0.04%      6.85 GF/s  setup=0.000 s
fftw3_custom             L=27  B=16    m=200   inner=1      min=   204.935 us/xform  median=   205.472  sd=  0.11%      6.85 GF/s  setup=0.000 s
fftw3_custom             L=27  B=16    m=200   inner=1      min=   203.479 us/xform  median=   203.617  sd=  0.05%      6.90 GF/s  setup=0.000 s
fftw3_custom             L=27  B=16    m=2     inner=1      min=   337.365 us/xform  median=   337.365  sd=  0.00%      4.16 GF/s  setup=0.000 s
fftw3_custom_soa         L=27  B=16    m=200   inner=1      min=   104.260 us/xform  median=   104.337  sd=  0.04%     13.46 GF/s  setup=0.000 s
fftw3_custom_soa         L=27  B=16    m=200   inner=1      min=    96.257 us/xform  median=    96.307  sd=  0.07%     14.58 GF/s  setup=0.000 s
fftw3_custom_soa         L=27  B=16    m=200   inner=1      min=   103.839 us/xform  median=   103.944  sd=  0.09%     13.52 GF/s  setup=0.000 s
fftw3_custom_soa         L=27  B=16    m=2     inner=1      min=   242.967 us/xform  median=   242.967  sd=  0.00%      5.78 GF/s  setup=0.000 s
fftw3_estimate           L=27  B=16    m=200   inner=1      min=   253.912 us/xform  median=   254.595  sd=  0.15%      5.53 GF/s  setup=0.003 s
fftw3_estimate           L=27  B=16    m=200   inner=1      min=   257.973 us/xform  median=   258.494  sd=  0.15%      5.44 GF/s  setup=0.003 s
fftw3_estimate           L=27  B=16    m=200   inner=1      min=   256.828 us/xform  median=   257.860  sd=  0.18%      5.47 GF/s  setup=0.003 s
fftw3_estimate           L=27  B=16    m=2     inner=1      min=   323.645 us/xform  median=   323.645  sd=  0.00%      4.34 GF/s  setup=0.003 s
fftw3_guru               L=27  B=16    m=200   inner=1      min=   262.931 us/xform  median=   263.297  sd=  0.09%      5.34 GF/s  setup=0.041 s
fftw3_guru               L=27  B=16    m=200   inner=1      min=   260.938 us/xform  median=   261.208  sd=  0.08%      5.38 GF/s  setup=0.041 s
fftw3_guru               L=27  B=16    m=200   inner=1      min=   271.622 us/xform  median=   272.014  sd=  0.05%      5.17 GF/s  setup=0.043 s
fftw3_guru               L=27  B=16    m=2     inner=1      min=   346.979 us/xform  median=   346.979  sd=  0.00%      4.05 GF/s  setup=0.043 s
fftw3_measure            L=27  B=16    m=200   inner=1      min=   223.610 us/xform  median=   223.641  sd=  0.01%      6.28 GF/s  setup=0.034 s
fftw3_measure            L=27  B=16    m=200   inner=1      min=   229.635 us/xform  median=   229.930  sd=  0.06%      6.11 GF/s  setup=0.034 s
fftw3_measure            L=27  B=16    m=200   inner=1      min=   228.636 us/xform  median=   228.679  sd=  0.02%      6.14 GF/s  setup=0.033 s
fftw3_measure            L=27  B=16    m=2     inner=1      min=   296.354 us/xform  median=   296.354  sd=  0.00%      4.74 GF/s  setup=0.034 s
fftw3_patient            L=27  B=16    m=200   inner=1      min=   204.983 us/xform  median=   205.156  sd=  0.03%      6.85 GF/s  setup=0.149 s
fftw3_patient            L=27  B=16    m=200   inner=1      min=   207.573 us/xform  median=   207.622  sd=  0.01%      6.76 GF/s  setup=0.139 s
fftw3_patient            L=27  B=16    m=200   inner=1      min=   208.595 us/xform  median=   208.634  sd=  0.01%      6.73 GF/s  setup=0.138 s
fftw3_patient            L=27  B=16    m=2     inner=1      min=   231.760 us/xform  median=   231.760  sd=  0.00%      6.06 GF/s  setup=0.139 s
gen_bluestein            L=27  B=16    m=200   inner=1      min=   204.903 us/xform  median=   205.127  sd=  0.09%      6.85 GF/s  setup=0.000 s
gen_bluestein            L=27  B=16    m=200   inner=1      min=   202.996 us/xform  median=   203.200  sd=  0.05%      6.92 GF/s  setup=0.000 s
gen_bluestein            L=27  B=16    m=200   inner=1      min=   202.482 us/xform  median=   202.703  sd=  0.09%      6.93 GF/s  setup=0.000 s
gen_bluestein            L=27  B=16    m=2     inner=1      min=   236.646 us/xform  median=   236.646  sd=  0.00%      5.93 GF/s  setup=0.000 s
gen_layout               L=27  B=16    m=200   inner=1      min=   125.686 us/xform  median=   125.782  sd=  0.05%     11.17 GF/s  setup=0.001 s
gen_layout               L=27  B=16    m=200   inner=1      min=   124.665 us/xform  median=   124.757  sd=  0.04%     11.26 GF/s  setup=0.000 s
gen_layout               L=27  B=16    m=200   inner=1      min=   125.284 us/xform  median=   125.433  sd=  0.06%     11.21 GF/s  setup=0.001 s
gen_layout               L=27  B=16    m=2     inner=1      min=   137.266 us/xform  median=   137.266  sd=  0.00%     10.23 GF/s  setup=0.000 s
gen_planner              L=27  B=16    m=200   inner=1      min=    61.368 us/xform  median=    61.385  sd=  0.05%     22.88 GF/s  setup=0.031 s
gen_planner              L=27  B=16    m=200   inner=1      min=    60.420 us/xform  median=    60.442  sd=  0.13%     23.24 GF/s  setup=0.020 s
gen_planner              L=27  B=16    m=200   inner=1      min=    60.129 us/xform  median=    60.147  sd=  0.04%     23.35 GF/s  setup=0.015 s
gen_planner              L=27  B=16    m=2     inner=1      min=   201.536 us/xform  median=   201.536  sd=  0.00%      6.97 GF/s  setup=0.014 s
gen_powp                 L=27  B=16    m=200   inner=1      min=    45.898 us/xform  median=    45.927  sd=  0.06%     30.59 GF/s  setup=0.592 s
gen_powp                 L=27  B=16    m=200   inner=1      min=    44.226 us/xform  median=    44.237  sd=  0.05%     31.74 GF/s  setup=0.004 s
gen_powp                 L=27  B=16    m=200   inner=1      min=    43.484 us/xform  median=    43.539  sd=  9.99%     32.28 GF/s  setup=0.005 s
gen_powp                 L=27  B=16    m=2     inner=1      min=   107.042 us/xform  median=   107.042  sd=  0.00%     13.12 GF/s  setup=0.004 s
gen_race                 L=27  B=16    m=200   inner=1      min=    43.545 us/xform  median=    43.562  sd=  0.07%     32.24 GF/s  setup=0.308 s
gen_race                 L=27  B=16    m=200   inner=1      min=    44.223 us/xform  median=    48.765  sd=  4.90%     31.75 GF/s  setup=0.020 s
gen_race                 L=27  B=16    m=200   inner=1      min=    44.274 us/xform  median=    44.284  sd=  0.10%     31.71 GF/s  setup=0.013 s
gen_race                 L=27  B=16    m=2     inner=1      min=    96.436 us/xform  median=    96.436  sd=  0.00%     14.56 GF/s  setup=0.010 s
gen_twiddle              L=27  B=16    m=200   inner=1      min=   122.608 us/xform  median=   122.628  sd=  0.02%     11.45 GF/s  setup=0.004 s
gen_twiddle              L=27  B=16    m=200   inner=1      min=   123.203 us/xform  median=   123.211  sd=  0.01%     11.39 GF/s  setup=0.003 s
gen_twiddle              L=27  B=16    m=200   inner=1      min=   122.627 us/xform  median=   122.645  sd=  0.01%     11.45 GF/s  setup=0.005 s
gen_twiddle              L=27  B=16    m=2     inner=1      min=   145.440 us/xform  median=   145.440  sd=  0.00%      9.65 GF/s  setup=0.004 s
mkl2026_dfti             L=27  B=16    m=200   inner=1      min=   147.939 us/xform  median=   148.073  sd=  0.05%      9.49 GF/s  setup=0.045 s
mkl2026_dfti             L=27  B=16    m=200   inner=1      min=   149.094 us/xform  median=   149.359  sd=  0.09%      9.42 GF/s  setup=0.048 s
mkl2026_dfti             L=27  B=16    m=200   inner=1      min=   148.102 us/xform  median=   148.249  sd=  0.06%      9.48 GF/s  setup=0.052 s
mkl2026_dfti             L=27  B=16    m=2     inner=1      min=   167.688 us/xform  median=   167.688  sd=  0.00%      8.37 GF/s  setup=0.054 s
mkl_dfti                 L=27  B=16    m=200   inner=1      min=   144.557 us/xform  median=   144.621  sd=  0.03%      9.71 GF/s  setup=0.035 s
mkl_dfti                 L=27  B=16    m=200   inner=1      min=   144.451 us/xform  median=   144.546  sd=  0.03%      9.72 GF/s  setup=0.052 s
mkl_dfti                 L=27  B=16    m=200   inner=1      min=   144.635 us/xform  median=   144.740  sd=  0.04%      9.71 GF/s  setup=0.048 s
mkl_dfti                 L=27  B=16    m=2     inner=1      min=   166.664 us/xform  median=   166.664  sd=  0.00%      8.42 GF/s  setup=0.052 s
baseline_matrix          L=31  B=16    m=140   inner=1      min=  4852.279 us/xform  median=  4852.358  sd=  0.00%      0.46 GF/s  setup=0.000 s
baseline_matrix          L=31  B=16    m=140   inner=1      min=  4854.286 us/xform  median=  4854.442  sd=  0.00%      0.46 GF/s  setup=0.000 s
baseline_matrix          L=31  B=16    m=140   inner=1      min=  4853.748 us/xform  median=  4853.816  sd=  0.00%      0.46 GF/s  setup=0.000 s
baseline_matrix          L=31  B=16    m=2     inner=1      min=  4880.132 us/xform  median=  4880.132  sd=  0.00%      0.45 GF/s  setup=0.000 s
ducc0_c2c                L=31  B=16    m=140   inner=1      min=   721.613 us/xform  median=   722.902  sd=  0.11%      3.07 GF/s  setup=0.000 s
ducc0_c2c                L=31  B=16    m=140   inner=1      min=   736.317 us/xform  median=   737.752  sd=  0.12%      3.01 GF/s  setup=0.000 s
ducc0_c2c                L=31  B=16    m=140   inner=1      min=   714.242 us/xform  median=   715.372  sd=  0.10%      3.10 GF/s  setup=0.000 s
ducc0_c2c                L=31  B=16    m=2     inner=1      min=   803.816 us/xform  median=   803.816  sd=  0.00%      2.75 GF/s  setup=0.000 s
fftw3_custom             L=31  B=16    m=140   inner=1      min=   499.155 us/xform  median=   499.692  sd=  0.06%      4.44 GF/s  setup=0.000 s
fftw3_custom             L=31  B=16    m=140   inner=1      min=   501.785 us/xform  median=   502.266  sd=  0.05%      4.41 GF/s  setup=0.000 s
fftw3_custom             L=31  B=16    m=140   inner=1      min=   504.794 us/xform  median=   505.335  sd=  0.06%      4.39 GF/s  setup=0.000 s
fftw3_custom             L=31  B=16    m=2     inner=1      min=   746.915 us/xform  median=   746.915  sd=  0.00%      2.96 GF/s  setup=0.000 s
fftw3_custom_soa         L=31  B=16    m=140   inner=1      min=   213.361 us/xform  median=   214.135  sd=  0.15%     10.38 GF/s  setup=0.000 s
fftw3_custom_soa         L=31  B=16    m=140   inner=1      min=   220.842 us/xform  median=   220.969  sd=  0.12%     10.02 GF/s  setup=0.000 s
fftw3_custom_soa         L=31  B=16    m=140   inner=1      min=   214.029 us/xform  median=   214.308  sd=  0.06%     10.34 GF/s  setup=0.000 s
fftw3_custom_soa         L=31  B=16    m=2     inner=1      min=   434.071 us/xform  median=   434.071  sd=  0.00%      5.10 GF/s  setup=0.000 s
fftw3_estimate           L=31  B=16    m=140   inner=1      min=   859.939 us/xform  median=   860.045  sd=  0.01%      2.57 GF/s  setup=0.002 s
fftw3_estimate           L=31  B=16    m=140   inner=1      min=   859.789 us/xform  median=   859.864  sd=  0.01%      2.57 GF/s  setup=0.002 s
fftw3_estimate           L=31  B=16    m=140   inner=1      min=   860.165 us/xform  median=   860.262  sd=  0.01%      2.57 GF/s  setup=0.002 s
fftw3_estimate           L=31  B=16    m=2     inner=1      min=   896.049 us/xform  median=   896.049  sd=  0.00%      2.47 GF/s  setup=0.002 s
fftw3_guru               L=31  B=16    m=140   inner=1      min=   840.804 us/xform  median=   840.986  sd=  0.01%      2.63 GF/s  setup=0.093 s
fftw3_guru               L=31  B=16    m=140   inner=1      min=   838.782 us/xform  median=   839.014  sd=  0.01%      2.64 GF/s  setup=0.089 s
fftw3_guru               L=31  B=16    m=140   inner=1      min=   830.118 us/xform  median=   830.318  sd=  0.03%      2.67 GF/s  setup=0.093 s
fftw3_guru               L=31  B=16    m=2     inner=1      min=   887.110 us/xform  median=   887.110  sd=  0.00%      2.50 GF/s  setup=0.088 s
fftw3_measure            L=31  B=16    m=140   inner=1      min=   860.190 us/xform  median=   860.271  sd=  0.01%      2.57 GF/s  setup=0.085 s
fftw3_measure            L=31  B=16    m=140   inner=1      min=   862.781 us/xform  median=   862.996  sd=  0.01%      2.57 GF/s  setup=0.089 s
fftw3_measure            L=31  B=16    m=140   inner=1      min=   861.768 us/xform  median=   861.911  sd=  0.01%      2.57 GF/s  setup=0.089 s
fftw3_measure            L=31  B=16    m=2     inner=1      min=   885.824 us/xform  median=   885.824  sd=  0.00%      2.50 GF/s  setup=0.085 s
fftw3_patient            L=31  B=16    m=140   inner=1      min=   860.643 us/xform  median=   860.775  sd=  0.01%      2.57 GF/s  setup=0.225 s
fftw3_patient            L=31  B=16    m=140   inner=1      min=   860.916 us/xform  median=   861.016  sd=  0.01%      2.57 GF/s  setup=0.225 s
fftw3_patient            L=31  B=16    m=140   inner=1      min=   859.776 us/xform  median=   859.877  sd=  0.01%      2.57 GF/s  setup=0.241 s
fftw3_patient            L=31  B=16    m=2     inner=1      min=   884.836 us/xform  median=   884.836  sd=  0.00%      2.50 GF/s  setup=0.224 s
gen_bluestein            L=31  B=16    m=140   inner=1      min=   274.252 us/xform  median=   274.464  sd=  0.06%      8.07 GF/s  setup=0.000 s
gen_bluestein            L=31  B=16    m=140   inner=1      min=   277.170 us/xform  median=   277.329  sd=  0.03%      7.99 GF/s  setup=0.000 s
gen_bluestein            L=31  B=16    m=140   inner=1      min=   276.702 us/xform  median=   276.881  sd=  0.06%      8.00 GF/s  setup=0.000 s
gen_bluestein            L=31  B=16    m=2     inner=1      min=   318.570 us/xform  median=   318.570  sd=  0.00%      6.95 GF/s  setup=0.000 s
gen_dense_prime          L=31  B=16    m=140   inner=1      min=   111.132 us/xform  median=   111.165  sd=  0.04%     19.92 GF/s  setup=0.001 s
gen_dense_prime          L=31  B=16    m=140   inner=1      min=   111.117 us/xform  median=   111.145  sd=  0.05%     19.92 GF/s  setup=0.001 s
gen_dense_prime          L=31  B=16    m=140   inner=1      min=   111.772 us/xform  median=   111.802  sd=  0.04%     19.81 GF/s  setup=0.000 s
gen_dense_prime          L=31  B=16    m=2     inner=1      min=   183.578 us/xform  median=   183.578  sd=  0.00%     12.06 GF/s  setup=0.001 s
gen_layout               L=31  B=16    m=140   inner=1      min=   203.297 us/xform  median=   203.378  sd=  0.02%     10.89 GF/s  setup=0.001 s
gen_layout               L=31  B=16    m=140   inner=1      min=   205.038 us/xform  median=   205.090  sd=  0.02%     10.80 GF/s  setup=0.001 s
gen_layout               L=31  B=16    m=140   inner=1      min=   204.037 us/xform  median=   204.056  sd=  0.02%     10.85 GF/s  setup=0.000 s
gen_layout               L=31  B=16    m=2     inner=1      min=   227.237 us/xform  median=   227.237  sd=  0.00%      9.74 GF/s  setup=0.000 s
gen_planner              L=31  B=16    m=140   inner=1      min=   139.154 us/xform  median=   139.192  sd=  0.05%     15.91 GF/s  setup=0.046 s
gen_planner              L=31  B=16    m=140   inner=1      min=   144.681 us/xform  median=   144.726  sd=  0.10%     15.30 GF/s  setup=0.027 s
gen_planner              L=31  B=16    m=140   inner=1      min=   144.729 us/xform  median=   144.761  sd=  0.04%     15.30 GF/s  setup=0.024 s
gen_planner              L=31  B=16    m=2     inner=1      min=   362.458 us/xform  median=   362.458  sd=  0.00%      6.11 GF/s  setup=0.023 s
gen_race                 L=31  B=16    m=140   inner=1      min=    84.549 us/xform  median=    84.661  sd=  0.08%     26.18 GF/s  setup=0.725 s
gen_race                 L=31  B=16    m=140   inner=1      min=    85.194 us/xform  median=    85.285  sd=  0.14%     25.99 GF/s  setup=0.018 s
gen_race                 L=31  B=16    m=140   inner=1      min=    85.060 us/xform  median=    85.618  sd=  6.08%     26.03 GF/s  setup=0.024 s
gen_race                 L=31  B=16    m=2     inner=1      min=   161.840 us/xform  median=   161.840  sd=  0.00%     13.68 GF/s  setup=0.015 s
gen_rader                L=31  B=16    m=140   inner=1      min=    85.631 us/xform  median=    85.823  sd=  0.11%     25.85 GF/s  setup=0.007 s
gen_rader                L=31  B=16    m=140   inner=1      min=    84.776 us/xform  median=    85.127  sd=  0.19%     26.11 GF/s  setup=0.007 s
gen_rader                L=31  B=16    m=140   inner=1      min=    84.888 us/xform  median=    85.089  sd=  0.30%     26.08 GF/s  setup=0.012 s
gen_rader                L=31  B=16    m=2     inner=1      min=   144.024 us/xform  median=   144.024  sd=  0.00%     15.37 GF/s  setup=0.007 s
gen_twiddle              L=31  B=16    m=140   inner=1      min=   258.929 us/xform  median=   259.029  sd=  0.02%      8.55 GF/s  setup=0.005 s
gen_twiddle              L=31  B=16    m=140   inner=1      min=   261.073 us/xform  median=   261.263  sd=  0.03%      8.48 GF/s  setup=0.004 s
gen_twiddle              L=31  B=16    m=140   inner=1      min=   263.178 us/xform  median=   263.490  sd=  0.04%      8.41 GF/s  setup=0.006 s
gen_twiddle              L=31  B=16    m=2     inner=1      min=   305.042 us/xform  median=   305.042  sd=  0.00%      7.26 GF/s  setup=0.005 s
mkl2026_dfti             L=31  B=16    m=140   inner=1      min=   883.393 us/xform  median=   883.485  sd=  0.01%      2.51 GF/s  setup=0.052 s
mkl2026_dfti             L=31  B=16    m=140   inner=1      min=   882.940 us/xform  median=   883.021  sd=  0.01%      2.51 GF/s  setup=0.051 s
mkl2026_dfti             L=31  B=16    m=140   inner=1      min=   882.853 us/xform  median=   882.954  sd=  0.01%      2.51 GF/s  setup=0.054 s
mkl2026_dfti             L=31  B=16    m=2     inner=1      min=   909.837 us/xform  median=   909.837  sd=  0.00%      2.43 GF/s  setup=0.050 s
mkl_dfti                 L=31  B=16    m=140   inner=1      min=   848.972 us/xform  median=   849.050  sd=  0.01%      2.61 GF/s  setup=0.032 s
mkl_dfti                 L=31  B=16    m=140   inner=1      min=   848.750 us/xform  median=   848.877  sd=  0.01%      2.61 GF/s  setup=0.051 s
mkl_dfti                 L=31  B=16    m=140   inner=1      min=   849.023 us/xform  median=   849.120  sd=  0.01%      2.61 GF/s  setup=0.048 s
mkl_dfti                 L=31  B=16    m=2     inner=1      min=   876.192 us/xform  median=   876.192  sd=  0.00%      2.53 GF/s  setup=0.049 s
baseline_matrix          L=32  B=8     m=250   inner=1      min=  5753.865 us/xform  median=  5753.925  sd=  0.00%      0.43 GF/s  setup=0.000 s
baseline_matrix          L=32  B=8     m=250   inner=1      min=  5751.504 us/xform  median=  5751.558  sd=  0.00%      0.43 GF/s  setup=0.000 s
baseline_matrix          L=32  B=8     m=250   inner=1      min=  5753.534 us/xform  median=  5753.617  sd=  0.00%      0.43 GF/s  setup=0.000 s
baseline_matrix          L=32  B=8     m=2     inner=1      min=  5781.507 us/xform  median=  5781.507  sd=  0.00%      0.43 GF/s  setup=0.000 s
ducc0_c2c                L=32  B=8     m=250   inner=1      min=   311.544 us/xform  median=   311.854  sd=  0.10%      7.89 GF/s  setup=0.000 s
ducc0_c2c                L=32  B=8     m=250   inner=1      min=   312.128 us/xform  median=   312.493  sd=  0.14%      7.87 GF/s  setup=0.000 s
ducc0_c2c                L=32  B=8     m=250   inner=1      min=   318.062 us/xform  median=   318.316  sd=  0.15%      7.73 GF/s  setup=0.000 s
ducc0_c2c                L=32  B=8     m=2     inner=1      min=   359.990 us/xform  median=   359.990  sd=  0.00%      6.83 GF/s  setup=0.000 s
fftw3_custom             L=32  B=8     m=250   inner=1      min=   417.463 us/xform  median=   417.729  sd=  0.04%      5.89 GF/s  setup=0.000 s
fftw3_custom             L=32  B=8     m=250   inner=1      min=   412.540 us/xform  median=   412.698  sd=  0.04%      5.96 GF/s  setup=0.000 s
fftw3_custom             L=32  B=8     m=250   inner=1      min=   417.555 us/xform  median=   417.685  sd=  0.02%      5.89 GF/s  setup=0.000 s
fftw3_custom             L=32  B=8     m=2     inner=1      min=   639.674 us/xform  median=   639.674  sd=  0.00%      3.84 GF/s  setup=0.000 s
fftw3_custom_soa         L=32  B=8     m=250   inner=1      min=   187.575 us/xform  median=   187.623  sd=  0.04%     13.10 GF/s  setup=0.000 s
fftw3_custom_soa         L=32  B=8     m=250   inner=1      min=   186.525 us/xform  median=   186.594  sd=  0.05%     13.18 GF/s  setup=0.000 s
fftw3_custom_soa         L=32  B=8     m=250   inner=1      min=   186.526 us/xform  median=   186.576  sd=  0.03%     13.18 GF/s  setup=0.000 s
fftw3_custom_soa         L=32  B=8     m=2     inner=1      min=   407.852 us/xform  median=   407.852  sd=  0.00%      6.03 GF/s  setup=0.000 s
fftw3_estimate           L=32  B=8     m=250   inner=1      min=   409.160 us/xform  median=   409.394  sd=  0.03%      6.01 GF/s  setup=0.001 s
fftw3_estimate           L=32  B=8     m=250   inner=1      min=   410.067 us/xform  median=   410.541  sd=  0.05%      5.99 GF/s  setup=0.001 s
fftw3_estimate           L=32  B=8     m=250   inner=1      min=   410.887 us/xform  median=   411.165  sd=  0.03%      5.98 GF/s  setup=0.001 s
fftw3_estimate           L=32  B=8     m=2     inner=1      min=   449.454 us/xform  median=   449.454  sd=  0.00%      5.47 GF/s  setup=0.001 s
fftw3_guru               L=32  B=8     m=250   inner=1      min=   292.804 us/xform  median=   293.816  sd=  0.18%      8.39 GF/s  setup=0.071 s
fftw3_guru               L=32  B=8     m=250   inner=1      min=   322.911 us/xform  median=   323.696  sd=  0.10%      7.61 GF/s  setup=0.074 s
fftw3_guru               L=32  B=8     m=250   inner=1      min=   318.787 us/xform  median=   319.392  sd=  0.12%      7.71 GF/s  setup=0.070 s
fftw3_guru               L=32  B=8     m=2     inner=1      min=   368.928 us/xform  median=   368.928  sd=  0.00%      6.66 GF/s  setup=0.073 s
fftw3_measure            L=32  B=8     m=250   inner=1      min=   210.219 us/xform  median=   210.261  sd=  0.02%     11.69 GF/s  setup=0.086 s
fftw3_measure            L=32  B=8     m=250   inner=1      min=   211.278 us/xform  median=   211.389  sd=  0.04%     11.63 GF/s  setup=0.083 s
fftw3_measure            L=32  B=8     m=250   inner=1      min=   210.886 us/xform  median=   210.953  sd=  0.02%     11.65 GF/s  setup=0.087 s
fftw3_measure            L=32  B=8     m=2     inner=1      min=   248.621 us/xform  median=   248.621  sd=  0.00%      9.88 GF/s  setup=0.083 s
fftw3_patient            L=32  B=8     m=250   inner=1      min=   210.927 us/xform  median=   210.963  sd=  0.01%     11.65 GF/s  setup=0.494 s
fftw3_patient            L=32  B=8     m=250   inner=1      min=   209.797 us/xform  median=   209.845  sd=  0.01%     11.71 GF/s  setup=0.542 s
fftw3_patient            L=32  B=8     m=250   inner=1      min=   209.787 us/xform  median=   209.825  sd=  0.02%     11.71 GF/s  setup=0.548 s
fftw3_patient            L=32  B=8     m=2     inner=1      min=   248.919 us/xform  median=   248.919  sd=  0.00%      9.87 GF/s  setup=0.502 s
gen_bluestein            L=32  B=8     m=250   inner=1      min=   308.088 us/xform  median=   308.118  sd=  0.01%      7.98 GF/s  setup=0.000 s
gen_bluestein            L=32  B=8     m=250   inner=1      min=   305.998 us/xform  median=   306.130  sd=  0.02%      8.03 GF/s  setup=0.000 s
gen_bluestein            L=32  B=8     m=250   inner=1      min=   299.705 us/xform  median=   299.743  sd=  0.01%      8.20 GF/s  setup=0.000 s
gen_bluestein            L=32  B=8     m=2     inner=1      min=   357.483 us/xform  median=   357.483  sd=  0.00%      6.87 GF/s  setup=0.000 s
gen_layout               L=32  B=8     m=250   inner=1      min=   154.067 us/xform  median=   154.089  sd=  0.02%     15.95 GF/s  setup=0.001 s
gen_layout               L=32  B=8     m=250   inner=1      min=   150.060 us/xform  median=   150.080  sd=  0.01%     16.38 GF/s  setup=0.000 s
gen_layout               L=32  B=8     m=250   inner=1      min=   155.679 us/xform  median=   155.718  sd=  0.02%     15.79 GF/s  setup=0.001 s
gen_layout               L=32  B=8     m=2     inner=1      min=   180.498 us/xform  median=   180.498  sd=  0.00%     13.62 GF/s  setup=0.001 s
gen_planner              L=32  B=8     m=250   inner=1      min=   109.877 us/xform  median=   109.901  sd=  0.03%     22.37 GF/s  setup=0.059 s
gen_planner              L=32  B=8     m=250   inner=1      min=   108.888 us/xform  median=   108.907  sd=  0.02%     22.57 GF/s  setup=0.005 s
gen_planner              L=32  B=8     m=250   inner=1      min=   109.316 us/xform  median=   109.333  sd=  0.02%     22.48 GF/s  setup=0.003 s
gen_planner              L=32  B=8     m=2     inner=1      min=   150.396 us/xform  median=   150.396  sd=  0.00%     16.34 GF/s  setup=0.004 s
gen_pow2                 L=32  B=8     m=250   inner=1      min=    53.809 us/xform  median=    53.818  sd=  0.01%     45.67 GF/s  setup=0.000 s
gen_pow2                 L=32  B=8     m=250   inner=1      min=    54.765 us/xform  median=    65.918  sd=  9.14%     44.88 GF/s  setup=0.000 s
gen_pow2                 L=32  B=8     m=250   inner=1      min=    54.323 us/xform  median=    54.332  sd=  0.02%     45.24 GF/s  setup=0.000 s
gen_pow2                 L=32  B=8     m=2     inner=1      min=   105.134 us/xform  median=   105.134  sd=  0.00%     23.38 GF/s  setup=0.000 s
gen_race                 L=32  B=8     m=250   inner=1      min=    54.041 us/xform  median=    54.057  sd=  0.05%     45.48 GF/s  setup=0.337 s
gen_race                 L=32  B=8     m=250   inner=1      min=    55.876 us/xform  median=    72.102  sd= 10.24%     43.98 GF/s  setup=0.020 s
gen_race                 L=32  B=8     m=250   inner=1      min=    55.258 us/xform  median=    55.624  sd=  0.20%     44.48 GF/s  setup=0.012 s
gen_race                 L=32  B=8     m=2     inner=1      min=   116.957 us/xform  median=   116.957  sd=  0.00%     21.01 GF/s  setup=0.006 s
gen_twiddle              L=32  B=8     m=250   inner=1      min=   156.264 us/xform  median=   156.272  sd=  0.02%     15.73 GF/s  setup=0.004 s
gen_twiddle              L=32  B=8     m=250   inner=1      min=   153.846 us/xform  median=   153.881  sd=  0.01%     15.97 GF/s  setup=0.005 s
gen_twiddle              L=32  B=8     m=250   inner=1      min=   158.010 us/xform  median=   158.024  sd=  0.02%     15.55 GF/s  setup=0.006 s
gen_twiddle              L=32  B=8     m=2     inner=1      min=   199.985 us/xform  median=   199.985  sd=  0.00%     12.29 GF/s  setup=0.005 s
mkl2026_dfti             L=32  B=8     m=250   inner=1      min=   187.753 us/xform  median=   188.164  sd=  0.16%     13.09 GF/s  setup=0.002 s
mkl2026_dfti             L=32  B=8     m=250   inner=1      min=   184.547 us/xform  median=   185.421  sd=  0.21%     13.32 GF/s  setup=0.002 s
mkl2026_dfti             L=32  B=8     m=250   inner=1      min=   188.312 us/xform  median=   188.989  sd=  0.20%     13.05 GF/s  setup=0.001 s
mkl2026_dfti             L=32  B=8     m=2     inner=1      min=   250.332 us/xform  median=   250.332  sd=  0.00%      9.82 GF/s  setup=0.002 s
mkl_dfti                 L=32  B=8     m=250   inner=1      min=   171.681 us/xform  median=   172.075  sd=  0.14%     14.31 GF/s  setup=0.003 s
mkl_dfti                 L=32  B=8     m=250   inner=1      min=   170.663 us/xform  median=   170.942  sd=  0.08%     14.40 GF/s  setup=0.001 s
mkl_dfti                 L=32  B=8     m=250   inner=1      min=   171.744 us/xform  median=   172.292  sd=  0.23%     14.31 GF/s  setup=0.002 s
mkl_dfti                 L=32  B=8     m=2     inner=1      min=   225.863 us/xform  median=   225.863  sd=  0.00%     10.88 GF/s  setup=0.001 s
baseline_matrix          L=40  B=8     m=128   inner=1      min= 13463.047 us/xform  median= 13463.462  sd=  0.00%      0.38 GF/s  setup=0.000 s
baseline_matrix          L=40  B=8     m=128   inner=1      min= 13480.411 us/xform  median= 13480.710  sd=  0.00%      0.38 GF/s  setup=0.000 s
baseline_matrix          L=40  B=8     m=128   inner=1      min= 13460.603 us/xform  median= 13461.037  sd=  0.00%      0.38 GF/s  setup=0.000 s
baseline_matrix          L=40  B=8     m=2     inner=1      min= 13583.862 us/xform  median= 13583.862  sd=  0.00%      0.38 GF/s  setup=0.000 s
ducc0_c2c                L=40  B=8     m=128   inner=1      min=   599.118 us/xform  median=   600.633  sd=  0.25%      8.53 GF/s  setup=0.000 s
ducc0_c2c                L=40  B=8     m=128   inner=1      min=   611.203 us/xform  median=   613.001  sd=  0.27%      8.36 GF/s  setup=0.000 s
ducc0_c2c                L=40  B=8     m=128   inner=1      min=   601.586 us/xform  median=   603.246  sd=  0.25%      8.49 GF/s  setup=0.000 s
ducc0_c2c                L=40  B=8     m=2     inner=1      min=   685.937 us/xform  median=   685.937  sd=  0.00%      7.45 GF/s  setup=0.000 s
fftw3_custom             L=40  B=8     m=128   inner=1      min=   780.318 us/xform  median=   781.081  sd=  0.06%      6.55 GF/s  setup=0.000 s
fftw3_custom             L=40  B=8     m=128   inner=1      min=   780.837 us/xform  median=   781.828  sd=  0.05%      6.54 GF/s  setup=0.000 s
fftw3_custom             L=40  B=8     m=128   inner=1      min=   808.705 us/xform  median=   809.979  sd=  0.10%      6.32 GF/s  setup=0.000 s
fftw3_custom             L=40  B=8     m=2     inner=1      min=  1234.650 us/xform  median=  1234.650  sd=  0.00%      4.14 GF/s  setup=0.000 s
fftw3_custom_soa         L=40  B=8     m=128   inner=1      min=   430.384 us/xform  median=   430.940  sd=  0.09%     11.87 GF/s  setup=0.000 s
fftw3_custom_soa         L=40  B=8     m=128   inner=1      min=   405.058 us/xform  median=   405.855  sd=  0.15%     12.61 GF/s  setup=0.000 s
fftw3_custom_soa         L=40  B=8     m=128   inner=1      min=   425.205 us/xform  median=   426.407  sd=  0.12%     12.02 GF/s  setup=0.000 s
fftw3_custom_soa         L=40  B=8     m=2     inner=1      min=   932.860 us/xform  median=   932.860  sd=  0.00%      5.48 GF/s  setup=0.000 s
fftw3_estimate           L=40  B=8     m=128   inner=1      min=  1603.025 us/xform  median=  1606.708  sd=  0.14%      3.19 GF/s  setup=0.002 s
fftw3_estimate           L=40  B=8     m=128   inner=1      min=  1612.647 us/xform  median=  1616.388  sd=  0.10%      3.17 GF/s  setup=0.002 s
fftw3_estimate           L=40  B=8     m=128   inner=1      min=  1613.475 us/xform  median=  1615.298  sd=  0.10%      3.17 GF/s  setup=0.002 s
fftw3_estimate           L=40  B=8     m=2     inner=1      min=  1695.591 us/xform  median=  1695.591  sd=  0.00%      3.01 GF/s  setup=0.002 s
fftw3_guru               L=40  B=8     m=128   inner=1      min=   686.300 us/xform  median=   688.268  sd=  0.22%      7.44 GF/s  setup=0.158 s
fftw3_guru               L=40  B=8     m=128   inner=1      min=   688.018 us/xform  median=   690.450  sd=  0.26%      7.43 GF/s  setup=0.152 s
fftw3_guru               L=40  B=8     m=128   inner=1      min=   692.608 us/xform  median=   696.517  sd=  0.22%      7.38 GF/s  setup=0.157 s
fftw3_guru               L=40  B=8     m=2     inner=1      min=   827.176 us/xform  median=   827.176  sd=  0.00%      6.18 GF/s  setup=0.154 s
fftw3_measure            L=40  B=8     m=128   inner=1      min=   567.986 us/xform  median=   568.229  sd=  0.04%      9.00 GF/s  setup=0.154 s
fftw3_measure            L=40  B=8     m=128   inner=1      min=   550.540 us/xform  median=   550.890  sd=  0.05%      9.28 GF/s  setup=0.154 s
fftw3_measure            L=40  B=8     m=128   inner=1      min=   557.618 us/xform  median=   557.884  sd=  0.03%      9.16 GF/s  setup=0.154 s
fftw3_measure            L=40  B=8     m=2     inner=1      min=   624.980 us/xform  median=   624.980  sd=  0.00%      8.17 GF/s  setup=0.149 s
fftw3_patient            L=40  B=8     m=128   inner=1      min=   550.730 us/xform  median=   551.188  sd=  0.04%      9.28 GF/s  setup=1.415 s
fftw3_patient            L=40  B=8     m=128   inner=1      min=   524.668 us/xform  median=   525.142  sd=  0.06%      9.74 GF/s  setup=1.383 s
fftw3_patient            L=40  B=8     m=128   inner=1      min=   526.783 us/xform  median=   527.277  sd=  0.05%      9.70 GF/s  setup=1.288 s
fftw3_patient            L=40  B=8     m=2     inner=1      min=   598.025 us/xform  median=   598.025  sd=  0.00%      8.54 GF/s  setup=1.300 s
gen_bluestein            L=40  B=8     m=128   inner=1      min=   603.859 us/xform  median=   604.181  sd=  0.03%      8.46 GF/s  setup=0.000 s
gen_bluestein            L=40  B=8     m=128   inner=1      min=   607.800 us/xform  median=   608.236  sd=  0.04%      8.41 GF/s  setup=0.000 s
gen_bluestein            L=40  B=8     m=128   inner=1      min=   623.687 us/xform  median=   624.019  sd=  0.03%      8.19 GF/s  setup=0.000 s
gen_bluestein            L=40  B=8     m=2     inner=1      min=   849.669 us/xform  median=   849.669  sd=  0.00%      6.01 GF/s  setup=0.000 s
gen_layout               L=40  B=8     m=128   inner=1      min=   329.358 us/xform  median=   329.435  sd=  0.02%     15.51 GF/s  setup=0.001 s
gen_layout               L=40  B=8     m=128   inner=1      min=   336.138 us/xform  median=   336.226  sd=  0.02%     15.20 GF/s  setup=0.001 s
gen_layout               L=40  B=8     m=128   inner=1      min=   334.403 us/xform  median=   334.463  sd=  0.03%     15.28 GF/s  setup=0.001 s
gen_layout               L=40  B=8     m=2     inner=1      min=   424.176 us/xform  median=   424.176  sd=  0.00%     12.04 GF/s  setup=0.001 s
gen_pfa_large            L=40  B=8     m=128   inner=1      min=   161.615 us/xform  median=   161.669  sd=  0.07%     31.61 GF/s  setup=1.512 s
gen_pfa_large            L=40  B=8     m=128   inner=1      min=   160.033 us/xform  median=   160.070  sd=  0.06%     31.93 GF/s  setup=1.589 s
gen_pfa_large            L=40  B=8     m=128   inner=1      min=   165.573 us/xform  median=   165.635  sd=  0.08%     30.86 GF/s  setup=1.309 s
gen_pfa_large            L=40  B=8     m=2     inner=1      min=   250.632 us/xform  median=   250.632  sd=  0.00%     20.38 GF/s  setup=0.003 s
gen_planner              L=40  B=8     m=128   inner=1      min=   242.237 us/xform  median=   242.335  sd=  0.05%     21.09 GF/s  setup=0.157 s
gen_planner              L=40  B=8     m=128   inner=1      min=   241.181 us/xform  median=   241.264  sd=  0.05%     21.18 GF/s  setup=0.007 s
gen_planner              L=40  B=8     m=128   inner=1      min=   239.232 us/xform  median=   239.308  sd=  0.04%     21.36 GF/s  setup=0.008 s
gen_planner              L=40  B=8     m=2     inner=1      min=   327.736 us/xform  median=   327.736  sd=  0.00%     15.59 GF/s  setup=0.006 s
gen_race                 L=40  B=8     m=128   inner=1      min=   160.386 us/xform  median=   160.454  sd=  0.11%     31.85 GF/s  setup=0.752 s
gen_race                 L=40  B=8     m=128   inner=1      min=   165.566 us/xform  median=   165.631  sd=  8.41%     30.86 GF/s  setup=0.017 s
gen_race                 L=40  B=8     m=128   inner=1      min=   159.534 us/xform  median=   159.627  sd= 17.57%     32.02 GF/s  setup=0.015 s
gen_race                 L=40  B=8     m=2     inner=1      min=   232.030 us/xform  median=   232.030  sd=  0.00%     22.02 GF/s  setup=0.008 s
gen_twiddle              L=40  B=8     m=128   inner=1      min=   293.239 us/xform  median=   293.280  sd=  0.03%     17.42 GF/s  setup=0.006 s
gen_twiddle              L=40  B=8     m=128   inner=1      min=   289.075 us/xform  median=   289.125  sd=  0.07%     17.67 GF/s  setup=0.007 s
gen_twiddle              L=40  B=8     m=128   inner=1      min=   294.498 us/xform  median=   294.536  sd=  0.03%     17.35 GF/s  setup=0.007 s
gen_twiddle              L=40  B=8     m=2     inner=1      min=   368.197 us/xform  median=   368.197  sd=  0.00%     13.88 GF/s  setup=0.006 s
mkl2026_dfti             L=40  B=8     m=128   inner=1      min=   406.523 us/xform  median=   406.933  sd=  0.14%     12.57 GF/s  setup=0.002 s
mkl2026_dfti             L=40  B=8     m=128   inner=1      min=   404.989 us/xform  median=   405.326  sd=  0.05%     12.62 GF/s  setup=0.002 s
mkl2026_dfti             L=40  B=8     m=128   inner=1      min=   407.095 us/xform  median=   407.590  sd=  0.06%     12.55 GF/s  setup=0.002 s
mkl2026_dfti             L=40  B=8     m=2     inner=1      min=   484.068 us/xform  median=   484.068  sd=  0.00%     10.55 GF/s  setup=0.002 s
mkl_dfti                 L=40  B=8     m=128   inner=1      min=   406.880 us/xform  median=   407.367  sd=  0.08%     12.56 GF/s  setup=0.003 s
mkl_dfti                 L=40  B=8     m=128   inner=1      min=   404.658 us/xform  median=   404.953  sd=  0.06%     12.63 GF/s  setup=0.002 s
mkl_dfti                 L=40  B=8     m=128   inner=1      min=   405.771 us/xform  median=   406.306  sd=  0.07%     12.59 GF/s  setup=0.002 s
mkl_dfti                 L=40  B=8     m=2     inner=1      min=   699.594 us/xform  median=   699.594  sd=  0.00%      7.30 GF/s  setup=0.002 s
baseline_matrix          L=50  B=4     m=128   inner=1      min= 33868.531 us/xform  median= 33871.532  sd=  0.01%      0.31 GF/s  setup=0.000 s
baseline_matrix          L=50  B=4     m=128   inner=1      min= 34091.645 us/xform  median= 34099.000  sd=  0.01%      0.31 GF/s  setup=0.000 s
baseline_matrix          L=50  B=4     m=128   inner=1      min= 34191.248 us/xform  median= 34195.957  sd=  0.01%      0.31 GF/s  setup=0.000 s
baseline_matrix          L=50  B=4     m=2     inner=1      min= 34498.337 us/xform  median= 34498.337  sd=  0.00%      0.31 GF/s  setup=0.000 s
ducc0_c2c                L=50  B=4     m=128   inner=1      min=  1299.550 us/xform  median=  1302.721  sd=  0.25%      8.14 GF/s  setup=0.000 s
ducc0_c2c                L=50  B=4     m=128   inner=1      min=  1277.136 us/xform  median=  1281.587  sd=  0.27%      8.29 GF/s  setup=0.000 s
ducc0_c2c                L=50  B=4     m=128   inner=1      min=  1267.800 us/xform  median=  1272.443  sd=  0.27%      8.35 GF/s  setup=0.000 s
ducc0_c2c                L=50  B=4     m=2     inner=1      min=  1651.530 us/xform  median=  1651.530  sd=  0.00%      6.41 GF/s  setup=0.000 s
fftw3_custom             L=50  B=4     m=128   inner=1      min=  1664.428 us/xform  median=  1667.426  sd=  0.08%      6.36 GF/s  setup=0.000 s
fftw3_custom             L=50  B=4     m=128   inner=1      min=  1677.591 us/xform  median=  1679.137  sd=  0.07%      6.31 GF/s  setup=0.000 s
fftw3_custom             L=50  B=4     m=128   inner=1      min=  1674.373 us/xform  median=  1677.891  sd=  0.11%      6.32 GF/s  setup=0.000 s
fftw3_custom             L=50  B=4     m=2     inner=1      min=  2579.725 us/xform  median=  2579.725  sd=  0.00%      4.10 GF/s  setup=0.000 s
fftw3_estimate           L=50  B=4     m=128   inner=1      min=  1623.862 us/xform  median=  1624.871  sd=  0.04%      6.52 GF/s  setup=0.003 s
fftw3_estimate           L=50  B=4     m=128   inner=1      min=  1617.632 us/xform  median=  1620.846  sd=  0.10%      6.54 GF/s  setup=0.003 s
fftw3_estimate           L=50  B=4     m=128   inner=1      min=  1616.745 us/xform  median=  1618.704  sd=  0.07%      6.55 GF/s  setup=0.003 s
fftw3_estimate           L=50  B=4     m=2     inner=1      min=  2006.267 us/xform  median=  2006.267  sd=  0.00%      5.27 GF/s  setup=0.003 s
fftw3_guru               L=50  B=4     m=128   inner=1      min=  1747.276 us/xform  median=  1748.792  sd=  0.06%      6.06 GF/s  setup=0.107 s
fftw3_guru               L=50  B=4     m=128   inner=1      min=  1649.989 us/xform  median=  1653.524  sd=  0.11%      6.41 GF/s  setup=0.115 s
fftw3_guru               L=50  B=4     m=128   inner=1      min=  1735.828 us/xform  median=  1737.303  sd=  0.04%      6.10 GF/s  setup=0.108 s
fftw3_guru               L=50  B=4     m=2     inner=1      min=  1923.270 us/xform  median=  1923.270  sd=  0.00%      5.50 GF/s  setup=0.107 s
fftw3_measure            L=50  B=4     m=128   inner=1      min=  1200.311 us/xform  median=  1200.975  sd=  0.03%      8.82 GF/s  setup=0.090 s
fftw3_measure            L=50  B=4     m=128   inner=1      min=  1226.382 us/xform  median=  1228.253  sd=  0.12%      8.63 GF/s  setup=0.092 s
fftw3_measure            L=50  B=4     m=128   inner=1      min=  1230.294 us/xform  median=  1231.130  sd=  0.04%      8.60 GF/s  setup=0.089 s
fftw3_measure            L=50  B=4     m=2     inner=1      min=  1334.636 us/xform  median=  1334.636  sd=  0.00%      7.93 GF/s  setup=0.090 s
fftw3_patient            L=50  B=4     m=128   inner=1      min=  1149.318 us/xform  median=  1150.128  sd=  0.03%      9.21 GF/s  setup=1.280 s
fftw3_patient            L=50  B=4     m=128   inner=1      min=  1218.807 us/xform  median=  1219.137  sd=  0.02%      8.68 GF/s  setup=1.352 s
fftw3_patient            L=50  B=4     m=128   inner=1      min=  1212.444 us/xform  median=  1213.115  sd=  0.03%      8.73 GF/s  setup=1.355 s
fftw3_patient            L=50  B=4     m=2     inner=1      min=  1309.118 us/xform  median=  1309.118  sd=  0.00%      8.08 GF/s  setup=1.115 s
gen_batchlane            L=50  B=4     m=128   inner=1      min=   478.729 us/xform  median=   478.917  sd=  0.03%     22.10 GF/s  setup=0.001 s
gen_batchlane            L=50  B=4     m=128   inner=1      min=   475.524 us/xform  median=   475.701  sd=  0.03%     22.25 GF/s  setup=0.001 s
gen_batchlane            L=50  B=4     m=128   inner=1      min=   478.889 us/xform  median=   479.119  sd=  0.05%     22.10 GF/s  setup=0.001 s
gen_batchlane            L=50  B=4     m=2     inner=1      min=   838.574 us/xform  median=   838.574  sd=  0.00%     12.62 GF/s  setup=0.001 s
gen_bluestein            L=50  B=4     m=128   inner=1      min=  1397.457 us/xform  median=  1398.197  sd=  0.03%      7.57 GF/s  setup=0.000 s
gen_bluestein            L=50  B=4     m=128   inner=1      min=  1381.401 us/xform  median=  1382.131  sd=  0.04%      7.66 GF/s  setup=0.000 s
gen_bluestein            L=50  B=4     m=128   inner=1      min=  1375.304 us/xform  median=  1375.938  sd=  0.02%      7.69 GF/s  setup=0.000 s
gen_bluestein            L=50  B=4     m=2     inner=1      min=  1913.597 us/xform  median=  1913.597  sd=  0.00%      5.53 GF/s  setup=0.000 s
gen_layout               L=50  B=4     m=128   inner=1      min=   952.893 us/xform  median=   953.285  sd=  0.03%     11.11 GF/s  setup=0.001 s
gen_layout               L=50  B=4     m=128   inner=1      min=   942.341 us/xform  median=   942.550  sd=  0.03%     11.23 GF/s  setup=0.001 s
gen_layout               L=50  B=4     m=128   inner=1      min=   932.821 us/xform  median=   933.044  sd=  0.02%     11.34 GF/s  setup=0.001 s
gen_layout               L=50  B=4     m=2     inner=1      min=  1155.080 us/xform  median=  1155.080  sd=  0.00%      9.16 GF/s  setup=0.001 s
gen_pfa_large            L=50  B=4     m=128   inner=1      min=   417.960 us/xform  median=   418.090  sd=  0.04%     25.32 GF/s  setup=2.097 s
gen_pfa_large            L=50  B=4     m=128   inner=1      min=   425.283 us/xform  median=   425.371  sd=  0.04%     24.88 GF/s  setup=1.912 s
gen_pfa_large            L=50  B=4     m=128   inner=1      min=   438.408 us/xform  median=   438.512  sd=  2.33%     24.14 GF/s  setup=0.005 s
gen_pfa_large            L=50  B=4     m=2     inner=1      min=   531.596 us/xform  median=   531.596  sd=  0.00%     19.91 GF/s  setup=0.002 s
gen_pfa_small            L=50  B=4     m=128   inner=1      min=   736.824 us/xform  median=   736.910  sd=  0.03%     14.36 GF/s  setup=0.009 s
gen_pfa_small            L=50  B=4     m=128   inner=1      min=   726.599 us/xform  median=   727.488  sd=  0.04%     14.56 GF/s  setup=0.009 s
gen_pfa_small            L=50  B=4     m=128   inner=1      min=   729.814 us/xform  median=   730.089  sd=  0.03%     14.50 GF/s  setup=0.009 s
gen_pfa_small            L=50  B=4     m=2     inner=1      min=  1330.856 us/xform  median=  1330.856  sd=  0.00%      7.95 GF/s  setup=0.009 s
gen_planner              L=50  B=4     m=128   inner=1      min=   547.776 us/xform  median=   548.061  sd=  0.04%     19.32 GF/s  setup=0.053 s
gen_planner              L=50  B=4     m=128   inner=1      min=   553.365 us/xform  median=   553.474  sd=  0.04%     19.12 GF/s  setup=0.011 s
gen_planner              L=50  B=4     m=128   inner=1      min=   555.194 us/xform  median=   555.308  sd=  0.04%     19.06 GF/s  setup=0.009 s
gen_planner              L=50  B=4     m=2     inner=1      min=   744.484 us/xform  median=   744.484  sd=  0.00%     14.21 GF/s  setup=0.010 s
gen_powp                 L=50  B=4     m=128   inner=1      min=   413.898 us/xform  median=   413.976  sd=  0.06%     25.57 GF/s  setup=1.435 s
gen_powp                 L=50  B=4     m=128   inner=1      min=   435.402 us/xform  median=   435.594  sd=  2.78%     24.30 GF/s  setup=0.005 s
gen_powp                 L=50  B=4     m=128   inner=1      min=   436.621 us/xform  median=   436.747  sd=  0.05%     24.24 GF/s  setup=0.003 s
gen_powp                 L=50  B=4     m=2     inner=1      min=   569.019 us/xform  median=   569.019  sd=  0.00%     18.60 GF/s  setup=0.002 s
gen_race                 L=50  B=4     m=128   inner=1      min=   433.303 us/xform  median=   433.375  sd=  0.07%     24.42 GF/s  setup=0.854 s
gen_race                 L=50  B=4     m=128   inner=1      min=   410.975 us/xform  median=   411.064  sd=  9.65%     25.75 GF/s  setup=0.022 s
gen_race                 L=50  B=4     m=128   inner=1      min=   417.472 us/xform  median=   417.611  sd=  0.11%     25.35 GF/s  setup=0.021 s
gen_race                 L=50  B=4     m=2     inner=1      min=   539.617 us/xform  median=   539.617  sd=  0.00%     19.61 GF/s  setup=0.008 s
gen_twiddle              L=50  B=4     m=128   inner=1      min=   629.904 us/xform  median=   629.976  sd=  0.02%     16.80 GF/s  setup=0.011 s
gen_twiddle              L=50  B=4     m=128   inner=1      min=   648.905 us/xform  median=   649.026  sd=  0.02%     16.31 GF/s  setup=0.012 s
gen_twiddle              L=50  B=4     m=128   inner=1      min=   631.770 us/xform  median=   631.826  sd=  0.03%     16.75 GF/s  setup=0.011 s
gen_twiddle              L=50  B=4     m=2     inner=1      min=   925.964 us/xform  median=   925.964  sd=  0.00%     11.43 GF/s  setup=0.011 s
mkl2026_dfti             L=50  B=4     m=128   inner=1      min=   964.254 us/xform  median=   966.493  sd=  0.20%     10.97 GF/s  setup=0.055 s
mkl2026_dfti             L=50  B=4     m=128   inner=1      min=   963.551 us/xform  median=   966.260  sd=  0.18%     10.98 GF/s  setup=0.050 s
mkl2026_dfti             L=50  B=4     m=128   inner=1      min=   961.820 us/xform  median=   962.356  sd=  0.04%     11.00 GF/s  setup=0.048 s
mkl2026_dfti             L=50  B=4     m=2     inner=1      min=  1091.780 us/xform  median=  1091.780  sd=  0.00%      9.69 GF/s  setup=0.056 s
mkl_dfti                 L=50  B=4     m=128   inner=1      min=   947.746 us/xform  median=   949.430  sd=  0.11%     11.17 GF/s  setup=0.032 s
mkl_dfti                 L=50  B=4     m=128   inner=1      min=   950.407 us/xform  median=   951.589  sd=  0.08%     11.13 GF/s  setup=0.047 s
mkl_dfti                 L=50  B=4     m=128   inner=1      min=   946.334 us/xform  median=   947.473  sd=  0.08%     11.18 GF/s  setup=0.051 s
mkl_dfti                 L=50  B=4     m=2     inner=1      min=  1089.786 us/xform  median=  1089.786  sd=  0.00%      9.71 GF/s  setup=0.054 s
baseline_matrix          L=100 B=1     m=2     inner=1      min=599398.576 us/xform  median=599398.576  sd=  0.00%      0.17 GF/s  setup=0.000 s
ducc0_c2c                L=100 B=1     m=64    inner=1      min= 12036.996 us/xform  median= 12087.215  sd=  0.51%      8.28 GF/s  setup=0.000 s
ducc0_c2c                L=100 B=1     m=64    inner=1      min= 11969.992 us/xform  median= 12024.888  sd=  0.47%      8.33 GF/s  setup=0.000 s
ducc0_c2c                L=100 B=1     m=64    inner=1      min= 11917.809 us/xform  median= 11973.911  sd=  0.48%      8.36 GF/s  setup=0.000 s
ducc0_c2c                L=100 B=1     m=2     inner=1      min= 12384.006 us/xform  median= 12384.006  sd=  0.00%      8.05 GF/s  setup=0.000 s
fftw3_estimate           L=100 B=1     m=64    inner=1      min= 20776.453 us/xform  median= 20780.303  sd=  0.02%      4.80 GF/s  setup=0.002 s
fftw3_estimate           L=100 B=1     m=64    inner=1      min= 20675.437 us/xform  median= 20683.474  sd=  0.03%      4.82 GF/s  setup=0.002 s
fftw3_estimate           L=100 B=1     m=64    inner=1      min= 20720.036 us/xform  median= 20730.354  sd=  0.03%      4.81 GF/s  setup=0.002 s
fftw3_estimate           L=100 B=1     m=2     inner=1      min= 24833.581 us/xform  median= 24833.581  sd=  0.00%      4.01 GF/s  setup=0.002 s
fftw3_guru               L=100 B=1     m=64    inner=1      min= 15644.204 us/xform  median= 15650.740  sd=  0.03%      6.37 GF/s  setup=0.384 s
fftw3_guru               L=100 B=1     m=64    inner=1      min= 15831.376 us/xform  median= 15837.447  sd=  0.02%      6.29 GF/s  setup=0.387 s
fftw3_guru               L=100 B=1     m=64    inner=1      min= 14236.396 us/xform  median= 14253.953  sd=  0.10%      7.00 GF/s  setup=0.379 s
fftw3_guru               L=100 B=1     m=2     inner=1      min= 16335.359 us/xform  median= 16335.359  sd=  0.00%      6.10 GF/s  setup=0.332 s
fftw3_measure            L=100 B=1     m=64    inner=1      min= 11961.857 us/xform  median= 11974.270  sd=  0.06%      8.33 GF/s  setup=0.314 s
fftw3_measure            L=100 B=1     m=64    inner=1      min= 11944.126 us/xform  median= 11947.426  sd=  0.03%      8.34 GF/s  setup=0.310 s
fftw3_measure            L=100 B=1     m=64    inner=1      min= 11196.249 us/xform  median= 11206.363  sd=  0.06%      8.90 GF/s  setup=0.286 s
fftw3_measure            L=100 B=1     m=2     inner=1      min= 11664.157 us/xform  median= 11664.157  sd=  0.00%      8.54 GF/s  setup=0.284 s
fftw3_patient            L=100 B=1     m=64    inner=1      min=  9981.604 us/xform  median=  9985.292  sd=  0.04%      9.98 GF/s  setup=17.188 s
fftw3_patient            L=100 B=1     m=64    inner=1      min=  9842.092 us/xform  median=  9849.555  sd=  0.05%     10.13 GF/s  setup=17.278 s
fftw3_patient            L=100 B=1     m=64    inner=1      min=  9904.676 us/xform  median=  9911.048  sd=  0.04%     10.06 GF/s  setup=17.592 s
fftw3_patient            L=100 B=1     m=2     inner=1      min= 10690.382 us/xform  median= 10690.382  sd=  0.00%      9.32 GF/s  setup=17.318 s
gen_batchlane            L=100 B=1     m=64    inner=1      min=  4249.560 us/xform  median=  4253.758  sd=  0.08%     23.45 GF/s  setup=0.008 s
gen_batchlane            L=100 B=1     m=64    inner=1      min=  4262.793 us/xform  median=  4265.948  sd=  0.08%     23.38 GF/s  setup=0.007 s
gen_batchlane            L=100 B=1     m=64    inner=1      min=  4072.315 us/xform  median=  4073.497  sd=  0.06%     24.47 GF/s  setup=0.007 s
gen_batchlane            L=100 B=1     m=2     inner=1      min=  7295.302 us/xform  median=  7295.302  sd=  0.00%     13.66 GF/s  setup=0.007 s
gen_bluestein            L=100 B=1     m=64    inner=1      min= 13667.099 us/xform  median= 13674.767  sd=  0.05%      7.29 GF/s  setup=0.000 s
gen_bluestein            L=100 B=1     m=64    inner=1      min= 13536.809 us/xform  median= 13553.752  sd=  0.06%      7.36 GF/s  setup=0.000 s
gen_bluestein            L=100 B=1     m=64    inner=1      min= 13637.277 us/xform  median= 13648.204  sd=  0.05%      7.31 GF/s  setup=0.000 s
gen_bluestein            L=100 B=1     m=2     inner=1      min= 16809.407 us/xform  median= 16809.407  sd=  0.00%      5.93 GF/s  setup=0.000 s
gen_layout               L=100 B=1     m=64    inner=1      min=  9255.848 us/xform  median=  9260.051  sd=  0.03%     10.77 GF/s  setup=0.011 s
gen_layout               L=100 B=1     m=64    inner=1      min=  9366.055 us/xform  median=  9369.504  sd=  0.05%     10.64 GF/s  setup=0.011 s
gen_layout               L=100 B=1     m=64    inner=1      min=  9366.373 us/xform  median=  9371.349  sd=  0.04%     10.64 GF/s  setup=0.010 s
gen_layout               L=100 B=1     m=2     inner=1      min= 10626.527 us/xform  median= 10626.527  sd=  0.00%      9.38 GF/s  setup=0.011 s
gen_pfa_large            L=100 B=1     m=64    inner=1      min=  4681.631 us/xform  median=  4687.185  sd=  0.10%     21.29 GF/s  setup=0.002 s
gen_pfa_large            L=100 B=1     m=64    inner=1      min=  4554.717 us/xform  median=  4559.102  sd=  0.08%     21.88 GF/s  setup=0.003 s
gen_pfa_large            L=100 B=1     m=64    inner=1      min=  4626.040 us/xform  median=  4631.684  sd=  0.11%     21.54 GF/s  setup=0.003 s
gen_pfa_large            L=100 B=1     m=2     inner=1      min=  5594.485 us/xform  median=  5594.485  sd=  0.00%     17.81 GF/s  setup=0.002 s
gen_pfa_small            L=100 B=1     m=64    inner=1      min=  6095.188 us/xform  median=  6116.030  sd=  0.15%     16.35 GF/s  setup=0.063 s
gen_pfa_small            L=100 B=1     m=64    inner=1      min=  6145.655 us/xform  median=  6155.478  sd=  0.29%     16.22 GF/s  setup=0.062 s
gen_pfa_small            L=100 B=1     m=64    inner=1      min=  6066.165 us/xform  median=  6071.403  sd=  0.12%     16.43 GF/s  setup=0.062 s
gen_pfa_small            L=100 B=1     m=2     inner=1      min= 11856.253 us/xform  median= 11856.253  sd=  0.00%      8.41 GF/s  setup=0.068 s
gen_planner              L=100 B=1     m=64    inner=1      min=  4643.145 us/xform  median=  4645.431  sd=  0.13%     21.46 GF/s  setup=0.153 s
gen_planner              L=100 B=1     m=64    inner=1      min=  4576.986 us/xform  median=  4579.481  sd=  0.10%     21.77 GF/s  setup=0.180 s
gen_planner              L=100 B=1     m=64    inner=1      min=  4570.502 us/xform  median=  4571.615  sd=  0.13%     21.80 GF/s  setup=0.150 s
gen_planner              L=100 B=1     m=2     inner=1      min=  7815.470 us/xform  median=  7815.470  sd=  0.00%     12.75 GF/s  setup=0.157 s
gen_powp                 L=100 B=1     m=64    inner=1      min=  4567.559 us/xform  median=  4573.494  sd=  0.11%     21.82 GF/s  setup=4.050 s
gen_powp                 L=100 B=1     m=64    inner=1      min=  4465.201 us/xform  median=  4471.890  sd=  0.10%     22.32 GF/s  setup=0.014 s
gen_powp                 L=100 B=1     m=64    inner=1      min=  4550.877 us/xform  median=  4555.227  sd=  0.10%     21.90 GF/s  setup=0.009 s
gen_powp                 L=100 B=1     m=2     inner=1      min=  7048.656 us/xform  median=  7048.656  sd=  0.00%     14.14 GF/s  setup=0.008 s
gen_race                 L=100 B=1     m=64    inner=1      min=  4114.255 us/xform  median=  4124.316  sd=  0.23%     24.22 GF/s  setup=2.777 s
gen_race                 L=100 B=1     m=64    inner=1      min=  4071.340 us/xform  median=  4076.673  sd=  0.08%     24.48 GF/s  setup=0.024 s
gen_race                 L=100 B=1     m=64    inner=1      min=  4260.140 us/xform  median=  4264.287  sd=  3.84%     23.39 GF/s  setup=0.027 s
gen_race                 L=100 B=1     m=2     inner=1      min=  7180.126 us/xform  median=  7180.126  sd=  0.00%     13.88 GF/s  setup=0.018 s
gen_twiddle              L=100 B=1     m=64    inner=1      min=  6565.483 us/xform  median=  6576.415  sd=  0.08%     15.18 GF/s  setup=0.071 s
gen_twiddle              L=100 B=1     m=64    inner=1      min=  6451.397 us/xform  median=  6457.384  sd=  0.06%     15.45 GF/s  setup=0.078 s
gen_twiddle              L=100 B=1     m=64    inner=1      min=  6527.871 us/xform  median=  6532.618  sd=  0.07%     15.27 GF/s  setup=0.080 s
gen_twiddle              L=100 B=1     m=2     inner=1      min=  8040.318 us/xform  median=  8040.318  sd=  0.00%     12.39 GF/s  setup=0.069 s
mkl2026_dfti             L=100 B=1     m=64    inner=1      min=  7888.392 us/xform  median=  7894.101  sd=  0.05%     12.63 GF/s  setup=0.056 s
mkl2026_dfti             L=100 B=1     m=64    inner=1      min=  7913.796 us/xform  median=  7922.419  sd=  0.05%     12.59 GF/s  setup=0.053 s
mkl2026_dfti             L=100 B=1     m=64    inner=1      min=  7844.147 us/xform  median=  7849.940  sd=  0.05%     12.70 GF/s  setup=0.055 s
mkl2026_dfti             L=100 B=1     m=2     inner=1      min=  8653.456 us/xform  median=  8653.456  sd=  0.00%     11.52 GF/s  setup=0.048 s
mkl_dfti                 L=100 B=1     m=64    inner=1      min=  7812.381 us/xform  median=  7818.536  sd=  0.05%     12.76 GF/s  setup=0.038 s
mkl_dfti                 L=100 B=1     m=64    inner=1      min=  7839.166 us/xform  median=  7845.612  sd=  0.05%     12.71 GF/s  setup=0.049 s
mkl_dfti                 L=100 B=1     m=64    inner=1      min=  7857.083 us/xform  median=  7865.836  sd=  0.05%     12.68 GF/s  setup=0.047 s
mkl_dfti                 L=100 B=1     m=2     inner=1      min=  8891.406 us/xform  median=  8891.406  sd=  0.00%     11.21 GF/s  setup=0.047 s
