   skipping baseline_dft at L=1024 B=512 (too expensive to be informative)
d1_bluestein             L=1024 B=512   m=2000  inner=1      min=     5.661 us/xform  median=     5.664  sd=  0.03%      9.04 GF/s  setup=0.001 s
d1_bluestein             L=1024 B=512   m=2000  inner=1      min=     5.669 us/xform  median=     5.673  sd=  0.04%      9.03 GF/s  setup=0.001 s
d1_bluestein             L=1024 B=512   m=2000  inner=1      min=     5.648 us/xform  median=     5.650  sd=  0.03%      9.07 GF/s  setup=0.001 s
d1_bluestein             L=1024 B=512   m=2     inner=1      min=     7.345 us/xform  median=     7.345  sd=  0.00%      6.97 GF/s  setup=0.001 s
d1_planner               L=1024 B=512   m=2000  inner=1      min=     2.092 us/xform  median=     2.092  sd=  0.01%     24.48 GF/s  setup=0.001 s
d1_planner               L=1024 B=512   m=2000  inner=1      min=     1.745 us/xform  median=     1.745  sd=  0.00%     29.34 GF/s  setup=0.001 s
d1_planner               L=1024 B=512   m=2000  inner=1      min=     1.743 us/xform  median=     1.743  sd=  0.01%     29.38 GF/s  setup=0.001 s
d1_planner               L=1024 B=512   m=2     inner=1      min=     3.030 us/xform  median=     3.030  sd=  0.00%     16.90 GF/s  setup=0.001 s
d1_pow2                  L=1024 B=512   m=2000  inner=1      min=     2.466 us/xform  median=     2.466  sd=  0.00%     20.76 GF/s  setup=0.001 s
d1_pow2                  L=1024 B=512   m=2000  inner=1      min=     2.454 us/xform  median=     2.454  sd=  0.01%     20.86 GF/s  setup=0.001 s
d1_pow2                  L=1024 B=512   m=2000  inner=1      min=     2.461 us/xform  median=     2.462  sd=  0.01%     20.80 GF/s  setup=0.001 s
d1_pow2                  L=1024 B=512   m=2     inner=1      min=     3.984 us/xform  median=     3.984  sd=  0.00%     12.85 GF/s  setup=0.001 s
d1_race                  L=1024 B=512   m=2000  inner=1      min=     1.742 us/xform  median=     1.742  sd=  0.01%     29.39 GF/s  setup=12.037 s
d1_race                  L=1024 B=512   m=2000  inner=1      min=     1.745 us/xform  median=     1.745  sd=  0.01%     29.34 GF/s  setup=0.027 s
d1_race                  L=1024 B=512   m=2000  inner=1      min=     1.785 us/xform  median=     1.785  sd=  0.01%     28.68 GF/s  setup=0.024 s
d1_race                  L=1024 B=512   m=2     inner=1      min=     2.809 us/xform  median=     2.809  sd=  0.00%     18.23 GF/s  setup=0.009 s
d1_twiddle               L=1024 B=512   m=2000  inner=1      min=     2.180 us/xform  median=     2.181  sd=  0.02%     23.48 GF/s  setup=0.000 s
d1_twiddle               L=1024 B=512   m=2000  inner=1      min=     2.155 us/xform  median=     2.156  sd=  0.01%     23.75 GF/s  setup=0.001 s
d1_twiddle               L=1024 B=512   m=2000  inner=1      min=     2.173 us/xform  median=     2.173  sd=  0.02%     23.57 GF/s  setup=0.001 s
d1_twiddle               L=1024 B=512   m=2     inner=1      min=     5.956 us/xform  median=     5.956  sd=  0.00%      8.60 GF/s  setup=0.000 s
fftw1d_estimate          L=1024 B=512   m=2000  inner=1      min=     5.676 us/xform  median=     5.680  sd=  0.04%      9.02 GF/s  setup=0.001 s
fftw1d_estimate          L=1024 B=512   m=2000  inner=1      min=     5.745 us/xform  median=     5.748  sd=  0.03%      8.91 GF/s  setup=0.001 s
fftw1d_estimate          L=1024 B=512   m=2000  inner=1      min=     5.650 us/xform  median=     5.654  sd=  0.04%      9.06 GF/s  setup=0.001 s
fftw1d_estimate          L=1024 B=512   m=2     inner=1      min=     7.491 us/xform  median=     7.491  sd=  0.00%      6.83 GF/s  setup=0.001 s
fftw1d_measure           L=1024 B=512   m=2000  inner=1      min=     5.023 us/xform  median=     5.024  sd=  0.02%     10.19 GF/s  setup=0.116 s
fftw1d_measure           L=1024 B=512   m=2000  inner=1      min=     5.180 us/xform  median=     5.181  sd=  0.03%      9.88 GF/s  setup=0.115 s
fftw1d_measure           L=1024 B=512   m=2000  inner=1      min=     5.234 us/xform  median=     5.237  sd=  0.05%      9.78 GF/s  setup=0.115 s
fftw1d_measure           L=1024 B=512   m=2     inner=1      min=     6.598 us/xform  median=     6.598  sd=  0.00%      7.76 GF/s  setup=0.115 s
fftw1d_patient           L=1024 B=512   m=2000  inner=1      min=     5.063 us/xform  median=     5.069  sd=  0.06%     10.11 GF/s  setup=11.384 s
fftw1d_patient           L=1024 B=512   m=2000  inner=1      min=     5.115 us/xform  median=     5.120  sd=  0.03%     10.01 GF/s  setup=11.944 s
fftw1d_patient           L=1024 B=512   m=2000  inner=1      min=     5.135 us/xform  median=     5.137  sd=  0.02%      9.97 GF/s  setup=11.565 s
fftw1d_patient           L=1024 B=512   m=2     inner=1      min=     6.505 us/xform  median=     6.505  sd=  0.00%      7.87 GF/s  setup=11.297 s
mkl1d_dfti               L=1024 B=512   m=2000  inner=1      min=     4.886 us/xform  median=     4.889  sd=  0.03%     10.48 GF/s  setup=0.002 s
   skipping baseline_dft at L=1024 B=512 (too expensive to be informative)
   skip d1_batchlane L=1024 B=512 m=2000 (already measured)
   skip d1_bluestein L=1024 B=512 m=2000 (already measured)
   skip d1_composite L=1024 B=512 m=2000 (already measured)
   skip d1_planner L=1024 B=512 m=2000 (already measured)
   skip d1_pow2 L=1024 B=512 m=2000 (already measured)
   skip d1_prime L=1024 B=512 m=2000 (already measured)
   skip d1_race L=1024 B=512 m=2000 (already measured)
   skip d1_rader L=1024 B=512 m=2000 (already measured)
   skip d1_twiddle L=1024 B=512 m=2000 (already measured)
   skip fftw1d_custom L=1024 B=512 m=2000 (already measured)
   skip fftw1d_custom_soa L=1024 B=512 m=2000 (already measured)
   skip fftw1d_estimate L=1024 B=512 m=2000 (already measured)
   skip fftw1d_measure L=1024 B=512 m=2000 (already measured)
   skip fftw1d_patient L=1024 B=512 m=2000 (already measured)
mkl1d_dfti               L=1024 B=512   m=2000  inner=1      min=     4.970 us/xform  median=     5.028  sd=  0.51%     10.30 GF/s  setup=0.004 s
mkl1d_dfti               L=1024 B=512   m=2000  inner=1      min=     5.024 us/xform  median=     5.026  sd=  0.02%     10.19 GF/s  setup=0.002 s
mkl1d_dfti               L=1024 B=512   m=2000  inner=1      min=     4.928 us/xform  median=     4.930  sd=  0.03%     10.39 GF/s  setup=0.004 s
mkl1d_dfti               L=1024 B=512   m=2     inner=1      min=     6.669 us/xform  median=     6.669  sd=  0.00%      7.68 GF/s  setup=0.002 s
baseline_dft             L=32  B=512   m=1     inner=20     min=     1.760 us/xform  median=     1.760  sd=  2.52%      0.45 GF/s  setup=0.000 s
baseline_dft             L=32  B=512   m=1     inner=28     min=     2.124 us/xform  median=     2.124  sd=  0.02%      0.38 GF/s  setup=0.000 s
baseline_dft             L=32  B=512   m=1     inner=14     min=     1.760 us/xform  median=     1.760  sd=  4.30%      0.45 GF/s  setup=0.000 s
baseline_dft             L=32  B=512   m=1     inner=42     min=     1.760 us/xform  median=     1.760  sd=  0.02%      0.45 GF/s  setup=0.000 s
baseline_dft             L=32  B=512   m=1     inner=30     min=     1.760 us/xform  median=     1.760  sd=  0.01%      0.45 GF/s  setup=0.000 s
baseline_dft             L=32  B=512   m=1     inner=30     min=     1.760 us/xform  median=     1.760  sd=  0.02%      0.45 GF/s  setup=0.000 s
baseline_dft             L=32  B=512   m=1     inner=44     min=     1.760 us/xform  median=     1.760  sd=  0.01%      0.45 GF/s  setup=0.000 s
baseline_dft             L=32  B=512   m=1     inner=30     min=     1.760 us/xform  median=     1.760  sd=  0.01%      0.45 GF/s  setup=0.000 s
baseline_dft             L=32  B=512   m=1     inner=42     min=     1.760 us/xform  median=     1.760  sd=  0.05%      0.45 GF/s  setup=0.000 s
d1_batchlane             L=32  B=512   m=1     inner=4360   min=     0.018 us/xform  median=     0.018  sd=  0.03%     45.47 GF/s  setup=0.000 s
d1_batchlane             L=32  B=512   m=1     inner=2184   min=     0.018 us/xform  median=     0.018  sd=  0.06%     45.48 GF/s  setup=0.000 s
d1_batchlane             L=32  B=512   m=1     inner=4386   min=     0.018 us/xform  median=     0.018  sd=  0.04%     45.46 GF/s  setup=0.000 s
d1_batchlane             L=32  B=512   m=1     inner=4388   min=     0.018 us/xform  median=     0.018  sd=  0.03%     45.49 GF/s  setup=0.000 s
d1_batchlane             L=32  B=512   m=1     inner=3302   min=     0.018 us/xform  median=     0.018  sd=  0.28%     45.48 GF/s  setup=0.000 s
d1_batchlane             L=32  B=512   m=1     inner=3336   min=     0.018 us/xform  median=     0.018  sd=  0.05%     45.49 GF/s  setup=0.000 s
d1_batchlane             L=32  B=512   m=1     inner=3318   min=     0.015 us/xform  median=     0.015  sd=  0.03%     51.76 GF/s  setup=0.000 s
d1_batchlane             L=32  B=512   m=1     inner=5020   min=     0.015 us/xform  median=     0.015  sd=  0.05%     51.75 GF/s  setup=0.000 s
d1_batchlane             L=32  B=512   m=1     inner=4992   min=     0.015 us/xform  median=     0.015  sd=  0.01%     51.76 GF/s  setup=0.000 s
d1_bluestein             L=32  B=512   m=1     inner=474    min=     0.082 us/xform  median=     0.082  sd=  0.17%      9.72 GF/s  setup=0.001 s
d1_bluestein             L=32  B=512   m=1     inner=940    min=     0.082 us/xform  median=     0.082  sd=  0.09%      9.74 GF/s  setup=0.001 s
d1_bluestein             L=32  B=512   m=1     inner=660    min=     0.094 us/xform  median=     0.094  sd=  0.16%      8.55 GF/s  setup=0.001 s
d1_bluestein             L=32  B=512   m=1     inner=594    min=     0.091 us/xform  median=     0.091  sd=  0.11%      8.83 GF/s  setup=0.001 s
d1_bluestein             L=32  B=512   m=1     inner=660    min=     0.093 us/xform  median=     0.094  sd=  0.16%      8.58 GF/s  setup=0.001 s
d1_bluestein             L=32  B=512   m=1     inner=618    min=     0.095 us/xform  median=     0.095  sd=  0.19%      8.41 GF/s  setup=0.001 s
d1_bluestein             L=32  B=512   m=1     inner=634    min=     0.094 us/xform  median=     0.094  sd=  0.32%      8.56 GF/s  setup=0.001 s
d1_bluestein             L=32  B=512   m=1     inner=642    min=     0.096 us/xform  median=     0.097  sd=  0.16%      8.30 GF/s  setup=0.001 s
d1_bluestein             L=32  B=512   m=1     inner=287    min=     0.103 us/xform  median=     0.103  sd=  0.68%      7.79 GF/s  setup=0.001 s
d1_planner               L=32  B=512   m=1     inner=3364   min=     0.018 us/xform  median=     0.018  sd=  0.05%     45.70 GF/s  setup=0.000 s
d1_planner               L=32  B=512   m=1     inner=4412   min=     0.018 us/xform  median=     0.018  sd=  0.04%     45.68 GF/s  setup=0.000 s
d1_planner               L=32  B=512   m=1     inner=2211   min=     0.017 us/xform  median=     0.018  sd=  0.07%     45.72 GF/s  setup=0.000 s
d1_planner               L=32  B=512   m=1     inner=3360   min=     0.018 us/xform  median=     0.018  sd=  0.01%     45.57 GF/s  setup=0.000 s
d1_planner               L=32  B=512   m=1     inner=1925   min=     0.018 us/xform  median=     0.018  sd=  0.24%     45.71 GF/s  setup=0.000 s
d1_planner               L=32  B=512   m=1     inner=3356   min=     0.018 us/xform  median=     0.018  sd=  0.04%     45.68 GF/s  setup=0.000 s
d1_planner               L=32  B=512   m=1     inner=4396   min=     0.018 us/xform  median=     0.018  sd=  0.05%     45.71 GF/s  setup=0.000 s
d1_planner               L=32  B=512   m=1     inner=3364   min=     0.018 us/xform  median=     0.018  sd=  0.05%     45.69 GF/s  setup=0.000 s
d1_planner               L=32  B=512   m=1     inner=4406   min=     0.018 us/xform  median=     0.018  sd=  0.02%     45.66 GF/s  setup=0.000 s
d1_pow2                  L=32  B=512   m=1     inner=4414   min=     0.018 us/xform  median=     0.018  sd=  0.04%     45.64 GF/s  setup=0.001 s
d1_pow2                  L=32  B=512   m=1     inner=3510   min=     0.018 us/xform  median=     0.018  sd=  0.04%     45.65 GF/s  setup=0.001 s
d1_pow2                  L=32  B=512   m=1     inner=3340   min=     0.018 us/xform  median=     0.018  sd=  0.03%     45.62 GF/s  setup=0.001 s
d1_pow2                  L=32  B=512   m=1     inner=3502   min=     0.018 us/xform  median=     0.018  sd=  0.04%     45.65 GF/s  setup=0.001 s
d1_pow2                  L=32  B=512   m=1     inner=3350   min=     0.018 us/xform  median=     0.018  sd=  0.02%     45.62 GF/s  setup=0.001 s
d1_pow2                  L=32  B=512   m=1     inner=3504   min=     0.018 us/xform  median=     0.018  sd=  0.03%     45.64 GF/s  setup=0.001 s
d1_pow2                  L=32  B=512   m=1     inner=4416   min=     0.018 us/xform  median=     0.018  sd=  0.04%     45.63 GF/s  setup=0.000 s
d1_pow2                  L=32  B=512   m=1     inner=3362   min=     0.018 us/xform  median=     0.018  sd=  0.03%     45.64 GF/s  setup=0.001 s
d1_pow2                  L=32  B=512   m=1     inner=4412   min=     0.018 us/xform  median=     0.018  sd=  0.04%     45.66 GF/s  setup=0.001 s
d1_race                  L=32  B=512   m=1     inner=4992   min=     0.015 us/xform  median=     0.015  sd=  0.16%     51.90 GF/s  setup=2.861 s
d1_race                  L=32  B=512   m=1     inner=4998   min=     0.015 us/xform  median=     0.015  sd=  0.02%     51.91 GF/s  setup=0.008 s
d1_race                  L=32  B=512   m=1     inner=4444   min=     0.015 us/xform  median=     0.015  sd=  0.02%     51.89 GF/s  setup=0.009 s
d1_race                  L=32  B=512   m=1     inner=5022   min=     0.015 us/xform  median=     0.015  sd=  0.02%     51.90 GF/s  setup=0.009 s
d1_race                  L=32  B=512   m=1     inner=4400   min=     0.018 us/xform  median=     0.018  sd=  0.02%     45.61 GF/s  setup=0.012 s
d1_race                  L=32  B=512   m=1     inner=4872   min=     0.015 us/xform  median=     0.015  sd=  0.02%     51.89 GF/s  setup=0.009 s
d1_race                  L=32  B=512   m=1     inner=4854   min=     0.015 us/xform  median=     0.015  sd=  0.02%     51.91 GF/s  setup=0.008 s
d1_race                  L=32  B=512   m=1     inner=4864   min=     0.015 us/xform  median=     0.015  sd=  0.17%     51.89 GF/s  setup=0.009 s
d1_race                  L=32  B=512   m=1     inner=4408   min=     0.015 us/xform  median=     0.018  sd=  6.10%     51.86 GF/s  setup=0.010 s
d1_twiddle               L=32  B=512   m=1     inner=4824   min=     0.015 us/xform  median=     0.015  sd=  0.28%     51.73 GF/s  setup=0.000 s
d1_twiddle               L=32  B=512   m=1     inner=3322   min=     0.015 us/xform  median=     0.016  sd=  0.34%     51.67 GF/s  setup=0.000 s
d1_twiddle               L=32  B=512   m=1     inner=4930   min=     0.015 us/xform  median=     0.016  sd=  0.20%     51.67 GF/s  setup=0.000 s
d1_twiddle               L=32  B=512   m=1     inner=3448   min=     0.018 us/xform  median=     0.018  sd=  0.15%     45.41 GF/s  setup=0.000 s
d1_twiddle               L=32  B=512   m=1     inner=3454   min=     0.015 us/xform  median=     0.016  sd=  0.22%     51.68 GF/s  setup=0.001 s
d1_twiddle               L=32  B=512   m=1     inner=3316   min=     0.018 us/xform  median=     0.018  sd=  0.16%     45.46 GF/s  setup=0.000 s
d1_twiddle               L=32  B=512   m=1     inner=3458   min=     0.015 us/xform  median=     0.015  sd=  0.22%     51.71 GF/s  setup=0.001 s
d1_twiddle               L=32  B=512   m=1     inner=4958   min=     0.015 us/xform  median=     0.016  sd=  0.19%     51.69 GF/s  setup=0.000 s
d1_twiddle               L=32  B=512   m=1     inner=4970   min=     0.015 us/xform  median=     0.016  sd=  0.24%     51.68 GF/s  setup=0.000 s
fftw1d_custom            L=32  B=512   m=1     inner=411    min=     0.090 us/xform  median=     0.090  sd=  1.47%      8.88 GF/s  setup=0.000 s
fftw1d_custom            L=32  B=512   m=1     inner=434    min=     0.090 us/xform  median=     0.090  sd=  1.78%      8.92 GF/s  setup=0.000 s
fftw1d_custom            L=32  B=512   m=1     inner=552    min=     0.089 us/xform  median=     0.089  sd=  0.11%      9.04 GF/s  setup=0.000 s
fftw1d_custom            L=32  B=512   m=1     inner=872    min=     0.089 us/xform  median=     0.089  sd=  2.10%      8.98 GF/s  setup=0.000 s
fftw1d_custom            L=32  B=512   m=1     inner=878    min=     0.088 us/xform  median=     0.088  sd=  0.08%      9.05 GF/s  setup=0.000 s
fftw1d_custom            L=32  B=512   m=1     inner=564    min=     0.087 us/xform  median=     0.087  sd=  0.13%      9.20 GF/s  setup=0.000 s
fftw1d_custom            L=32  B=512   m=1     inner=870    min=     0.087 us/xform  median=     0.087  sd=  0.01%      9.21 GF/s  setup=0.000 s
fftw1d_custom            L=32  B=512   m=1     inner=544    min=     0.091 us/xform  median=     0.091  sd=  0.24%      8.80 GF/s  setup=0.000 s
fftw1d_custom            L=32  B=512   m=1     inner=552    min=     0.089 us/xform  median=     0.089  sd=  0.14%      9.02 GF/s  setup=0.000 s
fftw1d_custom_soa        L=32  B=512   m=1     inner=864    min=     0.089 us/xform  median=     0.095  sd=  2.38%      8.99 GF/s  setup=0.000 s
fftw1d_custom_soa        L=32  B=512   m=1     inner=804    min=     0.095 us/xform  median=     0.095  sd=  0.03%      8.41 GF/s  setup=0.000 s
fftw1d_custom_soa        L=32  B=512   m=1     inner=622    min=     0.079 us/xform  median=     0.079  sd=  1.20%     10.12 GF/s  setup=0.000 s
fftw1d_custom_soa        L=32  B=512   m=1     inner=694    min=     0.090 us/xform  median=     0.092  sd=  3.35%      8.89 GF/s  setup=0.000 s
fftw1d_custom_soa        L=32  B=512   m=1     inner=660    min=     0.076 us/xform  median=     0.076  sd=  0.35%     10.46 GF/s  setup=0.000 s
fftw1d_custom_soa        L=32  B=512   m=1     inner=670    min=     0.090 us/xform  median=     0.090  sd=  1.71%      8.92 GF/s  setup=0.000 s
fftw1d_custom_soa        L=32  B=512   m=1     inner=764    min=     0.099 us/xform  median=     0.100  sd=  0.04%      8.04 GF/s  setup=0.000 s
fftw1d_custom_soa        L=32  B=512   m=1     inner=640    min=     0.092 us/xform  median=     0.092  sd=  0.09%      8.67 GF/s  setup=0.000 s
fftw1d_custom_soa        L=32  B=512   m=1     inner=412    min=     0.094 us/xform  median=     0.094  sd=  0.16%      8.51 GF/s  setup=0.000 s
fftw1d_estimate          L=32  B=512   m=1     inner=874    min=     0.089 us/xform  median=     0.089  sd=  0.14%      8.98 GF/s  setup=0.001 s
fftw1d_estimate          L=32  B=512   m=1     inner=606    min=     0.089 us/xform  median=     0.089  sd=  0.08%      8.99 GF/s  setup=0.001 s
fftw1d_estimate          L=32  B=512   m=1     inner=870    min=     0.089 us/xform  median=     0.089  sd=  0.18%      8.99 GF/s  setup=0.000 s
fftw1d_estimate          L=32  B=512   m=1     inner=870    min=     0.089 us/xform  median=     0.089  sd=  0.07%      8.96 GF/s  setup=0.001 s
fftw1d_estimate          L=32  B=512   m=1     inner=440    min=     0.089 us/xform  median=     0.089  sd=  0.28%      9.04 GF/s  setup=0.000 s
fftw1d_estimate          L=32  B=512   m=1     inner=582    min=     0.088 us/xform  median=     0.088  sd=  0.13%      9.05 GF/s  setup=0.001 s
fftw1d_estimate          L=32  B=512   m=1     inner=582    min=     0.101 us/xform  median=     0.101  sd=  0.13%      7.93 GF/s  setup=0.001 s
fftw1d_estimate          L=32  B=512   m=1     inner=612    min=     0.088 us/xform  median=     0.089  sd=  0.03%      9.04 GF/s  setup=0.001 s
fftw1d_estimate          L=32  B=512   m=1     inner=606    min=     0.102 us/xform  median=     0.102  sd=  0.04%      7.86 GF/s  setup=0.001 s
fftw1d_measure           L=32  B=512   m=1     inner=2484   min=     0.029 us/xform  median=     0.029  sd=  0.03%     27.89 GF/s  setup=0.010 s
fftw1d_measure           L=32  B=512   m=1     inner=2420   min=     0.030 us/xform  median=     0.030  sd=  0.04%     26.72 GF/s  setup=0.010 s
fftw1d_measure           L=32  B=512   m=1     inner=2142   min=     0.031 us/xform  median=     0.031  sd=  0.03%     25.48 GF/s  setup=0.010 s
fftw1d_measure           L=32  B=512   m=1     inner=2204   min=     0.029 us/xform  median=     0.029  sd=  0.03%     28.01 GF/s  setup=0.011 s
fftw1d_measure           L=32  B=512   m=1     inner=2100   min=     0.030 us/xform  median=     0.030  sd=  0.04%     27.06 GF/s  setup=0.011 s
fftw1d_measure           L=32  B=512   m=1     inner=2172   min=     0.025 us/xform  median=     0.025  sd=  0.02%     31.50 GF/s  setup=0.011 s
fftw1d_measure           L=32  B=512   m=1     inner=2322   min=     0.029 us/xform  median=     0.029  sd=  0.08%     27.81 GF/s  setup=0.010 s
fftw1d_measure           L=32  B=512   m=1     inner=2478   min=     0.029 us/xform  median=     0.029  sd=  0.03%     27.46 GF/s  setup=0.010 s
fftw1d_measure           L=32  B=512   m=1     inner=2204   min=     0.026 us/xform  median=     0.026  sd=  0.21%     31.35 GF/s  setup=0.011 s
fftw1d_patient           L=32  B=512   m=1     inner=2524   min=     0.029 us/xform  median=     0.029  sd=  0.02%     28.01 GF/s  setup=0.062 s
fftw1d_patient           L=32  B=512   m=1     inner=2522   min=     0.029 us/xform  median=     0.029  sd=  0.08%     27.33 GF/s  setup=0.062 s
fftw1d_patient           L=32  B=512   m=1     inner=2564   min=     0.025 us/xform  median=     0.026  sd=  6.58%     31.99 GF/s  setup=0.062 s
fftw1d_patient           L=32  B=512   m=1     inner=2892   min=     0.025 us/xform  median=     0.025  sd=  0.02%     31.50 GF/s  setup=0.055 s
fftw1d_patient           L=32  B=512   m=1     inner=2924   min=     0.025 us/xform  median=     0.025  sd=  0.03%     32.29 GF/s  setup=0.055 s
fftw1d_patient           L=32  B=512   m=1     inner=2862   min=     0.026 us/xform  median=     0.026  sd=  0.03%     30.93 GF/s  setup=0.055 s
fftw1d_patient           L=32  B=512   m=1     inner=2528   min=     0.028 us/xform  median=     0.028  sd=  0.06%     28.10 GF/s  setup=0.063 s
fftw1d_patient           L=32  B=512   m=1     inner=2422   min=     0.029 us/xform  median=     0.029  sd=  0.03%     27.38 GF/s  setup=0.067 s
fftw1d_patient           L=32  B=512   m=1     inner=2578   min=     0.025 us/xform  median=     0.025  sd=  4.52%     31.95 GF/s  setup=0.063 s
mkl1d_dfti               L=32  B=512   m=1     inner=4742   min=     0.015 us/xform  median=     0.015  sd=  0.36%     52.30 GF/s  setup=0.002 s
mkl1d_dfti               L=32  B=512   m=1     inner=5054   min=     0.015 us/xform  median=     0.015  sd=  0.01%     52.34 GF/s  setup=0.001 s
mkl1d_dfti               L=32  B=512   m=1     inner=3510   min=     0.017 us/xform  median=     0.017  sd=  0.09%     45.96 GF/s  setup=0.001 s
mkl1d_dfti               L=32  B=512   m=1     inner=3668   min=     0.015 us/xform  median=     0.015  sd=  0.01%     52.30 GF/s  setup=0.002 s
mkl1d_dfti               L=32  B=512   m=1     inner=5048   min=     0.015 us/xform  median=     0.015  sd=  0.01%     52.29 GF/s  setup=0.001 s
mkl1d_dfti               L=32  B=512   m=1     inner=3488   min=     0.017 us/xform  median=     0.017  sd=  0.01%     45.98 GF/s  setup=0.001 s
mkl1d_dfti               L=32  B=512   m=1     inner=3524   min=     0.015 us/xform  median=     0.015  sd=  0.03%     52.32 GF/s  setup=0.002 s
mkl1d_dfti               L=32  B=512   m=1     inner=5068   min=     0.015 us/xform  median=     0.015  sd=  0.02%     52.31 GF/s  setup=0.001 s
mkl1d_dfti               L=32  B=512   m=1     inner=5046   min=     0.015 us/xform  median=     0.015  sd=  0.02%     52.30 GF/s  setup=0.001 s
baseline_dft             L=60  B=512   m=1     inner=10     min=     6.179 us/xform  median=     6.179  sd=  0.32%      0.29 GF/s  setup=0.000 s
baseline_dft             L=60  B=512   m=1     inner=10     min=     7.459 us/xform  median=     7.460  sd=  0.02%      0.24 GF/s  setup=0.000 s
baseline_dft             L=60  B=512   m=1     inner=10     min=     7.459 us/xform  median=     7.459  sd=  0.01%      0.24 GF/s  setup=0.000 s
baseline_dft             L=60  B=512   m=1     inner=10     min=     6.178 us/xform  median=     6.179  sd=  0.02%      0.29 GF/s  setup=0.000 s
baseline_dft             L=60  B=512   m=1     inner=10     min=     7.458 us/xform  median=     7.459  sd=  0.01%      0.24 GF/s  setup=0.000 s
baseline_dft             L=60  B=512   m=1     inner=10     min=     6.272 us/xform  median=     6.310  sd=  0.19%      0.28 GF/s  setup=0.000 s
baseline_dft             L=60  B=512   m=1     inner=10     min=     7.457 us/xform  median=     7.458  sd=  0.02%      0.24 GF/s  setup=0.000 s
baseline_dft             L=60  B=512   m=1     inner=10     min=     7.458 us/xform  median=     7.459  sd=  0.00%      0.24 GF/s  setup=0.000 s
baseline_dft             L=60  B=512   m=1     inner=10     min=     7.460 us/xform  median=     7.465  sd=  0.85%      0.24 GF/s  setup=0.000 s
d1_batchlane             L=60  B=512   m=1     inner=1486   min=     0.053 us/xform  median=     0.054  sd=  0.62%     33.60 GF/s  setup=0.000 s
d1_batchlane             L=60  B=512   m=1     inner=1096   min=     0.046 us/xform  median=     0.046  sd=  0.71%     38.82 GF/s  setup=0.000 s
d1_batchlane             L=60  B=512   m=1     inner=1150   min=     0.051 us/xform  median=     0.053  sd=  0.83%     34.49 GF/s  setup=0.000 s
d1_batchlane             L=60  B=512   m=1     inner=1130   min=     0.056 us/xform  median=     0.056  sd=  0.08%     31.61 GF/s  setup=0.000 s
d1_batchlane             L=60  B=512   m=1     inner=1114   min=     0.046 us/xform  median=     0.046  sd=  0.86%     38.29 GF/s  setup=0.000 s
d1_batchlane             L=60  B=512   m=1     inner=1206   min=     0.052 us/xform  median=     0.053  sd=  0.97%     34.40 GF/s  setup=0.000 s
d1_batchlane             L=60  B=512   m=1     inner=1158   min=     0.054 us/xform  median=     0.054  sd=  0.05%     32.85 GF/s  setup=0.000 s
d1_batchlane             L=60  B=512   m=1     inner=1436   min=     0.054 us/xform  median=     0.054  sd=  0.04%     32.88 GF/s  setup=0.000 s
d1_batchlane             L=60  B=512   m=1     inner=1468   min=     0.053 us/xform  median=     0.053  sd=  0.04%     33.61 GF/s  setup=0.000 s
d1_bluestein             L=60  B=512   m=1     inner=320    min=     0.243 us/xform  median=     0.243  sd=  0.05%      7.30 GF/s  setup=0.001 s
d1_bluestein             L=60  B=512   m=1     inner=284    min=     0.217 us/xform  median=     0.217  sd=  0.07%      8.17 GF/s  setup=0.001 s
d1_bluestein             L=60  B=512   m=1     inner=262    min=     0.226 us/xform  median=     0.226  sd=  0.12%      7.85 GF/s  setup=0.001 s
d1_bluestein             L=60  B=512   m=1     inner=284    min=     0.190 us/xform  median=     0.190  sd=  0.12%      9.34 GF/s  setup=0.001 s
d1_bluestein             L=60  B=512   m=1     inner=278    min=     0.223 us/xform  median=     0.224  sd=  0.16%      7.96 GF/s  setup=0.001 s
d1_bluestein             L=60  B=512   m=1     inner=266    min=     0.224 us/xform  median=     0.224  sd=  0.12%      7.90 GF/s  setup=0.001 s
d1_bluestein             L=60  B=512   m=1     inner=278    min=     0.220 us/xform  median=     0.220  sd=  0.08%      8.05 GF/s  setup=0.001 s
d1_bluestein             L=60  B=512   m=1     inner=272    min=     0.218 us/xform  median=     0.219  sd=  0.35%      8.11 GF/s  setup=0.001 s
d1_bluestein             L=60  B=512   m=1     inner=282    min=     0.221 us/xform  median=     0.221  sd=  0.06%      8.02 GF/s  setup=0.001 s
d1_composite             L=60  B=512   m=1     inner=1442   min=     0.052 us/xform  median=     0.052  sd=  0.02%     34.33 GF/s  setup=0.000 s
d1_composite             L=60  B=512   m=1     inner=1142   min=     0.055 us/xform  median=     0.055  sd=  0.09%     32.46 GF/s  setup=0.000 s
d1_composite             L=60  B=512   m=1     inner=994    min=     0.064 us/xform  median=     0.064  sd=  0.07%     27.74 GF/s  setup=0.000 s
d1_composite             L=60  B=512   m=1     inner=1152   min=     0.055 us/xform  median=     0.055  sd=  0.03%     32.34 GF/s  setup=0.000 s
d1_composite             L=60  B=512   m=1     inner=1048   min=     0.063 us/xform  median=     0.063  sd=  0.07%     28.23 GF/s  setup=0.000 s
d1_composite             L=60  B=512   m=1     inner=1110   min=     0.054 us/xform  median=     0.054  sd=  0.07%     32.94 GF/s  setup=0.000 s
d1_composite             L=60  B=512   m=1     inner=1032   min=     0.063 us/xform  median=     0.063  sd=  0.09%     28.18 GF/s  setup=0.000 s
d1_composite             L=60  B=512   m=1     inner=1154   min=     0.053 us/xform  median=     0.053  sd=  0.07%     33.41 GF/s  setup=0.000 s
d1_composite             L=60  B=512   m=1     inner=970    min=     0.053 us/xform  median=     0.053  sd=  0.04%     33.21 GF/s  setup=0.000 s
d1_planner               L=60  B=512   m=1     inner=1464   min=     0.052 us/xform  median=     0.052  sd=  0.10%     33.94 GF/s  setup=0.000 s
d1_planner               L=60  B=512   m=1     inner=1172   min=     0.052 us/xform  median=     0.052  sd=  0.06%     33.96 GF/s  setup=0.000 s
d1_planner               L=60  B=512   m=1     inner=1122   min=     0.056 us/xform  median=     0.056  sd=  0.07%     31.79 GF/s  setup=0.000 s
d1_planner               L=60  B=512   m=1     inner=1416   min=     0.055 us/xform  median=     0.055  sd=  0.09%     32.37 GF/s  setup=0.000 s
d1_planner               L=60  B=512   m=1     inner=1434   min=     0.054 us/xform  median=     0.054  sd=  0.05%     33.08 GF/s  setup=0.000 s
d1_planner               L=60  B=512   m=1     inner=1174   min=     0.050 us/xform  median=     0.050  sd=  0.04%     35.23 GF/s  setup=0.000 s
d1_planner               L=60  B=512   m=1     inner=1102   min=     0.055 us/xform  median=     0.055  sd=  0.14%     32.26 GF/s  setup=0.000 s
d1_planner               L=60  B=512   m=1     inner=1132   min=     0.052 us/xform  median=     0.052  sd=  0.06%     34.01 GF/s  setup=0.000 s
d1_planner               L=60  B=512   m=1     inner=1484   min=     0.045 us/xform  median=     0.046  sd=  7.41%     39.31 GF/s  setup=0.000 s
d1_race                  L=60  B=512   m=1     inner=1746   min=     0.044 us/xform  median=     0.044  sd=  0.04%     39.93 GF/s  setup=3.470 s
d1_race                  L=60  B=512   m=1     inner=1394   min=     0.055 us/xform  median=     0.055  sd=  0.13%     31.97 GF/s  setup=0.010 s
d1_race                  L=60  B=512   m=1     inner=1622   min=     0.048 us/xform  median=     0.048  sd=  0.08%     37.23 GF/s  setup=0.015 s
d1_race                  L=60  B=512   m=1     inner=1678   min=     0.046 us/xform  median=     0.046  sd=  0.03%     38.54 GF/s  setup=0.011 s
d1_race                  L=60  B=512   m=1     inner=1692   min=     0.046 us/xform  median=     0.046  sd=  0.07%     38.62 GF/s  setup=0.007 s
d1_race                  L=60  B=512   m=1     inner=1654   min=     0.047 us/xform  median=     0.047  sd=  0.07%     38.02 GF/s  setup=0.007 s
d1_race                  L=60  B=512   m=1     inner=855    min=     0.045 us/xform  median=     0.045  sd=  0.07%     39.06 GF/s  setup=0.006 s
d1_race                  L=60  B=512   m=1     inner=1734   min=     0.044 us/xform  median=     0.044  sd=  0.03%     39.85 GF/s  setup=0.006 s
d1_race                  L=60  B=512   m=1     inner=1698   min=     0.046 us/xform  median=     0.046  sd=  0.03%     38.65 GF/s  setup=0.006 s
d1_twiddle               L=60  B=512   m=1     inner=902    min=     0.086 us/xform  median=     0.090  sd=  1.66%     20.57 GF/s  setup=0.000 s
d1_twiddle               L=60  B=512   m=1     inner=668    min=     0.078 us/xform  median=     0.079  sd=  0.33%     22.59 GF/s  setup=0.001 s
d1_twiddle               L=60  B=512   m=1     inner=696    min=     0.085 us/xform  median=     0.086  sd=  0.34%     20.77 GF/s  setup=0.000 s
d1_twiddle               L=60  B=512   m=1     inner=670    min=     0.077 us/xform  median=     0.077  sd=  0.14%     22.98 GF/s  setup=0.000 s
d1_twiddle               L=60  B=512   m=1     inner=696    min=     0.078 us/xform  median=     0.078  sd=  0.10%     22.86 GF/s  setup=0.000 s
d1_twiddle               L=60  B=512   m=1     inner=682    min=     0.085 us/xform  median=     0.086  sd=  0.29%     20.75 GF/s  setup=0.000 s
d1_twiddle               L=60  B=512   m=1     inner=712    min=     0.087 us/xform  median=     0.087  sd=  0.13%     20.29 GF/s  setup=0.000 s
d1_twiddle               L=60  B=512   m=1     inner=448    min=     0.087 us/xform  median=     0.088  sd=  0.16%     20.29 GF/s  setup=0.000 s
d1_twiddle               L=60  B=512   m=1     inner=682    min=     0.086 us/xform  median=     0.086  sd=  0.22%     20.56 GF/s  setup=0.001 s
fftw1d_custom            L=60  B=512   m=1     inner=300    min=     0.237 us/xform  median=     0.237  sd=  0.59%      7.49 GF/s  setup=0.000 s
fftw1d_custom            L=60  B=512   m=1     inner=220    min=     0.296 us/xform  median=     0.326  sd=  2.96%      5.98 GF/s  setup=0.000 s
fftw1d_custom            L=60  B=512   m=1     inner=194    min=     0.242 us/xform  median=     0.242  sd=  2.24%      7.32 GF/s  setup=0.000 s
fftw1d_custom            L=60  B=512   m=1     inner=226    min=     0.238 us/xform  median=     0.238  sd=  0.05%      7.45 GF/s  setup=0.000 s
fftw1d_custom            L=60  B=512   m=1     inner=328    min=     0.237 us/xform  median=     0.237  sd=  0.02%      7.48 GF/s  setup=0.000 s
fftw1d_custom            L=60  B=512   m=1     inner=216    min=     0.294 us/xform  median=     0.318  sd=  2.39%      6.02 GF/s  setup=0.000 s
fftw1d_custom            L=60  B=512   m=1     inner=210    min=     0.237 us/xform  median=     0.237  sd=  1.94%      7.49 GF/s  setup=0.000 s
fftw1d_custom            L=60  B=512   m=1     inner=210    min=     0.242 us/xform  median=     0.243  sd=  0.25%      7.32 GF/s  setup=0.000 s
fftw1d_custom            L=60  B=512   m=1     inner=228    min=     0.236 us/xform  median=     0.237  sd=  0.04%      7.49 GF/s  setup=0.000 s
fftw1d_custom_soa        L=60  B=512   m=1     inner=372    min=     0.224 us/xform  median=     0.244  sd=  2.63%      7.92 GF/s  setup=0.000 s
fftw1d_custom_soa        L=60  B=512   m=1     inner=260    min=     0.195 us/xform  median=     0.195  sd=  2.26%      9.08 GF/s  setup=0.000 s
fftw1d_custom_soa        L=60  B=512   m=1     inner=402    min=     0.193 us/xform  median=     0.193  sd=  0.02%      9.18 GF/s  setup=0.000 s
fftw1d_custom_soa        L=60  B=512   m=1     inner=406    min=     0.190 us/xform  median=     0.191  sd=  0.02%      9.30 GF/s  setup=0.000 s
fftw1d_custom_soa        L=60  B=512   m=1     inner=390    min=     0.192 us/xform  median=     0.192  sd=  0.03%      9.23 GF/s  setup=0.000 s
fftw1d_custom_soa        L=60  B=512   m=1     inner=288    min=     0.188 us/xform  median=     0.188  sd=  0.03%      9.42 GF/s  setup=0.000 s
fftw1d_custom_soa        L=60  B=512   m=1     inner=308    min=     0.222 us/xform  median=     0.243  sd=  2.63%      7.99 GF/s  setup=0.000 s
fftw1d_custom_soa        L=60  B=512   m=1     inner=252    min=     0.216 us/xform  median=     0.216  sd=  0.99%      8.22 GF/s  setup=0.000 s
fftw1d_custom_soa        L=60  B=512   m=1     inner=288    min=     0.215 us/xform  median=     0.221  sd=  0.83%      8.23 GF/s  setup=0.000 s
fftw1d_estimate          L=60  B=512   m=1     inner=764    min=     0.099 us/xform  median=     0.100  sd=  0.71%     17.98 GF/s  setup=0.001 s
fftw1d_estimate          L=60  B=512   m=1     inner=774    min=     0.086 us/xform  median=     0.099  sd=  5.92%     20.66 GF/s  setup=0.001 s
fftw1d_estimate          L=60  B=512   m=1     inner=620    min=     0.099 us/xform  median=     0.101  sd=  0.67%     17.81 GF/s  setup=0.001 s
fftw1d_estimate          L=60  B=512   m=1     inner=610    min=     0.086 us/xform  median=     0.087  sd=  0.37%     20.54 GF/s  setup=0.001 s
fftw1d_estimate          L=60  B=512   m=1     inner=630    min=     0.086 us/xform  median=     0.086  sd=  0.08%     20.61 GF/s  setup=0.001 s
fftw1d_estimate          L=60  B=512   m=1     inner=916    min=     0.085 us/xform  median=     0.085  sd=  0.05%     20.83 GF/s  setup=0.001 s
fftw1d_estimate          L=60  B=512   m=1     inner=892    min=     0.087 us/xform  median=     0.087  sd=  0.09%     20.46 GF/s  setup=0.001 s
fftw1d_estimate          L=60  B=512   m=1     inner=886    min=     0.087 us/xform  median=     0.087  sd=  0.05%     20.28 GF/s  setup=0.001 s
fftw1d_estimate          L=60  B=512   m=1     inner=600    min=     0.098 us/xform  median=     0.100  sd=  0.68%     18.07 GF/s  setup=0.001 s
fftw1d_measure           L=60  B=512   m=1     inner=950    min=     0.080 us/xform  median=     0.080  sd=  0.06%     22.12 GF/s  setup=0.047 s
fftw1d_measure           L=60  B=512   m=1     inner=351    min=     0.108 us/xform  median=     0.111  sd=  1.20%     16.39 GF/s  setup=0.047 s
fftw1d_measure           L=60  B=512   m=1     inner=990    min=     0.078 us/xform  median=     0.078  sd=  0.04%     22.66 GF/s  setup=0.046 s
fftw1d_measure           L=60  B=512   m=1     inner=702    min=     0.089 us/xform  median=     0.095  sd= 10.12%     19.85 GF/s  setup=0.046 s
fftw1d_measure           L=60  B=512   m=1     inner=900    min=     0.086 us/xform  median=     0.086  sd=  0.04%     20.58 GF/s  setup=0.045 s
fftw1d_measure           L=60  B=512   m=1     inner=1102   min=     0.070 us/xform  median=     0.070  sd=  0.03%     25.15 GF/s  setup=0.046 s
fftw1d_measure           L=60  B=512   m=1     inner=1114   min=     0.070 us/xform  median=     0.070  sd=  0.05%     25.45 GF/s  setup=0.045 s
fftw1d_measure           L=60  B=512   m=1     inner=752    min=     0.104 us/xform  median=     0.106  sd=  0.73%     17.08 GF/s  setup=0.047 s
fftw1d_measure           L=60  B=512   m=1     inner=744    min=     0.104 us/xform  median=     0.104  sd=  0.09%     17.00 GF/s  setup=0.047 s
fftw1d_patient           L=60  B=512   m=1     inner=1014   min=     0.076 us/xform  median=     0.076  sd=  0.10%     23.28 GF/s  setup=0.437 s
fftw1d_patient           L=60  B=512   m=1     inner=1096   min=     0.071 us/xform  median=     0.071  sd=  0.05%     24.97 GF/s  setup=0.393 s
fftw1d_patient           L=60  B=512   m=1     inner=1014   min=     0.076 us/xform  median=     0.076  sd=  0.05%     23.44 GF/s  setup=0.440 s
fftw1d_patient           L=60  B=512   m=1     inner=1056   min=     0.074 us/xform  median=     0.074  sd=  0.04%     24.08 GF/s  setup=0.447 s
fftw1d_patient           L=60  B=512   m=1     inner=1002   min=     0.077 us/xform  median=     0.077  sd=  0.07%     22.90 GF/s  setup=0.465 s
fftw1d_patient           L=60  B=512   m=1     inner=1038   min=     0.074 us/xform  median=     0.074  sd=  0.02%     23.91 GF/s  setup=0.436 s
fftw1d_patient           L=60  B=512   m=1     inner=1124   min=     0.069 us/xform  median=     0.069  sd=  0.05%     25.69 GF/s  setup=0.429 s
fftw1d_patient           L=60  B=512   m=1     inner=1000   min=     0.078 us/xform  median=     0.078  sd=  0.09%     22.86 GF/s  setup=0.441 s
fftw1d_patient           L=60  B=512   m=1     inner=1112   min=     0.070 us/xform  median=     0.070  sd=  0.06%     25.36 GF/s  setup=0.390 s
mkl1d_dfti               L=60  B=512   m=1     inner=1678   min=     0.043 us/xform  median=     0.043  sd=  0.76%     40.86 GF/s  setup=0.002 s
mkl1d_dfti               L=60  B=512   m=1     inner=1228   min=     0.049 us/xform  median=     0.050  sd=  0.52%     35.82 GF/s  setup=0.002 s
mkl1d_dfti               L=60  B=512   m=1     inner=1010   min=     0.061 us/xform  median=     0.061  sd=  0.05%     29.22 GF/s  setup=0.002 s
mkl1d_dfti               L=60  B=512   m=1     inner=1248   min=     0.052 us/xform  median=     0.052  sd=  0.06%     34.02 GF/s  setup=0.002 s
mkl1d_dfti               L=60  B=512   m=1     inner=1138   min=     0.054 us/xform  median=     0.054  sd=  0.11%     33.10 GF/s  setup=0.002 s
mkl1d_dfti               L=60  B=512   m=1     inner=1394   min=     0.055 us/xform  median=     0.055  sd=  0.04%     32.20 GF/s  setup=0.001 s
mkl1d_dfti               L=60  B=512   m=1     inner=1456   min=     0.053 us/xform  median=     0.053  sd=  0.11%     33.32 GF/s  setup=0.001 s
mkl1d_dfti               L=60  B=512   m=1     inner=1110   min=     0.046 us/xform  median=     0.046  sd=  0.89%     38.77 GF/s  setup=0.002 s
mkl1d_dfti               L=60  B=512   m=1     inner=1728   min=     0.045 us/xform  median=     0.045  sd=  0.18%     39.65 GF/s  setup=0.001 s
baseline_dft             L=64  B=512   m=1     inner=8      min=     8.486 us/xform  median=     8.487  sd=  0.02%      0.23 GF/s  setup=0.000 s
baseline_dft             L=64  B=512   m=1     inner=8      min=     8.485 us/xform  median=     8.485  sd=  0.01%      0.23 GF/s  setup=0.000 s
baseline_dft             L=64  B=512   m=1     inner=8      min=     8.486 us/xform  median=     8.487  sd=  0.01%      0.23 GF/s  setup=0.000 s
baseline_dft             L=64  B=512   m=1     inner=8      min=     8.485 us/xform  median=     8.485  sd=  0.02%      0.23 GF/s  setup=0.000 s
baseline_dft             L=64  B=512   m=1     inner=8      min=     8.485 us/xform  median=     8.486  sd=  0.00%      0.23 GF/s  setup=0.000 s
baseline_dft             L=64  B=512   m=1     inner=8      min=     8.485 us/xform  median=     8.485  sd=  0.02%      0.23 GF/s  setup=0.000 s
baseline_dft             L=64  B=512   m=1     inner=8      min=     8.486 us/xform  median=     8.487  sd=  0.02%      0.23 GF/s  setup=0.000 s
baseline_dft             L=64  B=512   m=1     inner=8      min=     8.485 us/xform  median=     8.486  sd=  0.01%      0.23 GF/s  setup=0.000 s
baseline_dft             L=64  B=512   m=1     inner=8      min=     8.485 us/xform  median=     8.486  sd=  0.01%      0.23 GF/s  setup=0.000 s
d1_batchlane             L=64  B=512   m=1     inner=1038   min=     0.037 us/xform  median=     0.037  sd=  2.64%     52.00 GF/s  setup=0.000 s
d1_batchlane             L=64  B=512   m=1     inner=2084   min=     0.037 us/xform  median=     0.037  sd=  0.08%     51.53 GF/s  setup=0.000 s
d1_batchlane             L=64  B=512   m=1     inner=1400   min=     0.044 us/xform  median=     0.048  sd=  3.56%     43.99 GF/s  setup=0.000 s
d1_batchlane             L=64  B=512   m=1     inner=1126   min=     0.050 us/xform  median=     0.050  sd=  0.08%     38.16 GF/s  setup=0.000 s
d1_batchlane             L=64  B=512   m=1     inner=767    min=     0.052 us/xform  median=     0.052  sd=  0.18%     36.99 GF/s  setup=0.000 s
d1_batchlane             L=64  B=512   m=1     inner=668    min=     0.045 us/xform  median=     0.046  sd=  5.08%     42.31 GF/s  setup=0.000 s
d1_batchlane             L=64  B=512   m=1     inner=1300   min=     0.046 us/xform  median=     0.046  sd=  0.12%     41.75 GF/s  setup=0.000 s
d1_batchlane             L=64  B=512   m=1     inner=1342   min=     0.043 us/xform  median=     0.043  sd=  0.11%     44.79 GF/s  setup=0.000 s
d1_batchlane             L=64  B=512   m=1     inner=1812   min=     0.043 us/xform  median=     0.043  sd=  0.22%     44.81 GF/s  setup=0.000 s
d1_bluestein             L=64  B=512   m=1     inner=562    min=     0.137 us/xform  median=     0.137  sd=  0.12%     14.02 GF/s  setup=0.001 s
d1_bluestein             L=64  B=512   m=1     inner=372    min=     0.163 us/xform  median=     0.164  sd=  0.10%     11.75 GF/s  setup=0.001 s
d1_bluestein             L=64  B=512   m=1     inner=452    min=     0.138 us/xform  median=     0.138  sd=  0.09%     13.93 GF/s  setup=0.001 s
d1_bluestein             L=64  B=512   m=1     inner=440    min=     0.142 us/xform  median=     0.142  sd=  0.08%     13.51 GF/s  setup=0.001 s
d1_bluestein             L=64  B=512   m=1     inner=243    min=     0.160 us/xform  median=     0.160  sd=  0.15%     11.99 GF/s  setup=0.001 s
d1_bluestein             L=64  B=512   m=1     inner=410    min=     0.146 us/xform  median=     0.146  sd=  0.10%     13.12 GF/s  setup=0.001 s
d1_bluestein             L=64  B=512   m=1     inner=442    min=     0.141 us/xform  median=     0.141  sd=  0.05%     13.65 GF/s  setup=0.001 s
d1_bluestein             L=64  B=512   m=1     inner=400    min=     0.152 us/xform  median=     0.153  sd=  0.18%     12.60 GF/s  setup=0.001 s
d1_bluestein             L=64  B=512   m=1     inner=444    min=     0.141 us/xform  median=     0.141  sd=  0.07%     13.59 GF/s  setup=0.001 s
d1_planner               L=64  B=512   m=1     inner=1652   min=     0.045 us/xform  median=     0.045  sd=  0.07%     42.98 GF/s  setup=0.000 s
d1_planner               L=64  B=512   m=1     inner=644    min=     0.047 us/xform  median=     0.047  sd=  0.72%     41.27 GF/s  setup=0.000 s
d1_planner               L=64  B=512   m=1     inner=1654   min=     0.046 us/xform  median=     0.046  sd=  0.07%     41.60 GF/s  setup=0.000 s
d1_planner               L=64  B=512   m=1     inner=1736   min=     0.044 us/xform  median=     0.044  sd=  0.10%     43.29 GF/s  setup=0.000 s
d1_planner               L=64  B=512   m=1     inner=1628   min=     0.038 us/xform  median=     0.040  sd= 10.72%     50.84 GF/s  setup=0.000 s
d1_planner               L=64  B=512   m=1     inner=1358   min=     0.043 us/xform  median=     0.045  sd=  3.00%     44.93 GF/s  setup=0.000 s
d1_planner               L=64  B=512   m=1     inner=1268   min=     0.038 us/xform  median=     0.038  sd=  2.24%     50.38 GF/s  setup=0.000 s
d1_planner               L=64  B=512   m=1     inner=1346   min=     0.043 us/xform  median=     0.045  sd=  4.14%     44.69 GF/s  setup=0.000 s
d1_planner               L=64  B=512   m=1     inner=1322   min=     0.038 us/xform  median=     0.038  sd=  1.54%     50.45 GF/s  setup=0.000 s
d1_pow2                  L=64  B=512   m=1     inner=1824   min=     0.043 us/xform  median=     0.045  sd=  2.23%     44.92 GF/s  setup=0.000 s
d1_pow2                  L=64  B=512   m=1     inner=1616   min=     0.047 us/xform  median=     0.047  sd=  0.12%     40.62 GF/s  setup=0.001 s
d1_pow2                  L=64  B=512   m=1     inner=1314   min=     0.046 us/xform  median=     0.046  sd=  0.06%     42.03 GF/s  setup=0.001 s
d1_pow2                  L=64  B=512   m=1     inner=1690   min=     0.045 us/xform  median=     0.046  sd=  0.12%     42.27 GF/s  setup=0.000 s
d1_pow2                  L=64  B=512   m=1     inner=1294   min=     0.050 us/xform  median=     0.050  sd=  0.07%     38.69 GF/s  setup=0.001 s
d1_pow2                  L=64  B=512   m=1     inner=1584   min=     0.048 us/xform  median=     0.048  sd=  0.08%     40.30 GF/s  setup=0.001 s
d1_pow2                  L=64  B=512   m=1     inner=1598   min=     0.041 us/xform  median=     0.048  sd=  3.99%     46.44 GF/s  setup=0.001 s
d1_pow2                  L=64  B=512   m=1     inner=1406   min=     0.042 us/xform  median=     0.042  sd=  0.12%     45.89 GF/s  setup=0.000 s
d1_pow2                  L=64  B=512   m=1     inner=1238   min=     0.047 us/xform  median=     0.047  sd=  0.12%     40.88 GF/s  setup=0.001 s
d1_race                  L=64  B=512   m=1     inner=2002   min=     0.039 us/xform  median=     0.039  sd=  0.06%     49.64 GF/s  setup=2.826 s
d1_race                  L=64  B=512   m=1     inner=2086   min=     0.037 us/xform  median=     0.037  sd=  0.06%     51.49 GF/s  setup=0.010 s
d1_race                  L=64  B=512   m=1     inner=1778   min=     0.037 us/xform  median=     0.044  sd=  6.55%     51.32 GF/s  setup=0.013 s
d1_race                  L=64  B=512   m=1     inner=1446   min=     0.053 us/xform  median=     0.053  sd=  0.08%     36.16 GF/s  setup=0.010 s
d1_race                  L=64  B=512   m=1     inner=2000   min=     0.039 us/xform  median=     0.039  sd=  0.06%     49.56 GF/s  setup=0.009 s
d1_race                  L=64  B=512   m=1     inner=2030   min=     0.038 us/xform  median=     0.038  sd=  0.07%     50.62 GF/s  setup=0.007 s
d1_race                  L=64  B=512   m=1     inner=1804   min=     0.043 us/xform  median=     0.043  sd=  0.05%     44.86 GF/s  setup=0.010 s
d1_race                  L=64  B=512   m=1     inner=2028   min=     0.038 us/xform  median=     0.038  sd=  0.03%     51.10 GF/s  setup=0.009 s
d1_race                  L=64  B=512   m=1     inner=1984   min=     0.039 us/xform  median=     0.039  sd=  0.05%     49.07 GF/s  setup=0.007 s
d1_twiddle               L=64  B=512   m=1     inner=1798   min=     0.042 us/xform  median=     0.042  sd=  0.33%     45.66 GF/s  setup=0.000 s
d1_twiddle               L=64  B=512   m=1     inner=1378   min=     0.044 us/xform  median=     0.044  sd=  0.13%     43.71 GF/s  setup=0.001 s
d1_twiddle               L=64  B=512   m=1     inner=1578   min=     0.048 us/xform  median=     0.048  sd=  0.15%     39.90 GF/s  setup=0.001 s
d1_twiddle               L=64  B=512   m=1     inner=1550   min=     0.049 us/xform  median=     0.049  sd=  0.08%     38.99 GF/s  setup=0.001 s
d1_twiddle               L=64  B=512   m=1     inner=1526   min=     0.038 us/xform  median=     0.040  sd= 12.37%     50.13 GF/s  setup=0.001 s
d1_twiddle               L=64  B=512   m=1     inner=1326   min=     0.038 us/xform  median=     0.038  sd=  0.08%     51.00 GF/s  setup=0.000 s
d1_twiddle               L=64  B=512   m=1     inner=1474   min=     0.042 us/xform  median=     0.042  sd=  0.09%     45.78 GF/s  setup=0.000 s
d1_twiddle               L=64  B=512   m=1     inner=1822   min=     0.043 us/xform  median=     0.043  sd=  0.07%     45.06 GF/s  setup=0.000 s
d1_twiddle               L=64  B=512   m=1     inner=1850   min=     0.042 us/xform  median=     0.042  sd=  0.11%     45.72 GF/s  setup=0.000 s
fftw1d_custom            L=64  B=512   m=1     inner=274    min=     0.269 us/xform  median=     0.269  sd=  0.44%      7.14 GF/s  setup=0.000 s
fftw1d_custom            L=64  B=512   m=1     inner=198    min=     0.319 us/xform  median=     0.331  sd=  1.10%      6.01 GF/s  setup=0.000 s
fftw1d_custom            L=64  B=512   m=1     inner=266    min=     0.261 us/xform  median=     0.262  sd=  0.09%      7.34 GF/s  setup=0.000 s
fftw1d_custom            L=64  B=512   m=1     inner=288    min=     0.261 us/xform  median=     0.262  sd=  0.03%      7.34 GF/s  setup=0.000 s
fftw1d_custom            L=64  B=512   m=1     inner=202    min=     0.326 us/xform  median=     0.328  sd=  0.12%      5.89 GF/s  setup=0.000 s
fftw1d_custom            L=64  B=512   m=1     inner=119    min=     0.327 us/xform  median=     0.327  sd=  0.39%      5.87 GF/s  setup=0.000 s
fftw1d_custom            L=64  B=512   m=1     inner=186    min=     0.270 us/xform  median=     0.270  sd=  0.20%      7.11 GF/s  setup=0.000 s
fftw1d_custom            L=64  B=512   m=1     inner=196    min=     0.262 us/xform  median=     0.262  sd=  0.08%      7.33 GF/s  setup=0.000 s
fftw1d_custom            L=64  B=512   m=1     inner=196    min=     0.263 us/xform  median=     0.263  sd=  0.11%      7.31 GF/s  setup=0.000 s
fftw1d_custom_soa        L=64  B=512   m=1     inner=179    min=     0.212 us/xform  median=     0.212  sd=  2.12%      9.08 GF/s  setup=0.000 s
fftw1d_custom_soa        L=64  B=512   m=1     inner=260    min=     0.217 us/xform  median=     0.217  sd=  0.06%      8.83 GF/s  setup=0.000 s
fftw1d_custom_soa        L=64  B=512   m=1     inner=356    min=     0.219 us/xform  median=     0.219  sd=  0.03%      8.79 GF/s  setup=0.000 s
fftw1d_custom_soa        L=64  B=512   m=1     inner=264    min=     0.211 us/xform  median=     0.211  sd=  0.10%      9.10 GF/s  setup=0.000 s
fftw1d_custom_soa        L=64  B=512   m=1     inner=368    min=     0.210 us/xform  median=     0.210  sd=  0.02%      9.16 GF/s  setup=0.000 s
fftw1d_custom_soa        L=64  B=512   m=1     inner=366    min=     0.211 us/xform  median=     0.211  sd=  0.07%      9.10 GF/s  setup=0.000 s
fftw1d_custom_soa        L=64  B=512   m=1     inner=368    min=     0.211 us/xform  median=     0.211  sd=  0.03%      9.12 GF/s  setup=0.000 s
fftw1d_custom_soa        L=64  B=512   m=1     inner=366    min=     0.211 us/xform  median=     0.211  sd=  0.05%      9.11 GF/s  setup=0.000 s
fftw1d_custom_soa        L=64  B=512   m=1     inner=366    min=     0.211 us/xform  median=     0.211  sd=  0.02%      9.10 GF/s  setup=0.000 s
fftw1d_estimate          L=64  B=512   m=1     inner=356    min=     0.218 us/xform  median=     0.221  sd=  0.47%      8.79 GF/s  setup=0.001 s
fftw1d_estimate          L=64  B=512   m=1     inner=264    min=     0.234 us/xform  median=     0.235  sd=  0.09%      8.19 GF/s  setup=0.001 s
fftw1d_estimate          L=64  B=512   m=1     inner=272    min=     0.227 us/xform  median=     0.228  sd=  0.16%      8.44 GF/s  setup=0.001 s
fftw1d_estimate          L=64  B=512   m=1     inner=266    min=     0.192 us/xform  median=     0.192  sd=  0.23%     10.01 GF/s  setup=0.001 s
fftw1d_estimate          L=64  B=512   m=1     inner=358    min=     0.218 us/xform  median=     0.221  sd=  0.47%      8.79 GF/s  setup=0.001 s
fftw1d_estimate          L=64  B=512   m=1     inner=346    min=     0.193 us/xform  median=     0.193  sd=  3.82%      9.97 GF/s  setup=0.001 s
fftw1d_estimate          L=64  B=512   m=1     inner=372    min=     0.192 us/xform  median=     0.193  sd=  0.07%      9.98 GF/s  setup=0.000 s
fftw1d_estimate          L=64  B=512   m=1     inner=282    min=     0.220 us/xform  median=     0.223  sd=  0.56%      8.73 GF/s  setup=0.001 s
fftw1d_estimate          L=64  B=512   m=1     inner=328    min=     0.234 us/xform  median=     0.234  sd=  0.29%      8.22 GF/s  setup=0.001 s
fftw1d_measure           L=64  B=512   m=1     inner=968    min=     0.077 us/xform  median=     0.078  sd=  0.21%     24.84 GF/s  setup=0.028 s
fftw1d_measure           L=64  B=512   m=1     inner=808    min=     0.068 us/xform  median=     0.068  sd=  5.79%     28.18 GF/s  setup=0.028 s
fftw1d_measure           L=64  B=512   m=1     inner=1090   min=     0.065 us/xform  median=     0.065  sd=  0.05%     29.60 GF/s  setup=0.026 s
fftw1d_measure           L=64  B=512   m=1     inner=1106   min=     0.066 us/xform  median=     0.066  sd=  0.27%     28.99 GF/s  setup=0.026 s
fftw1d_measure           L=64  B=512   m=1     inner=1088   min=     0.067 us/xform  median=     0.067  sd=  0.09%     28.60 GF/s  setup=0.026 s
fftw1d_measure           L=64  B=512   m=1     inner=1058   min=     0.068 us/xform  median=     0.068  sd=  0.05%     28.07 GF/s  setup=0.026 s
fftw1d_measure           L=64  B=512   m=1     inner=526    min=     0.066 us/xform  median=     0.067  sd=  0.11%     28.91 GF/s  setup=0.026 s
fftw1d_measure           L=64  B=512   m=1     inner=944    min=     0.084 us/xform  median=     0.090  sd=  1.85%     22.73 GF/s  setup=0.029 s
fftw1d_measure           L=64  B=512   m=1     inner=796    min=     0.098 us/xform  median=     0.098  sd=  0.04%     19.65 GF/s  setup=0.029 s
fftw1d_patient           L=64  B=512   m=1     inner=948    min=     0.081 us/xform  median=     0.081  sd=  0.14%     23.70 GF/s  setup=0.243 s
fftw1d_patient           L=64  B=512   m=1     inner=848    min=     0.085 us/xform  median=     0.086  sd=  0.09%     22.49 GF/s  setup=0.261 s
fftw1d_patient           L=64  B=512   m=1     inner=936    min=     0.075 us/xform  median=     0.075  sd=  0.11%     25.62 GF/s  setup=0.244 s
fftw1d_patient           L=64  B=512   m=1     inner=1102   min=     0.064 us/xform  median=     0.065  sd=  0.20%     29.78 GF/s  setup=0.222 s
fftw1d_patient           L=64  B=512   m=1     inner=962    min=     0.079 us/xform  median=     0.079  sd=  0.16%     24.35 GF/s  setup=0.245 s
fftw1d_patient           L=64  B=512   m=1     inner=934    min=     0.065 us/xform  median=     0.076  sd=  7.67%     29.37 GF/s  setup=0.245 s
fftw1d_patient           L=64  B=512   m=1     inner=968    min=     0.067 us/xform  median=     0.077  sd=  3.73%     28.52 GF/s  setup=0.247 s
fftw1d_patient           L=64  B=512   m=1     inner=1050   min=     0.069 us/xform  median=     0.069  sd=  0.08%     27.83 GF/s  setup=0.218 s
fftw1d_patient           L=64  B=512   m=1     inner=1096   min=     0.066 us/xform  median=     0.066  sd=  0.15%     29.04 GF/s  setup=0.214 s
mkl1d_dfti               L=64  B=512   m=1     inner=1574   min=     0.045 us/xform  median=     0.051  sd=  4.12%     42.30 GF/s  setup=0.002 s
mkl1d_dfti               L=64  B=512   m=1     inner=794    min=     0.048 us/xform  median=     0.048  sd=  0.09%     40.26 GF/s  setup=0.002 s
mkl1d_dfti               L=64  B=512   m=1     inner=1476   min=     0.052 us/xform  median=     0.052  sd=  0.07%     37.11 GF/s  setup=0.002 s
mkl1d_dfti               L=64  B=512   m=1     inner=928    min=     0.043 us/xform  median=     0.043  sd=  5.30%     44.93 GF/s  setup=0.002 s
mkl1d_dfti               L=64  B=512   m=1     inner=1452   min=     0.043 us/xform  median=     0.046  sd=  2.40%     44.62 GF/s  setup=0.001 s
mkl1d_dfti               L=64  B=512   m=1     inner=1222   min=     0.040 us/xform  median=     0.040  sd=  2.87%     48.00 GF/s  setup=0.002 s
mkl1d_dfti               L=64  B=512   m=1     inner=1478   min=     0.045 us/xform  median=     0.049  sd=  3.42%     42.97 GF/s  setup=0.002 s
mkl1d_dfti               L=64  B=512   m=1     inner=1124   min=     0.041 us/xform  median=     0.041  sd=  3.69%     46.56 GF/s  setup=0.002 s
mkl1d_dfti               L=64  B=512   m=1     inner=1398   min=     0.046 us/xform  median=     0.054  sd=  6.45%     41.77 GF/s  setup=0.001 s
   skipping baseline_dft at L=128 B=512 (too expensive to be informative)
d1_batchlane             L=128 B=512   m=1     inner=230    min=     0.168 us/xform  median=     0.169  sd=  0.22%     26.73 GF/s  setup=0.000 s
d1_batchlane             L=128 B=512   m=1     inner=239    min=     0.161 us/xform  median=     0.163  sd=  4.14%     27.76 GF/s  setup=0.000 s
d1_batchlane             L=128 B=512   m=1     inner=233    min=     0.169 us/xform  median=     0.169  sd=  0.12%     26.52 GF/s  setup=0.000 s
d1_batchlane             L=128 B=512   m=1     inner=474    min=     0.164 us/xform  median=     0.164  sd=  0.25%     27.35 GF/s  setup=0.000 s
d1_batchlane             L=128 B=512   m=1     inner=384    min=     0.169 us/xform  median=     0.169  sd=  0.47%     26.58 GF/s  setup=0.000 s
d1_batchlane             L=128 B=512   m=1     inner=404    min=     0.170 us/xform  median=     0.170  sd=  0.06%     26.37 GF/s  setup=0.000 s
d1_batchlane             L=128 B=512   m=1     inner=332    min=     0.170 us/xform  median=     0.170  sd=  0.04%     26.33 GF/s  setup=0.000 s
d1_batchlane             L=128 B=512   m=1     inner=235    min=     0.167 us/xform  median=     0.168  sd=  0.09%     26.75 GF/s  setup=0.000 s
d1_batchlane             L=128 B=512   m=1     inner=400    min=     0.173 us/xform  median=     0.173  sd=  0.03%     25.89 GF/s  setup=0.000 s
d1_bluestein             L=128 B=512   m=1     inner=256    min=     0.289 us/xform  median=     0.289  sd=  0.71%     15.51 GF/s  setup=0.001 s
d1_bluestein             L=128 B=512   m=1     inner=292    min=     0.260 us/xform  median=     0.260  sd=  0.05%     17.24 GF/s  setup=0.001 s
d1_bluestein             L=128 B=512   m=1     inner=218    min=     0.293 us/xform  median=     0.357  sd=  6.89%     15.28 GF/s  setup=0.001 s
d1_bluestein             L=128 B=512   m=1     inner=100    min=     0.393 us/xform  median=     0.397  sd=  0.43%     11.40 GF/s  setup=0.001 s
d1_bluestein             L=128 B=512   m=1     inner=182    min=     0.325 us/xform  median=     0.325  sd=  0.85%     13.80 GF/s  setup=0.001 s
d1_bluestein             L=128 B=512   m=1     inner=188    min=     0.292 us/xform  median=     0.292  sd=  0.09%     15.33 GF/s  setup=0.001 s
d1_bluestein             L=128 B=512   m=1     inner=212    min=     0.356 us/xform  median=     0.382  sd=  3.06%     12.59 GF/s  setup=0.001 s
d1_bluestein             L=128 B=512   m=1     inner=210    min=     0.372 us/xform  median=     0.373  sd=  0.04%     12.03 GF/s  setup=0.001 s
d1_bluestein             L=128 B=512   m=1     inner=166    min=     0.443 us/xform  median=     0.443  sd=  0.07%     10.12 GF/s  setup=0.001 s
d1_planner               L=128 B=512   m=1     inner=328    min=     0.216 us/xform  median=     0.228  sd=  2.78%     20.74 GF/s  setup=0.000 s
d1_planner               L=128 B=512   m=1     inner=280    min=     0.235 us/xform  median=     0.277  sd=  5.57%     19.10 GF/s  setup=0.000 s
d1_planner               L=128 B=512   m=1     inner=232    min=     0.291 us/xform  median=     0.291  sd=  0.08%     15.41 GF/s  setup=0.000 s
d1_planner               L=128 B=512   m=1     inner=240    min=     0.274 us/xform  median=     0.274  sd=  0.07%     16.37 GF/s  setup=0.000 s
d1_planner               L=128 B=512   m=1     inner=242    min=     0.276 us/xform  median=     0.292  sd=  2.30%     16.22 GF/s  setup=0.000 s
d1_planner               L=128 B=512   m=1     inner=248    min=     0.290 us/xform  median=     0.291  sd=  0.18%     15.46 GF/s  setup=0.000 s
d1_planner               L=128 B=512   m=1     inner=244    min=     0.276 us/xform  median=     0.276  sd=  0.05%     16.24 GF/s  setup=0.000 s
d1_planner               L=128 B=512   m=1     inner=236    min=     0.215 us/xform  median=     0.215  sd=  3.46%     20.81 GF/s  setup=0.000 s
d1_planner               L=128 B=512   m=1     inner=260    min=     0.219 us/xform  median=     0.243  sd=  6.19%     20.45 GF/s  setup=0.000 s
d1_pow2                  L=128 B=512   m=1     inner=218    min=     0.183 us/xform  median=     0.184  sd=  0.09%     24.45 GF/s  setup=0.000 s
d1_pow2                  L=128 B=512   m=1     inner=370    min=     0.155 us/xform  median=     0.155  sd=  0.22%     28.95 GF/s  setup=0.001 s
d1_pow2                  L=128 B=512   m=1     inner=362    min=     0.188 us/xform  median=     0.188  sd=  0.07%     23.89 GF/s  setup=0.000 s
d1_pow2                  L=128 B=512   m=1     inner=410    min=     0.186 us/xform  median=     0.186  sd=  0.09%     24.14 GF/s  setup=0.000 s
d1_pow2                  L=128 B=512   m=1     inner=422    min=     0.185 us/xform  median=     0.186  sd=  0.17%     24.21 GF/s  setup=0.000 s
d1_pow2                  L=128 B=512   m=1     inner=410    min=     0.175 us/xform  median=     0.186  sd=  3.27%     25.55 GF/s  setup=0.000 s
d1_pow2                  L=128 B=512   m=1     inner=292    min=     0.171 us/xform  median=     0.172  sd=  0.16%     26.15 GF/s  setup=0.000 s
d1_pow2                  L=128 B=512   m=1     inner=332    min=     0.176 us/xform  median=     0.176  sd=  0.11%     25.52 GF/s  setup=0.000 s
d1_pow2                  L=128 B=512   m=1     inner=358    min=     0.175 us/xform  median=     0.176  sd=  0.17%     25.58 GF/s  setup=0.000 s
d1_race                  L=128 B=512   m=1     inner=250    min=     0.156 us/xform  median=     0.157  sd=  0.09%     28.63 GF/s  setup=2.076 s
d1_race                  L=128 B=512   m=1     inner=260    min=     0.151 us/xform  median=     0.151  sd=  0.08%     29.67 GF/s  setup=0.013 s
d1_race                  L=128 B=512   m=1     inner=234    min=     0.167 us/xform  median=     0.168  sd=  0.18%     26.76 GF/s  setup=0.009 s
d1_race                  L=128 B=512   m=1     inner=518    min=     0.150 us/xform  median=     0.151  sd=  0.10%     29.84 GF/s  setup=0.010 s
d1_race                  L=128 B=512   m=1     inner=464    min=     0.168 us/xform  median=     0.168  sd=  0.15%     26.70 GF/s  setup=0.009 s
d1_race                  L=128 B=512   m=1     inner=262    min=     0.152 us/xform  median=     0.152  sd=  0.03%     29.41 GF/s  setup=0.008 s
d1_race                  L=128 B=512   m=1     inner=235    min=     0.169 us/xform  median=     0.169  sd=  0.04%     26.53 GF/s  setup=0.008 s
d1_race                  L=128 B=512   m=1     inner=462    min=     0.166 us/xform  median=     0.167  sd=  0.09%     26.94 GF/s  setup=0.008 s
d1_race                  L=128 B=512   m=1     inner=514    min=     0.151 us/xform  median=     0.153  sd=  0.35%     29.58 GF/s  setup=0.008 s
d1_twiddle               L=128 B=512   m=1     inner=484    min=     0.166 us/xform  median=     0.173  sd=  1.18%     27.05 GF/s  setup=0.000 s
d1_twiddle               L=128 B=512   m=1     inner=402    min=     0.169 us/xform  median=     0.169  sd=  0.05%     26.48 GF/s  setup=0.000 s
d1_twiddle               L=128 B=512   m=1     inner=368    min=     0.176 us/xform  median=     0.176  sd=  0.03%     25.51 GF/s  setup=0.000 s
d1_twiddle               L=128 B=512   m=1     inner=348    min=     0.164 us/xform  median=     0.167  sd=  0.57%     27.37 GF/s  setup=0.000 s
d1_twiddle               L=128 B=512   m=1     inner=238    min=     0.165 us/xform  median=     0.165  sd=  3.84%     27.18 GF/s  setup=0.000 s
d1_twiddle               L=128 B=512   m=1     inner=412    min=     0.172 us/xform  median=     0.172  sd=  0.04%     26.03 GF/s  setup=0.000 s
d1_twiddle               L=128 B=512   m=1     inner=368    min=     0.169 us/xform  median=     0.170  sd=  0.16%     26.49 GF/s  setup=0.000 s
d1_twiddle               L=128 B=512   m=1     inner=342    min=     0.171 us/xform  median=     0.171  sd=  0.06%     26.27 GF/s  setup=0.000 s
d1_twiddle               L=128 B=512   m=1     inner=472    min=     0.165 us/xform  median=     0.166  sd=  0.24%     27.14 GF/s  setup=0.000 s
fftw1d_custom            L=128 B=512   m=1     inner=49     min=     0.767 us/xform  median=     0.769  sd=  1.79%      5.84 GF/s  setup=0.000 s
fftw1d_custom            L=128 B=512   m=1     inner=74     min=     0.913 us/xform  median=     0.944  sd=  0.94%      4.90 GF/s  setup=0.000 s
fftw1d_custom            L=128 B=512   m=1     inner=68     min=     0.731 us/xform  median=     0.732  sd=  1.21%      6.13 GF/s  setup=0.000 s
fftw1d_custom            L=128 B=512   m=1     inner=106    min=     0.730 us/xform  median=     0.731  sd=  0.08%      6.13 GF/s  setup=0.000 s
fftw1d_custom            L=128 B=512   m=1     inner=74     min=     0.904 us/xform  median=     0.949  sd=  1.44%      4.95 GF/s  setup=0.000 s
fftw1d_custom            L=128 B=512   m=1     inner=68     min=     1.019 us/xform  median=     1.074  sd=  1.49%      4.40 GF/s  setup=0.000 s
fftw1d_custom            L=128 B=512   m=1     inner=52     min=     0.767 us/xform  median=     0.769  sd=  6.14%      5.84 GF/s  setup=0.000 s
fftw1d_custom            L=128 B=512   m=1     inner=74     min=     0.917 us/xform  median=     0.944  sd=  0.98%      4.89 GF/s  setup=0.000 s
fftw1d_custom            L=128 B=512   m=1     inner=68     min=     1.075 us/xform  median=     1.076  sd=  0.17%      4.17 GF/s  setup=0.000 s
fftw1d_custom_soa        L=128 B=512   m=1     inner=128    min=     0.563 us/xform  median=     0.563  sd=  0.02%      7.96 GF/s  setup=0.000 s
fftw1d_custom_soa        L=128 B=512   m=1     inner=138    min=     0.564 us/xform  median=     0.564  sd=  0.01%      7.94 GF/s  setup=0.000 s
fftw1d_custom_soa        L=128 B=512   m=1     inner=138    min=     0.515 us/xform  median=     0.515  sd=  0.02%      8.70 GF/s  setup=0.000 s
fftw1d_custom_soa        L=128 B=512   m=1     inner=110    min=     0.569 us/xform  median=     0.570  sd=  0.23%      7.87 GF/s  setup=0.000 s
fftw1d_custom_soa        L=128 B=512   m=1     inner=110    min=     0.540 us/xform  median=     0.540  sd=  0.02%      8.29 GF/s  setup=0.000 s
fftw1d_custom_soa        L=128 B=512   m=1     inner=116    min=     0.514 us/xform  median=     0.515  sd=  0.02%      8.71 GF/s  setup=0.000 s
fftw1d_custom_soa        L=128 B=512   m=1     inner=150    min=     0.517 us/xform  median=     0.517  sd=  0.01%      8.67 GF/s  setup=0.000 s
fftw1d_custom_soa        L=128 B=512   m=1     inner=150    min=     0.516 us/xform  median=     0.516  sd=  0.01%      8.69 GF/s  setup=0.000 s
fftw1d_custom_soa        L=128 B=512   m=1     inner=76     min=     0.515 us/xform  median=     0.515  sd=  0.03%      8.71 GF/s  setup=0.000 s
fftw1d_estimate          L=128 B=512   m=1     inner=148    min=     0.535 us/xform  median=     0.667  sd=  8.44%      8.38 GF/s  setup=0.001 s
fftw1d_estimate          L=128 B=512   m=1     inner=104    min=     0.644 us/xform  median=     0.646  sd=  0.17%      6.96 GF/s  setup=0.001 s
fftw1d_estimate          L=128 B=512   m=1     inner=102    min=     0.643 us/xform  median=     0.645  sd=  0.19%      6.96 GF/s  setup=0.001 s
fftw1d_estimate          L=128 B=512   m=1     inner=96     min=     0.465 us/xform  median=     0.465  sd=  4.09%      9.64 GF/s  setup=0.001 s
fftw1d_estimate          L=128 B=512   m=1     inner=122    min=     0.458 us/xform  median=     0.459  sd=  0.06%      9.77 GF/s  setup=0.001 s
fftw1d_estimate          L=128 B=512   m=1     inner=118    min=     0.541 us/xform  median=     0.674  sd= 10.11%      8.28 GF/s  setup=0.001 s
fftw1d_estimate          L=128 B=512   m=1     inner=100    min=     0.458 us/xform  median=     0.459  sd=  3.13%      9.79 GF/s  setup=0.001 s
fftw1d_estimate          L=128 B=512   m=1     inner=114    min=     0.534 us/xform  median=     0.661  sd=  7.40%      8.39 GF/s  setup=0.001 s
fftw1d_estimate          L=128 B=512   m=1     inner=102    min=     0.646 us/xform  median=     0.650  sd=  0.30%      6.93 GF/s  setup=0.001 s
fftw1d_measure           L=128 B=512   m=1     inner=342    min=     0.234 us/xform  median=     0.234  sd=  0.06%     19.17 GF/s  setup=0.049 s
fftw1d_measure           L=128 B=512   m=1     inner=386    min=     0.193 us/xform  median=     0.193  sd=  0.03%     23.19 GF/s  setup=0.050 s
fftw1d_measure           L=128 B=512   m=1     inner=209    min=     0.187 us/xform  median=     0.187  sd=  0.04%     23.92 GF/s  setup=0.046 s
fftw1d_measure           L=128 B=512   m=1     inner=342    min=     0.210 us/xform  median=     0.210  sd=  0.02%     21.37 GF/s  setup=0.050 s
fftw1d_measure           L=128 B=512   m=1     inner=184    min=     0.214 us/xform  median=     0.225  sd=  2.44%     20.96 GF/s  setup=0.050 s
fftw1d_measure           L=128 B=512   m=1     inner=298    min=     0.232 us/xform  median=     0.232  sd=  1.51%     19.32 GF/s  setup=0.048 s
fftw1d_measure           L=128 B=512   m=1     inner=234    min=     0.236 us/xform  median=     0.236  sd=  1.01%     19.01 GF/s  setup=0.051 s
fftw1d_measure           L=128 B=512   m=1     inner=338    min=     0.202 us/xform  median=     0.202  sd=  0.03%     22.20 GF/s  setup=0.051 s
fftw1d_measure           L=128 B=512   m=1     inner=180    min=     0.224 us/xform  median=     0.229  sd=  0.64%     19.98 GF/s  setup=0.050 s
fftw1d_patient           L=128 B=512   m=1     inner=198    min=     0.263 us/xform  median=     0.263  sd=  1.23%     17.01 GF/s  setup=0.922 s
fftw1d_patient           L=128 B=512   m=1     inner=424    min=     0.184 us/xform  median=     0.184  sd=  0.03%     24.31 GF/s  setup=0.730 s
fftw1d_patient           L=128 B=512   m=1     inner=212    min=     0.184 us/xform  median=     0.185  sd=  0.04%     24.29 GF/s  setup=0.702 s
fftw1d_patient           L=128 B=512   m=1     inner=418    min=     0.186 us/xform  median=     0.186  sd=  0.08%     24.07 GF/s  setup=0.707 s
fftw1d_patient           L=128 B=512   m=1     inner=202    min=     0.247 us/xform  median=     0.247  sd=  3.00%     18.13 GF/s  setup=0.912 s
fftw1d_patient           L=128 B=512   m=1     inner=204    min=     0.216 us/xform  median=     0.216  sd=  6.42%     20.73 GF/s  setup=0.885 s
fftw1d_patient           L=128 B=512   m=1     inner=238    min=     0.221 us/xform  median=     0.221  sd=  3.41%     20.28 GF/s  setup=0.837 s
fftw1d_patient           L=128 B=512   m=1     inner=412    min=     0.189 us/xform  median=     0.189  sd=  0.17%     23.74 GF/s  setup=0.733 s
fftw1d_patient           L=128 B=512   m=1     inner=412    min=     0.189 us/xform  median=     0.189  sd=  0.06%     23.72 GF/s  setup=0.708 s
mkl1d_dfti               L=128 B=512   m=1     inner=253    min=     0.156 us/xform  median=     0.158  sd=  0.75%     28.75 GF/s  setup=0.003 s
mkl1d_dfti               L=128 B=512   m=1     inner=434    min=     0.144 us/xform  median=     0.144  sd=  0.10%     31.12 GF/s  setup=0.002 s
mkl1d_dfti               L=128 B=512   m=1     inner=272    min=     0.143 us/xform  median=     0.144  sd=  0.12%     31.29 GF/s  setup=0.001 s
mkl1d_dfti               L=128 B=512   m=1     inner=402    min=     0.170 us/xform  median=     0.170  sd=  0.07%     26.36 GF/s  setup=0.002 s
mkl1d_dfti               L=128 B=512   m=1     inner=229    min=     0.170 us/xform  median=     0.171  sd=  0.08%     26.29 GF/s  setup=0.001 s
mkl1d_dfti               L=128 B=512   m=1     inner=424    min=     0.142 us/xform  median=     0.142  sd=  0.07%     31.63 GF/s  setup=0.001 s
mkl1d_dfti               L=128 B=512   m=1     inner=420    min=     0.146 us/xform  median=     0.147  sd=  0.24%     30.60 GF/s  setup=0.002 s
mkl1d_dfti               L=128 B=512   m=1     inner=408    min=     0.146 us/xform  median=     0.147  sd=  0.38%     30.65 GF/s  setup=0.001 s
mkl1d_dfti               L=128 B=512   m=1     inner=272    min=     0.144 us/xform  median=     0.144  sd=  0.09%     31.15 GF/s  setup=0.001 s
   skipping baseline_dft at L=1024 B=512 (too expensive to be informative)
d1_bluestein             L=1024 B=512   m=1     inner=26     min=     2.747 us/xform  median=     3.745  sd= 12.85%     18.64 GF/s  setup=0.001 s
d1_bluestein             L=1024 B=512   m=1     inner=20     min=     2.387 us/xform  median=     2.389  sd=  2.89%     21.45 GF/s  setup=0.001 s
d1_bluestein             L=1024 B=512   m=1     inner=24     min=     2.838 us/xform  median=     2.846  sd=  1.00%     18.04 GF/s  setup=0.001 s
d1_bluestein             L=1024 B=512   m=1     inner=24     min=     3.519 us/xform  median=     3.769  sd=  1.93%     14.55 GF/s  setup=0.001 s
d1_bluestein             L=1024 B=512   m=1     inner=16     min=     3.062 us/xform  median=     3.064  sd=  2.08%     16.72 GF/s  setup=0.002 s
d1_bluestein             L=1024 B=512   m=1     inner=22     min=     3.262 us/xform  median=     3.265  sd=  0.04%     15.70 GF/s  setup=0.001 s
d1_bluestein             L=1024 B=512   m=1     inner=18     min=     2.897 us/xform  median=     2.900  sd=  1.85%     17.68 GF/s  setup=0.002 s
d1_bluestein             L=1024 B=512   m=1     inner=22     min=     3.299 us/xform  median=     3.301  sd=  0.06%     15.52 GF/s  setup=0.001 s
d1_bluestein             L=1024 B=512   m=1     inner=22     min=     2.363 us/xform  median=     2.364  sd=  1.87%     21.67 GF/s  setup=0.001 s
d1_planner               L=1024 B=512   m=1     inner=28     min=     2.598 us/xform  median=     3.283  sd=  7.44%     19.71 GF/s  setup=0.001 s
d1_planner               L=1024 B=512   m=1     inner=20     min=     2.452 us/xform  median=     2.456  sd=  5.68%     20.88 GF/s  setup=0.001 s
d1_planner               L=1024 B=512   m=1     inner=26     min=     2.593 us/xform  median=     2.729  sd=  1.75%     19.74 GF/s  setup=0.001 s
d1_planner               L=1024 B=512   m=1     inner=20     min=     2.508 us/xform  median=     2.547  sd=  2.51%     20.41 GF/s  setup=0.001 s
d1_planner               L=1024 B=512   m=1     inner=28     min=     2.701 us/xform  median=     2.748  sd=  0.51%     18.96 GF/s  setup=0.001 s
d1_planner               L=1024 B=512   m=1     inner=20     min=     2.471 us/xform  median=     2.476  sd=  3.29%     20.72 GF/s  setup=0.001 s
d1_planner               L=1024 B=512   m=1     inner=28     min=     2.802 us/xform  median=     2.808  sd=  0.11%     18.27 GF/s  setup=0.001 s
d1_planner               L=1024 B=512   m=1     inner=22     min=     2.649 us/xform  median=     2.652  sd=  0.98%     19.33 GF/s  setup=0.001 s
d1_planner               L=1024 B=512   m=1     inner=22     min=     3.038 us/xform  median=     3.042  sd=  0.09%     16.86 GF/s  setup=0.001 s
d1_pow2                  L=1024 B=512   m=1     inner=42     min=     1.705 us/xform  median=     1.710  sd=  0.12%     30.02 GF/s  setup=0.001 s
d1_pow2                  L=1024 B=512   m=1     inner=34     min=     1.729 us/xform  median=     1.732  sd=  0.09%     29.61 GF/s  setup=0.001 s
d1_pow2                  L=1024 B=512   m=1     inner=36     min=     1.895 us/xform  median=     1.897  sd=  0.06%     27.01 GF/s  setup=0.001 s
d1_pow2                  L=1024 B=512   m=1     inner=36     min=     1.695 us/xform  median=     1.697  sd=  0.12%     30.21 GF/s  setup=0.001 s
d1_pow2                  L=1024 B=512   m=1     inner=44     min=     1.712 us/xform  median=     1.714  sd=  0.07%     29.91 GF/s  setup=0.001 s
d1_pow2                  L=1024 B=512   m=1     inner=20     min=     1.969 us/xform  median=     1.974  sd=  0.10%     26.00 GF/s  setup=0.001 s
d1_pow2                  L=1024 B=512   m=1     inner=36     min=     1.704 us/xform  median=     1.707  sd=  0.08%     30.04 GF/s  setup=0.001 s
d1_pow2                  L=1024 B=512   m=1     inner=44     min=     1.712 us/xform  median=     1.713  sd=  0.11%     29.91 GF/s  setup=0.001 s
d1_pow2                  L=1024 B=512   m=1     inner=36     min=     1.981 us/xform  median=     1.983  sd=  0.07%     25.84 GF/s  setup=0.001 s
d1_race                  L=1024 B=512   m=1     inner=46     min=     1.683 us/xform  median=     1.684  sd=  0.08%     30.43 GF/s  setup=0.010 s
d1_race                  L=1024 B=512   m=1     inner=36     min=     2.022 us/xform  median=     2.025  sd=  0.08%     25.32 GF/s  setup=0.018 s
d1_race                  L=1024 B=512   m=1     inner=44     min=     1.733 us/xform  median=     1.735  sd=  0.09%     29.55 GF/s  setup=0.011 s
d1_race                  L=1024 B=512   m=1     inner=32     min=     2.059 us/xform  median=     2.423  sd=  4.43%     24.87 GF/s  setup=0.011 s
d1_race                  L=1024 B=512   m=1     inner=20     min=     2.038 us/xform  median=     2.383  sd=  5.38%     25.13 GF/s  setup=0.014 s
d1_race                  L=1024 B=512   m=1     inner=46     min=     1.683 us/xform  median=     1.686  sd=  0.08%     30.41 GF/s  setup=0.013 s
d1_race                  L=1024 B=512   m=1     inner=38     min=     1.900 us/xform  median=     1.928  sd=  0.48%     26.95 GF/s  setup=0.011 s
d1_race                  L=1024 B=512   m=1     inner=44     min=     1.732 us/xform  median=     1.737  sd=  0.13%     29.55 GF/s  setup=0.009 s
d1_race                  L=1024 B=512   m=1     inner=32     min=     1.757 us/xform  median=     2.425  sd= 12.94%     29.15 GF/s  setup=0.009 s
d1_twiddle               L=1024 B=512   m=1     inner=24     min=     2.751 us/xform  median=     2.753  sd=  0.03%     18.61 GF/s  setup=0.000 s
d1_twiddle               L=1024 B=512   m=1     inner=44     min=     1.747 us/xform  median=     1.748  sd=  0.07%     29.30 GF/s  setup=0.001 s
d1_twiddle               L=1024 B=512   m=1     inner=28     min=     1.960 us/xform  median=     1.966  sd=  2.38%     26.12 GF/s  setup=0.001 s
d1_twiddle               L=1024 B=512   m=1     inner=44     min=     1.739 us/xform  median=     1.744  sd=  0.14%     29.44 GF/s  setup=0.001 s
d1_twiddle               L=1024 B=512   m=1     inner=26     min=     1.789 us/xform  median=     2.005  sd=  6.10%     28.62 GF/s  setup=0.001 s
d1_twiddle               L=1024 B=512   m=1     inner=30     min=     2.001 us/xform  median=     2.002  sd=  0.80%     25.58 GF/s  setup=0.001 s
d1_twiddle               L=1024 B=512   m=1     inner=24     min=     2.160 us/xform  median=     2.162  sd=  1.75%     23.70 GF/s  setup=0.001 s
d1_twiddle               L=1024 B=512   m=1     inner=24     min=     2.533 us/xform  median=     2.534  sd=  0.03%     20.22 GF/s  setup=0.001 s
d1_twiddle               L=1024 B=512   m=1     inner=24     min=     2.159 us/xform  median=     2.159  sd=  1.54%     23.72 GF/s  setup=0.001 s
fftw1d_estimate          L=1024 B=512   m=1     inner=24     min=     3.752 us/xform  median=     3.764  sd=  0.22%     13.64 GF/s  setup=0.001 s
fftw1d_estimate          L=1024 B=512   m=1     inner=16     min=     3.974 us/xform  median=     4.003  sd=  3.51%     12.88 GF/s  setup=0.001 s
fftw1d_estimate          L=1024 B=512   m=1     inner=20     min=     2.429 us/xform  median=     2.440  sd=  3.79%     21.08 GF/s  setup=0.001 s
fftw1d_estimate          L=1024 B=512   m=1     inner=24     min=     3.123 us/xform  median=     3.131  sd=  0.16%     16.39 GF/s  setup=0.001 s
fftw1d_estimate          L=1024 B=512   m=1     inner=24     min=     2.440 us/xform  median=     2.447  sd=  0.38%     20.98 GF/s  setup=0.001 s
fftw1d_estimate          L=1024 B=512   m=1     inner=30     min=     2.466 us/xform  median=     2.474  sd=  0.33%     20.76 GF/s  setup=0.001 s
fftw1d_estimate          L=1024 B=512   m=1     inner=26     min=     3.031 us/xform  median=     4.160  sd=  9.09%     16.89 GF/s  setup=0.001 s
fftw1d_estimate          L=1024 B=512   m=1     inner=16     min=     3.413 us/xform  median=     3.420  sd=  0.21%     15.00 GF/s  setup=0.001 s
fftw1d_estimate          L=1024 B=512   m=1     inner=18     min=     4.203 us/xform  median=     4.215  sd=  0.21%     12.18 GF/s  setup=0.001 s
fftw1d_measure           L=1024 B=512   m=1     inner=24     min=     2.194 us/xform  median=     2.197  sd=  1.53%     23.33 GF/s  setup=0.118 s
fftw1d_measure           L=1024 B=512   m=1     inner=22     min=     3.105 us/xform  median=     3.118  sd=  0.20%     16.49 GF/s  setup=0.118 s
fftw1d_measure           L=1024 B=512   m=1     inner=22     min=     3.097 us/xform  median=     3.103  sd=  0.20%     16.53 GF/s  setup=0.118 s
fftw1d_measure           L=1024 B=512   m=1     inner=22     min=     2.802 us/xform  median=     2.806  sd=  0.10%     18.27 GF/s  setup=0.118 s
fftw1d_measure           L=1024 B=512   m=1     inner=22     min=     2.115 us/xform  median=     2.146  sd=  3.65%     24.21 GF/s  setup=0.117 s
fftw1d_measure           L=1024 B=512   m=1     inner=18     min=     2.289 us/xform  median=     2.295  sd=  6.28%     22.37 GF/s  setup=0.118 s
fftw1d_measure           L=1024 B=512   m=1     inner=32     min=     1.770 us/xform  median=     1.775  sd=  8.41%     28.92 GF/s  setup=0.118 s
fftw1d_measure           L=1024 B=512   m=1     inner=28     min=     2.048 us/xform  median=     2.052  sd=  1.23%     25.00 GF/s  setup=0.117 s
fftw1d_measure           L=1024 B=512   m=1     inner=40     min=     1.902 us/xform  median=     1.905  sd=  0.16%     26.93 GF/s  setup=0.117 s
fftw1d_patient           L=1024 B=512   m=1     inner=42     min=     1.767 us/xform  median=     1.771  sd=  0.18%     28.98 GF/s  setup=11.832 s
fftw1d_patient           L=1024 B=512   m=1     inner=40     min=     1.845 us/xform  median=     1.851  sd=  0.16%     27.74 GF/s  setup=11.791 s
fftw1d_patient           L=1024 B=512   m=1     inner=40     min=     1.855 us/xform  median=     1.858  sd=  0.12%     27.61 GF/s  setup=11.497 s
fftw1d_patient           L=1024 B=512   m=1     inner=40     min=     1.829 us/xform  median=     1.835  sd=  0.21%     27.99 GF/s  setup=11.742 s
fftw1d_patient           L=1024 B=512   m=1     inner=40     min=     1.829 us/xform  median=     1.834  sd=  0.91%     27.99 GF/s  setup=11.791 s
fftw1d_patient           L=1024 B=512   m=1     inner=38     min=     1.934 us/xform  median=     1.935  sd=  0.14%     26.48 GF/s  setup=12.059 s
fftw1d_patient           L=1024 B=512   m=1     inner=42     min=     1.808 us/xform  median=     1.814  sd=  0.18%     28.31 GF/s  setup=11.810 s
fftw1d_patient           L=1024 B=512   m=1     inner=40     min=     1.903 us/xform  median=     1.908  sd=  0.17%     26.91 GF/s  setup=11.364 s
fftw1d_patient           L=1024 B=512   m=1     inner=40     min=     1.913 us/xform  median=     1.917  sd=  0.18%     26.77 GF/s  setup=11.401 s
mkl1d_dfti               L=1024 B=512   m=1     inner=40     min=     1.893 us/xform  median=     1.897  sd=  0.13%     27.05 GF/s  setup=0.003 s
mkl1d_dfti               L=1024 B=512   m=1     inner=36     min=     2.131 us/xform  median=     2.230  sd=  1.44%     24.02 GF/s  setup=0.002 s
mkl1d_dfti               L=1024 B=512   m=1     inner=30     min=     1.939 us/xform  median=     1.943  sd=  0.82%     26.40 GF/s  setup=0.003 s
mkl1d_dfti               L=1024 B=512   m=1     inner=36     min=     1.618 us/xform  median=     1.622  sd=  0.23%     31.64 GF/s  setup=0.002 s
mkl1d_dfti               L=1024 B=512   m=1     inner=34     min=     1.944 us/xform  median=     1.949  sd=  0.20%     26.33 GF/s  setup=0.002 s
mkl1d_dfti               L=1024 B=512   m=1     inner=36     min=     1.950 us/xform  median=     2.002  sd=  1.05%     26.25 GF/s  setup=0.002 s
mkl1d_dfti               L=1024 B=512   m=1     inner=30     min=     1.910 us/xform  median=     1.918  sd=  0.58%     26.80 GF/s  setup=0.002 s
mkl1d_dfti               L=1024 B=512   m=1     inner=18     min=     1.956 us/xform  median=     1.963  sd=  0.43%     26.18 GF/s  setup=0.002 s
mkl1d_dfti               L=1024 B=512   m=1     inner=34     min=     1.841 us/xform  median=     1.843  sd=  0.39%     27.81 GF/s  setup=0.002 s
   skipping baseline_dft at L=4096 B=256 (too expensive to be informative)
d1_bluestein             L=4096 B=256   m=1     inner=8      min=    19.007 us/xform  median=    19.471  sd=  0.70%     12.93 GF/s  setup=0.002 s
d1_bluestein             L=4096 B=256   m=1     inner=8      min=    19.348 us/xform  median=    19.362  sd=  0.04%     12.70 GF/s  setup=0.002 s
d1_bluestein             L=4096 B=256   m=1     inner=8      min=    18.737 us/xform  median=    18.751  sd=  0.06%     13.12 GF/s  setup=0.002 s
d1_bluestein             L=4096 B=256   m=1     inner=8      min=    19.334 us/xform  median=    19.345  sd=  0.03%     12.71 GF/s  setup=0.002 s
d1_bluestein             L=4096 B=256   m=1     inner=8      min=    18.699 us/xform  median=    18.707  sd=  0.04%     13.14 GF/s  setup=0.002 s
d1_bluestein             L=4096 B=256   m=1     inner=8      min=    18.934 us/xform  median=    18.943  sd=  0.03%     12.98 GF/s  setup=0.002 s
d1_bluestein             L=4096 B=256   m=1     inner=8      min=    18.705 us/xform  median=    18.713  sd=  0.07%     13.14 GF/s  setup=0.002 s
d1_bluestein             L=4096 B=256   m=1     inner=6      min=    19.683 us/xform  median=    19.692  sd=  0.20%     12.49 GF/s  setup=0.002 s
d1_bluestein             L=4096 B=256   m=1     inner=8      min=    19.000 us/xform  median=    19.009  sd=  0.02%     12.93 GF/s  setup=0.002 s
d1_planner               L=4096 B=256   m=1     inner=10     min=    13.954 us/xform  median=    13.962  sd=  0.04%     17.61 GF/s  setup=0.001 s
d1_planner               L=4096 B=256   m=1     inner=10     min=    10.972 us/xform  median=    10.978  sd=  0.23%     22.40 GF/s  setup=0.001 s
d1_planner               L=4096 B=256   m=1     inner=10     min=    13.512 us/xform  median=    13.518  sd=  0.04%     18.19 GF/s  setup=0.001 s
d1_planner               L=4096 B=256   m=1     inner=10     min=    10.737 us/xform  median=    10.743  sd=  0.77%     22.89 GF/s  setup=0.001 s
d1_planner               L=4096 B=256   m=1     inner=10     min=    13.502 us/xform  median=    13.506  sd=  0.03%     18.20 GF/s  setup=0.001 s
d1_planner               L=4096 B=256   m=1     inner=10     min=    10.742 us/xform  median=    10.754  sd=  0.95%     22.88 GF/s  setup=0.001 s
d1_planner               L=4096 B=256   m=1     inner=10     min=    13.242 us/xform  median=    13.254  sd=  0.05%     18.56 GF/s  setup=0.001 s
d1_planner               L=4096 B=256   m=1     inner=10     min=    10.411 us/xform  median=    10.419  sd=  1.97%     23.61 GF/s  setup=0.002 s
d1_planner               L=4096 B=256   m=1     inner=12     min=    11.065 us/xform  median=    11.092  sd=  0.10%     22.21 GF/s  setup=0.001 s
d1_pow2                  L=4096 B=256   m=1     inner=10     min=    14.260 us/xform  median=    14.268  sd=  0.04%     17.23 GF/s  setup=0.001 s
d1_pow2                  L=4096 B=256   m=1     inner=10     min=    11.127 us/xform  median=    11.133  sd=  0.24%     22.09 GF/s  setup=0.001 s
d1_pow2                  L=4096 B=256   m=1     inner=12     min=    11.120 us/xform  median=    11.126  sd=  0.04%     22.10 GF/s  setup=0.001 s
d1_pow2                  L=4096 B=256   m=1     inner=10     min=    10.563 us/xform  median=    10.614  sd=  1.22%     23.27 GF/s  setup=0.001 s
d1_pow2                  L=4096 B=256   m=1     inner=14     min=    13.180 us/xform  median=    13.207  sd=  0.08%     18.65 GF/s  setup=0.001 s
d1_pow2                  L=4096 B=256   m=1     inner=10     min=    11.142 us/xform  median=    11.153  sd=  0.44%     22.06 GF/s  setup=0.001 s
d1_pow2                  L=4096 B=256   m=1     inner=10     min=    13.132 us/xform  median=    13.143  sd=  0.04%     18.71 GF/s  setup=0.001 s
d1_pow2                  L=4096 B=256   m=1     inner=10     min=    11.106 us/xform  median=    11.110  sd=  0.21%     22.13 GF/s  setup=0.001 s
d1_pow2                  L=4096 B=256   m=1     inner=12     min=    11.888 us/xform  median=    11.893  sd=  0.04%     20.67 GF/s  setup=0.001 s
d1_race                  L=4096 B=256   m=1     inner=18     min=     7.882 us/xform  median=     7.887  sd=  0.21%     31.18 GF/s  setup=3.102 s
d1_race                  L=4096 B=256   m=1     inner=18     min=     7.947 us/xform  median=     7.950  sd=  0.04%     30.93 GF/s  setup=0.018 s
d1_race                  L=4096 B=256   m=1     inner=18     min=     7.909 us/xform  median=     7.912  sd=  0.04%     31.08 GF/s  setup=0.018 s
d1_race                  L=4096 B=256   m=1     inner=18     min=     7.829 us/xform  median=     7.831  sd=  0.02%     31.39 GF/s  setup=0.013 s
d1_race                  L=4096 B=256   m=1     inner=18     min=     8.000 us/xform  median=     8.003  sd=  0.02%     30.72 GF/s  setup=0.011 s
d1_race                  L=4096 B=256   m=1     inner=18     min=     7.827 us/xform  median=     7.830  sd=  0.03%     31.40 GF/s  setup=0.010 s
d1_race                  L=4096 B=256   m=1     inner=18     min=     8.210 us/xform  median=     8.213  sd=  0.03%     29.93 GF/s  setup=0.011 s
d1_race                  L=4096 B=256   m=1     inner=18     min=     7.946 us/xform  median=     7.950  sd=  0.03%     30.93 GF/s  setup=0.013 s
d1_race                  L=4096 B=256   m=1     inner=18     min=     7.982 us/xform  median=     7.985  sd=  0.02%     30.79 GF/s  setup=0.008 s
d1_twiddle               L=4096 B=256   m=1     inner=12     min=    11.486 us/xform  median=    11.495  sd=  0.05%     21.40 GF/s  setup=0.001 s
d1_twiddle               L=4096 B=256   m=1     inner=12     min=    11.394 us/xform  median=    11.398  sd=  0.03%     21.57 GF/s  setup=0.001 s
d1_twiddle               L=4096 B=256   m=1     inner=12     min=     7.785 us/xform  median=    10.046  sd= 17.21%     31.57 GF/s  setup=0.001 s
d1_twiddle               L=4096 B=256   m=1     inner=12     min=    11.340 us/xform  median=    11.348  sd=  0.06%     21.67 GF/s  setup=0.001 s
d1_twiddle               L=4096 B=256   m=1     inner=20     min=     7.791 us/xform  median=     7.796  sd=  0.03%     31.54 GF/s  setup=0.001 s
d1_twiddle               L=4096 B=256   m=1     inner=12     min=    11.511 us/xform  median=    11.514  sd=  0.02%     21.35 GF/s  setup=0.001 s
d1_twiddle               L=4096 B=256   m=1     inner=12     min=     9.030 us/xform  median=     9.036  sd=  1.55%     27.22 GF/s  setup=0.001 s
d1_twiddle               L=4096 B=256   m=1     inner=12     min=     9.281 us/xform  median=     9.288  sd=  0.90%     26.48 GF/s  setup=0.001 s
d1_twiddle               L=4096 B=256   m=1     inner=12     min=    10.063 us/xform  median=    10.072  sd=  0.06%     24.42 GF/s  setup=0.001 s
fftw1d_estimate          L=4096 B=256   m=1     inner=4      min=    31.619 us/xform  median=    31.810  sd=  0.47%      7.77 GF/s  setup=0.001 s
fftw1d_estimate          L=4096 B=256   m=1     inner=4      min=    32.278 us/xform  median=    32.436  sd=  0.40%      7.61 GF/s  setup=0.001 s
fftw1d_estimate          L=4096 B=256   m=1     inner=4      min=    31.737 us/xform  median=    31.938  sd=  0.38%      7.74 GF/s  setup=0.001 s
fftw1d_estimate          L=4096 B=256   m=1     inner=4      min=    32.181 us/xform  median=    32.319  sd=  0.45%      7.64 GF/s  setup=0.001 s
fftw1d_estimate          L=4096 B=256   m=1     inner=4      min=    32.297 us/xform  median=    32.435  sd=  0.42%      7.61 GF/s  setup=0.001 s
fftw1d_estimate          L=4096 B=256   m=1     inner=4      min=    31.741 us/xform  median=    31.871  sd=  0.39%      7.74 GF/s  setup=0.001 s
fftw1d_estimate          L=4096 B=256   m=1     inner=4      min=    32.858 us/xform  median=    33.087  sd=  0.44%      7.48 GF/s  setup=0.001 s
fftw1d_estimate          L=4096 B=256   m=1     inner=4      min=    32.105 us/xform  median=    32.295  sd=  0.61%      7.65 GF/s  setup=0.001 s
fftw1d_estimate          L=4096 B=256   m=1     inner=4      min=    32.241 us/xform  median=    32.438  sd=  0.48%      7.62 GF/s  setup=0.001 s
fftw1d_measure           L=4096 B=256   m=1     inner=4      min=    25.270 us/xform  median=    25.452  sd=  0.63%      9.73 GF/s  setup=0.234 s
fftw1d_measure           L=4096 B=256   m=1     inner=4      min=    26.113 us/xform  median=    26.235  sd=  0.46%      9.41 GF/s  setup=0.235 s
fftw1d_measure           L=4096 B=256   m=1     inner=6      min=    25.041 us/xform  median=    25.119  sd=  0.54%      9.81 GF/s  setup=0.236 s
fftw1d_measure           L=4096 B=256   m=1     inner=6      min=    24.941 us/xform  median=    25.128  sd=  0.51%      9.85 GF/s  setup=0.235 s
fftw1d_measure           L=4096 B=256   m=1     inner=6      min=    15.152 us/xform  median=    15.217  sd=  4.65%     16.22 GF/s  setup=0.235 s
fftw1d_measure           L=4096 B=256   m=1     inner=8      min=    15.735 us/xform  median=    15.853  sd=  0.58%     15.62 GF/s  setup=0.220 s
fftw1d_measure           L=4096 B=256   m=1     inner=6      min=    21.253 us/xform  median=    21.305  sd=  0.18%     11.56 GF/s  setup=0.234 s
fftw1d_measure           L=4096 B=256   m=1     inner=6      min=    20.666 us/xform  median=    20.760  sd=  0.28%     11.89 GF/s  setup=0.235 s
fftw1d_measure           L=4096 B=256   m=1     inner=4      min=    25.512 us/xform  median=    25.676  sd=  0.46%      9.63 GF/s  setup=0.235 s
fftw1d_patient           L=4096 B=256   m=1     inner=12     min=    11.425 us/xform  median=    11.478  sd=  0.42%     21.51 GF/s  setup=46.151 s
fftw1d_patient           L=4096 B=256   m=1     inner=12     min=    11.198 us/xform  median=    11.239  sd=  0.31%     21.95 GF/s  setup=45.899 s
fftw1d_patient           L=4096 B=256   m=1     inner=12     min=    11.084 us/xform  median=    11.124  sd=  0.41%     22.17 GF/s  setup=45.039 s
fftw1d_patient           L=4096 B=256   m=1     inner=10     min=    12.583 us/xform  median=    12.671  sd=  0.59%     19.53 GF/s  setup=45.256 s
fftw1d_patient           L=4096 B=256   m=1     inner=12     min=    12.365 us/xform  median=    12.425  sd=  0.57%     19.88 GF/s  setup=44.707 s
fftw1d_patient           L=4096 B=256   m=1     inner=12     min=    11.108 us/xform  median=    11.140  sd=  0.32%     22.12 GF/s  setup=45.479 s
fftw1d_patient           L=4096 B=256   m=1     inner=12     min=    10.864 us/xform  median=    10.901  sd=  0.47%     22.62 GF/s  setup=45.246 s
fftw1d_patient           L=4096 B=256   m=1     inner=12     min=    11.405 us/xform  median=    11.443  sd=  0.20%     21.55 GF/s  setup=46.298 s
fftw1d_patient           L=4096 B=256   m=1     inner=12     min=    11.063 us/xform  median=    11.088  sd=  0.27%     22.21 GF/s  setup=45.339 s
mkl1d_dfti               L=4096 B=256   m=1     inner=12     min=    12.641 us/xform  median=    12.955  sd=  0.80%     19.44 GF/s  setup=0.003 s
mkl1d_dfti               L=4096 B=256   m=1     inner=10     min=    16.639 us/xform  median=    16.697  sd=  0.35%     14.77 GF/s  setup=0.003 s
mkl1d_dfti               L=4096 B=256   m=1     inner=8      min=    13.005 us/xform  median=    13.041  sd=  1.04%     18.90 GF/s  setup=0.003 s
mkl1d_dfti               L=4096 B=256   m=1     inner=10     min=    12.935 us/xform  median=    12.987  sd=  1.70%     19.00 GF/s  setup=0.003 s
mkl1d_dfti               L=4096 B=256   m=1     inner=10     min=    12.946 us/xform  median=    12.987  sd=  0.55%     18.98 GF/s  setup=0.003 s
mkl1d_dfti               L=4096 B=256   m=1     inner=12     min=    10.229 us/xform  median=    10.271  sd=  0.53%     24.03 GF/s  setup=0.002 s
mkl1d_dfti               L=4096 B=256   m=1     inner=12     min=    12.504 us/xform  median=    12.984  sd=  1.14%     19.65 GF/s  setup=0.002 s
mkl1d_dfti               L=4096 B=256   m=1     inner=10     min=    16.676 us/xform  median=    16.722  sd=  0.34%     14.74 GF/s  setup=0.002 s
mkl1d_dfti               L=4096 B=256   m=1     inner=10     min=    15.256 us/xform  median=    16.109  sd=  2.51%     16.11 GF/s  setup=0.003 s
   skipping baseline_dft at L=16384 B=64 (too expensive to be informative)
d1_bluestein             L=16384 B=64    m=1     inner=6      min=    83.140 us/xform  median=    83.200  sd=  0.04%     13.79 GF/s  setup=0.004 s
d1_bluestein             L=16384 B=64    m=1     inner=6      min=    83.785 us/xform  median=    83.843  sd=  0.27%     13.69 GF/s  setup=0.004 s
d1_bluestein             L=16384 B=64    m=1     inner=6      min=    83.301 us/xform  median=    83.406  sd=  0.09%     13.77 GF/s  setup=0.004 s
d1_bluestein             L=16384 B=64    m=1     inner=6      min=    82.374 us/xform  median=    82.442  sd=  0.08%     13.92 GF/s  setup=0.004 s
d1_bluestein             L=16384 B=64    m=1     inner=6      min=    83.294 us/xform  median=    83.345  sd=  0.04%     13.77 GF/s  setup=0.007 s
d1_bluestein             L=16384 B=64    m=1     inner=6      min=    84.107 us/xform  median=    84.169  sd=  0.08%     13.64 GF/s  setup=0.004 s
d1_bluestein             L=16384 B=64    m=1     inner=6      min=    83.227 us/xform  median=    83.280  sd=  0.05%     13.78 GF/s  setup=0.004 s
d1_bluestein             L=16384 B=64    m=1     inner=6      min=    84.155 us/xform  median=    84.190  sd=  0.05%     13.63 GF/s  setup=0.004 s
d1_bluestein             L=16384 B=64    m=1     inner=6      min=    84.310 us/xform  median=    84.339  sd=  0.02%     13.60 GF/s  setup=0.004 s
d1_planner               L=16384 B=64    m=1     inner=10     min=    61.067 us/xform  median=    61.105  sd=  0.03%     18.78 GF/s  setup=0.004 s
d1_planner               L=16384 B=64    m=1     inner=10     min=    60.947 us/xform  median=    61.017  sd=  0.04%     18.82 GF/s  setup=0.003 s
d1_planner               L=16384 B=64    m=1     inner=10     min=    49.396 us/xform  median=    49.417  sd=  0.07%     23.22 GF/s  setup=0.004 s
d1_planner               L=16384 B=64    m=1     inner=10     min=    58.594 us/xform  median=    58.657  sd=  0.07%     19.57 GF/s  setup=0.004 s
d1_planner               L=16384 B=64    m=1     inner=10     min=    49.119 us/xform  median=    49.131  sd=  0.04%     23.35 GF/s  setup=0.004 s
d1_planner               L=16384 B=64    m=1     inner=10     min=    59.004 us/xform  median=    59.037  sd=  0.07%     19.44 GF/s  setup=0.004 s
d1_planner               L=16384 B=64    m=1     inner=10     min=    46.856 us/xform  median=    46.890  sd=  0.66%     24.48 GF/s  setup=0.004 s
d1_planner               L=16384 B=64    m=1     inner=10     min=    59.297 us/xform  median=    59.315  sd=  0.02%     19.34 GF/s  setup=0.004 s
d1_planner               L=16384 B=64    m=1     inner=10     min=    45.947 us/xform  median=    45.996  sd=  1.28%     24.96 GF/s  setup=0.004 s
d1_pow2                  L=16384 B=64    m=1     inner=8      min=    54.689 us/xform  median=    54.722  sd=  0.09%     20.97 GF/s  setup=0.003 s
d1_pow2                  L=16384 B=64    m=1     inner=8      min=    53.484 us/xform  median=    53.516  sd=  0.51%     21.44 GF/s  setup=0.003 s
d1_pow2                  L=16384 B=64    m=1     inner=10     min=    54.532 us/xform  median=    54.566  sd=  0.04%     21.03 GF/s  setup=0.004 s
d1_pow2                  L=16384 B=64    m=1     inner=8      min=    56.463 us/xform  median=    56.548  sd=  0.09%     20.31 GF/s  setup=0.004 s
d1_pow2                  L=16384 B=64    m=1     inner=8      min=    61.506 us/xform  median=    61.537  sd=  0.03%     18.65 GF/s  setup=0.004 s
d1_pow2                  L=16384 B=64    m=1     inner=8      min=    68.117 us/xform  median=    68.149  sd=  0.04%     16.84 GF/s  setup=0.004 s
d1_pow2                  L=16384 B=64    m=1     inner=8      min=    61.238 us/xform  median=    61.248  sd=  0.03%     18.73 GF/s  setup=0.004 s
d1_pow2                  L=16384 B=64    m=1     inner=8      min=    56.202 us/xform  median=    56.273  sd=  0.06%     20.41 GF/s  setup=0.004 s
d1_pow2                  L=16384 B=64    m=1     inner=8      min=    61.944 us/xform  median=    61.969  sd=  0.09%     18.51 GF/s  setup=0.004 s
d1_race                  L=16384 B=64    m=1     inner=16     min=    37.668 us/xform  median=    37.689  sd=  0.04%     30.45 GF/s  setup=3.111 s
d1_race                  L=16384 B=64    m=1     inner=12     min=    48.760 us/xform  median=    49.857  sd=  1.11%     23.52 GF/s  setup=0.019 s
d1_race                  L=16384 B=64    m=1     inner=10     min=    56.377 us/xform  median=    56.411  sd=  0.36%     20.34 GF/s  setup=0.020 s
d1_race                  L=16384 B=64    m=1     inner=10     min=    48.982 us/xform  median=    61.153  sd=  5.96%     23.41 GF/s  setup=0.016 s
d1_race                  L=16384 B=64    m=1     inner=10     min=    45.276 us/xform  median=    61.111  sd=  8.85%     25.33 GF/s  setup=0.016 s
d1_race                  L=16384 B=64    m=1     inner=14     min=    39.264 us/xform  median=    39.290  sd=  0.05%     29.21 GF/s  setup=0.011 s
d1_race                  L=16384 B=64    m=1     inner=16     min=    38.109 us/xform  median=    38.126  sd=  0.03%     30.09 GF/s  setup=0.009 s
d1_race                  L=16384 B=64    m=1     inner=14     min=    39.600 us/xform  median=    39.635  sd=  0.07%     28.96 GF/s  setup=0.011 s
d1_race                  L=16384 B=64    m=1     inner=14     min=    39.446 us/xform  median=    39.471  sd=  0.04%     29.07 GF/s  setup=0.009 s
d1_twiddle               L=16384 B=64    m=1     inner=10     min=    47.663 us/xform  median=    47.703  sd=  0.41%     24.06 GF/s  setup=0.001 s
d1_twiddle               L=16384 B=64    m=1     inner=10     min=    61.382 us/xform  median=    61.424  sd=  0.10%     18.68 GF/s  setup=0.001 s
d1_twiddle               L=16384 B=64    m=1     inner=10     min=    48.751 us/xform  median=    48.818  sd=  0.15%     23.53 GF/s  setup=0.001 s
d1_twiddle               L=16384 B=64    m=1     inner=10     min=    62.177 us/xform  median=    62.245  sd=  0.06%     18.45 GF/s  setup=0.001 s
d1_twiddle               L=16384 B=64    m=1     inner=10     min=    49.119 us/xform  median=    49.150  sd=  0.07%     23.35 GF/s  setup=0.001 s
d1_twiddle               L=16384 B=64    m=1     inner=10     min=    61.874 us/xform  median=    61.931  sd=  0.05%     18.54 GF/s  setup=0.001 s
d1_twiddle               L=16384 B=64    m=1     inner=16     min=    38.050 us/xform  median=    38.076  sd=  0.04%     30.14 GF/s  setup=0.001 s
d1_twiddle               L=16384 B=64    m=1     inner=16     min=    38.307 us/xform  median=    38.349  sd=  0.08%     29.94 GF/s  setup=0.001 s
d1_twiddle               L=16384 B=64    m=1     inner=10     min=    62.289 us/xform  median=    62.345  sd=  0.07%     18.41 GF/s  setup=0.001 s
fftw1d_estimate          L=16384 B=64    m=1     inner=6      min=    90.013 us/xform  median=    90.309  sd=  0.34%     12.74 GF/s  setup=0.001 s
fftw1d_estimate          L=16384 B=64    m=1     inner=4      min=   117.415 us/xform  median=   135.893  sd=  4.07%      9.77 GF/s  setup=0.001 s
fftw1d_estimate          L=16384 B=64    m=1     inner=4      min=   127.413 us/xform  median=   127.786  sd=  0.31%      9.00 GF/s  setup=0.001 s
fftw1d_estimate          L=16384 B=64    m=1     inner=6      min=    90.008 us/xform  median=    90.125  sd=  0.29%     12.74 GF/s  setup=0.001 s
fftw1d_estimate          L=16384 B=64    m=1     inner=4      min=   105.217 us/xform  median=   105.551  sd=  2.72%     10.90 GF/s  setup=0.001 s
fftw1d_estimate          L=16384 B=64    m=1     inner=4      min=   127.954 us/xform  median=   128.266  sd=  0.33%      8.96 GF/s  setup=0.001 s
fftw1d_estimate          L=16384 B=64    m=1     inner=6      min=    90.798 us/xform  median=    90.966  sd=  0.37%     12.63 GF/s  setup=0.001 s
fftw1d_estimate          L=16384 B=64    m=1     inner=4      min=   108.204 us/xform  median=   131.450  sd=  8.28%     10.60 GF/s  setup=0.001 s
fftw1d_estimate          L=16384 B=64    m=1     inner=3      min=    91.553 us/xform  median=    91.924  sd=  1.58%     12.53 GF/s  setup=0.001 s
fftw1d_measure           L=16384 B=64    m=1     inner=6      min=   100.144 us/xform  median=   100.420  sd=  0.36%     11.45 GF/s  setup=0.621 s
fftw1d_measure           L=16384 B=64    m=1     inner=6      min=    96.497 us/xform  median=    97.132  sd=  0.40%     11.89 GF/s  setup=0.619 s
fftw1d_measure           L=16384 B=64    m=1     inner=8      min=    61.382 us/xform  median=    61.673  sd=  0.37%     18.68 GF/s  setup=0.565 s
fftw1d_measure           L=16384 B=64    m=1     inner=6      min=    85.141 us/xform  median=    85.279  sd=  0.17%     13.47 GF/s  setup=0.618 s
fftw1d_measure           L=16384 B=64    m=1     inner=6      min=    95.682 us/xform  median=    96.096  sd=  0.26%     11.99 GF/s  setup=0.618 s
fftw1d_measure           L=16384 B=64    m=1     inner=8      min=    61.618 us/xform  median=    61.806  sd=  0.25%     18.61 GF/s  setup=0.573 s
fftw1d_measure           L=16384 B=64    m=1     inner=6      min=    63.431 us/xform  median=    87.560  sd= 13.77%     18.08 GF/s  setup=0.620 s
fftw1d_measure           L=16384 B=64    m=1     inner=10     min=    61.145 us/xform  median=    61.489  sd=  0.29%     18.76 GF/s  setup=0.565 s
fftw1d_measure           L=16384 B=64    m=1     inner=6      min=    97.770 us/xform  median=    98.209  sd=  0.44%     11.73 GF/s  setup=0.618 s
fftw1d_patient           L=16384 B=64    m=1     inner=12     min=    46.869 us/xform  median=    46.977  sd=  0.32%     24.47 GF/s  setup=67.392 s
fftw1d_patient           L=16384 B=64    m=1     inner=12     min=    47.566 us/xform  median=    47.759  sd=  0.31%     24.11 GF/s  setup=68.020 s
fftw1d_patient           L=16384 B=64    m=1     inner=12     min=    46.119 us/xform  median=    46.208  sd=  0.22%     24.87 GF/s  setup=67.488 s
fftw1d_patient           L=16384 B=64    m=1     inner=12     min=    43.825 us/xform  median=    43.933  sd=  0.15%     26.17 GF/s  setup=67.504 s
fftw1d_patient           L=16384 B=64    m=1     inner=12     min=    49.240 us/xform  median=    49.391  sd=  0.23%     23.29 GF/s  setup=68.088 s
fftw1d_patient           L=16384 B=64    m=1     inner=12     min=    49.218 us/xform  median=    49.294  sd=  0.24%     23.30 GF/s  setup=67.741 s
fftw1d_patient           L=16384 B=64    m=1     inner=12     min=    44.111 us/xform  median=    44.205  sd=  0.16%     26.00 GF/s  setup=67.619 s
fftw1d_patient           L=16384 B=64    m=1     inner=12     min=    46.064 us/xform  median=    46.165  sd=  0.30%     24.90 GF/s  setup=67.286 s
fftw1d_patient           L=16384 B=64    m=1     inner=12     min=    47.524 us/xform  median=    47.655  sd=  0.14%     24.13 GF/s  setup=67.553 s
mkl1d_dfti               L=16384 B=64    m=1     inner=10     min=    59.915 us/xform  median=    76.057  sd=  8.30%     19.14 GF/s  setup=0.003 s
mkl1d_dfti               L=16384 B=64    m=1     inner=8      min=    58.388 us/xform  median=    60.005  sd=  1.47%     19.64 GF/s  setup=0.004 s
mkl1d_dfti               L=16384 B=64    m=1     inner=10     min=    55.261 us/xform  median=    55.338  sd=  0.15%     20.75 GF/s  setup=0.003 s
mkl1d_dfti               L=16384 B=64    m=1     inner=10     min=    57.534 us/xform  median=    57.761  sd=  0.23%     19.93 GF/s  setup=0.003 s
mkl1d_dfti               L=16384 B=64    m=1     inner=8      min=    55.818 us/xform  median=    56.097  sd=  0.47%     20.55 GF/s  setup=0.003 s
mkl1d_dfti               L=16384 B=64    m=1     inner=10     min=    59.886 us/xform  median=    60.107  sd=  0.25%     19.15 GF/s  setup=0.003 s
mkl1d_dfti               L=16384 B=64    m=1     inner=8      min=    54.914 us/xform  median=    55.102  sd=  1.30%     20.89 GF/s  setup=0.003 s
mkl1d_dfti               L=16384 B=64    m=1     inner=12     min=    49.374 us/xform  median=    49.464  sd=  0.19%     23.23 GF/s  setup=0.002 s
mkl1d_dfti               L=16384 B=64    m=1     inner=12     min=    48.109 us/xform  median=    48.283  sd=  0.17%     23.84 GF/s  setup=0.002 s
   skipping baseline_dft at L=1021 B=256 (too expensive to be informative)
d1_bluestein             L=1021 B=256   m=1     inner=16     min=     9.138 us/xform  median=     9.596  sd=  1.79%      5.58 GF/s  setup=0.002 s
d1_bluestein             L=1021 B=256   m=1     inner=14     min=     9.748 us/xform  median=     9.781  sd=  0.14%      5.23 GF/s  setup=0.003 s
d1_bluestein             L=1021 B=256   m=1     inner=14     min=     9.719 us/xform  median=     9.729  sd=  0.10%      5.25 GF/s  setup=0.003 s
d1_bluestein             L=1021 B=256   m=1     inner=14     min=     9.706 us/xform  median=     9.712  sd=  0.05%      5.26 GF/s  setup=0.003 s
d1_bluestein             L=1021 B=256   m=1     inner=14     min=     9.616 us/xform  median=     9.623  sd=  0.04%      5.31 GF/s  setup=0.003 s
d1_bluestein             L=1021 B=256   m=1     inner=14     min=     9.564 us/xform  median=     9.572  sd=  0.11%      5.34 GF/s  setup=0.003 s
d1_bluestein             L=1021 B=256   m=1     inner=14     min=     9.604 us/xform  median=     9.609  sd=  0.04%      5.31 GF/s  setup=0.003 s
d1_bluestein             L=1021 B=256   m=1     inner=14     min=     8.040 us/xform  median=     8.048  sd=  0.40%      6.35 GF/s  setup=0.003 s
d1_bluestein             L=1021 B=256   m=1     inner=18     min=     8.145 us/xform  median=     8.149  sd=  0.05%      6.27 GF/s  setup=0.002 s
d1_planner               L=1021 B=256   m=1     inner=16     min=     8.836 us/xform  median=    10.000  sd=  4.27%      5.77 GF/s  setup=0.001 s
d1_planner               L=1021 B=256   m=1     inner=14     min=     7.781 us/xform  median=     7.785  sd=  1.61%      6.56 GF/s  setup=0.001 s
d1_planner               L=1021 B=256   m=1     inner=16     min=     8.925 us/xform  median=     9.944  sd=  3.43%      5.72 GF/s  setup=0.001 s
d1_planner               L=1021 B=256   m=1     inner=14     min=     7.928 us/xform  median=     7.938  sd=  1.55%      6.44 GF/s  setup=0.001 s
d1_planner               L=1021 B=256   m=1     inner=20     min=     7.735 us/xform  median=     7.737  sd=  0.03%      6.60 GF/s  setup=0.001 s
d1_planner               L=1021 B=256   m=1     inner=16     min=     8.988 us/xform  median=    10.112  sd=  4.49%      5.68 GF/s  setup=0.001 s
d1_planner               L=1021 B=256   m=1     inner=14     min=     7.802 us/xform  median=     7.805  sd=  1.56%      6.54 GF/s  setup=0.001 s
d1_planner               L=1021 B=256   m=1     inner=14     min=     9.052 us/xform  median=    10.067  sd=  3.46%      5.64 GF/s  setup=0.001 s
d1_planner               L=1021 B=256   m=1     inner=14     min=     9.968 us/xform  median=     9.972  sd=  0.02%      5.12 GF/s  setup=0.001 s
d1_race                  L=1021 B=256   m=1     inner=20     min=     7.166 us/xform  median=     7.168  sd=  0.07%      7.12 GF/s  setup=2.365 s
d1_race                  L=1021 B=256   m=1     inner=20     min=     7.315 us/xform  median=     7.315  sd=  0.01%      6.98 GF/s  setup=0.013 s
d1_race                  L=1021 B=256   m=1     inner=20     min=     7.219 us/xform  median=     7.225  sd=  0.05%      7.07 GF/s  setup=0.014 s
d1_race                  L=1021 B=256   m=1     inner=20     min=     7.296 us/xform  median=     7.298  sd=  0.02%      6.99 GF/s  setup=0.008 s
d1_race                  L=1021 B=256   m=1     inner=20     min=     7.198 us/xform  median=     7.199  sd=  0.06%      7.09 GF/s  setup=0.012 s
d1_race                  L=1021 B=256   m=1     inner=20     min=     7.253 us/xform  median=     7.254  sd=  0.01%      7.04 GF/s  setup=0.008 s
d1_race                  L=1021 B=256   m=1     inner=20     min=     7.394 us/xform  median=     7.395  sd=  0.01%      6.90 GF/s  setup=0.009 s
d1_race                  L=1021 B=256   m=1     inner=20     min=     7.271 us/xform  median=     7.272  sd=  0.41%      7.02 GF/s  setup=0.007 s
d1_race                  L=1021 B=256   m=1     inner=20     min=     7.190 us/xform  median=     7.193  sd=  0.05%      7.10 GF/s  setup=0.015 s
d1_rader                 L=1021 B=256   m=1     inner=20     min=     7.239 us/xform  median=     7.241  sd=  0.02%      7.05 GF/s  setup=0.000 s
d1_rader                 L=1021 B=256   m=1     inner=20     min=     7.154 us/xform  median=     7.155  sd=  0.02%      7.13 GF/s  setup=0.000 s
d1_rader                 L=1021 B=256   m=1     inner=18     min=     8.957 us/xform  median=     8.964  sd=  0.03%      5.70 GF/s  setup=0.000 s
d1_rader                 L=1021 B=256   m=1     inner=20     min=     7.212 us/xform  median=     7.216  sd=  0.08%      7.08 GF/s  setup=0.000 s
d1_rader                 L=1021 B=256   m=1     inner=18     min=     8.906 us/xform  median=     8.914  sd=  0.03%      5.73 GF/s  setup=0.000 s
d1_rader                 L=1021 B=256   m=1     inner=16     min=     8.938 us/xform  median=     8.941  sd=  0.02%      5.71 GF/s  setup=0.000 s
d1_rader                 L=1021 B=256   m=1     inner=20     min=     7.261 us/xform  median=     7.265  sd=  0.09%      7.03 GF/s  setup=0.000 s
d1_rader                 L=1021 B=256   m=1     inner=18     min=     8.483 us/xform  median=     9.028  sd=  1.78%      6.02 GF/s  setup=0.000 s
d1_rader                 L=1021 B=256   m=1     inner=20     min=     7.219 us/xform  median=     7.220  sd=  0.05%      7.07 GF/s  setup=0.000 s
fftw1d_estimate          L=1021 B=256   m=1     inner=10     min=    12.954 us/xform  median=    12.957  sd=  0.03%      3.94 GF/s  setup=0.001 s
fftw1d_estimate          L=1021 B=256   m=1     inner=10     min=    14.965 us/xform  median=    15.309  sd=  0.67%      3.41 GF/s  setup=0.001 s
fftw1d_estimate          L=1021 B=256   m=1     inner=10     min=    13.038 us/xform  median=    13.050  sd=  0.10%      3.91 GF/s  setup=0.001 s
fftw1d_estimate          L=1021 B=256   m=1     inner=10     min=    13.014 us/xform  median=    13.024  sd=  0.06%      3.92 GF/s  setup=0.001 s
fftw1d_estimate          L=1021 B=256   m=1     inner=10     min=    13.026 us/xform  median=    13.033  sd=  0.07%      3.92 GF/s  setup=0.001 s
fftw1d_estimate          L=1021 B=256   m=1     inner=10     min=    13.292 us/xform  median=    13.319  sd=  0.08%      3.84 GF/s  setup=0.001 s
fftw1d_estimate          L=1021 B=256   m=1     inner=12     min=    12.959 us/xform  median=    12.969  sd=  0.06%      3.94 GF/s  setup=0.001 s
fftw1d_estimate          L=1021 B=256   m=1     inner=10     min=    13.036 us/xform  median=    13.053  sd=  0.05%      3.91 GF/s  setup=0.001 s
fftw1d_estimate          L=1021 B=256   m=1     inner=10     min=    12.994 us/xform  median=    13.005  sd=  0.11%      3.93 GF/s  setup=0.001 s
fftw1d_measure           L=1021 B=256   m=1     inner=10     min=    14.828 us/xform  median=    14.841  sd=  0.07%      3.44 GF/s  setup=0.295 s
fftw1d_measure           L=1021 B=256   m=1     inner=10     min=    12.300 us/xform  median=    12.331  sd=  6.86%      4.15 GF/s  setup=0.296 s
fftw1d_measure           L=1021 B=256   m=1     inner=12     min=    12.147 us/xform  median=    12.156  sd=  0.06%      4.20 GF/s  setup=0.288 s
fftw1d_measure           L=1021 B=256   m=1     inner=12     min=    12.250 us/xform  median=    12.262  sd=  0.05%      4.17 GF/s  setup=0.285 s
fftw1d_measure           L=1021 B=256   m=1     inner=12     min=    12.077 us/xform  median=    12.091  sd=  0.07%      4.23 GF/s  setup=0.288 s
fftw1d_measure           L=1021 B=256   m=1     inner=12     min=    12.352 us/xform  median=    12.362  sd=  0.07%      4.13 GF/s  setup=0.289 s
fftw1d_measure           L=1021 B=256   m=1     inner=12     min=    12.116 us/xform  median=    12.121  sd=  0.06%      4.21 GF/s  setup=0.286 s
fftw1d_measure           L=1021 B=256   m=1     inner=12     min=    12.115 us/xform  median=    12.122  sd=  0.04%      4.21 GF/s  setup=0.286 s
fftw1d_measure           L=1021 B=256   m=1     inner=12     min=    12.138 us/xform  median=    12.154  sd=  0.08%      4.20 GF/s  setup=0.287 s
fftw1d_patient           L=1021 B=256   m=1     inner=12     min=    12.144 us/xform  median=    12.151  sd=  0.04%      4.20 GF/s  setup=2.985 s
fftw1d_patient           L=1021 B=256   m=1     inner=12     min=    12.239 us/xform  median=    12.245  sd=  0.03%      4.17 GF/s  setup=2.956 s
fftw1d_patient           L=1021 B=256   m=1     inner=12     min=    12.237 us/xform  median=    12.243  sd=  0.03%      4.17 GF/s  setup=2.948 s
fftw1d_patient           L=1021 B=256   m=1     inner=12     min=    12.799 us/xform  median=    12.823  sd=  0.10%      3.99 GF/s  setup=2.988 s
fftw1d_patient           L=1021 B=256   m=1     inner=12     min=    12.279 us/xform  median=    12.286  sd=  0.04%      4.16 GF/s  setup=2.965 s
fftw1d_patient           L=1021 B=256   m=1     inner=12     min=    12.348 us/xform  median=    12.361  sd=  0.04%      4.13 GF/s  setup=2.997 s
fftw1d_patient           L=1021 B=256   m=1     inner=12     min=    12.343 us/xform  median=    12.352  sd=  0.04%      4.13 GF/s  setup=2.955 s
fftw1d_patient           L=1021 B=256   m=1     inner=12     min=    12.173 us/xform  median=    12.180  sd=  0.08%      4.19 GF/s  setup=2.986 s
fftw1d_patient           L=1021 B=256   m=1     inner=12     min=    12.329 us/xform  median=    12.343  sd=  0.05%      4.14 GF/s  setup=2.994 s
mkl1d_dfti               L=1021 B=256   m=1     inner=14     min=    10.010 us/xform  median=    10.628  sd=  2.20%      5.10 GF/s  setup=0.050 s
mkl1d_dfti               L=1021 B=256   m=1     inner=14     min=     9.137 us/xform  median=     9.964  sd=  3.53%      5.58 GF/s  setup=0.013 s
mkl1d_dfti               L=1021 B=256   m=1     inner=16     min=     8.748 us/xform  median=     8.749  sd=  0.01%      5.83 GF/s  setup=0.013 s
mkl1d_dfti               L=1021 B=256   m=1     inner=16     min=     8.740 us/xform  median=     8.742  sd=  0.02%      5.84 GF/s  setup=0.032 s
mkl1d_dfti               L=1021 B=256   m=1     inner=16     min=     8.742 us/xform  median=     8.744  sd=  0.01%      5.84 GF/s  setup=0.033 s
mkl1d_dfti               L=1021 B=256   m=1     inner=16     min=     8.743 us/xform  median=     8.744  sd=  0.02%      5.84 GF/s  setup=0.014 s
mkl1d_dfti               L=1021 B=256   m=1     inner=16     min=     8.749 us/xform  median=     8.750  sd=  0.03%      5.83 GF/s  setup=0.031 s
mkl1d_dfti               L=1021 B=256   m=1     inner=16     min=     8.738 us/xform  median=     8.741  sd=  0.06%      5.84 GF/s  setup=0.033 s
mkl1d_dfti               L=1021 B=256   m=1     inner=16     min=     8.747 us/xform  median=     8.748  sd=  0.01%      5.83 GF/s  setup=0.032 s
   skipping baseline_dft at L=10007 B=64 (too expensive to be informative)
d1_bluestein             L=10007 B=64    m=1     inner=4      min=   127.267 us/xform  median=   128.360  sd=  0.36%      5.22 GF/s  setup=0.008 s
d1_bluestein             L=10007 B=64    m=1     inner=4      min=   112.566 us/xform  median=   112.610  sd=  0.02%      5.91 GF/s  setup=0.008 s
d1_bluestein             L=10007 B=64    m=1     inner=4      min=   127.093 us/xform  median=   127.162  sd=  0.03%      5.23 GF/s  setup=0.008 s
d1_bluestein             L=10007 B=64    m=1     inner=4      min=   128.284 us/xform  median=   128.358  sd=  0.09%      5.18 GF/s  setup=0.008 s
d1_bluestein             L=10007 B=64    m=1     inner=4      min=   149.287 us/xform  median=   149.414  sd=  0.04%      4.45 GF/s  setup=0.008 s
d1_bluestein             L=10007 B=64    m=1     inner=4      min=   142.333 us/xform  median=   142.398  sd=  0.31%      4.67 GF/s  setup=0.009 s
d1_bluestein             L=10007 B=64    m=1     inner=4      min=   138.563 us/xform  median=   138.629  sd=  0.05%      4.80 GF/s  setup=0.009 s
d1_bluestein             L=10007 B=64    m=1     inner=4      min=   151.624 us/xform  median=   151.705  sd=  0.03%      4.39 GF/s  setup=0.008 s
d1_bluestein             L=10007 B=64    m=1     inner=4      min=   151.535 us/xform  median=   151.612  sd=  0.08%      4.39 GF/s  setup=0.007 s
d1_planner               L=10007 B=64    m=1     inner=4      min=   136.224 us/xform  median=   136.295  sd=  0.04%      4.88 GF/s  setup=0.007 s
d1_planner               L=10007 B=64    m=1     inner=4      min=   136.988 us/xform  median=   137.113  sd=  1.03%      4.85 GF/s  setup=0.007 s
d1_planner               L=10007 B=64    m=1     inner=4      min=   154.663 us/xform  median=   154.726  sd=  0.02%      4.30 GF/s  setup=0.008 s
d1_planner               L=10007 B=64    m=1     inner=4      min=   135.649 us/xform  median=   138.750  sd=  1.13%      4.90 GF/s  setup=0.007 s
d1_planner               L=10007 B=64    m=1     inner=4      min=   155.890 us/xform  median=   155.921  sd=  0.02%      4.27 GF/s  setup=0.008 s
d1_planner               L=10007 B=64    m=1     inner=4      min=   136.059 us/xform  median=   136.126  sd=  0.03%      4.89 GF/s  setup=0.008 s
d1_planner               L=10007 B=64    m=1     inner=4      min=   154.445 us/xform  median=   154.535  sd=  0.03%      4.31 GF/s  setup=0.008 s
d1_planner               L=10007 B=64    m=1     inner=4      min=   139.555 us/xform  median=   139.636  sd=  0.03%      4.76 GF/s  setup=0.008 s
d1_planner               L=10007 B=64    m=1     inner=2      min=   156.191 us/xform  median=   156.279  sd=  0.04%      4.26 GF/s  setup=0.008 s
d1_race                  L=10007 B=64    m=1     inner=4      min=   109.493 us/xform  median=   109.506  sd=  0.02%      6.07 GF/s  setup=3.500 s
d1_race                  L=10007 B=64    m=1     inner=4      min=   110.576 us/xform  median=   110.595  sd=  0.02%      6.01 GF/s  setup=2.216 s
d1_race                  L=10007 B=64    m=1     inner=4      min=   110.878 us/xform  median=   110.929  sd=  0.04%      6.00 GF/s  setup=0.016 s
d1_race                  L=10007 B=64    m=1     inner=4      min=   110.404 us/xform  median=   110.427  sd=  0.02%      6.02 GF/s  setup=0.017 s
d1_race                  L=10007 B=64    m=1     inner=4      min=   111.661 us/xform  median=   111.693  sd=  0.04%      5.95 GF/s  setup=0.015 s
d1_race                  L=10007 B=64    m=1     inner=4      min=   109.970 us/xform  median=   109.998  sd=  0.02%      6.05 GF/s  setup=0.015 s
d1_race                  L=10007 B=64    m=1     inner=4      min=   111.555 us/xform  median=   111.586  sd=  0.02%      5.96 GF/s  setup=0.012 s
d1_race                  L=10007 B=64    m=1     inner=4      min=   110.239 us/xform  median=   110.256  sd=  0.02%      6.03 GF/s  setup=0.012 s
d1_race                  L=10007 B=64    m=1     inner=4      min=   110.738 us/xform  median=   110.795  sd=  0.02%      6.00 GF/s  setup=0.015 s
fftw1d_estimate          L=10007 B=64    m=1     inner=1      min=   444.463 us/xform  median=   453.411  sd=  0.58%      1.50 GF/s  setup=0.002 s
fftw1d_estimate          L=10007 B=64    m=1     inner=1      min=   365.226 us/xform  median=   365.940  sd=  0.10%      1.82 GF/s  setup=0.003 s
fftw1d_estimate          L=10007 B=64    m=1     inner=1      min=   448.786 us/xform  median=   449.506  sd=  0.39%      1.48 GF/s  setup=0.002 s
fftw1d_estimate          L=10007 B=64    m=1     inner=1      min=   367.866 us/xform  median=   368.464  sd=  0.09%      1.81 GF/s  setup=0.003 s
fftw1d_estimate          L=10007 B=64    m=1     inner=1      min=   449.761 us/xform  median=   450.369  sd=  0.06%      1.48 GF/s  setup=0.002 s
fftw1d_estimate          L=10007 B=64    m=1     inner=1      min=   453.752 us/xform  median=   454.334  sd=  0.15%      1.47 GF/s  setup=0.002 s
fftw1d_estimate          L=10007 B=64    m=1     inner=1      min=   460.382 us/xform  median=   460.676  sd=  0.06%      1.44 GF/s  setup=0.003 s
fftw1d_estimate          L=10007 B=64    m=1     inner=1      min=   365.049 us/xform  median=   365.544  sd=  0.07%      1.82 GF/s  setup=0.003 s
fftw1d_estimate          L=10007 B=64    m=1     inner=1      min=   363.434 us/xform  median=   363.919  sd=  0.09%      1.83 GF/s  setup=0.002 s
fftw1d_measure           L=10007 B=64    m=1     inner=2      min=   221.409 us/xform  median=   222.118  sd=  0.11%      3.00 GF/s  setup=1.133 s
fftw1d_measure           L=10007 B=64    m=1     inner=2      min=   229.313 us/xform  median=   278.334  sd=  6.65%      2.90 GF/s  setup=1.274 s
fftw1d_measure           L=10007 B=64    m=1     inner=2      min=   217.216 us/xform  median=   219.114  sd=  7.64%      3.06 GF/s  setup=1.262 s
fftw1d_measure           L=10007 B=64    m=1     inner=2      min=   217.498 us/xform  median=   224.784  sd=  9.97%      3.06 GF/s  setup=1.281 s
fftw1d_measure           L=10007 B=64    m=1     inner=2      min=   217.679 us/xform  median=   218.639  sd=  0.52%      3.05 GF/s  setup=1.280 s
fftw1d_measure           L=10007 B=64    m=1     inner=2      min=   217.290 us/xform  median=   218.058  sd=  0.36%      3.06 GF/s  setup=1.134 s
fftw1d_measure           L=10007 B=64    m=1     inner=2      min=   219.179 us/xform  median=   219.636  sd=  0.28%      3.03 GF/s  setup=1.137 s
fftw1d_measure           L=10007 B=64    m=1     inner=2      min=   224.650 us/xform  median=   224.888  sd=  0.08%      2.96 GF/s  setup=1.253 s
fftw1d_measure           L=10007 B=64    m=1     inner=2      min=   216.458 us/xform  median=   217.779  sd=  0.31%      3.07 GF/s  setup=1.133 s
fftw1d_patient           L=10007 B=64    m=1     inner=2      min=   206.460 us/xform  median=   208.844  sd=  0.49%      3.22 GF/s  setup=19.819 s
fftw1d_patient           L=10007 B=64    m=1     inner=2      min=   212.624 us/xform  median=   214.277  sd=  0.42%      3.13 GF/s  setup=19.813 s
fftw1d_patient           L=10007 B=64    m=1     inner=2      min=   207.314 us/xform  median=   208.473  sd=  0.26%      3.21 GF/s  setup=19.719 s
fftw1d_patient           L=10007 B=64    m=1     inner=2      min=   205.620 us/xform  median=   207.574  sd=  0.57%      3.23 GF/s  setup=19.729 s
fftw1d_patient           L=10007 B=64    m=1     inner=2      min=   208.274 us/xform  median=   209.604  sd=  0.32%      3.19 GF/s  setup=19.735 s
fftw1d_patient           L=10007 B=64    m=1     inner=2      min=   204.160 us/xform  median=   208.530  sd=  1.78%      3.26 GF/s  setup=19.735 s
fftw1d_patient           L=10007 B=64    m=1     inner=2      min=   214.178 us/xform  median=   214.868  sd=  0.21%      3.10 GF/s  setup=19.716 s
fftw1d_patient           L=10007 B=64    m=1     inner=2      min=   202.125 us/xform  median=   204.646  sd=  0.64%      3.29 GF/s  setup=19.830 s
fftw1d_patient           L=10007 B=64    m=1     inner=2      min=   206.788 us/xform  median=   209.602  sd=  0.68%      3.22 GF/s  setup=19.853 s
mkl1d_dfti               L=10007 B=64    m=1     inner=1      min=   379.071 us/xform  median=   379.886  sd=  0.15%      1.75 GF/s  setup=0.053 s
mkl1d_dfti               L=10007 B=64    m=1     inner=1      min=   368.700 us/xform  median=   369.271  sd=  0.19%      1.80 GF/s  setup=0.036 s
mkl1d_dfti               L=10007 B=64    m=1     inner=1      min=   371.128 us/xform  median=   372.175  sd=  0.23%      1.79 GF/s  setup=0.061 s
mkl1d_dfti               L=10007 B=64    m=1     inner=1      min=   366.861 us/xform  median=   367.526  sd=  0.12%      1.81 GF/s  setup=0.034 s
mkl1d_dfti               L=10007 B=64    m=1     inner=1      min=   368.017 us/xform  median=   369.017  sd=  0.22%      1.81 GF/s  setup=0.036 s
mkl1d_dfti               L=10007 B=64    m=1     inner=1      min=   365.537 us/xform  median=   366.165  sd=  0.16%      1.82 GF/s  setup=0.035 s
mkl1d_dfti               L=10007 B=64    m=1     inner=1      min=   370.632 us/xform  median=   371.584  sd=  0.18%      1.79 GF/s  setup=0.040 s
mkl1d_dfti               L=10007 B=64    m=1     inner=1      min=   297.488 us/xform  median=   370.505  sd=  8.10%      2.24 GF/s  setup=0.016 s
mkl1d_dfti               L=10007 B=64    m=1     inner=2      min=   278.920 us/xform  median=   279.459  sd=  0.12%      2.38 GF/s  setup=0.032 s
   skipping baseline_dft at L=65537 B=16 (too expensive to be informative)
d1_bluestein             L=65537 B=16    m=1     inner=2      min=   888.280 us/xform  median=   889.534  sd=  0.17%      5.90 GF/s  setup=0.026 s
d1_bluestein             L=65537 B=16    m=1     inner=2      min=   908.281 us/xform  median=   909.009  sd=  0.05%      5.77 GF/s  setup=0.021 s
d1_bluestein             L=65537 B=16    m=1     inner=2      min=   892.461 us/xform  median=   893.761  sd=  0.15%      5.87 GF/s  setup=0.021 s
d1_bluestein             L=65537 B=16    m=1     inner=2      min=  1016.079 us/xform  median=  1017.530  sd=  0.12%      5.16 GF/s  setup=0.026 s
d1_bluestein             L=65537 B=16    m=1     inner=2      min=   981.671 us/xform  median=   982.610  sd=  0.04%      5.34 GF/s  setup=0.028 s
d1_bluestein             L=65537 B=16    m=1     inner=2      min=  1003.694 us/xform  median=  1004.411  sd=  0.12%      5.22 GF/s  setup=0.027 s
d1_bluestein             L=65537 B=16    m=1     inner=2      min=   979.645 us/xform  median=   980.712  sd=  0.31%      5.35 GF/s  setup=0.027 s
d1_bluestein             L=65537 B=16    m=1     inner=2      min=  1002.027 us/xform  median=  1002.490  sd=  0.04%      5.23 GF/s  setup=0.027 s
d1_bluestein             L=65537 B=16    m=1     inner=2      min=   981.165 us/xform  median=   982.161  sd=  0.30%      5.34 GF/s  setup=0.027 s
d1_planner               L=65537 B=16    m=1     inner=2      min=  1058.116 us/xform  median=  1070.032  sd=  0.35%      4.96 GF/s  setup=0.026 s
d1_planner               L=65537 B=16    m=1     inner=2      min=   970.295 us/xform  median=  1068.130  sd=  2.66%      5.40 GF/s  setup=0.026 s
d1_planner               L=65537 B=16    m=1     inner=2      min=   995.232 us/xform  median=  1033.828  sd=  1.61%      5.27 GF/s  setup=0.027 s
d1_planner               L=65537 B=16    m=1     inner=2      min=   923.104 us/xform  median=   924.136  sd=  0.09%      5.68 GF/s  setup=0.029 s
d1_planner               L=65537 B=16    m=1     inner=2      min=  1157.414 us/xform  median=  1202.370  sd=  3.38%      4.53 GF/s  setup=0.033 s
d1_planner               L=65537 B=16    m=1     inner=2      min=  1007.969 us/xform  median=  1009.061  sd=  0.08%      5.20 GF/s  setup=0.029 s
d1_planner               L=65537 B=16    m=1     inner=2      min=  1021.855 us/xform  median=  1022.288  sd=  0.04%      5.13 GF/s  setup=0.027 s
d1_planner               L=65537 B=16    m=1     inner=2      min=  1197.916 us/xform  median=  1249.788  sd=  1.44%      4.38 GF/s  setup=0.027 s
d1_planner               L=65537 B=16    m=1     inner=1      min=  1380.564 us/xform  median=  1382.688  sd=  0.10%      3.80 GF/s  setup=0.027 s
d1_race                  L=65537 B=16    m=1     inner=2      min=   879.738 us/xform  median=   880.743  sd=  0.40%      5.96 GF/s  setup=5.766 s
d1_race                  L=65537 B=16    m=1     inner=2      min=   921.286 us/xform  median=   922.007  sd=  0.34%      5.69 GF/s  setup=0.052 s
d1_race                  L=65537 B=16    m=1     inner=2      min=   910.346 us/xform  median=   911.737  sd=  0.22%      5.76 GF/s  setup=0.048 s
d1_race                  L=65537 B=16    m=1     inner=2      min=   907.162 us/xform  median=   907.612  sd=  0.06%      5.78 GF/s  setup=0.042 s
d1_race                  L=65537 B=16    m=1     inner=2      min=   880.541 us/xform  median=   881.581  sd=  0.06%      5.95 GF/s  setup=0.044 s
d1_race                  L=65537 B=16    m=1     inner=2      min=   879.193 us/xform  median=   880.590  sd=  0.06%      5.96 GF/s  setup=0.043 s
d1_race                  L=65537 B=16    m=1     inner=2      min=   879.114 us/xform  median=   879.441  sd=  0.07%      5.96 GF/s  setup=0.034 s
d1_race                  L=65537 B=16    m=1     inner=2      min=   906.090 us/xform  median=   907.364  sd=  0.08%      5.79 GF/s  setup=0.041 s
d1_race                  L=65537 B=16    m=1     inner=2      min=   915.830 us/xform  median=   916.809  sd=  0.05%      5.72 GF/s  setup=0.043 s
d1_rader                 L=65537 B=16    m=1     inner=2      min=   881.613 us/xform  median=   882.387  sd=  0.05%      5.95 GF/s  setup=0.005 s
d1_rader                 L=65537 B=16    m=1     inner=2      min=  1026.851 us/xform  median=  1028.097  sd=  0.07%      5.11 GF/s  setup=0.006 s
d1_rader                 L=65537 B=16    m=1     inner=2      min=   970.889 us/xform  median=   971.822  sd=  0.10%      5.40 GF/s  setup=0.007 s
d1_rader                 L=65537 B=16    m=1     inner=2      min=  1032.195 us/xform  median=  1033.031  sd=  0.06%      5.08 GF/s  setup=0.006 s
d1_rader                 L=65537 B=16    m=1     inner=2      min=   909.308 us/xform  median=   910.414  sd=  0.88%      5.77 GF/s  setup=0.006 s
d1_rader                 L=65537 B=16    m=1     inner=2      min=   984.315 us/xform  median=   985.656  sd=  0.35%      5.33 GF/s  setup=0.006 s
d1_rader                 L=65537 B=16    m=1     inner=2      min=   988.589 us/xform  median=   990.053  sd=  0.27%      5.30 GF/s  setup=0.006 s
d1_rader                 L=65537 B=16    m=1     inner=2      min=  1179.945 us/xform  median=  1181.183  sd=  0.16%      4.44 GF/s  setup=0.007 s
d1_rader                 L=65537 B=16    m=1     inner=2      min=   926.300 us/xform  median=   926.997  sd=  0.28%      5.66 GF/s  setup=0.007 s
fftw1d_estimate          L=65537 B=16    m=1     inner=1      min=  2409.977 us/xform  median=  2416.244  sd=  0.16%      2.18 GF/s  setup=0.009 s
fftw1d_estimate          L=65537 B=16    m=1     inner=1      min=  2454.121 us/xform  median=  2459.173  sd=  0.15%      2.14 GF/s  setup=0.010 s
fftw1d_estimate          L=65537 B=16    m=1     inner=1      min=  2424.120 us/xform  median=  2427.622  sd=  0.13%      2.16 GF/s  setup=0.009 s
fftw1d_estimate          L=65537 B=16    m=1     inner=1      min=  1872.578 us/xform  median=  1877.251  sd=  9.04%      2.80 GF/s  setup=0.009 s
fftw1d_estimate          L=65537 B=16    m=1     inner=1      min=  1859.097 us/xform  median=  1861.363  sd=  0.09%      2.82 GF/s  setup=0.009 s
fftw1d_estimate          L=65537 B=16    m=1     inner=1      min=  1869.422 us/xform  median=  1872.206  sd=  0.09%      2.80 GF/s  setup=0.009 s
fftw1d_estimate          L=65537 B=16    m=1     inner=1      min=  2451.936 us/xform  median=  2454.450  sd=  0.11%      2.14 GF/s  setup=0.009 s
fftw1d_estimate          L=65537 B=16    m=1     inner=1      min=  1861.547 us/xform  median=  1864.015  sd=  0.07%      2.82 GF/s  setup=0.007 s
fftw1d_estimate          L=65537 B=16    m=1     inner=1      min=  1866.953 us/xform  median=  1870.716  sd=  0.11%      2.81 GF/s  setup=0.007 s
fftw1d_measure           L=65537 B=16    m=1     inner=1      min=  1672.144 us/xform  median=  1674.447  sd=  0.08%      3.14 GF/s  setup=4.392 s
fftw1d_measure           L=65537 B=16    m=1     inner=1      min=  1680.268 us/xform  median=  1682.267  sd=  0.09%      3.12 GF/s  setup=4.353 s
fftw1d_measure           L=65537 B=16    m=1     inner=1      min=  1646.925 us/xform  median=  1649.207  sd=  0.09%      3.18 GF/s  setup=4.340 s
fftw1d_measure           L=65537 B=16    m=1     inner=1      min=  1654.507 us/xform  median=  1657.653  sd=  0.13%      3.17 GF/s  setup=4.223 s
fftw1d_measure           L=65537 B=16    m=1     inner=1      min=  1694.508 us/xform  median=  1698.534  sd=  0.09%      3.09 GF/s  setup=4.441 s
fftw1d_measure           L=65537 B=16    m=1     inner=1      min=  1670.314 us/xform  median=  1673.139  sd=  0.10%      3.14 GF/s  setup=4.372 s
fftw1d_measure           L=65537 B=16    m=1     inner=1      min=  1649.007 us/xform  median=  1651.510  sd=  0.09%      3.18 GF/s  setup=4.370 s
fftw1d_measure           L=65537 B=16    m=1     inner=1      min=  1671.535 us/xform  median=  1673.612  sd=  0.14%      3.14 GF/s  setup=4.299 s
fftw1d_measure           L=65537 B=16    m=1     inner=1      min=  1688.521 us/xform  median=  1690.818  sd=  0.11%      3.11 GF/s  setup=4.419 s
fftw1d_patient           L=65537 B=16    m=1     inner=1      min=  1551.358 us/xform  median=  1553.393  sd=  0.35%      3.38 GF/s  setup=58.038 s
fftw1d_patient           L=65537 B=16    m=1     inner=1      min=  1547.452 us/xform  median=  1549.027  sd=  0.36%      3.39 GF/s  setup=58.094 s
fftw1d_patient           L=65537 B=16    m=1     inner=1      min=  1535.180 us/xform  median=  1537.883  sd=  0.41%      3.42 GF/s  setup=58.018 s
fftw1d_patient           L=65537 B=16    m=1     inner=1      min=  1536.291 us/xform  median=  1540.819  sd=  0.14%      3.41 GF/s  setup=57.799 s
fftw1d_patient           L=65537 B=16    m=1     inner=1      min=  1536.461 us/xform  median=  1537.972  sd=  0.36%      3.41 GF/s  setup=58.028 s
fftw1d_patient           L=65537 B=16    m=1     inner=1      min=  1547.409 us/xform  median=  1550.519  sd=  0.10%      3.39 GF/s  setup=58.388 s
fftw1d_patient           L=65537 B=16    m=1     inner=1      min=  1536.652 us/xform  median=  1538.991  sd=  0.37%      3.41 GF/s  setup=58.007 s
fftw1d_patient           L=65537 B=16    m=1     inner=1      min=  1519.886 us/xform  median=  1522.355  sd=  0.12%      3.45 GF/s  setup=57.994 s
fftw1d_patient           L=65537 B=16    m=1     inner=1      min=  1516.244 us/xform  median=  1518.284  sd=  0.07%      3.46 GF/s  setup=57.961 s
mkl1d_dfti               L=65537 B=16    m=1     inner=1      min=  4127.266 us/xform  median=  4130.330  sd=  0.09%      1.27 GF/s  setup=0.062 s
mkl1d_dfti               L=65537 B=16    m=1     inner=1      min=  4632.952 us/xform  median=  4636.851  sd=  0.10%      1.13 GF/s  setup=0.069 s
mkl1d_dfti               L=65537 B=16    m=1     inner=1      min=  4122.371 us/xform  median=  4124.910  sd=  0.04%      1.27 GF/s  setup=0.069 s
mkl1d_dfti               L=65537 B=16    m=1     inner=1      min=  4508.265 us/xform  median=  4647.429  sd=  1.18%      1.16 GF/s  setup=0.063 s
mkl1d_dfti               L=65537 B=16    m=1     inner=1      min=  4636.855 us/xform  median=  4646.236  sd=  0.12%      1.13 GF/s  setup=0.065 s
mkl1d_dfti               L=65537 B=16    m=1     inner=1      min=  4147.185 us/xform  median=  4158.670  sd=  0.20%      1.26 GF/s  setup=0.065 s
mkl1d_dfti               L=65537 B=16    m=1     inner=1      min=  4644.707 us/xform  median=  4646.689  sd=  0.05%      1.13 GF/s  setup=0.066 s
mkl1d_dfti               L=65537 B=16    m=1     inner=1      min=  4630.421 us/xform  median=  4641.902  sd=  0.14%      1.13 GF/s  setup=0.068 s
mkl1d_dfti               L=65537 B=16    m=1     inner=1      min=  4633.650 us/xform  median=  4643.549  sd=  0.15%      1.13 GF/s  setup=0.066 s
   skipping baseline_dft at L=100003 B=8 (too expensive to be informative)
d1_bluestein             L=100003 B=8     m=1     inner=1      min=  3299.635 us/xform  median=  3305.289  sd=  0.11%      2.52 GF/s  setup=0.033 s
d1_bluestein             L=100003 B=8     m=1     inner=1      min=  3293.882 us/xform  median=  3297.031  sd=  0.07%      2.52 GF/s  setup=0.032 s
d1_bluestein             L=100003 B=8     m=1     inner=1      min=  3210.101 us/xform  median=  3214.643  sd=  0.10%      2.59 GF/s  setup=0.033 s
d1_bluestein             L=100003 B=8     m=1     inner=1      min=  3302.990 us/xform  median=  3307.493  sd=  0.08%      2.51 GF/s  setup=0.032 s
d1_bluestein             L=100003 B=8     m=1     inner=1      min=  3290.271 us/xform  median=  3295.031  sd=  0.14%      2.52 GF/s  setup=0.032 s
d1_bluestein             L=100003 B=8     m=1     inner=1      min=  3293.134 us/xform  median=  3299.600  sd=  0.08%      2.52 GF/s  setup=0.032 s
d1_bluestein             L=100003 B=8     m=1     inner=1      min=  3217.217 us/xform  median=  3221.269  sd=  0.10%      2.58 GF/s  setup=0.031 s
d1_bluestein             L=100003 B=8     m=1     inner=1      min=  3293.798 us/xform  median=  3301.054  sd=  0.11%      2.52 GF/s  setup=0.031 s
d1_bluestein             L=100003 B=8     m=1     inner=1      min=  3221.525 us/xform  median=  3225.112  sd=  0.40%      2.58 GF/s  setup=0.032 s
d1_planner               L=100003 B=8     m=1     inner=1      min=  3388.531 us/xform  median=  3394.298  sd=  0.16%      2.45 GF/s  setup=0.030 s
d1_planner               L=100003 B=8     m=1     inner=1      min=  3382.037 us/xform  median=  3387.692  sd=  0.07%      2.46 GF/s  setup=0.031 s
d1_planner               L=100003 B=8     m=1     inner=1      min=  2498.200 us/xform  median=  3388.962  sd= 12.67%      3.32 GF/s  setup=0.029 s
d1_planner               L=100003 B=8     m=1     inner=1      min=  3132.890 us/xform  median=  3135.252  sd=  0.38%      2.65 GF/s  setup=0.028 s
d1_planner               L=100003 B=8     m=1     inner=1      min=  3265.321 us/xform  median=  3269.445  sd=  0.06%      2.54 GF/s  setup=0.031 s
d1_planner               L=100003 B=8     m=1     inner=2      min=  2449.791 us/xform  median=  2451.601  sd=  0.04%      3.39 GF/s  setup=0.028 s
d1_planner               L=100003 B=8     m=1     inner=1      min=  3065.019 us/xform  median=  3128.493  sd=  0.78%      2.71 GF/s  setup=0.027 s
d1_planner               L=100003 B=8     m=1     inner=1      min=  3258.750 us/xform  median=  3262.586  sd=  0.09%      2.55 GF/s  setup=0.030 s
d1_planner               L=100003 B=8     m=1     inner=1      min=  3300.052 us/xform  median=  3304.549  sd=  1.84%      2.52 GF/s  setup=0.029 s
d1_race                  L=100003 B=8     m=1     inner=2      min=  2412.181 us/xform  median=  2413.797  sd=  0.21%      3.44 GF/s  setup=5.843 s
d1_race                  L=100003 B=8     m=1     inner=2      min=  2431.872 us/xform  median=  2435.096  sd=  0.06%      3.42 GF/s  setup=0.074 s
d1_race                  L=100003 B=8     m=1     inner=2      min=  2403.741 us/xform  median=  2405.832  sd=  0.10%      3.46 GF/s  setup=0.068 s
d1_race                  L=100003 B=8     m=1     inner=2      min=  2435.194 us/xform  median=  2436.397  sd=  0.07%      3.41 GF/s  setup=0.061 s
d1_race                  L=100003 B=8     m=1     inner=2      min=  2384.025 us/xform  median=  2385.683  sd=  0.05%      3.48 GF/s  setup=0.068 s
d1_race                  L=100003 B=8     m=1     inner=2      min=  2430.419 us/xform  median=  2431.713  sd=  0.04%      3.42 GF/s  setup=0.060 s
d1_race                  L=100003 B=8     m=1     inner=2      min=  2385.585 us/xform  median=  2388.588  sd=  0.06%      3.48 GF/s  setup=0.063 s
d1_race                  L=100003 B=8     m=1     inner=2      min=  2413.258 us/xform  median=  2414.623  sd=  0.06%      3.44 GF/s  setup=0.069 s
d1_race                  L=100003 B=8     m=1     inner=2      min=  2405.450 us/xform  median=  2406.824  sd=  0.10%      3.45 GF/s  setup=0.063 s
fftw1d_estimate          L=100003 B=8     m=1     inner=1      min=  7223.208 us/xform  median=  7231.823  sd=  0.20%      1.15 GF/s  setup=0.013 s
fftw1d_estimate          L=100003 B=8     m=1     inner=1      min=  4992.021 us/xform  median=  4996.763  sd=  0.12%      1.66 GF/s  setup=0.014 s
fftw1d_estimate          L=100003 B=8     m=1     inner=1      min=  6141.664 us/xform  median=  6349.703  sd=  1.54%      1.35 GF/s  setup=0.013 s
fftw1d_estimate          L=100003 B=8     m=1     inner=1      min=  5016.599 us/xform  median=  5025.805  sd=  1.24%      1.66 GF/s  setup=0.012 s
fftw1d_estimate          L=100003 B=8     m=1     inner=1      min=  7017.442 us/xform  median=  7020.980  sd=  0.06%      1.18 GF/s  setup=0.013 s
fftw1d_estimate          L=100003 B=8     m=1     inner=1      min=  5038.433 us/xform  median=  5048.818  sd=  0.09%      1.65 GF/s  setup=0.014 s
fftw1d_estimate          L=100003 B=8     m=1     inner=1      min=  7048.639 us/xform  median=  7051.551  sd=  0.05%      1.18 GF/s  setup=0.013 s
fftw1d_estimate          L=100003 B=8     m=1     inner=1      min=  4978.400 us/xform  median=  4988.368  sd=  0.13%      1.67 GF/s  setup=0.011 s
fftw1d_estimate          L=100003 B=8     m=1     inner=1      min=  6360.051 us/xform  median=  6363.525  sd=  0.05%      1.31 GF/s  setup=0.014 s
fftw1d_measure           L=100003 B=8     m=1     inner=1      min=  3084.923 us/xform  median=  3090.918  sd=  0.31%      2.69 GF/s  setup=4.787 s
fftw1d_measure           L=100003 B=8     m=1     inner=1      min=  3024.669 us/xform  median=  3033.064  sd=  0.34%      2.75 GF/s  setup=4.644 s
fftw1d_measure           L=100003 B=8     m=1     inner=1      min=  3038.625 us/xform  median=  3046.838  sd=  0.37%      2.73 GF/s  setup=4.751 s
fftw1d_measure           L=100003 B=8     m=1     inner=1      min=  3020.106 us/xform  median=  3028.664  sd=  0.40%      2.75 GF/s  setup=4.623 s
fftw1d_measure           L=100003 B=8     m=1     inner=1      min=  3092.861 us/xform  median=  3098.691  sd=  0.34%      2.69 GF/s  setup=4.644 s
fftw1d_measure           L=100003 B=8     m=1     inner=1      min=  3065.006 us/xform  median=  3070.427  sd=  0.31%      2.71 GF/s  setup=4.750 s
fftw1d_measure           L=100003 B=8     m=1     inner=1      min=  2911.091 us/xform  median=  2917.356  sd=  0.35%      2.85 GF/s  setup=4.651 s
fftw1d_measure           L=100003 B=8     m=1     inner=1      min=  2902.495 us/xform  median=  2911.440  sd=  0.34%      2.86 GF/s  setup=4.652 s
fftw1d_measure           L=100003 B=8     m=1     inner=1      min=  3077.426 us/xform  median=  3086.250  sd=  0.43%      2.70 GF/s  setup=4.646 s
fftw1d_patient           L=100003 B=8     m=1     inner=1      min=  2834.768 us/xform  median=  2839.429  sd=  0.15%      2.93 GF/s  setup=62.595 s
fftw1d_patient           L=100003 B=8     m=1     inner=1      min=  3004.173 us/xform  median=  3007.029  sd=  0.13%      2.76 GF/s  setup=62.874 s
fftw1d_patient           L=100003 B=8     m=1     inner=1      min=  2827.833 us/xform  median=  2835.203  sd=  0.19%      2.94 GF/s  setup=62.414 s
fftw1d_patient           L=100003 B=8     m=1     inner=1      min=  3096.711 us/xform  median=  3121.426  sd=  0.43%      2.68 GF/s  setup=63.066 s
fftw1d_patient           L=100003 B=8     m=1     inner=1      min=  2865.687 us/xform  median=  2870.721  sd=  0.35%      2.90 GF/s  setup=62.613 s
fftw1d_patient           L=100003 B=8     m=1     inner=1      min=  3089.949 us/xform  median=  3116.299  sd=  0.52%      2.69 GF/s  setup=63.105 s
fftw1d_patient           L=100003 B=8     m=1     inner=1      min=  2821.575 us/xform  median=  2830.758  sd=  0.15%      2.94 GF/s  setup=62.546 s
fftw1d_patient           L=100003 B=8     m=1     inner=1      min=  2833.476 us/xform  median=  2842.411  sd=  0.16%      2.93 GF/s  setup=62.548 s
fftw1d_patient           L=100003 B=8     m=1     inner=1      min=  3023.552 us/xform  median=  3078.237  sd=  1.30%      2.75 GF/s  setup=63.212 s
mkl1d_dfti               L=100003 B=8     m=1     inner=1      min=  4138.222 us/xform  median=  4143.101  sd=  0.19%      2.01 GF/s  setup=0.067 s
mkl1d_dfti               L=100003 B=8     m=1     inner=1      min=  4677.233 us/xform  median=  4683.683  sd=  0.13%      1.78 GF/s  setup=0.053 s
mkl1d_dfti               L=100003 B=8     m=1     inner=1      min=  4679.126 us/xform  median=  4683.908  sd=  0.08%      1.77 GF/s  setup=0.045 s
mkl1d_dfti               L=100003 B=8     m=1     inner=1      min=  4826.906 us/xform  median=  4834.757  sd=  0.08%      1.72 GF/s  setup=0.026 s
mkl1d_dfti               L=100003 B=8     m=1     inner=1      min=  4677.725 us/xform  median=  4686.971  sd=  0.25%      1.78 GF/s  setup=0.075 s
mkl1d_dfti               L=100003 B=8     m=1     inner=1      min=  4672.741 us/xform  median=  4676.579  sd=  0.09%      1.78 GF/s  setup=0.027 s
mkl1d_dfti               L=100003 B=8     m=1     inner=1      min=  4829.113 us/xform  median=  4837.058  sd=  0.11%      1.72 GF/s  setup=0.069 s
mkl1d_dfti               L=100003 B=8     m=1     inner=1      min=  4679.377 us/xform  median=  4692.867  sd=  0.22%      1.77 GF/s  setup=0.047 s
mkl1d_dfti               L=100003 B=8     m=1     inner=1      min=  4740.413 us/xform  median=  4842.175  sd=  0.65%      1.75 GF/s  setup=0.050 s
baseline_dft             L=60  B=512   m=600   inner=1      min=     6.380 us/xform  median=     6.510  sd=  0.73%      0.28 GF/s  setup=0.000 s
baseline_dft             L=60  B=512   m=600   inner=1      min=     6.443 us/xform  median=     6.510  sd=  0.30%      0.28 GF/s  setup=0.000 s
baseline_dft             L=60  B=512   m=600   inner=1      min=     6.508 us/xform  median=     6.510  sd=  0.01%      0.27 GF/s  setup=0.000 s
baseline_dft             L=60  B=512   m=2     inner=1      min=     8.009 us/xform  median=     8.009  sd=  0.00%      0.22 GF/s  setup=0.000 s
d1_batchlane             L=60  B=512   m=600   inner=2      min=     0.054 us/xform  median=     0.054  sd=  0.02%     33.12 GF/s  setup=0.000 s
d1_batchlane             L=60  B=512   m=600   inner=2      min=     0.053 us/xform  median=     0.053  sd=  0.02%     33.16 GF/s  setup=0.000 s
d1_batchlane             L=60  B=512   m=600   inner=2      min=     0.061 us/xform  median=     0.061  sd=  0.04%     29.10 GF/s  setup=0.000 s
d1_batchlane             L=60  B=512   m=2     inner=6      min=     0.268 us/xform  median=     0.268  sd=  0.00%      6.60 GF/s  setup=0.000 s
d1_bluestein             L=60  B=512   m=600   inner=1      min=     0.374 us/xform  median=     0.433  sd=  7.27%      4.73 GF/s  setup=0.001 s
d1_bluestein             L=60  B=512   m=600   inner=1      min=     0.392 us/xform  median=     0.392  sd=  0.02%      4.52 GF/s  setup=0.001 s
d1_bluestein             L=60  B=512   m=600   inner=1      min=     0.401 us/xform  median=     0.401  sd=  0.01%      4.42 GF/s  setup=0.000 s
d1_bluestein             L=60  B=512   m=2     inner=4      min=     0.478 us/xform  median=     0.478  sd=  0.00%      3.71 GF/s  setup=0.001 s
d1_composite             L=60  B=512   m=600   inner=2      min=     0.054 us/xform  median=     0.054  sd=  0.02%     32.98 GF/s  setup=0.000 s
d1_composite             L=60  B=512   m=600   inner=2      min=     0.054 us/xform  median=     0.054  sd=  0.01%     32.96 GF/s  setup=0.000 s
d1_composite             L=60  B=512   m=600   inner=2      min=     0.054 us/xform  median=     0.054  sd=  0.01%     32.99 GF/s  setup=0.000 s
d1_composite             L=60  B=512   m=2     inner=6      min=     0.261 us/xform  median=     0.261  sd=  0.00%      6.79 GF/s  setup=0.000 s
d1_planner               L=60  B=512   m=600   inner=1      min=     0.098 us/xform  median=     0.098  sd=  0.04%     18.07 GF/s  setup=0.000 s
d1_planner               L=60  B=512   m=600   inner=1      min=     0.100 us/xform  median=     0.100  sd=  0.03%     17.79 GF/s  setup=0.000 s
d1_planner               L=60  B=512   m=600   inner=1      min=     0.100 us/xform  median=     0.100  sd=  0.03%     17.72 GF/s  setup=0.000 s
d1_planner               L=60  B=512   m=2     inner=8      min=     0.239 us/xform  median=     0.239  sd=  0.00%      7.43 GF/s  setup=0.000 s
d1_race                  L=60  B=512   m=600   inner=2      min=     0.054 us/xform  median=     0.054  sd=  0.02%     32.92 GF/s  setup=0.012 s
d1_race                  L=60  B=512   m=600   inner=2      min=     0.054 us/xform  median=     0.054  sd=  0.02%     32.98 GF/s  setup=0.010 s
d1_race                  L=60  B=512   m=600   inner=2      min=     0.054 us/xform  median=     0.054  sd=  0.02%     33.04 GF/s  setup=0.008 s
d1_race                  L=60  B=512   m=2     inner=8      min=     0.212 us/xform  median=     0.212  sd=  0.00%      8.37 GF/s  setup=0.007 s
d1_twiddle               L=60  B=512   m=600   inner=1      min=     0.076 us/xform  median=     0.076  sd=  0.05%     23.32 GF/s  setup=0.000 s
d1_twiddle               L=60  B=512   m=600   inner=1      min=     0.087 us/xform  median=     0.087  sd=  0.12%     20.45 GF/s  setup=0.000 s
d1_twiddle               L=60  B=512   m=600   inner=1      min=     0.087 us/xform  median=     0.087  sd=  0.08%     20.38 GF/s  setup=0.001 s
d1_twiddle               L=60  B=512   m=2     inner=10     min=     0.153 us/xform  median=     0.153  sd=  0.00%     11.55 GF/s  setup=0.000 s
fftw1d_custom            L=60  B=512   m=600   inner=1      min=     0.232 us/xform  median=     0.232  sd=  0.47%      7.65 GF/s  setup=0.000 s
fftw1d_custom            L=60  B=512   m=600   inner=1      min=     0.265 us/xform  median=     0.284  sd=  2.15%      6.69 GF/s  setup=0.000 s
fftw1d_custom            L=60  B=512   m=600   inner=1      min=     0.232 us/xform  median=     0.232  sd=  0.11%      7.65 GF/s  setup=0.000 s
fftw1d_custom            L=60  B=512   m=2     inner=2      min=     0.541 us/xform  median=     0.541  sd=  0.00%      3.27 GF/s  setup=0.000 s
fftw1d_custom_soa        L=60  B=512   m=600   inner=1      min=     0.134 us/xform  median=     0.135  sd=  0.65%     13.27 GF/s  setup=0.000 s
fftw1d_custom_soa        L=60  B=512   m=600   inner=1      min=     0.134 us/xform  median=     0.135  sd=  0.60%     13.19 GF/s  setup=0.000 s
fftw1d_custom_soa        L=60  B=512   m=600   inner=1      min=     0.160 us/xform  median=     0.161  sd=  0.68%     11.06 GF/s  setup=0.000 s
fftw1d_custom_soa        L=60  B=512   m=2     inner=4      min=     0.417 us/xform  median=     0.417  sd=  0.00%      4.25 GF/s  setup=0.000 s
fftw1d_estimate          L=60  B=512   m=600   inner=1      min=     0.270 us/xform  median=     0.270  sd=  0.02%      6.56 GF/s  setup=0.001 s
fftw1d_estimate          L=60  B=512   m=600   inner=1      min=     0.271 us/xform  median=     0.271  sd=  0.02%      6.54 GF/s  setup=0.001 s
fftw1d_estimate          L=60  B=512   m=600   inner=1      min=     0.271 us/xform  median=     0.271  sd=  0.01%      6.53 GF/s  setup=0.001 s
fftw1d_estimate          L=60  B=512   m=2     inner=4      min=     0.341 us/xform  median=     0.341  sd=  0.00%      5.20 GF/s  setup=0.001 s
fftw1d_measure           L=60  B=512   m=600   inner=1      min=     0.255 us/xform  median=     0.255  sd=  0.17%      6.95 GF/s  setup=0.046 s
fftw1d_measure           L=60  B=512   m=600   inner=1      min=     0.273 us/xform  median=     0.273  sd=  0.05%      6.49 GF/s  setup=0.046 s
fftw1d_measure           L=60  B=512   m=600   inner=1      min=     0.260 us/xform  median=     0.260  sd=  0.03%      6.81 GF/s  setup=0.047 s
fftw1d_measure           L=60  B=512   m=2     inner=4      min=     0.343 us/xform  median=     0.343  sd=  0.00%      5.17 GF/s  setup=0.047 s
fftw1d_patient           L=60  B=512   m=600   inner=1      min=     0.257 us/xform  median=     0.257  sd=  0.01%      6.89 GF/s  setup=0.388 s
fftw1d_patient           L=60  B=512   m=600   inner=1      min=     0.252 us/xform  median=     0.308  sd=  9.77%      7.04 GF/s  setup=0.438 s
fftw1d_patient           L=60  B=512   m=600   inner=1      min=     0.252 us/xform  median=     0.252  sd=  0.01%      7.03 GF/s  setup=0.442 s
fftw1d_patient           L=60  B=512   m=2     inner=6      min=     0.275 us/xform  median=     0.275  sd=  0.00%      6.45 GF/s  setup=0.389 s
mkl1d_dfti               L=60  B=512   m=600   inner=1      min=     0.233 us/xform  median=     0.291  sd=  7.05%      7.60 GF/s  setup=0.002 s
mkl1d_dfti               L=60  B=512   m=600   inner=1      min=     0.231 us/xform  median=     0.231  sd=  0.07%      7.68 GF/s  setup=0.002 s
mkl1d_dfti               L=60  B=512   m=600   inner=1      min=     0.229 us/xform  median=     0.229  sd=  0.01%      7.74 GF/s  setup=0.001 s
mkl1d_dfti               L=60  B=512   m=2     inner=6      min=     0.311 us/xform  median=     0.311  sd=  0.00%      5.69 GF/s  setup=0.002 s
baseline_dft             L=31  B=512   m=1200  inner=1      min=     1.745 us/xform  median=     1.745  sd=  0.02%      0.44 GF/s  setup=0.000 s
baseline_dft             L=31  B=512   m=1200  inner=1      min=     1.745 us/xform  median=     1.746  sd=  0.13%      0.44 GF/s  setup=0.000 s
baseline_dft             L=31  B=512   m=1200  inner=1      min=     1.745 us/xform  median=     1.746  sd=  0.10%      0.44 GF/s  setup=0.000 s
baseline_dft             L=31  B=512   m=2     inner=1      min=     2.598 us/xform  median=     2.598  sd=  0.00%      0.30 GF/s  setup=0.000 s
d1_batchlane             L=31  B=512   m=1200  inner=1      min=     0.051 us/xform  median=     0.051  sd=  0.55%     15.08 GF/s  setup=0.000 s
d1_batchlane             L=31  B=512   m=1200  inner=1      min=     0.046 us/xform  median=     0.046  sd=  0.15%     16.85 GF/s  setup=0.000 s
d1_batchlane             L=31  B=512   m=1200  inner=1      min=     0.052 us/xform  median=     0.052  sd=  0.02%     14.90 GF/s  setup=0.000 s
d1_batchlane             L=31  B=512   m=2     inner=24     min=     0.077 us/xform  median=     0.077  sd=  0.00%      9.93 GF/s  setup=0.000 s
d1_bluestein             L=31  B=512   m=1200  inner=1      min=     0.218 us/xform  median=     0.218  sd=  0.04%      3.52 GF/s  setup=0.001 s
d1_bluestein             L=31  B=512   m=1200  inner=1      min=     0.232 us/xform  median=     0.232  sd=  0.04%      3.31 GF/s  setup=0.001 s
d1_bluestein             L=31  B=512   m=1200  inner=1      min=     0.214 us/xform  median=     0.215  sd=  0.06%      3.58 GF/s  setup=0.001 s
d1_bluestein             L=31  B=512   m=2     inner=6      min=     0.264 us/xform  median=     0.264  sd=  0.00%      2.91 GF/s  setup=0.002 s
d1_planner               L=31  B=512   m=1200  inner=1      min=     0.053 us/xform  median=     0.053  sd=  0.25%     14.60 GF/s  setup=0.000 s
d1_planner               L=31  B=512   m=1200  inner=1      min=     0.053 us/xform  median=     0.053  sd=  0.12%     14.42 GF/s  setup=0.000 s
d1_planner               L=31  B=512   m=1200  inner=1      min=     0.052 us/xform  median=     0.052  sd=  0.18%     14.85 GF/s  setup=0.000 s
d1_planner               L=31  B=512   m=2     inner=22     min=     0.087 us/xform  median=     0.087  sd=  0.00%      8.84 GF/s  setup=0.000 s
d1_prime                 L=31  B=512   m=1200  inner=1      min=     0.045 us/xform  median=     0.051  sd=  3.51%     17.06 GF/s  setup=0.000 s
d1_prime                 L=31  B=512   m=1200  inner=1      min=     0.051 us/xform  median=     0.051  sd=  0.02%     14.97 GF/s  setup=0.000 s
d1_prime                 L=31  B=512   m=1200  inner=1      min=     0.045 us/xform  median=     0.045  sd=  0.01%     16.92 GF/s  setup=0.000 s
d1_prime                 L=31  B=512   m=2     inner=24     min=     0.076 us/xform  median=     0.076  sd=  0.00%     10.04 GF/s  setup=0.000 s
d1_race                  L=31  B=512   m=1200  inner=1      min=     0.046 us/xform  median=     0.046  sd=  0.36%     16.67 GF/s  setup=5.182 s
d1_race                  L=31  B=512   m=1200  inner=1      min=     0.046 us/xform  median=     0.046  sd=  0.04%     16.54 GF/s  setup=0.016 s
d1_race                  L=31  B=512   m=1200  inner=1      min=     0.046 us/xform  median=     0.046  sd=  0.24%     16.86 GF/s  setup=0.008 s
d1_race                  L=31  B=512   m=2     inner=24     min=     0.075 us/xform  median=     0.075  sd=  0.00%     10.24 GF/s  setup=0.007 s
d1_rader                 L=31  B=512   m=1200  inner=1      min=     0.051 us/xform  median=     0.051  sd=  0.05%     14.99 GF/s  setup=0.000 s
d1_rader                 L=31  B=512   m=1200  inner=1      min=     0.052 us/xform  median=     0.052  sd=  0.02%     14.66 GF/s  setup=0.000 s
d1_rader                 L=31  B=512   m=1200  inner=1      min=     0.052 us/xform  median=     0.052  sd=  0.04%     14.74 GF/s  setup=0.000 s
d1_rader                 L=31  B=512   m=2     inner=22     min=     0.087 us/xform  median=     0.087  sd=  0.00%      8.84 GF/s  setup=0.000 s
fftw1d_custom            L=31  B=512   m=1200  inner=1      min=     0.177 us/xform  median=     0.177  sd=  8.81%      4.33 GF/s  setup=0.000 s
fftw1d_custom            L=31  B=512   m=1200  inner=1      min=     0.177 us/xform  median=     0.177  sd=  7.77%      4.33 GF/s  setup=0.000 s
fftw1d_custom            L=31  B=512   m=1200  inner=1      min=     0.177 us/xform  median=     0.177  sd=  9.43%      4.34 GF/s  setup=0.000 s
fftw1d_custom            L=31  B=512   m=2     inner=4      min=     0.320 us/xform  median=     0.320  sd=  0.00%      2.40 GF/s  setup=0.000 s
fftw1d_custom_soa        L=31  B=512   m=1200  inner=1      min=     0.078 us/xform  median=     0.078  sd=  0.18%      9.87 GF/s  setup=0.000 s
fftw1d_custom_soa        L=31  B=512   m=1200  inner=1      min=     0.089 us/xform  median=     0.089  sd=  0.06%      8.65 GF/s  setup=0.000 s
fftw1d_custom_soa        L=31  B=512   m=1200  inner=1      min=     0.088 us/xform  median=     0.088  sd=  0.06%      8.77 GF/s  setup=0.000 s
fftw1d_custom_soa        L=31  B=512   m=2     inner=6      min=     0.217 us/xform  median=     0.217  sd=  0.00%      3.53 GF/s  setup=0.000 s
fftw1d_estimate          L=31  B=512   m=1200  inner=1      min=     0.353 us/xform  median=     0.353  sd=  0.01%      2.17 GF/s  setup=0.001 s
fftw1d_estimate          L=31  B=512   m=1200  inner=1      min=     0.353 us/xform  median=     0.354  sd=  0.03%      2.17 GF/s  setup=0.001 s
fftw1d_estimate          L=31  B=512   m=1200  inner=1      min=     0.353 us/xform  median=     0.353  sd=  0.00%      2.17 GF/s  setup=0.001 s
fftw1d_estimate          L=31  B=512   m=2     inner=4      min=     0.404 us/xform  median=     0.404  sd=  0.00%      1.90 GF/s  setup=0.001 s
fftw1d_measure           L=31  B=512   m=1200  inner=1      min=     0.353 us/xform  median=     0.354  sd=  0.01%      2.17 GF/s  setup=0.042 s
fftw1d_measure           L=31  B=512   m=1200  inner=1      min=     0.353 us/xform  median=     0.353  sd=  0.01%      2.17 GF/s  setup=0.043 s
fftw1d_measure           L=31  B=512   m=1200  inner=1      min=     0.354 us/xform  median=     0.354  sd=  0.01%      2.17 GF/s  setup=0.043 s
fftw1d_measure           L=31  B=512   m=2     inner=4      min=     0.434 us/xform  median=     0.434  sd=  0.00%      1.77 GF/s  setup=0.043 s
fftw1d_patient           L=31  B=512   m=1200  inner=1      min=     0.355 us/xform  median=     0.355  sd=  0.01%      2.16 GF/s  setup=0.118 s
fftw1d_patient           L=31  B=512   m=1200  inner=1      min=     0.356 us/xform  median=     0.357  sd=  0.00%      2.15 GF/s  setup=0.120 s
fftw1d_patient           L=31  B=512   m=1200  inner=1      min=     0.354 us/xform  median=     0.354  sd=  0.00%      2.17 GF/s  setup=0.119 s
fftw1d_patient           L=31  B=512   m=2     inner=4      min=     0.437 us/xform  median=     0.437  sd=  0.00%      1.76 GF/s  setup=0.120 s
mkl1d_dfti               L=31  B=512   m=1200  inner=1      min=     0.315 us/xform  median=     0.315  sd=  0.08%      2.44 GF/s  setup=0.050 s
mkl1d_dfti               L=31  B=512   m=1200  inner=1      min=     0.316 us/xform  median=     0.316  sd=  0.07%      2.43 GF/s  setup=0.046 s
mkl1d_dfti               L=31  B=512   m=1200  inner=1      min=     0.315 us/xform  median=     0.315  sd=  0.07%      2.44 GF/s  setup=0.049 s
mkl1d_dfti               L=31  B=512   m=2     inner=4      min=     0.329 us/xform  median=     0.329  sd=  0.00%      2.33 GF/s  setup=0.047 s
baseline_dft             L=13  B=1     m=200000 inner=1      min=     0.393 us/xform  median=     0.393  sd=  0.01%      0.61 GF/s  setup=0.000 s
baseline_dft             L=13  B=1     m=200000 inner=1      min=     0.393 us/xform  median=     0.393  sd=  0.05%      0.61 GF/s  setup=0.000 s
baseline_dft             L=13  B=1     m=200000 inner=1      min=     0.326 us/xform  median=     0.326  sd=  0.12%      0.74 GF/s  setup=0.000 s
baseline_dft             L=13  B=1     m=2     inner=1670   min=     0.351 us/xform  median=     0.351  sd=  0.00%      0.69 GF/s  setup=0.000 s
d1_batchlane             L=13  B=1     m=200000 inner=4      min=     0.041 us/xform  median=     0.041  sd=  0.01%      5.92 GF/s  setup=0.000 s
d1_batchlane             L=13  B=1     m=200000 inner=4      min=     0.041 us/xform  median=     0.041  sd=  0.02%      5.92 GF/s  setup=0.000 s
d1_batchlane             L=13  B=1     m=200000 inner=4      min=     0.041 us/xform  median=     0.041  sd=  0.01%      5.92 GF/s  setup=0.000 s
d1_batchlane             L=13  B=1     m=2     inner=3400   min=     0.162 us/xform  median=     0.162  sd=  0.00%      1.49 GF/s  setup=0.000 s
d1_bluestein             L=13  B=1     m=200000 inner=1      min=     0.122 us/xform  median=     0.123  sd=  0.41%      1.97 GF/s  setup=0.000 s
d1_bluestein             L=13  B=1     m=200000 inner=1      min=     0.150 us/xform  median=     0.151  sd=  0.50%      1.61 GF/s  setup=0.000 s
d1_bluestein             L=13  B=1     m=200000 inner=1      min=     0.154 us/xform  median=     0.154  sd=  0.32%      1.56 GF/s  setup=0.000 s
d1_bluestein             L=13  B=1     m=2     inner=5562   min=     0.160 us/xform  median=     0.160  sd=  0.00%      1.51 GF/s  setup=0.000 s
d1_planner               L=13  B=1     m=200000 inner=4      min=     0.040 us/xform  median=     0.041  sd=  0.07%      5.94 GF/s  setup=0.000 s
d1_planner               L=13  B=1     m=200000 inner=4      min=     0.040 us/xform  median=     0.041  sd=  0.08%      5.95 GF/s  setup=0.000 s
d1_planner               L=13  B=1     m=200000 inner=4      min=     0.040 us/xform  median=     0.040  sd=  0.08%      5.95 GF/s  setup=0.000 s
d1_planner               L=13  B=1     m=2     inner=14556  min=     0.063 us/xform  median=     0.063  sd=  0.00%      3.82 GF/s  setup=0.000 s
d1_prime                 L=13  B=1     m=200000 inner=4      min=     0.034 us/xform  median=     0.034  sd=  0.02%      7.07 GF/s  setup=0.000 s
d1_prime                 L=13  B=1     m=200000 inner=4      min=     0.034 us/xform  median=     0.034  sd=  0.02%      7.07 GF/s  setup=0.000 s
d1_prime                 L=13  B=1     m=200000 inner=4      min=     0.034 us/xform  median=     0.034  sd=  0.02%      7.07 GF/s  setup=0.000 s
d1_prime                 L=13  B=1     m=2     inner=11214  min=     0.059 us/xform  median=     0.059  sd=  0.00%      4.05 GF/s  setup=0.000 s
d1_race                  L=13  B=1     m=200000 inner=4      min=     0.034 us/xform  median=     0.034  sd=  0.22%      7.07 GF/s  setup=1.009 s
d1_race                  L=13  B=1     m=200000 inner=4      min=     0.034 us/xform  median=     0.034  sd=  0.02%      7.07 GF/s  setup=0.009 s
d1_race                  L=13  B=1     m=200000 inner=4      min=     0.034 us/xform  median=     0.034  sd=  0.02%      7.07 GF/s  setup=0.013 s
d1_race                  L=13  B=1     m=2     inner=17608  min=     0.052 us/xform  median=     0.052  sd=  0.00%      4.63 GF/s  setup=0.007 s
d1_rader                 L=13  B=1     m=200000 inner=4      min=     0.038 us/xform  median=     0.038  sd=  0.08%      6.28 GF/s  setup=0.000 s
d1_rader                 L=13  B=1     m=200000 inner=4      min=     0.038 us/xform  median=     0.038  sd=  0.01%      6.28 GF/s  setup=0.000 s
d1_rader                 L=13  B=1     m=200000 inner=4      min=     0.034 us/xform  median=     0.034  sd=  0.01%      7.16 GF/s  setup=0.000 s
d1_rader                 L=13  B=1     m=2     inner=10984  min=     0.059 us/xform  median=     0.059  sd=  0.00%      4.07 GF/s  setup=0.000 s
fftw1d_custom            L=13  B=1     m=200000 inner=2      min=     0.076 us/xform  median=     0.076  sd=  0.30%      3.18 GF/s  setup=0.000 s
fftw1d_custom            L=13  B=1     m=200000 inner=2      min=     0.076 us/xform  median=     0.076  sd=  0.26%      3.18 GF/s  setup=0.000 s
fftw1d_custom            L=13  B=1     m=200000 inner=2      min=     0.063 us/xform  median=     0.063  sd=  2.80%      3.84 GF/s  setup=0.000 s
fftw1d_custom            L=13  B=1     m=2     inner=4466   min=     0.155 us/xform  median=     0.155  sd=  0.00%      1.55 GF/s  setup=0.000 s
fftw1d_estimate          L=13  B=1     m=200000 inner=2      min=     0.081 us/xform  median=     0.081  sd=  0.01%      2.96 GF/s  setup=0.001 s
fftw1d_estimate          L=13  B=1     m=200000 inner=2      min=     0.081 us/xform  median=     0.081  sd=  0.02%      2.96 GF/s  setup=0.001 s
fftw1d_estimate          L=13  B=1     m=200000 inner=2      min=     0.081 us/xform  median=     0.081  sd=  0.01%      2.96 GF/s  setup=0.001 s
fftw1d_estimate          L=13  B=1     m=2     inner=10500  min=     0.070 us/xform  median=     0.070  sd=  0.00%      3.46 GF/s  setup=0.001 s
fftw1d_measure           L=13  B=1     m=200000 inner=2      min=     0.081 us/xform  median=     0.081  sd=  0.01%      2.96 GF/s  setup=0.001 s
fftw1d_measure           L=13  B=1     m=200000 inner=2      min=     0.081 us/xform  median=     0.081  sd=  0.03%      2.96 GF/s  setup=0.001 s
fftw1d_measure           L=13  B=1     m=200000 inner=2      min=     0.067 us/xform  median=     0.067  sd=  0.03%      3.57 GF/s  setup=0.001 s
fftw1d_measure           L=13  B=1     m=2     inner=12070  min=     0.079 us/xform  median=     0.079  sd=  0.00%      3.03 GF/s  setup=0.001 s
fftw1d_patient           L=13  B=1     m=200000 inner=2      min=     0.067 us/xform  median=     0.067  sd=  0.27%      3.57 GF/s  setup=0.001 s
fftw1d_patient           L=13  B=1     m=200000 inner=2      min=     0.067 us/xform  median=     0.067  sd=  0.08%      3.57 GF/s  setup=0.001 s
fftw1d_patient           L=13  B=1     m=200000 inner=2      min=     0.067 us/xform  median=     0.067  sd=  0.01%      3.57 GF/s  setup=0.001 s
fftw1d_patient           L=13  B=1     m=2     inner=7160   min=     0.070 us/xform  median=     0.070  sd=  0.00%      3.45 GF/s  setup=0.001 s
mkl1d_dfti               L=13  B=1     m=200000 inner=2      min=     0.080 us/xform  median=     0.080  sd=  0.10%      2.99 GF/s  setup=0.053 s
mkl1d_dfti               L=13  B=1     m=200000 inner=2      min=     0.080 us/xform  median=     0.080  sd=  0.12%      2.99 GF/s  setup=0.034 s
mkl1d_dfti               L=13  B=1     m=200000 inner=2      min=     0.080 us/xform  median=     0.080  sd=  0.07%      2.99 GF/s  setup=0.014 s
mkl1d_dfti               L=13  B=1     m=2     inner=4382   min=     0.131 us/xform  median=     0.131  sd=  0.00%      1.84 GF/s  setup=0.048 s
baseline_dft             L=31  B=1     m=100000 inner=1      min=     1.739 us/xform  median=     1.739  sd=  2.89%      0.44 GF/s  setup=0.000 s
baseline_dft             L=31  B=1     m=100000 inner=1      min=     1.739 us/xform  median=     1.740  sd=  5.86%      0.44 GF/s  setup=0.000 s
baseline_dft             L=31  B=1     m=100000 inner=1      min=     1.739 us/xform  median=     1.739  sd=  0.00%      0.44 GF/s  setup=0.000 s
baseline_dft             L=31  B=1     m=2     inner=382    min=     2.106 us/xform  median=     2.106  sd=  0.00%      0.36 GF/s  setup=0.000 s
d1_batchlane             L=31  B=1     m=100000 inner=6      min=     0.059 us/xform  median=     0.059  sd=  0.12%     13.00 GF/s  setup=0.000 s
d1_batchlane             L=31  B=1     m=100000 inner=6      min=     0.059 us/xform  median=     0.059  sd=  0.14%     12.97 GF/s  setup=0.000 s
d1_batchlane             L=31  B=1     m=100000 inner=6      min=     0.052 us/xform  median=     0.052  sd=  5.83%     14.76 GF/s  setup=0.000 s
d1_batchlane             L=31  B=1     m=2     inner=3184   min=     0.303 us/xform  median=     0.303  sd=  0.00%      2.53 GF/s  setup=0.000 s
d1_bluestein             L=31  B=1     m=100000 inner=1      min=     0.210 us/xform  median=     0.210  sd=  0.12%      3.66 GF/s  setup=0.001 s
d1_bluestein             L=31  B=1     m=100000 inner=1      min=     0.215 us/xform  median=     0.215  sd=  0.20%      3.58 GF/s  setup=0.001 s
d1_bluestein             L=31  B=1     m=100000 inner=1      min=     0.215 us/xform  median=     0.215  sd=  0.10%      3.58 GF/s  setup=0.001 s
d1_bluestein             L=31  B=1     m=2     inner=2588   min=     0.329 us/xform  median=     0.329  sd=  0.00%      2.33 GF/s  setup=0.001 s
d1_planner               L=31  B=1     m=100000 inner=4      min=     0.069 us/xform  median=     0.069  sd=  0.11%     11.15 GF/s  setup=0.000 s
d1_planner               L=31  B=1     m=100000 inner=6      min=     0.058 us/xform  median=     0.058  sd=  0.02%     13.18 GF/s  setup=0.000 s
d1_planner               L=31  B=1     m=100000 inner=6      min=     0.066 us/xform  median=     0.066  sd=  0.01%     11.58 GF/s  setup=0.000 s
d1_planner               L=31  B=1     m=2     inner=6396   min=     0.151 us/xform  median=     0.151  sd=  0.00%      5.10 GF/s  setup=0.000 s
d1_prime                 L=31  B=1     m=100000 inner=6      min=     0.051 us/xform  median=     0.051  sd=  0.34%     15.07 GF/s  setup=0.000 s
d1_prime                 L=31  B=1     m=100000 inner=6      min=     0.058 us/xform  median=     0.058  sd=  0.27%     13.27 GF/s  setup=0.000 s
d1_prime                 L=31  B=1     m=100000 inner=6      min=     0.051 us/xform  median=     0.051  sd=  0.40%     15.09 GF/s  setup=0.000 s
d1_prime                 L=31  B=1     m=2     inner=5614   min=     0.097 us/xform  median=     0.097  sd=  0.00%      7.92 GF/s  setup=0.000 s
d1_race                  L=31  B=1     m=100000 inner=6      min=     0.051 us/xform  median=     0.051  sd=  0.28%     15.03 GF/s  setup=2.214 s
d1_race                  L=31  B=1     m=100000 inner=6      min=     0.051 us/xform  median=     0.051  sd=  0.23%     14.99 GF/s  setup=0.009 s
d1_race                  L=31  B=1     m=100000 inner=6      min=     0.051 us/xform  median=     0.051  sd=  0.36%     15.11 GF/s  setup=0.006 s
d1_race                  L=31  B=1     m=2     inner=6936   min=     0.100 us/xform  median=     0.100  sd=  0.00%      7.67 GF/s  setup=0.006 s
d1_rader                 L=31  B=1     m=100000 inner=6      min=     0.058 us/xform  median=     0.058  sd=  0.19%     13.31 GF/s  setup=0.000 s
d1_rader                 L=31  B=1     m=100000 inner=6      min=     0.057 us/xform  median=     0.058  sd=  0.27%     13.37 GF/s  setup=0.000 s
d1_rader                 L=31  B=1     m=100000 inner=6      min=     0.058 us/xform  median=     0.058  sd=  0.26%     13.34 GF/s  setup=0.000 s
d1_rader                 L=31  B=1     m=2     inner=6496   min=     0.104 us/xform  median=     0.104  sd=  0.00%      7.35 GF/s  setup=0.000 s
fftw1d_custom            L=31  B=1     m=100000 inner=1      min=     0.211 us/xform  median=     0.211  sd=  0.29%      3.64 GF/s  setup=0.000 s
fftw1d_custom            L=31  B=1     m=100000 inner=1      min=     0.255 us/xform  median=     0.255  sd=  0.18%      3.02 GF/s  setup=0.000 s
fftw1d_custom            L=31  B=1     m=100000 inner=1      min=     0.253 us/xform  median=     0.253  sd=  0.08%      3.03 GF/s  setup=0.000 s
fftw1d_custom            L=31  B=1     m=2     inner=1830   min=     0.487 us/xform  median=     0.487  sd=  0.00%      1.58 GF/s  setup=0.000 s
fftw1d_estimate          L=31  B=1     m=100000 inner=1      min=     0.350 us/xform  median=     0.350  sd=  0.01%      2.19 GF/s  setup=0.001 s
fftw1d_estimate          L=31  B=1     m=100000 inner=1      min=     0.422 us/xform  median=     0.422  sd=  0.01%      1.82 GF/s  setup=0.001 s
fftw1d_estimate          L=31  B=1     m=100000 inner=1      min=     0.426 us/xform  median=     0.427  sd=  0.02%      1.80 GF/s  setup=0.001 s
fftw1d_estimate          L=31  B=1     m=2     inner=2176   min=     0.400 us/xform  median=     0.400  sd=  0.00%      1.92 GF/s  setup=0.001 s
fftw1d_measure           L=31  B=1     m=100000 inner=1      min=     0.349 us/xform  median=     0.349  sd=  6.01%      2.20 GF/s  setup=0.043 s
fftw1d_measure           L=31  B=1     m=100000 inner=1      min=     0.419 us/xform  median=     0.420  sd=  0.02%      1.83 GF/s  setup=0.043 s
fftw1d_measure           L=31  B=1     m=100000 inner=1      min=     0.348 us/xform  median=     0.421  sd=  7.00%      2.20 GF/s  setup=0.042 s
fftw1d_measure           L=31  B=1     m=2     inner=1986   min=     0.360 us/xform  median=     0.360  sd=  0.00%      2.13 GF/s  setup=0.041 s
fftw1d_patient           L=31  B=1     m=100000 inner=1      min=     0.420 us/xform  median=     0.420  sd=  0.02%      1.83 GF/s  setup=0.120 s
fftw1d_patient           L=31  B=1     m=100000 inner=1      min=     0.350 us/xform  median=     0.350  sd=  0.02%      2.20 GF/s  setup=0.120 s
fftw1d_patient           L=31  B=1     m=100000 inner=1      min=     0.350 us/xform  median=     0.350  sd=  0.06%      2.19 GF/s  setup=0.119 s
fftw1d_patient           L=31  B=1     m=2     inner=2094   min=     0.351 us/xform  median=     0.351  sd=  0.00%      2.19 GF/s  setup=0.118 s
mkl1d_dfti               L=31  B=1     m=100000 inner=1      min=     0.386 us/xform  median=     0.386  sd=  0.04%      1.99 GF/s  setup=0.047 s
mkl1d_dfti               L=31  B=1     m=100000 inner=1      min=     0.319 us/xform  median=     0.386  sd=  9.37%      2.40 GF/s  setup=0.013 s
mkl1d_dfti               L=31  B=1     m=100000 inner=1      min=     0.319 us/xform  median=     0.320  sd=  0.06%      2.40 GF/s  setup=0.031 s
mkl1d_dfti               L=31  B=1     m=2     inner=2576   min=     0.329 us/xform  median=     0.329  sd=  0.00%      2.33 GF/s  setup=0.047 s
baseline_dft             L=60  B=1     m=60000 inner=1      min=     6.351 us/xform  median=     6.362  sd=  0.90%      0.28 GF/s  setup=0.000 s
baseline_dft             L=60  B=1     m=60000 inner=1      min=     6.350 us/xform  median=     6.498  sd=  1.04%      0.28 GF/s  setup=0.000 s
baseline_dft             L=60  B=1     m=60000 inner=1      min=     6.350 us/xform  median=     6.350  sd=  1.00%      0.28 GF/s  setup=0.000 s
baseline_dft             L=60  B=1     m=2     inner=100    min=     9.668 us/xform  median=     9.668  sd=  0.00%      0.18 GF/s  setup=0.000 s
d1_batchlane             L=60  B=1     m=60000 inner=6      min=     0.088 us/xform  median=     0.088  sd=  0.09%     20.12 GF/s  setup=0.000 s
d1_batchlane             L=60  B=1     m=60000 inner=6      min=     0.088 us/xform  median=     0.088  sd=  0.09%     20.15 GF/s  setup=0.000 s
d1_batchlane             L=60  B=1     m=60000 inner=6      min=     0.088 us/xform  median=     0.088  sd=  0.05%     20.11 GF/s  setup=0.000 s
d1_batchlane             L=60  B=1     m=2     inner=2194   min=     0.363 us/xform  median=     0.363  sd=  0.00%      4.88 GF/s  setup=0.000 s
d1_bluestein             L=60  B=1     m=60000 inner=1      min=     0.370 us/xform  median=     0.370  sd=  0.04%      4.79 GF/s  setup=0.001 s
d1_bluestein             L=60  B=1     m=60000 inner=1      min=     0.419 us/xform  median=     0.420  sd=  0.10%      4.23 GF/s  setup=0.001 s
d1_bluestein             L=60  B=1     m=60000 inner=1      min=     0.418 us/xform  median=     0.418  sd=  0.03%      4.24 GF/s  setup=0.001 s
d1_bluestein             L=60  B=1     m=2     inner=1140   min=     0.447 us/xform  median=     0.447  sd=  0.00%      3.96 GF/s  setup=0.001 s
d1_composite             L=60  B=1     m=60000 inner=8      min=     0.078 us/xform  median=     0.078  sd=  0.05%     22.72 GF/s  setup=0.000 s
d1_composite             L=60  B=1     m=60000 inner=6      min=     0.089 us/xform  median=     0.089  sd=  0.09%     19.98 GF/s  setup=0.000 s
d1_composite             L=60  B=1     m=60000 inner=6      min=     0.090 us/xform  median=     0.090  sd=  0.07%     19.77 GF/s  setup=0.000 s
d1_composite             L=60  B=1     m=2     inner=2486   min=     0.368 us/xform  median=     0.368  sd=  0.00%      4.81 GF/s  setup=0.000 s
d1_planner               L=60  B=1     m=60000 inner=4      min=     0.139 us/xform  median=     0.139  sd=  0.04%     12.73 GF/s  setup=0.000 s
d1_planner               L=60  B=1     m=60000 inner=4      min=     0.123 us/xform  median=     0.123  sd=  0.04%     14.45 GF/s  setup=0.000 s
d1_planner               L=60  B=1     m=60000 inner=4      min=     0.122 us/xform  median=     0.122  sd=  0.03%     14.48 GF/s  setup=0.000 s
d1_planner               L=60  B=1     m=2     inner=5138   min=     0.180 us/xform  median=     0.180  sd=  0.00%      9.85 GF/s  setup=0.000 s
d1_race                  L=60  B=1     m=60000 inner=6      min=     0.077 us/xform  median=     0.088  sd=  6.57%     22.91 GF/s  setup=0.110 s
d1_race                  L=60  B=1     m=60000 inner=6      min=     0.088 us/xform  median=     0.088  sd=  0.07%     20.13 GF/s  setup=0.012 s
d1_race                  L=60  B=1     m=60000 inner=6      min=     0.088 us/xform  median=     0.088  sd=  0.05%     20.13 GF/s  setup=0.017 s
d1_race                  L=60  B=1     m=2     inner=2678   min=     0.364 us/xform  median=     0.364  sd=  0.00%      4.86 GF/s  setup=0.007 s
d1_twiddle               L=60  B=1     m=60000 inner=2      min=     0.168 us/xform  median=     0.168  sd=  0.04%     10.57 GF/s  setup=0.000 s
d1_twiddle               L=60  B=1     m=60000 inner=4      min=     0.149 us/xform  median=     0.149  sd=  0.04%     11.93 GF/s  setup=0.000 s
d1_twiddle               L=60  B=1     m=60000 inner=2      min=     0.169 us/xform  median=     0.169  sd=  0.03%     10.49 GF/s  setup=0.000 s
d1_twiddle               L=60  B=1     m=2     inner=5222   min=     0.172 us/xform  median=     0.172  sd=  0.00%     10.31 GF/s  setup=0.000 s
fftw1d_custom            L=60  B=1     m=60000 inner=2      min=     0.271 us/xform  median=     0.272  sd=  0.13%      6.53 GF/s  setup=0.000 s
fftw1d_custom            L=60  B=1     m=60000 inner=2      min=     0.272 us/xform  median=     0.272  sd=  0.09%      6.51 GF/s  setup=0.000 s
fftw1d_custom            L=60  B=1     m=60000 inner=2      min=     0.272 us/xform  median=     0.272  sd=  0.15%      6.53 GF/s  setup=0.000 s
fftw1d_custom            L=60  B=1     m=2     inner=1366   min=     0.464 us/xform  median=     0.464  sd=  0.00%      3.82 GF/s  setup=0.000 s
fftw1d_estimate          L=60  B=1     m=60000 inner=2      min=     0.286 us/xform  median=     0.286  sd=  0.05%      6.20 GF/s  setup=0.001 s
fftw1d_estimate          L=60  B=1     m=60000 inner=2      min=     0.251 us/xform  median=     0.251  sd=  0.05%      7.05 GF/s  setup=0.001 s
fftw1d_estimate          L=60  B=1     m=60000 inner=2      min=     0.251 us/xform  median=     0.251  sd=  0.06%      7.05 GF/s  setup=0.001 s
fftw1d_estimate          L=60  B=1     m=2     inner=2480   min=     0.366 us/xform  median=     0.366  sd=  0.00%      4.84 GF/s  setup=0.001 s
fftw1d_measure           L=60  B=1     m=60000 inner=2      min=     0.231 us/xform  median=     0.231  sd=  0.10%      7.67 GF/s  setup=0.047 s
fftw1d_measure           L=60  B=1     m=60000 inner=2      min=     0.242 us/xform  median=     0.243  sd=  0.06%      7.31 GF/s  setup=0.045 s
fftw1d_measure           L=60  B=1     m=60000 inner=2      min=     0.251 us/xform  median=     0.252  sd=  0.01%      7.05 GF/s  setup=0.046 s
fftw1d_measure           L=60  B=1     m=2     inner=3428   min=     0.282 us/xform  median=     0.282  sd=  0.00%      6.28 GF/s  setup=0.047 s
fftw1d_patient           L=60  B=1     m=60000 inner=2      min=     0.244 us/xform  median=     0.244  sd=  0.05%      7.27 GF/s  setup=0.126 s
fftw1d_patient           L=60  B=1     m=60000 inner=2      min=     0.243 us/xform  median=     0.243  sd=  0.07%      7.28 GF/s  setup=0.125 s
fftw1d_patient           L=60  B=1     m=60000 inner=2      min=     0.244 us/xform  median=     0.244  sd=  0.04%      7.27 GF/s  setup=0.125 s
fftw1d_patient           L=60  B=1     m=2     inner=1748   min=     0.290 us/xform  median=     0.290  sd=  0.00%      6.12 GF/s  setup=0.128 s
mkl1d_dfti               L=60  B=1     m=60000 inner=2      min=     0.237 us/xform  median=     0.237  sd=  0.03%      7.47 GF/s  setup=0.002 s
mkl1d_dfti               L=60  B=1     m=60000 inner=2      min=     0.237 us/xform  median=     0.237  sd=  0.02%      7.47 GF/s  setup=0.001 s
mkl1d_dfti               L=60  B=1     m=60000 inner=2      min=     0.237 us/xform  median=     0.237  sd=  0.02%      7.47 GF/s  setup=0.001 s
mkl1d_dfti               L=60  B=1     m=2     inner=2450   min=     0.276 us/xform  median=     0.276  sd=  0.00%      6.43 GF/s  setup=0.003 s
baseline_dft             L=128 B=1     m=30000 inner=1      min=    28.469 us/xform  median=    28.470  sd=  0.00%      0.16 GF/s  setup=0.001 s
baseline_dft             L=128 B=1     m=30000 inner=1      min=    28.471 us/xform  median=    28.471  sd=  0.00%      0.16 GF/s  setup=0.001 s
baseline_dft             L=128 B=1     m=30000 inner=1      min=    28.471 us/xform  median=    28.472  sd=  0.02%      0.16 GF/s  setup=0.001 s
baseline_dft             L=128 B=1     m=2     inner=28     min=    34.373 us/xform  median=    34.373  sd=  0.00%      0.13 GF/s  setup=0.001 s
d1_batchlane             L=128 B=1     m=30000 inner=6      min=     0.152 us/xform  median=     0.152  sd=  5.94%     29.42 GF/s  setup=0.000 s
d1_batchlane             L=128 B=1     m=30000 inner=8      min=     0.151 us/xform  median=     0.152  sd=  0.02%     29.58 GF/s  setup=0.000 s
d1_batchlane             L=128 B=1     m=30000 inner=8      min=     0.151 us/xform  median=     0.151  sd=  0.03%     29.66 GF/s  setup=0.000 s
d1_batchlane             L=128 B=1     m=2     inner=3448   min=     0.266 us/xform  median=     0.266  sd=  0.00%     16.87 GF/s  setup=0.000 s
d1_bluestein             L=128 B=1     m=30000 inner=1      min=     0.679 us/xform  median=     0.680  sd=  0.02%      6.60 GF/s  setup=0.001 s
d1_bluestein             L=128 B=1     m=30000 inner=2      min=     0.593 us/xform  median=     0.593  sd=  0.02%      7.56 GF/s  setup=0.001 s
d1_bluestein             L=128 B=1     m=30000 inner=2      min=     0.588 us/xform  median=     0.588  sd=  0.03%      7.62 GF/s  setup=0.000 s
d1_bluestein             L=128 B=1     m=2     inner=798    min=     0.688 us/xform  median=     0.688  sd=  0.00%      6.51 GF/s  setup=0.001 s
d1_planner               L=128 B=1     m=30000 inner=4      min=     0.224 us/xform  median=     0.225  sd=  0.15%     19.96 GF/s  setup=0.000 s
d1_planner               L=128 B=1     m=30000 inner=6      min=     0.197 us/xform  median=     0.197  sd=  0.09%     22.78 GF/s  setup=0.000 s
d1_planner               L=128 B=1     m=30000 inner=6      min=     0.194 us/xform  median=     0.195  sd=  0.04%     23.04 GF/s  setup=0.000 s
d1_planner               L=128 B=1     m=2     inner=2876   min=     0.323 us/xform  median=     0.323  sd=  0.00%     13.87 GF/s  setup=0.000 s
d1_pow2                  L=128 B=1     m=30000 inner=4      min=     0.231 us/xform  median=     0.231  sd=  0.08%     19.40 GF/s  setup=0.001 s
d1_pow2                  L=128 B=1     m=30000 inner=4      min=     0.223 us/xform  median=     0.223  sd=  0.07%     20.11 GF/s  setup=0.000 s
d1_pow2                  L=128 B=1     m=30000 inner=4      min=     0.232 us/xform  median=     0.232  sd=  0.07%     19.31 GF/s  setup=0.000 s
d1_pow2                  L=128 B=1     m=2     inner=3406   min=     0.247 us/xform  median=     0.247  sd=  0.00%     18.14 GF/s  setup=0.000 s
d1_race                  L=128 B=1     m=30000 inner=8      min=     0.151 us/xform  median=     0.151  sd=  0.04%     29.72 GF/s  setup=0.081 s
d1_race                  L=128 B=1     m=30000 inner=6      min=     0.173 us/xform  median=     0.173  sd=  0.03%     25.85 GF/s  setup=0.012 s
d1_race                  L=128 B=1     m=30000 inner=8      min=     0.151 us/xform  median=     0.151  sd=  0.03%     29.59 GF/s  setup=0.009 s
d1_race                  L=128 B=1     m=2     inner=3934   min=     0.237 us/xform  median=     0.237  sd=  0.00%     18.89 GF/s  setup=0.007 s
d1_twiddle               L=128 B=1     m=30000 inner=6      min=     0.173 us/xform  median=     0.175  sd=  0.41%     25.88 GF/s  setup=0.000 s
d1_twiddle               L=128 B=1     m=30000 inner=8      min=     0.155 us/xform  median=     0.156  sd=  0.31%     28.91 GF/s  setup=0.000 s
d1_twiddle               L=128 B=1     m=30000 inner=8      min=     0.152 us/xform  median=     0.153  sd=  0.41%     29.39 GF/s  setup=0.000 s
d1_twiddle               L=128 B=1     m=2     inner=3694   min=     0.261 us/xform  median=     0.261  sd=  0.00%     17.14 GF/s  setup=0.001 s
fftw1d_custom            L=128 B=1     m=30000 inner=1      min=     0.899 us/xform  median=     0.900  sd=  0.03%      4.98 GF/s  setup=0.000 s
fftw1d_custom            L=128 B=1     m=30000 inner=1      min=     0.899 us/xform  median=     0.900  sd=  0.02%      4.98 GF/s  setup=0.000 s
fftw1d_custom            L=128 B=1     m=30000 inner=1      min=     0.900 us/xform  median=     0.900  sd=  0.02%      4.98 GF/s  setup=0.000 s
fftw1d_custom            L=128 B=1     m=2     inner=816    min=     1.108 us/xform  median=     1.108  sd=  0.00%      4.04 GF/s  setup=0.000 s
fftw1d_estimate          L=128 B=1     m=30000 inner=2      min=     0.604 us/xform  median=     0.604  sd=  0.05%      7.42 GF/s  setup=0.001 s
fftw1d_estimate          L=128 B=1     m=30000 inner=2      min=     0.604 us/xform  median=     0.605  sd=  0.04%      7.42 GF/s  setup=0.001 s
fftw1d_estimate          L=128 B=1     m=30000 inner=2      min=     0.604 us/xform  median=     0.604  sd=  0.04%      7.42 GF/s  setup=0.001 s
fftw1d_estimate          L=128 B=1     m=2     inner=862    min=     0.620 us/xform  median=     0.620  sd=  0.00%      7.23 GF/s  setup=0.001 s
fftw1d_measure           L=128 B=1     m=30000 inner=2      min=     0.486 us/xform  median=     0.487  sd=  0.02%      9.21 GF/s  setup=0.039 s
fftw1d_measure           L=128 B=1     m=30000 inner=2      min=     0.486 us/xform  median=     0.486  sd=  0.02%      9.22 GF/s  setup=0.039 s
fftw1d_measure           L=128 B=1     m=30000 inner=2      min=     0.491 us/xform  median=     0.491  sd=  0.03%      9.13 GF/s  setup=0.039 s
fftw1d_measure           L=128 B=1     m=2     inner=960    min=     0.567 us/xform  median=     0.567  sd=  0.00%      7.90 GF/s  setup=0.041 s
fftw1d_patient           L=128 B=1     m=30000 inner=2      min=     0.556 us/xform  median=     0.556  sd=  0.01%      8.05 GF/s  setup=0.136 s
fftw1d_patient           L=128 B=1     m=30000 inner=2      min=     0.562 us/xform  median=     0.562  sd=  0.01%      7.97 GF/s  setup=0.137 s
fftw1d_patient           L=128 B=1     m=30000 inner=2      min=     0.556 us/xform  median=     0.556  sd=  0.02%      8.06 GF/s  setup=0.136 s
fftw1d_patient           L=128 B=1     m=2     inner=1012   min=     0.572 us/xform  median=     0.572  sd=  0.00%      7.84 GF/s  setup=0.137 s
mkl1d_dfti               L=128 B=1     m=30000 inner=2      min=     0.541 us/xform  median=     0.542  sd=  0.03%      8.28 GF/s  setup=0.002 s
mkl1d_dfti               L=128 B=1     m=30000 inner=2      min=     0.542 us/xform  median=     0.542  sd=  0.04%      8.27 GF/s  setup=0.002 s
mkl1d_dfti               L=128 B=1     m=30000 inner=2      min=     0.476 us/xform  median=     0.542  sd=  5.61%      9.41 GF/s  setup=0.001 s
mkl1d_dfti               L=128 B=1     m=2     inner=1334   min=     0.557 us/xform  median=     0.557  sd=  0.00%      8.04 GF/s  setup=0.002 s
   skipping baseline_dft at L=4096 B=1 (too expensive to be informative)
d1_bluestein             L=4096 B=1     m=1000  inner=1      min=    24.570 us/xform  median=    24.581  sd=  0.02%     10.00 GF/s  setup=0.002 s
d1_bluestein             L=4096 B=1     m=1000  inner=1      min=    24.612 us/xform  median=    24.619  sd=  0.02%      9.99 GF/s  setup=0.001 s
d1_bluestein             L=4096 B=1     m=1000  inner=1      min=    24.493 us/xform  median=    24.504  sd=  0.02%     10.03 GF/s  setup=0.001 s
d1_bluestein             L=4096 B=1     m=2     inner=36     min=    26.813 us/xform  median=    26.813  sd=  0.00%      9.17 GF/s  setup=0.002 s
d1_planner               L=4096 B=1     m=1000  inner=4      min=     8.599 us/xform  median=     8.601  sd=  0.03%     28.58 GF/s  setup=0.001 s
d1_planner               L=4096 B=1     m=1000  inner=4      min=     8.921 us/xform  median=     8.924  sd=  0.03%     27.55 GF/s  setup=0.001 s
d1_planner               L=4096 B=1     m=1000  inner=2      min=    10.156 us/xform  median=    10.160  sd=  0.03%     24.20 GF/s  setup=0.001 s
d1_planner               L=4096 B=1     m=2     inner=58     min=    16.386 us/xform  median=    16.386  sd=  0.00%     15.00 GF/s  setup=0.002 s
d1_pow2                  L=4096 B=1     m=1000  inner=4      min=     9.072 us/xform  median=     9.119  sd=  0.16%     27.09 GF/s  setup=0.001 s
d1_pow2                  L=4096 B=1     m=1000  inner=2      min=    10.339 us/xform  median=    10.349  sd=  0.19%     23.77 GF/s  setup=0.001 s
d1_pow2                  L=4096 B=1     m=1000  inner=4      min=     9.080 us/xform  median=     9.101  sd=  0.09%     27.06 GF/s  setup=0.001 s
d1_pow2                  L=4096 B=1     m=2     inner=94     min=    10.517 us/xform  median=    10.517  sd=  0.00%     23.37 GF/s  setup=0.001 s
d1_race                  L=4096 B=1     m=1000  inner=4      min=     8.773 us/xform  median=     8.776  sd=  4.22%     28.01 GF/s  setup=1.943 s
d1_race                  L=4096 B=1     m=1000  inner=4      min=     8.852 us/xform  median=     8.856  sd=  0.02%     27.76 GF/s  setup=0.010 s
d1_race                  L=4096 B=1     m=1000  inner=4      min=     8.904 us/xform  median=     9.756  sd=  2.54%     27.60 GF/s  setup=0.013 s
d1_race                  L=4096 B=1     m=2     inner=74     min=    13.068 us/xform  median=    13.068  sd=  0.00%     18.81 GF/s  setup=0.010 s
d1_twiddle               L=4096 B=1     m=1000  inner=2      min=    10.735 us/xform  median=    10.738  sd=  0.02%     22.89 GF/s  setup=0.000 s
d1_twiddle               L=4096 B=1     m=1000  inner=2      min=    10.759 us/xform  median=    10.765  sd=  0.03%     22.84 GF/s  setup=0.000 s
d1_twiddle               L=4096 B=1     m=1000  inner=2      min=    10.762 us/xform  median=    10.764  sd=  0.01%     22.84 GF/s  setup=0.000 s
d1_twiddle               L=4096 B=1     m=2     inner=86     min=    11.434 us/xform  median=    11.434  sd=  0.00%     21.49 GF/s  setup=0.000 s
fftw1d_estimate          L=4096 B=1     m=1000  inner=1      min=    31.609 us/xform  median=    31.612  sd=  0.00%      7.78 GF/s  setup=0.001 s
fftw1d_estimate          L=4096 B=1     m=1000  inner=1      min=    28.074 us/xform  median=    28.079  sd=  0.01%      8.75 GF/s  setup=0.001 s
fftw1d_estimate          L=4096 B=1     m=1000  inner=1      min=    31.747 us/xform  median=    31.754  sd=  0.01%      7.74 GF/s  setup=0.001 s
fftw1d_estimate          L=4096 B=1     m=2     inner=30     min=    32.749 us/xform  median=    32.749  sd=  0.00%      7.50 GF/s  setup=0.001 s
fftw1d_measure           L=4096 B=1     m=1000  inner=1      min=    22.498 us/xform  median=    22.503  sd=  0.02%     10.92 GF/s  setup=0.235 s
fftw1d_measure           L=4096 B=1     m=1000  inner=1      min=    22.419 us/xform  median=    22.424  sd=  0.02%     10.96 GF/s  setup=0.232 s
fftw1d_measure           L=4096 B=1     m=1000  inner=1      min=    19.903 us/xform  median=    21.331  sd=  6.46%     12.35 GF/s  setup=0.234 s
fftw1d_measure           L=4096 B=1     m=2     inner=48     min=    20.331 us/xform  median=    20.331  sd=  0.00%     12.09 GF/s  setup=0.220 s
fftw1d_patient           L=4096 B=1     m=1000  inner=2      min=    19.189 us/xform  median=    19.191  sd=  0.01%     12.81 GF/s  setup=1.936 s
fftw1d_patient           L=4096 B=1     m=1000  inner=2      min=    19.224 us/xform  median=    19.226  sd=  0.01%     12.78 GF/s  setup=1.931 s
fftw1d_patient           L=4096 B=1     m=1000  inner=2      min=    19.158 us/xform  median=    19.160  sd=  0.01%     12.83 GF/s  setup=1.931 s
fftw1d_patient           L=4096 B=1     m=2     inner=48     min=    19.879 us/xform  median=    19.879  sd=  0.00%     12.36 GF/s  setup=1.977 s
mkl1d_dfti               L=4096 B=1     m=1000  inner=1      min=    20.919 us/xform  median=    20.923  sd=  0.01%     11.75 GF/s  setup=0.002 s
mkl1d_dfti               L=4096 B=1     m=1000  inner=2      min=    18.390 us/xform  median=    18.392  sd=  0.01%     13.36 GF/s  setup=0.002 s
mkl1d_dfti               L=4096 B=1     m=1000  inner=2      min=    18.371 us/xform  median=    18.373  sd=  0.01%     13.38 GF/s  setup=0.001 s
mkl1d_dfti               L=4096 B=1     m=2     inner=44     min=    21.866 us/xform  median=    21.866  sd=  0.00%     11.24 GF/s  setup=0.002 s
baseline_dft             L=1021 B=1     m=2000  inner=1      min=  1829.139 us/xform  median=  1830.392  sd=  0.04%      0.03 GF/s  setup=0.030 s
baseline_dft             L=1021 B=1     m=2000  inner=1      min=  1825.089 us/xform  median=  1825.560  sd=  0.07%      0.03 GF/s  setup=0.038 s
baseline_dft             L=1021 B=1     m=2000  inner=1      min=  1828.467 us/xform  median=  1830.083  sd=  0.04%      0.03 GF/s  setup=0.038 s
baseline_dft             L=1021 B=1     m=2     inner=1      min=  2231.237 us/xform  median=  2231.237  sd=  0.00%      0.02 GF/s  setup=0.034 s
d1_bluestein             L=1021 B=1     m=2000  inner=2      min=     9.626 us/xform  median=     9.632  sd=  0.04%      5.30 GF/s  setup=0.002 s
d1_bluestein             L=1021 B=1     m=2000  inner=2      min=     8.340 us/xform  median=     8.345  sd=  0.02%      6.12 GF/s  setup=0.002 s
d1_bluestein             L=1021 B=1     m=2000  inner=2      min=     8.326 us/xform  median=     8.328  sd=  0.02%      6.13 GF/s  setup=0.001 s
d1_bluestein             L=1021 B=1     m=2     inner=78     min=     9.995 us/xform  median=     9.995  sd=  0.00%      5.11 GF/s  setup=0.002 s
d1_planner               L=1021 B=1     m=2000  inner=2      min=     7.283 us/xform  median=     7.286  sd=  0.02%      7.01 GF/s  setup=0.001 s
d1_planner               L=1021 B=1     m=2000  inner=2      min=     7.226 us/xform  median=     7.230  sd=  0.03%      7.06 GF/s  setup=0.001 s
d1_planner               L=1021 B=1     m=2000  inner=2      min=     7.305 us/xform  median=     7.308  sd=  0.03%      6.99 GF/s  setup=0.001 s
d1_planner               L=1021 B=1     m=2     inner=50     min=     9.887 us/xform  median=     9.887  sd=  0.00%      5.16 GF/s  setup=0.001 s
d1_race                  L=1021 B=1     m=2000  inner=2      min=     6.390 us/xform  median=     6.391  sd=  0.02%      7.99 GF/s  setup=0.444 s
d1_race                  L=1021 B=1     m=2000  inner=2      min=     6.383 us/xform  median=     7.266  sd=  5.80%      7.99 GF/s  setup=0.017 s
d1_race                  L=1021 B=1     m=2000  inner=2      min=     6.470 us/xform  median=     6.472  sd=  0.03%      7.89 GF/s  setup=0.010 s
d1_race                  L=1021 B=1     m=2     inner=74     min=     9.877 us/xform  median=     9.877  sd=  0.00%      5.17 GF/s  setup=0.008 s
d1_rader                 L=1021 B=1     m=2000  inner=2      min=     7.981 us/xform  median=     7.982  sd=  0.02%      6.39 GF/s  setup=0.000 s
d1_rader                 L=1021 B=1     m=2000  inner=2      min=     6.998 us/xform  median=     7.002  sd=  0.03%      7.29 GF/s  setup=0.000 s
d1_rader                 L=1021 B=1     m=2000  inner=2      min=     7.013 us/xform  median=     7.017  sd=  0.03%      7.28 GF/s  setup=0.000 s
d1_rader                 L=1021 B=1     m=2     inner=92     min=    10.547 us/xform  median=    10.547  sd=  0.00%      4.84 GF/s  setup=0.000 s
fftw1d_estimate          L=1021 B=1     m=2000  inner=1      min=    18.170 us/xform  median=    18.178  sd=  0.04%      2.81 GF/s  setup=0.001 s
fftw1d_estimate          L=1021 B=1     m=2000  inner=1      min=    18.575 us/xform  median=    18.589  sd=  0.04%      2.75 GF/s  setup=0.001 s
fftw1d_estimate          L=1021 B=1     m=2000  inner=1      min=    18.053 us/xform  median=    18.066  sd=  0.04%      2.83 GF/s  setup=0.001 s
fftw1d_estimate          L=1021 B=1     m=2     inner=52     min=    18.187 us/xform  median=    18.187  sd=  0.00%      2.81 GF/s  setup=0.001 s
fftw1d_measure           L=1021 B=1     m=2000  inner=1      min=    16.984 us/xform  median=    16.998  sd=  0.05%      3.00 GF/s  setup=0.296 s
fftw1d_measure           L=1021 B=1     m=2000  inner=1      min=    15.686 us/xform  median=    17.849  sd=  3.52%      3.25 GF/s  setup=0.296 s
fftw1d_measure           L=1021 B=1     m=2000  inner=1      min=    15.401 us/xform  median=    15.408  sd=  0.03%      3.31 GF/s  setup=0.287 s
fftw1d_measure           L=1021 B=1     m=2     inner=54     min=    17.689 us/xform  median=    17.689  sd=  0.00%      2.88 GF/s  setup=0.295 s
fftw1d_patient           L=1021 B=1     m=2000  inner=1      min=    15.065 us/xform  median=    15.076  sd=  0.04%      3.39 GF/s  setup=2.997 s
fftw1d_patient           L=1021 B=1     m=2000  inner=1      min=    15.058 us/xform  median=    15.065  sd=  0.04%      3.39 GF/s  setup=2.990 s
fftw1d_patient           L=1021 B=1     m=2000  inner=1      min=    15.119 us/xform  median=    15.129  sd=  0.04%      3.38 GF/s  setup=2.992 s
fftw1d_patient           L=1021 B=1     m=2     inner=64     min=    15.395 us/xform  median=    15.395  sd=  0.00%      3.31 GF/s  setup=2.953 s
mkl1d_dfti               L=1021 B=1     m=2000  inner=1      min=    12.957 us/xform  median=    12.960  sd=  0.04%      3.94 GF/s  setup=0.050 s
mkl1d_dfti               L=1021 B=1     m=2000  inner=1      min=    12.966 us/xform  median=    12.968  sd=  0.01%      3.94 GF/s  setup=0.031 s
mkl1d_dfti               L=1021 B=1     m=2000  inner=1      min=    11.369 us/xform  median=    11.372  sd=  0.01%      4.49 GF/s  setup=0.015 s
mkl1d_dfti               L=1021 B=1     m=2     inner=86     min=    11.468 us/xform  median=    11.468  sd=  0.00%      4.45 GF/s  setup=0.033 s
   skipping baseline_dft at L=65537 B=1 (too expensive to be informative)
d1_bluestein             L=65537 B=1     m=60    inner=1      min=   730.574 us/xform  median=   765.093  sd=  1.83%      7.18 GF/s  setup=0.026 s
d1_bluestein             L=65537 B=1     m=60    inner=1      min=   684.198 us/xform  median=   684.495  sd=  0.02%      7.66 GF/s  setup=0.028 s
d1_bluestein             L=65537 B=1     m=60    inner=1      min=   767.278 us/xform  median=   767.413  sd=  0.01%      6.83 GF/s  setup=0.029 s
d1_bluestein             L=65537 B=1     m=2     inner=1      min=   992.714 us/xform  median=   992.714  sd=  0.00%      5.28 GF/s  setup=0.026 s
d1_planner               L=65537 B=1     m=60    inner=1      min=   719.198 us/xform  median=   719.363  sd=  0.02%      7.29 GF/s  setup=0.026 s
d1_planner               L=65537 B=1     m=60    inner=1      min=   712.153 us/xform  median=   712.471  sd=  0.02%      7.36 GF/s  setup=0.031 s
d1_planner               L=65537 B=1     m=60    inner=1      min=   718.168 us/xform  median=   718.427  sd=  0.03%      7.30 GF/s  setup=0.029 s
d1_planner               L=65537 B=1     m=2     inner=1      min=  1003.147 us/xform  median=  1003.147  sd=  0.00%      5.23 GF/s  setup=0.027 s
d1_race                  L=65537 B=1     m=60    inner=1      min=   681.262 us/xform  median=   681.358  sd=  0.01%      7.70 GF/s  setup=2.685 s
d1_race                  L=65537 B=1     m=60    inner=1      min=   689.347 us/xform  median=   720.075  sd=  1.24%      7.61 GF/s  setup=0.056 s
d1_race                  L=65537 B=1     m=60    inner=1      min=   679.809 us/xform  median=   679.990  sd=  0.02%      7.71 GF/s  setup=0.042 s
d1_race                  L=65537 B=1     m=2     inner=1      min=   885.746 us/xform  median=   885.746  sd=  0.00%      5.92 GF/s  setup=0.040 s
d1_rader                 L=65537 B=1     m=60    inner=1      min=   677.758 us/xform  median=   677.917  sd=  0.02%      7.74 GF/s  setup=0.005 s
d1_rader                 L=65537 B=1     m=60    inner=1      min=   676.970 us/xform  median=   677.079  sd=  0.01%      7.74 GF/s  setup=0.005 s
d1_rader                 L=65537 B=1     m=60    inner=1      min=   676.204 us/xform  median=   676.543  sd=  0.02%      7.75 GF/s  setup=0.005 s
d1_rader                 L=65537 B=1     m=2     inner=1      min=   975.539 us/xform  median=   975.539  sd=  0.00%      5.37 GF/s  setup=0.006 s
fftw1d_estimate          L=65537 B=1     m=60    inner=1      min=  1899.584 us/xform  median=  1903.299  sd= 11.83%      2.76 GF/s  setup=0.008 s
fftw1d_estimate          L=65537 B=1     m=60    inner=1      min=  1906.773 us/xform  median=  1908.431  sd=  0.06%      2.75 GF/s  setup=0.010 s
fftw1d_estimate          L=65537 B=1     m=60    inner=1      min=  1907.220 us/xform  median=  1908.016  sd=  0.02%      2.75 GF/s  setup=0.007 s
fftw1d_estimate          L=65537 B=1     m=2     inner=1      min=  2250.197 us/xform  median=  2250.197  sd=  0.00%      2.33 GF/s  setup=0.008 s
fftw1d_measure           L=65537 B=1     m=60    inner=1      min=  1742.491 us/xform  median=  1743.845  sd=  0.04%      3.01 GF/s  setup=4.376 s
fftw1d_measure           L=65537 B=1     m=60    inner=1      min=  1753.700 us/xform  median=  1754.279  sd=  0.03%      2.99 GF/s  setup=4.292 s
fftw1d_measure           L=65537 B=1     m=60    inner=1      min=  1730.593 us/xform  median=  1731.324  sd=  0.05%      3.03 GF/s  setup=4.343 s
fftw1d_measure           L=65537 B=1     m=2     inner=1      min=  1772.110 us/xform  median=  1772.110  sd=  0.00%      2.96 GF/s  setup=4.300 s
fftw1d_patient           L=65537 B=1     m=60    inner=1      min=  1630.857 us/xform  median=  1631.645  sd=  0.05%      3.21 GF/s  setup=58.286 s
fftw1d_patient           L=65537 B=1     m=60    inner=1      min=  1641.097 us/xform  median=  1642.019  sd=  0.07%      3.19 GF/s  setup=58.181 s
fftw1d_patient           L=65537 B=1     m=60    inner=1      min=  1633.365 us/xform  median=  1634.388  sd=  0.03%      3.21 GF/s  setup=58.096 s
fftw1d_patient           L=65537 B=1     m=2     inner=1      min=  1661.841 us/xform  median=  1661.841  sd=  0.00%      3.15 GF/s  setup=58.099 s
mkl1d_dfti               L=65537 B=1     m=60    inner=1      min=  3506.370 us/xform  median=  3515.693  sd=  0.19%      1.50 GF/s  setup=0.012 s
mkl1d_dfti               L=65537 B=1     m=60    inner=1      min=  3468.418 us/xform  median=  3469.702  sd=  0.06%      1.51 GF/s  setup=0.013 s
mkl1d_dfti               L=65537 B=1     m=60    inner=1      min=  3475.404 us/xform  median=  3479.108  sd=  0.14%      1.51 GF/s  setup=0.013 s
mkl1d_dfti               L=65537 B=1     m=2     inner=1      min=  4108.683 us/xform  median=  4108.683  sd=  0.00%      1.28 GF/s  setup=0.011 s
