fftw1d_estimate          L=13  B=1     m=1     inner=1472978 min=     0.027 us/xform  median=     0.027  sd=  0.13%      8.94 GF/s  setup=0.001 s
fftw1d_estimate          L=13  B=1     m=1     inner=1159284 min=     0.028 us/xform  median=     0.028  sd=  0.08%      8.68 GF/s  setup=0.001 s
fftw1d_estimate          L=13  B=1     m=1     inner=756136 min=     0.026 us/xform  median=     0.026  sd=  0.12%      9.11 GF/s  setup=0.001 s
fftw1d_measure           L=13  B=1     m=1     inner=1507932 min=     0.026 us/xform  median=     0.026  sd=  0.15%      9.12 GF/s  setup=0.001 s
fftw1d_measure           L=13  B=1     m=1     inner=722097 min=     0.028 us/xform  median=     0.028  sd=  0.10%      8.69 GF/s  setup=0.001 s
fftw1d_measure           L=13  B=1     m=1     inner=1505226 min=     0.022 us/xform  median=     0.026  sd=  9.19%     10.99 GF/s  setup=0.001 s
fftw1d_patient           L=13  B=1     m=1     inner=744079 min=     0.027 us/xform  median=     0.027  sd=  0.14%      8.96 GF/s  setup=0.001 s
fftw1d_patient           L=13  B=1     m=1     inner=1145638 min=     0.023 us/xform  median=     0.028  sd=  6.16%     10.49 GF/s  setup=0.001 s
fftw1d_patient           L=13  B=1     m=1     inner=913862 min=     0.022 us/xform  median=     0.022  sd=  0.15%     11.02 GF/s  setup=0.001 s
mkl1d_dfti               L=13  B=1     m=1     inner=772477 min=     0.026 us/xform  median=     0.026  sd=  0.30%      9.29 GF/s  setup=0.044 s
mkl1d_dfti               L=13  B=1     m=1     inner=738288 min=     0.022 us/xform  median=     0.022  sd=  5.10%     11.10 GF/s  setup=0.047 s
mkl1d_dfti               L=13  B=1     m=1     inner=1678268 min=     0.022 us/xform  median=     0.022  sd=  0.15%     10.74 GF/s  setup=0.010 s
fftw1d_estimate          L=13  B=512   m=1     inner=1936   min=     0.040 us/xform  median=     0.040  sd=  0.05%      6.00 GF/s  setup=0.001 s
fftw1d_estimate          L=13  B=512   m=1     inner=1548   min=     0.035 us/xform  median=     0.035  sd=  0.06%      6.85 GF/s  setup=0.001 s
fftw1d_estimate          L=13  B=512   m=1     inner=1534   min=     0.040 us/xform  median=     0.040  sd=  0.12%      6.02 GF/s  setup=0.001 s
fftw1d_measure           L=13  B=512   m=1     inner=5394   min=     0.014 us/xform  median=     0.014  sd=  0.05%     17.04 GF/s  setup=0.002 s
fftw1d_measure           L=13  B=512   m=1     inner=4224   min=     0.013 us/xform  median=     0.013  sd=  0.04%     18.94 GF/s  setup=0.002 s
fftw1d_measure           L=13  B=512   m=1     inner=5988   min=     0.013 us/xform  median=     0.013  sd=  0.03%     18.89 GF/s  setup=0.002 s
fftw1d_patient           L=13  B=512   m=1     inner=5454   min=     0.014 us/xform  median=     0.014  sd=  0.07%     16.84 GF/s  setup=0.002 s
fftw1d_patient           L=13  B=512   m=1     inner=4292   min=     0.013 us/xform  median=     0.013  sd=  0.02%     19.21 GF/s  setup=0.002 s
fftw1d_patient           L=13  B=512   m=1     inner=6140   min=     0.013 us/xform  median=     0.013  sd=  0.04%     19.20 GF/s  setup=0.002 s
mkl1d_dfti               L=13  B=512   m=1     inner=2622   min=     0.016 us/xform  median=     0.016  sd=  3.48%     15.07 GF/s  setup=0.043 s
mkl1d_dfti               L=13  B=512   m=1     inner=4550   min=     0.016 us/xform  median=     0.016  sd=  0.14%     15.04 GF/s  setup=0.028 s
mkl1d_dfti               L=13  B=512   m=1     inner=4560   min=     0.016 us/xform  median=     0.016  sd=  0.21%     15.12 GF/s  setup=0.030 s
fftw1d_estimate          L=13  B=1     m=200000 inner=2      min=     0.081 us/xform  median=     0.081  sd=  0.01%      2.96 GF/s  setup=0.001 s
fftw1d_estimate          L=13  B=1     m=200000 inner=2      min=     0.067 us/xform  median=     0.067  sd=  0.01%      3.57 GF/s  setup=0.001 s
fftw1d_estimate          L=13  B=1     m=200000 inner=2      min=     0.067 us/xform  median=     0.067  sd=  0.01%      3.57 GF/s  setup=0.000 s
fftw1d_estimate          L=13  B=1     m=2     inner=7616   min=     0.079 us/xform  median=     0.079  sd=  0.00%      3.04 GF/s  setup=0.001 s
fftw1d_measure           L=13  B=1     m=200000 inner=2      min=     0.067 us/xform  median=     0.067  sd=  0.01%      3.57 GF/s  setup=0.001 s
fftw1d_measure           L=13  B=1     m=200000 inner=2      min=     0.067 us/xform  median=     0.067  sd=  0.01%      3.57 GF/s  setup=0.001 s
fftw1d_measure           L=13  B=1     m=200000 inner=2      min=     0.067 us/xform  median=     0.067  sd=  0.01%      3.57 GF/s  setup=0.001 s
fftw1d_measure           L=13  B=1     m=2     inner=10648  min=     0.079 us/xform  median=     0.079  sd=  0.00%      3.03 GF/s  setup=0.001 s
fftw1d_patient           L=13  B=1     m=200000 inner=2      min=     0.081 us/xform  median=     0.081  sd=  0.01%      2.96 GF/s  setup=0.001 s
fftw1d_patient           L=13  B=1     m=200000 inner=2      min=     0.067 us/xform  median=     0.067  sd=  0.01%      3.57 GF/s  setup=0.001 s
fftw1d_patient           L=13  B=1     m=200000 inner=2      min=     0.067 us/xform  median=     0.067  sd=  0.05%      3.57 GF/s  setup=0.001 s
fftw1d_patient           L=13  B=1     m=2     inner=14384  min=     0.070 us/xform  median=     0.070  sd=  0.00%      3.45 GF/s  setup=0.001 s
mkl1d_dfti               L=13  B=1     m=200000 inner=2      min=     0.080 us/xform  median=     0.080  sd=  0.06%      3.00 GF/s  setup=0.045 s
mkl1d_dfti               L=13  B=1     m=200000 inner=2      min=     0.067 us/xform  median=     0.067  sd=  5.29%      3.62 GF/s  setup=0.030 s
mkl1d_dfti               L=13  B=1     m=200000 inner=2      min=     0.066 us/xform  median=     0.067  sd=  0.14%      3.62 GF/s  setup=0.010 s
mkl1d_dfti               L=13  B=1     m=2     inner=3218   min=     0.173 us/xform  median=     0.173  sd=  0.00%      1.39 GF/s  setup=0.046 s
fftw1d_estimate          L=13  B=512   m=2000  inner=1      min=     0.075 us/xform  median=     0.085  sd=  4.98%      3.22 GF/s  setup=0.001 s
fftw1d_estimate          L=13  B=512   m=2000  inner=1      min=     0.075 us/xform  median=     0.075  sd=  6.66%      3.22 GF/s  setup=0.001 s
fftw1d_estimate          L=13  B=512   m=2000  inner=1      min=     0.075 us/xform  median=     0.075  sd=  0.03%      3.22 GF/s  setup=0.000 s
fftw1d_estimate          L=13  B=512   m=2     inner=24     min=     0.077 us/xform  median=     0.077  sd=  0.00%      3.13 GF/s  setup=0.001 s
fftw1d_measure           L=13  B=512   m=2000  inner=1      min=     0.052 us/xform  median=     0.052  sd=  0.01%      4.66 GF/s  setup=0.002 s
fftw1d_measure           L=13  B=512   m=2000  inner=1      min=     0.053 us/xform  median=     0.053  sd=  0.01%      4.52 GF/s  setup=0.002 s
fftw1d_measure           L=13  B=512   m=2000  inner=1      min=     0.051 us/xform  median=     0.051  sd=  0.01%      4.68 GF/s  setup=0.002 s
fftw1d_measure           L=13  B=512   m=2     inner=30     min=     0.062 us/xform  median=     0.062  sd=  0.00%      3.89 GF/s  setup=0.002 s
fftw1d_patient           L=13  B=512   m=2000  inner=1      min=     0.058 us/xform  median=     0.058  sd=  0.02%      4.12 GF/s  setup=0.002 s
fftw1d_patient           L=13  B=512   m=2000  inner=1      min=     0.052 us/xform  median=     0.052  sd=  0.01%      4.65 GF/s  setup=0.002 s
fftw1d_patient           L=13  B=512   m=2000  inner=1      min=     0.051 us/xform  median=     0.051  sd=  0.01%      4.68 GF/s  setup=0.002 s
fftw1d_patient           L=13  B=512   m=2     inner=18     min=     0.062 us/xform  median=     0.062  sd=  0.00%      3.91 GF/s  setup=0.002 s
mkl1d_dfti               L=13  B=512   m=2000  inner=1      min=     0.064 us/xform  median=     0.064  sd=  0.04%      3.75 GF/s  setup=0.045 s
mkl1d_dfti               L=13  B=512   m=2000  inner=1      min=     0.054 us/xform  median=     0.066  sd=  7.31%      4.43 GF/s  setup=0.050 s
mkl1d_dfti               L=13  B=512   m=2000  inner=1      min=     0.053 us/xform  median=     0.053  sd=  0.04%      4.53 GF/s  setup=0.048 s
mkl1d_dfti               L=13  B=512   m=2     inner=20     min=     0.096 us/xform  median=     0.096  sd=  0.00%      2.49 GF/s  setup=0.044 s
fftw1d_estimate          L=31  B=1     m=1     inner=83316  min=     0.316 us/xform  median=     0.317  sd=  0.10%      2.43 GF/s  setup=0.001 s
fftw1d_estimate          L=31  B=1     m=1     inner=72980  min=     0.260 us/xform  median=     0.261  sd=  0.64%      2.95 GF/s  setup=0.001 s
fftw1d_estimate          L=31  B=1     m=1     inner=106048 min=     0.260 us/xform  median=     0.261  sd=  0.12%      2.96 GF/s  setup=0.001 s
fftw1d_measure           L=31  B=1     m=1     inner=82994  min=     0.318 us/xform  median=     0.319  sd=  0.07%      2.41 GF/s  setup=0.043 s
fftw1d_measure           L=31  B=1     m=1     inner=93470  min=     0.262 us/xform  median=     0.263  sd=  0.12%      2.94 GF/s  setup=0.042 s
fftw1d_measure           L=31  B=1     m=1     inner=117992 min=     0.262 us/xform  median=     0.263  sd=  0.09%      2.93 GF/s  setup=0.041 s
fftw1d_patient           L=31  B=1     m=1     inner=96950  min=     0.274 us/xform  median=     0.275  sd=  0.09%      2.80 GF/s  setup=0.120 s
fftw1d_patient           L=31  B=1     m=1     inner=82516  min=     0.270 us/xform  median=     0.271  sd=  0.11%      2.84 GF/s  setup=0.119 s
fftw1d_patient           L=31  B=1     m=1     inner=94602  min=     0.261 us/xform  median=     0.261  sd=  0.10%      2.95 GF/s  setup=0.119 s
mkl1d_dfti               L=31  B=1     m=1     inner=58834  min=     0.232 us/xform  median=     0.233  sd=  9.75%      3.31 GF/s  setup=0.043 s
mkl1d_dfti               L=31  B=1     m=1     inner=96842  min=     0.233 us/xform  median=     0.233  sd=  0.06%      3.30 GF/s  setup=0.026 s
mkl1d_dfti               L=31  B=1     m=1     inner=117670 min=     0.232 us/xform  median=     0.232  sd=  0.05%      3.32 GF/s  setup=0.010 s
fftw1d_estimate          L=31  B=512   m=1     inner=226    min=     0.318 us/xform  median=     0.319  sd=  0.09%      2.42 GF/s  setup=0.001 s
fftw1d_estimate          L=31  B=512   m=1     inner=244    min=     0.319 us/xform  median=     0.319  sd=  0.01%      2.41 GF/s  setup=0.001 s
fftw1d_estimate          L=31  B=512   m=1     inner=192    min=     0.264 us/xform  median=     0.264  sd=  0.08%      2.91 GF/s  setup=0.001 s
fftw1d_measure           L=31  B=512   m=1     inner=242    min=     0.319 us/xform  median=     0.320  sd=  0.10%      2.41 GF/s  setup=0.042 s
fftw1d_measure           L=31  B=512   m=1     inner=244    min=     0.318 us/xform  median=     0.319  sd=  0.08%      2.41 GF/s  setup=0.042 s
fftw1d_measure           L=31  B=512   m=1     inner=242    min=     0.264 us/xform  median=     0.264  sd=  2.76%      2.90 GF/s  setup=0.043 s
fftw1d_patient           L=31  B=512   m=1     inner=282    min=     0.263 us/xform  median=     0.264  sd=  0.08%      2.92 GF/s  setup=0.118 s
fftw1d_patient           L=31  B=512   m=1     inner=282    min=     0.263 us/xform  median=     0.264  sd=  0.09%      2.91 GF/s  setup=0.119 s
fftw1d_patient           L=31  B=512   m=1     inner=278    min=     0.263 us/xform  median=     0.264  sd=  0.09%      2.91 GF/s  setup=0.118 s
mkl1d_dfti               L=31  B=512   m=1     inner=180    min=     0.228 us/xform  median=     0.228  sd=  3.51%      3.38 GF/s  setup=0.042 s
mkl1d_dfti               L=31  B=512   m=1     inner=316    min=     0.227 us/xform  median=     0.227  sd=  0.04%      3.39 GF/s  setup=0.028 s
mkl1d_dfti               L=31  B=512   m=1     inner=316    min=     0.227 us/xform  median=     0.227  sd=  0.04%      3.39 GF/s  setup=0.011 s
fftw1d_estimate          L=31  B=1     m=100000 inner=1      min=     0.422 us/xform  median=     0.422  sd=  0.01%      1.82 GF/s  setup=0.001 s
fftw1d_estimate          L=31  B=1     m=100000 inner=1      min=     0.350 us/xform  median=     0.350  sd=  0.01%      2.19 GF/s  setup=0.001 s
fftw1d_estimate          L=31  B=1     m=100000 inner=1      min=     0.350 us/xform  median=     0.350  sd=  0.02%      2.19 GF/s  setup=0.001 s
fftw1d_estimate          L=31  B=1     m=2     inner=1136   min=     0.464 us/xform  median=     0.464  sd=  0.00%      1.65 GF/s  setup=0.001 s
fftw1d_measure           L=31  B=1     m=100000 inner=1      min=     0.421 us/xform  median=     0.421  sd=  0.01%      1.82 GF/s  setup=0.043 s
fftw1d_measure           L=31  B=1     m=100000 inner=1      min=     0.350 us/xform  median=     0.350  sd=  0.01%      2.20 GF/s  setup=0.042 s
fftw1d_measure           L=31  B=1     m=100000 inner=1      min=     0.349 us/xform  median=     0.349  sd=  0.02%      2.20 GF/s  setup=0.042 s
fftw1d_measure           L=31  B=1     m=2     inner=1144   min=     0.723 us/xform  median=     0.723  sd=  0.00%      1.06 GF/s  setup=0.044 s
fftw1d_patient           L=31  B=1     m=100000 inner=1      min=     0.347 us/xform  median=     0.347  sd=  0.02%      2.21 GF/s  setup=0.118 s
fftw1d_patient           L=31  B=1     m=100000 inner=1      min=     0.359 us/xform  median=     0.379  sd= 21.50%      2.14 GF/s  setup=0.119 s
fftw1d_patient           L=31  B=1     m=100000 inner=1      min=     0.362 us/xform  median=     0.362  sd=  8.83%      2.12 GF/s  setup=0.120 s
fftw1d_patient           L=31  B=1     m=2     inner=1954   min=     0.425 us/xform  median=     0.425  sd=  0.00%      1.81 GF/s  setup=0.119 s
mkl1d_dfti               L=31  B=1     m=100000 inner=1      min=     0.386 us/xform  median=     0.387  sd=  0.09%      1.99 GF/s  setup=0.044 s
mkl1d_dfti               L=31  B=1     m=100000 inner=1      min=     0.386 us/xform  median=     0.386  sd=  0.06%      1.99 GF/s  setup=0.030 s
mkl1d_dfti               L=31  B=1     m=100000 inner=1      min=     0.334 us/xform  median=     0.386  sd=  3.53%      2.30 GF/s  setup=0.010 s
mkl1d_dfti               L=31  B=1     m=2     inner=1402   min=     0.579 us/xform  median=     0.579  sd=  0.00%      1.33 GF/s  setup=0.044 s
fftw1d_estimate          L=31  B=512   m=1200  inner=1      min=     0.354 us/xform  median=     0.354  sd=  0.46%      2.17 GF/s  setup=0.001 s
fftw1d_estimate          L=31  B=512   m=1200  inner=1      min=     0.354 us/xform  median=     0.354  sd=  6.49%      2.17 GF/s  setup=0.001 s
fftw1d_estimate          L=31  B=512   m=1200  inner=1      min=     0.354 us/xform  median=     0.354  sd=  8.14%      2.17 GF/s  setup=0.001 s
fftw1d_estimate          L=31  B=512   m=2     inner=4      min=     0.462 us/xform  median=     0.462  sd=  0.00%      1.66 GF/s  setup=0.001 s
fftw1d_measure           L=31  B=512   m=1200  inner=1      min=     0.354 us/xform  median=     0.354  sd=  5.87%      2.17 GF/s  setup=0.041 s
fftw1d_measure           L=31  B=512   m=1200  inner=1      min=     0.354 us/xform  median=     0.354  sd=  0.20%      2.17 GF/s  setup=0.042 s
fftw1d_measure           L=31  B=512   m=1200  inner=1      min=     0.354 us/xform  median=     0.354  sd=  0.01%      2.17 GF/s  setup=0.042 s
fftw1d_measure           L=31  B=512   m=2     inner=4      min=     0.435 us/xform  median=     0.435  sd=  0.00%      1.77 GF/s  setup=0.043 s
fftw1d_patient           L=31  B=512   m=1200  inner=1      min=     0.354 us/xform  median=     0.354  sd=  0.01%      2.17 GF/s  setup=0.117 s
fftw1d_patient           L=31  B=512   m=1200  inner=1      min=     0.354 us/xform  median=     0.354  sd=  6.29%      2.17 GF/s  setup=0.119 s
fftw1d_patient           L=31  B=512   m=1200  inner=1      min=     0.354 us/xform  median=     0.354  sd=  0.01%      2.17 GF/s  setup=0.119 s
fftw1d_patient           L=31  B=512   m=2     inner=4      min=     0.434 us/xform  median=     0.434  sd=  0.00%      1.77 GF/s  setup=0.119 s
mkl1d_dfti               L=31  B=512   m=1200  inner=1      min=     0.315 us/xform  median=     0.316  sd=  2.31%      2.43 GF/s  setup=0.043 s
mkl1d_dfti               L=31  B=512   m=1200  inner=1      min=     0.315 us/xform  median=     0.315  sd=  5.95%      2.43 GF/s  setup=0.049 s
mkl1d_dfti               L=31  B=512   m=1200  inner=1      min=     0.315 us/xform  median=     0.315  sd=  0.03%      2.44 GF/s  setup=0.046 s
mkl1d_dfti               L=31  B=512   m=2     inner=2      min=     0.635 us/xform  median=     0.635  sd=  0.00%      1.21 GF/s  setup=0.044 s
fftw1d_estimate          L=32  B=1     m=1     inner=805442 min=     0.042 us/xform  median=     0.043  sd= 17.24%     18.84 GF/s  setup=0.001 s
fftw1d_estimate          L=32  B=1     m=1     inner=393342 min=     0.047 us/xform  median=     0.047  sd=  0.24%     16.92 GF/s  setup=0.001 s
fftw1d_estimate          L=32  B=1     m=1     inner=612176 min=     0.050 us/xform  median=     0.051  sd=  0.82%     15.93 GF/s  setup=0.001 s
fftw1d_measure           L=32  B=1     m=1     inner=1227592 min=     0.032 us/xform  median=     0.032  sd= 16.39%     24.88 GF/s  setup=0.007 s
fftw1d_measure           L=32  B=1     m=1     inner=676072 min=     0.038 us/xform  median=     0.038  sd=  0.26%     21.18 GF/s  setup=0.008 s
fftw1d_measure           L=32  B=1     m=1     inner=821718 min=     0.041 us/xform  median=     0.041  sd=  0.40%     19.70 GF/s  setup=0.008 s
fftw1d_patient           L=32  B=1     m=1     inner=1014960 min=     0.034 us/xform  median=     0.034  sd= 19.28%     23.30 GF/s  setup=0.015 s
fftw1d_patient           L=32  B=1     m=1     inner=972194 min=     0.037 us/xform  median=     0.037  sd=  0.37%     21.66 GF/s  setup=0.015 s
fftw1d_patient           L=32  B=1     m=1     inner=1011754 min=     0.039 us/xform  median=     0.039  sd=  0.25%     20.53 GF/s  setup=0.014 s
mkl1d_dfti               L=32  B=1     m=1     inner=1409526 min=     0.026 us/xform  median=     0.026  sd=  0.79%     30.82 GF/s  setup=0.002 s
mkl1d_dfti               L=32  B=1     m=1     inner=1276152 min=     0.025 us/xform  median=     0.026  sd=  0.57%     31.61 GF/s  setup=0.002 s
mkl1d_dfti               L=32  B=1     m=1     inner=1074038 min=     0.029 us/xform  median=     0.030  sd=  0.60%     27.28 GF/s  setup=0.001 s
fftw1d_estimate          L=32  B=512   m=1     inner=762    min=     0.101 us/xform  median=     0.102  sd=  0.09%      7.89 GF/s  setup=0.001 s
fftw1d_estimate          L=32  B=512   m=1     inner=608    min=     0.089 us/xform  median=     0.089  sd=  0.15%      9.03 GF/s  setup=0.001 s
fftw1d_estimate          L=32  B=512   m=1     inner=866    min=     0.089 us/xform  median=     0.089  sd=  0.23%      9.01 GF/s  setup=0.000 s
fftw1d_measure           L=32  B=512   m=1     inner=2520   min=     0.029 us/xform  median=     0.029  sd=  0.02%     27.97 GF/s  setup=0.010 s
fftw1d_measure           L=32  B=512   m=1     inner=2086   min=     0.029 us/xform  median=     0.029  sd=  0.04%     27.68 GF/s  setup=0.010 s
fftw1d_measure           L=32  B=512   m=1     inner=2550   min=     0.029 us/xform  median=     0.029  sd= 13.21%     27.98 GF/s  setup=0.010 s
fftw1d_patient           L=32  B=512   m=1     inner=2540   min=     0.028 us/xform  median=     0.028  sd= 14.45%     28.12 GF/s  setup=0.061 s
fftw1d_patient           L=32  B=512   m=1     inner=2524   min=     0.029 us/xform  median=     0.029  sd=  0.21%     28.04 GF/s  setup=0.061 s
fftw1d_patient           L=32  B=512   m=1     inner=1337   min=     0.030 us/xform  median=     0.030  sd=  0.10%     27.08 GF/s  setup=0.086 s
mkl1d_dfti               L=32  B=512   m=1     inner=4400   min=     0.017 us/xform  median=     0.017  sd=  4.65%     45.96 GF/s  setup=0.002 s
mkl1d_dfti               L=32  B=512   m=1     inner=4466   min=     0.017 us/xform  median=     0.017  sd=  0.02%     45.95 GF/s  setup=0.002 s
mkl1d_dfti               L=32  B=512   m=1     inner=4414   min=     0.015 us/xform  median=     0.017  sd=  6.10%     52.30 GF/s  setup=0.001 s
fftw1d_estimate          L=32  B=1     m=100000 inner=2      min=     0.165 us/xform  median=     0.165  sd=  5.31%      4.84 GF/s  setup=0.001 s
fftw1d_estimate          L=32  B=1     m=100000 inner=2      min=     0.165 us/xform  median=     0.166  sd=  0.06%      4.84 GF/s  setup=0.001 s
fftw1d_estimate          L=32  B=1     m=100000 inner=2      min=     0.145 us/xform  median=     0.145  sd=  5.39%      5.51 GF/s  setup=0.001 s
fftw1d_estimate          L=32  B=1     m=2     inner=5716   min=     0.167 us/xform  median=     0.167  sd=  0.00%      4.80 GF/s  setup=0.001 s
fftw1d_measure           L=32  B=1     m=100000 inner=2      min=     0.136 us/xform  median=     0.136  sd=  0.06%      5.87 GF/s  setup=0.007 s
fftw1d_measure           L=32  B=1     m=100000 inner=2      min=     0.136 us/xform  median=     0.136  sd=  0.04%      5.88 GF/s  setup=0.008 s
fftw1d_measure           L=32  B=1     m=100000 inner=2      min=     0.136 us/xform  median=     0.136  sd=  0.04%      5.88 GF/s  setup=0.007 s
fftw1d_measure           L=32  B=1     m=2     inner=7058   min=     0.138 us/xform  median=     0.138  sd=  0.00%      5.81 GF/s  setup=0.007 s
fftw1d_patient           L=32  B=1     m=100000 inner=2      min=     0.134 us/xform  median=     0.135  sd=  0.07%      5.95 GF/s  setup=0.014 s
fftw1d_patient           L=32  B=1     m=100000 inner=2      min=     0.136 us/xform  median=     0.136  sd=  0.05%      5.90 GF/s  setup=0.014 s
fftw1d_patient           L=32  B=1     m=100000 inner=2      min=     0.155 us/xform  median=     0.155  sd=  0.10%      5.17 GF/s  setup=0.015 s
fftw1d_patient           L=32  B=1     m=2     inner=6992   min=     0.137 us/xform  median=     0.137  sd=  0.00%      5.82 GF/s  setup=0.014 s
mkl1d_dfti               L=32  B=1     m=100000 inner=2      min=     0.131 us/xform  median=     0.131  sd=  0.12%      6.11 GF/s  setup=0.001 s
mkl1d_dfti               L=32  B=1     m=100000 inner=2      min=     0.131 us/xform  median=     0.131  sd=  0.08%      6.11 GF/s  setup=0.002 s
mkl1d_dfti               L=32  B=1     m=100000 inner=2      min=     0.131 us/xform  median=     0.131  sd=  0.07%      6.10 GF/s  setup=0.001 s
mkl1d_dfti               L=32  B=1     m=2     inner=6608   min=     0.152 us/xform  median=     0.152  sd=  0.00%      5.27 GF/s  setup=0.002 s
fftw1d_estimate          L=32  B=512   m=1000  inner=1      min=     0.186 us/xform  median=     0.187  sd=  7.33%      4.30 GF/s  setup=0.001 s
fftw1d_estimate          L=32  B=512   m=1000  inner=1      min=     0.187 us/xform  median=     0.187  sd=  0.03%      4.28 GF/s  setup=0.001 s
fftw1d_estimate          L=32  B=512   m=1000  inner=1      min=     0.187 us/xform  median=     0.187  sd=  2.53%      4.29 GF/s  setup=0.001 s
fftw1d_estimate          L=32  B=512   m=2     inner=8      min=     0.220 us/xform  median=     0.220  sd=  0.00%      3.63 GF/s  setup=0.001 s
fftw1d_measure           L=32  B=512   m=1000  inner=1      min=     0.133 us/xform  median=     0.139  sd=  2.97%      6.03 GF/s  setup=0.010 s
fftw1d_measure           L=32  B=512   m=1000  inner=1      min=     0.123 us/xform  median=     0.123  sd=  0.02%      6.50 GF/s  setup=0.011 s
fftw1d_measure           L=32  B=512   m=1000  inner=1      min=     0.123 us/xform  median=     0.140  sd=  4.48%      6.50 GF/s  setup=0.010 s
fftw1d_measure           L=32  B=512   m=2     inner=12     min=     0.148 us/xform  median=     0.148  sd=  0.00%      5.41 GF/s  setup=0.010 s
fftw1d_patient           L=32  B=512   m=1000  inner=1      min=     0.122 us/xform  median=     0.122  sd=  0.02%      6.55 GF/s  setup=0.057 s
fftw1d_patient           L=32  B=512   m=1000  inner=1      min=     0.123 us/xform  median=     0.123  sd=  0.01%      6.50 GF/s  setup=0.055 s
fftw1d_patient           L=32  B=512   m=1000  inner=1      min=     0.122 us/xform  median=     0.122  sd=  2.78%      6.56 GF/s  setup=0.055 s
fftw1d_patient           L=32  B=512   m=2     inner=12     min=     0.147 us/xform  median=     0.147  sd=  0.00%      5.45 GF/s  setup=0.062 s
mkl1d_dfti               L=32  B=512   m=1000  inner=1      min=     0.112 us/xform  median=     0.112  sd=  2.26%      7.13 GF/s  setup=0.001 s
mkl1d_dfti               L=32  B=512   m=1000  inner=1      min=     0.112 us/xform  median=     0.112  sd=  2.75%      7.12 GF/s  setup=0.001 s
mkl1d_dfti               L=32  B=512   m=1000  inner=1      min=     0.112 us/xform  median=     0.112  sd=  2.79%      7.12 GF/s  setup=0.001 s
mkl1d_dfti               L=32  B=512   m=2     inner=14     min=     0.127 us/xform  median=     0.127  sd=  0.00%      6.30 GF/s  setup=0.001 s
fftw1d_estimate          L=60  B=1     m=1     inner=447718 min=     0.083 us/xform  median=     0.088  sd= 12.57%     21.27 GF/s  setup=0.001 s
fftw1d_estimate          L=60  B=1     m=1     inner=341340 min=     0.094 us/xform  median=     0.095  sd=  0.15%     18.79 GF/s  setup=0.001 s
fftw1d_estimate          L=60  B=1     m=1     inner=338818 min=     0.084 us/xform  median=     0.084  sd=  0.11%     21.12 GF/s  setup=0.001 s
fftw1d_measure           L=60  B=1     m=1     inner=496972 min=     0.075 us/xform  median=     0.076  sd= 16.06%     23.52 GF/s  setup=0.047 s
fftw1d_measure           L=60  B=1     m=1     inner=298679 min=     0.067 us/xform  median=     0.067  sd=  0.15%     26.52 GF/s  setup=0.045 s
fftw1d_measure           L=60  B=1     m=1     inner=281636 min=     0.073 us/xform  median=     0.073  sd=  0.64%     24.31 GF/s  setup=0.045 s
fftw1d_patient           L=60  B=1     m=1     inner=279802 min=     0.079 us/xform  median=     0.079  sd=  0.20%     22.53 GF/s  setup=0.126 s
fftw1d_patient           L=60  B=1     m=1     inner=556978 min=     0.071 us/xform  median=     0.072  sd= 15.82%     24.80 GF/s  setup=0.127 s
fftw1d_patient           L=60  B=1     m=1     inner=652532 min=     0.060 us/xform  median=     0.061  sd=  0.34%     29.33 GF/s  setup=0.127 s
mkl1d_dfti               L=60  B=1     m=1     inner=657828 min=     0.061 us/xform  median=     0.061  sd=  8.67%     29.23 GF/s  setup=0.002 s
mkl1d_dfti               L=60  B=1     m=1     inner=553238 min=     0.053 us/xform  median=     0.054  sd=  0.24%     33.14 GF/s  setup=0.002 s
mkl1d_dfti               L=60  B=1     m=1     inner=309873 min=     0.064 us/xform  median=     0.064  sd=  0.23%     27.61 GF/s  setup=0.001 s
fftw1d_estimate          L=60  B=512   m=1     inner=844    min=     0.086 us/xform  median=     0.086  sd=  0.63%     20.58 GF/s  setup=0.001 s
fftw1d_estimate          L=60  B=512   m=1     inner=606    min=     0.086 us/xform  median=     0.086  sd=  0.13%     20.68 GF/s  setup=0.001 s
fftw1d_estimate          L=60  B=512   m=1     inner=632    min=     0.085 us/xform  median=     0.085  sd=  0.58%     20.81 GF/s  setup=0.001 s
fftw1d_measure           L=60  B=512   m=1     inner=864    min=     0.089 us/xform  median=     0.089  sd=  0.04%     19.93 GF/s  setup=0.046 s
fftw1d_measure           L=60  B=512   m=1     inner=437    min=     0.089 us/xform  median=     0.089  sd= 11.71%     19.89 GF/s  setup=0.047 s
fftw1d_measure           L=60  B=512   m=1     inner=492    min=     0.079 us/xform  median=     0.082  sd= 15.57%     22.32 GF/s  setup=0.046 s
fftw1d_patient           L=60  B=512   m=1     inner=1122   min=     0.069 us/xform  median=     0.069  sd=  0.06%     25.58 GF/s  setup=0.386 s
fftw1d_patient           L=60  B=512   m=1     inner=1186   min=     0.066 us/xform  median=     0.066  sd= 13.95%     27.04 GF/s  setup=0.423 s
fftw1d_patient           L=60  B=512   m=1     inner=1160   min=     0.067 us/xform  median=     0.067  sd=  0.06%     26.52 GF/s  setup=0.386 s
mkl1d_dfti               L=60  B=512   m=1     inner=1618   min=     0.044 us/xform  median=     0.044  sd=  0.36%     40.70 GF/s  setup=0.001 s
mkl1d_dfti               L=60  B=512   m=1     inner=1714   min=     0.043 us/xform  median=     0.043  sd=  0.04%     40.89 GF/s  setup=0.001 s
mkl1d_dfti               L=60  B=512   m=1     inner=1230   min=     0.044 us/xform  median=     0.044  sd=  0.20%     40.35 GF/s  setup=0.001 s
fftw1d_estimate          L=60  B=1     m=60000 inner=2      min=     0.286 us/xform  median=     0.286  sd=  0.05%      6.20 GF/s  setup=0.001 s
fftw1d_estimate          L=60  B=1     m=60000 inner=2      min=     0.252 us/xform  median=     0.252  sd=  3.23%      7.04 GF/s  setup=0.001 s
fftw1d_estimate          L=60  B=1     m=60000 inner=2      min=     0.286 us/xform  median=     0.287  sd=  0.05%      6.19 GF/s  setup=0.001 s
fftw1d_estimate          L=60  B=1     m=2     inner=2614   min=     0.372 us/xform  median=     0.372  sd=  0.00%      4.77 GF/s  setup=0.001 s
fftw1d_measure           L=60  B=1     m=60000 inner=2      min=     0.232 us/xform  median=     0.240  sd=  9.98%      7.65 GF/s  setup=0.046 s
fftw1d_measure           L=60  B=1     m=60000 inner=2      min=     0.246 us/xform  median=     0.248  sd=  0.36%      7.20 GF/s  setup=0.047 s
fftw1d_measure           L=60  B=1     m=60000 inner=2      min=     0.236 us/xform  median=     0.236  sd=  0.19%      7.52 GF/s  setup=0.047 s
fftw1d_measure           L=60  B=1     m=2     inner=2490   min=     0.254 us/xform  median=     0.254  sd=  0.00%      6.97 GF/s  setup=0.045 s
fftw1d_patient           L=60  B=1     m=60000 inner=2      min=     0.242 us/xform  median=     0.242  sd=  0.05%      7.34 GF/s  setup=0.126 s
fftw1d_patient           L=60  B=1     m=60000 inner=2      min=     0.242 us/xform  median=     0.242  sd=  0.19%      7.33 GF/s  setup=0.125 s
fftw1d_patient           L=60  B=1     m=60000 inner=2      min=     0.242 us/xform  median=     0.242  sd=  0.32%      7.31 GF/s  setup=0.127 s
fftw1d_patient           L=60  B=1     m=2     inner=2272   min=     0.292 us/xform  median=     0.292  sd=  0.00%      6.08 GF/s  setup=0.129 s
mkl1d_dfti               L=60  B=1     m=60000 inner=2      min=     0.270 us/xform  median=     0.270  sd=  2.16%      6.57 GF/s  setup=0.002 s
mkl1d_dfti               L=60  B=1     m=60000 inner=2      min=     0.270 us/xform  median=     0.270  sd=  0.03%      6.57 GF/s  setup=0.002 s
mkl1d_dfti               L=60  B=1     m=60000 inner=2      min=     0.237 us/xform  median=     0.237  sd=  4.75%      7.48 GF/s  setup=0.001 s
mkl1d_dfti               L=60  B=1     m=2     inner=2432   min=     0.276 us/xform  median=     0.276  sd=  0.00%      6.43 GF/s  setup=0.001 s
fftw1d_estimate          L=60  B=512   m=600   inner=1      min=     0.270 us/xform  median=     0.285  sd=  6.39%      6.57 GF/s  setup=0.001 s
fftw1d_estimate          L=60  B=512   m=600   inner=1      min=     0.269 us/xform  median=     0.269  sd=  0.02%      6.59 GF/s  setup=0.001 s
fftw1d_estimate          L=60  B=512   m=600   inner=1      min=     0.272 us/xform  median=     0.310  sd=  5.53%      6.50 GF/s  setup=0.001 s
fftw1d_estimate          L=60  B=512   m=2     inner=4      min=     0.314 us/xform  median=     0.314  sd=  0.00%      5.64 GF/s  setup=0.001 s
fftw1d_measure           L=60  B=512   m=600   inner=1      min=     0.275 us/xform  median=     0.275  sd=  0.04%      6.45 GF/s  setup=0.045 s
fftw1d_measure           L=60  B=512   m=600   inner=1      min=     0.275 us/xform  median=     0.275  sd=  0.03%      6.45 GF/s  setup=0.047 s
fftw1d_measure           L=60  B=512   m=600   inner=1      min=     0.254 us/xform  median=     0.254  sd=  0.01%      6.98 GF/s  setup=0.046 s
fftw1d_measure           L=60  B=512   m=2     inner=6      min=     0.296 us/xform  median=     0.296  sd=  0.00%      6.00 GF/s  setup=0.045 s
fftw1d_patient           L=60  B=512   m=600   inner=1      min=     0.252 us/xform  median=     0.252  sd=  6.05%      7.04 GF/s  setup=0.434 s
fftw1d_patient           L=60  B=512   m=600   inner=1      min=     0.253 us/xform  median=     0.253  sd=  0.08%      7.01 GF/s  setup=0.393 s
fftw1d_patient           L=60  B=512   m=600   inner=1      min=     0.255 us/xform  median=     0.255  sd=  0.01%      6.95 GF/s  setup=0.389 s
fftw1d_patient           L=60  B=512   m=2     inner=6      min=     0.274 us/xform  median=     0.274  sd=  0.00%      6.47 GF/s  setup=0.388 s
mkl1d_dfti               L=60  B=512   m=600   inner=1      min=     0.229 us/xform  median=     0.229  sd=  0.01%      7.75 GF/s  setup=0.002 s
mkl1d_dfti               L=60  B=512   m=600   inner=1      min=     0.228 us/xform  median=     0.228  sd=  7.78%      7.76 GF/s  setup=0.002 s
mkl1d_dfti               L=60  B=512   m=600   inner=1      min=     0.230 us/xform  median=     0.230  sd=  0.01%      7.72 GF/s  setup=0.001 s
mkl1d_dfti               L=60  B=512   m=2     inner=4      min=     0.319 us/xform  median=     0.319  sd=  0.00%      5.56 GF/s  setup=0.002 s
fftw1d_estimate          L=64  B=1     m=1     inner=465750 min=     0.080 us/xform  median=     0.080  sd=  0.56%     24.05 GF/s  setup=0.001 s
fftw1d_estimate          L=64  B=1     m=1     inner=468888 min=     0.085 us/xform  median=     0.085  sd=  0.20%     22.70 GF/s  setup=0.001 s
fftw1d_estimate          L=64  B=1     m=1     inner=239312 min=     0.082 us/xform  median=     0.083  sd=  0.42%     23.34 GF/s  setup=0.000 s
fftw1d_measure           L=64  B=1     m=1     inner=620038 min=     0.060 us/xform  median=     0.060  sd=  0.48%     32.13 GF/s  setup=0.021 s
fftw1d_measure           L=64  B=1     m=1     inner=595754 min=     0.058 us/xform  median=     0.058  sd=  0.22%     33.35 GF/s  setup=0.022 s
fftw1d_measure           L=64  B=1     m=1     inner=580902 min=     0.069 us/xform  median=     0.069  sd=  0.06%     28.00 GF/s  setup=0.021 s
fftw1d_patient           L=64  B=1     m=1     inner=571678 min=     0.069 us/xform  median=     0.070  sd=  0.19%     27.63 GF/s  setup=0.054 s
fftw1d_patient           L=64  B=1     m=1     inner=599176 min=     0.066 us/xform  median=     0.067  sd=  0.08%     28.90 GF/s  setup=0.054 s
fftw1d_patient           L=64  B=1     m=1     inner=676078 min=     0.059 us/xform  median=     0.059  sd=  0.22%     32.76 GF/s  setup=0.055 s
mkl1d_dfti               L=64  B=1     m=1     inner=436292 min=     0.043 us/xform  median=     0.043  sd=  2.30%     44.63 GF/s  setup=0.002 s
mkl1d_dfti               L=64  B=1     m=1     inner=468800 min=     0.042 us/xform  median=     0.043  sd=  0.30%     45.18 GF/s  setup=0.001 s
mkl1d_dfti               L=64  B=1     m=1     inner=459998 min=     0.043 us/xform  median=     0.043  sd=  0.19%     44.42 GF/s  setup=0.001 s
fftw1d_estimate          L=64  B=512   m=1     inner=406    min=     0.192 us/xform  median=     0.192  sd=  0.08%     10.03 GF/s  setup=0.001 s
fftw1d_estimate          L=64  B=512   m=1     inner=270    min=     0.192 us/xform  median=     0.193  sd=  0.10%      9.98 GF/s  setup=0.001 s
fftw1d_estimate          L=64  B=512   m=1     inner=250    min=     0.195 us/xform  median=     0.196  sd=  0.14%      9.82 GF/s  setup=0.001 s
fftw1d_measure           L=64  B=512   m=1     inner=1014   min=     0.066 us/xform  median=     0.066  sd=  0.14%     29.10 GF/s  setup=0.026 s
fftw1d_measure           L=64  B=512   m=1     inner=1100   min=     0.064 us/xform  median=     0.064  sd=  0.10%     29.88 GF/s  setup=0.026 s
fftw1d_measure           L=64  B=512   m=1     inner=1028   min=     0.070 us/xform  median=     0.070  sd=  0.05%     27.28 GF/s  setup=0.026 s
fftw1d_patient           L=64  B=512   m=1     inner=1076   min=     0.068 us/xform  median=     0.068  sd=  0.10%     28.41 GF/s  setup=0.214 s
fftw1d_patient           L=64  B=512   m=1     inner=1062   min=     0.069 us/xform  median=     0.069  sd=  0.06%     27.83 GF/s  setup=0.213 s
fftw1d_patient           L=64  B=512   m=1     inner=1132   min=     0.069 us/xform  median=     0.069  sd=  0.04%     27.91 GF/s  setup=0.214 s
mkl1d_dfti               L=64  B=512   m=1     inner=1710   min=     0.046 us/xform  median=     0.054  sd=  5.47%     41.68 GF/s  setup=0.002 s
mkl1d_dfti               L=64  B=512   m=1     inner=1122   min=     0.042 us/xform  median=     0.042  sd=  3.10%     45.78 GF/s  setup=0.002 s
mkl1d_dfti               L=64  B=512   m=1     inner=1350   min=     0.040 us/xform  median=     0.041  sd=  0.49%     47.46 GF/s  setup=0.001 s
fftw1d_estimate          L=64  B=1     m=60000 inner=2      min=     0.306 us/xform  median=     0.307  sd=  0.09%      6.27 GF/s  setup=0.001 s
fftw1d_estimate          L=64  B=1     m=60000 inner=2      min=     0.305 us/xform  median=     0.305  sd=  0.09%      6.30 GF/s  setup=0.001 s
fftw1d_estimate          L=64  B=1     m=60000 inner=2      min=     0.268 us/xform  median=     0.268  sd=  0.06%      7.17 GF/s  setup=0.001 s
fftw1d_estimate          L=64  B=1     m=2     inner=1558   min=     0.314 us/xform  median=     0.314  sd=  0.00%      6.11 GF/s  setup=0.001 s
fftw1d_measure           L=64  B=1     m=60000 inner=2      min=     0.246 us/xform  median=     0.246  sd=  0.02%      7.81 GF/s  setup=0.021 s
fftw1d_measure           L=64  B=1     m=60000 inner=2      min=     0.246 us/xform  median=     0.246  sd=  0.01%      7.81 GF/s  setup=0.022 s
fftw1d_measure           L=64  B=1     m=60000 inner=2      min=     0.246 us/xform  median=     0.246  sd=  0.02%      7.81 GF/s  setup=0.022 s
fftw1d_measure           L=64  B=1     m=2     inner=3666   min=     0.266 us/xform  median=     0.266  sd=  0.00%      7.21 GF/s  setup=0.022 s
fftw1d_patient           L=64  B=1     m=60000 inner=2      min=     0.289 us/xform  median=     0.290  sd=  0.08%      6.64 GF/s  setup=0.054 s
fftw1d_patient           L=64  B=1     m=60000 inner=2      min=     0.245 us/xform  median=     0.279  sd=  5.73%      7.83 GF/s  setup=0.054 s
fftw1d_patient           L=64  B=1     m=60000 inner=2      min=     0.244 us/xform  median=     0.244  sd=  0.02%      7.86 GF/s  setup=0.053 s
fftw1d_patient           L=64  B=1     m=2     inner=3400   min=     0.285 us/xform  median=     0.285  sd=  0.00%      6.73 GF/s  setup=0.056 s
mkl1d_dfti               L=64  B=1     m=60000 inner=2      min=     0.237 us/xform  median=     0.237  sd=  0.03%      8.10 GF/s  setup=0.002 s
mkl1d_dfti               L=64  B=1     m=60000 inner=2      min=     0.237 us/xform  median=     0.237  sd=  0.03%      8.11 GF/s  setup=0.001 s
mkl1d_dfti               L=64  B=1     m=60000 inner=2      min=     0.237 us/xform  median=     0.237  sd=  0.02%      8.09 GF/s  setup=0.001 s
mkl1d_dfti               L=64  B=1     m=2     inner=2578   min=     0.258 us/xform  median=     0.258  sd=  0.00%      7.45 GF/s  setup=0.001 s
fftw1d_estimate          L=64  B=512   m=500   inner=1      min=     0.396 us/xform  median=     0.397  sd=  0.08%      4.85 GF/s  setup=0.001 s
fftw1d_estimate          L=64  B=512   m=500   inner=1      min=     0.399 us/xform  median=     0.399  sd=  0.05%      4.82 GF/s  setup=0.001 s
fftw1d_estimate          L=64  B=512   m=500   inner=1      min=     0.396 us/xform  median=     0.396  sd=  0.04%      4.84 GF/s  setup=0.001 s
fftw1d_estimate          L=64  B=512   m=2     inner=4      min=     0.431 us/xform  median=     0.431  sd=  0.00%      4.46 GF/s  setup=0.001 s
fftw1d_measure           L=64  B=512   m=500   inner=1      min=     0.269 us/xform  median=     0.269  sd=  8.79%      7.14 GF/s  setup=0.028 s
fftw1d_measure           L=64  B=512   m=500   inner=1      min=     0.270 us/xform  median=     0.270  sd=  0.02%      7.11 GF/s  setup=0.030 s
fftw1d_measure           L=64  B=512   m=500   inner=1      min=     0.269 us/xform  median=     0.269  sd=  0.04%      7.13 GF/s  setup=0.026 s
fftw1d_measure           L=64  B=512   m=2     inner=4      min=     0.340 us/xform  median=     0.340  sd=  0.00%      5.65 GF/s  setup=0.027 s
fftw1d_patient           L=64  B=512   m=500   inner=1      min=     0.269 us/xform  median=     0.269  sd=  0.16%      7.13 GF/s  setup=0.241 s
fftw1d_patient           L=64  B=512   m=500   inner=1      min=     0.270 us/xform  median=     0.271  sd=  0.02%      7.10 GF/s  setup=0.211 s
fftw1d_patient           L=64  B=512   m=500   inner=1      min=     0.268 us/xform  median=     0.268  sd=  0.04%      7.15 GF/s  setup=0.209 s
fftw1d_patient           L=64  B=512   m=2     inner=4      min=     0.399 us/xform  median=     0.399  sd=  0.00%      4.81 GF/s  setup=0.241 s
mkl1d_dfti               L=64  B=512   m=500   inner=1      min=     0.293 us/xform  median=     0.293  sd=  0.18%      6.56 GF/s  setup=0.002 s
mkl1d_dfti               L=64  B=512   m=500   inner=1      min=     0.295 us/xform  median=     0.295  sd=  0.02%      6.52 GF/s  setup=0.002 s
mkl1d_dfti               L=64  B=512   m=500   inner=1      min=     0.238 us/xform  median=     0.238  sd=  0.02%      8.06 GF/s  setup=0.002 s
mkl1d_dfti               L=64  B=512   m=2     inner=6      min=     0.298 us/xform  median=     0.298  sd=  0.00%      6.45 GF/s  setup=0.002 s
fftw1d_estimate          L=128 B=1     m=1     inner=225412 min=     0.176 us/xform  median=     0.176  sd=  0.13%     25.48 GF/s  setup=0.001 s
fftw1d_estimate          L=128 B=1     m=1     inner=181720 min=     0.174 us/xform  median=     0.175  sd=  0.20%     25.75 GF/s  setup=0.001 s
fftw1d_estimate          L=128 B=1     m=1     inner=182790 min=     0.149 us/xform  median=     0.151  sd=  0.29%     30.01 GF/s  setup=0.001 s
fftw1d_measure           L=128 B=1     m=1     inner=338368 min=     0.118 us/xform  median=     0.118  sd=  0.01%     38.05 GF/s  setup=0.040 s
fftw1d_measure           L=128 B=1     m=1     inner=321000 min=     0.124 us/xform  median=     0.124  sd=  0.04%     36.12 GF/s  setup=0.040 s
fftw1d_measure           L=128 B=1     m=1     inner=308416 min=     0.129 us/xform  median=     0.129  sd=  0.04%     34.72 GF/s  setup=0.040 s
fftw1d_patient           L=128 B=1     m=1     inner=162901 min=     0.122 us/xform  median=     0.123  sd=  0.46%     36.58 GF/s  setup=0.136 s
fftw1d_patient           L=128 B=1     m=1     inner=327976 min=     0.122 us/xform  median=     0.122  sd=  0.03%     36.85 GF/s  setup=0.137 s
fftw1d_patient           L=128 B=1     m=1     inner=342144 min=     0.116 us/xform  median=     0.116  sd=  0.08%     38.56 GF/s  setup=0.137 s
mkl1d_dfti               L=128 B=1     m=1     inner=307772 min=     0.103 us/xform  median=     0.105  sd=  0.53%     43.31 GF/s  setup=0.002 s
mkl1d_dfti               L=128 B=1     m=1     inner=377816 min=     0.104 us/xform  median=     0.105  sd=  0.40%     42.95 GF/s  setup=0.002 s
mkl1d_dfti               L=128 B=1     m=1     inner=192688 min=     0.104 us/xform  median=     0.104  sd=  0.49%     43.17 GF/s  setup=0.001 s
fftw1d_estimate          L=128 B=512   m=1     inner=112    min=     0.681 us/xform  median=     0.685  sd=  0.26%      6.58 GF/s  setup=0.001 s
fftw1d_estimate          L=128 B=512   m=1     inner=114    min=     0.667 us/xform  median=     0.672  sd=  0.36%      6.71 GF/s  setup=0.001 s
fftw1d_estimate          L=128 B=512   m=1     inner=112    min=     0.677 us/xform  median=     0.680  sd=  0.21%      6.61 GF/s  setup=0.001 s
fftw1d_measure           L=128 B=512   m=1     inner=186    min=     0.219 us/xform  median=     0.220  sd=  7.70%     20.42 GF/s  setup=0.053 s
fftw1d_measure           L=128 B=512   m=1     inner=334    min=     0.220 us/xform  median=     0.220  sd=  0.05%     20.39 GF/s  setup=0.048 s
fftw1d_measure           L=128 B=512   m=1     inner=318    min=     0.202 us/xform  median=     0.218  sd=  2.41%     22.20 GF/s  setup=0.048 s
fftw1d_patient           L=128 B=512   m=1     inner=210    min=     0.253 us/xform  median=     0.253  sd=  1.00%     17.68 GF/s  setup=0.896 s
fftw1d_patient           L=128 B=512   m=1     inner=236    min=     0.241 us/xform  median=     0.241  sd=  2.36%     18.56 GF/s  setup=0.887 s
fftw1d_patient           L=128 B=512   m=1     inner=206    min=     0.196 us/xform  median=     0.249  sd= 12.09%     22.83 GF/s  setup=0.909 s
mkl1d_dfti               L=128 B=512   m=1     inner=518    min=     0.144 us/xform  median=     0.144  sd=  0.14%     31.06 GF/s  setup=0.002 s
mkl1d_dfti               L=128 B=512   m=1     inner=420    min=     0.165 us/xform  median=     0.165  sd=  0.15%     27.22 GF/s  setup=0.002 s
mkl1d_dfti               L=128 B=512   m=1     inner=440    min=     0.147 us/xform  median=     0.162  sd=  5.69%     30.55 GF/s  setup=0.001 s
fftw1d_estimate          L=128 B=1     m=30000 inner=2      min=     0.603 us/xform  median=     0.603  sd=  0.02%      7.43 GF/s  setup=0.001 s
fftw1d_estimate          L=128 B=1     m=30000 inner=2      min=     0.530 us/xform  median=     0.530  sd=  0.04%      8.45 GF/s  setup=0.001 s
fftw1d_estimate          L=128 B=1     m=30000 inner=2      min=     0.603 us/xform  median=     0.603  sd=  0.04%      7.43 GF/s  setup=0.001 s
fftw1d_estimate          L=128 B=1     m=2     inner=824    min=     0.618 us/xform  median=     0.618  sd=  0.00%      7.25 GF/s  setup=0.001 s
fftw1d_measure           L=128 B=1     m=30000 inner=2      min=     0.489 us/xform  median=     0.490  sd=  0.01%      9.15 GF/s  setup=0.039 s
fftw1d_measure           L=128 B=1     m=30000 inner=2      min=     0.494 us/xform  median=     0.494  sd=  0.01%      9.07 GF/s  setup=0.040 s
fftw1d_measure           L=128 B=1     m=30000 inner=2      min=     0.489 us/xform  median=     0.489  sd=  0.02%      9.16 GF/s  setup=0.039 s
fftw1d_measure           L=128 B=1     m=2     inner=956    min=     0.570 us/xform  median=     0.570  sd=  0.00%      7.87 GF/s  setup=0.040 s
fftw1d_patient           L=128 B=1     m=30000 inner=2      min=     0.486 us/xform  median=     0.486  sd=  0.03%      9.22 GF/s  setup=0.134 s
fftw1d_patient           L=128 B=1     m=30000 inner=2      min=     0.493 us/xform  median=     0.493  sd=  0.01%      9.08 GF/s  setup=0.135 s
fftw1d_patient           L=128 B=1     m=30000 inner=2      min=     0.485 us/xform  median=     0.485  sd=  0.01%      9.24 GF/s  setup=0.135 s
fftw1d_patient           L=128 B=1     m=2     inner=1724   min=     0.568 us/xform  median=     0.568  sd=  0.00%      7.89 GF/s  setup=0.136 s
mkl1d_dfti               L=128 B=1     m=30000 inner=2      min=     0.542 us/xform  median=     0.542  sd=  0.06%      8.27 GF/s  setup=0.002 s
mkl1d_dfti               L=128 B=1     m=30000 inner=2      min=     0.550 us/xform  median=     0.551  sd=  0.03%      8.14 GF/s  setup=0.002 s
mkl1d_dfti               L=128 B=1     m=30000 inner=2      min=     0.542 us/xform  median=     0.542  sd=  0.04%      8.27 GF/s  setup=0.001 s
mkl1d_dfti               L=128 B=1     m=2     inner=1254   min=     0.528 us/xform  median=     0.528  sd=  0.00%      8.48 GF/s  setup=0.001 s
fftw1d_estimate          L=128 B=512   m=250   inner=1      min=     0.856 us/xform  median=     0.856  sd=  0.08%      5.24 GF/s  setup=0.001 s
fftw1d_estimate          L=128 B=512   m=250   inner=1      min=     0.856 us/xform  median=     0.857  sd=  0.05%      5.24 GF/s  setup=0.001 s
fftw1d_estimate          L=128 B=512   m=250   inner=1      min=     0.857 us/xform  median=     0.858  sd=  0.07%      5.23 GF/s  setup=0.001 s
fftw1d_estimate          L=128 B=512   m=2     inner=1      min=     1.125 us/xform  median=     1.125  sd=  0.00%      3.98 GF/s  setup=0.001 s
fftw1d_measure           L=128 B=512   m=250   inner=1      min=     0.595 us/xform  median=     0.595  sd=  0.01%      7.54 GF/s  setup=0.047 s
fftw1d_measure           L=128 B=512   m=250   inner=1      min=     0.576 us/xform  median=     0.668  sd=  4.74%      7.78 GF/s  setup=0.050 s
fftw1d_measure           L=128 B=512   m=250   inner=1      min=     0.599 us/xform  median=     0.599  sd=  0.01%      7.48 GF/s  setup=0.050 s
fftw1d_measure           L=128 B=512   m=2     inner=2      min=     0.952 us/xform  median=     0.952  sd=  0.00%      4.71 GF/s  setup=0.050 s
fftw1d_patient           L=128 B=512   m=250   inner=1      min=     0.592 us/xform  median=     0.592  sd=  4.14%      7.57 GF/s  setup=0.905 s
fftw1d_patient           L=128 B=512   m=250   inner=1      min=     0.575 us/xform  median=     0.575  sd=  0.01%      7.79 GF/s  setup=0.695 s
fftw1d_patient           L=128 B=512   m=250   inner=1      min=     0.573 us/xform  median=     0.573  sd=  0.01%      7.82 GF/s  setup=0.692 s
fftw1d_patient           L=128 B=512   m=2     inner=2      min=     0.642 us/xform  median=     0.642  sd=  0.00%      6.98 GF/s  setup=0.884 s
mkl1d_dfti               L=128 B=512   m=250   inner=1      min=     0.537 us/xform  median=     0.617  sd=  6.28%      8.34 GF/s  setup=0.002 s
mkl1d_dfti               L=128 B=512   m=250   inner=1      min=     0.538 us/xform  median=     0.538  sd=  0.01%      8.33 GF/s  setup=0.001 s
mkl1d_dfti               L=128 B=512   m=250   inner=1      min=     0.535 us/xform  median=     0.535  sd=  6.91%      8.37 GF/s  setup=0.002 s
mkl1d_dfti               L=128 B=512   m=2     inner=2      min=     0.941 us/xform  median=     0.941  sd=  0.00%      4.76 GF/s  setup=0.003 s
fftw1d_estimate          L=1024 B=1     m=1     inner=12813  min=     1.556 us/xform  median=     1.563  sd=  0.26%     32.90 GF/s  setup=0.001 s
fftw1d_estimate          L=1024 B=1     m=1     inner=15168  min=     1.336 us/xform  median=     1.341  sd=  0.14%     38.31 GF/s  setup=0.001 s
fftw1d_estimate          L=1024 B=1     m=1     inner=15406  min=     1.535 us/xform  median=     1.544  sd=  0.25%     33.36 GF/s  setup=0.001 s
fftw1d_measure           L=1024 B=1     m=1     inner=28340  min=     1.325 us/xform  median=     1.327  sd=  0.04%     38.63 GF/s  setup=0.116 s
fftw1d_measure           L=1024 B=1     m=1     inner=27924  min=     1.164 us/xform  median=     1.164  sd=  6.35%     44.00 GF/s  setup=0.116 s
fftw1d_measure           L=1024 B=1     m=1     inner=31224  min=     1.169 us/xform  median=     1.170  sd=  0.05%     43.81 GF/s  setup=0.116 s
fftw1d_patient           L=1024 B=1     m=1     inner=23304  min=     1.394 us/xform  median=     1.397  sd=  2.34%     36.74 GF/s  setup=0.810 s
fftw1d_patient           L=1024 B=1     m=1     inner=32328  min=     1.157 us/xform  median=     1.158  sd=  0.05%     44.26 GF/s  setup=0.796 s
fftw1d_patient           L=1024 B=1     m=1     inner=31350  min=     1.171 us/xform  median=     1.175  sd=  0.16%     43.71 GF/s  setup=0.795 s
mkl1d_dfti               L=1024 B=1     m=1     inner=21608  min=     1.240 us/xform  median=     1.240  sd=  0.02%     41.30 GF/s  setup=0.002 s
mkl1d_dfti               L=1024 B=1     m=1     inner=23572  min=     1.230 us/xform  median=     1.230  sd=  0.03%     41.63 GF/s  setup=0.002 s
mkl1d_dfti               L=1024 B=1     m=1     inner=23906  min=     1.235 us/xform  median=     1.235  sd=  0.02%     41.47 GF/s  setup=0.002 s
fftw1d_estimate          L=1024 B=512   m=1     inner=13     min=     3.065 us/xform  median=     3.513  sd=  8.44%     16.70 GF/s  setup=0.001 s
fftw1d_estimate          L=1024 B=512   m=1     inner=18     min=     2.503 us/xform  median=     2.510  sd=  4.60%     20.46 GF/s  setup=0.001 s
fftw1d_estimate          L=1024 B=512   m=1     inner=28     min=     2.536 us/xform  median=     2.546  sd=  0.39%     20.19 GF/s  setup=0.001 s
fftw1d_measure           L=1024 B=512   m=1     inner=32     min=     2.505 us/xform  median=     2.608  sd=  1.28%     20.44 GF/s  setup=0.117 s
fftw1d_measure           L=1024 B=512   m=1     inner=36     min=     2.011 us/xform  median=     2.016  sd=  0.21%     25.47 GF/s  setup=0.117 s
fftw1d_measure           L=1024 B=512   m=1     inner=26     min=     2.497 us/xform  median=     2.501  sd=  0.14%     20.51 GF/s  setup=0.117 s
fftw1d_patient           L=1024 B=512   m=1     inner=38     min=     1.920 us/xform  median=     1.923  sd=  0.25%     26.67 GF/s  setup=11.828 s
fftw1d_patient           L=1024 B=512   m=1     inner=42     min=     1.797 us/xform  median=     1.799  sd=  0.11%     28.49 GF/s  setup=11.418 s
fftw1d_patient           L=1024 B=512   m=1     inner=38     min=     1.931 us/xform  median=     1.933  sd=  0.18%     26.52 GF/s  setup=12.181 s
mkl1d_dfti               L=1024 B=512   m=1     inner=40     min=     1.950 us/xform  median=     1.953  sd=  0.27%     26.26 GF/s  setup=0.002 s
mkl1d_dfti               L=1024 B=512   m=1     inner=32     min=     2.238 us/xform  median=     2.242  sd=  0.14%     22.87 GF/s  setup=0.002 s
mkl1d_dfti               L=1024 B=512   m=1     inner=28     min=     2.328 us/xform  median=     2.334  sd=  0.20%     21.99 GF/s  setup=0.003 s
fftw1d_estimate          L=1024 B=1     m=4000  inner=1      min=     5.082 us/xform  median=     5.084  sd=  0.05%     10.08 GF/s  setup=0.001 s
fftw1d_estimate          L=1024 B=1     m=4000  inner=1      min=     5.044 us/xform  median=     5.046  sd=  0.04%     10.15 GF/s  setup=0.001 s
fftw1d_estimate          L=1024 B=1     m=4000  inner=2      min=     4.438 us/xform  median=     4.440  sd=  0.02%     11.54 GF/s  setup=0.001 s
fftw1d_estimate          L=1024 B=1     m=2     inner=104    min=     5.281 us/xform  median=     5.281  sd=  0.00%      9.70 GF/s  setup=0.001 s
fftw1d_measure           L=1024 B=1     m=4000  inner=2      min=     4.327 us/xform  median=     4.328  sd=  0.01%     11.83 GF/s  setup=0.115 s
fftw1d_measure           L=1024 B=1     m=4000  inner=2      min=     4.818 us/xform  median=     4.819  sd=  0.02%     10.63 GF/s  setup=0.117 s
fftw1d_measure           L=1024 B=1     m=4000  inner=2      min=     4.302 us/xform  median=     4.896  sd=  5.82%     11.90 GF/s  setup=0.117 s
fftw1d_measure           L=1024 B=1     m=2     inner=190    min=     5.035 us/xform  median=     5.035  sd=  0.00%     10.17 GF/s  setup=0.117 s
fftw1d_patient           L=1024 B=1     m=4000  inner=2      min=     4.857 us/xform  median=     4.858  sd=  0.01%     10.54 GF/s  setup=0.810 s
fftw1d_patient           L=1024 B=1     m=4000  inner=2      min=     4.256 us/xform  median=     4.257  sd=  0.01%     12.03 GF/s  setup=0.796 s
fftw1d_patient           L=1024 B=1     m=4000  inner=2      min=     4.243 us/xform  median=     4.245  sd=  0.02%     12.07 GF/s  setup=0.790 s
fftw1d_patient           L=1024 B=1     m=2     inner=212    min=     4.390 us/xform  median=     4.390  sd=  0.00%     11.66 GF/s  setup=0.795 s
mkl1d_dfti               L=1024 B=1     m=4000  inner=2      min=     4.742 us/xform  median=     4.744  sd=  0.03%     10.80 GF/s  setup=0.002 s
mkl1d_dfti               L=1024 B=1     m=4000  inner=2      min=     4.180 us/xform  median=     4.181  sd=  0.01%     12.25 GF/s  setup=0.002 s
mkl1d_dfti               L=1024 B=1     m=4000  inner=2      min=     4.748 us/xform  median=     4.749  sd=  0.01%     10.78 GF/s  setup=0.002 s
mkl1d_dfti               L=1024 B=1     m=2     inner=196    min=     4.839 us/xform  median=     4.839  sd=  0.00%     10.58 GF/s  setup=0.002 s
fftw1d_estimate          L=1024 B=512   m=2000  inner=1      min=     5.727 us/xform  median=     5.763  sd=  0.26%      8.94 GF/s  setup=0.001 s
fftw1d_estimate          L=1024 B=512   m=2000  inner=1      min=     5.799 us/xform  median=     5.836  sd=  0.28%      8.83 GF/s  setup=0.001 s
fftw1d_estimate          L=1024 B=512   m=2000  inner=1      min=     5.683 us/xform  median=     5.686  sd=  0.03%      9.01 GF/s  setup=0.001 s
fftw1d_estimate          L=1024 B=512   m=2     inner=1      min=     7.555 us/xform  median=     7.555  sd=  0.00%      6.78 GF/s  setup=0.001 s
fftw1d_measure           L=1024 B=512   m=2000  inner=1      min=     5.108 us/xform  median=     5.110  sd=  0.03%     10.02 GF/s  setup=0.117 s
fftw1d_measure           L=1024 B=512   m=2000  inner=1      min=     5.214 us/xform  median=     5.218  sd=  0.07%      9.82 GF/s  setup=0.117 s
fftw1d_measure           L=1024 B=512   m=2000  inner=1      min=     5.099 us/xform  median=     5.102  sd=  0.04%     10.04 GF/s  setup=0.117 s
fftw1d_measure           L=1024 B=512   m=2     inner=1      min=     6.620 us/xform  median=     6.620  sd=  0.00%      7.73 GF/s  setup=0.115 s
fftw1d_patient           L=1024 B=512   m=2000  inner=1      min=     5.279 us/xform  median=     5.281  sd=  0.02%      9.70 GF/s  setup=12.111 s
fftw1d_patient           L=1024 B=512   m=2000  inner=1      min=     5.183 us/xform  median=     5.184  sd=  0.02%      9.88 GF/s  setup=11.868 s
fftw1d_patient           L=1024 B=512   m=2000  inner=1      min=     5.045 us/xform  median=     5.047  sd=  0.04%     10.15 GF/s  setup=11.506 s
fftw1d_patient           L=1024 B=512   m=2     inner=1      min=     6.560 us/xform  median=     6.560  sd=  0.00%      7.81 GF/s  setup=11.426 s
mkl1d_dfti               L=1024 B=512   m=2000  inner=1      min=     4.954 us/xform  median=     4.955  sd=  0.02%     10.34 GF/s  setup=0.002 s
mkl1d_dfti               L=1024 B=512   m=2000  inner=1      min=     4.915 us/xform  median=     4.917  sd=  0.02%     10.42 GF/s  setup=0.002 s
mkl1d_dfti               L=1024 B=512   m=2000  inner=1      min=     4.925 us/xform  median=     4.926  sd=  0.02%     10.40 GF/s  setup=0.002 s
mkl1d_dfti               L=1024 B=512   m=2     inner=1      min=     6.680 us/xform  median=     6.680  sd=  0.00%      7.66 GF/s  setup=0.002 s
fftw1d_estimate          L=4096 B=1     m=1     inner=1200   min=    15.643 us/xform  median=    15.649  sd=  2.24%     15.71 GF/s  setup=0.001 s
fftw1d_estimate          L=4096 B=1     m=1     inner=2444   min=    15.763 us/xform  median=    15.766  sd=  0.01%     15.59 GF/s  setup=0.001 s
fftw1d_estimate          L=4096 B=1     m=1     inner=1283   min=    15.691 us/xform  median=    15.696  sd=  0.04%     15.66 GF/s  setup=0.001 s
fftw1d_measure           L=4096 B=1     m=1     inner=5318   min=     7.380 us/xform  median=     7.382  sd=  0.02%     33.30 GF/s  setup=0.220 s
fftw1d_measure           L=4096 B=1     m=1     inner=4616   min=     8.423 us/xform  median=     8.424  sd=  0.01%     29.18 GF/s  setup=0.232 s
fftw1d_measure           L=4096 B=1     m=1     inner=2711   min=     7.384 us/xform  median=     7.385  sd=  0.02%     33.28 GF/s  setup=0.222 s
fftw1d_patient           L=4096 B=1     m=1     inner=5848   min=     6.766 us/xform  median=     6.767  sd=  0.02%     36.32 GF/s  setup=1.929 s
fftw1d_patient           L=4096 B=1     m=1     inner=5722   min=     6.877 us/xform  median=     6.882  sd=  0.03%     35.74 GF/s  setup=1.936 s
fftw1d_patient           L=4096 B=1     m=1     inner=5726   min=     6.729 us/xform  median=     6.731  sd=  0.09%     36.52 GF/s  setup=1.928 s
mkl1d_dfti               L=4096 B=1     m=1     inner=6154   min=     6.000 us/xform  median=     6.002  sd=  1.21%     40.96 GF/s  setup=0.002 s
mkl1d_dfti               L=4096 B=1     m=1     inner=4488   min=     6.881 us/xform  median=     6.883  sd=  0.24%     35.72 GF/s  setup=0.002 s
mkl1d_dfti               L=4096 B=1     m=1     inner=4540   min=     6.833 us/xform  median=     6.834  sd=  0.01%     35.97 GF/s  setup=0.002 s
fftw1d_estimate          L=4096 B=256   m=1     inner=4      min=    31.909 us/xform  median=    32.077  sd=  0.33%      7.70 GF/s  setup=0.001 s
fftw1d_estimate          L=4096 B=256   m=1     inner=4      min=    31.474 us/xform  median=    31.607  sd=  0.16%      7.81 GF/s  setup=0.001 s
fftw1d_estimate          L=4096 B=256   m=1     inner=6      min=    21.724 us/xform  median=    21.750  sd=  0.30%     11.31 GF/s  setup=0.001 s
fftw1d_measure           L=4096 B=256   m=1     inner=6      min=    24.674 us/xform  median=    24.798  sd=  0.49%      9.96 GF/s  setup=0.234 s
fftw1d_measure           L=4096 B=256   m=1     inner=8      min=    15.076 us/xform  median=    15.170  sd=  0.53%     16.30 GF/s  setup=0.223 s
fftw1d_measure           L=4096 B=256   m=1     inner=6      min=    24.855 us/xform  median=    24.986  sd=  0.41%      9.89 GF/s  setup=0.234 s
fftw1d_patient           L=4096 B=256   m=1     inner=7      min=    11.074 us/xform  median=    11.111  sd=  0.29%     22.19 GF/s  setup=44.533 s
fftw1d_patient           L=4096 B=256   m=1     inner=12     min=    11.119 us/xform  median=    11.135  sd=  0.27%     22.10 GF/s  setup=44.534 s
fftw1d_patient           L=4096 B=256   m=1     inner=12     min=    11.050 us/xform  median=    11.102  sd=  0.34%     22.24 GF/s  setup=45.453 s
mkl1d_dfti               L=4096 B=256   m=1     inner=12     min=    11.742 us/xform  median=    11.779  sd=  0.29%     20.93 GF/s  setup=0.003 s
mkl1d_dfti               L=4096 B=256   m=1     inner=12     min=    10.735 us/xform  median=    11.691  sd=  2.13%     22.89 GF/s  setup=0.002 s
mkl1d_dfti               L=4096 B=256   m=1     inner=7      min=    12.199 us/xform  median=    12.991  sd=  1.73%     20.15 GF/s  setup=0.002 s
fftw1d_estimate          L=4096 B=1     m=1000  inner=1      min=    31.660 us/xform  median=    31.663  sd=  0.04%      7.76 GF/s  setup=0.001 s
fftw1d_estimate          L=4096 B=1     m=1000  inner=1      min=    27.810 us/xform  median=    27.813  sd=  0.01%      8.84 GF/s  setup=0.001 s
fftw1d_estimate          L=4096 B=1     m=1000  inner=1      min=    28.101 us/xform  median=    28.106  sd=  0.01%      8.75 GF/s  setup=0.001 s
fftw1d_estimate          L=4096 B=1     m=2     inner=30     min=    32.704 us/xform  median=    32.704  sd=  0.00%      7.51 GF/s  setup=0.001 s
fftw1d_measure           L=4096 B=1     m=1000  inner=2      min=    19.867 us/xform  median=    19.868  sd=  0.01%     12.37 GF/s  setup=0.220 s
fftw1d_measure           L=4096 B=1     m=1000  inner=1      min=    20.385 us/xform  median=    20.389  sd=  0.01%     12.06 GF/s  setup=0.220 s
fftw1d_measure           L=4096 B=1     m=1000  inner=1      min=    22.637 us/xform  median=    22.642  sd=  0.02%     10.86 GF/s  setup=0.234 s
fftw1d_measure           L=4096 B=1     m=2     inner=40     min=    24.128 us/xform  median=    24.128  sd=  0.00%     10.19 GF/s  setup=0.235 s
fftw1d_patient           L=4096 B=1     m=1000  inner=2      min=    19.794 us/xform  median=    19.798  sd=  0.02%     12.42 GF/s  setup=2.000 s
fftw1d_patient           L=4096 B=1     m=1000  inner=2      min=    19.127 us/xform  median=    19.129  sd=  0.01%     12.85 GF/s  setup=2.008 s
fftw1d_patient           L=4096 B=1     m=1000  inner=2      min=    19.085 us/xform  median=    19.088  sd=  0.01%     12.88 GF/s  setup=1.932 s
fftw1d_patient           L=4096 B=1     m=2     inner=50     min=    19.785 us/xform  median=    19.785  sd=  0.00%     12.42 GF/s  setup=1.980 s
mkl1d_dfti               L=4096 B=1     m=1000  inner=1      min=    21.623 us/xform  median=    21.627  sd=  0.38%     11.37 GF/s  setup=0.002 s
mkl1d_dfti               L=4096 B=1     m=1000  inner=1      min=    20.902 us/xform  median=    20.913  sd=  0.03%     11.76 GF/s  setup=0.002 s
mkl1d_dfti               L=4096 B=1     m=1000  inner=1      min=    20.876 us/xform  median=    20.880  sd=  0.11%     11.77 GF/s  setup=0.002 s
mkl1d_dfti               L=4096 B=1     m=2     inner=44     min=    22.374 us/xform  median=    22.374  sd=  0.00%     10.98 GF/s  setup=0.002 s
fftw1d_estimate          L=4096 B=256   m=400   inner=1      min=    35.886 us/xform  median=    35.909  sd=  0.03%      6.85 GF/s  setup=0.001 s
fftw1d_estimate          L=4096 B=256   m=400   inner=1      min=    36.094 us/xform  median=    36.114  sd=  0.03%      6.81 GF/s  setup=0.001 s
fftw1d_estimate          L=4096 B=256   m=400   inner=1      min=    35.846 us/xform  median=    35.863  sd=  0.02%      6.86 GF/s  setup=0.001 s
fftw1d_estimate          L=4096 B=256   m=2     inner=1      min=    39.561 us/xform  median=    39.561  sd=  0.00%      6.21 GF/s  setup=0.001 s
fftw1d_measure           L=4096 B=256   m=400   inner=1      min=    29.369 us/xform  median=    29.383  sd=  0.03%      8.37 GF/s  setup=0.220 s
fftw1d_measure           L=4096 B=256   m=400   inner=1      min=    29.118 us/xform  median=    29.130  sd=  0.03%      8.44 GF/s  setup=0.234 s
fftw1d_measure           L=4096 B=256   m=400   inner=1      min=    29.429 us/xform  median=    29.458  sd=  0.04%      8.35 GF/s  setup=0.221 s
fftw1d_measure           L=4096 B=256   m=2     inner=1      min=    36.919 us/xform  median=    36.919  sd=  0.00%      6.66 GF/s  setup=0.233 s
fftw1d_patient           L=4096 B=256   m=400   inner=1      min=    24.081 us/xform  median=    24.099  sd=  0.04%     10.21 GF/s  setup=44.758 s
fftw1d_patient           L=4096 B=256   m=400   inner=1      min=    24.212 us/xform  median=    24.227  sd=  0.77%     10.15 GF/s  setup=44.981 s
fftw1d_patient           L=4096 B=256   m=400   inner=1      min=    24.009 us/xform  median=    24.019  sd=  0.04%     10.24 GF/s  setup=45.536 s
fftw1d_patient           L=4096 B=256   m=2     inner=1      min=    28.473 us/xform  median=    28.473  sd=  0.00%      8.63 GF/s  setup=44.637 s
mkl1d_dfti               L=4096 B=256   m=400   inner=1      min=    22.807 us/xform  median=    22.814  sd=  0.02%     10.78 GF/s  setup=0.003 s
mkl1d_dfti               L=4096 B=256   m=400   inner=1      min=    22.882 us/xform  median=    22.889  sd=  0.02%     10.74 GF/s  setup=0.002 s
mkl1d_dfti               L=4096 B=256   m=400   inner=1      min=    22.738 us/xform  median=    22.741  sd=  0.01%     10.81 GF/s  setup=0.002 s
mkl1d_dfti               L=4096 B=256   m=2     inner=1      min=    27.128 us/xform  median=    27.128  sd=  0.00%      9.06 GF/s  setup=0.003 s
fftw1d_estimate          L=16384 B=1     m=1     inner=502    min=    79.505 us/xform  median=    79.526  sd=  0.02%     14.43 GF/s  setup=0.001 s
fftw1d_estimate          L=16384 B=1     m=1     inner=498    min=    70.315 us/xform  median=    80.015  sd=  4.39%     16.31 GF/s  setup=0.001 s
fftw1d_estimate          L=16384 B=1     m=1     inner=542    min=    71.234 us/xform  median=    71.251  sd=  0.02%     16.10 GF/s  setup=0.001 s
fftw1d_measure           L=16384 B=1     m=1     inner=1114   min=    35.808 us/xform  median=    35.813  sd=  0.02%     32.03 GF/s  setup=0.568 s
fftw1d_measure           L=16384 B=1     m=1     inner=1084   min=    36.697 us/xform  median=    36.708  sd=  0.02%     31.25 GF/s  setup=0.564 s
fftw1d_measure           L=16384 B=1     m=1     inner=1104   min=    36.085 us/xform  median=    36.101  sd=  0.03%     31.78 GF/s  setup=0.565 s
fftw1d_patient           L=16384 B=1     m=1     inner=1190   min=    33.544 us/xform  median=    33.554  sd=  0.02%     34.19 GF/s  setup=6.260 s
fftw1d_patient           L=16384 B=1     m=1     inner=1240   min=    32.112 us/xform  median=    32.118  sd=  0.02%     35.72 GF/s  setup=6.271 s
fftw1d_patient           L=16384 B=1     m=1     inner=1234   min=    32.344 us/xform  median=    32.361  sd=  0.02%     35.46 GF/s  setup=6.391 s
mkl1d_dfti               L=16384 B=1     m=1     inner=990    min=    41.003 us/xform  median=    48.984  sd=  6.33%     27.97 GF/s  setup=0.002 s
mkl1d_dfti               L=16384 B=1     m=1     inner=742    min=    34.956 us/xform  median=    34.970  sd=  1.37%     32.81 GF/s  setup=0.003 s
mkl1d_dfti               L=16384 B=1     m=1     inner=824    min=    38.190 us/xform  median=    38.393  sd=  0.17%     30.03 GF/s  setup=0.002 s
fftw1d_estimate          L=16384 B=64    m=1     inner=4      min=   131.614 us/xform  median=   132.003  sd=  0.27%      8.71 GF/s  setup=0.001 s
fftw1d_estimate          L=16384 B=64    m=1     inner=4      min=   134.351 us/xform  median=   134.750  sd=  0.33%      8.54 GF/s  setup=0.002 s
fftw1d_estimate          L=16384 B=64    m=1     inner=4      min=   132.178 us/xform  median=   132.625  sd=  0.43%      8.68 GF/s  setup=0.001 s
fftw1d_measure           L=16384 B=64    m=1     inner=4      min=   100.841 us/xform  median=   101.313  sd=  0.39%     11.37 GF/s  setup=0.617 s
fftw1d_measure           L=16384 B=64    m=1     inner=6      min=   100.173 us/xform  median=   100.548  sd=  0.34%     11.45 GF/s  setup=0.617 s
fftw1d_measure           L=16384 B=64    m=1     inner=6      min=    88.163 us/xform  median=    88.548  sd=  0.28%     13.01 GF/s  setup=0.620 s
fftw1d_patient           L=16384 B=64    m=1     inner=10     min=    52.839 us/xform  median=    53.018  sd=  0.45%     21.71 GF/s  setup=68.585 s
fftw1d_patient           L=16384 B=64    m=1     inner=12     min=    46.934 us/xform  median=    47.046  sd=  0.48%     24.44 GF/s  setup=67.424 s
fftw1d_patient           L=16384 B=64    m=1     inner=12     min=    47.968 us/xform  median=    48.092  sd=  0.41%     23.91 GF/s  setup=68.036 s
mkl1d_dfti               L=16384 B=64    m=1     inner=10     min=    59.237 us/xform  median=    60.477  sd=  0.57%     19.36 GF/s  setup=0.003 s
mkl1d_dfti               L=16384 B=64    m=1     inner=8      min=    74.366 us/xform  median=    74.698  sd=  0.21%     15.42 GF/s  setup=0.003 s
mkl1d_dfti               L=16384 B=64    m=1     inner=8      min=    57.756 us/xform  median=    57.885  sd=  0.87%     19.86 GF/s  setup=0.003 s
fftw1d_estimate          L=16384 B=1     m=250   inner=1      min=   135.782 us/xform  median=   135.820  sd=  0.01%      8.45 GF/s  setup=0.001 s
fftw1d_estimate          L=16384 B=1     m=250   inner=1      min=   136.615 us/xform  median=   136.625  sd=  0.01%      8.40 GF/s  setup=0.001 s
fftw1d_estimate          L=16384 B=1     m=250   inner=1      min=   136.206 us/xform  median=   136.229  sd=  0.01%      8.42 GF/s  setup=0.001 s
fftw1d_estimate          L=16384 B=1     m=2     inner=6      min=   140.364 us/xform  median=   140.364  sd=  0.00%      8.17 GF/s  setup=0.001 s
fftw1d_measure           L=16384 B=1     m=250   inner=1      min=    97.334 us/xform  median=    97.354  sd=  0.01%     11.78 GF/s  setup=0.617 s
fftw1d_measure           L=16384 B=1     m=250   inner=1      min=    86.656 us/xform  median=    98.376  sd=  3.10%     13.23 GF/s  setup=0.617 s
fftw1d_measure           L=16384 B=1     m=250   inner=1      min=    86.091 us/xform  median=    86.107  sd=  0.01%     13.32 GF/s  setup=0.571 s
fftw1d_measure           L=16384 B=1     m=2     inner=8      min=   108.938 us/xform  median=   108.938  sd=  0.00%     10.53 GF/s  setup=0.619 s
fftw1d_patient           L=16384 B=1     m=250   inner=1      min=    82.920 us/xform  median=    82.933  sd=  0.01%     13.83 GF/s  setup=6.285 s
fftw1d_patient           L=16384 B=1     m=250   inner=1      min=    82.404 us/xform  median=    82.415  sd=  0.01%     13.92 GF/s  setup=6.250 s
fftw1d_patient           L=16384 B=1     m=250   inner=1      min=    82.193 us/xform  median=    82.200  sd=  0.01%     13.95 GF/s  setup=6.253 s
fftw1d_patient           L=16384 B=1     m=2     inner=10     min=    86.847 us/xform  median=    86.847  sd=  0.00%     13.21 GF/s  setup=6.420 s
mkl1d_dfti               L=16384 B=1     m=250   inner=1      min=   100.389 us/xform  median=   104.613  sd=  1.09%     11.42 GF/s  setup=0.002 s
mkl1d_dfti               L=16384 B=1     m=250   inner=1      min=   107.010 us/xform  median=   107.052  sd=  0.04%     10.72 GF/s  setup=0.003 s
mkl1d_dfti               L=16384 B=1     m=250   inner=1      min=   102.482 us/xform  median=   102.553  sd=  0.02%     11.19 GF/s  setup=0.003 s
mkl1d_dfti               L=16384 B=1     m=2     inner=8      min=   113.816 us/xform  median=   113.816  sd=  0.00%     10.08 GF/s  setup=0.003 s
fftw1d_estimate          L=16384 B=64    m=150   inner=1      min=   145.712 us/xform  median=   145.769  sd=  0.03%      7.87 GF/s  setup=0.001 s
fftw1d_estimate          L=16384 B=64    m=150   inner=1      min=   146.367 us/xform  median=   146.424  sd=  0.02%      7.84 GF/s  setup=0.001 s
fftw1d_estimate          L=16384 B=64    m=150   inner=1      min=   147.386 us/xform  median=   147.465  sd=  0.03%      7.78 GF/s  setup=0.001 s
fftw1d_estimate          L=16384 B=64    m=2     inner=1      min=   160.944 us/xform  median=   160.944  sd=  0.00%      7.13 GF/s  setup=0.001 s
fftw1d_measure           L=16384 B=64    m=150   inner=1      min=   120.358 us/xform  median=   120.386  sd=  0.03%      9.53 GF/s  setup=0.618 s
fftw1d_measure           L=16384 B=64    m=150   inner=1      min=   120.905 us/xform  median=   120.968  sd=  0.08%      9.49 GF/s  setup=0.617 s
fftw1d_measure           L=16384 B=64    m=150   inner=1      min=   118.126 us/xform  median=   118.180  sd=  0.04%      9.71 GF/s  setup=0.617 s
fftw1d_measure           L=16384 B=64    m=2     inner=1      min=   138.934 us/xform  median=   138.934  sd=  0.00%      8.25 GF/s  setup=0.570 s
fftw1d_patient           L=16384 B=64    m=150   inner=1      min=    99.240 us/xform  median=    99.293  sd=  0.03%     11.56 GF/s  setup=67.273 s
fftw1d_patient           L=16384 B=64    m=150   inner=1      min=   100.221 us/xform  median=   100.278  sd=  0.02%     11.44 GF/s  setup=68.286 s
fftw1d_patient           L=16384 B=64    m=150   inner=1      min=   104.398 us/xform  median=   104.441  sd=  0.03%     10.99 GF/s  setup=67.579 s
fftw1d_patient           L=16384 B=64    m=2     inner=1      min=   111.332 us/xform  median=   111.332  sd=  0.00%     10.30 GF/s  setup=68.027 s
mkl1d_dfti               L=16384 B=64    m=150   inner=1      min=   102.410 us/xform  median=   102.495  sd=  0.03%     11.20 GF/s  setup=0.004 s
mkl1d_dfti               L=16384 B=64    m=150   inner=1      min=   103.607 us/xform  median=   103.649  sd=  0.02%     11.07 GF/s  setup=0.003 s
mkl1d_dfti               L=16384 B=64    m=150   inner=1      min=   104.620 us/xform  median=   104.686  sd=  0.04%     10.96 GF/s  setup=0.003 s
mkl1d_dfti               L=16384 B=64    m=2     inner=1      min=   118.184 us/xform  median=   118.184  sd=  0.00%      9.70 GF/s  setup=0.002 s
fftw1d_estimate          L=1021 B=1     m=1     inner=2000   min=    14.620 us/xform  median=    14.633  sd=  0.05%      3.49 GF/s  setup=0.001 s
fftw1d_estimate          L=1021 B=1     m=1     inner=2134   min=    14.673 us/xform  median=    14.697  sd=  0.06%      3.48 GF/s  setup=0.001 s
fftw1d_estimate          L=1021 B=1     m=1     inner=2110   min=    14.620 us/xform  median=    14.629  sd=  0.05%      3.49 GF/s  setup=0.001 s
fftw1d_measure           L=1021 B=1     m=1     inner=3278   min=    11.891 us/xform  median=    11.905  sd=  0.05%      4.29 GF/s  setup=0.286 s
fftw1d_measure           L=1021 B=1     m=1     inner=1714   min=    11.776 us/xform  median=    11.786  sd=  0.05%      4.33 GF/s  setup=0.287 s
fftw1d_measure           L=1021 B=1     m=1     inner=3228   min=    11.944 us/xform  median=    11.958  sd=  0.07%      4.27 GF/s  setup=0.285 s
fftw1d_patient           L=1021 B=1     m=1     inner=1630   min=    12.270 us/xform  median=    12.279  sd=  0.05%      4.16 GF/s  setup=2.989 s
fftw1d_patient           L=1021 B=1     m=1     inner=3284   min=    12.129 us/xform  median=    12.141  sd=  0.03%      4.21 GF/s  setup=2.958 s
fftw1d_patient           L=1021 B=1     m=1     inner=1690   min=    11.964 us/xform  median=    11.980  sd=  0.08%      4.27 GF/s  setup=2.946 s
mkl1d_dfti               L=1021 B=1     m=1     inner=2436   min=     9.414 us/xform  median=     9.416  sd=  0.61%      5.42 GF/s  setup=0.050 s
mkl1d_dfti               L=1021 B=1     m=1     inner=4154   min=     9.412 us/xform  median=     9.415  sd=  0.02%      5.42 GF/s  setup=0.015 s
mkl1d_dfti               L=1021 B=1     m=1     inner=4168   min=     9.413 us/xform  median=     9.416  sd=  0.02%      5.42 GF/s  setup=0.033 s
fftw1d_estimate          L=1021 B=256   m=1     inner=10     min=    14.885 us/xform  median=    15.250  sd=  0.65%      3.43 GF/s  setup=0.001 s
fftw1d_estimate          L=1021 B=256   m=1     inner=10     min=    15.384 us/xform  median=    15.394  sd=  0.05%      3.32 GF/s  setup=0.002 s
fftw1d_estimate          L=1021 B=256   m=1     inner=10     min=    15.231 us/xform  median=    15.245  sd=  0.06%      3.35 GF/s  setup=0.002 s
fftw1d_measure           L=1021 B=256   m=1     inner=10     min=    14.153 us/xform  median=    14.167  sd=  0.08%      3.61 GF/s  setup=0.295 s
fftw1d_measure           L=1021 B=256   m=1     inner=10     min=    15.025 us/xform  median=    15.038  sd=  0.05%      3.40 GF/s  setup=0.297 s
fftw1d_measure           L=1021 B=256   m=1     inner=10     min=    14.948 us/xform  median=    14.963  sd=  0.25%      3.41 GF/s  setup=0.297 s
fftw1d_patient           L=1021 B=256   m=1     inner=12     min=    12.223 us/xform  median=    12.234  sd=  0.05%      4.17 GF/s  setup=2.992 s
fftw1d_patient           L=1021 B=256   m=1     inner=12     min=    12.412 us/xform  median=    12.419  sd=  0.14%      4.11 GF/s  setup=3.002 s
fftw1d_patient           L=1021 B=256   m=1     inner=12     min=    12.144 us/xform  median=    12.149  sd=  0.06%      4.20 GF/s  setup=2.988 s
mkl1d_dfti               L=1021 B=256   m=1     inner=10     min=     9.932 us/xform  median=     9.944  sd=  0.04%      5.14 GF/s  setup=0.050 s
mkl1d_dfti               L=1021 B=256   m=1     inner=14     min=    10.017 us/xform  median=    10.618  sd=  1.85%      5.09 GF/s  setup=0.013 s
mkl1d_dfti               L=1021 B=256   m=1     inner=14     min=    10.637 us/xform  median=    10.638  sd=  0.01%      4.80 GF/s  setup=0.015 s
fftw1d_estimate          L=1021 B=1     m=2000  inner=1      min=    18.148 us/xform  median=    18.164  sd=  0.03%      2.81 GF/s  setup=0.001 s
fftw1d_estimate          L=1021 B=1     m=2000  inner=1      min=    18.121 us/xform  median=    18.132  sd=  0.04%      2.82 GF/s  setup=0.001 s
fftw1d_estimate          L=1021 B=1     m=2000  inner=1      min=    16.000 us/xform  median=    16.006  sd=  1.36%      3.19 GF/s  setup=0.001 s
fftw1d_estimate          L=1021 B=1     m=2     inner=54     min=    18.268 us/xform  median=    18.268  sd=  0.00%      2.79 GF/s  setup=0.001 s
fftw1d_measure           L=1021 B=1     m=2000  inner=1      min=    17.461 us/xform  median=    17.475  sd=  0.04%      2.92 GF/s  setup=0.296 s
fftw1d_measure           L=1021 B=1     m=2000  inner=1      min=    17.295 us/xform  median=    17.312  sd=  0.05%      2.95 GF/s  setup=0.295 s
fftw1d_measure           L=1021 B=1     m=2000  inner=1      min=    17.188 us/xform  median=    17.201  sd=  0.04%      2.97 GF/s  setup=0.296 s
fftw1d_measure           L=1021 B=1     m=2     inner=56     min=    17.169 us/xform  median=    17.169  sd=  0.00%      2.97 GF/s  setup=0.295 s
fftw1d_patient           L=1021 B=1     m=2000  inner=1      min=    15.116 us/xform  median=    15.132  sd=  0.05%      3.38 GF/s  setup=2.991 s
fftw1d_patient           L=1021 B=1     m=2000  inner=1      min=    15.138 us/xform  median=    15.155  sd=  0.03%      3.37 GF/s  setup=2.950 s
fftw1d_patient           L=1021 B=1     m=2000  inner=1      min=    15.001 us/xform  median=    15.013  sd=  0.04%      3.40 GF/s  setup=2.948 s
fftw1d_patient           L=1021 B=1     m=2     inner=66     min=    15.114 us/xform  median=    15.114  sd=  0.00%      3.38 GF/s  setup=2.983 s
mkl1d_dfti               L=1021 B=1     m=2000  inner=1      min=    12.965 us/xform  median=    12.968  sd=  0.01%      3.94 GF/s  setup=0.048 s
mkl1d_dfti               L=1021 B=1     m=2000  inner=1      min=    11.391 us/xform  median=    12.963  sd=  6.37%      4.48 GF/s  setup=0.032 s
mkl1d_dfti               L=1021 B=1     m=2000  inner=1      min=    11.401 us/xform  median=    11.404  sd=  0.01%      4.48 GF/s  setup=0.013 s
mkl1d_dfti               L=1021 B=1     m=2     inner=44     min=    22.368 us/xform  median=    22.368  sd=  0.00%      2.28 GF/s  setup=0.046 s
fftw1d_estimate          L=1021 B=256   m=400   inner=1      min=    16.746 us/xform  median=    16.757  sd=  0.06%      3.05 GF/s  setup=0.001 s
fftw1d_estimate          L=1021 B=256   m=400   inner=1      min=    16.546 us/xform  median=    16.566  sd=  0.06%      3.08 GF/s  setup=0.001 s
fftw1d_estimate          L=1021 B=256   m=400   inner=1      min=    16.878 us/xform  median=    16.904  sd=  0.09%      3.02 GF/s  setup=0.001 s
fftw1d_estimate          L=1021 B=256   m=2     inner=1      min=    19.983 us/xform  median=    19.983  sd=  0.00%      2.55 GF/s  setup=0.001 s
fftw1d_measure           L=1021 B=256   m=400   inner=1      min=    15.462 us/xform  median=    15.471  sd=  0.02%      3.30 GF/s  setup=0.294 s
fftw1d_measure           L=1021 B=256   m=400   inner=1      min=    15.554 us/xform  median=    15.559  sd=  0.06%      3.28 GF/s  setup=0.295 s
fftw1d_measure           L=1021 B=256   m=400   inner=1      min=    15.523 us/xform  median=    15.527  sd=  0.02%      3.29 GF/s  setup=0.288 s
fftw1d_measure           L=1021 B=256   m=2     inner=1      min=    16.601 us/xform  median=    16.601  sd=  0.00%      3.07 GF/s  setup=0.288 s
fftw1d_patient           L=1021 B=256   m=400   inner=1      min=    15.736 us/xform  median=    15.760  sd=  0.08%      3.24 GF/s  setup=2.989 s
fftw1d_patient           L=1021 B=256   m=400   inner=1      min=    15.860 us/xform  median=    15.866  sd=  0.03%      3.22 GF/s  setup=2.992 s
fftw1d_patient           L=1021 B=256   m=400   inner=1      min=    15.686 us/xform  median=    15.700  sd=  0.06%      3.25 GF/s  setup=2.950 s
fftw1d_patient           L=1021 B=256   m=2     inner=1      min=    16.727 us/xform  median=    16.727  sd=  0.00%      3.05 GF/s  setup=2.954 s
mkl1d_dfti               L=1021 B=256   m=400   inner=1      min=    12.399 us/xform  median=    12.404  sd=  0.02%      4.12 GF/s  setup=0.054 s
mkl1d_dfti               L=1021 B=256   m=400   inner=1      min=    12.394 us/xform  median=    12.399  sd=  0.02%      4.12 GF/s  setup=0.049 s
mkl1d_dfti               L=1021 B=256   m=400   inner=1      min=    12.398 us/xform  median=    12.400  sd=  0.01%      4.12 GF/s  setup=0.047 s
mkl1d_dfti               L=1021 B=256   m=2     inner=1      min=    21.082 us/xform  median=    21.082  sd=  0.00%      2.42 GF/s  setup=0.045 s
fftw1d_estimate          L=10007 B=1     m=1     inner=70     min=   567.836 us/xform  median=   593.392  sd=  1.77%      1.17 GF/s  setup=0.002 s
fftw1d_estimate          L=10007 B=1     m=1     inner=34     min=   582.970 us/xform  median=   586.290  sd=  0.28%      1.14 GF/s  setup=0.002 s
fftw1d_estimate          L=10007 B=1     m=1     inner=68     min=   462.534 us/xform  median=   473.143  sd= 11.28%      1.44 GF/s  setup=0.002 s
fftw1d_measure           L=10007 B=1     m=1     inner=96     min=   324.810 us/xform  median=   325.547  sd=  8.13%      2.05 GF/s  setup=1.264 s
fftw1d_measure           L=10007 B=1     m=1     inner=122    min=   324.638 us/xform  median=   325.169  sd=  0.09%      2.05 GF/s  setup=1.137 s
fftw1d_measure           L=10007 B=1     m=1     inner=122    min=   324.167 us/xform  median=   324.579  sd=  0.06%      2.05 GF/s  setup=1.148 s
fftw1d_patient           L=10007 B=1     m=1     inner=101    min=   198.291 us/xform  median=   199.324  sd=  0.35%      3.35 GF/s  setup=19.758 s
fftw1d_patient           L=10007 B=1     m=1     inner=192    min=   202.719 us/xform  median=   203.389  sd=  0.30%      3.28 GF/s  setup=19.711 s
fftw1d_patient           L=10007 B=1     m=1     inner=100    min=   200.708 us/xform  median=   202.713  sd=  0.44%      3.31 GF/s  setup=19.948 s
mkl1d_dfti               L=10007 B=1     m=1     inner=140    min=   266.820 us/xform  median=   266.893  sd=  0.55%      2.49 GF/s  setup=0.003 s
mkl1d_dfti               L=10007 B=1     m=1     inner=55     min=   303.703 us/xform  median=   334.442  sd=  6.45%      2.19 GF/s  setup=0.003 s
mkl1d_dfti               L=10007 B=1     m=1     inner=92     min=   266.661 us/xform  median=   266.764  sd=  1.40%      2.49 GF/s  setup=0.003 s
fftw1d_estimate          L=10007 B=64    m=1     inner=1      min=   439.493 us/xform  median=   461.078  sd=  1.55%      1.51 GF/s  setup=0.002 s
fftw1d_estimate          L=10007 B=64    m=1     inner=1      min=   450.958 us/xform  median=   451.901  sd=  0.13%      1.47 GF/s  setup=0.003 s
fftw1d_estimate          L=10007 B=64    m=1     inner=1      min=   461.188 us/xform  median=   461.771  sd=  0.08%      1.44 GF/s  setup=0.003 s
fftw1d_measure           L=10007 B=64    m=1     inner=2      min=   218.140 us/xform  median=   224.115  sd= 10.39%      3.05 GF/s  setup=1.264 s
fftw1d_measure           L=10007 B=64    m=1     inner=2      min=   218.694 us/xform  median=   219.180  sd=  0.15%      3.04 GF/s  setup=1.143 s
fftw1d_measure           L=10007 B=64    m=1     inner=2      min=   216.768 us/xform  median=   217.184  sd=  0.31%      3.07 GF/s  setup=1.135 s
fftw1d_patient           L=10007 B=64    m=1     inner=2      min=   208.602 us/xform  median=   210.867  sd=  0.65%      3.19 GF/s  setup=19.732 s
fftw1d_patient           L=10007 B=64    m=1     inner=2      min=   208.654 us/xform  median=   209.807  sd=  0.32%      3.19 GF/s  setup=19.867 s
fftw1d_patient           L=10007 B=64    m=1     inner=2      min=   206.192 us/xform  median=   207.406  sd=  0.41%      3.22 GF/s  setup=19.859 s
mkl1d_dfti               L=10007 B=64    m=1     inner=1      min=   370.382 us/xform  median=   371.009  sd=  0.17%      1.80 GF/s  setup=0.056 s
mkl1d_dfti               L=10007 B=64    m=1     inner=1      min=   371.000 us/xform  median=   371.631  sd=  0.15%      1.79 GF/s  setup=0.034 s
mkl1d_dfti               L=10007 B=64    m=1     inner=1      min=   367.618 us/xform  median=   368.259  sd=  0.22%      1.81 GF/s  setup=0.037 s
fftw1d_estimate          L=10007 B=1     m=400   inner=1      min=   498.203 us/xform  median=   498.393  sd=  7.75%      1.33 GF/s  setup=0.002 s
fftw1d_estimate          L=10007 B=1     m=400   inner=1      min=   495.952 us/xform  median=   496.182  sd=  0.03%      1.34 GF/s  setup=0.002 s
fftw1d_estimate          L=10007 B=1     m=400   inner=1      min=   494.445 us/xform  median=   494.615  sd=  0.09%      1.34 GF/s  setup=0.001 s
fftw1d_estimate          L=10007 B=1     m=2     inner=1      min=   646.665 us/xform  median=   646.665  sd=  0.00%      1.03 GF/s  setup=0.002 s
fftw1d_measure           L=10007 B=1     m=400   inner=1      min=   354.839 us/xform  median=   355.074  sd=  0.03%      1.87 GF/s  setup=1.266 s
fftw1d_measure           L=10007 B=1     m=400   inner=1      min=   355.766 us/xform  median=   355.849  sd=  0.02%      1.87 GF/s  setup=1.139 s
fftw1d_measure           L=10007 B=1     m=400   inner=1      min=   366.305 us/xform  median=   367.096  sd=  0.21%      1.82 GF/s  setup=1.133 s
fftw1d_measure           L=10007 B=1     m=2     inner=2      min=   363.410 us/xform  median=   363.410  sd=  0.00%      1.83 GF/s  setup=1.198 s
fftw1d_patient           L=10007 B=1     m=400   inner=1      min=   229.437 us/xform  median=   229.872  sd=  0.25%      2.90 GF/s  setup=19.832 s
fftw1d_patient           L=10007 B=1     m=400   inner=1      min=   229.350 us/xform  median=   229.613  sd=  0.05%      2.90 GF/s  setup=19.703 s
fftw1d_patient           L=10007 B=1     m=400   inner=1      min=   237.013 us/xform  median=   237.468  sd=  0.10%      2.81 GF/s  setup=19.811 s
fftw1d_patient           L=10007 B=1     m=2     inner=4      min=   230.230 us/xform  median=   230.230  sd=  0.00%      2.89 GF/s  setup=19.831 s
mkl1d_dfti               L=10007 B=1     m=400   inner=1      min=   299.788 us/xform  median=   299.851  sd=  9.65%      2.22 GF/s  setup=0.004 s
mkl1d_dfti               L=10007 B=1     m=400   inner=1      min=   296.291 us/xform  median=   297.524  sd=  8.37%      2.24 GF/s  setup=0.003 s
mkl1d_dfti               L=10007 B=1     m=400   inner=1      min=   295.813 us/xform  median=   295.878  sd=  0.01%      2.25 GF/s  setup=0.002 s
mkl1d_dfti               L=10007 B=1     m=2     inner=2      min=   389.440 us/xform  median=   389.440  sd=  0.00%      1.71 GF/s  setup=0.004 s
fftw1d_estimate          L=10007 B=64    m=80    inner=1      min=   395.047 us/xform  median=   395.145  sd=  0.02%      1.68 GF/s  setup=0.002 s
fftw1d_estimate          L=10007 B=64    m=80    inner=1      min=   397.005 us/xform  median=   397.102  sd=  0.03%      1.67 GF/s  setup=0.002 s
fftw1d_estimate          L=10007 B=64    m=80    inner=1      min=   391.690 us/xform  median=   391.839  sd=  0.03%      1.70 GF/s  setup=0.002 s
fftw1d_estimate          L=10007 B=64    m=2     inner=1      min=   404.734 us/xform  median=   404.734  sd=  0.00%      1.64 GF/s  setup=0.002 s
fftw1d_measure           L=10007 B=64    m=80    inner=1      min=   248.341 us/xform  median=   248.587  sd=  0.05%      2.68 GF/s  setup=1.237 s
fftw1d_measure           L=10007 B=64    m=80    inner=1      min=   249.682 us/xform  median=   249.782  sd=  0.03%      2.66 GF/s  setup=1.279 s
fftw1d_measure           L=10007 B=64    m=80    inner=1      min=   257.064 us/xform  median=   257.144  sd=  0.02%      2.59 GF/s  setup=1.135 s
fftw1d_measure           L=10007 B=64    m=2     inner=1      min=   260.738 us/xform  median=   260.738  sd=  0.00%      2.55 GF/s  setup=1.137 s
fftw1d_patient           L=10007 B=64    m=80    inner=1      min=   238.996 us/xform  median=   239.527  sd=  0.09%      2.78 GF/s  setup=19.808 s
fftw1d_patient           L=10007 B=64    m=80    inner=1      min=   237.392 us/xform  median=   237.539  sd=  0.05%      2.80 GF/s  setup=19.751 s
fftw1d_patient           L=10007 B=64    m=80    inner=1      min=   238.175 us/xform  median=   238.448  sd=  0.04%      2.79 GF/s  setup=19.860 s
fftw1d_patient           L=10007 B=64    m=2     inner=1      min=   246.812 us/xform  median=   246.812  sd=  0.00%      2.69 GF/s  setup=19.754 s
mkl1d_dfti               L=10007 B=64    m=80    inner=1      min=   303.985 us/xform  median=   304.045  sd=  0.01%      2.19 GF/s  setup=0.054 s
mkl1d_dfti               L=10007 B=64    m=80    inner=1      min=   304.220 us/xform  median=   304.275  sd=  0.01%      2.19 GF/s  setup=0.049 s
mkl1d_dfti               L=10007 B=64    m=80    inner=1      min=   303.125 us/xform  median=   303.192  sd=  0.02%      2.19 GF/s  setup=0.056 s
mkl1d_dfti               L=10007 B=64    m=2     inner=1      min=   332.366 us/xform  median=   332.366  sd=  0.00%      2.00 GF/s  setup=0.051 s
fftw1d_estimate          L=65537 B=1     m=1     inner=20     min=  1731.719 us/xform  median=  1732.939  sd=  0.05%      3.03 GF/s  setup=0.007 s
fftw1d_estimate          L=65537 B=1     m=1     inner=18     min=  1941.795 us/xform  median=  1944.119  sd=  0.22%      2.70 GF/s  setup=0.011 s
fftw1d_estimate          L=65537 B=1     m=1     inner=18     min=  1734.964 us/xform  median=  1737.440  sd=  0.07%      3.02 GF/s  setup=0.010 s
fftw1d_measure           L=65537 B=1     m=1     inner=24     min=  1590.219 us/xform  median=  1591.955  sd=  0.07%      3.30 GF/s  setup=4.388 s
fftw1d_measure           L=65537 B=1     m=1     inner=24     min=  1599.110 us/xform  median=  1601.485  sd=  0.09%      3.28 GF/s  setup=4.294 s
fftw1d_measure           L=65537 B=1     m=1     inner=24     min=  1573.014 us/xform  median=  1574.580  sd=  0.06%      3.33 GF/s  setup=4.373 s
fftw1d_patient           L=65537 B=1     m=1     inner=26     min=  1485.347 us/xform  median=  1488.132  sd=  0.09%      3.53 GF/s  setup=58.205 s
fftw1d_patient           L=65537 B=1     m=1     inner=26     min=  1468.263 us/xform  median=  1469.497  sd=  0.05%      3.57 GF/s  setup=58.082 s
fftw1d_patient           L=65537 B=1     m=1     inner=26     min=  1465.768 us/xform  median=  1467.647  sd=  0.11%      3.58 GF/s  setup=58.021 s
mkl1d_dfti               L=65537 B=1     m=1     inner=10     min=  3944.001 us/xform  median=  4282.641  sd=  2.26%      1.33 GF/s  setup=0.035 s
mkl1d_dfti               L=65537 B=1     m=1     inner=8      min=  3262.940 us/xform  median=  3324.507  sd= 15.72%      1.61 GF/s  setup=0.012 s
mkl1d_dfti               L=65537 B=1     m=1     inner=10     min=  3767.123 us/xform  median=  3769.019  sd=  0.23%      1.39 GF/s  setup=0.013 s
fftw1d_estimate          L=65537 B=16    m=1     inner=1      min=  2355.692 us/xform  median=  2408.117  sd=  0.83%      2.23 GF/s  setup=0.009 s
fftw1d_estimate          L=65537 B=16    m=1     inner=1      min=  2434.032 us/xform  median=  2437.006  sd=  0.09%      2.15 GF/s  setup=0.010 s
fftw1d_estimate          L=65537 B=16    m=1     inner=1      min=  2484.818 us/xform  median=  2489.282  sd=  0.09%      2.11 GF/s  setup=0.010 s
fftw1d_measure           L=65537 B=16    m=1     inner=1      min=  1663.236 us/xform  median=  1664.794  sd=  0.08%      3.15 GF/s  setup=4.418 s
fftw1d_measure           L=65537 B=16    m=1     inner=1      min=  1683.407 us/xform  median=  1686.993  sd=  0.32%      3.11 GF/s  setup=4.487 s
fftw1d_measure           L=65537 B=16    m=1     inner=1      min=  1656.794 us/xform  median=  1659.274  sd=  0.11%      3.16 GF/s  setup=4.235 s
fftw1d_patient           L=65537 B=16    m=1     inner=1      min=  1518.377 us/xform  median=  1520.072  sd=  0.27%      3.45 GF/s  setup=58.081 s
fftw1d_patient           L=65537 B=16    m=1     inner=1      min=  1515.250 us/xform  median=  1517.993  sd=  0.33%      3.46 GF/s  setup=58.127 s
fftw1d_patient           L=65537 B=16    m=1     inner=1      min=  1542.991 us/xform  median=  1545.097  sd=  0.34%      3.40 GF/s  setup=57.953 s
mkl1d_dfti               L=65537 B=16    m=1     inner=1      min=  3920.236 us/xform  median=  4123.491  sd=  1.39%      1.34 GF/s  setup=0.071 s
mkl1d_dfti               L=65537 B=16    m=1     inner=1      min=  4250.733 us/xform  median=  4252.475  sd=  0.20%      1.23 GF/s  setup=0.064 s
mkl1d_dfti               L=65537 B=16    m=1     inner=1      min=  4120.525 us/xform  median=  4123.306  sd=  0.04%      1.27 GF/s  setup=0.065 s
fftw1d_estimate          L=65537 B=1     m=60    inner=1      min=  1901.374 us/xform  median=  1902.388  sd=  0.03%      2.76 GF/s  setup=0.007 s
fftw1d_estimate          L=65537 B=1     m=60    inner=1      min=  1897.093 us/xform  median=  1897.646  sd=  0.02%      2.76 GF/s  setup=0.007 s
fftw1d_estimate          L=65537 B=1     m=60    inner=1      min=  1903.826 us/xform  median=  1904.631  sd= 11.46%      2.75 GF/s  setup=0.011 s
fftw1d_estimate          L=65537 B=1     m=2     inner=1      min=  2045.208 us/xform  median=  2045.208  sd=  0.00%      2.56 GF/s  setup=0.007 s
fftw1d_measure           L=65537 B=1     m=60    inner=1      min=  1751.094 us/xform  median=  1752.124  sd=  0.03%      2.99 GF/s  setup=4.416 s
fftw1d_measure           L=65537 B=1     m=60    inner=1      min=  1765.342 us/xform  median=  1765.789  sd=  0.03%      2.97 GF/s  setup=4.281 s
fftw1d_measure           L=65537 B=1     m=60    inner=1      min=  1760.377 us/xform  median=  1760.916  sd=  0.02%      2.98 GF/s  setup=4.291 s
fftw1d_measure           L=65537 B=1     m=2     inner=1      min=  1782.108 us/xform  median=  1782.108  sd=  0.00%      2.94 GF/s  setup=4.317 s
fftw1d_patient           L=65537 B=1     m=60    inner=1      min=  1632.019 us/xform  median=  1632.962  sd=  0.05%      3.21 GF/s  setup=57.998 s
fftw1d_patient           L=65537 B=1     m=60    inner=1      min=  1646.026 us/xform  median=  1647.647  sd=  0.04%      3.19 GF/s  setup=58.516 s
fftw1d_patient           L=65537 B=1     m=60    inner=1      min=  1637.272 us/xform  median=  1638.004  sd=  0.04%      3.20 GF/s  setup=58.343 s
fftw1d_patient           L=65537 B=1     m=2     inner=1      min=  1661.493 us/xform  median=  1661.493  sd=  0.00%      3.16 GF/s  setup=57.967 s
mkl1d_dfti               L=65537 B=1     m=60    inner=1      min=  3507.436 us/xform  median=  3520.127  sd=  0.23%      1.49 GF/s  setup=0.012 s
mkl1d_dfti               L=65537 B=1     m=60    inner=1      min=  3511.434 us/xform  median=  3526.867  sd=  0.25%      1.49 GF/s  setup=0.013 s
mkl1d_dfti               L=65537 B=1     m=60    inner=1      min=  3462.924 us/xform  median=  3463.584  sd=  0.03%      1.51 GF/s  setup=0.013 s
mkl1d_dfti               L=65537 B=1     m=2     inner=1      min=  3908.706 us/xform  median=  3908.706  sd=  0.00%      1.34 GF/s  setup=0.011 s
fftw1d_estimate          L=65537 B=16    m=20    inner=1      min=  2101.000 us/xform  median=  2102.401  sd=  0.04%      2.50 GF/s  setup=0.009 s
fftw1d_estimate          L=65537 B=16    m=20    inner=1      min=  2113.283 us/xform  median=  2114.879  sd=  0.03%      2.48 GF/s  setup=0.009 s
fftw1d_estimate          L=65537 B=16    m=20    inner=1      min=  2099.465 us/xform  median=  2100.903  sd=  0.03%      2.50 GF/s  setup=0.009 s
fftw1d_estimate          L=65537 B=16    m=2     inner=1      min=  2142.977 us/xform  median=  2142.977  sd=  0.00%      2.45 GF/s  setup=0.008 s
fftw1d_measure           L=65537 B=16    m=20    inner=1      min=  1916.665 us/xform  median=  1917.964  sd=  0.03%      2.74 GF/s  setup=4.405 s
fftw1d_measure           L=65537 B=16    m=20    inner=1      min=  1889.094 us/xform  median=  1890.662  sd=  0.05%      2.78 GF/s  setup=4.397 s
fftw1d_measure           L=65537 B=16    m=20    inner=1      min=  1876.615 us/xform  median=  1877.880  sd=  0.04%      2.79 GF/s  setup=4.441 s
fftw1d_measure           L=65537 B=16    m=2     inner=1      min=  1927.552 us/xform  median=  1927.552  sd=  0.00%      2.72 GF/s  setup=4.261 s
fftw1d_patient           L=65537 B=16    m=20    inner=1      min=  1773.279 us/xform  median=  1774.749  sd=  0.05%      2.96 GF/s  setup=58.165 s
fftw1d_patient           L=65537 B=16    m=20    inner=1      min=  1739.648 us/xform  median=  1741.263  sd=  0.05%      3.01 GF/s  setup=58.148 s
fftw1d_patient           L=65537 B=16    m=20    inner=1      min=  1773.852 us/xform  median=  1775.600  sd=  0.05%      2.96 GF/s  setup=58.077 s
fftw1d_patient           L=65537 B=16    m=2     inner=1      min=  1776.045 us/xform  median=  1776.045  sd=  0.00%      2.95 GF/s  setup=58.036 s
mkl1d_dfti               L=65537 B=16    m=20    inner=1      min=  3612.702 us/xform  median=  3615.334  sd=  0.05%      1.45 GF/s  setup=0.069 s
mkl1d_dfti               L=65537 B=16    m=20    inner=1      min=  3600.501 us/xform  median=  3602.412  sd=  0.03%      1.46 GF/s  setup=0.064 s
mkl1d_dfti               L=65537 B=16    m=20    inner=1      min=  3611.142 us/xform  median=  3613.086  sd=  0.05%      1.45 GF/s  setup=0.064 s
mkl1d_dfti               L=65537 B=16    m=2     inner=1      min=  3790.846 us/xform  median=  3790.846  sd=  0.00%      1.38 GF/s  setup=0.060 s
fftw1d_estimate          L=100003 B=1     m=1     inner=6      min=  5531.493 us/xform  median=  5579.989  sd=  0.26%      1.50 GF/s  setup=0.012 s
fftw1d_estimate          L=100003 B=1     m=1     inner=8      min=  4859.506 us/xform  median=  4865.389  sd=  0.09%      1.71 GF/s  setup=0.014 s
fftw1d_estimate          L=100003 B=1     m=1     inner=8      min=  4891.080 us/xform  median=  4896.288  sd=  0.06%      1.70 GF/s  setup=0.010 s
fftw1d_measure           L=100003 B=1     m=1     inner=12     min=  3160.957 us/xform  median=  3164.435  sd=  0.08%      2.63 GF/s  setup=4.817 s
fftw1d_measure           L=100003 B=1     m=1     inner=12     min=  3086.924 us/xform  median=  3090.152  sd=  0.12%      2.69 GF/s  setup=4.700 s
fftw1d_measure           L=100003 B=1     m=1     inner=14     min=  2769.119 us/xform  median=  2773.529  sd=  0.13%      3.00 GF/s  setup=4.743 s
fftw1d_patient           L=100003 B=1     m=1     inner=14     min=  2754.076 us/xform  median=  2759.851  sd=  0.14%      3.02 GF/s  setup=62.663 s
fftw1d_patient           L=100003 B=1     m=1     inner=14     min=  2725.693 us/xform  median=  2728.490  sd=  0.09%      3.05 GF/s  setup=62.701 s
fftw1d_patient           L=100003 B=1     m=1     inner=14     min=  2722.056 us/xform  median=  2725.491  sd=  0.10%      3.05 GF/s  setup=62.671 s
mkl1d_dfti               L=100003 B=1     m=1     inner=10     min=  3939.013 us/xform  median=  4220.727  sd=  2.48%      2.11 GF/s  setup=0.014 s
mkl1d_dfti               L=100003 B=1     m=1     inner=6      min=  4047.773 us/xform  median=  4263.847  sd=  3.96%      2.05 GF/s  setup=0.017 s
mkl1d_dfti               L=100003 B=1     m=1     inner=8      min=  4275.763 us/xform  median=  4289.779  sd=  0.23%      1.94 GF/s  setup=0.013 s
fftw1d_estimate          L=100003 B=8     m=1     inner=1      min=  6529.585 us/xform  median=  6534.486  sd=  0.07%      1.27 GF/s  setup=0.012 s
fftw1d_estimate          L=100003 B=8     m=1     inner=1      min=  5024.071 us/xform  median=  5393.835  sd= 15.63%      1.65 GF/s  setup=0.013 s
fftw1d_estimate          L=100003 B=8     m=1     inner=1      min=  6838.416 us/xform  median=  6850.913  sd=  0.15%      1.21 GF/s  setup=0.013 s
fftw1d_measure           L=100003 B=8     m=1     inner=1      min=  3225.778 us/xform  median=  3231.143  sd=  0.18%      2.57 GF/s  setup=4.864 s
fftw1d_measure           L=100003 B=8     m=1     inner=1      min=  3074.168 us/xform  median=  3082.230  sd=  0.29%      2.70 GF/s  setup=4.827 s
fftw1d_measure           L=100003 B=8     m=1     inner=1      min=  3070.900 us/xform  median=  3081.145  sd=  0.32%      2.70 GF/s  setup=4.773 s
fftw1d_patient           L=100003 B=8     m=1     inner=1      min=  2839.568 us/xform  median=  2847.081  sd=  0.13%      2.92 GF/s  setup=62.960 s
fftw1d_patient           L=100003 B=8     m=1     inner=1      min=  2872.108 us/xform  median=  2876.469  sd=  0.34%      2.89 GF/s  setup=62.703 s
fftw1d_patient           L=100003 B=8     m=1     inner=1      min=  2864.685 us/xform  median=  2872.258  sd=  0.26%      2.90 GF/s  setup=62.727 s
mkl1d_dfti               L=100003 B=8     m=1     inner=1      min=  4283.651 us/xform  median=  4293.459  sd=  0.09%      1.94 GF/s  setup=0.068 s
mkl1d_dfti               L=100003 B=8     m=1     inner=1      min=  4436.175 us/xform  median=  4441.326  sd=  0.07%      1.87 GF/s  setup=0.046 s
mkl1d_dfti               L=100003 B=8     m=1     inner=1      min=  3994.513 us/xform  median=  4016.695  sd=  0.27%      2.08 GF/s  setup=0.052 s
fftw1d_estimate          L=100003 B=1     m=40    inner=1      min=  5212.176 us/xform  median=  5215.339  sd=  8.74%      1.59 GF/s  setup=0.015 s
fftw1d_estimate          L=100003 B=1     m=40    inner=1      min=  5175.771 us/xform  median=  5178.588  sd=  0.07%      1.60 GF/s  setup=0.015 s
fftw1d_estimate          L=100003 B=1     m=40    inner=1      min=  5216.231 us/xform  median=  5219.865  sd=  0.05%      1.59 GF/s  setup=0.014 s
fftw1d_estimate          L=100003 B=1     m=2     inner=1      min=  6328.039 us/xform  median=  6328.039  sd=  0.00%      1.31 GF/s  setup=0.012 s
fftw1d_measure           L=100003 B=1     m=40    inner=1      min=  3309.082 us/xform  median=  3311.817  sd=  0.04%      2.51 GF/s  setup=4.775 s
fftw1d_measure           L=100003 B=1     m=40    inner=1      min=  3347.808 us/xform  median=  3350.029  sd=  0.08%      2.48 GF/s  setup=4.673 s
fftw1d_measure           L=100003 B=1     m=40    inner=1      min=  3300.653 us/xform  median=  3303.830  sd=  0.07%      2.52 GF/s  setup=4.692 s
fftw1d_measure           L=100003 B=1     m=2     inner=1      min=  3408.805 us/xform  median=  3408.805  sd=  0.00%      2.44 GF/s  setup=4.691 s
fftw1d_patient           L=100003 B=1     m=40    inner=1      min=  3353.647 us/xform  median=  3370.162  sd=  0.22%      2.48 GF/s  setup=63.012 s
fftw1d_patient           L=100003 B=1     m=40    inner=1      min=  3261.479 us/xform  median=  3264.076  sd=  0.06%      2.55 GF/s  setup=63.239 s
fftw1d_patient           L=100003 B=1     m=40    inner=1      min=  3428.497 us/xform  median=  3433.216  sd=  0.05%      2.42 GF/s  setup=63.143 s
fftw1d_patient           L=100003 B=1     m=2     inner=1      min=  3250.217 us/xform  median=  3250.217  sd=  0.00%      2.56 GF/s  setup=62.886 s
mkl1d_dfti               L=100003 B=1     m=40    inner=1      min=  3873.386 us/xform  median=  3880.662  sd=  0.22%      2.14 GF/s  setup=0.014 s
mkl1d_dfti               L=100003 B=1     m=40    inner=1      min=  3661.207 us/xform  median=  3669.018  sd=  8.39%      2.27 GF/s  setup=0.015 s
mkl1d_dfti               L=100003 B=1     m=40    inner=1      min=  3849.471 us/xform  median=  3851.141  sd=  0.05%      2.16 GF/s  setup=0.015 s
mkl1d_dfti               L=100003 B=1     m=2     inner=1      min=  4999.164 us/xform  median=  4999.164  sd=  0.00%      1.66 GF/s  setup=0.015 s
fftw1d_estimate          L=100003 B=8     m=15    inner=1      min=  5379.415 us/xform  median=  5382.860  sd=  0.03%      1.54 GF/s  setup=0.011 s
fftw1d_estimate          L=100003 B=8     m=15    inner=1      min=  5358.480 us/xform  median=  5361.808  sd=  0.04%      1.55 GF/s  setup=0.010 s
fftw1d_estimate          L=100003 B=8     m=15    inner=1      min=  5358.878 us/xform  median=  5362.392  sd=  0.03%      1.55 GF/s  setup=0.010 s
fftw1d_estimate          L=100003 B=8     m=2     inner=1      min=  7563.533 us/xform  median=  7563.533  sd=  0.00%      1.10 GF/s  setup=0.012 s
fftw1d_measure           L=100003 B=8     m=15    inner=1      min=  3409.568 us/xform  median=  3413.218  sd=  0.07%      2.44 GF/s  setup=4.662 s
fftw1d_measure           L=100003 B=8     m=15    inner=1      min=  3446.557 us/xform  median=  3455.401  sd=  0.12%      2.41 GF/s  setup=4.695 s
fftw1d_measure           L=100003 B=8     m=15    inner=1      min=  3481.279 us/xform  median=  3485.655  sd=  0.12%      2.39 GF/s  setup=4.726 s
fftw1d_measure           L=100003 B=8     m=2     inner=1      min=  3654.067 us/xform  median=  3654.067  sd=  0.00%      2.27 GF/s  setup=4.701 s
fftw1d_patient           L=100003 B=8     m=15    inner=1      min=  3210.335 us/xform  median=  3213.382  sd=  0.09%      2.59 GF/s  setup=62.703 s
fftw1d_patient           L=100003 B=8     m=15    inner=1      min=  3228.872 us/xform  median=  3234.046  sd=  0.09%      2.57 GF/s  setup=62.570 s
fftw1d_patient           L=100003 B=8     m=15    inner=1      min=  3205.086 us/xform  median=  3210.907  sd=  0.09%      2.59 GF/s  setup=62.516 s
fftw1d_patient           L=100003 B=8     m=2     inner=1      min=  3544.857 us/xform  median=  3544.857  sd=  0.00%      2.34 GF/s  setup=63.130 s
mkl1d_dfti               L=100003 B=8     m=15    inner=1      min=  3869.934 us/xform  median=  3877.860  sd=  0.09%      2.15 GF/s  setup=0.065 s
mkl1d_dfti               L=100003 B=8     m=15    inner=1      min=  3889.154 us/xform  median=  3902.697  sd=  0.17%      2.14 GF/s  setup=0.058 s
mkl1d_dfti               L=100003 B=8     m=15    inner=1      min=  3867.889 us/xform  median=  3870.408  sd=  0.05%      2.15 GF/s  setup=0.065 s
mkl1d_dfti               L=100003 B=8     m=2     inner=1      min=  4237.184 us/xform  median=  4237.184  sd=  0.00%      1.96 GF/s  setup=0.062 s
