baseline_matrix          L=10  B=64    m=1000  inner=1      min=    56.405 us/xform  median=    56.430  sd=  0.03%      0.88 GF/s  setup=0.000 s
baseline_matrix          L=10  B=64    m=1000  inner=1      min=    56.355 us/xform  median=    56.373  sd=  0.02%      0.88 GF/s  setup=0.000 s
baseline_matrix          L=10  B=64    m=1000  inner=1      min=    56.299 us/xform  median=    56.334  sd=  0.03%      0.89 GF/s  setup=0.000 s
baseline_matrix          L=10  B=64    m=2     inner=1      min=    58.507 us/xform  median=    58.507  sd=  0.00%      0.85 GF/s  setup=0.000 s
ducc0_c2c                L=10  B=64    m=1000  inner=1      min=     9.921 us/xform  median=     9.930  sd=  0.06%      5.02 GF/s  setup=0.000 s
ducc0_c2c                L=10  B=64    m=1000  inner=1      min=     9.924 us/xform  median=     9.932  sd=  0.07%      5.02 GF/s  setup=0.000 s
ducc0_c2c                L=10  B=64    m=1000  inner=1      min=     9.917 us/xform  median=     9.925  sd=  0.05%      5.02 GF/s  setup=0.000 s
ducc0_c2c                L=10  B=64    m=2     inner=1      min=    12.039 us/xform  median=    12.039  sd=  0.00%      4.14 GF/s  setup=0.000 s
fftw3_custom             L=10  B=64    m=1000  inner=1      min=     6.077 us/xform  median=     6.086  sd=  0.13%      8.20 GF/s  setup=0.000 s
fftw3_custom             L=10  B=64    m=1000  inner=1      min=     6.112 us/xform  median=     6.120  sd=  0.08%      8.15 GF/s  setup=0.000 s
fftw3_custom             L=10  B=64    m=1000  inner=1      min=     6.126 us/xform  median=     6.131  sd=  0.05%      8.13 GF/s  setup=0.000 s
fftw3_custom             L=10  B=64    m=2     inner=1      min=    11.901 us/xform  median=    11.901  sd=  0.00%      4.19 GF/s  setup=0.000 s
fftw3_custom_soa         L=10  B=64    m=1000  inner=1      min=     4.481 us/xform  median=     4.485  sd=  0.07%     11.12 GF/s  setup=0.000 s
fftw3_custom_soa         L=10  B=64    m=1000  inner=1      min=     4.588 us/xform  median=     4.595  sd=  0.06%     10.86 GF/s  setup=0.000 s
fftw3_custom_soa         L=10  B=64    m=1000  inner=1      min=     4.605 us/xform  median=     4.607  sd=  0.03%     10.82 GF/s  setup=0.000 s
fftw3_custom_soa         L=10  B=64    m=2     inner=1      min=    11.133 us/xform  median=    11.133  sd=  0.00%      4.48 GF/s  setup=0.000 s
fftw3_estimate           L=10  B=64    m=1000  inner=1      min=     7.311 us/xform  median=     7.312  sd=  0.03%      6.82 GF/s  setup=0.001 s
fftw3_estimate           L=10  B=64    m=1000  inner=1      min=     7.445 us/xform  median=     7.446  sd=  0.01%      6.69 GF/s  setup=0.001 s
fftw3_estimate           L=10  B=64    m=1000  inner=1      min=     7.314 us/xform  median=     7.315  sd=  0.01%      6.81 GF/s  setup=0.001 s
fftw3_estimate           L=10  B=64    m=2     inner=2      min=     7.812 us/xform  median=     7.812  sd=  0.00%      6.38 GF/s  setup=0.001 s
fftw3_guru               L=10  B=64    m=1000  inner=1      min=     6.538 us/xform  median=     6.545  sd=  0.07%      7.62 GF/s  setup=0.010 s
fftw3_guru               L=10  B=64    m=1000  inner=1      min=     6.520 us/xform  median=     6.535  sd=  0.11%      7.64 GF/s  setup=0.011 s
fftw3_guru               L=10  B=64    m=1000  inner=1      min=     6.527 us/xform  median=     6.536  sd=  0.06%      7.63 GF/s  setup=0.011 s
fftw3_guru               L=10  B=64    m=2     inner=1      min=     8.778 us/xform  median=     8.778  sd=  0.00%      5.68 GF/s  setup=0.011 s
fftw3_measure            L=10  B=64    m=1000  inner=1      min=     5.201 us/xform  median=     5.201  sd=  0.01%      9.58 GF/s  setup=0.013 s
fftw3_measure            L=10  B=64    m=1000  inner=1      min=     5.215 us/xform  median=     5.215  sd=  0.01%      9.56 GF/s  setup=0.012 s
fftw3_measure            L=10  B=64    m=1000  inner=1      min=     5.225 us/xform  median=     5.238  sd=  0.10%      9.54 GF/s  setup=0.012 s
fftw3_measure            L=10  B=64    m=2     inner=2      min=     5.659 us/xform  median=     5.659  sd=  0.00%      8.81 GF/s  setup=0.013 s
fftw3_patient            L=10  B=64    m=1000  inner=1      min=     5.215 us/xform  median=     5.215  sd=  0.01%      9.56 GF/s  setup=0.022 s
fftw3_patient            L=10  B=64    m=1000  inner=1      min=     5.359 us/xform  median=     5.362  sd=  0.02%      9.30 GF/s  setup=0.022 s
fftw3_patient            L=10  B=64    m=1000  inner=1      min=     5.192 us/xform  median=     5.195  sd=  0.03%      9.60 GF/s  setup=0.022 s
fftw3_patient            L=10  B=64    m=2     inner=2      min=     6.398 us/xform  median=     6.398  sd=  0.00%      7.79 GF/s  setup=0.022 s
gen_batchlane            L=10  B=64    m=1000  inner=1      min=     1.147 us/xform  median=     1.152  sd=  0.35%     43.45 GF/s  setup=0.000 s
gen_batchlane            L=10  B=64    m=1000  inner=1      min=     1.148 us/xform  median=     1.153  sd=  0.26%     43.41 GF/s  setup=0.000 s
gen_batchlane            L=10  B=64    m=1000  inner=1      min=     1.148 us/xform  median=     1.151  sd=  0.29%     43.39 GF/s  setup=0.000 s
gen_batchlane            L=10  B=64    m=2     inner=6      min=     2.229 us/xform  median=     2.229  sd=  0.00%     22.35 GF/s  setup=0.000 s
gen_bluestein            L=10  B=64    m=1000  inner=1      min=     8.937 us/xform  median=     8.947  sd=  0.05%      5.58 GF/s  setup=0.000 s
gen_bluestein            L=10  B=64    m=1000  inner=1      min=     8.826 us/xform  median=     8.830  sd=  0.04%      5.65 GF/s  setup=0.000 s
gen_bluestein            L=10  B=64    m=1000  inner=1      min=     8.999 us/xform  median=     9.006  sd=  0.05%      5.54 GF/s  setup=0.000 s
gen_bluestein            L=10  B=64    m=2     inner=1      min=    10.264 us/xform  median=    10.264  sd=  0.00%      4.85 GF/s  setup=0.000 s
gen_dense_prime          L=10  B=64    m=1000  inner=1      min=     3.081 us/xform  median=     3.091  sd=  0.13%     16.17 GF/s  setup=0.000 s
gen_dense_prime          L=10  B=64    m=1000  inner=1      min=     3.055 us/xform  median=     3.065  sd=  2.64%     16.31 GF/s  setup=0.000 s
gen_dense_prime          L=10  B=64    m=1000  inner=1      min=     3.101 us/xform  median=     3.106  sd=  0.18%     16.07 GF/s  setup=0.000 s
gen_dense_prime          L=10  B=64    m=2     inner=2      min=     4.645 us/xform  median=     4.645  sd=  0.00%     10.73 GF/s  setup=0.000 s
gen_layout               L=10  B=64    m=1000  inner=1      min=     5.270 us/xform  median=     5.278  sd=  0.12%      9.45 GF/s  setup=0.000 s
gen_layout               L=10  B=64    m=1000  inner=1      min=     5.158 us/xform  median=     5.169  sd=  0.10%      9.66 GF/s  setup=0.000 s
gen_layout               L=10  B=64    m=1000  inner=1      min=     5.133 us/xform  median=     5.147  sd=  0.12%      9.71 GF/s  setup=0.000 s
gen_layout               L=10  B=64    m=2     inner=2      min=     5.989 us/xform  median=     5.989  sd=  0.00%      8.32 GF/s  setup=0.000 s
gen_pfa_small            L=10  B=64    m=1000  inner=1      min=     1.147 us/xform  median=     1.275  sd=  4.50%     43.45 GF/s  setup=0.000 s
gen_pfa_small            L=10  B=64    m=1000  inner=1      min=     1.272 us/xform  median=     1.273  sd=  0.07%     39.18 GF/s  setup=0.000 s
gen_pfa_small            L=10  B=64    m=1000  inner=1      min=     1.274 us/xform  median=     1.274  sd=  0.04%     39.12 GF/s  setup=0.001 s
gen_pfa_small            L=10  B=64    m=2     inner=6      min=     2.169 us/xform  median=     2.169  sd=  0.00%     22.97 GF/s  setup=0.000 s
gen_planner              L=10  B=64    m=1000  inner=1      min=     1.362 us/xform  median=     1.512  sd=  4.89%     36.58 GF/s  setup=0.005 s
gen_planner              L=10  B=64    m=1000  inner=1      min=     1.507 us/xform  median=     1.508  sd=  0.07%     33.07 GF/s  setup=0.004 s
gen_planner              L=10  B=64    m=1000  inner=1      min=     1.373 us/xform  median=     1.524  sd=  3.35%     36.30 GF/s  setup=0.003 s
gen_planner              L=10  B=64    m=2     inner=2      min=     4.826 us/xform  median=     4.826  sd=  0.00%     10.33 GF/s  setup=0.003 s
gen_race                 L=10  B=64    m=1000  inner=1      min=     1.149 us/xform  median=     1.155  sd=  0.31%     43.38 GF/s  setup=15.622 s
gen_race                 L=10  B=64    m=1000  inner=1      min=     1.278 us/xform  median=     1.280  sd=  0.06%     38.99 GF/s  setup=0.010 s
gen_race                 L=10  B=64    m=1000  inner=1      min=     1.149 us/xform  median=     1.157  sd=  0.39%     43.38 GF/s  setup=0.010 s
gen_race                 L=10  B=64    m=2     inner=6      min=     2.295 us/xform  median=     2.295  sd=  0.00%     21.72 GF/s  setup=0.007 s
gen_twiddle              L=10  B=64    m=1000  inner=1      min=     4.429 us/xform  median=     4.439  sd=  0.18%     11.25 GF/s  setup=0.003 s
gen_twiddle              L=10  B=64    m=1000  inner=1      min=     4.381 us/xform  median=     4.392  sd=  0.21%     11.37 GF/s  setup=0.003 s
gen_twiddle              L=10  B=64    m=1000  inner=1      min=     4.427 us/xform  median=     4.432  sd=  0.15%     11.26 GF/s  setup=0.003 s
gen_twiddle              L=10  B=64    m=2     inner=2      min=     5.514 us/xform  median=     5.514  sd=  0.00%      9.04 GF/s  setup=0.003 s
mkl2026_dfti             L=10  B=64    m=1000  inner=1      min=     4.777 us/xform  median=     4.787  sd=  0.10%     10.43 GF/s  setup=0.002 s
mkl2026_dfti             L=10  B=64    m=1000  inner=1      min=     4.762 us/xform  median=     4.771  sd=  0.12%     10.46 GF/s  setup=0.002 s
mkl2026_dfti             L=10  B=64    m=1000  inner=1      min=     4.783 us/xform  median=     4.794  sd=  0.11%     10.42 GF/s  setup=0.002 s
mkl2026_dfti             L=10  B=64    m=2     inner=2      min=     5.750 us/xform  median=     5.750  sd=  0.00%      8.67 GF/s  setup=0.002 s
mkl_dfti                 L=10  B=64    m=1000  inner=1      min=     4.652 us/xform  median=     4.661  sd=  0.10%     10.71 GF/s  setup=0.002 s
mkl_dfti                 L=10  B=64    m=1000  inner=1      min=     4.691 us/xform  median=     4.695  sd=  0.09%     10.62 GF/s  setup=0.002 s
mkl_dfti                 L=10  B=64    m=1000  inner=1      min=     4.699 us/xform  median=     4.704  sd=  0.07%     10.61 GF/s  setup=0.002 s
mkl_dfti                 L=10  B=64    m=2     inner=2      min=     5.304 us/xform  median=     5.304  sd=  0.00%      9.39 GF/s  setup=0.001 s
baseline_matrix          L=12  B=64    m=600   inner=1      min=   114.730 us/xform  median=   114.821  sd=  0.04%      0.81 GF/s  setup=0.000 s
baseline_matrix          L=12  B=64    m=600   inner=1      min=   114.728 us/xform  median=   114.756  sd=  0.02%      0.81 GF/s  setup=0.000 s
baseline_matrix          L=12  B=64    m=600   inner=1      min=   114.837 us/xform  median=   114.892  sd=  0.02%      0.81 GF/s  setup=0.000 s
baseline_matrix          L=12  B=64    m=2     inner=1      min=   138.547 us/xform  median=   138.547  sd=  0.00%      0.67 GF/s  setup=0.000 s
ducc0_c2c                L=12  B=64    m=600   inner=1      min=    16.314 us/xform  median=    16.332  sd=  0.06%      5.70 GF/s  setup=0.000 s
ducc0_c2c                L=12  B=64    m=600   inner=1      min=    16.357 us/xform  median=    16.387  sd=  0.11%      5.68 GF/s  setup=0.000 s
ducc0_c2c                L=12  B=64    m=600   inner=1      min=    16.481 us/xform  median=    16.503  sd=  0.16%      5.64 GF/s  setup=0.000 s
ducc0_c2c                L=12  B=64    m=2     inner=1      min=    21.812 us/xform  median=    21.812  sd=  0.00%      4.26 GF/s  setup=0.000 s
fftw3_custom             L=12  B=64    m=600   inner=1      min=    11.138 us/xform  median=    11.159  sd=  0.13%      8.34 GF/s  setup=0.000 s
fftw3_custom             L=12  B=64    m=600   inner=1      min=    10.821 us/xform  median=    10.852  sd=  0.16%      8.59 GF/s  setup=0.000 s
fftw3_custom             L=12  B=64    m=600   inner=1      min=    10.831 us/xform  median=    10.861  sd=  0.14%      8.58 GF/s  setup=0.000 s
fftw3_custom             L=12  B=64    m=2     inner=1      min=    20.698 us/xform  median=    20.698  sd=  0.00%      4.49 GF/s  setup=0.000 s
fftw3_custom_soa         L=12  B=64    m=600   inner=1      min=     8.659 us/xform  median=     8.675  sd=  0.10%     10.73 GF/s  setup=0.000 s
fftw3_custom_soa         L=12  B=64    m=600   inner=1      min=     8.178 us/xform  median=     8.195  sd=  0.09%     11.36 GF/s  setup=0.000 s
fftw3_custom_soa         L=12  B=64    m=600   inner=1      min=     8.302 us/xform  median=     8.313  sd=  0.10%     11.19 GF/s  setup=0.000 s
fftw3_custom_soa         L=12  B=64    m=2     inner=1      min=    18.960 us/xform  median=    18.960  sd=  0.00%      4.90 GF/s  setup=0.000 s
fftw3_estimate           L=12  B=64    m=600   inner=1      min=    19.358 us/xform  median=    19.362  sd=  0.01%      4.80 GF/s  setup=0.001 s
fftw3_estimate           L=12  B=64    m=600   inner=1      min=    19.310 us/xform  median=    19.312  sd=  0.01%      4.81 GF/s  setup=0.001 s
fftw3_estimate           L=12  B=64    m=600   inner=1      min=    19.303 us/xform  median=    19.305  sd=  0.01%      4.81 GF/s  setup=0.001 s
fftw3_estimate           L=12  B=64    m=2     inner=1      min=    23.886 us/xform  median=    23.886  sd=  0.00%      3.89 GF/s  setup=0.001 s
fftw3_guru               L=12  B=64    m=600   inner=1      min=    10.386 us/xform  median=    10.407  sd=  0.15%      8.95 GF/s  setup=0.011 s
fftw3_guru               L=12  B=64    m=600   inner=1      min=    10.412 us/xform  median=    10.426  sd=  0.16%      8.92 GF/s  setup=0.012 s
fftw3_guru               L=12  B=64    m=600   inner=1      min=    10.479 us/xform  median=    10.503  sd=  0.15%      8.87 GF/s  setup=0.010 s
fftw3_guru               L=12  B=64    m=2     inner=1      min=    14.319 us/xform  median=    14.319  sd=  0.00%      6.49 GF/s  setup=0.011 s
fftw3_measure            L=12  B=64    m=600   inner=1      min=     8.940 us/xform  median=     8.943  sd=  0.02%     10.39 GF/s  setup=0.014 s
fftw3_measure            L=12  B=64    m=600   inner=1      min=     8.809 us/xform  median=     8.825  sd=  0.10%     10.55 GF/s  setup=0.014 s
fftw3_measure            L=12  B=64    m=600   inner=1      min=     8.891 us/xform  median=     8.894  sd=  0.02%     10.45 GF/s  setup=0.014 s
fftw3_measure            L=12  B=64    m=2     inner=1      min=    10.843 us/xform  median=    10.843  sd=  0.00%      8.57 GF/s  setup=0.014 s
fftw3_patient            L=12  B=64    m=600   inner=1      min=     8.682 us/xform  median=     8.699  sd=  0.15%     10.70 GF/s  setup=0.023 s
fftw3_patient            L=12  B=64    m=600   inner=1      min=     8.632 us/xform  median=     8.647  sd=  0.20%     10.76 GF/s  setup=0.024 s
fftw3_patient            L=12  B=64    m=600   inner=1      min=     9.007 us/xform  median=     9.009  sd=  0.01%     10.32 GF/s  setup=0.024 s
fftw3_patient            L=12  B=64    m=2     inner=1      min=    12.348 us/xform  median=    12.348  sd=  0.00%      7.53 GF/s  setup=0.023 s
gen_batchlane            L=12  B=64    m=600   inner=1      min=     2.005 us/xform  median=     2.186  sd=  2.40%     46.35 GF/s  setup=0.000 s
gen_batchlane            L=12  B=64    m=600   inner=1      min=     1.960 us/xform  median=     1.977  sd=  0.47%     47.41 GF/s  setup=0.000 s
gen_batchlane            L=12  B=64    m=600   inner=1      min=     1.955 us/xform  median=     1.964  sd=  0.28%     47.54 GF/s  setup=0.000 s
gen_batchlane            L=12  B=64    m=2     inner=4      min=     3.729 us/xform  median=     3.729  sd=  0.00%     24.92 GF/s  setup=0.000 s
gen_bluestein            L=12  B=64    m=600   inner=1      min=    13.945 us/xform  median=    13.971  sd=  0.12%      6.66 GF/s  setup=0.000 s
gen_bluestein            L=12  B=64    m=600   inner=1      min=    13.784 us/xform  median=    13.815  sd=  0.11%      6.74 GF/s  setup=0.000 s
gen_bluestein            L=12  B=64    m=600   inner=1      min=    13.654 us/xform  median=    13.673  sd=  0.10%      6.81 GF/s  setup=0.000 s
gen_bluestein            L=12  B=64    m=2     inner=1      min=    15.712 us/xform  median=    15.712  sd=  0.00%      5.91 GF/s  setup=0.000 s
gen_dense_prime          L=12  B=64    m=600   inner=1      min=     4.812 us/xform  median=     4.829  sd=  0.27%     19.31 GF/s  setup=0.000 s
gen_dense_prime          L=12  B=64    m=600   inner=1      min=     4.870 us/xform  median=     4.888  sd=  0.41%     19.08 GF/s  setup=0.000 s
gen_dense_prime          L=12  B=64    m=600   inner=1      min=     4.839 us/xform  median=     4.851  sd=  0.20%     19.20 GF/s  setup=0.000 s
gen_dense_prime          L=12  B=64    m=2     inner=2      min=     7.005 us/xform  median=     7.005  sd=  0.00%     13.26 GF/s  setup=0.000 s
gen_layout               L=12  B=64    m=600   inner=1      min=     8.722 us/xform  median=     8.750  sd=  0.17%     10.65 GF/s  setup=0.000 s
gen_layout               L=12  B=64    m=600   inner=1      min=     8.426 us/xform  median=     8.436  sd=  0.17%     11.03 GF/s  setup=0.000 s
gen_layout               L=12  B=64    m=600   inner=1      min=     8.600 us/xform  median=     8.616  sd=  0.11%     10.80 GF/s  setup=0.000 s
gen_layout               L=12  B=64    m=2     inner=1      min=     9.665 us/xform  median=     9.665  sd=  0.00%      9.61 GF/s  setup=0.000 s
gen_pfa_small            L=12  B=64    m=600   inner=1      min=     1.952 us/xform  median=     1.976  sd=  0.48%     47.61 GF/s  setup=0.000 s
gen_pfa_small            L=12  B=64    m=600   inner=1      min=     1.968 us/xform  median=     2.058  sd=  5.36%     47.22 GF/s  setup=0.000 s
gen_pfa_small            L=12  B=64    m=600   inner=1      min=     1.961 us/xform  median=     1.972  sd=  0.38%     47.40 GF/s  setup=0.000 s
gen_pfa_small            L=12  B=64    m=2     inner=4      min=     3.688 us/xform  median=     3.688  sd=  0.00%     25.20 GF/s  setup=0.000 s
gen_planner              L=12  B=64    m=600   inner=1      min=     2.398 us/xform  median=     2.671  sd=  5.02%     38.74 GF/s  setup=0.008 s
gen_planner              L=12  B=64    m=600   inner=1      min=     2.661 us/xform  median=     2.663  sd=  0.08%     34.92 GF/s  setup=0.005 s
gen_planner              L=12  B=64    m=600   inner=1      min=     2.410 us/xform  median=     2.425  sd=  0.31%     38.55 GF/s  setup=0.005 s
gen_planner              L=12  B=64    m=2     inner=1      min=     8.393 us/xform  median=     8.393  sd=  0.00%     11.07 GF/s  setup=0.004 s
gen_race                 L=12  B=64    m=600   inner=1      min=     1.947 us/xform  median=     1.967  sd=  0.42%     47.72 GF/s  setup=0.207 s
gen_race                 L=12  B=64    m=600   inner=1      min=     2.187 us/xform  median=     2.189  sd=  0.06%     42.48 GF/s  setup=0.014 s
gen_race                 L=12  B=64    m=600   inner=1      min=     2.196 us/xform  median=     2.197  sd=  0.04%     42.32 GF/s  setup=0.016 s
gen_race                 L=12  B=64    m=2     inner=4      min=     3.743 us/xform  median=     3.743  sd=  0.00%     24.82 GF/s  setup=0.008 s
gen_twiddle              L=12  B=64    m=600   inner=1      min=     5.522 us/xform  median=     5.538  sd=  0.31%     16.83 GF/s  setup=0.003 s
gen_twiddle              L=12  B=64    m=600   inner=1      min=     5.471 us/xform  median=     5.493  sd=  2.51%     16.98 GF/s  setup=0.004 s
gen_twiddle              L=12  B=64    m=600   inner=1      min=     5.556 us/xform  median=     5.578  sd=  0.31%     16.72 GF/s  setup=0.004 s
gen_twiddle              L=12  B=64    m=2     inner=2      min=     7.027 us/xform  median=     7.027  sd=  0.00%     13.22 GF/s  setup=0.003 s
mkl2026_dfti             L=12  B=64    m=600   inner=1      min=     7.962 us/xform  median=     7.982  sd=  0.18%     11.67 GF/s  setup=0.002 s
mkl2026_dfti             L=12  B=64    m=600   inner=1      min=     7.946 us/xform  median=     7.963  sd=  0.18%     11.69 GF/s  setup=0.002 s
mkl2026_dfti             L=12  B=64    m=600   inner=1      min=     7.944 us/xform  median=     7.960  sd=  0.19%     11.70 GF/s  setup=0.001 s
mkl2026_dfti             L=12  B=64    m=2     inner=1      min=    10.893 us/xform  median=    10.893  sd=  0.00%      8.53 GF/s  setup=0.002 s
mkl_dfti                 L=12  B=64    m=600   inner=1      min=     7.962 us/xform  median=     7.980  sd=  0.15%     11.67 GF/s  setup=0.003 s
mkl_dfti                 L=12  B=64    m=600   inner=1      min=     7.914 us/xform  median=     7.937  sd=  0.15%     11.74 GF/s  setup=0.002 s
mkl_dfti                 L=12  B=64    m=600   inner=1      min=     7.912 us/xform  median=     7.940  sd=  0.21%     11.75 GF/s  setup=0.001 s
mkl_dfti                 L=12  B=64    m=2     inner=1      min=    10.942 us/xform  median=    10.942  sd=  0.00%      8.49 GF/s  setup=0.001 s
baseline_matrix          L=15  B=32    m=600   inner=1      min=   278.831 us/xform  median=   278.962  sd=  0.02%      0.71 GF/s  setup=0.000 s
baseline_matrix          L=15  B=32    m=600   inner=1      min=   278.560 us/xform  median=   278.665  sd=  0.02%      0.71 GF/s  setup=0.000 s
baseline_matrix          L=15  B=32    m=600   inner=1      min=   278.620 us/xform  median=   278.794  sd=  0.03%      0.71 GF/s  setup=0.000 s
baseline_matrix          L=15  B=32    m=2     inner=1      min=   286.463 us/xform  median=   286.463  sd=  0.00%      0.69 GF/s  setup=0.000 s
ducc0_c2c                L=15  B=32    m=600   inner=1      min=    32.487 us/xform  median=    32.509  sd=  0.08%      6.09 GF/s  setup=0.000 s
ducc0_c2c                L=15  B=32    m=600   inner=1      min=    32.937 us/xform  median=    32.964  sd=  0.07%      6.00 GF/s  setup=0.000 s
ducc0_c2c                L=15  B=32    m=600   inner=1      min=    32.556 us/xform  median=    32.577  sd=  0.07%      6.08 GF/s  setup=0.000 s
ducc0_c2c                L=15  B=32    m=2     inner=1      min=    40.594 us/xform  median=    40.594  sd=  0.00%      4.87 GF/s  setup=0.000 s
fftw3_custom             L=15  B=32    m=600   inner=1      min=    25.831 us/xform  median=    25.882  sd=  0.10%      7.66 GF/s  setup=0.000 s
fftw3_custom             L=15  B=32    m=600   inner=1      min=    26.279 us/xform  median=    26.304  sd=  0.08%      7.53 GF/s  setup=0.000 s
fftw3_custom             L=15  B=32    m=600   inner=1      min=    25.880 us/xform  median=    25.912  sd=  0.07%      7.64 GF/s  setup=0.000 s
fftw3_custom             L=15  B=32    m=2     inner=1      min=    46.663 us/xform  median=    46.663  sd=  0.00%      4.24 GF/s  setup=0.000 s
fftw3_custom_soa         L=15  B=32    m=600   inner=1      min=    15.939 us/xform  median=    15.969  sd=  0.08%     12.41 GF/s  setup=0.000 s
fftw3_custom_soa         L=15  B=32    m=600   inner=1      min=    15.956 us/xform  median=    15.989  sd=  0.14%     12.40 GF/s  setup=0.000 s
fftw3_custom_soa         L=15  B=32    m=600   inner=1      min=    16.211 us/xform  median=    16.233  sd=  0.13%     12.20 GF/s  setup=0.000 s
fftw3_custom_soa         L=15  B=32    m=2     inner=1      min=    34.562 us/xform  median=    34.562  sd=  0.00%      5.72 GF/s  setup=0.000 s
fftw3_estimate           L=15  B=32    m=600   inner=1      min=    21.244 us/xform  median=    21.288  sd=  0.14%      9.31 GF/s  setup=0.001 s
fftw3_estimate           L=15  B=32    m=600   inner=1      min=    21.111 us/xform  median=    21.145  sd=  0.15%      9.37 GF/s  setup=0.001 s
fftw3_estimate           L=15  B=32    m=600   inner=1      min=    21.161 us/xform  median=    21.204  sd=  0.15%      9.35 GF/s  setup=0.001 s
fftw3_estimate           L=15  B=32    m=2     inner=1      min=    28.814 us/xform  median=    28.814  sd=  0.00%      6.86 GF/s  setup=0.001 s
fftw3_guru               L=15  B=32    m=600   inner=1      min=    26.757 us/xform  median=    26.820  sd=  1.20%      7.39 GF/s  setup=0.010 s
fftw3_guru               L=15  B=32    m=600   inner=1      min=    27.075 us/xform  median=    27.108  sd=  0.06%      7.31 GF/s  setup=0.010 s
fftw3_guru               L=15  B=32    m=600   inner=1      min=    26.966 us/xform  median=    27.023  sd=  0.17%      7.33 GF/s  setup=0.010 s
fftw3_guru               L=15  B=32    m=2     inner=1      min=    31.914 us/xform  median=    31.914  sd=  0.00%      6.20 GF/s  setup=0.010 s
fftw3_measure            L=15  B=32    m=600   inner=1      min=    19.631 us/xform  median=    19.633  sd=  0.01%     10.08 GF/s  setup=0.011 s
fftw3_measure            L=15  B=32    m=600   inner=1      min=    20.749 us/xform  median=    20.755  sd=  0.02%      9.53 GF/s  setup=0.012 s
fftw3_measure            L=15  B=32    m=600   inner=1      min=    20.864 us/xform  median=    20.869  sd=  0.01%      9.48 GF/s  setup=0.012 s
fftw3_measure            L=15  B=32    m=2     inner=1      min=    26.100 us/xform  median=    26.100  sd=  0.00%      7.58 GF/s  setup=0.011 s
fftw3_patient            L=15  B=32    m=600   inner=1      min=    19.541 us/xform  median=    19.544  sd=  0.01%     10.12 GF/s  setup=0.020 s
fftw3_patient            L=15  B=32    m=600   inner=1      min=    19.681 us/xform  median=    19.686  sd=  0.01%     10.05 GF/s  setup=0.021 s
fftw3_patient            L=15  B=32    m=600   inner=1      min=    19.795 us/xform  median=    19.801  sd=  0.02%      9.99 GF/s  setup=0.021 s
fftw3_patient            L=15  B=32    m=2     inner=1      min=    26.723 us/xform  median=    26.723  sd=  0.00%      7.40 GF/s  setup=0.020 s
gen_batchlane            L=15  B=32    m=600   inner=1      min=     4.423 us/xform  median=     4.447  sd=  0.35%     44.72 GF/s  setup=0.000 s
gen_batchlane            L=15  B=32    m=600   inner=1      min=     4.409 us/xform  median=     4.463  sd=  0.65%     44.86 GF/s  setup=0.000 s
gen_batchlane            L=15  B=32    m=600   inner=1      min=     4.565 us/xform  median=     4.960  sd=  2.32%     43.33 GF/s  setup=0.000 s
gen_batchlane            L=15  B=32    m=2     inner=2      min=     9.566 us/xform  median=     9.566  sd=  0.00%     20.68 GF/s  setup=0.000 s
gen_bluestein            L=15  B=32    m=600   inner=1      min=    33.939 us/xform  median=    33.949  sd=  0.04%      5.83 GF/s  setup=0.000 s
gen_bluestein            L=15  B=32    m=600   inner=1      min=    33.905 us/xform  median=    33.951  sd=  0.06%      5.83 GF/s  setup=0.000 s
gen_bluestein            L=15  B=32    m=600   inner=1      min=    33.725 us/xform  median=    33.780  sd=  0.08%      5.86 GF/s  setup=0.000 s
gen_bluestein            L=15  B=32    m=2     inner=1      min=    37.649 us/xform  median=    37.649  sd=  0.00%      5.25 GF/s  setup=0.000 s
gen_dense_prime          L=15  B=32    m=600   inner=1      min=    11.060 us/xform  median=    11.124  sd=  0.25%     17.88 GF/s  setup=0.000 s
gen_dense_prime          L=15  B=32    m=600   inner=1      min=    10.888 us/xform  median=    10.926  sd=  0.15%     18.17 GF/s  setup=0.000 s
gen_dense_prime          L=15  B=32    m=600   inner=1      min=    11.069 us/xform  median=    11.116  sd=  0.15%     17.87 GF/s  setup=0.000 s
gen_dense_prime          L=15  B=32    m=2     inner=1      min=    15.749 us/xform  median=    15.749  sd=  0.00%     12.56 GF/s  setup=0.000 s
gen_layout               L=15  B=32    m=600   inner=1      min=    20.675 us/xform  median=    20.710  sd=  0.08%      9.57 GF/s  setup=0.000 s
gen_layout               L=15  B=32    m=600   inner=1      min=    20.077 us/xform  median=    20.098  sd=  0.09%      9.85 GF/s  setup=0.001 s
gen_layout               L=15  B=32    m=600   inner=1      min=    20.748 us/xform  median=    20.774  sd=  0.08%      9.53 GF/s  setup=0.000 s
gen_layout               L=15  B=32    m=2     inner=1      min=    28.752 us/xform  median=    28.752  sd=  0.00%      6.88 GF/s  setup=0.001 s
gen_pfa_small            L=15  B=32    m=600   inner=1      min=     4.447 us/xform  median=     4.970  sd=  4.00%     44.48 GF/s  setup=0.000 s
gen_pfa_small            L=15  B=32    m=600   inner=1      min=     4.420 us/xform  median=     4.452  sd=  0.40%     44.74 GF/s  setup=0.000 s
gen_pfa_small            L=15  B=32    m=600   inner=1      min=     4.436 us/xform  median=     4.977  sd=  5.56%     44.59 GF/s  setup=0.000 s
gen_pfa_small            L=15  B=32    m=2     inner=2      min=     9.506 us/xform  median=     9.506  sd=  0.00%     20.81 GF/s  setup=0.000 s
gen_planner              L=15  B=32    m=600   inner=1      min=     5.712 us/xform  median=     5.746  sd=  0.43%     34.63 GF/s  setup=0.009 s
gen_planner              L=15  B=32    m=600   inner=1      min=     5.658 us/xform  median=     5.692  sd=  0.31%     34.95 GF/s  setup=0.005 s
gen_planner              L=15  B=32    m=600   inner=1      min=     5.615 us/xform  median=     5.646  sd=  0.41%     35.23 GF/s  setup=0.004 s
gen_planner              L=15  B=32    m=2     inner=1      min=    17.789 us/xform  median=    17.789  sd=  0.00%     11.12 GF/s  setup=0.004 s
gen_race                 L=15  B=32    m=600   inner=1      min=     4.415 us/xform  median=     4.476  sd=  5.76%     44.80 GF/s  setup=0.233 s
gen_race                 L=15  B=32    m=600   inner=1      min=     4.969 us/xform  median=     4.980  sd=  0.13%     39.80 GF/s  setup=0.021 s
gen_race                 L=15  B=32    m=600   inner=1      min=     4.962 us/xform  median=     4.965  sd=  0.05%     39.86 GF/s  setup=0.022 s
gen_race                 L=15  B=32    m=2     inner=2      min=     9.902 us/xform  median=     9.902  sd=  0.00%     19.98 GF/s  setup=0.007 s
gen_twiddle              L=15  B=32    m=600   inner=1      min=    14.942 us/xform  median=    14.989  sd=  0.17%     13.24 GF/s  setup=0.003 s
gen_twiddle              L=15  B=32    m=600   inner=1      min=    14.822 us/xform  median=    14.889  sd=  0.22%     13.34 GF/s  setup=0.004 s
gen_twiddle              L=15  B=32    m=600   inner=1      min=    14.716 us/xform  median=    14.777  sd=  0.18%     13.44 GF/s  setup=0.004 s
gen_twiddle              L=15  B=32    m=2     inner=1      min=    17.764 us/xform  median=    17.764  sd=  0.00%     11.13 GF/s  setup=0.003 s
mkl2026_dfti             L=15  B=32    m=600   inner=1      min=    17.208 us/xform  median=    17.256  sd=  0.17%     11.49 GF/s  setup=0.003 s
mkl2026_dfti             L=15  B=32    m=600   inner=1      min=    17.012 us/xform  median=    17.065  sd=  0.16%     11.63 GF/s  setup=0.002 s
mkl2026_dfti             L=15  B=32    m=600   inner=1      min=    16.972 us/xform  median=    17.041  sd=  0.19%     11.65 GF/s  setup=0.002 s
mkl2026_dfti             L=15  B=32    m=2     inner=1      min=    22.819 us/xform  median=    22.819  sd=  0.00%      8.67 GF/s  setup=0.002 s
mkl_dfti                 L=15  B=32    m=600   inner=1      min=    16.876 us/xform  median=    16.906  sd=  0.10%     11.72 GF/s  setup=0.002 s
mkl_dfti                 L=15  B=32    m=600   inner=1      min=    16.844 us/xform  median=    16.902  sd=  0.21%     11.74 GF/s  setup=0.002 s
mkl_dfti                 L=15  B=32    m=600   inner=1      min=    16.877 us/xform  median=    16.908  sd=  0.09%     11.72 GF/s  setup=0.002 s
mkl_dfti                 L=15  B=32    m=2     inner=1      min=    22.907 us/xform  median=    22.907  sd=  0.00%      8.63 GF/s  setup=0.002 s
baseline_matrix          L=20  B=32    m=256   inner=1      min=   871.113 us/xform  median=   871.532  sd=  0.04%      0.60 GF/s  setup=0.000 s
baseline_matrix          L=20  B=32    m=256   inner=1      min=   868.839 us/xform  median=   869.086  sd=  0.02%      0.60 GF/s  setup=0.000 s
baseline_matrix          L=20  B=32    m=256   inner=1      min=   868.176 us/xform  median=   868.748  sd=  0.03%      0.60 GF/s  setup=0.000 s
baseline_matrix          L=20  B=32    m=2     inner=1      min=  1037.978 us/xform  median=  1037.978  sd=  0.00%      0.50 GF/s  setup=0.000 s
ducc0_c2c                L=20  B=32    m=256   inner=1      min=    72.454 us/xform  median=    72.502  sd=  0.17%      7.16 GF/s  setup=0.000 s
ducc0_c2c                L=20  B=32    m=256   inner=1      min=    72.724 us/xform  median=    72.843  sd=  0.17%      7.13 GF/s  setup=0.000 s
ducc0_c2c                L=20  B=32    m=256   inner=1      min=    74.892 us/xform  median=    75.018  sd=  0.16%      6.93 GF/s  setup=0.000 s
ducc0_c2c                L=20  B=32    m=2     inner=1      min=    93.437 us/xform  median=    93.437  sd=  0.00%      5.55 GF/s  setup=0.000 s
fftw3_custom             L=20  B=32    m=256   inner=1      min=    64.127 us/xform  median=    64.270  sd=  0.12%      8.09 GF/s  setup=0.000 s
fftw3_custom             L=20  B=32    m=256   inner=1      min=    67.172 us/xform  median=    67.226  sd=  0.06%      7.72 GF/s  setup=0.000 s
fftw3_custom             L=20  B=32    m=256   inner=1      min=    65.935 us/xform  median=    66.075  sd=  0.11%      7.87 GF/s  setup=0.000 s
fftw3_custom             L=20  B=32    m=2     inner=1      min=   115.679 us/xform  median=   115.679  sd=  0.00%      4.48 GF/s  setup=0.000 s
fftw3_custom_soa         L=20  B=32    m=256   inner=1      min=    45.403 us/xform  median=    45.469  sd=  0.10%     11.42 GF/s  setup=0.000 s
fftw3_custom_soa         L=20  B=32    m=256   inner=1      min=    42.805 us/xform  median=    42.854  sd=  0.13%     12.12 GF/s  setup=0.000 s
fftw3_custom_soa         L=20  B=32    m=256   inner=1      min=    45.227 us/xform  median=    45.276  sd=  0.11%     11.47 GF/s  setup=0.000 s
fftw3_custom_soa         L=20  B=32    m=2     inner=1      min=   102.518 us/xform  median=   102.518  sd=  0.00%      5.06 GF/s  setup=0.000 s
fftw3_estimate           L=20  B=32    m=256   inner=1      min=    92.278 us/xform  median=    92.331  sd=  0.05%      5.62 GF/s  setup=0.001 s
fftw3_estimate           L=20  B=32    m=256   inner=1      min=    91.998 us/xform  median=    92.081  sd=  0.06%      5.64 GF/s  setup=0.001 s
fftw3_estimate           L=20  B=32    m=256   inner=1      min=    92.027 us/xform  median=    92.155  sd=  0.07%      5.64 GF/s  setup=0.001 s
fftw3_estimate           L=20  B=32    m=2     inner=1      min=   112.888 us/xform  median=   112.888  sd=  0.00%      4.59 GF/s  setup=0.001 s
fftw3_guru               L=20  B=32    m=256   inner=1      min=    61.317 us/xform  median=    61.581  sd=  0.21%      8.46 GF/s  setup=0.077 s
fftw3_guru               L=20  B=32    m=256   inner=1      min=    63.110 us/xform  median=    63.238  sd=  0.13%      8.22 GF/s  setup=0.078 s
fftw3_guru               L=20  B=32    m=256   inner=1      min=    62.414 us/xform  median=    62.536  sd=  0.11%      8.31 GF/s  setup=0.078 s
fftw3_guru               L=20  B=32    m=2     inner=1      min=    85.540 us/xform  median=    85.540  sd=  0.00%      6.06 GF/s  setup=0.077 s
fftw3_measure            L=20  B=32    m=256   inner=1      min=    45.177 us/xform  median=    45.196  sd=  0.04%     11.48 GF/s  setup=0.085 s
fftw3_measure            L=20  B=32    m=256   inner=1      min=    45.046 us/xform  median=    45.062  sd=  0.02%     11.51 GF/s  setup=0.085 s
fftw3_measure            L=20  B=32    m=256   inner=1      min=    45.126 us/xform  median=    45.142  sd=  0.03%     11.49 GF/s  setup=0.082 s
fftw3_measure            L=20  B=32    m=2     inner=1      min=    54.497 us/xform  median=    54.497  sd=  0.00%      9.52 GF/s  setup=0.082 s
fftw3_patient            L=20  B=32    m=256   inner=1      min=    45.323 us/xform  median=    45.353  sd=  0.04%     11.44 GF/s  setup=0.317 s
fftw3_patient            L=20  B=32    m=256   inner=1      min=    44.871 us/xform  median=    44.879  sd=  0.02%     11.56 GF/s  setup=0.318 s
fftw3_patient            L=20  B=32    m=256   inner=1      min=    45.415 us/xform  median=    45.438  sd=  0.03%     11.42 GF/s  setup=0.299 s
fftw3_patient            L=20  B=32    m=2     inner=1      min=    77.885 us/xform  median=    77.885  sd=  0.00%      6.66 GF/s  setup=0.316 s
gen_batchlane            L=20  B=32    m=256   inner=1      min=    12.849 us/xform  median=    12.950  sd=  0.44%     40.36 GF/s  setup=0.001 s
gen_batchlane            L=20  B=32    m=256   inner=1      min=    12.851 us/xform  median=    12.908  sd=  0.31%     40.36 GF/s  setup=0.001 s
gen_batchlane            L=20  B=32    m=256   inner=1      min=    13.487 us/xform  median=    14.599  sd=  2.93%     38.45 GF/s  setup=0.001 s
gen_batchlane            L=20  B=32    m=2     inner=1      min=    28.037 us/xform  median=    28.037  sd=  0.00%     18.50 GF/s  setup=0.001 s
gen_bluestein            L=20  B=32    m=256   inner=1      min=    67.744 us/xform  median=    67.852  sd=  0.09%      7.66 GF/s  setup=0.000 s
gen_bluestein            L=20  B=32    m=256   inner=1      min=    65.389 us/xform  median=    65.474  sd=  0.09%      7.93 GF/s  setup=0.000 s
gen_bluestein            L=20  B=32    m=256   inner=1      min=    65.675 us/xform  median=    65.757  sd=  0.10%      7.90 GF/s  setup=0.000 s
gen_bluestein            L=20  B=32    m=2     inner=1      min=    75.177 us/xform  median=    75.177  sd=  0.00%      6.90 GF/s  setup=0.000 s
gen_dense_prime          L=20  B=32    m=256   inner=1      min=    35.096 us/xform  median=    35.175  sd=  0.15%     14.78 GF/s  setup=0.000 s
gen_dense_prime          L=20  B=32    m=256   inner=1      min=    35.075 us/xform  median=    35.148  sd=  0.10%     14.79 GF/s  setup=0.000 s
gen_dense_prime          L=20  B=32    m=256   inner=1      min=    35.302 us/xform  median=    35.397  sd=  0.13%     14.69 GF/s  setup=0.000 s
gen_dense_prime          L=20  B=32    m=2     inner=1      min=    48.666 us/xform  median=    48.666  sd=  0.00%     10.66 GF/s  setup=0.000 s
gen_layout               L=20  B=32    m=256   inner=1      min=    36.261 us/xform  median=    36.334  sd=  0.13%     14.30 GF/s  setup=0.000 s
gen_layout               L=20  B=32    m=256   inner=1      min=    35.279 us/xform  median=    35.435  sd=  0.18%     14.70 GF/s  setup=0.000 s
gen_layout               L=20  B=32    m=256   inner=1      min=    36.365 us/xform  median=    36.437  sd=  0.12%     14.26 GF/s  setup=0.000 s
gen_layout               L=20  B=32    m=2     inner=1      min=    43.234 us/xform  median=    43.234  sd=  0.00%     12.00 GF/s  setup=0.000 s
gen_pfa_small            L=20  B=32    m=256   inner=1      min=    12.912 us/xform  median=    12.997  sd= 10.36%     40.17 GF/s  setup=0.001 s
gen_pfa_small            L=20  B=32    m=256   inner=1      min=    13.036 us/xform  median=    14.590  sd=  3.73%     39.78 GF/s  setup=0.001 s
gen_pfa_small            L=20  B=32    m=256   inner=1      min=    12.849 us/xform  median=    12.929  sd=  0.33%     40.36 GF/s  setup=0.001 s
gen_pfa_small            L=20  B=32    m=2     inner=1      min=    26.261 us/xform  median=    26.261  sd=  0.00%     19.75 GF/s  setup=0.001 s
gen_planner              L=20  B=32    m=256   inner=1      min=    17.543 us/xform  median=    17.566  sd=  0.18%     29.56 GF/s  setup=0.018 s
gen_planner              L=20  B=32    m=256   inner=1      min=    17.888 us/xform  median=    18.047  sd= 10.04%     28.99 GF/s  setup=0.010 s
gen_planner              L=20  B=32    m=256   inner=1      min=    17.568 us/xform  median=    17.619  sd=  0.21%     29.52 GF/s  setup=0.009 s
gen_planner              L=20  B=32    m=2     inner=1      min=    58.088 us/xform  median=    58.088  sd=  0.00%      8.93 GF/s  setup=0.007 s
gen_race                 L=20  B=32    m=256   inner=1      min=    12.846 us/xform  median=    12.946  sd=  8.41%     40.37 GF/s  setup=0.323 s
gen_race                 L=20  B=32    m=256   inner=1      min=    13.159 us/xform  median=    13.216  sd=  0.29%     39.41 GF/s  setup=0.013 s
gen_race                 L=20  B=32    m=256   inner=1      min=    12.927 us/xform  median=    13.024  sd=  0.29%     40.12 GF/s  setup=0.014 s
gen_race                 L=20  B=32    m=2     inner=1      min=    27.683 us/xform  median=    27.683  sd=  0.00%     18.73 GF/s  setup=0.009 s
gen_twiddle              L=20  B=32    m=256   inner=1      min=    26.748 us/xform  median=    26.859  sd=  4.89%     19.39 GF/s  setup=0.003 s
gen_twiddle              L=20  B=32    m=256   inner=1      min=    26.849 us/xform  median=    26.899  sd=  0.21%     19.32 GF/s  setup=0.004 s
gen_twiddle              L=20  B=32    m=256   inner=1      min=    26.155 us/xform  median=    26.216  sd=  0.20%     19.83 GF/s  setup=0.004 s
gen_twiddle              L=20  B=32    m=2     inner=1      min=    35.276 us/xform  median=    35.276  sd=  0.00%     14.70 GF/s  setup=0.003 s
mkl2026_dfti             L=20  B=32    m=256   inner=1      min=    60.433 us/xform  median=    60.565  sd=  0.13%      8.58 GF/s  setup=0.029 s
mkl2026_dfti             L=20  B=32    m=256   inner=1      min=    58.884 us/xform  median=    59.123  sd=  0.20%      8.81 GF/s  setup=0.049 s
mkl2026_dfti             L=20  B=32    m=256   inner=1      min=    58.610 us/xform  median=    58.807  sd=  0.15%      8.85 GF/s  setup=0.054 s
mkl2026_dfti             L=20  B=32    m=2     inner=1      min=   109.126 us/xform  median=   109.126  sd=  0.00%      4.75 GF/s  setup=0.048 s
mkl_dfti                 L=20  B=32    m=256   inner=1      min=    59.188 us/xform  median=    59.434  sd=  0.15%      8.76 GF/s  setup=0.032 s
mkl_dfti                 L=20  B=32    m=256   inner=1      min=    59.299 us/xform  median=    59.477  sd=  0.18%      8.75 GF/s  setup=0.032 s
mkl_dfti                 L=20  B=32    m=256   inner=1      min=    59.521 us/xform  median=    59.632  sd=  0.11%      8.71 GF/s  setup=0.049 s
mkl_dfti                 L=20  B=32    m=2     inner=1      min=    96.026 us/xform  median=    96.026  sd=  0.00%      5.40 GF/s  setup=0.054 s
baseline_matrix          L=25  B=16    m=256   inner=1      min=  2105.315 us/xform  median=  2106.018  sd=  0.03%      0.52 GF/s  setup=0.000 s
baseline_matrix          L=25  B=16    m=256   inner=1      min=  2103.083 us/xform  median=  2103.472  sd=  0.01%      0.52 GF/s  setup=0.000 s
baseline_matrix          L=25  B=16    m=256   inner=1      min=  2101.963 us/xform  median=  2102.607  sd=  0.02%      0.52 GF/s  setup=0.000 s
baseline_matrix          L=25  B=16    m=2     inner=1      min=  2513.525 us/xform  median=  2513.525  sd=  0.00%      0.43 GF/s  setup=0.000 s
ducc0_c2c                L=25  B=16    m=256   inner=1      min=   149.742 us/xform  median=   149.959  sd=  0.15%      7.27 GF/s  setup=0.000 s
ducc0_c2c                L=25  B=16    m=256   inner=1      min=   147.375 us/xform  median=   147.603  sd=  0.14%      7.39 GF/s  setup=0.000 s
ducc0_c2c                L=25  B=16    m=256   inner=1      min=   145.227 us/xform  median=   145.409  sd=  0.14%      7.49 GF/s  setup=0.000 s
ducc0_c2c                L=25  B=16    m=2     inner=1      min=   183.482 us/xform  median=   183.482  sd=  0.00%      5.93 GF/s  setup=0.000 s
fftw3_custom             L=25  B=16    m=256   inner=1      min=   164.391 us/xform  median=   164.489  sd=  0.08%      6.62 GF/s  setup=0.000 s
fftw3_custom             L=25  B=16    m=256   inner=1      min=   163.622 us/xform  median=   163.746  sd=  0.05%      6.65 GF/s  setup=0.000 s
fftw3_custom             L=25  B=16    m=256   inner=1      min=   167.445 us/xform  median=   167.621  sd=  0.08%      6.50 GF/s  setup=0.000 s
fftw3_custom             L=25  B=16    m=2     inner=1      min=   293.164 us/xform  median=   293.164  sd=  0.00%      3.71 GF/s  setup=0.000 s
fftw3_custom_soa         L=25  B=16    m=256   inner=1      min=    76.278 us/xform  median=    76.409  sd=  0.09%     14.27 GF/s  setup=0.000 s
fftw3_custom_soa         L=25  B=16    m=256   inner=1      min=    77.116 us/xform  median=    77.250  sd=  0.10%     14.11 GF/s  setup=0.000 s
fftw3_custom_soa         L=25  B=16    m=256   inner=1      min=    79.546 us/xform  median=    79.663  sd=  0.08%     13.68 GF/s  setup=0.000 s
fftw3_custom_soa         L=25  B=16    m=2     inner=1      min=   185.713 us/xform  median=   185.713  sd=  0.00%      5.86 GF/s  setup=0.000 s
fftw3_estimate           L=25  B=16    m=256   inner=1      min=   134.578 us/xform  median=   134.753  sd=  0.09%      8.09 GF/s  setup=0.001 s
fftw3_estimate           L=25  B=16    m=256   inner=1      min=   139.686 us/xform  median=   139.875  sd=  0.08%      7.79 GF/s  setup=0.001 s
fftw3_estimate           L=25  B=16    m=256   inner=1      min=   132.829 us/xform  median=   133.001  sd=  0.15%      8.19 GF/s  setup=0.001 s
fftw3_estimate           L=25  B=16    m=2     inner=1      min=   174.330 us/xform  median=   174.330  sd=  0.00%      6.24 GF/s  setup=0.001 s
fftw3_guru               L=25  B=16    m=256   inner=1      min=   178.716 us/xform  median=   178.916  sd=  0.06%      6.09 GF/s  setup=0.032 s
fftw3_guru               L=25  B=16    m=256   inner=1      min=   191.405 us/xform  median=   191.483  sd=  0.02%      5.69 GF/s  setup=0.033 s
fftw3_guru               L=25  B=16    m=256   inner=1      min=   181.347 us/xform  median=   181.706  sd=  0.10%      6.00 GF/s  setup=0.029 s
fftw3_guru               L=25  B=16    m=2     inner=1      min=   236.495 us/xform  median=   236.495  sd=  0.00%      4.60 GF/s  setup=0.032 s
fftw3_measure            L=25  B=16    m=256   inner=1      min=   117.401 us/xform  median=   117.448  sd=  0.02%      9.27 GF/s  setup=0.028 s
fftw3_measure            L=25  B=16    m=256   inner=1      min=   111.466 us/xform  median=   111.495  sd=  0.02%      9.76 GF/s  setup=0.029 s
fftw3_measure            L=25  B=16    m=256   inner=1      min=   111.959 us/xform  median=   112.012  sd=  0.03%      9.72 GF/s  setup=0.029 s
fftw3_measure            L=25  B=16    m=2     inner=1      min=   150.369 us/xform  median=   150.369  sd=  0.00%      7.24 GF/s  setup=0.028 s
fftw3_patient            L=25  B=16    m=256   inner=1      min=   109.537 us/xform  median=   109.561  sd=  0.02%      9.94 GF/s  setup=0.103 s
fftw3_patient            L=25  B=16    m=256   inner=1      min=   111.727 us/xform  median=   111.794  sd=  0.03%      9.74 GF/s  setup=0.106 s
fftw3_patient            L=25  B=16    m=256   inner=1      min=   113.512 us/xform  median=   113.588  sd=  0.04%      9.59 GF/s  setup=0.103 s
fftw3_patient            L=25  B=16    m=2     inner=1      min=   144.639 us/xform  median=   144.639  sd=  0.00%      7.52 GF/s  setup=0.110 s
gen_bluestein            L=25  B=16    m=256   inner=1      min=   170.466 us/xform  median=   170.652  sd=  0.07%      6.38 GF/s  setup=0.000 s
gen_bluestein            L=25  B=16    m=256   inner=1      min=   166.823 us/xform  median=   167.033  sd=  0.06%      6.52 GF/s  setup=0.000 s
gen_bluestein            L=25  B=16    m=256   inner=1      min=   167.323 us/xform  median=   167.499  sd=  0.05%      6.50 GF/s  setup=0.000 s
gen_bluestein            L=25  B=16    m=2     inner=1      min=   198.041 us/xform  median=   198.041  sd=  0.00%      5.50 GF/s  setup=0.000 s
gen_layout               L=25  B=16    m=256   inner=1      min=    97.627 us/xform  median=    97.801  sd=  0.10%     11.15 GF/s  setup=0.000 s
gen_layout               L=25  B=16    m=256   inner=1      min=    97.360 us/xform  median=    97.494  sd=  0.10%     11.18 GF/s  setup=0.001 s
gen_layout               L=25  B=16    m=256   inner=1      min=    97.560 us/xform  median=    97.773  sd=  0.11%     11.16 GF/s  setup=0.000 s
gen_layout               L=25  B=16    m=2     inner=1      min=   111.641 us/xform  median=   111.641  sd=  0.00%      9.75 GF/s  setup=0.000 s
gen_planner              L=25  B=16    m=256   inner=1      min=    40.777 us/xform  median=    40.880  sd=  0.17%     26.69 GF/s  setup=0.028 s
gen_planner              L=25  B=16    m=256   inner=1      min=    41.498 us/xform  median=    41.580  sd=  0.14%     26.23 GF/s  setup=0.015 s
gen_planner              L=25  B=16    m=256   inner=1      min=    41.386 us/xform  median=    41.531  sd=  0.17%     26.30 GF/s  setup=0.011 s
gen_planner              L=25  B=16    m=2     inner=1      min=   161.157 us/xform  median=   161.157  sd=  0.00%      6.75 GF/s  setup=0.012 s
gen_powp                 L=25  B=16    m=256   inner=1      min=    31.662 us/xform  median=    31.720  sd=  0.09%     34.38 GF/s  setup=0.406 s
gen_powp                 L=25  B=16    m=256   inner=1      min=    32.107 us/xform  median=    34.868  sd=  4.05%     33.90 GF/s  setup=0.005 s
gen_powp                 L=25  B=16    m=256   inner=1      min=    31.369 us/xform  median=    31.463  sd=  0.27%     34.70 GF/s  setup=0.004 s
gen_powp                 L=25  B=16    m=2     inner=1      min=    87.002 us/xform  median=    87.002  sd=  0.00%     12.51 GF/s  setup=0.004 s
gen_race                 L=25  B=16    m=256   inner=1      min=    32.080 us/xform  median=    32.197  sd=  0.29%     33.93 GF/s  setup=0.249 s
gen_race                 L=25  B=16    m=256   inner=1      min=    31.415 us/xform  median=    37.145  sd=  7.41%     34.65 GF/s  setup=0.021 s
gen_race                 L=25  B=16    m=256   inner=1      min=    31.378 us/xform  median=    31.455  sd=  0.26%     34.69 GF/s  setup=0.014 s
gen_race                 L=25  B=16    m=2     inner=1      min=    69.885 us/xform  median=    69.885  sd=  0.00%     15.57 GF/s  setup=0.009 s
gen_twiddle              L=25  B=16    m=256   inner=1      min=    76.212 us/xform  median=    76.443  sd=  0.20%     14.28 GF/s  setup=0.003 s
gen_twiddle              L=25  B=16    m=256   inner=1      min=    75.951 us/xform  median=    76.153  sd=  0.20%     14.33 GF/s  setup=0.003 s
gen_twiddle              L=25  B=16    m=256   inner=1      min=    75.473 us/xform  median=    75.594  sd=  0.16%     14.42 GF/s  setup=0.004 s
gen_twiddle              L=25  B=16    m=2     inner=1      min=    93.705 us/xform  median=    93.705  sd=  0.00%     11.62 GF/s  setup=0.004 s
mkl2026_dfti             L=25  B=16    m=256   inner=1      min=   127.866 us/xform  median=   128.182  sd=  0.14%      8.51 GF/s  setup=0.053 s
mkl2026_dfti             L=25  B=16    m=256   inner=1      min=   125.980 us/xform  median=   126.468  sd=  0.20%      8.64 GF/s  setup=0.048 s
mkl2026_dfti             L=25  B=16    m=256   inner=1      min=   125.565 us/xform  median=   126.292  sd=  0.36%      8.67 GF/s  setup=0.049 s
mkl2026_dfti             L=25  B=16    m=2     inner=1      min=   244.764 us/xform  median=   244.764  sd=  0.00%      4.45 GF/s  setup=0.054 s
mkl_dfti                 L=25  B=16    m=256   inner=1      min=   123.064 us/xform  median=   123.595  sd=  0.17%      8.84 GF/s  setup=0.031 s
mkl_dfti                 L=25  B=16    m=256   inner=1      min=   125.704 us/xform  median=   126.370  sd=  0.27%      8.66 GF/s  setup=0.053 s
mkl_dfti                 L=25  B=16    m=256   inner=1      min=   124.604 us/xform  median=   125.293  sd=  0.22%      8.73 GF/s  setup=0.053 s
mkl_dfti                 L=25  B=16    m=2     inner=1      min=   233.085 us/xform  median=   233.085  sd=  0.00%      4.67 GF/s  setup=0.051 s
baseline_matrix          L=27  B=16    m=200   inner=1      min=  2855.520 us/xform  median=  2856.447  sd=  0.02%      0.49 GF/s  setup=0.000 s
baseline_matrix          L=27  B=16    m=200   inner=1      min=  2852.948 us/xform  median=  2854.139  sd=  0.04%      0.49 GF/s  setup=0.000 s
baseline_matrix          L=27  B=16    m=200   inner=1      min=  2853.643 us/xform  median=  2854.535  sd=  0.05%      0.49 GF/s  setup=0.000 s
baseline_matrix          L=27  B=16    m=2     inner=1      min=  3424.884 us/xform  median=  3424.884  sd=  0.00%      0.41 GF/s  setup=0.000 s
ducc0_c2c                L=27  B=16    m=200   inner=1      min=   191.172 us/xform  median=   191.417  sd=  0.19%      7.34 GF/s  setup=0.000 s
ducc0_c2c                L=27  B=16    m=200   inner=1      min=   191.472 us/xform  median=   191.833  sd=  0.18%      7.33 GF/s  setup=0.000 s
ducc0_c2c                L=27  B=16    m=200   inner=1      min=   189.798 us/xform  median=   190.136  sd=  0.20%      7.40 GF/s  setup=0.000 s
ducc0_c2c                L=27  B=16    m=2     inner=1      min=   215.460 us/xform  median=   215.460  sd=  0.00%      6.52 GF/s  setup=0.000 s
fftw3_custom             L=27  B=16    m=200   inner=1      min=   203.543 us/xform  median=   203.878  sd=  0.15%      6.90 GF/s  setup=0.000 s
fftw3_custom             L=27  B=16    m=200   inner=1      min=   207.028 us/xform  median=   207.433  sd=  0.13%      6.78 GF/s  setup=0.000 s
fftw3_custom             L=27  B=16    m=200   inner=1      min=   205.807 us/xform  median=   206.242  sd=  0.11%      6.82 GF/s  setup=0.000 s
fftw3_custom             L=27  B=16    m=2     inner=1      min=   375.700 us/xform  median=   375.700  sd=  0.00%      3.74 GF/s  setup=0.000 s
fftw3_custom_soa         L=27  B=16    m=200   inner=1      min=    98.206 us/xform  median=    98.617  sd=  0.17%     14.29 GF/s  setup=0.000 s
fftw3_custom_soa         L=27  B=16    m=200   inner=1      min=    97.955 us/xform  median=    98.219  sd=  0.13%     14.33 GF/s  setup=0.000 s
fftw3_custom_soa         L=27  B=16    m=200   inner=1      min=    98.191 us/xform  median=    98.353  sd=  0.09%     14.30 GF/s  setup=0.000 s
fftw3_custom_soa         L=27  B=16    m=2     inner=1      min=   228.013 us/xform  median=   228.013  sd=  0.00%      6.16 GF/s  setup=0.000 s
fftw3_estimate           L=27  B=16    m=200   inner=1      min=   261.098 us/xform  median=   262.310  sd=  0.19%      5.38 GF/s  setup=0.003 s
fftw3_estimate           L=27  B=16    m=200   inner=1      min=   260.145 us/xform  median=   260.846  sd=  0.11%      5.40 GF/s  setup=0.003 s
fftw3_estimate           L=27  B=16    m=200   inner=1      min=   257.869 us/xform  median=   258.446  sd=  0.11%      5.44 GF/s  setup=0.003 s
fftw3_estimate           L=27  B=16    m=2     inner=1      min=   337.823 us/xform  median=   337.823  sd=  0.00%      4.16 GF/s  setup=0.003 s
fftw3_guru               L=27  B=16    m=200   inner=1      min=   267.635 us/xform  median=   268.103  sd=  0.11%      5.25 GF/s  setup=0.043 s
fftw3_guru               L=27  B=16    m=200   inner=1      min=   265.507 us/xform  median=   266.020  sd=  0.08%      5.29 GF/s  setup=0.044 s
fftw3_guru               L=27  B=16    m=200   inner=1      min=   264.924 us/xform  median=   265.504  sd=  0.08%      5.30 GF/s  setup=0.041 s
fftw3_guru               L=27  B=16    m=2     inner=1      min=   308.772 us/xform  median=   308.772  sd=  0.00%      4.55 GF/s  setup=0.042 s
fftw3_measure            L=27  B=16    m=200   inner=1      min=   227.595 us/xform  median=   228.297  sd=  0.14%      6.17 GF/s  setup=0.034 s
fftw3_measure            L=27  B=16    m=200   inner=1      min=   231.754 us/xform  median=   232.593  sd=  0.17%      6.06 GF/s  setup=0.034 s
fftw3_measure            L=27  B=16    m=200   inner=1      min=   229.403 us/xform  median=   229.758  sd=  0.09%      6.12 GF/s  setup=0.034 s
fftw3_measure            L=27  B=16    m=2     inner=1      min=   289.588 us/xform  median=   289.588  sd=  0.00%      4.85 GF/s  setup=0.034 s
fftw3_patient            L=27  B=16    m=200   inner=1      min=   201.926 us/xform  median=   201.988  sd=  0.02%      6.95 GF/s  setup=0.148 s
fftw3_patient            L=27  B=16    m=200   inner=1      min=   207.268 us/xform  median=   207.302  sd=  0.03%      6.77 GF/s  setup=0.150 s
fftw3_patient            L=27  B=16    m=200   inner=1      min=   203.384 us/xform  median=   203.457  sd=  0.02%      6.90 GF/s  setup=0.150 s
fftw3_patient            L=27  B=16    m=2     inner=1      min=   261.487 us/xform  median=   261.487  sd=  0.00%      5.37 GF/s  setup=0.147 s
gen_bluestein            L=27  B=16    m=200   inner=1      min=   209.227 us/xform  median=   209.624  sd=  0.13%      6.71 GF/s  setup=0.000 s
gen_bluestein            L=27  B=16    m=200   inner=1      min=   198.379 us/xform  median=   198.963  sd=  0.15%      7.08 GF/s  setup=0.000 s
gen_bluestein            L=27  B=16    m=200   inner=1      min=   203.785 us/xform  median=   204.090  sd=  0.08%      6.89 GF/s  setup=0.000 s
gen_bluestein            L=27  B=16    m=2     inner=1      min=   226.644 us/xform  median=   226.644  sd=  0.00%      6.19 GF/s  setup=0.000 s
gen_layout               L=27  B=16    m=200   inner=1      min=   125.951 us/xform  median=   126.134  sd=  0.10%     11.15 GF/s  setup=0.000 s
gen_layout               L=27  B=16    m=200   inner=1      min=   128.745 us/xform  median=   128.902  sd=  0.12%     10.90 GF/s  setup=0.001 s
gen_layout               L=27  B=16    m=200   inner=1      min=   126.044 us/xform  median=   126.278  sd=  0.22%     11.14 GF/s  setup=0.001 s
gen_layout               L=27  B=16    m=2     inner=1      min=   151.376 us/xform  median=   151.376  sd=  0.00%      9.27 GF/s  setup=0.000 s
gen_planner              L=27  B=16    m=200   inner=1      min=    61.300 us/xform  median=    61.504  sd=  0.17%     22.90 GF/s  setup=0.036 s
gen_planner              L=27  B=16    m=200   inner=1      min=    62.122 us/xform  median=    62.260  sd=  0.20%     22.60 GF/s  setup=0.022 s
gen_planner              L=27  B=16    m=200   inner=1      min=    62.169 us/xform  median=    62.252  sd=  0.18%     22.58 GF/s  setup=0.015 s
gen_planner              L=27  B=16    m=2     inner=1      min=   220.071 us/xform  median=   220.071  sd=  0.00%      6.38 GF/s  setup=0.017 s
gen_powp                 L=27  B=16    m=200   inner=1      min=    44.144 us/xform  median=    44.247  sd=  0.19%     31.80 GF/s  setup=0.522 s
gen_powp                 L=27  B=16    m=200   inner=1      min=    43.893 us/xform  median=    44.030  sd=  0.30%     31.98 GF/s  setup=0.006 s
gen_powp                 L=27  B=16    m=200   inner=1      min=    44.120 us/xform  median=    44.224  sd=  0.24%     31.82 GF/s  setup=0.005 s
gen_powp                 L=27  B=16    m=2     inner=1      min=    94.522 us/xform  median=    94.522  sd=  0.00%     14.85 GF/s  setup=0.004 s
gen_race                 L=27  B=16    m=200   inner=1      min=    44.106 us/xform  median=    44.297  sd=  7.54%     31.83 GF/s  setup=0.346 s
gen_race                 L=27  B=16    m=200   inner=1      min=    44.730 us/xform  median=    44.868  sd=  0.16%     31.39 GF/s  setup=0.019 s
gen_race                 L=27  B=16    m=200   inner=1      min=    44.791 us/xform  median=    44.947  sd=  0.20%     31.34 GF/s  setup=0.016 s
gen_race                 L=27  B=16    m=2     inner=1      min=    93.635 us/xform  median=    93.635  sd=  0.00%     14.99 GF/s  setup=0.010 s
gen_twiddle              L=27  B=16    m=200   inner=1      min=   123.691 us/xform  median=   123.929  sd=  0.11%     11.35 GF/s  setup=0.004 s
gen_twiddle              L=27  B=16    m=200   inner=1      min=   124.401 us/xform  median=   124.689  sd=  0.12%     11.28 GF/s  setup=0.005 s
gen_twiddle              L=27  B=16    m=200   inner=1      min=   125.067 us/xform  median=   125.191  sd=  0.11%     11.22 GF/s  setup=0.005 s
gen_twiddle              L=27  B=16    m=2     inner=1      min=   158.374 us/xform  median=   158.374  sd=  0.00%      8.86 GF/s  setup=0.004 s
mkl2026_dfti             L=27  B=16    m=200   inner=1      min=   151.036 us/xform  median=   151.202  sd=  0.09%      9.29 GF/s  setup=0.053 s
mkl2026_dfti             L=27  B=16    m=200   inner=1      min=   151.177 us/xform  median=   151.373  sd=  0.08%      9.29 GF/s  setup=0.049 s
mkl2026_dfti             L=27  B=16    m=200   inner=1      min=   150.630 us/xform  median=   150.892  sd=  0.09%      9.32 GF/s  setup=0.048 s
mkl2026_dfti             L=27  B=16    m=2     inner=1      min=   279.627 us/xform  median=   279.627  sd=  0.00%      5.02 GF/s  setup=0.053 s
mkl_dfti                 L=27  B=16    m=200   inner=1      min=   146.912 us/xform  median=   147.162  sd=  0.07%      9.56 GF/s  setup=0.034 s
mkl_dfti                 L=27  B=16    m=200   inner=1      min=   146.888 us/xform  median=   147.120  sd=  0.08%      9.56 GF/s  setup=0.055 s
mkl_dfti                 L=27  B=16    m=200   inner=1      min=   146.844 us/xform  median=   147.108  sd=  0.08%      9.56 GF/s  setup=0.050 s
mkl_dfti                 L=27  B=16    m=2     inner=1      min=   284.116 us/xform  median=   284.116  sd=  0.00%      4.94 GF/s  setup=0.054 s
baseline_matrix          L=31  B=16    m=140   inner=1      min=  4937.999 us/xform  median=  4940.765  sd=  0.02%      0.45 GF/s  setup=0.000 s
baseline_matrix          L=31  B=16    m=140   inner=1      min=  4934.870 us/xform  median=  4936.501  sd=  0.02%      0.45 GF/s  setup=0.000 s
baseline_matrix          L=31  B=16    m=140   inner=1      min=  4931.723 us/xform  median=  4934.310  sd=  0.03%      0.45 GF/s  setup=0.000 s
baseline_matrix          L=31  B=16    m=2     inner=1      min=  5433.453 us/xform  median=  5433.453  sd=  0.00%      0.41 GF/s  setup=0.000 s
ducc0_c2c                L=31  B=16    m=140   inner=1      min=   726.558 us/xform  median=   727.662  sd=  0.13%      3.05 GF/s  setup=0.000 s
ducc0_c2c                L=31  B=16    m=140   inner=1      min=   742.756 us/xform  median=   744.084  sd=  0.10%      2.98 GF/s  setup=0.000 s
ducc0_c2c                L=31  B=16    m=140   inner=1      min=   733.302 us/xform  median=   734.584  sd=  0.11%      3.02 GF/s  setup=0.000 s
ducc0_c2c                L=31  B=16    m=2     inner=1      min=   755.454 us/xform  median=   755.454  sd=  0.00%      2.93 GF/s  setup=0.000 s
fftw3_custom             L=31  B=16    m=140   inner=1      min=   520.095 us/xform  median=   520.730  sd=  0.08%      4.26 GF/s  setup=0.000 s
fftw3_custom             L=31  B=16    m=140   inner=1      min=   516.866 us/xform  median=   517.561  sd=  0.08%      4.28 GF/s  setup=0.000 s
fftw3_custom             L=31  B=16    m=140   inner=1      min=   519.893 us/xform  median=   520.891  sd=  0.07%      4.26 GF/s  setup=0.000 s
fftw3_custom             L=31  B=16    m=2     inner=1      min=   868.275 us/xform  median=   868.275  sd=  0.00%      2.55 GF/s  setup=0.000 s
fftw3_custom_soa         L=31  B=16    m=140   inner=1      min=   209.645 us/xform  median=   209.964  sd=  0.10%     10.56 GF/s  setup=0.000 s
fftw3_custom_soa         L=31  B=16    m=140   inner=1      min=   211.655 us/xform  median=   212.038  sd=  0.09%     10.46 GF/s  setup=0.000 s
fftw3_custom_soa         L=31  B=16    m=140   inner=1      min=   219.604 us/xform  median=   220.026  sd=  0.10%     10.08 GF/s  setup=0.000 s
fftw3_custom_soa         L=31  B=16    m=2     inner=1      min=   469.539 us/xform  median=   469.539  sd=  0.00%      4.71 GF/s  setup=0.000 s
fftw3_estimate           L=31  B=16    m=140   inner=1      min=   875.894 us/xform  median=   880.443  sd=  0.21%      2.53 GF/s  setup=0.002 s
fftw3_estimate           L=31  B=16    m=140   inner=1      min=   875.417 us/xform  median=   880.926  sd=  0.31%      2.53 GF/s  setup=0.002 s
fftw3_estimate           L=31  B=16    m=140   inner=1      min=   873.522 us/xform  median=   877.796  sd=  0.25%      2.53 GF/s  setup=0.002 s
fftw3_estimate           L=31  B=16    m=2     inner=1      min=  1066.500 us/xform  median=  1066.500  sd=  0.00%      2.08 GF/s  setup=0.002 s
fftw3_guru               L=31  B=16    m=140   inner=1      min=   849.701 us/xform  median=   853.831  sd=  0.19%      2.61 GF/s  setup=0.093 s
fftw3_guru               L=31  B=16    m=140   inner=1      min=   849.112 us/xform  median=   854.727  sd=  0.25%      2.61 GF/s  setup=0.093 s
fftw3_guru               L=31  B=16    m=140   inner=1      min=   853.755 us/xform  median=   858.472  sd=  0.28%      2.59 GF/s  setup=0.093 s
fftw3_guru               L=31  B=16    m=2     inner=1      min=  1095.683 us/xform  median=  1095.683  sd=  0.00%      2.02 GF/s  setup=0.093 s
fftw3_measure            L=31  B=16    m=140   inner=1      min=   877.366 us/xform  median=   878.718  sd=  0.07%      2.52 GF/s  setup=0.089 s
fftw3_measure            L=31  B=16    m=140   inner=1      min=   874.980 us/xform  median=   878.179  sd=  0.23%      2.53 GF/s  setup=0.089 s
fftw3_measure            L=31  B=16    m=140   inner=1      min=   876.794 us/xform  median=   878.806  sd=  0.13%      2.52 GF/s  setup=0.089 s
fftw3_measure            L=31  B=16    m=2     inner=1      min=  1085.240 us/xform  median=  1085.240  sd=  0.00%      2.04 GF/s  setup=0.089 s
fftw3_patient            L=31  B=16    m=140   inner=1      min=   878.198 us/xform  median=   882.223  sd=  0.17%      2.52 GF/s  setup=0.226 s
fftw3_patient            L=31  B=16    m=140   inner=1      min=   874.286 us/xform  median=   879.093  sd=  0.29%      2.53 GF/s  setup=0.241 s
fftw3_patient            L=31  B=16    m=140   inner=1      min=   874.538 us/xform  median=   877.659  sd=  0.19%      2.53 GF/s  setup=0.241 s
fftw3_patient            L=31  B=16    m=2     inner=1      min=  1111.157 us/xform  median=  1111.157  sd=  0.00%      1.99 GF/s  setup=0.240 s
gen_bluestein            L=31  B=16    m=140   inner=1      min=   276.687 us/xform  median=   277.481  sd=  0.18%      8.00 GF/s  setup=0.000 s
gen_bluestein            L=31  B=16    m=140   inner=1      min=   280.526 us/xform  median=   281.567  sd=  0.16%      7.89 GF/s  setup=0.000 s
gen_bluestein            L=31  B=16    m=140   inner=1      min=   278.622 us/xform  median=   279.091  sd=  0.10%      7.95 GF/s  setup=0.000 s
gen_bluestein            L=31  B=16    m=2     inner=1      min=   353.490 us/xform  median=   353.490  sd=  0.00%      6.26 GF/s  setup=0.000 s
gen_dense_prime          L=31  B=16    m=140   inner=1      min=   111.959 us/xform  median=   112.381  sd=  0.30%     19.77 GF/s  setup=0.001 s
gen_dense_prime          L=31  B=16    m=140   inner=1      min=   111.668 us/xform  median=   112.758  sd=  0.69%     19.83 GF/s  setup=0.001 s
gen_dense_prime          L=31  B=16    m=140   inner=1      min=   112.525 us/xform  median=   112.927  sd=  0.24%     19.67 GF/s  setup=0.001 s
gen_dense_prime          L=31  B=16    m=2     inner=1      min=   183.818 us/xform  median=   183.818  sd=  0.00%     12.04 GF/s  setup=0.001 s
gen_layout               L=31  B=16    m=140   inner=1      min=   202.942 us/xform  median=   203.353  sd=  0.16%     10.91 GF/s  setup=0.001 s
gen_layout               L=31  B=16    m=140   inner=1      min=   202.894 us/xform  median=   203.226  sd=  0.16%     10.91 GF/s  setup=0.001 s
gen_layout               L=31  B=16    m=140   inner=1      min=   205.060 us/xform  median=   205.688  sd=  0.18%     10.80 GF/s  setup=0.000 s
gen_layout               L=31  B=16    m=2     inner=1      min=   242.394 us/xform  median=   242.394  sd=  0.00%      9.13 GF/s  setup=0.001 s
gen_planner              L=31  B=16    m=140   inner=1      min=   146.836 us/xform  median=   147.035  sd=  0.12%     15.08 GF/s  setup=0.046 s
gen_planner              L=31  B=16    m=140   inner=1      min=   143.014 us/xform  median=   143.510  sd=  0.19%     15.48 GF/s  setup=0.031 s
gen_planner              L=31  B=16    m=140   inner=1      min=   141.964 us/xform  median=   142.430  sd=  0.29%     15.59 GF/s  setup=0.029 s
gen_planner              L=31  B=16    m=2     inner=1      min=   397.645 us/xform  median=   397.645  sd=  0.00%      5.57 GF/s  setup=0.027 s
gen_race                 L=31  B=16    m=140   inner=1      min=    87.215 us/xform  median=    87.756  sd=  1.28%     25.38 GF/s  setup=0.741 s
gen_race                 L=31  B=16    m=140   inner=1      min=    87.360 us/xform  median=    87.973  sd=  5.76%     25.34 GF/s  setup=0.030 s
gen_race                 L=31  B=16    m=140   inner=1      min=    86.909 us/xform  median=    87.894  sd=  5.69%     25.47 GF/s  setup=0.027 s
gen_race                 L=31  B=16    m=2     inner=1      min=   156.840 us/xform  median=   156.840  sd=  0.00%     14.12 GF/s  setup=0.017 s
gen_rader                L=31  B=16    m=140   inner=1      min=    86.176 us/xform  median=    86.658  sd=  4.86%     25.69 GF/s  setup=0.008 s
gen_rader                L=31  B=16    m=140   inner=1      min=    86.781 us/xform  median=    87.114  sd=  3.93%     25.51 GF/s  setup=0.009 s
gen_rader                L=31  B=16    m=140   inner=1      min=    86.881 us/xform  median=    87.780  sd=  3.86%     25.48 GF/s  setup=0.010 s
gen_rader                L=31  B=16    m=2     inner=1      min=   154.109 us/xform  median=   154.109  sd=  0.00%     14.37 GF/s  setup=0.008 s
gen_twiddle              L=31  B=16    m=140   inner=1      min=   263.235 us/xform  median=   263.631  sd=  0.09%      8.41 GF/s  setup=0.005 s
gen_twiddle              L=31  B=16    m=140   inner=1      min=   266.682 us/xform  median=   267.286  sd=  0.16%      8.30 GF/s  setup=0.006 s
gen_twiddle              L=31  B=16    m=140   inner=1      min=   263.708 us/xform  median=   264.384  sd=  0.14%      8.40 GF/s  setup=0.006 s
gen_twiddle              L=31  B=16    m=2     inner=1      min=   329.000 us/xform  median=   329.000  sd=  0.00%      6.73 GF/s  setup=0.005 s
mkl2026_dfti             L=31  B=16    m=140   inner=1      min=   884.605 us/xform  median=   885.284  sd=  0.04%      2.50 GF/s  setup=0.050 s
mkl2026_dfti             L=31  B=16    m=140   inner=1      min=   884.311 us/xform  median=   885.290  sd=  0.04%      2.50 GF/s  setup=0.051 s
mkl2026_dfti             L=31  B=16    m=140   inner=1      min=   884.590 us/xform  median=   885.692  sd=  0.07%      2.50 GF/s  setup=0.050 s
mkl2026_dfti             L=31  B=16    m=2     inner=1      min=   914.512 us/xform  median=   914.512  sd=  0.00%      2.42 GF/s  setup=0.049 s
mkl_dfti                 L=31  B=16    m=140   inner=1      min=   851.384 us/xform  median=   852.591  sd=  0.08%      2.60 GF/s  setup=0.037 s
mkl_dfti                 L=31  B=16    m=140   inner=1      min=   850.061 us/xform  median=   852.039  sd=  0.08%      2.60 GF/s  setup=0.049 s
mkl_dfti                 L=31  B=16    m=140   inner=1      min=   850.459 us/xform  median=   851.682  sd=  0.07%      2.60 GF/s  setup=0.048 s
mkl_dfti                 L=31  B=16    m=2     inner=1      min=  1002.377 us/xform  median=  1002.377  sd=  0.00%      2.21 GF/s  setup=0.049 s
baseline_matrix          L=32  B=8     m=250   inner=1      min=  5834.739 us/xform  median=  5836.183  sd=  0.09%      0.42 GF/s  setup=0.000 s
baseline_matrix          L=32  B=8     m=250   inner=1      min=  5836.092 us/xform  median=  5837.465  sd=  0.02%      0.42 GF/s  setup=0.000 s
baseline_matrix          L=32  B=8     m=250   inner=1      min=  5839.434 us/xform  median=  5841.007  sd=  0.01%      0.42 GF/s  setup=0.000 s
baseline_matrix          L=32  B=8     m=2     inner=1      min=  7023.718 us/xform  median=  7023.718  sd=  0.00%      0.35 GF/s  setup=0.000 s
ducc0_c2c                L=32  B=8     m=250   inner=1      min=   307.228 us/xform  median=   307.596  sd=  0.12%      8.00 GF/s  setup=0.000 s
ducc0_c2c                L=32  B=8     m=250   inner=1      min=   309.452 us/xform  median=   310.193  sd=  0.16%      7.94 GF/s  setup=0.000 s
ducc0_c2c                L=32  B=8     m=250   inner=1      min=   318.059 us/xform  median=   318.866  sd=  0.15%      7.73 GF/s  setup=0.000 s
ducc0_c2c                L=32  B=8     m=2     inner=1      min=   403.739 us/xform  median=   403.739  sd=  0.00%      6.09 GF/s  setup=0.000 s
fftw3_custom             L=32  B=8     m=250   inner=1      min=   420.176 us/xform  median=   420.876  sd=  0.09%      5.85 GF/s  setup=0.000 s
fftw3_custom             L=32  B=8     m=250   inner=1      min=   421.461 us/xform  median=   421.913  sd=  0.06%      5.83 GF/s  setup=0.000 s
fftw3_custom             L=32  B=8     m=250   inner=1      min=   421.327 us/xform  median=   421.671  sd=  0.04%      5.83 GF/s  setup=0.000 s
fftw3_custom             L=32  B=8     m=2     inner=1      min=   713.435 us/xform  median=   713.435  sd=  0.00%      3.44 GF/s  setup=0.000 s
fftw3_custom_soa         L=32  B=8     m=250   inner=1      min=   176.191 us/xform  median=   176.489  sd=  0.12%     13.95 GF/s  setup=0.000 s
fftw3_custom_soa         L=32  B=8     m=250   inner=1      min=   182.782 us/xform  median=   183.191  sd=  0.14%     13.45 GF/s  setup=0.000 s
fftw3_custom_soa         L=32  B=8     m=250   inner=1      min=   188.122 us/xform  median=   188.469  sd=  0.09%     13.06 GF/s  setup=0.000 s
fftw3_custom_soa         L=32  B=8     m=2     inner=1      min=   420.617 us/xform  median=   420.617  sd=  0.00%      5.84 GF/s  setup=0.000 s
fftw3_estimate           L=32  B=8     m=250   inner=1      min=   407.346 us/xform  median=   407.653  sd=  0.04%      6.03 GF/s  setup=0.001 s
fftw3_estimate           L=32  B=8     m=250   inner=1      min=   409.179 us/xform  median=   409.359  sd=  0.02%      6.01 GF/s  setup=0.001 s
fftw3_estimate           L=32  B=8     m=250   inner=1      min=   411.081 us/xform  median=   411.646  sd=  0.08%      5.98 GF/s  setup=0.001 s
fftw3_estimate           L=32  B=8     m=2     inner=1      min=   501.811 us/xform  median=   501.811  sd=  0.00%      4.90 GF/s  setup=0.001 s
fftw3_guru               L=32  B=8     m=250   inner=1      min=   302.529 us/xform  median=   302.979  sd=  0.06%      8.12 GF/s  setup=0.073 s
fftw3_guru               L=32  B=8     m=250   inner=1      min=   308.269 us/xform  median=   308.585  sd=  0.06%      7.97 GF/s  setup=0.074 s
fftw3_guru               L=32  B=8     m=250   inner=1      min=   282.279 us/xform  median=   282.506  sd=  0.07%      8.71 GF/s  setup=0.074 s
fftw3_guru               L=32  B=8     m=2     inner=1      min=   366.606 us/xform  median=   366.606  sd=  0.00%      6.70 GF/s  setup=0.073 s
fftw3_measure            L=32  B=8     m=250   inner=1      min=   211.248 us/xform  median=   211.292  sd=  0.02%     11.63 GF/s  setup=0.083 s
fftw3_measure            L=32  B=8     m=250   inner=1      min=   209.212 us/xform  median=   209.419  sd=  0.06%     11.75 GF/s  setup=0.082 s
fftw3_measure            L=32  B=8     m=250   inner=1      min=   213.725 us/xform  median=   213.784  sd=  0.03%     11.50 GF/s  setup=0.087 s
fftw3_measure            L=32  B=8     m=2     inner=1      min=   290.315 us/xform  median=   290.315  sd=  0.00%      8.47 GF/s  setup=0.086 s
fftw3_patient            L=32  B=8     m=250   inner=1      min=   211.374 us/xform  median=   211.488  sd=  0.04%     11.63 GF/s  setup=0.492 s
fftw3_patient            L=32  B=8     m=250   inner=1      min=   212.497 us/xform  median=   212.612  sd=  0.03%     11.57 GF/s  setup=0.493 s
fftw3_patient            L=32  B=8     m=250   inner=1      min=   210.453 us/xform  median=   210.499  sd=  0.03%     11.68 GF/s  setup=0.542 s
fftw3_patient            L=32  B=8     m=2     inner=1      min=   268.544 us/xform  median=   268.544  sd=  0.00%      9.15 GF/s  setup=0.539 s
gen_bluestein            L=32  B=8     m=250   inner=1      min=   303.410 us/xform  median=   304.291  sd=  0.16%      8.10 GF/s  setup=0.000 s
gen_bluestein            L=32  B=8     m=250   inner=1      min=   308.970 us/xform  median=   309.471  sd=  0.09%      7.95 GF/s  setup=0.000 s
gen_bluestein            L=32  B=8     m=250   inner=1      min=   310.201 us/xform  median=   310.802  sd=  0.10%      7.92 GF/s  setup=0.000 s
gen_bluestein            L=32  B=8     m=2     inner=1      min=   351.853 us/xform  median=   351.853  sd=  0.00%      6.98 GF/s  setup=0.000 s
gen_layout               L=32  B=8     m=250   inner=1      min=   156.795 us/xform  median=   157.235  sd=  0.22%     15.67 GF/s  setup=0.001 s
gen_layout               L=32  B=8     m=250   inner=1      min=   155.728 us/xform  median=   156.087  sd=  0.19%     15.78 GF/s  setup=0.000 s
gen_layout               L=32  B=8     m=250   inner=1      min=   158.444 us/xform  median=   159.001  sd=  0.22%     15.51 GF/s  setup=0.001 s
gen_layout               L=32  B=8     m=2     inner=1      min=   187.529 us/xform  median=   187.529  sd=  0.00%     13.11 GF/s  setup=0.001 s
gen_planner              L=32  B=8     m=250   inner=1      min=   111.308 us/xform  median=   111.912  sd=  0.35%     22.08 GF/s  setup=0.062 s
gen_planner              L=32  B=8     m=250   inner=1      min=   109.558 us/xform  median=   110.186  sd=  0.35%     22.43 GF/s  setup=0.006 s
gen_planner              L=32  B=8     m=250   inner=1      min=   110.053 us/xform  median=   110.495  sd=  0.40%     22.33 GF/s  setup=0.004 s
gen_planner              L=32  B=8     m=2     inner=1      min=   148.791 us/xform  median=   148.791  sd=  0.00%     16.52 GF/s  setup=0.003 s
gen_pow2                 L=32  B=8     m=250   inner=1      min=    56.055 us/xform  median=    56.369  sd= 10.28%     43.84 GF/s  setup=0.000 s
gen_pow2                 L=32  B=8     m=250   inner=1      min=    55.600 us/xform  median=    55.897  sd=  0.49%     44.20 GF/s  setup=0.000 s
gen_pow2                 L=32  B=8     m=250   inner=1      min=    55.889 us/xform  median=    56.253  sd=  5.32%     43.97 GF/s  setup=0.000 s
gen_pow2                 L=32  B=8     m=2     inner=1      min=   108.181 us/xform  median=   108.181  sd=  0.00%     22.72 GF/s  setup=0.000 s
gen_race                 L=32  B=8     m=250   inner=1      min=    55.501 us/xform  median=    56.265  sd=  9.39%     44.28 GF/s  setup=0.391 s
gen_race                 L=32  B=8     m=250   inner=1      min=    55.657 us/xform  median=    55.933  sd=  0.46%     44.16 GF/s  setup=0.016 s
gen_race                 L=32  B=8     m=250   inner=1      min=    55.189 us/xform  median=    55.567  sd=  0.49%     44.53 GF/s  setup=0.012 s
gen_race                 L=32  B=8     m=2     inner=1      min=   111.000 us/xform  median=   111.000  sd=  0.00%     22.14 GF/s  setup=0.006 s
gen_twiddle              L=32  B=8     m=250   inner=1      min=   153.042 us/xform  median=   153.402  sd=  0.21%     16.06 GF/s  setup=0.004 s
gen_twiddle              L=32  B=8     m=250   inner=1      min=   154.538 us/xform  median=   155.014  sd=  0.22%     15.90 GF/s  setup=0.006 s
gen_twiddle              L=32  B=8     m=250   inner=1      min=   153.430 us/xform  median=   153.650  sd=  0.23%     16.02 GF/s  setup=0.006 s
gen_twiddle              L=32  B=8     m=2     inner=1      min=   199.916 us/xform  median=   199.916  sd=  0.00%     12.29 GF/s  setup=0.005 s
mkl2026_dfti             L=32  B=8     m=250   inner=1      min=   187.684 us/xform  median=   188.395  sd=  0.19%     13.09 GF/s  setup=0.003 s
mkl2026_dfti             L=32  B=8     m=250   inner=1      min=   188.338 us/xform  median=   188.803  sd=  0.19%     13.05 GF/s  setup=0.002 s
mkl2026_dfti             L=32  B=8     m=250   inner=1      min=   188.644 us/xform  median=   189.829  sd=  0.39%     13.03 GF/s  setup=0.002 s
mkl2026_dfti             L=32  B=8     m=2     inner=1      min=   252.215 us/xform  median=   252.215  sd=  0.00%      9.74 GF/s  setup=0.002 s
mkl_dfti                 L=32  B=8     m=250   inner=1      min=   178.485 us/xform  median=   178.773  sd=  0.14%     13.77 GF/s  setup=0.003 s
mkl_dfti                 L=32  B=8     m=250   inner=1      min=   174.979 us/xform  median=   175.401  sd=  0.20%     14.05 GF/s  setup=0.002 s
mkl_dfti                 L=32  B=8     m=250   inner=1      min=   175.466 us/xform  median=   176.191  sd=  0.21%     14.01 GF/s  setup=0.001 s
mkl_dfti                 L=32  B=8     m=2     inner=1      min=   237.847 us/xform  median=   237.847  sd=  0.00%     10.33 GF/s  setup=0.002 s
baseline_matrix          L=40  B=8     m=128   inner=1      min= 13662.297 us/xform  median= 13672.163  sd=  0.12%      0.37 GF/s  setup=0.000 s
baseline_matrix          L=40  B=8     m=128   inner=1      min= 13650.081 us/xform  median= 13655.045  sd=  0.10%      0.37 GF/s  setup=0.000 s
baseline_matrix          L=40  B=8     m=128   inner=1      min= 13656.040 us/xform  median= 13668.453  sd=  0.05%      0.37 GF/s  setup=0.000 s
baseline_matrix          L=40  B=8     m=2     inner=1      min= 13714.613 us/xform  median= 13714.613  sd=  0.00%      0.37 GF/s  setup=0.000 s
ducc0_c2c                L=40  B=8     m=128   inner=1      min=   604.758 us/xform  median=   606.941  sd=  0.23%      8.45 GF/s  setup=0.000 s
ducc0_c2c                L=40  B=8     m=128   inner=1      min=   599.634 us/xform  median=   601.456  sd=  0.26%      8.52 GF/s  setup=0.000 s
ducc0_c2c                L=40  B=8     m=128   inner=1      min=   600.858 us/xform  median=   602.738  sd=  0.28%      8.50 GF/s  setup=0.000 s
ducc0_c2c                L=40  B=8     m=2     inner=1      min=   789.287 us/xform  median=   789.287  sd=  0.00%      6.47 GF/s  setup=0.000 s
fftw3_custom             L=40  B=8     m=128   inner=1      min=   790.951 us/xform  median=   792.638  sd=  0.11%      6.46 GF/s  setup=0.000 s
fftw3_custom             L=40  B=8     m=128   inner=1      min=   793.613 us/xform  median=   795.662  sd=  0.13%      6.44 GF/s  setup=0.000 s
fftw3_custom             L=40  B=8     m=128   inner=1      min=   821.111 us/xform  median=   822.648  sd=  0.12%      6.22 GF/s  setup=0.000 s
fftw3_custom             L=40  B=8     m=2     inner=1      min=  1449.221 us/xform  median=  1449.221  sd=  0.00%      3.53 GF/s  setup=0.000 s
fftw3_custom_soa         L=40  B=8     m=128   inner=1      min=   429.380 us/xform  median=   430.189  sd=  0.14%     11.90 GF/s  setup=0.000 s
fftw3_custom_soa         L=40  B=8     m=128   inner=1      min=   446.141 us/xform  median=   448.119  sd=  0.16%     11.45 GF/s  setup=0.000 s
fftw3_custom_soa         L=40  B=8     m=128   inner=1      min=   424.893 us/xform  median=   425.748  sd=  0.15%     12.02 GF/s  setup=0.000 s
fftw3_custom_soa         L=40  B=8     m=2     inner=1      min=  1004.591 us/xform  median=  1004.591  sd=  0.00%      5.09 GF/s  setup=0.000 s
fftw3_estimate           L=40  B=8     m=128   inner=1      min=  1625.877 us/xform  median=  1629.553  sd=  0.10%      3.14 GF/s  setup=0.002 s
fftw3_estimate           L=40  B=8     m=128   inner=1      min=  1632.247 us/xform  median=  1634.436  sd=  0.11%      3.13 GF/s  setup=0.002 s
fftw3_estimate           L=40  B=8     m=128   inner=1      min=  1635.576 us/xform  median=  1640.552  sd=  0.15%      3.12 GF/s  setup=0.002 s
fftw3_estimate           L=40  B=8     m=2     inner=1      min=  1881.738 us/xform  median=  1881.738  sd=  0.00%      2.72 GF/s  setup=0.002 s
fftw3_guru               L=40  B=8     m=128   inner=1      min=   741.077 us/xform  median=   743.874  sd=  0.22%      6.89 GF/s  setup=0.158 s
fftw3_guru               L=40  B=8     m=128   inner=1      min=   692.693 us/xform  median=   695.563  sd=  0.35%      7.38 GF/s  setup=0.158 s
fftw3_guru               L=40  B=8     m=128   inner=1      min=   681.906 us/xform  median=   685.096  sd=  0.32%      7.49 GF/s  setup=0.158 s
fftw3_guru               L=40  B=8     m=2     inner=1      min=  1007.095 us/xform  median=  1007.095  sd=  0.00%      5.07 GF/s  setup=0.158 s
fftw3_measure            L=40  B=8     m=128   inner=1      min=   559.662 us/xform  median=   560.268  sd=  0.08%      9.13 GF/s  setup=0.153 s
fftw3_measure            L=40  B=8     m=128   inner=1      min=   561.742 us/xform  median=   562.124  sd=  0.09%      9.10 GF/s  setup=0.154 s
fftw3_measure            L=40  B=8     m=128   inner=1      min=   571.146 us/xform  median=   571.823  sd=  0.06%      8.95 GF/s  setup=0.153 s
fftw3_measure            L=40  B=8     m=2     inner=1      min=   735.036 us/xform  median=   735.036  sd=  0.00%      6.95 GF/s  setup=0.153 s
fftw3_patient            L=40  B=8     m=128   inner=1      min=   552.025 us/xform  median=   552.562  sd=  0.08%      9.26 GF/s  setup=1.495 s
fftw3_patient            L=40  B=8     m=128   inner=1      min=   530.371 us/xform  median=   531.575  sd=  0.11%      9.63 GF/s  setup=1.396 s
fftw3_patient            L=40  B=8     m=128   inner=1      min=   558.467 us/xform  median=   558.783  sd=  0.07%      9.15 GF/s  setup=1.490 s
fftw3_patient            L=40  B=8     m=2     inner=1      min=   628.093 us/xform  median=   628.093  sd=  0.00%      8.13 GF/s  setup=1.367 s
gen_bluestein            L=40  B=8     m=128   inner=1      min=   612.947 us/xform  median=   614.121  sd=  0.12%      8.34 GF/s  setup=0.000 s
gen_bluestein            L=40  B=8     m=128   inner=1      min=   614.215 us/xform  median=   615.080  sd=  0.11%      8.32 GF/s  setup=0.000 s
gen_bluestein            L=40  B=8     m=128   inner=1      min=   623.300 us/xform  median=   624.441  sd=  0.09%      8.20 GF/s  setup=0.000 s
gen_bluestein            L=40  B=8     m=2     inner=1      min=   850.468 us/xform  median=   850.468  sd=  0.00%      6.01 GF/s  setup=0.000 s
gen_layout               L=40  B=8     m=128   inner=1      min=   339.751 us/xform  median=   340.630  sd=  0.15%     15.04 GF/s  setup=0.001 s
gen_layout               L=40  B=8     m=128   inner=1      min=   340.006 us/xform  median=   340.923  sd=  0.14%     15.03 GF/s  setup=0.001 s
gen_layout               L=40  B=8     m=128   inner=1      min=   343.917 us/xform  median=   345.041  sd=  0.17%     14.86 GF/s  setup=0.001 s
gen_layout               L=40  B=8     m=2     inner=1      min=   434.843 us/xform  median=   434.843  sd=  0.00%     11.75 GF/s  setup=0.001 s
gen_pfa_large            L=40  B=8     m=128   inner=1      min=   161.675 us/xform  median=   162.306  sd= 15.13%     31.60 GF/s  setup=0.005 s
gen_pfa_large            L=40  B=8     m=128   inner=1      min=   161.068 us/xform  median=   161.846  sd= 16.62%     31.72 GF/s  setup=0.003 s
gen_pfa_large            L=40  B=8     m=128   inner=1      min=   163.854 us/xform  median=   164.915  sd=  9.81%     31.18 GF/s  setup=0.004 s
gen_pfa_large            L=40  B=8     m=2     inner=1      min=   223.009 us/xform  median=   223.009  sd=  0.00%     22.91 GF/s  setup=0.002 s
gen_planner              L=40  B=8     m=128   inner=1      min=   231.296 us/xform  median=   232.074  sd=  0.22%     22.09 GF/s  setup=0.143 s
gen_planner              L=40  B=8     m=128   inner=1      min=   230.535 us/xform  median=   231.715  sd=  0.40%     22.16 GF/s  setup=0.010 s
gen_planner              L=40  B=8     m=128   inner=1      min=   233.276 us/xform  median=   234.012  sd=  0.22%     21.90 GF/s  setup=0.008 s
gen_planner              L=40  B=8     m=2     inner=1      min=   335.785 us/xform  median=   335.785  sd=  0.00%     15.22 GF/s  setup=0.006 s
gen_race                 L=40  B=8     m=128   inner=1      min=   162.172 us/xform  median=   162.843  sd=  0.32%     31.50 GF/s  setup=0.792 s
gen_race                 L=40  B=8     m=128   inner=1      min=   164.328 us/xform  median=   164.865  sd=  2.50%     31.09 GF/s  setup=0.011 s
gen_race                 L=40  B=8     m=128   inner=1      min=   165.240 us/xform  median=   165.789  sd=  0.26%     30.92 GF/s  setup=0.010 s
gen_race                 L=40  B=8     m=2     inner=1      min=   251.124 us/xform  median=   251.124  sd=  0.00%     20.34 GF/s  setup=0.010 s
gen_twiddle              L=40  B=8     m=128   inner=1      min=   285.808 us/xform  median=   286.331  sd=  0.16%     17.88 GF/s  setup=0.006 s
gen_twiddle              L=40  B=8     m=128   inner=1      min=   283.036 us/xform  median=   283.928  sd=  0.17%     18.05 GF/s  setup=0.005 s
gen_twiddle              L=40  B=8     m=128   inner=1      min=   286.453 us/xform  median=   287.714  sd=  0.29%     17.84 GF/s  setup=0.007 s
gen_twiddle              L=40  B=8     m=2     inner=1      min=   358.089 us/xform  median=   358.089  sd=  0.00%     14.27 GF/s  setup=0.006 s
mkl2026_dfti             L=40  B=8     m=128   inner=1      min=   409.863 us/xform  median=   410.370  sd=  0.10%     12.47 GF/s  setup=0.003 s
mkl2026_dfti             L=40  B=8     m=128   inner=1      min=   409.865 us/xform  median=   410.803  sd=  0.12%     12.47 GF/s  setup=0.002 s
mkl2026_dfti             L=40  B=8     m=128   inner=1      min=   412.431 us/xform  median=   413.443  sd=  0.15%     12.39 GF/s  setup=0.002 s
mkl2026_dfti             L=40  B=8     m=2     inner=1      min=   658.446 us/xform  median=   658.446  sd=  0.00%      7.76 GF/s  setup=0.002 s
mkl_dfti                 L=40  B=8     m=128   inner=1      min=   410.525 us/xform  median=   411.195  sd=  0.11%     12.45 GF/s  setup=0.003 s
mkl_dfti                 L=40  B=8     m=128   inner=1      min=   410.698 us/xform  median=   411.316  sd=  0.10%     12.44 GF/s  setup=0.002 s
mkl_dfti                 L=40  B=8     m=128   inner=1      min=   411.400 us/xform  median=   412.225  sd=  0.11%     12.42 GF/s  setup=0.002 s
mkl_dfti                 L=40  B=8     m=2     inner=1      min=   651.893 us/xform  median=   651.893  sd=  0.00%      7.84 GF/s  setup=0.002 s
baseline_matrix          L=50  B=4     m=128   inner=1      min= 34775.435 us/xform  median= 34818.615  sd=  0.07%      0.30 GF/s  setup=0.000 s
baseline_matrix          L=50  B=4     m=128   inner=1      min= 35058.117 us/xform  median= 35092.381  sd=  0.07%      0.30 GF/s  setup=0.000 s
baseline_matrix          L=50  B=4     m=128   inner=1      min= 34977.101 us/xform  median= 34999.290  sd=  0.05%      0.30 GF/s  setup=0.000 s
baseline_matrix          L=50  B=4     m=2     inner=1      min= 35541.622 us/xform  median= 35541.622  sd=  0.00%      0.30 GF/s  setup=0.000 s
ducc0_c2c                L=50  B=4     m=128   inner=1      min=  1274.495 us/xform  median=  1278.316  sd=  0.27%      8.30 GF/s  setup=0.000 s
ducc0_c2c                L=50  B=4     m=128   inner=1      min=  1294.943 us/xform  median=  1299.689  sd=  0.26%      8.17 GF/s  setup=0.000 s
ducc0_c2c                L=50  B=4     m=128   inner=1      min=  1281.909 us/xform  median=  1284.523  sd=  0.26%      8.26 GF/s  setup=0.000 s
ducc0_c2c                L=50  B=4     m=2     inner=1      min=  1648.439 us/xform  median=  1648.439  sd=  0.00%      6.42 GF/s  setup=0.000 s
fftw3_custom             L=50  B=4     m=128   inner=1      min=  1708.697 us/xform  median=  1711.898  sd=  0.11%      6.19 GF/s  setup=0.000 s
fftw3_custom             L=50  B=4     m=128   inner=1      min=  1736.208 us/xform  median=  1739.061  sd=  0.08%      6.10 GF/s  setup=0.000 s
fftw3_custom             L=50  B=4     m=128   inner=1      min=  1712.398 us/xform  median=  1714.079  sd=  0.09%      6.18 GF/s  setup=0.000 s
fftw3_custom             L=50  B=4     m=2     inner=1      min=  2600.299 us/xform  median=  2600.299  sd=  0.00%      4.07 GF/s  setup=0.000 s
fftw3_estimate           L=50  B=4     m=128   inner=1      min=  1631.737 us/xform  median=  1637.985  sd=  0.19%      6.49 GF/s  setup=0.003 s
fftw3_estimate           L=50  B=4     m=128   inner=1      min=  1621.706 us/xform  median=  1623.685  sd=  0.06%      6.53 GF/s  setup=0.003 s
fftw3_estimate           L=50  B=4     m=128   inner=1      min=  1624.764 us/xform  median=  1627.293  sd=  0.11%      6.51 GF/s  setup=0.003 s
fftw3_estimate           L=50  B=4     m=2     inner=1      min=  2005.630 us/xform  median=  2005.630  sd=  0.00%      5.28 GF/s  setup=0.003 s
fftw3_guru               L=50  B=4     m=128   inner=1      min=  1702.001 us/xform  median=  1704.553  sd=  0.08%      6.22 GF/s  setup=0.116 s
fftw3_guru               L=50  B=4     m=128   inner=1      min=  1681.178 us/xform  median=  1685.773  sd=  0.13%      6.29 GF/s  setup=0.116 s
fftw3_guru               L=50  B=4     m=128   inner=1      min=  1664.790 us/xform  median=  1666.995  sd=  0.07%      6.36 GF/s  setup=0.116 s
fftw3_guru               L=50  B=4     m=2     inner=1      min=  1926.854 us/xform  median=  1926.854  sd=  0.00%      5.49 GF/s  setup=0.107 s
fftw3_measure            L=50  B=4     m=128   inner=1      min=  1191.802 us/xform  median=  1193.377  sd=  0.08%      8.88 GF/s  setup=0.093 s
fftw3_measure            L=50  B=4     m=128   inner=1      min=  1224.866 us/xform  median=  1229.462  sd=  0.26%      8.64 GF/s  setup=0.092 s
fftw3_measure            L=50  B=4     m=128   inner=1      min=  1211.137 us/xform  median=  1214.242  sd=  0.12%      8.74 GF/s  setup=0.092 s
fftw3_measure            L=50  B=4     m=2     inner=1      min=  1591.592 us/xform  median=  1591.592  sd=  0.00%      6.65 GF/s  setup=0.092 s
fftw3_patient            L=50  B=4     m=128   inner=1      min=  1160.268 us/xform  median=  1161.423  sd=  0.06%      9.12 GF/s  setup=1.293 s
fftw3_patient            L=50  B=4     m=128   inner=1      min=  1179.291 us/xform  median=  1179.916  sd=  0.05%      8.97 GF/s  setup=1.332 s
fftw3_patient            L=50  B=4     m=128   inner=1      min=  1222.851 us/xform  median=  1223.954  sd=  0.05%      8.65 GF/s  setup=1.345 s
fftw3_patient            L=50  B=4     m=2     inner=1      min=  1292.831 us/xform  median=  1292.831  sd=  0.00%      8.19 GF/s  setup=1.169 s
gen_batchlane            L=50  B=4     m=128   inner=1      min=   482.103 us/xform  median=   483.696  sd=  0.31%     21.95 GF/s  setup=0.001 s
gen_batchlane            L=50  B=4     m=128   inner=1      min=   493.014 us/xform  median=   494.660  sd=  0.16%     21.46 GF/s  setup=0.001 s
gen_batchlane            L=50  B=4     m=128   inner=1      min=   503.191 us/xform  median=   504.738  sd=  0.31%     21.03 GF/s  setup=0.001 s
gen_batchlane            L=50  B=4     m=2     inner=1      min=   819.733 us/xform  median=   819.733  sd=  0.00%     12.91 GF/s  setup=0.001 s
gen_bluestein            L=50  B=4     m=128   inner=1      min=  1404.732 us/xform  median=  1407.989  sd=  0.12%      7.53 GF/s  setup=0.000 s
gen_bluestein            L=50  B=4     m=128   inner=1      min=  1392.482 us/xform  median=  1394.335  sd=  0.08%      7.60 GF/s  setup=0.000 s
gen_bluestein            L=50  B=4     m=128   inner=1      min=  1404.010 us/xform  median=  1408.446  sd=  0.12%      7.54 GF/s  setup=0.000 s
gen_bluestein            L=50  B=4     m=2     inner=1      min=  1882.036 us/xform  median=  1882.036  sd=  0.00%      5.62 GF/s  setup=0.000 s
gen_layout               L=50  B=4     m=128   inner=1      min=   963.758 us/xform  median=   964.946  sd=  0.10%     10.98 GF/s  setup=0.001 s
gen_layout               L=50  B=4     m=128   inner=1      min=   953.282 us/xform  median=   954.712  sd=  0.11%     11.10 GF/s  setup=0.001 s
gen_layout               L=50  B=4     m=128   inner=1      min=   959.139 us/xform  median=   960.926  sd=  0.11%     11.03 GF/s  setup=0.001 s
gen_layout               L=50  B=4     m=2     inner=1      min=  1151.788 us/xform  median=  1151.788  sd=  0.00%      9.19 GF/s  setup=0.001 s
gen_pfa_large            L=50  B=4     m=128   inner=1      min=   418.260 us/xform  median=   419.480  sd=  0.23%     25.30 GF/s  setup=0.003 s
gen_pfa_large            L=50  B=4     m=128   inner=1      min=   424.812 us/xform  median=   426.787  sd=  0.27%     24.91 GF/s  setup=0.003 s
gen_pfa_large            L=50  B=4     m=128   inner=1      min=   440.756 us/xform  median=   441.690  sd=  2.58%     24.01 GF/s  setup=0.004 s
gen_pfa_large            L=50  B=4     m=2     inner=1      min=   566.432 us/xform  median=   566.432  sd=  0.00%     18.68 GF/s  setup=0.002 s
gen_pfa_small            L=50  B=4     m=128   inner=1      min=   553.049 us/xform  median=   554.886  sd=  0.18%     19.13 GF/s  setup=0.010 s
gen_pfa_small            L=50  B=4     m=128   inner=1      min=   551.401 us/xform  median=   553.608  sd=  0.22%     19.19 GF/s  setup=0.010 s
gen_pfa_small            L=50  B=4     m=128   inner=1      min=   552.265 us/xform  median=   555.174  sd=  0.22%     19.16 GF/s  setup=0.009 s
gen_pfa_small            L=50  B=4     m=2     inner=1      min=   878.217 us/xform  median=   878.217  sd=  0.00%     12.05 GF/s  setup=0.009 s
gen_planner              L=50  B=4     m=128   inner=1      min=   556.886 us/xform  median=   557.280  sd=  0.12%     19.00 GF/s  setup=0.060 s
gen_planner              L=50  B=4     m=128   inner=1      min=   574.541 us/xform  median=   576.489  sd=  0.22%     18.42 GF/s  setup=0.014 s
gen_planner              L=50  B=4     m=128   inner=1      min=   565.896 us/xform  median=   568.672  sd=  0.20%     18.70 GF/s  setup=0.013 s
gen_planner              L=50  B=4     m=2     inner=1      min=   824.454 us/xform  median=   824.454  sd=  0.00%     12.84 GF/s  setup=0.011 s
gen_powp                 L=50  B=4     m=128   inner=1      min=   421.485 us/xform  median=   422.730  sd=  0.22%     25.11 GF/s  setup=0.963 s
gen_powp                 L=50  B=4     m=128   inner=1      min=   420.549 us/xform  median=   422.382  sd=  0.24%     25.16 GF/s  setup=0.005 s
gen_powp                 L=50  B=4     m=128   inner=1      min=   429.464 us/xform  median=   431.244  sd=  3.59%     24.64 GF/s  setup=0.003 s
gen_powp                 L=50  B=4     m=2     inner=1      min=   606.009 us/xform  median=   606.009  sd=  0.00%     17.46 GF/s  setup=0.002 s
gen_race                 L=50  B=4     m=128   inner=1      min=   423.261 us/xform  median=   425.848  sd=  0.43%     25.00 GF/s  setup=0.814 s
gen_race                 L=50  B=4     m=128   inner=1      min=   441.229 us/xform  median=   443.352  sd=  5.29%     23.98 GF/s  setup=0.018 s
gen_race                 L=50  B=4     m=128   inner=1      min=   434.243 us/xform  median=   436.018  sd=  0.27%     24.37 GF/s  setup=0.011 s
gen_race                 L=50  B=4     m=2     inner=1      min=   572.873 us/xform  median=   572.873  sd=  0.00%     18.47 GF/s  setup=0.009 s
gen_twiddle              L=50  B=4     m=128   inner=1      min=   624.582 us/xform  median=   627.197  sd=  0.21%     16.94 GF/s  setup=0.012 s
gen_twiddle              L=50  B=4     m=128   inner=1      min=   640.359 us/xform  median=   641.657  sd=  0.11%     16.53 GF/s  setup=0.012 s
gen_twiddle              L=50  B=4     m=128   inner=1      min=   624.765 us/xform  median=   628.041  sd=  0.27%     16.94 GF/s  setup=0.012 s
gen_twiddle              L=50  B=4     m=2     inner=1      min=   828.459 us/xform  median=   828.459  sd=  0.00%     12.77 GF/s  setup=0.010 s
mkl2026_dfti             L=50  B=4     m=128   inner=1      min=   972.993 us/xform  median=   977.009  sd=  0.20%     10.88 GF/s  setup=0.050 s
mkl2026_dfti             L=50  B=4     m=128   inner=1      min=   974.353 us/xform  median=   976.882  sd=  0.14%     10.86 GF/s  setup=0.049 s
mkl2026_dfti             L=50  B=4     m=128   inner=1      min=   979.208 us/xform  median=   982.641  sd=  0.21%     10.81 GF/s  setup=0.054 s
mkl2026_dfti             L=50  B=4     m=2     inner=1      min=  1528.856 us/xform  median=  1528.856  sd=  0.00%      6.92 GF/s  setup=0.051 s
mkl_dfti                 L=50  B=4     m=128   inner=1      min=   961.360 us/xform  median=   963.869  sd=  0.26%     11.01 GF/s  setup=0.031 s
mkl_dfti                 L=50  B=4     m=128   inner=1      min=   959.834 us/xform  median=   963.002  sd=  0.22%     11.03 GF/s  setup=0.052 s
mkl_dfti                 L=50  B=4     m=128   inner=1      min=   956.976 us/xform  median=   959.786  sd=  0.17%     11.06 GF/s  setup=0.051 s
mkl_dfti                 L=50  B=4     m=2     inner=1      min=  1470.578 us/xform  median=  1470.578  sd=  0.00%      7.20 GF/s  setup=0.048 s
baseline_matrix          L=100 B=1     m=2     inner=1      min=616589.166 us/xform  median=616589.166  sd=  0.00%      0.16 GF/s  setup=0.000 s
ducc0_c2c                L=100 B=1     m=64    inner=1      min= 11949.942 us/xform  median= 11998.017  sd=  0.47%      8.34 GF/s  setup=0.000 s
ducc0_c2c                L=100 B=1     m=64    inner=1      min= 11868.370 us/xform  median= 11921.613  sd=  0.46%      8.40 GF/s  setup=0.000 s
ducc0_c2c                L=100 B=1     m=64    inner=1      min= 11905.942 us/xform  median= 11958.421  sd=  0.45%      8.37 GF/s  setup=0.000 s
ducc0_c2c                L=100 B=1     m=2     inner=1      min= 14321.590 us/xform  median= 14321.590  sd=  0.00%      6.96 GF/s  setup=0.000 s
fftw3_estimate           L=100 B=1     m=64    inner=1      min= 20819.001 us/xform  median= 20846.466  sd=  0.08%      4.79 GF/s  setup=0.002 s
fftw3_estimate           L=100 B=1     m=64    inner=1      min= 20831.795 us/xform  median= 20840.670  sd=  0.04%      4.78 GF/s  setup=0.002 s
fftw3_estimate           L=100 B=1     m=64    inner=1      min= 20859.089 us/xform  median= 20881.316  sd=  0.05%      4.78 GF/s  setup=0.002 s
fftw3_estimate           L=100 B=1     m=2     inner=1      min= 24730.928 us/xform  median= 24730.928  sd=  0.00%      4.03 GF/s  setup=0.002 s
fftw3_guru               L=100 B=1     m=64    inner=1      min= 14621.055 us/xform  median= 14657.368  sd=  0.09%      6.82 GF/s  setup=0.336 s
fftw3_guru               L=100 B=1     m=64    inner=1      min= 14616.059 us/xform  median= 14641.413  sd=  0.10%      6.82 GF/s  setup=0.384 s
fftw3_guru               L=100 B=1     m=64    inner=1      min= 14510.111 us/xform  median= 14522.700  sd=  0.04%      6.87 GF/s  setup=0.371 s
fftw3_guru               L=100 B=1     m=2     inner=1      min= 16907.025 us/xform  median= 16907.025  sd=  0.00%      5.89 GF/s  setup=0.362 s
fftw3_measure            L=100 B=1     m=64    inner=1      min= 11315.759 us/xform  median= 11326.452  sd=  0.05%      8.81 GF/s  setup=0.298 s
fftw3_measure            L=100 B=1     m=64    inner=1      min= 12011.185 us/xform  median= 12030.605  sd=  0.11%      8.30 GF/s  setup=0.316 s
fftw3_measure            L=100 B=1     m=64    inner=1      min= 12062.374 us/xform  median= 12079.731  sd=  0.09%      8.26 GF/s  setup=0.319 s
fftw3_measure            L=100 B=1     m=2     inner=1      min= 12066.405 us/xform  median= 12066.405  sd=  0.00%      8.26 GF/s  setup=0.296 s
fftw3_patient            L=100 B=1     m=64    inner=1      min= 10019.744 us/xform  median= 10031.226  sd=  0.07%      9.95 GF/s  setup=17.723 s
fftw3_patient            L=100 B=1     m=64    inner=1      min= 10027.582 us/xform  median= 10048.227  sd=  0.08%      9.94 GF/s  setup=17.722 s
fftw3_patient            L=100 B=1     m=64    inner=1      min= 10251.778 us/xform  median= 10274.929  sd=  0.10%      9.72 GF/s  setup=17.495 s
fftw3_patient            L=100 B=1     m=2     inner=1      min= 10682.045 us/xform  median= 10682.045  sd=  0.00%      9.33 GF/s  setup=18.031 s
gen_batchlane            L=100 B=1     m=64    inner=1      min=  4138.577 us/xform  median=  4146.275  sd=  0.23%     24.08 GF/s  setup=0.007 s
gen_batchlane            L=100 B=1     m=64    inner=1      min=  4089.562 us/xform  median=  4101.590  sd=  0.24%     24.37 GF/s  setup=0.007 s
gen_batchlane            L=100 B=1     m=64    inner=1      min=  4217.959 us/xform  median=  4230.040  sd=  0.20%     23.63 GF/s  setup=0.008 s
gen_batchlane            L=100 B=1     m=2     inner=1      min=  9029.142 us/xform  median=  9029.142  sd=  0.00%     11.04 GF/s  setup=0.008 s
gen_bluestein            L=100 B=1     m=64    inner=1      min= 13710.427 us/xform  median= 13725.586  sd=  0.09%      7.27 GF/s  setup=0.000 s
gen_bluestein            L=100 B=1     m=64    inner=1      min= 13745.958 us/xform  median= 13775.192  sd=  0.08%      7.25 GF/s  setup=0.000 s
gen_bluestein            L=100 B=1     m=64    inner=1      min= 13812.495 us/xform  median= 13836.936  sd=  0.09%      7.22 GF/s  setup=0.000 s
gen_bluestein            L=100 B=1     m=2     inner=1      min= 19031.716 us/xform  median= 19031.716  sd=  0.00%      5.24 GF/s  setup=0.000 s
gen_layout               L=100 B=1     m=64    inner=1      min=  9276.610 us/xform  median=  9296.543  sd=  0.10%     10.74 GF/s  setup=0.010 s
gen_layout               L=100 B=1     m=64    inner=1      min=  9377.256 us/xform  median=  9388.265  sd=  0.07%     10.63 GF/s  setup=0.011 s
gen_layout               L=100 B=1     m=64    inner=1      min=  9168.396 us/xform  median=  9187.376  sd=  0.12%     10.87 GF/s  setup=0.012 s
gen_layout               L=100 B=1     m=2     inner=1      min= 10479.565 us/xform  median= 10479.565  sd=  0.00%      9.51 GF/s  setup=0.010 s
gen_pfa_large            L=100 B=1     m=64    inner=1      min=  4539.633 us/xform  median=  4567.020  sd=  0.33%     21.95 GF/s  setup=0.010 s
gen_pfa_large            L=100 B=1     m=64    inner=1      min=  4571.296 us/xform  median=  4593.005  sd=  0.24%     21.80 GF/s  setup=0.011 s
gen_pfa_large            L=100 B=1     m=64    inner=1      min=  4525.440 us/xform  median=  4541.339  sd=  0.24%     22.02 GF/s  setup=0.010 s
gen_pfa_large            L=100 B=1     m=2     inner=1      min=  7343.307 us/xform  median=  7343.307  sd=  0.00%     13.57 GF/s  setup=0.009 s
gen_pfa_small            L=100 B=1     m=64    inner=1      min=  5178.610 us/xform  median=  5188.084  sd=  0.31%     19.24 GF/s  setup=0.077 s
gen_pfa_small            L=100 B=1     m=64    inner=1      min=  5253.578 us/xform  median=  5267.262  sd=  0.19%     18.97 GF/s  setup=0.075 s
gen_pfa_small            L=100 B=1     m=64    inner=1      min=  5168.028 us/xform  median=  5181.030  sd=  0.23%     19.28 GF/s  setup=0.076 s
gen_pfa_small            L=100 B=1     m=2     inner=1      min=  9569.541 us/xform  median=  9569.541  sd=  0.00%     10.41 GF/s  setup=0.075 s
gen_planner              L=100 B=1     m=64    inner=1      min=  4543.533 us/xform  median=  4554.487  sd=  0.32%     21.93 GF/s  setup=0.842 s
gen_planner              L=100 B=1     m=64    inner=1      min=  4573.173 us/xform  median=  4601.268  sd=  0.32%     21.79 GF/s  setup=0.182 s
gen_planner              L=100 B=1     m=64    inner=1      min=  4559.947 us/xform  median=  4573.005  sd=  0.36%     21.86 GF/s  setup=0.185 s
gen_planner              L=100 B=1     m=2     inner=1      min=  7991.804 us/xform  median=  7991.804  sd=  0.00%     12.47 GF/s  setup=0.153 s
gen_powp                 L=100 B=1     m=64    inner=1      min=  4289.971 us/xform  median=  4300.804  sd=  0.28%     23.23 GF/s  setup=3.943 s
gen_powp                 L=100 B=1     m=64    inner=1      min=  4185.953 us/xform  median=  4196.647  sd=  0.24%     23.81 GF/s  setup=0.017 s
gen_powp                 L=100 B=1     m=64    inner=1      min=  4149.089 us/xform  median=  4163.721  sd=  0.25%     24.02 GF/s  setup=0.018 s
gen_powp                 L=100 B=1     m=2     inner=1      min=  7221.780 us/xform  median=  7221.780  sd=  0.00%     13.80 GF/s  setup=0.015 s
gen_race                 L=100 B=1     m=64    inner=1      min=  4113.269 us/xform  median=  4131.016  sd=  0.35%     24.23 GF/s  setup=15.810 s
gen_race                 L=100 B=1     m=64    inner=1      min=  4197.767 us/xform  median=  4206.219  sd=  5.86%     23.74 GF/s  setup=0.040 s
gen_race                 L=100 B=1     m=64    inner=1      min=  4132.638 us/xform  median=  4147.791  sd=  0.26%     24.11 GF/s  setup=0.033 s
gen_race                 L=100 B=1     m=2     inner=1      min=  7072.093 us/xform  median=  7072.093  sd=  0.00%     14.09 GF/s  setup=0.024 s
gen_twiddle              L=100 B=1     m=64    inner=1      min=  6505.924 us/xform  median=  6519.823  sd=  0.19%     15.32 GF/s  setup=0.081 s
gen_twiddle              L=100 B=1     m=64    inner=1      min=  6415.248 us/xform  median=  6430.726  sd=  0.18%     15.53 GF/s  setup=0.078 s
gen_twiddle              L=100 B=1     m=64    inner=1      min=  6444.226 us/xform  median=  6465.540  sd=  0.24%     15.46 GF/s  setup=0.080 s
gen_twiddle              L=100 B=1     m=2     inner=1      min=  9236.278 us/xform  median=  9236.278  sd=  0.00%     10.79 GF/s  setup=0.079 s
mkl2026_dfti             L=100 B=1     m=64    inner=1      min=  7991.637 us/xform  median=  8021.895  sd=  0.20%     12.47 GF/s  setup=0.050 s
mkl2026_dfti             L=100 B=1     m=64    inner=1      min=  7935.420 us/xform  median=  7967.733  sd=  0.22%     12.56 GF/s  setup=0.048 s
mkl2026_dfti             L=100 B=1     m=64    inner=1      min=  7914.538 us/xform  median=  7928.520  sd=  0.09%     12.59 GF/s  setup=0.055 s
mkl2026_dfti             L=100 B=1     m=2     inner=1      min=  9228.389 us/xform  median=  9228.389  sd=  0.00%     10.80 GF/s  setup=0.048 s
mkl_dfti                 L=100 B=1     m=64    inner=1      min=  7904.835 us/xform  median=  7925.029  sd=  0.12%     12.61 GF/s  setup=0.033 s
mkl_dfti                 L=100 B=1     m=64    inner=1      min=  7867.375 us/xform  median=  7892.824  sd=  0.44%     12.67 GF/s  setup=0.053 s
mkl_dfti                 L=100 B=1     m=64    inner=1      min=  7861.152 us/xform  median=  7869.647  sd=  0.05%     12.68 GF/s  setup=0.032 s
mkl_dfti                 L=100 B=1     m=2     inner=1      min=  8511.333 us/xform  median=  8511.333  sd=  0.00%     11.71 GF/s  setup=0.032 s
baseline_matrix          L=10  B=1     m=16384 inner=1      min=    55.012 us/xform  median=    55.066  sd=  0.05%      0.91 GF/s  setup=0.000 s
baseline_matrix          L=10  B=1     m=16384 inner=1      min=    55.013 us/xform  median=    55.073  sd=  0.05%      0.91 GF/s  setup=0.000 s
baseline_matrix          L=10  B=1     m=16384 inner=1      min=    55.005 us/xform  median=    55.071  sd=  0.06%      0.91 GF/s  setup=0.000 s
baseline_matrix          L=10  B=1     m=2     inner=12     min=    66.018 us/xform  median=    66.018  sd=  0.00%      0.75 GF/s  setup=0.000 s
ducc0_c2c                L=10  B=1     m=16384 inner=1      min=    11.088 us/xform  median=    11.153  sd=  2.83%      4.49 GF/s  setup=0.000 s
ducc0_c2c                L=10  B=1     m=16384 inner=1      min=    11.111 us/xform  median=    11.189  sd=  5.49%      4.48 GF/s  setup=0.000 s
ducc0_c2c                L=10  B=1     m=16384 inner=1      min=    11.209 us/xform  median=    11.278  sd=  3.75%      4.45 GF/s  setup=0.000 s
ducc0_c2c                L=10  B=1     m=2     inner=80     min=    11.678 us/xform  median=    11.678  sd=  0.00%      4.27 GF/s  setup=0.000 s
fftw3_custom             L=10  B=1     m=16384 inner=1      min=     5.464 us/xform  median=     5.516  sd=  0.47%      9.12 GF/s  setup=0.000 s
fftw3_custom             L=10  B=1     m=16384 inner=1      min=     5.517 us/xform  median=     6.612  sd=  6.52%      9.03 GF/s  setup=0.000 s
fftw3_custom             L=10  B=1     m=16384 inner=1      min=     5.496 us/xform  median=     5.528  sd=  0.41%      9.07 GF/s  setup=0.000 s
fftw3_custom             L=10  B=1     m=2     inner=62     min=     9.181 us/xform  median=     9.181  sd=  0.00%      5.43 GF/s  setup=0.000 s
fftw3_estimate           L=10  B=1     m=16384 inner=1      min=     7.244 us/xform  median=     7.248  sd=  6.41%      6.88 GF/s  setup=0.001 s
fftw3_estimate           L=10  B=1     m=16384 inner=1      min=     7.246 us/xform  median=     7.517  sd=  6.52%      6.88 GF/s  setup=0.001 s
fftw3_estimate           L=10  B=1     m=16384 inner=1      min=     7.365 us/xform  median=     7.366  sd=  0.02%      6.77 GF/s  setup=0.001 s
fftw3_estimate           L=10  B=1     m=2     inner=104    min=     7.405 us/xform  median=     7.405  sd=  0.00%      6.73 GF/s  setup=0.001 s
fftw3_guru               L=10  B=1     m=16384 inner=1      min=     6.369 us/xform  median=     6.404  sd=  3.76%      7.82 GF/s  setup=0.011 s
fftw3_guru               L=10  B=1     m=16384 inner=1      min=     6.374 us/xform  median=     6.413  sd=  0.50%      7.82 GF/s  setup=0.011 s
fftw3_guru               L=10  B=1     m=16384 inner=1      min=     6.336 us/xform  median=     6.407  sd=  0.50%      7.86 GF/s  setup=0.012 s
fftw3_guru               L=10  B=1     m=2     inner=122    min=     7.976 us/xform  median=     7.976  sd=  0.00%      6.25 GF/s  setup=0.011 s
fftw3_measure            L=10  B=1     m=16384 inner=1      min=     5.165 us/xform  median=     5.879  sd=  5.60%      9.65 GF/s  setup=0.013 s
fftw3_measure            L=10  B=1     m=16384 inner=1      min=     5.119 us/xform  median=     5.148  sd=  0.45%      9.73 GF/s  setup=0.013 s
fftw3_measure            L=10  B=1     m=16384 inner=1      min=     5.163 us/xform  median=     5.165  sd=  0.02%      9.65 GF/s  setup=0.012 s
fftw3_measure            L=10  B=1     m=2     inner=154    min=     6.173 us/xform  median=     6.173  sd=  0.00%      8.07 GF/s  setup=0.013 s
fftw3_patient            L=10  B=1     m=16384 inner=1      min=     5.019 us/xform  median=     5.715  sd=  6.03%      9.93 GF/s  setup=0.022 s
fftw3_patient            L=10  B=1     m=16384 inner=1      min=     4.637 us/xform  median=     4.697  sd=  0.53%     10.74 GF/s  setup=0.022 s
fftw3_patient            L=10  B=1     m=16384 inner=1      min=     4.658 us/xform  median=     4.699  sd=  0.41%     10.70 GF/s  setup=0.021 s
fftw3_patient            L=10  B=1     m=2     inner=170    min=     5.767 us/xform  median=     5.767  sd=  0.00%      8.64 GF/s  setup=0.022 s
gen_batchlane            L=10  B=1     m=16384 inner=1      min=     2.372 us/xform  median=     2.374  sd=  0.07%     21.00 GF/s  setup=0.000 s
gen_batchlane            L=10  B=1     m=16384 inner=1      min=     2.370 us/xform  median=     2.372  sd=  1.70%     21.03 GF/s  setup=0.001 s
gen_batchlane            L=10  B=1     m=16384 inner=1      min=     2.372 us/xform  median=     2.374  sd=  0.07%     21.01 GF/s  setup=0.000 s
gen_batchlane            L=10  B=1     m=2     inner=236    min=     3.458 us/xform  median=     3.458  sd=  0.00%     14.41 GF/s  setup=0.000 s
gen_bluestein            L=10  B=1     m=16384 inner=1      min=     8.657 us/xform  median=     8.732  sd=  5.44%      5.76 GF/s  setup=0.000 s
gen_bluestein            L=10  B=1     m=16384 inner=1      min=     8.623 us/xform  median=     8.719  sd=  5.88%      5.78 GF/s  setup=0.000 s
gen_bluestein            L=10  B=1     m=16384 inner=1      min=     8.852 us/xform  median=     8.911  sd=  0.40%      5.63 GF/s  setup=0.000 s
gen_bluestein            L=10  B=1     m=2     inner=96     min=     9.228 us/xform  median=     9.228  sd=  0.00%      5.40 GF/s  setup=0.000 s
gen_dense_prime          L=10  B=1     m=16384 inner=1      min=     3.507 us/xform  median=     3.514  sd=  0.20%     14.21 GF/s  setup=0.000 s
gen_dense_prime          L=10  B=1     m=16384 inner=1      min=     2.982 us/xform  median=     3.024  sd=  0.68%     16.71 GF/s  setup=0.000 s
gen_dense_prime          L=10  B=1     m=16384 inner=1      min=     2.988 us/xform  median=     3.025  sd=  0.64%     16.68 GF/s  setup=0.000 s
gen_dense_prime          L=10  B=1     m=2     inner=140    min=     4.503 us/xform  median=     4.503  sd=  0.00%     11.07 GF/s  setup=0.000 s
gen_layout               L=10  B=1     m=16384 inner=1      min=     5.118 us/xform  median=     5.158  sd=  0.42%      9.74 GF/s  setup=0.000 s
gen_layout               L=10  B=1     m=16384 inner=1      min=     5.008 us/xform  median=     5.662  sd=  5.56%      9.95 GF/s  setup=0.000 s
gen_layout               L=10  B=1     m=16384 inner=1      min=     5.144 us/xform  median=     5.213  sd=  0.61%      9.69 GF/s  setup=0.001 s
gen_layout               L=10  B=1     m=2     inner=124    min=     7.716 us/xform  median=     7.716  sd=  0.00%      6.46 GF/s  setup=0.001 s
gen_pfa_small            L=10  B=1     m=16384 inner=1      min=     2.215 us/xform  median=     2.216  sd=  0.09%     22.50 GF/s  setup=0.000 s
gen_pfa_small            L=10  B=1     m=16384 inner=1      min=     1.943 us/xform  median=     1.967  sd=  1.54%     25.65 GF/s  setup=0.001 s
gen_pfa_small            L=10  B=1     m=16384 inner=1      min=     1.945 us/xform  median=     1.983  sd=  1.00%     25.61 GF/s  setup=0.000 s
gen_pfa_small            L=10  B=1     m=2     inner=212    min=     4.484 us/xform  median=     4.484  sd=  0.00%     11.11 GF/s  setup=0.000 s
gen_planner              L=10  B=1     m=16384 inner=1      min=     2.872 us/xform  median=     2.874  sd=  0.08%     17.35 GF/s  setup=0.002 s
gen_planner              L=10  B=1     m=16384 inner=1      min=     2.891 us/xform  median=     2.892  sd=  0.06%     17.24 GF/s  setup=0.003 s
gen_planner              L=10  B=1     m=16384 inner=1      min=     2.549 us/xform  median=     2.583  sd=  0.95%     19.55 GF/s  setup=0.004 s
gen_planner              L=10  B=1     m=2     inner=296    min=     3.274 us/xform  median=     3.274  sd=  0.00%     15.22 GF/s  setup=0.002 s
gen_race                 L=10  B=1     m=16384 inner=1      min=     1.943 us/xform  median=     1.958  sd=  1.09%     25.65 GF/s  setup=0.218 s
gen_race                 L=10  B=1     m=16384 inner=1      min=     2.213 us/xform  median=     2.214  sd=  0.07%     22.52 GF/s  setup=0.039 s
gen_race                 L=10  B=1     m=16384 inner=1      min=     2.215 us/xform  median=     2.218  sd=  0.19%     22.49 GF/s  setup=0.021 s
gen_race                 L=10  B=1     m=2     inner=174    min=     4.478 us/xform  median=     4.478  sd=  0.00%     11.13 GF/s  setup=0.011 s
gen_twiddle              L=10  B=1     m=16384 inner=1      min=     4.849 us/xform  median=     4.850  sd=  0.07%     10.28 GF/s  setup=0.004 s
gen_twiddle              L=10  B=1     m=16384 inner=1      min=     4.294 us/xform  median=     4.369  sd=  4.74%     11.60 GF/s  setup=0.003 s
gen_twiddle              L=10  B=1     m=16384 inner=1      min=     4.885 us/xform  median=     4.888  sd=  0.03%     10.20 GF/s  setup=0.004 s
gen_twiddle              L=10  B=1     m=2     inner=150    min=     6.157 us/xform  median=     6.157  sd=  0.00%      8.09 GF/s  setup=0.004 s
mkl2026_dfti             L=10  B=1     m=16384 inner=1      min=     4.543 us/xform  median=     4.586  sd=  0.61%     10.97 GF/s  setup=0.002 s
mkl2026_dfti             L=10  B=1     m=16384 inner=1      min=     4.471 us/xform  median=     4.527  sd=  0.72%     11.15 GF/s  setup=0.001 s
mkl2026_dfti             L=10  B=1     m=16384 inner=1      min=     4.477 us/xform  median=     4.516  sd=  0.54%     11.13 GF/s  setup=0.001 s
mkl2026_dfti             L=10  B=1     m=2     inner=176    min=     5.232 us/xform  median=     5.232  sd=  0.00%      9.52 GF/s  setup=0.002 s
mkl_dfti                 L=10  B=1     m=16384 inner=1      min=     4.362 us/xform  median=     4.930  sd=  4.43%     11.42 GF/s  setup=0.003 s
mkl_dfti                 L=10  B=1     m=16384 inner=1      min=     4.333 us/xform  median=     4.383  sd=  0.65%     11.50 GF/s  setup=0.002 s
mkl_dfti                 L=10  B=1     m=16384 inner=1      min=     4.331 us/xform  median=     4.388  sd=  0.63%     11.50 GF/s  setup=0.002 s
mkl_dfti                 L=10  B=1     m=2     inner=180    min=     5.016 us/xform  median=     5.016  sd=  0.00%      9.93 GF/s  setup=0.002 s
baseline_matrix          L=12  B=1     m=12288 inner=1      min=   112.937 us/xform  median=   113.023  sd=  0.05%      0.82 GF/s  setup=0.000 s
baseline_matrix          L=12  B=1     m=12288 inner=1      min=   112.904 us/xform  median=   112.990  sd=  0.06%      0.82 GF/s  setup=0.000 s
baseline_matrix          L=12  B=1     m=12288 inner=1      min=   112.944 us/xform  median=   113.050  sd=  0.07%      0.82 GF/s  setup=0.000 s
baseline_matrix          L=12  B=1     m=2     inner=6      min=   135.657 us/xform  median=   135.657  sd=  0.00%      0.68 GF/s  setup=0.000 s
ducc0_c2c                L=12  B=1     m=12288 inner=1      min=    17.480 us/xform  median=    17.580  sd=  0.29%      5.32 GF/s  setup=0.000 s
ducc0_c2c                L=12  B=1     m=12288 inner=1      min=    17.420 us/xform  median=    17.483  sd=  0.31%      5.33 GF/s  setup=0.000 s
ducc0_c2c                L=12  B=1     m=12288 inner=1      min=    17.152 us/xform  median=    17.238  sd=  0.30%      5.42 GF/s  setup=0.000 s
ducc0_c2c                L=12  B=1     m=2     inner=44     min=    21.099 us/xform  median=    21.099  sd=  0.00%      4.40 GF/s  setup=0.000 s
fftw3_custom             L=12  B=1     m=12288 inner=1      min=     8.627 us/xform  median=     8.685  sd=  0.57%     10.77 GF/s  setup=0.000 s
fftw3_custom             L=12  B=1     m=12288 inner=1      min=     8.637 us/xform  median=     8.687  sd=  7.26%     10.76 GF/s  setup=0.000 s
fftw3_custom             L=12  B=1     m=12288 inner=1      min=     8.633 us/xform  median=     8.715  sd=  0.48%     10.76 GF/s  setup=0.000 s
fftw3_custom             L=12  B=1     m=2     inner=56     min=    12.320 us/xform  median=    12.320  sd=  0.00%      7.54 GF/s  setup=0.000 s
fftw3_estimate           L=12  B=1     m=12288 inner=1      min=    19.097 us/xform  median=    19.104  sd=  0.02%      4.87 GF/s  setup=0.001 s
fftw3_estimate           L=12  B=1     m=12288 inner=1      min=    19.087 us/xform  median=    19.097  sd=  0.02%      4.87 GF/s  setup=0.001 s
fftw3_estimate           L=12  B=1     m=12288 inner=1      min=    19.078 us/xform  median=    19.082  sd=  0.01%      4.87 GF/s  setup=0.001 s
fftw3_estimate           L=12  B=1     m=2     inner=44     min=    22.070 us/xform  median=    22.070  sd=  0.00%      4.21 GF/s  setup=0.001 s
fftw3_guru               L=12  B=1     m=12288 inner=1      min=    10.139 us/xform  median=    10.253  sd=  8.24%      9.17 GF/s  setup=0.012 s
fftw3_guru               L=12  B=1     m=12288 inner=1      min=    10.122 us/xform  median=    10.192  sd=  0.36%      9.18 GF/s  setup=0.013 s
fftw3_guru               L=12  B=1     m=12288 inner=1      min=    10.354 us/xform  median=    10.371  sd=  0.31%      8.97 GF/s  setup=0.011 s
fftw3_guru               L=12  B=1     m=2     inner=76     min=    13.012 us/xform  median=    13.012  sd=  0.00%      7.14 GF/s  setup=0.012 s
fftw3_measure            L=12  B=1     m=12288 inner=1      min=     8.214 us/xform  median=     8.257  sd=  0.38%     11.31 GF/s  setup=0.015 s
fftw3_measure            L=12  B=1     m=12288 inner=1      min=     8.429 us/xform  median=     8.432  sd=  0.03%     11.02 GF/s  setup=0.014 s
fftw3_measure            L=12  B=1     m=12288 inner=1      min=     8.938 us/xform  median=     8.941  sd=  0.03%     10.40 GF/s  setup=0.014 s
fftw3_measure            L=12  B=1     m=2     inner=98     min=     9.953 us/xform  median=     9.953  sd=  0.00%      9.34 GF/s  setup=0.014 s
fftw3_patient            L=12  B=1     m=12288 inner=1      min=     8.501 us/xform  median=     8.504  sd=  0.02%     10.93 GF/s  setup=0.023 s
fftw3_patient            L=12  B=1     m=12288 inner=1      min=     8.176 us/xform  median=     8.224  sd=  0.32%     11.36 GF/s  setup=0.023 s
fftw3_patient            L=12  B=1     m=12288 inner=1      min=     8.468 us/xform  median=     8.471  sd=  0.02%     10.97 GF/s  setup=0.023 s
fftw3_patient            L=12  B=1     m=2     inner=94     min=     9.978 us/xform  median=     9.978  sd=  0.00%      9.31 GF/s  setup=0.024 s
gen_batchlane            L=12  B=1     m=12288 inner=1      min=     3.648 us/xform  median=     3.650  sd=  0.04%     25.47 GF/s  setup=0.000 s
gen_batchlane            L=12  B=1     m=12288 inner=1      min=     3.670 us/xform  median=     3.673  sd=  0.06%     25.32 GF/s  setup=0.001 s
gen_batchlane            L=12  B=1     m=12288 inner=1      min=     3.661 us/xform  median=     3.665  sd=  0.05%     25.38 GF/s  setup=0.001 s
gen_batchlane            L=12  B=1     m=2     inner=128    min=     6.712 us/xform  median=     6.712  sd=  0.00%     13.84 GF/s  setup=0.000 s
gen_bluestein            L=12  B=1     m=12288 inner=1      min=    12.391 us/xform  median=    12.447  sd=  3.64%      7.50 GF/s  setup=0.000 s
gen_bluestein            L=12  B=1     m=12288 inner=1      min=    12.819 us/xform  median=    12.874  sd=  0.29%      7.25 GF/s  setup=0.000 s
gen_bluestein            L=12  B=1     m=12288 inner=1      min=    12.172 us/xform  median=    12.268  sd=  4.76%      7.63 GF/s  setup=0.000 s
gen_bluestein            L=12  B=1     m=2     inner=68     min=    13.127 us/xform  median=    13.127  sd=  0.00%      7.08 GF/s  setup=0.000 s
gen_dense_prime          L=12  B=1     m=12288 inner=1      min=     5.346 us/xform  median=     5.348  sd=  0.03%     17.38 GF/s  setup=0.000 s
gen_dense_prime          L=12  B=1     m=12288 inner=1      min=     4.742 us/xform  median=     4.796  sd=  0.62%     19.60 GF/s  setup=0.000 s
gen_dense_prime          L=12  B=1     m=12288 inner=1      min=     4.776 us/xform  median=     4.828  sd=  0.68%     19.46 GF/s  setup=0.000 s
gen_dense_prime          L=12  B=1     m=2     inner=128    min=     7.037 us/xform  median=     7.037  sd=  0.00%     13.20 GF/s  setup=0.000 s
gen_layout               L=12  B=1     m=12288 inner=1      min=     8.412 us/xform  median=     8.456  sd=  0.41%     11.05 GF/s  setup=0.000 s
gen_layout               L=12  B=1     m=12288 inner=1      min=     8.506 us/xform  median=     8.565  sd=  0.48%     10.92 GF/s  setup=0.000 s
gen_layout               L=12  B=1     m=12288 inner=1      min=     8.496 us/xform  median=     8.602  sd=  0.57%     10.94 GF/s  setup=0.000 s
gen_layout               L=12  B=1     m=2     inner=68     min=    11.820 us/xform  median=    11.820  sd=  0.00%      7.86 GF/s  setup=0.001 s
gen_pfa_small            L=12  B=1     m=12288 inner=1      min=     3.408 us/xform  median=     3.412  sd=  0.07%     27.26 GF/s  setup=0.000 s
gen_pfa_small            L=12  B=1     m=12288 inner=1      min=     2.999 us/xform  median=     3.048  sd=  1.11%     30.98 GF/s  setup=0.001 s
gen_pfa_small            L=12  B=1     m=12288 inner=1      min=     3.413 us/xform  median=     3.414  sd=  0.04%     27.23 GF/s  setup=0.000 s
gen_pfa_small            L=12  B=1     m=2     inner=130    min=     7.319 us/xform  median=     7.319  sd=  0.00%     12.70 GF/s  setup=0.001 s
gen_planner              L=12  B=1     m=12288 inner=1      min=     3.471 us/xform  median=     3.520  sd=  0.89%     26.77 GF/s  setup=0.002 s
gen_planner              L=12  B=1     m=12288 inner=1      min=     4.029 us/xform  median=     4.038  sd=  0.42%     23.06 GF/s  setup=0.004 s
gen_planner              L=12  B=1     m=12288 inner=1      min=     3.505 us/xform  median=     3.561  sd=  5.35%     26.51 GF/s  setup=0.003 s
gen_planner              L=12  B=1     m=2     inner=138    min=     5.800 us/xform  median=     5.800  sd=  0.00%     16.02 GF/s  setup=0.003 s
gen_race                 L=12  B=1     m=12288 inner=1      min=     3.417 us/xform  median=     3.421  sd=  0.10%     27.20 GF/s  setup=0.239 s
gen_race                 L=12  B=1     m=12288 inner=1      min=     3.002 us/xform  median=     3.075  sd=  4.83%     30.95 GF/s  setup=0.013 s
gen_race                 L=12  B=1     m=12288 inner=1      min=     3.001 us/xform  median=     3.058  sd=  1.33%     30.96 GF/s  setup=0.009 s
gen_race                 L=12  B=1     m=2     inner=114    min=     7.000 us/xform  median=     7.000  sd=  0.00%     13.28 GF/s  setup=0.007 s
gen_twiddle              L=12  B=1     m=12288 inner=1      min=     6.212 us/xform  median=     6.216  sd=  0.04%     14.96 GF/s  setup=0.004 s
gen_twiddle              L=12  B=1     m=12288 inner=1      min=     5.344 us/xform  median=     5.439  sd=  0.86%     17.39 GF/s  setup=0.004 s
gen_twiddle              L=12  B=1     m=12288 inner=1      min=     5.406 us/xform  median=     5.457  sd=  0.61%     17.19 GF/s  setup=0.002 s
gen_twiddle              L=12  B=1     m=2     inner=150    min=     6.529 us/xform  median=     6.529  sd=  0.00%     14.23 GF/s  setup=0.003 s
mkl2026_dfti             L=12  B=1     m=12288 inner=1      min=     7.448 us/xform  median=     8.370  sd=  5.20%     12.48 GF/s  setup=0.003 s
mkl2026_dfti             L=12  B=1     m=12288 inner=1      min=     8.365 us/xform  median=     8.366  sd=  0.03%     11.11 GF/s  setup=0.002 s
mkl2026_dfti             L=12  B=1     m=12288 inner=1      min=     7.385 us/xform  median=     8.351  sd=  5.27%     12.58 GF/s  setup=0.002 s
mkl2026_dfti             L=12  B=1     m=2     inner=120    min=     8.098 us/xform  median=     8.098  sd=  0.00%     11.47 GF/s  setup=0.002 s
mkl_dfti                 L=12  B=1     m=12288 inner=1      min=     8.329 us/xform  median=     8.332  sd=  0.04%     11.16 GF/s  setup=0.002 s
mkl_dfti                 L=12  B=1     m=12288 inner=1      min=     7.336 us/xform  median=     7.415  sd=  0.57%     12.67 GF/s  setup=0.002 s
mkl_dfti                 L=12  B=1     m=12288 inner=1      min=     7.319 us/xform  median=     7.423  sd=  0.54%     12.70 GF/s  setup=0.001 s
mkl_dfti                 L=12  B=1     m=2     inner=122    min=     8.089 us/xform  median=     8.089  sd=  0.00%     11.49 GF/s  setup=0.002 s
