   skipping baseline_dft at L=16384 B=64 (too expensive to be informative)
d1_bluestein             L=16384 B=64    m=1     inner=4      min=   111.588 us/xform  median=   124.562  sd=  3.43%     10.28 GF/s  setup=0.003 s
d1_bluestein             L=16384 B=64    m=1     inner=4      min=   124.554 us/xform  median=   124.848  sd=  0.12%      9.21 GF/s  setup=0.003 s
d1_bluestein             L=16384 B=64    m=1     inner=4      min=   128.342 us/xform  median=   130.624  sd=  0.51%      8.94 GF/s  setup=0.003 s
d1_bluestein             L=16384 B=64    m=1     inner=6      min=    93.853 us/xform  median=    93.980  sd=  0.16%     12.22 GF/s  setup=0.003 s
d1_bluestein             L=16384 B=64    m=1     inner=6      min=    93.537 us/xform  median=    93.717  sd=  0.16%     12.26 GF/s  setup=0.002 s
d1_bluestein             L=16384 B=64    m=1     inner=4      min=   114.361 us/xform  median=   124.367  sd=  2.36%     10.03 GF/s  setup=0.003 s
d1_bluestein             L=16384 B=64    m=1     inner=4      min=   124.398 us/xform  median=   124.897  sd=  0.25%      9.22 GF/s  setup=0.003 s
d1_bluestein             L=16384 B=64    m=1     inner=4      min=   124.297 us/xform  median=   124.495  sd=  0.16%      9.23 GF/s  setup=0.003 s
d1_bluestein             L=16384 B=64    m=1     inner=4      min=   130.878 us/xform  median=   131.173  sd=  0.23%      8.76 GF/s  setup=0.003 s
d1_planner               L=16384 B=64    m=1     inner=6      min=    99.248 us/xform  median=   103.044  sd=  1.66%     11.56 GF/s  setup=0.003 s
d1_planner               L=16384 B=64    m=1     inner=4      min=   106.785 us/xform  median=   106.921  sd=  0.11%     10.74 GF/s  setup=0.003 s
d1_planner               L=16384 B=64    m=1     inner=6      min=    99.349 us/xform  median=    99.555  sd=  0.13%     11.54 GF/s  setup=0.003 s
d1_planner               L=16384 B=64    m=1     inner=6      min=    93.604 us/xform  median=    93.660  sd=  0.09%     12.25 GF/s  setup=0.003 s
d1_planner               L=16384 B=64    m=1     inner=6      min=    91.828 us/xform  median=    91.975  sd=  0.10%     12.49 GF/s  setup=0.003 s
d1_planner               L=16384 B=64    m=1     inner=3      min=   106.560 us/xform  median=   106.880  sd=  0.13%     10.76 GF/s  setup=0.003 s
d1_planner               L=16384 B=64    m=1     inner=6      min=    91.902 us/xform  median=    92.028  sd=  0.09%     12.48 GF/s  setup=0.003 s
d1_planner               L=16384 B=64    m=1     inner=4      min=   108.308 us/xform  median=   108.459  sd=  0.18%     10.59 GF/s  setup=0.003 s
d1_planner               L=16384 B=64    m=1     inner=4      min=   107.534 us/xform  median=   107.616  sd=  0.08%     10.67 GF/s  setup=0.003 s
d1_pow2                  L=16384 B=64    m=1     inner=4      min=    76.212 us/xform  median=    76.556  sd=  3.66%     15.05 GF/s  setup=0.003 s
d1_pow2                  L=16384 B=64    m=1     inner=6      min=    77.154 us/xform  median=    77.573  sd=  0.84%     14.86 GF/s  setup=0.003 s
d1_pow2                  L=16384 B=64    m=1     inner=6      min=    75.690 us/xform  median=    75.920  sd=  0.22%     15.15 GF/s  setup=0.003 s
d1_pow2                  L=16384 B=64    m=1     inner=4      min=    79.174 us/xform  median=    82.632  sd=  2.62%     14.49 GF/s  setup=0.003 s
d1_pow2                  L=16384 B=64    m=1     inner=6      min=    92.447 us/xform  median=    96.932  sd=  1.40%     12.41 GF/s  setup=0.004 s
d1_pow2                  L=16384 B=64    m=1     inner=6      min=    76.947 us/xform  median=    77.074  sd=  0.35%     14.90 GF/s  setup=0.003 s
d1_pow2                  L=16384 B=64    m=1     inner=6      min=    88.241 us/xform  median=    88.559  sd=  0.32%     13.00 GF/s  setup=0.003 s
d1_pow2                  L=16384 B=64    m=1     inner=6      min=    70.120 us/xform  median=    70.261  sd=  1.47%     16.36 GF/s  setup=0.003 s
d1_pow2                  L=16384 B=64    m=1     inner=6      min=    83.368 us/xform  median=    85.465  sd=  0.77%     13.76 GF/s  setup=0.003 s
d1_race                  L=16384 B=64    m=1     inner=6      min=    67.117 us/xform  median=    67.350  sd=  4.70%     17.09 GF/s  setup=1.705 s
d1_race                  L=16384 B=64    m=1     inner=8      min=    67.560 us/xform  median=    67.761  sd=  0.24%     16.98 GF/s  setup=0.007 s
d1_race                  L=16384 B=64    m=1     inner=8      min=    69.961 us/xform  median=    70.129  sd=  0.28%     16.39 GF/s  setup=0.008 s
d1_race                  L=16384 B=64    m=1     inner=6      min=    75.831 us/xform  median=    76.187  sd=  0.25%     15.12 GF/s  setup=0.010 s
d1_race                  L=16384 B=64    m=1     inner=8      min=    69.791 us/xform  median=    70.058  sd=  0.24%     16.43 GF/s  setup=0.008 s
d1_race                  L=16384 B=64    m=1     inner=8      min=    67.279 us/xform  median=    67.523  sd=  0.32%     17.05 GF/s  setup=0.007 s
d1_race                  L=16384 B=64    m=1     inner=8      min=    67.314 us/xform  median=    67.602  sd=  0.33%     17.04 GF/s  setup=0.006 s
d1_race                  L=16384 B=64    m=1     inner=8      min=    69.780 us/xform  median=    69.877  sd=  0.19%     16.44 GF/s  setup=0.008 s
d1_race                  L=16384 B=64    m=1     inner=6      min=    79.815 us/xform  median=    85.412  sd=  2.29%     14.37 GF/s  setup=0.011 s
d1_twiddle               L=16384 B=64    m=1     inner=8      min=    75.451 us/xform  median=    89.129  sd=  6.79%     15.20 GF/s  setup=0.001 s
d1_twiddle               L=16384 B=64    m=1     inner=6      min=    63.320 us/xform  median=    74.224  sd= 15.51%     18.11 GF/s  setup=0.001 s
d1_twiddle               L=16384 B=64    m=1     inner=8      min=    64.286 us/xform  median=    64.419  sd=  0.15%     17.84 GF/s  setup=0.001 s
d1_twiddle               L=16384 B=64    m=1     inner=8      min=    64.058 us/xform  median=    64.142  sd=  0.06%     17.90 GF/s  setup=0.001 s
d1_twiddle               L=16384 B=64    m=1     inner=8      min=    62.928 us/xform  median=    63.020  sd=  0.12%     18.23 GF/s  setup=0.001 s
d1_twiddle               L=16384 B=64    m=1     inner=8      min=    63.655 us/xform  median=    63.737  sd=  0.16%     18.02 GF/s  setup=0.001 s
d1_twiddle               L=16384 B=64    m=1     inner=8      min=    77.792 us/xform  median=    78.912  sd=  0.42%     14.74 GF/s  setup=0.001 s
d1_twiddle               L=16384 B=64    m=1     inner=6      min=    73.628 us/xform  median=    74.010  sd=  1.08%     15.58 GF/s  setup=0.001 s
d1_twiddle               L=16384 B=64    m=1     inner=8      min=    73.752 us/xform  median=    73.837  sd=  0.06%     15.55 GF/s  setup=0.001 s
fftw1d_estimate          L=16384 B=64    m=1     inner=4      min=   112.811 us/xform  median=   135.098  sd=  5.70%     10.17 GF/s  setup=0.001 s
fftw1d_estimate          L=16384 B=64    m=1     inner=6      min=    91.291 us/xform  median=    91.535  sd=  0.24%     12.56 GF/s  setup=0.001 s
fftw1d_estimate          L=16384 B=64    m=1     inner=6      min=    90.849 us/xform  median=    91.126  sd=  0.24%     12.62 GF/s  setup=0.001 s
fftw1d_estimate          L=16384 B=64    m=1     inner=4      min=   114.552 us/xform  median=   131.912  sd=  4.32%     10.01 GF/s  setup=0.001 s
fftw1d_estimate          L=16384 B=64    m=1     inner=4      min=   132.691 us/xform  median=   133.137  sd=  0.34%      8.64 GF/s  setup=0.001 s
fftw1d_estimate          L=16384 B=64    m=1     inner=4      min=   116.581 us/xform  median=   130.724  sd=  3.22%      9.84 GF/s  setup=0.001 s
fftw1d_estimate          L=16384 B=64    m=1     inner=4      min=   132.065 us/xform  median=   132.438  sd=  0.41%      8.68 GF/s  setup=0.001 s
fftw1d_estimate          L=16384 B=64    m=1     inner=4      min=   134.839 us/xform  median=   135.558  sd=  0.29%      8.51 GF/s  setup=0.001 s
fftw1d_estimate          L=16384 B=64    m=1     inner=4      min=   128.078 us/xform  median=   128.516  sd=  0.33%      8.95 GF/s  setup=0.001 s
fftw1d_measure           L=16384 B=64    m=1     inner=6      min=    79.369 us/xform  median=    87.393  sd=  2.98%     14.45 GF/s  setup=0.617 s
fftw1d_measure           L=16384 B=64    m=1     inner=6      min=    98.535 us/xform  median=    98.929  sd=  0.40%     11.64 GF/s  setup=0.617 s
fftw1d_measure           L=16384 B=64    m=1     inner=6      min=    62.811 us/xform  median=    65.657  sd= 19.34%     18.26 GF/s  setup=0.617 s
fftw1d_measure           L=16384 B=64    m=1     inner=6      min=   100.797 us/xform  median=   101.050  sd=  0.30%     11.38 GF/s  setup=0.620 s
fftw1d_measure           L=16384 B=64    m=1     inner=6      min=    96.176 us/xform  median=    96.338  sd=  0.21%     11.92 GF/s  setup=0.620 s
fftw1d_measure           L=16384 B=64    m=1     inner=8      min=    61.510 us/xform  median=    61.711  sd=  0.33%     18.65 GF/s  setup=0.571 s
fftw1d_measure           L=16384 B=64    m=1     inner=6      min=    87.358 us/xform  median=    87.742  sd=  0.34%     13.13 GF/s  setup=0.619 s
fftw1d_measure           L=16384 B=64    m=1     inner=6      min=    92.205 us/xform  median=    92.639  sd=  2.37%     12.44 GF/s  setup=0.634 s
fftw1d_measure           L=16384 B=64    m=1     inner=6      min=    87.249 us/xform  median=    87.490  sd=  0.26%     13.14 GF/s  setup=0.619 s
fftw1d_patient           L=16384 B=64    m=1     inner=12     min=    45.715 us/xform  median=    45.917  sd=  0.41%     25.09 GF/s  setup=67.403 s
fftw1d_patient           L=16384 B=64    m=1     inner=12     min=    48.968 us/xform  median=    49.065  sd=  0.23%     23.42 GF/s  setup=68.045 s
fftw1d_patient           L=16384 B=64    m=1     inner=12     min=    48.697 us/xform  median=    48.748  sd=  0.11%     23.55 GF/s  setup=67.843 s
fftw1d_patient           L=16384 B=64    m=1     inner=12     min=    49.603 us/xform  median=    49.645  sd=  0.08%     23.12 GF/s  setup=67.823 s
fftw1d_patient           L=16384 B=64    m=1     inner=12     min=    47.366 us/xform  median=    47.605  sd=  0.32%     24.21 GF/s  setup=67.000 s
fftw1d_patient           L=16384 B=64    m=1     inner=12     min=    48.265 us/xform  median=    48.367  sd=  0.14%     23.76 GF/s  setup=67.646 s
fftw1d_patient           L=16384 B=64    m=1     inner=12     min=    46.694 us/xform  median=    46.806  sd=  0.18%     24.56 GF/s  setup=67.577 s
fftw1d_patient           L=16384 B=64    m=1     inner=12     min=    47.272 us/xform  median=    47.683  sd=  0.38%     24.26 GF/s  setup=67.512 s
fftw1d_patient           L=16384 B=64    m=1     inner=12     min=    48.599 us/xform  median=    48.729  sd=  0.10%     23.60 GF/s  setup=67.872 s
mkl1d_dfti               L=16384 B=64    m=1     inner=10     min=    58.419 us/xform  median=    74.430  sd=  7.94%     19.63 GF/s  setup=0.004 s
mkl1d_dfti               L=16384 B=64    m=1     inner=8      min=    62.139 us/xform  median=    62.260  sd=  0.24%     18.46 GF/s  setup=0.003 s
mkl1d_dfti               L=16384 B=64    m=1     inner=8      min=    74.067 us/xform  median=    74.231  sd=  0.16%     15.48 GF/s  setup=0.003 s
mkl1d_dfti               L=16384 B=64    m=1     inner=8      min=    74.237 us/xform  median=    74.384  sd=  0.20%     15.45 GF/s  setup=0.003 s
mkl1d_dfti               L=16384 B=64    m=1     inner=8      min=    74.162 us/xform  median=    74.435  sd=  0.17%     15.46 GF/s  setup=0.003 s
mkl1d_dfti               L=16384 B=64    m=1     inner=8      min=    60.301 us/xform  median=    60.412  sd=  0.22%     19.02 GF/s  setup=0.004 s
mkl1d_dfti               L=16384 B=64    m=1     inner=10     min=    56.155 us/xform  median=    58.312  sd=  1.17%     20.42 GF/s  setup=0.003 s
mkl1d_dfti               L=16384 B=64    m=1     inner=8      min=    70.373 us/xform  median=    72.293  sd=  0.98%     16.30 GF/s  setup=0.003 s
mkl1d_dfti               L=16384 B=64    m=1     inner=8      min=    64.480 us/xform  median=    65.178  sd=  1.61%     17.79 GF/s  setup=0.003 s
   skipping baseline_dft at L=65537 B=16 (too expensive to be informative)
d1_bluestein             L=65537 B=16    m=1     inner=1      min=  4474.441 us/xform  median=  4611.904  sd=  1.41%      1.17 GF/s  setup=0.021 s
d1_bluestein             L=65537 B=16    m=1     inner=1      min=  4400.830 us/xform  median=  4572.447  sd=  2.03%      1.19 GF/s  setup=0.022 s
d1_bluestein             L=65537 B=16    m=1     inner=1      min=  3249.902 us/xform  median=  3327.639  sd=  1.17%      1.61 GF/s  setup=0.024 s
d1_bluestein             L=65537 B=16    m=1     inner=1      min=  4409.942 us/xform  median=  4596.051  sd=  1.59%      1.19 GF/s  setup=0.021 s
d1_bluestein             L=65537 B=16    m=1     inner=1      min=  3529.199 us/xform  median=  4710.043  sd=  8.31%      1.49 GF/s  setup=0.021 s
d1_bluestein             L=65537 B=16    m=1     inner=1      min=  4733.914 us/xform  median=  4919.103  sd=  1.54%      1.11 GF/s  setup=0.021 s
d1_bluestein             L=65537 B=16    m=1     inner=1      min=  3161.608 us/xform  median=  3191.918  sd=  0.66%      1.66 GF/s  setup=0.021 s
d1_bluestein             L=65537 B=16    m=1     inner=1      min=  3123.911 us/xform  median=  3158.692  sd=  0.92%      1.68 GF/s  setup=0.017 s
d1_bluestein             L=65537 B=16    m=1     inner=1      min=  4493.163 us/xform  median=  4561.200  sd=  1.04%      1.17 GF/s  setup=0.020 s
d1_planner               L=65537 B=16    m=1     inner=1      min=  1955.088 us/xform  median=  1956.778  sd=  0.14%      2.68 GF/s  setup=0.026 s
d1_planner               L=65537 B=16    m=1     inner=1      min=  1641.347 us/xform  median=  1644.164  sd=  0.10%      3.19 GF/s  setup=0.024 s
d1_planner               L=65537 B=16    m=1     inner=1      min=  1636.473 us/xform  median=  1640.984  sd=  0.10%      3.20 GF/s  setup=0.021 s
d1_planner               L=65537 B=16    m=1     inner=1      min=  1946.783 us/xform  median=  2010.151  sd=  1.47%      2.69 GF/s  setup=0.027 s
d1_planner               L=65537 B=16    m=1     inner=1      min=  1637.804 us/xform  median=  1641.100  sd=  0.09%      3.20 GF/s  setup=0.024 s
d1_planner               L=65537 B=16    m=1     inner=1      min=  1928.589 us/xform  median=  1931.944  sd=  0.09%      2.72 GF/s  setup=0.026 s
d1_planner               L=65537 B=16    m=1     inner=1      min=  2398.334 us/xform  median=  2571.105  sd=  3.48%      2.19 GF/s  setup=0.028 s
d1_planner               L=65537 B=16    m=1     inner=1      min=  1639.402 us/xform  median=  1643.946  sd=  0.13%      3.20 GF/s  setup=0.026 s
d1_planner               L=65537 B=16    m=1     inner=1      min=  1880.894 us/xform  median=  1930.381  sd=  1.27%      2.79 GF/s  setup=0.026 s
d1_race                  L=65537 B=16    m=1     inner=1      min=  1475.273 us/xform  median=  1476.231  sd=  0.54%      3.55 GF/s  setup=6.907 s
d1_race                  L=65537 B=16    m=1     inner=1      min=  1464.814 us/xform  median=  1469.935  sd=  0.16%      3.58 GF/s  setup=0.010 s
d1_race                  L=65537 B=16    m=1     inner=1      min=  1777.822 us/xform  median=  1824.913  sd=  1.37%      2.95 GF/s  setup=0.016 s
d1_race                  L=65537 B=16    m=1     inner=1      min=  1464.231 us/xform  median=  1467.668  sd=  0.17%      3.58 GF/s  setup=0.012 s
d1_race                  L=65537 B=16    m=1     inner=1      min=  1659.574 us/xform  median=  1664.348  sd=  0.13%      3.16 GF/s  setup=0.017 s
d1_race                  L=65537 B=16    m=1     inner=1      min=  1466.706 us/xform  median=  1469.746  sd=  0.10%      3.57 GF/s  setup=0.012 s
d1_race                  L=65537 B=16    m=1     inner=1      min=  1650.972 us/xform  median=  1654.303  sd=  0.14%      3.18 GF/s  setup=0.016 s
d1_race                  L=65537 B=16    m=1     inner=1      min=  1665.463 us/xform  median=  1669.574  sd=  0.15%      3.15 GF/s  setup=0.013 s
d1_race                  L=65537 B=16    m=1     inner=1      min=  1654.783 us/xform  median=  1657.734  sd=  0.14%      3.17 GF/s  setup=0.013 s
d1_rader                 L=65537 B=16    m=1     inner=1      min=  1675.242 us/xform  median=  1679.105  sd=  0.13%      3.13 GF/s  setup=0.006 s
d1_rader                 L=65537 B=16    m=1     inner=1      min=  1477.322 us/xform  median=  1698.837  sd=  6.61%      3.55 GF/s  setup=0.006 s
d1_rader                 L=65537 B=16    m=1     inner=1      min=  1476.822 us/xform  median=  1480.284  sd=  0.12%      3.55 GF/s  setup=0.005 s
d1_rader                 L=65537 B=16    m=1     inner=1      min=  1473.705 us/xform  median=  1477.299  sd=  0.20%      3.56 GF/s  setup=0.005 s
d1_rader                 L=65537 B=16    m=1     inner=1      min=  1471.507 us/xform  median=  1473.393  sd=  0.12%      3.56 GF/s  setup=0.005 s
d1_rader                 L=65537 B=16    m=1     inner=1      min=  1657.478 us/xform  median=  1658.680  sd=  0.06%      3.16 GF/s  setup=0.007 s
d1_rader                 L=65537 B=16    m=1     inner=1      min=  1656.589 us/xform  median=  1658.670  sd=  0.08%      3.16 GF/s  setup=0.006 s
d1_rader                 L=65537 B=16    m=1     inner=1      min=  1476.380 us/xform  median=  1478.517  sd=  0.11%      3.55 GF/s  setup=0.006 s
d1_rader                 L=65537 B=16    m=1     inner=1      min=  1479.402 us/xform  median=  1483.782  sd=  0.11%      3.54 GF/s  setup=0.005 s
fftw1d_estimate          L=65537 B=16    m=1     inner=1      min=  2425.957 us/xform  median=  2431.322  sd=  0.16%      2.16 GF/s  setup=0.009 s
fftw1d_estimate          L=65537 B=16    m=1     inner=1      min=  2433.817 us/xform  median=  2438.929  sd=  0.16%      2.15 GF/s  setup=0.009 s
fftw1d_estimate          L=65537 B=16    m=1     inner=1      min=  2481.264 us/xform  median=  2484.395  sd=  0.06%      2.11 GF/s  setup=0.010 s
fftw1d_estimate          L=65537 B=16    m=1     inner=1      min=  2424.841 us/xform  median=  2428.887  sd=  0.20%      2.16 GF/s  setup=0.009 s
fftw1d_estimate          L=65537 B=16    m=1     inner=1      min=  2423.076 us/xform  median=  2427.047  sd=  0.13%      2.16 GF/s  setup=0.010 s
fftw1d_estimate          L=65537 B=16    m=1     inner=1      min=  1864.202 us/xform  median=  2063.176  sd= 12.25%      2.81 GF/s  setup=0.009 s
fftw1d_estimate          L=65537 B=16    m=1     inner=1      min=  2450.019 us/xform  median=  2455.951  sd=  0.15%      2.14 GF/s  setup=0.009 s
fftw1d_estimate          L=65537 B=16    m=1     inner=1      min=  2438.439 us/xform  median=  2440.798  sd=  0.11%      2.15 GF/s  setup=0.009 s
fftw1d_estimate          L=65537 B=16    m=1     inner=1      min=  2491.887 us/xform  median=  2498.333  sd=  0.19%      2.10 GF/s  setup=0.010 s
fftw1d_measure           L=65537 B=16    m=1     inner=1      min=  1678.167 us/xform  median=  1680.371  sd=  0.10%      3.12 GF/s  setup=4.501 s
fftw1d_measure           L=65537 B=16    m=1     inner=1      min=  1651.759 us/xform  median=  1657.002  sd=  0.15%      3.17 GF/s  setup=4.436 s
fftw1d_measure           L=65537 B=16    m=1     inner=1      min=  1667.757 us/xform  median=  1670.036  sd=  0.14%      3.14 GF/s  setup=4.453 s
fftw1d_measure           L=65537 B=16    m=1     inner=1      min=  1668.032 us/xform  median=  1670.735  sd=  0.10%      3.14 GF/s  setup=4.445 s
fftw1d_measure           L=65537 B=16    m=1     inner=1      min=  1675.317 us/xform  median=  1677.639  sd=  0.09%      3.13 GF/s  setup=4.252 s
fftw1d_measure           L=65537 B=16    m=1     inner=1      min=  1664.729 us/xform  median=  1668.300  sd=  0.11%      3.15 GF/s  setup=4.224 s
fftw1d_measure           L=65537 B=16    m=1     inner=1      min=  1692.235 us/xform  median=  1694.642  sd=  0.10%      3.10 GF/s  setup=4.498 s
fftw1d_measure           L=65537 B=16    m=1     inner=1      min=  1651.537 us/xform  median=  1654.307  sd=  0.11%      3.17 GF/s  setup=4.396 s
fftw1d_measure           L=65537 B=16    m=1     inner=1      min=  1711.043 us/xform  median=  1714.461  sd=  0.11%      3.06 GF/s  setup=4.336 s
fftw1d_patient           L=65537 B=16    m=1     inner=1      min=  1552.884 us/xform  median=  1554.862  sd=  0.32%      3.38 GF/s  setup=58.345 s
fftw1d_patient           L=65537 B=16    m=1     inner=1      min=  1566.373 us/xform  median=  1567.707  sd=  0.04%      3.35 GF/s  setup=58.468 s
fftw1d_patient           L=65537 B=16    m=1     inner=1      min=  1525.887 us/xform  median=  1527.433  sd=  0.33%      3.44 GF/s  setup=58.223 s
fftw1d_patient           L=65537 B=16    m=1     inner=1      min=  1550.909 us/xform  median=  1553.106  sd=  0.11%      3.38 GF/s  setup=58.496 s
fftw1d_patient           L=65537 B=16    m=1     inner=1      min=  1556.424 us/xform  median=  1557.952  sd=  0.37%      3.37 GF/s  setup=58.162 s
fftw1d_patient           L=65537 B=16    m=1     inner=1      min=  1571.106 us/xform  median=  1572.736  sd=  0.08%      3.34 GF/s  setup=58.377 s
fftw1d_patient           L=65537 B=16    m=1     inner=1      min=  1564.346 us/xform  median=  1565.808  sd=  0.09%      3.35 GF/s  setup=58.558 s
fftw1d_patient           L=65537 B=16    m=1     inner=1      min=  1543.466 us/xform  median=  1544.518  sd=  0.08%      3.40 GF/s  setup=58.479 s
fftw1d_patient           L=65537 B=16    m=1     inner=1      min=  1540.567 us/xform  median=  1543.688  sd=  0.11%      3.40 GF/s  setup=57.864 s
mkl1d_dfti               L=65537 B=16    m=1     inner=1      min=  3419.992 us/xform  median=  4131.916  sd=  8.26%      1.53 GF/s  setup=0.057 s
mkl1d_dfti               L=65537 B=16    m=1     inner=1      min=  3411.873 us/xform  median=  3415.519  sd=  0.05%      1.54 GF/s  setup=0.061 s
mkl1d_dfti               L=65537 B=16    m=1     inner=1      min=  3412.946 us/xform  median=  3416.529  sd=  0.05%      1.54 GF/s  setup=0.056 s
mkl1d_dfti               L=65537 B=16    m=1     inner=1      min=  3411.643 us/xform  median=  3413.959  sd=  0.04%      1.54 GF/s  setup=0.055 s
mkl1d_dfti               L=65537 B=16    m=1     inner=1      min=  3409.622 us/xform  median=  3411.961  sd=  0.03%      1.54 GF/s  setup=0.058 s
mkl1d_dfti               L=65537 B=16    m=1     inner=1      min=  3402.115 us/xform  median=  3404.163  sd=  0.05%      1.54 GF/s  setup=0.058 s
mkl1d_dfti               L=65537 B=16    m=1     inner=1      min=  3413.283 us/xform  median=  3415.869  sd=  0.04%      1.54 GF/s  setup=0.056 s
mkl1d_dfti               L=65537 B=16    m=1     inner=1      min=  3407.084 us/xform  median=  3409.761  sd=  0.04%      1.54 GF/s  setup=0.057 s
mkl1d_dfti               L=65537 B=16    m=1     inner=1      min=  3408.781 us/xform  median=  3410.217  sd=  0.03%      1.54 GF/s  setup=0.060 s
   skipping baseline_dft at L=65537 B=1 (too expensive to be informative)
d1_bluestein             L=65537 B=1     m=1     inner=10     min=  3446.328 us/xform  median=  3477.958  sd=  0.40%      1.52 GF/s  setup=0.020 s
d1_bluestein             L=65537 B=1     m=1     inner=10     min=  3385.033 us/xform  median=  3434.401  sd=  0.96%      1.55 GF/s  setup=0.023 s
d1_bluestein             L=65537 B=1     m=1     inner=10     min=  3409.531 us/xform  median=  3441.807  sd=  0.55%      1.54 GF/s  setup=0.022 s
d1_bluestein             L=65537 B=1     m=1     inner=10     min=  3371.981 us/xform  median=  3408.345  sd=  0.50%      1.55 GF/s  setup=0.023 s
d1_bluestein             L=65537 B=1     m=1     inner=10     min=  3363.423 us/xform  median=  3408.718  sd=  0.65%      1.56 GF/s  setup=0.022 s
d1_bluestein             L=65537 B=1     m=1     inner=10     min=  3393.306 us/xform  median=  3448.076  sd=  0.71%      1.55 GF/s  setup=0.023 s
d1_bluestein             L=65537 B=1     m=1     inner=10     min=  3409.165 us/xform  median=  3450.690  sd=  0.69%      1.54 GF/s  setup=0.019 s
d1_bluestein             L=65537 B=1     m=1     inner=10     min=  3364.689 us/xform  median=  3402.681  sd=  0.71%      1.56 GF/s  setup=0.024 s
d1_bluestein             L=65537 B=1     m=1     inner=10     min=  3357.968 us/xform  median=  3394.248  sd=  0.63%      1.56 GF/s  setup=0.023 s
d1_planner               L=65537 B=1     m=1     inner=24     min=  1457.834 us/xform  median=  1491.113  sd=  1.86%      3.60 GF/s  setup=0.029 s
d1_planner               L=65537 B=1     m=1     inner=22     min=  1579.427 us/xform  median=  1582.922  sd=  0.16%      3.32 GF/s  setup=0.028 s
d1_planner               L=65537 B=1     m=1     inner=20     min=  1468.739 us/xform  median=  1479.710  sd=  1.58%      3.57 GF/s  setup=0.029 s
d1_planner               L=65537 B=1     m=1     inner=26     min=  1543.882 us/xform  median=  1574.554  sd=  0.90%      3.40 GF/s  setup=0.028 s
d1_planner               L=65537 B=1     m=1     inner=22     min=  1564.223 us/xform  median=  1577.551  sd=  0.28%      3.35 GF/s  setup=0.026 s
d1_planner               L=65537 B=1     m=1     inner=28     min=  1272.211 us/xform  median=  1276.882  sd=  0.28%      4.12 GF/s  setup=0.021 s
d1_planner               L=65537 B=1     m=1     inner=30     min=  1277.468 us/xform  median=  1280.204  sd=  0.30%      4.10 GF/s  setup=0.021 s
d1_planner               L=65537 B=1     m=1     inner=30     min=  1281.032 us/xform  median=  1285.583  sd=  0.26%      4.09 GF/s  setup=0.021 s
d1_planner               L=65537 B=1     m=1     inner=30     min=  1270.522 us/xform  median=  1273.843  sd=  0.18%      4.13 GF/s  setup=0.021 s
d1_race                  L=65537 B=1     m=1     inner=34     min=  1159.152 us/xform  median=  1159.525  sd=  0.20%      4.52 GF/s  setup=3.622 s
d1_race                  L=65537 B=1     m=1     inner=26     min=  1171.759 us/xform  median=  1172.208  sd=  0.03%      4.47 GF/s  setup=0.011 s
d1_race                  L=65537 B=1     m=1     inner=32     min=  1180.816 us/xform  median=  1181.299  sd=  0.02%      4.44 GF/s  setup=0.009 s
d1_race                  L=65537 B=1     m=1     inner=17     min=  1175.439 us/xform  median=  1176.234  sd=  0.23%      4.46 GF/s  setup=0.009 s
d1_race                  L=65537 B=1     m=1     inner=32     min=  1170.017 us/xform  median=  1170.600  sd=  0.02%      4.48 GF/s  setup=0.009 s
d1_race                  L=65537 B=1     m=1     inner=17     min=  1175.895 us/xform  median=  1176.407  sd=  0.06%      4.46 GF/s  setup=0.009 s
d1_race                  L=65537 B=1     m=1     inner=24     min=  1311.957 us/xform  median=  1314.891  sd=  0.14%      4.00 GF/s  setup=0.015 s
d1_race                  L=65537 B=1     m=1     inner=28     min=  1305.280 us/xform  median=  1306.558  sd=  0.13%      4.02 GF/s  setup=0.012 s
d1_race                  L=65537 B=1     m=1     inner=24     min=  1175.536 us/xform  median=  1175.794  sd=  0.02%      4.46 GF/s  setup=0.012 s
d1_rader                 L=65537 B=1     m=1     inner=32     min=  1173.071 us/xform  median=  1173.613  sd=  0.06%      4.47 GF/s  setup=0.005 s
d1_rader                 L=65537 B=1     m=1     inner=28     min=  1373.314 us/xform  median=  1374.569  sd=  0.09%      3.82 GF/s  setup=0.007 s
d1_rader                 L=65537 B=1     m=1     inner=13     min=  1154.464 us/xform  median=  1155.342  sd=  1.43%      4.54 GF/s  setup=0.007 s
d1_rader                 L=65537 B=1     m=1     inner=28     min=  1169.016 us/xform  median=  1169.567  sd=  0.08%      4.48 GF/s  setup=0.007 s
d1_rader                 L=65537 B=1     m=1     inner=26     min=  1367.042 us/xform  median=  1368.821  sd=  0.08%      3.84 GF/s  setup=0.007 s
d1_rader                 L=65537 B=1     m=1     inner=28     min=  1404.245 us/xform  median=  1406.195  sd=  0.07%      3.73 GF/s  setup=0.006 s
d1_rader                 L=65537 B=1     m=1     inner=26     min=  1157.889 us/xform  median=  1158.630  sd=  0.03%      4.53 GF/s  setup=0.007 s
d1_rader                 L=65537 B=1     m=1     inner=28     min=  1171.430 us/xform  median=  1171.848  sd=  0.06%      4.48 GF/s  setup=0.007 s
d1_rader                 L=65537 B=1     m=1     inner=32     min=  1176.247 us/xform  median=  1176.494  sd=  0.02%      4.46 GF/s  setup=0.005 s
fftw1d_estimate          L=65537 B=1     m=1     inner=20     min=  1981.631 us/xform  median=  2124.686  sd=  2.17%      2.65 GF/s  setup=0.008 s
fftw1d_estimate          L=65537 B=1     m=1     inner=16     min=  2211.527 us/xform  median=  2212.334  sd=  0.02%      2.37 GF/s  setup=0.011 s
fftw1d_estimate          L=65537 B=1     m=1     inner=18     min=  2176.081 us/xform  median=  2177.380  sd=  0.04%      2.41 GF/s  setup=0.010 s
fftw1d_estimate          L=65537 B=1     m=1     inner=16     min=  2187.027 us/xform  median=  2187.732  sd=  0.03%      2.40 GF/s  setup=0.010 s
fftw1d_estimate          L=65537 B=1     m=1     inner=18     min=  2156.457 us/xform  median=  2157.768  sd=  0.03%      2.43 GF/s  setup=0.010 s
fftw1d_estimate          L=65537 B=1     m=1     inner=16     min=  2176.789 us/xform  median=  2177.410  sd=  0.04%      2.41 GF/s  setup=0.010 s
fftw1d_estimate          L=65537 B=1     m=1     inner=18     min=  2177.592 us/xform  median=  2179.251  sd=  0.05%      2.41 GF/s  setup=0.008 s
fftw1d_estimate          L=65537 B=1     m=1     inner=18     min=  2179.254 us/xform  median=  2180.613  sd=  0.03%      2.41 GF/s  setup=0.010 s
fftw1d_estimate          L=65537 B=1     m=1     inner=18     min=  2215.969 us/xform  median=  2216.862  sd=  0.02%      2.37 GF/s  setup=0.011 s
fftw1d_measure           L=65537 B=1     m=1     inner=24     min=  1581.147 us/xform  median=  1582.427  sd=  0.05%      3.32 GF/s  setup=4.426 s
fftw1d_measure           L=65537 B=1     m=1     inner=24     min=  1580.752 us/xform  median=  1582.050  sd=  0.04%      3.32 GF/s  setup=4.258 s
fftw1d_measure           L=65537 B=1     m=1     inner=24     min=  1584.650 us/xform  median=  1585.946  sd=  0.05%      3.31 GF/s  setup=4.277 s
fftw1d_measure           L=65537 B=1     m=1     inner=24     min=  1585.103 us/xform  median=  1586.448  sd=  0.05%      3.31 GF/s  setup=4.259 s
fftw1d_measure           L=65537 B=1     m=1     inner=24     min=  1600.055 us/xform  median=  1601.063  sd=  0.03%      3.28 GF/s  setup=4.439 s
fftw1d_measure           L=65537 B=1     m=1     inner=24     min=  1595.637 us/xform  median=  1597.748  sd=  0.07%      3.29 GF/s  setup=4.302 s
fftw1d_measure           L=65537 B=1     m=1     inner=24     min=  1593.598 us/xform  median=  1595.981  sd=  0.07%      3.29 GF/s  setup=4.247 s
fftw1d_measure           L=65537 B=1     m=1     inner=24     min=  1582.805 us/xform  median=  1583.459  sd=  0.04%      3.31 GF/s  setup=4.239 s
fftw1d_measure           L=65537 B=1     m=1     inner=24     min=  1584.932 us/xform  median=  1585.942  sd=  0.06%      3.31 GF/s  setup=4.257 s
fftw1d_patient           L=65537 B=1     m=1     inner=26     min=  1467.694 us/xform  median=  1468.830  sd=  0.10%      3.57 GF/s  setup=58.099 s
fftw1d_patient           L=65537 B=1     m=1     inner=26     min=  1473.672 us/xform  median=  1474.881  sd=  0.09%      3.56 GF/s  setup=58.234 s
fftw1d_patient           L=65537 B=1     m=1     inner=26     min=  1480.256 us/xform  median=  1480.921  sd=  0.14%      3.54 GF/s  setup=58.252 s
fftw1d_patient           L=65537 B=1     m=1     inner=26     min=  1463.534 us/xform  median=  1465.972  sd=  0.08%      3.58 GF/s  setup=58.193 s
fftw1d_patient           L=65537 B=1     m=1     inner=26     min=  1468.545 us/xform  median=  1469.643  sd=  0.08%      3.57 GF/s  setup=58.065 s
fftw1d_patient           L=65537 B=1     m=1     inner=26     min=  1461.441 us/xform  median=  1462.913  sd=  0.08%      3.59 GF/s  setup=58.033 s
fftw1d_patient           L=65537 B=1     m=1     inner=26     min=  1479.191 us/xform  median=  1481.393  sd=  0.15%      3.54 GF/s  setup=58.026 s
fftw1d_patient           L=65537 B=1     m=1     inner=26     min=  1470.595 us/xform  median=  1472.338  sd=  0.09%      3.57 GF/s  setup=58.414 s
fftw1d_patient           L=65537 B=1     m=1     inner=26     min=  1470.440 us/xform  median=  1472.310  sd=  0.08%      3.57 GF/s  setup=58.223 s
mkl1d_dfti               L=65537 B=1     m=1     inner=10     min=  3695.725 us/xform  median=  3697.815  sd=  0.37%      1.42 GF/s  setup=0.012 s
mkl1d_dfti               L=65537 B=1     m=1     inner=8      min=  4042.593 us/xform  median=  4171.353  sd=  1.82%      1.30 GF/s  setup=0.013 s
mkl1d_dfti               L=65537 B=1     m=1     inner=6      min=  3923.039 us/xform  median=  4074.173  sd=  6.05%      1.34 GF/s  setup=0.015 s
mkl1d_dfti               L=65537 B=1     m=1     inner=10     min=  4040.427 us/xform  median=  4148.196  sd=  1.95%      1.30 GF/s  setup=0.013 s
mkl1d_dfti               L=65537 B=1     m=1     inner=6      min=  4039.622 us/xform  median=  4243.184  sd=  2.32%      1.30 GF/s  setup=0.015 s
mkl1d_dfti               L=65537 B=1     m=1     inner=8      min=  4119.356 us/xform  median=  4277.264  sd=  1.37%      1.27 GF/s  setup=0.013 s
mkl1d_dfti               L=65537 B=1     m=1     inner=6      min=  3854.827 us/xform  median=  4112.830  sd=  5.42%      1.36 GF/s  setup=0.015 s
mkl1d_dfti               L=65537 B=1     m=1     inner=10     min=  3951.021 us/xform  median=  4276.917  sd=  2.40%      1.33 GF/s  setup=0.013 s
mkl1d_dfti               L=65537 B=1     m=1     inner=8      min=  4007.271 us/xform  median=  4010.909  sd=  2.06%      1.31 GF/s  setup=0.015 s
   skipping baseline_dft at L=10007 B=1 (too expensive to be informative)
d1_bluestein             L=10007 B=1     m=1     inner=94     min=   212.730 us/xform  median=   226.420  sd=  5.49%      3.13 GF/s  setup=0.006 s
d1_bluestein             L=10007 B=1     m=1     inner=142    min=   241.889 us/xform  median=   242.023  sd=  0.06%      2.75 GF/s  setup=0.009 s
d1_bluestein             L=10007 B=1     m=1     inner=162    min=   241.843 us/xform  median=   242.199  sd=  0.10%      2.75 GF/s  setup=0.007 s
d1_bluestein             L=10007 B=1     m=1     inner=164    min=   239.847 us/xform  median=   240.071  sd=  0.05%      2.77 GF/s  setup=0.006 s
d1_bluestein             L=10007 B=1     m=1     inner=126    min=   269.372 us/xform  median=   269.539  sd=  0.05%      2.47 GF/s  setup=0.008 s
d1_bluestein             L=10007 B=1     m=1     inner=142    min=   241.266 us/xform  median=   241.424  sd=  0.04%      2.76 GF/s  setup=0.008 s
d1_bluestein             L=10007 B=1     m=1     inner=164    min=   240.013 us/xform  median=   240.183  sd=  0.07%      2.77 GF/s  setup=0.006 s
d1_bluestein             L=10007 B=1     m=1     inner=126    min=   270.423 us/xform  median=   270.647  sd=  0.16%      2.46 GF/s  setup=0.008 s
d1_bluestein             L=10007 B=1     m=1     inner=71     min=   242.187 us/xform  median=   242.396  sd=  0.15%      2.75 GF/s  setup=0.008 s
d1_planner               L=10007 B=1     m=1     inner=156    min=   211.128 us/xform  median=   251.272  sd=  4.92%      3.15 GF/s  setup=0.006 s
d1_planner               L=10007 B=1     m=1     inner=144    min=   253.830 us/xform  median=   254.014  sd=  0.04%      2.62 GF/s  setup=0.007 s
d1_planner               L=10007 B=1     m=1     inner=138    min=   191.829 us/xform  median=   191.926  sd=  1.22%      3.47 GF/s  setup=0.008 s
d1_planner               L=10007 B=1     m=1     inner=206    min=   191.594 us/xform  median=   191.674  sd=  0.06%      3.47 GF/s  setup=0.005 s
d1_planner               L=10007 B=1     m=1     inner=208    min=   191.018 us/xform  median=   191.117  sd=  0.02%      3.48 GF/s  setup=0.005 s
d1_planner               L=10007 B=1     m=1     inner=204    min=   193.303 us/xform  median=   193.402  sd=  0.07%      3.44 GF/s  setup=0.005 s
d1_planner               L=10007 B=1     m=1     inner=105    min=   190.380 us/xform  median=   190.547  sd=  0.05%      3.49 GF/s  setup=0.005 s
d1_planner               L=10007 B=1     m=1     inner=206    min=   193.348 us/xform  median=   193.395  sd=  0.06%      3.44 GF/s  setup=0.005 s
d1_planner               L=10007 B=1     m=1     inner=158    min=   220.933 us/xform  median=   247.479  sd=  4.06%      3.01 GF/s  setup=0.007 s
d1_race                  L=10007 B=1     m=1     inner=154    min=   240.098 us/xform  median=   240.181  sd=  0.02%      2.77 GF/s  setup=2.365 s
d1_race                  L=10007 B=1     m=1     inner=72     min=   271.327 us/xform  median=   271.528  sd=  0.31%      2.45 GF/s  setup=0.019 s
d1_race                  L=10007 B=1     m=1     inner=142    min=   238.616 us/xform  median=   238.913  sd=  0.05%      2.79 GF/s  setup=0.015 s
d1_race                  L=10007 B=1     m=1     inner=166    min=   238.338 us/xform  median=   238.549  sd=  0.04%      2.79 GF/s  setup=0.012 s
d1_race                  L=10007 B=1     m=1     inner=128    min=   268.381 us/xform  median=   268.531  sd=  0.05%      2.48 GF/s  setup=0.017 s
d1_race                  L=10007 B=1     m=1     inner=144    min=   269.862 us/xform  median=   270.138  sd=  0.20%      2.46 GF/s  setup=0.012 s
d1_race                  L=10007 B=1     m=1     inner=83     min=   245.615 us/xform  median=   245.840  sd=  0.12%      2.71 GF/s  setup=0.011 s
d1_race                  L=10007 B=1     m=1     inner=160    min=   185.892 us/xform  median=   188.898  sd= 12.91%      3.58 GF/s  setup=0.014 s
d1_race                  L=10007 B=1     m=1     inner=206    min=   184.014 us/xform  median=   184.128  sd=  0.08%      3.61 GF/s  setup=0.010 s
fftw1d_estimate          L=10007 B=1     m=1     inner=56     min=   586.830 us/xform  median=   587.441  sd=  0.07%      1.13 GF/s  setup=0.002 s
fftw1d_estimate          L=10007 B=1     m=1     inner=50     min=   604.989 us/xform  median=   615.269  sd=  0.52%      1.10 GF/s  setup=0.002 s
fftw1d_estimate          L=10007 B=1     m=1     inner=52     min=   467.260 us/xform  median=   468.177  sd=  0.59%      1.42 GF/s  setup=0.002 s
fftw1d_estimate          L=10007 B=1     m=1     inner=82     min=   465.274 us/xform  median=   465.930  sd=  0.07%      1.43 GF/s  setup=0.001 s
fftw1d_estimate          L=10007 B=1     m=1     inner=56     min=   562.474 us/xform  median=   589.600  sd=  1.84%      1.18 GF/s  setup=0.002 s
fftw1d_estimate          L=10007 B=1     m=1     inner=52     min=   463.361 us/xform  median=   464.875  sd=  0.57%      1.43 GF/s  setup=0.002 s
fftw1d_estimate          L=10007 B=1     m=1     inner=56     min=   564.314 us/xform  median=   588.845  sd=  1.80%      1.18 GF/s  setup=0.002 s
fftw1d_estimate          L=10007 B=1     m=1     inner=58     min=   463.110 us/xform  median=   463.645  sd=  0.58%      1.44 GF/s  setup=0.002 s
fftw1d_estimate          L=10007 B=1     m=1     inner=56     min=   563.726 us/xform  median=   588.828  sd=  1.56%      1.18 GF/s  setup=0.002 s
fftw1d_measure           L=10007 B=1     m=1     inner=61     min=   325.202 us/xform  median=   326.207  sd=  0.09%      2.04 GF/s  setup=1.252 s
fftw1d_measure           L=10007 B=1     m=1     inner=120    min=   325.214 us/xform  median=   325.486  sd=  0.09%      2.04 GF/s  setup=1.148 s
fftw1d_measure           L=10007 B=1     m=1     inner=122    min=   326.159 us/xform  median=   326.513  sd=  0.08%      2.04 GF/s  setup=1.148 s
fftw1d_measure           L=10007 B=1     m=1     inner=120    min=   326.399 us/xform  median=   326.749  sd=  0.18%      2.04 GF/s  setup=1.140 s
fftw1d_measure           L=10007 B=1     m=1     inner=61     min=   327.401 us/xform  median=   328.183  sd=  0.10%      2.03 GF/s  setup=1.144 s
fftw1d_measure           L=10007 B=1     m=1     inner=62     min=   323.654 us/xform  median=   324.422  sd=  0.32%      2.05 GF/s  setup=1.131 s
fftw1d_measure           L=10007 B=1     m=1     inner=122    min=   323.644 us/xform  median=   324.122  sd=  0.09%      2.05 GF/s  setup=1.167 s
fftw1d_measure           L=10007 B=1     m=1     inner=118    min=   325.500 us/xform  median=   325.900  sd=  0.07%      2.04 GF/s  setup=1.145 s
fftw1d_measure           L=10007 B=1     m=1     inner=120    min=   324.358 us/xform  median=   324.861  sd=  0.20%      2.05 GF/s  setup=1.141 s
fftw1d_patient           L=10007 B=1     m=1     inner=100    min=   201.272 us/xform  median=   203.425  sd=  0.56%      3.30 GF/s  setup=19.856 s
fftw1d_patient           L=10007 B=1     m=1     inner=194    min=   201.149 us/xform  median=   202.704  sd=  0.60%      3.31 GF/s  setup=19.742 s
fftw1d_patient           L=10007 B=1     m=1     inner=100    min=   198.430 us/xform  median=   201.125  sd=  0.82%      3.35 GF/s  setup=19.843 s
fftw1d_patient           L=10007 B=1     m=1     inner=101    min=   198.755 us/xform  median=   199.186  sd=  0.39%      3.35 GF/s  setup=19.768 s
fftw1d_patient           L=10007 B=1     m=1     inner=194    min=   199.984 us/xform  median=   204.350  sd=  1.10%      3.32 GF/s  setup=19.828 s
fftw1d_patient           L=10007 B=1     m=1     inner=202    min=   198.354 us/xform  median=   199.416  sd=  0.35%      3.35 GF/s  setup=19.744 s
fftw1d_patient           L=10007 B=1     m=1     inner=192    min=   193.839 us/xform  median=   196.038  sd=  0.79%      3.43 GF/s  setup=19.850 s
fftw1d_patient           L=10007 B=1     m=1     inner=190    min=   200.534 us/xform  median=   201.638  sd=  0.53%      3.32 GF/s  setup=19.826 s
fftw1d_patient           L=10007 B=1     m=1     inner=103    min=   200.592 us/xform  median=   202.594  sd=  0.58%      3.31 GF/s  setup=19.860 s
mkl1d_dfti               L=10007 B=1     m=1     inner=66     min=   304.890 us/xform  median=   312.528  sd=  5.86%      2.18 GF/s  setup=0.004 s
mkl1d_dfti               L=10007 B=1     m=1     inner=92     min=   267.803 us/xform  median=   267.931  sd=  3.68%      2.48 GF/s  setup=0.004 s
mkl1d_dfti               L=10007 B=1     m=1     inner=108    min=   267.960 us/xform  median=   268.048  sd=  0.05%      2.48 GF/s  setup=0.003 s
mkl1d_dfti               L=10007 B=1     m=1     inner=104    min=   305.200 us/xform  median=   350.356  sd=  5.17%      2.18 GF/s  setup=0.003 s
mkl1d_dfti               L=10007 B=1     m=1     inner=94     min=   267.364 us/xform  median=   267.470  sd=  1.59%      2.49 GF/s  setup=0.004 s
mkl1d_dfti               L=10007 B=1     m=1     inner=104    min=   306.986 us/xform  median=   350.078  sd=  4.91%      2.17 GF/s  setup=0.003 s
mkl1d_dfti               L=10007 B=1     m=1     inner=112    min=   350.406 us/xform  median=   350.467  sd=  0.02%      1.90 GF/s  setup=0.003 s
mkl1d_dfti               L=10007 B=1     m=1     inner=112    min=   351.741 us/xform  median=   351.890  sd=  0.07%      1.89 GF/s  setup=0.003 s
mkl1d_dfti               L=10007 B=1     m=1     inner=112    min=   265.610 us/xform  median=   279.301  sd= 12.60%      2.50 GF/s  setup=0.003 s
   skipping baseline_dft at L=16384 B=1 (too expensive to be informative)
d1_bluestein             L=16384 B=1     m=1     inner=356    min=    88.341 us/xform  median=    93.695  sd=  2.49%     12.98 GF/s  setup=0.003 s
d1_bluestein             L=16384 B=1     m=1     inner=342    min=    76.659 us/xform  median=    76.760  sd=  0.55%     14.96 GF/s  setup=0.004 s
d1_bluestein             L=16384 B=1     m=1     inner=360    min=    88.090 us/xform  median=    93.506  sd=  2.21%     13.02 GF/s  setup=0.003 s
d1_bluestein             L=16384 B=1     m=1     inner=344    min=    76.796 us/xform  median=    76.929  sd=  0.62%     14.93 GF/s  setup=0.004 s
d1_bluestein             L=16384 B=1     m=1     inner=260    min=    76.724 us/xform  median=    76.767  sd=  0.11%     14.95 GF/s  setup=0.002 s
d1_bluestein             L=16384 B=1     m=1     inner=354    min=    78.460 us/xform  median=    78.549  sd=  0.05%     14.62 GF/s  setup=0.003 s
d1_bluestein             L=16384 B=1     m=1     inner=504    min=    78.058 us/xform  median=    78.110  sd=  0.19%     14.69 GF/s  setup=0.002 s
d1_bluestein             L=16384 B=1     m=1     inner=512    min=    77.366 us/xform  median=    77.420  sd=  0.05%     14.82 GF/s  setup=0.002 s
d1_bluestein             L=16384 B=1     m=1     inner=516    min=    76.993 us/xform  median=    77.023  sd=  0.19%     14.90 GF/s  setup=0.002 s
d1_planner               L=16384 B=1     m=1     inner=554    min=    70.753 us/xform  median=    82.761  sd=  6.48%     16.21 GF/s  setup=0.003 s
d1_planner               L=16384 B=1     m=1     inner=414    min=    78.555 us/xform  median=    78.710  sd=  0.11%     14.60 GF/s  setup=0.004 s
d1_planner               L=16384 B=1     m=1     inner=464    min=    83.910 us/xform  median=    83.933  sd=  0.05%     13.67 GF/s  setup=0.003 s
d1_planner               L=16384 B=1     m=1     inner=458    min=    85.092 us/xform  median=    85.203  sd=  0.09%     13.48 GF/s  setup=0.003 s
d1_planner               L=16384 B=1     m=1     inner=494    min=    61.090 us/xform  median=    67.369  sd= 12.89%     18.77 GF/s  setup=0.003 s
d1_planner               L=16384 B=1     m=1     inner=634    min=    62.389 us/xform  median=    62.409  sd=  0.03%     18.38 GF/s  setup=0.002 s
d1_planner               L=16384 B=1     m=1     inner=450    min=    61.093 us/xform  median=    61.136  sd=  0.06%     18.77 GF/s  setup=0.003 s
d1_planner               L=16384 B=1     m=1     inner=444    min=    62.644 us/xform  median=    62.686  sd=  0.08%     18.31 GF/s  setup=0.003 s
d1_planner               L=16384 B=1     m=1     inner=454    min=    61.484 us/xform  median=    61.516  sd=  0.03%     18.65 GF/s  setup=0.003 s
d1_pow2                  L=16384 B=1     m=1     inner=760    min=    52.784 us/xform  median=    64.782  sd=  8.66%     21.73 GF/s  setup=0.003 s
d1_pow2                  L=16384 B=1     m=1     inner=466    min=    45.721 us/xform  median=    45.750  sd=  4.40%     25.08 GF/s  setup=0.004 s
d1_pow2                  L=16384 B=1     m=1     inner=648    min=    53.210 us/xform  median=    66.739  sd=  8.01%     21.55 GF/s  setup=0.006 s
d1_pow2                  L=16384 B=1     m=1     inner=580    min=    67.515 us/xform  median=    67.558  sd=  0.03%     16.99 GF/s  setup=0.003 s
d1_pow2                  L=16384 B=1     m=1     inner=578    min=    52.922 us/xform  median=    67.512  sd=  6.83%     21.67 GF/s  setup=0.003 s
d1_pow2                  L=16384 B=1     m=1     inner=594    min=    59.381 us/xform  median=    59.411  sd=  0.03%     19.31 GF/s  setup=0.004 s
d1_pow2                  L=16384 B=1     m=1     inner=562    min=    44.853 us/xform  median=    44.895  sd=  1.47%     25.57 GF/s  setup=0.004 s
d1_pow2                  L=16384 B=1     m=1     inner=630    min=    44.787 us/xform  median=    44.830  sd=  0.12%     25.61 GF/s  setup=0.004 s
d1_pow2                  L=16384 B=1     m=1     inner=648    min=    45.073 us/xform  median=    45.096  sd=  0.10%     25.44 GF/s  setup=0.003 s
d1_race                  L=16384 B=1     m=1     inner=862    min=    45.623 us/xform  median=    45.652  sd=  0.06%     25.14 GF/s  setup=0.856 s
d1_race                  L=16384 B=1     m=1     inner=634    min=    43.949 us/xform  median=    43.974  sd=  0.13%     26.10 GF/s  setup=0.008 s
d1_race                  L=16384 B=1     m=1     inner=756    min=    53.982 us/xform  median=    54.136  sd=  0.09%     21.25 GF/s  setup=0.008 s
d1_race                  L=16384 B=1     m=1     inner=644    min=    44.498 us/xform  median=    44.537  sd=  0.07%     25.77 GF/s  setup=0.008 s
d1_race                  L=16384 B=1     m=1     inner=868    min=    45.559 us/xform  median=    45.575  sd=  0.04%     25.17 GF/s  setup=0.006 s
d1_race                  L=16384 B=1     m=1     inner=842    min=    46.627 us/xform  median=    46.670  sd=  0.08%     24.60 GF/s  setup=0.006 s
d1_race                  L=16384 B=1     m=1     inner=604    min=    54.467 us/xform  median=    55.511  sd=  0.55%     21.06 GF/s  setup=0.012 s
d1_race                  L=16384 B=1     m=1     inner=656    min=    56.498 us/xform  median=    56.556  sd=  0.22%     20.30 GF/s  setup=0.009 s
d1_race                  L=16384 B=1     m=1     inner=698    min=    56.304 us/xform  median=    56.320  sd=  0.04%     20.37 GF/s  setup=0.007 s
d1_twiddle               L=16384 B=1     m=1     inner=375    min=    51.392 us/xform  median=    51.441  sd=  1.57%     22.32 GF/s  setup=0.001 s
d1_twiddle               L=16384 B=1     m=1     inner=512    min=    60.526 us/xform  median=    60.564  sd=  0.04%     18.95 GF/s  setup=0.001 s
d1_twiddle               L=16384 B=1     m=1     inner=516    min=    52.529 us/xform  median=    52.637  sd=  0.39%     21.83 GF/s  setup=0.001 s
d1_twiddle               L=16384 B=1     m=1     inner=532    min=    52.651 us/xform  median=    52.677  sd=  0.09%     21.78 GF/s  setup=0.001 s
d1_twiddle               L=16384 B=1     m=1     inner=776    min=    50.785 us/xform  median=    50.820  sd=  0.03%     22.58 GF/s  setup=0.001 s
d1_twiddle               L=16384 B=1     m=1     inner=774    min=    50.693 us/xform  median=    50.735  sd=  0.07%     22.62 GF/s  setup=0.001 s
d1_twiddle               L=16384 B=1     m=1     inner=550    min=    61.297 us/xform  median=    63.927  sd=  1.23%     18.71 GF/s  setup=0.001 s
d1_twiddle               L=16384 B=1     m=1     inner=522    min=    50.952 us/xform  median=    51.004  sd=  1.77%     22.51 GF/s  setup=0.001 s
d1_twiddle               L=16384 B=1     m=1     inner=766    min=    51.568 us/xform  median=    51.585  sd=  0.03%     22.24 GF/s  setup=0.001 s
fftw1d_estimate          L=16384 B=1     m=1     inner=400    min=    79.260 us/xform  median=    79.271  sd=  0.01%     14.47 GF/s  setup=0.001 s
fftw1d_estimate          L=16384 B=1     m=1     inner=398    min=    79.280 us/xform  median=    79.304  sd=  0.05%     14.47 GF/s  setup=0.001 s
fftw1d_estimate          L=16384 B=1     m=1     inner=390    min=    69.446 us/xform  median=    71.327  sd=  1.19%     16.51 GF/s  setup=0.001 s
fftw1d_estimate          L=16384 B=1     m=1     inner=566    min=    70.348 us/xform  median=    70.361  sd=  0.01%     16.30 GF/s  setup=0.001 s
fftw1d_estimate          L=16384 B=1     m=1     inner=380    min=    69.913 us/xform  median=    69.931  sd=  0.32%     16.40 GF/s  setup=0.001 s
fftw1d_estimate          L=16384 B=1     m=1     inner=285    min=    70.129 us/xform  median=    70.142  sd=  0.01%     16.35 GF/s  setup=0.001 s
fftw1d_estimate          L=16384 B=1     m=1     inner=380    min=    79.720 us/xform  median=    79.752  sd=  0.03%     14.39 GF/s  setup=0.001 s
fftw1d_estimate          L=16384 B=1     m=1     inner=316    min=    70.938 us/xform  median=    70.946  sd=  0.03%     16.17 GF/s  setup=0.001 s
fftw1d_estimate          L=16384 B=1     m=1     inner=400    min=    79.270 us/xform  median=    79.283  sd=  0.02%     14.47 GF/s  setup=0.001 s
fftw1d_measure           L=16384 B=1     m=1     inner=984    min=    40.249 us/xform  median=    40.259  sd=  0.04%     28.49 GF/s  setup=0.616 s
fftw1d_measure           L=16384 B=1     m=1     inner=1130   min=    35.348 us/xform  median=    35.358  sd=  0.02%     32.45 GF/s  setup=0.570 s
fftw1d_measure           L=16384 B=1     m=1     inner=934    min=    41.690 us/xform  median=    41.713  sd=  0.03%     27.51 GF/s  setup=0.618 s
fftw1d_measure           L=16384 B=1     m=1     inner=990    min=    40.220 us/xform  median=    40.237  sd=  0.03%     28.52 GF/s  setup=0.618 s
fftw1d_measure           L=16384 B=1     m=1     inner=568    min=    35.174 us/xform  median=    35.201  sd=  0.03%     32.61 GF/s  setup=0.570 s
fftw1d_measure           L=16384 B=1     m=1     inner=1110   min=    36.027 us/xform  median=    36.034  sd=  0.02%     31.83 GF/s  setup=0.567 s
fftw1d_measure           L=16384 B=1     m=1     inner=1102   min=    36.077 us/xform  median=    36.083  sd=  0.01%     31.79 GF/s  setup=0.571 s
fftw1d_measure           L=16384 B=1     m=1     inner=1138   min=    35.040 us/xform  median=    35.057  sd=  0.02%     32.73 GF/s  setup=0.567 s
fftw1d_measure           L=16384 B=1     m=1     inner=996    min=    39.810 us/xform  median=    39.818  sd=  0.02%     28.81 GF/s  setup=0.623 s
fftw1d_patient           L=16384 B=1     m=1     inner=1232   min=    32.080 us/xform  median=    32.091  sd=  0.05%     35.75 GF/s  setup=6.246 s
fftw1d_patient           L=16384 B=1     m=1     inner=1234   min=    32.057 us/xform  median=    32.069  sd=  0.02%     35.78 GF/s  setup=6.381 s
fftw1d_patient           L=16384 B=1     m=1     inner=1224   min=    32.626 us/xform  median=    32.633  sd=  0.02%     35.15 GF/s  setup=6.370 s
fftw1d_patient           L=16384 B=1     m=1     inner=1224   min=    32.522 us/xform  median=    32.527  sd=  0.01%     35.26 GF/s  setup=6.253 s
fftw1d_patient           L=16384 B=1     m=1     inner=1250   min=    31.940 us/xform  median=    31.949  sd=  0.15%     35.91 GF/s  setup=6.437 s
fftw1d_patient           L=16384 B=1     m=1     inner=1228   min=    32.535 us/xform  median=    32.546  sd=  0.15%     35.25 GF/s  setup=6.253 s
fftw1d_patient           L=16384 B=1     m=1     inner=1226   min=    32.496 us/xform  median=    32.504  sd=  0.01%     35.29 GF/s  setup=6.242 s
fftw1d_patient           L=16384 B=1     m=1     inner=1236   min=    32.072 us/xform  median=    32.090  sd=  0.02%     35.76 GF/s  setup=6.246 s
fftw1d_patient           L=16384 B=1     m=1     inner=1218   min=    32.707 us/xform  median=    32.715  sd=  0.02%     35.06 GF/s  setup=6.254 s
mkl1d_dfti               L=16384 B=1     m=1     inner=998    min=    39.700 us/xform  median=    43.920  sd=  4.21%     28.89 GF/s  setup=0.002 s
mkl1d_dfti               L=16384 B=1     m=1     inner=918    min=    42.990 us/xform  median=    43.015  sd=  0.02%     26.68 GF/s  setup=0.003 s
mkl1d_dfti               L=16384 B=1     m=1     inner=443    min=    35.059 us/xform  median=    36.672  sd=  8.80%     32.71 GF/s  setup=0.002 s
mkl1d_dfti               L=16384 B=1     m=1     inner=782    min=    41.062 us/xform  median=    43.333  sd=  2.07%     27.93 GF/s  setup=0.003 s
mkl1d_dfti               L=16384 B=1     m=1     inner=802    min=    32.996 us/xform  median=    33.004  sd=  0.49%     34.76 GF/s  setup=0.003 s
mkl1d_dfti               L=16384 B=1     m=1     inner=582    min=    34.306 us/xform  median=    34.327  sd=  0.37%     33.43 GF/s  setup=0.002 s
mkl1d_dfti               L=16384 B=1     m=1     inner=626    min=    38.528 us/xform  median=    39.559  sd=  1.17%     29.77 GF/s  setup=0.002 s
mkl1d_dfti               L=16384 B=1     m=1     inner=353    min=    35.769 us/xform  median=    36.492  sd=  7.97%     32.06 GF/s  setup=0.002 s
mkl1d_dfti               L=16384 B=1     m=1     inner=774    min=    35.104 us/xform  median=    35.129  sd=  0.08%     32.67 GF/s  setup=0.002 s
   skipping baseline_dft at L=4096 B=1 (too expensive to be informative)
d1_bluestein             L=4096 B=1     m=1     inner=1502   min=    18.570 us/xform  median=    18.577  sd=  0.08%     13.23 GF/s  setup=0.001 s
d1_bluestein             L=4096 B=1     m=1     inner=1504   min=    18.432 us/xform  median=    18.441  sd=  0.03%     13.33 GF/s  setup=0.001 s
d1_bluestein             L=4096 B=1     m=1     inner=2140   min=    18.547 us/xform  median=    18.555  sd=  0.04%     13.25 GF/s  setup=0.001 s
d1_bluestein             L=4096 B=1     m=1     inner=2154   min=    18.481 us/xform  median=    18.488  sd=  0.15%     13.30 GF/s  setup=0.001 s
d1_bluestein             L=4096 B=1     m=1     inner=2146   min=    18.466 us/xform  median=    18.472  sd=  0.02%     13.31 GF/s  setup=0.001 s
d1_bluestein             L=4096 B=1     m=1     inner=1572   min=    18.539 us/xform  median=    18.549  sd=  0.08%     13.26 GF/s  setup=0.001 s
d1_bluestein             L=4096 B=1     m=1     inner=1086   min=    18.330 us/xform  median=    18.338  sd=  0.21%     13.41 GF/s  setup=0.001 s
d1_bluestein             L=4096 B=1     m=1     inner=1434   min=    18.431 us/xform  median=    18.442  sd=  0.09%     13.33 GF/s  setup=0.001 s
d1_bluestein             L=4096 B=1     m=1     inner=2172   min=    18.442 us/xform  median=    18.451  sd=  0.03%     13.33 GF/s  setup=0.001 s
d1_planner               L=4096 B=1     m=1     inner=2422   min=    16.247 us/xform  median=    16.258  sd=  0.03%     15.13 GF/s  setup=0.001 s
d1_planner               L=4096 B=1     m=1     inner=1924   min=    16.322 us/xform  median=    16.326  sd=  0.02%     15.06 GF/s  setup=0.001 s
d1_planner               L=4096 B=1     m=1     inner=1818   min=    16.150 us/xform  median=    16.167  sd=  0.06%     15.22 GF/s  setup=0.001 s
d1_planner               L=4096 B=1     m=1     inner=1956   min=    16.061 us/xform  median=    16.069  sd=  0.02%     15.30 GF/s  setup=0.001 s
d1_planner               L=4096 B=1     m=1     inner=1910   min=    14.607 us/xform  median=    14.613  sd=  0.03%     16.82 GF/s  setup=0.001 s
d1_planner               L=4096 B=1     m=1     inner=2696   min=    14.631 us/xform  median=    14.635  sd=  0.03%     16.80 GF/s  setup=0.001 s
d1_planner               L=4096 B=1     m=1     inner=1425   min=    14.053 us/xform  median=    14.058  sd=  0.05%     17.49 GF/s  setup=0.001 s
d1_planner               L=4096 B=1     m=1     inner=2834   min=    14.014 us/xform  median=    14.019  sd=  0.05%     17.54 GF/s  setup=0.001 s
d1_planner               L=4096 B=1     m=1     inner=1968   min=    15.988 us/xform  median=    15.990  sd=  0.02%     15.37 GF/s  setup=0.001 s
d1_pow2                  L=4096 B=1     m=1     inner=2138   min=     9.094 us/xform  median=     9.100  sd=  2.64%     27.02 GF/s  setup=0.001 s
d1_pow2                  L=4096 B=1     m=1     inner=2900   min=     9.103 us/xform  median=     9.107  sd=  0.05%     27.00 GF/s  setup=0.001 s
d1_pow2                  L=4096 B=1     m=1     inner=3046   min=    10.378 us/xform  median=    10.385  sd=  0.02%     23.68 GF/s  setup=0.001 s
d1_pow2                  L=4096 B=1     m=1     inner=1928   min=    10.422 us/xform  median=    10.425  sd=  0.03%     23.58 GF/s  setup=0.001 s
d1_pow2                  L=4096 B=1     m=1     inner=3788   min=    10.454 us/xform  median=    10.456  sd=  0.02%     23.51 GF/s  setup=0.001 s
d1_pow2                  L=4096 B=1     m=1     inner=2842   min=     9.116 us/xform  median=     9.120  sd=  0.23%     26.96 GF/s  setup=0.001 s
d1_pow2                  L=4096 B=1     m=1     inner=4204   min=     9.127 us/xform  median=     9.129  sd=  0.02%     26.93 GF/s  setup=0.001 s
d1_pow2                  L=4096 B=1     m=1     inner=3042   min=    10.352 us/xform  median=    10.355  sd=  0.03%     23.74 GF/s  setup=0.001 s
d1_pow2                  L=4096 B=1     m=1     inner=3832   min=    10.377 us/xform  median=    10.381  sd=  0.03%     23.68 GF/s  setup=0.001 s
d1_race                  L=4096 B=1     m=1     inner=3710   min=     9.344 us/xform  median=    10.633  sd=  6.72%     26.30 GF/s  setup=0.828 s
d1_race                  L=4096 B=1     m=1     inner=1843   min=     9.542 us/xform  median=    10.856  sd=  4.79%     25.76 GF/s  setup=0.005 s
d1_race                  L=4096 B=1     m=1     inner=2920   min=     9.497 us/xform  median=     9.502  sd=  0.57%     25.88 GF/s  setup=0.006 s
d1_race                  L=4096 B=1     m=1     inner=2924   min=    10.888 us/xform  median=    10.891  sd=  0.03%     22.57 GF/s  setup=0.005 s
d1_race                  L=4096 B=1     m=1     inner=2762   min=     9.539 us/xform  median=     9.541  sd=  0.03%     25.76 GF/s  setup=0.006 s
d1_race                  L=4096 B=1     m=1     inner=2091   min=     9.531 us/xform  median=     9.537  sd=  0.05%     25.79 GF/s  setup=0.005 s
d1_race                  L=4096 B=1     m=1     inner=4048   min=     9.520 us/xform  median=     9.522  sd=  0.03%     25.82 GF/s  setup=0.004 s
d1_race                  L=4096 B=1     m=1     inner=4078   min=     9.556 us/xform  median=     9.560  sd=  0.17%     25.72 GF/s  setup=0.004 s
d1_race                  L=4096 B=1     m=1     inner=2760   min=    10.911 us/xform  median=    10.913  sd=  0.02%     22.52 GF/s  setup=0.005 s
d1_twiddle               L=4096 B=1     m=1     inner=3764   min=    10.498 us/xform  median=    10.513  sd=  0.16%     23.41 GF/s  setup=0.000 s
d1_twiddle               L=4096 B=1     m=1     inner=2208   min=     9.186 us/xform  median=     9.199  sd=  1.01%     26.75 GF/s  setup=0.000 s
d1_twiddle               L=4096 B=1     m=1     inner=2156   min=     9.165 us/xform  median=     9.174  sd=  1.48%     26.82 GF/s  setup=0.000 s
d1_twiddle               L=4096 B=1     m=1     inner=4232   min=     9.137 us/xform  median=     9.152  sd=  0.08%     26.90 GF/s  setup=0.000 s
d1_twiddle               L=4096 B=1     m=1     inner=3028   min=     9.224 us/xform  median=     9.236  sd=  0.07%     26.64 GF/s  setup=0.000 s
d1_twiddle               L=4096 B=1     m=1     inner=4314   min=     9.171 us/xform  median=     9.184  sd=  0.07%     26.80 GF/s  setup=0.000 s
d1_twiddle               L=4096 B=1     m=1     inner=4232   min=     9.176 us/xform  median=     9.188  sd=  0.05%     26.78 GF/s  setup=0.000 s
d1_twiddle               L=4096 B=1     m=1     inner=4082   min=     9.302 us/xform  median=     9.324  sd=  0.10%     26.42 GF/s  setup=0.000 s
d1_twiddle               L=4096 B=1     m=1     inner=2970   min=     9.262 us/xform  median=     9.281  sd=  0.13%     26.53 GF/s  setup=0.000 s
fftw1d_estimate          L=4096 B=1     m=1     inner=1770   min=    17.888 us/xform  median=    17.893  sd=  0.03%     13.74 GF/s  setup=0.001 s
fftw1d_estimate          L=4096 B=1     m=1     inner=1696   min=    17.915 us/xform  median=    17.922  sd=  0.02%     13.72 GF/s  setup=0.001 s
fftw1d_estimate          L=4096 B=1     m=1     inner=2484   min=    16.017 us/xform  median=    16.020  sd=  0.02%     15.34 GF/s  setup=0.001 s
fftw1d_estimate          L=4096 B=1     m=1     inner=1280   min=    15.693 us/xform  median=    15.696  sd=  0.02%     15.66 GF/s  setup=0.000 s
fftw1d_estimate          L=4096 B=1     m=1     inner=1269   min=    15.876 us/xform  median=    15.882  sd=  0.04%     15.48 GF/s  setup=0.000 s
fftw1d_estimate          L=4096 B=1     m=1     inner=1686   min=    15.682 us/xform  median=    15.686  sd=  0.23%     15.67 GF/s  setup=0.001 s
fftw1d_estimate          L=4096 B=1     m=1     inner=2546   min=    15.678 us/xform  median=    15.682  sd=  0.02%     15.68 GF/s  setup=0.001 s
fftw1d_estimate          L=4096 B=1     m=1     inner=1690   min=    17.914 us/xform  median=    17.920  sd=  0.08%     13.72 GF/s  setup=0.001 s
fftw1d_estimate          L=4096 B=1     m=1     inner=1710   min=    18.523 us/xform  median=    18.527  sd=  0.02%     13.27 GF/s  setup=0.001 s
fftw1d_measure           L=4096 B=1     m=1     inner=4598   min=     8.493 us/xform  median=     8.495  sd=  0.01%     28.94 GF/s  setup=0.234 s
fftw1d_measure           L=4096 B=1     m=1     inner=4644   min=     8.539 us/xform  median=     8.544  sd=  0.06%     28.78 GF/s  setup=0.234 s
fftw1d_measure           L=4096 B=1     m=1     inner=4708   min=     8.373 us/xform  median=     8.375  sd=  0.06%     29.35 GF/s  setup=0.233 s
fftw1d_measure           L=4096 B=1     m=1     inner=4522   min=     7.691 us/xform  median=     8.752  sd=  6.38%     31.95 GF/s  setup=0.234 s
fftw1d_measure           L=4096 B=1     m=1     inner=5450   min=     7.297 us/xform  median=     7.299  sd=  0.02%     33.68 GF/s  setup=0.220 s
fftw1d_measure           L=4096 B=1     m=1     inner=4970   min=     7.914 us/xform  median=     7.918  sd=  0.03%     31.05 GF/s  setup=0.220 s
fftw1d_measure           L=4096 B=1     m=1     inner=4624   min=     8.520 us/xform  median=     8.522  sd=  0.07%     28.84 GF/s  setup=0.234 s
fftw1d_measure           L=4096 B=1     m=1     inner=5302   min=     7.449 us/xform  median=     7.450  sd=  0.01%     32.99 GF/s  setup=0.220 s
fftw1d_measure           L=4096 B=1     m=1     inner=5382   min=     7.383 us/xform  median=     7.385  sd=  0.02%     33.29 GF/s  setup=0.220 s
fftw1d_patient           L=4096 B=1     m=1     inner=5796   min=     6.750 us/xform  median=     6.753  sd=  0.15%     36.41 GF/s  setup=1.990 s
fftw1d_patient           L=4096 B=1     m=1     inner=5696   min=     6.934 us/xform  median=     6.935  sd=  0.01%     35.44 GF/s  setup=1.933 s
fftw1d_patient           L=4096 B=1     m=1     inner=5620   min=     6.990 us/xform  median=     6.992  sd=  0.06%     35.16 GF/s  setup=1.998 s
fftw1d_patient           L=4096 B=1     m=1     inner=5734   min=     6.918 us/xform  median=     6.921  sd=  0.05%     35.52 GF/s  setup=1.930 s
fftw1d_patient           L=4096 B=1     m=1     inner=5810   min=     6.701 us/xform  median=     6.704  sd=  0.02%     36.68 GF/s  setup=1.934 s
fftw1d_patient           L=4096 B=1     m=1     inner=5752   min=     6.818 us/xform  median=     6.822  sd=  0.04%     36.05 GF/s  setup=1.930 s
fftw1d_patient           L=4096 B=1     m=1     inner=5832   min=     6.758 us/xform  median=     6.761  sd=  0.14%     36.36 GF/s  setup=1.939 s
fftw1d_patient           L=4096 B=1     m=1     inner=5896   min=     6.729 us/xform  median=     6.731  sd=  0.02%     36.52 GF/s  setup=1.933 s
fftw1d_patient           L=4096 B=1     m=1     inner=5858   min=     6.748 us/xform  median=     6.750  sd=  0.03%     36.42 GF/s  setup=1.986 s
mkl1d_dfti               L=4096 B=1     m=1     inner=5752   min=     6.844 us/xform  median=     6.845  sd=  0.01%     35.91 GF/s  setup=0.002 s
mkl1d_dfti               L=4096 B=1     m=1     inner=4568   min=     6.002 us/xform  median=     6.003  sd=  0.01%     40.95 GF/s  setup=0.002 s
mkl1d_dfti               L=4096 B=1     m=1     inner=4750   min=     6.874 us/xform  median=     6.876  sd=  0.01%     35.75 GF/s  setup=0.002 s
mkl1d_dfti               L=4096 B=1     m=1     inner=4552   min=     6.826 us/xform  median=     6.827  sd=  0.08%     36.00 GF/s  setup=0.002 s
mkl1d_dfti               L=4096 B=1     m=1     inner=4456   min=     6.008 us/xform  median=     6.009  sd=  0.01%     40.90 GF/s  setup=0.002 s
mkl1d_dfti               L=4096 B=1     m=1     inner=4618   min=     6.833 us/xform  median=     6.835  sd=  0.01%     35.96 GF/s  setup=0.002 s
mkl1d_dfti               L=4096 B=1     m=1     inner=4680   min=     5.992 us/xform  median=     5.993  sd=  0.02%     41.02 GF/s  setup=0.002 s
mkl1d_dfti               L=4096 B=1     m=1     inner=6614   min=     6.009 us/xform  median=     6.011  sd=  0.02%     40.90 GF/s  setup=0.001 s
mkl1d_dfti               L=4096 B=1     m=1     inner=6556   min=     6.003 us/xform  median=     6.004  sd=  0.01%     40.94 GF/s  setup=0.001 s
   skipping baseline_dft at L=128 B=512 (too expensive to be informative)
d1_batchlane             L=128 B=512   m=1     inner=288    min=     0.256 us/xform  median=     0.256  sd=  0.56%     17.51 GF/s  setup=0.000 s
d1_batchlane             L=128 B=512   m=1     inner=230    min=     0.296 us/xform  median=     0.301  sd=  0.56%     15.11 GF/s  setup=0.000 s
d1_batchlane             L=128 B=512   m=1     inner=254    min=     0.300 us/xform  median=     0.301  sd=  0.05%     14.93 GF/s  setup=0.000 s
d1_batchlane             L=128 B=512   m=1     inner=208    min=     0.376 us/xform  median=     0.386  sd=  0.85%     11.92 GF/s  setup=0.000 s
d1_batchlane             L=128 B=512   m=1     inner=188    min=     0.385 us/xform  median=     0.413  sd=  3.45%     11.64 GF/s  setup=0.000 s
d1_batchlane             L=128 B=512   m=1     inner=152    min=     0.257 us/xform  median=     0.258  sd=  7.76%     17.45 GF/s  setup=0.000 s
d1_batchlane             L=128 B=512   m=1     inner=230    min=     0.295 us/xform  median=     0.300  sd=  0.53%     15.19 GF/s  setup=0.000 s
d1_batchlane             L=128 B=512   m=1     inner=128    min=     0.304 us/xform  median=     0.304  sd=  0.13%     14.74 GF/s  setup=0.000 s
d1_batchlane             L=128 B=512   m=1     inner=204    min=     0.373 us/xform  median=     0.387  sd=  1.07%     12.00 GF/s  setup=0.000 s
d1_bluestein             L=128 B=512   m=1     inner=202    min=     0.359 us/xform  median=     0.359  sd=  0.11%     12.50 GF/s  setup=0.000 s
d1_bluestein             L=128 B=512   m=1     inner=154    min=     0.407 us/xform  median=     0.450  sd=  3.66%     11.00 GF/s  setup=0.000 s
d1_bluestein             L=128 B=512   m=1     inner=128    min=     0.360 us/xform  median=     0.361  sd=  4.06%     12.45 GF/s  setup=0.000 s
d1_bluestein             L=128 B=512   m=1     inner=154    min=     0.406 us/xform  median=     0.453  sd=  4.13%     11.04 GF/s  setup=0.000 s
d1_bluestein             L=128 B=512   m=1     inner=108    min=     0.425 us/xform  median=     0.433  sd=  5.01%     10.53 GF/s  setup=0.000 s
d1_bluestein             L=128 B=512   m=1     inner=160    min=     0.413 us/xform  median=     0.455  sd=  2.95%     10.85 GF/s  setup=0.000 s
d1_bluestein             L=128 B=512   m=1     inner=136    min=     0.520 us/xform  median=     0.521  sd=  0.09%      8.62 GF/s  setup=0.000 s
d1_bluestein             L=128 B=512   m=1     inner=106    min=     0.371 us/xform  median=     0.372  sd=  6.80%     12.07 GF/s  setup=0.000 s
d1_bluestein             L=128 B=512   m=1     inner=160    min=     0.405 us/xform  median=     0.454  sd=  3.63%     11.07 GF/s  setup=0.000 s
d1_planner               L=128 B=512   m=1     inner=144    min=     0.483 us/xform  median=     0.484  sd=  0.17%      9.28 GF/s  setup=0.000 s
d1_planner               L=128 B=512   m=1     inner=81     min=     0.483 us/xform  median=     0.484  sd=  0.14%      9.27 GF/s  setup=0.000 s
d1_planner               L=128 B=512   m=1     inner=81     min=     0.483 us/xform  median=     0.484  sd=  0.18%      9.28 GF/s  setup=0.000 s
d1_planner               L=128 B=512   m=1     inner=81     min=     0.483 us/xform  median=     0.484  sd=  0.15%      9.28 GF/s  setup=0.000 s
d1_planner               L=128 B=512   m=1     inner=138    min=     0.429 us/xform  median=     0.455  sd=  1.83%     10.44 GF/s  setup=0.000 s
d1_planner               L=128 B=512   m=1     inner=136    min=     0.493 us/xform  median=     0.495  sd=  0.42%      9.08 GF/s  setup=0.000 s
d1_planner               L=128 B=512   m=1     inner=146    min=     0.427 us/xform  median=     0.428  sd=  0.15%     10.49 GF/s  setup=0.000 s
d1_planner               L=128 B=512   m=1     inner=172    min=     0.431 us/xform  median=     0.432  sd=  0.08%     10.39 GF/s  setup=0.000 s
d1_planner               L=128 B=512   m=1     inner=74     min=     0.483 us/xform  median=     0.484  sd=  0.59%      9.27 GF/s  setup=0.000 s
d1_pow2                  L=128 B=512   m=1     inner=238    min=     0.173 us/xform  median=     0.177  sd=  5.73%     25.92 GF/s  setup=0.000 s
d1_pow2                  L=128 B=512   m=1     inner=330    min=     0.176 us/xform  median=     0.177  sd=  1.02%     25.40 GF/s  setup=0.000 s
d1_pow2                  L=128 B=512   m=1     inner=312    min=     0.179 us/xform  median=     0.180  sd=  0.22%     24.96 GF/s  setup=0.000 s
d1_pow2                  L=128 B=512   m=1     inner=428    min=     0.176 us/xform  median=     0.177  sd=  0.08%     25.41 GF/s  setup=0.000 s
d1_pow2                  L=128 B=512   m=1     inner=380    min=     0.153 us/xform  median=     0.175  sd=  5.15%     29.28 GF/s  setup=0.000 s
d1_pow2                  L=128 B=512   m=1     inner=344    min=     0.175 us/xform  median=     0.177  sd=  1.78%     25.60 GF/s  setup=0.000 s
d1_pow2                  L=128 B=512   m=1     inner=390    min=     0.154 us/xform  median=     0.154  sd=  0.05%     29.10 GF/s  setup=0.000 s
d1_pow2                  L=128 B=512   m=1     inner=392    min=     0.170 us/xform  median=     0.170  sd=  0.06%     26.42 GF/s  setup=0.000 s
d1_pow2                  L=128 B=512   m=1     inner=390    min=     0.154 us/xform  median=     0.154  sd=  0.13%     29.09 GF/s  setup=0.000 s
d1_race                  L=128 B=512   m=1     inner=280    min=     0.170 us/xform  median=     0.170  sd=  5.17%     26.39 GF/s  setup=0.703 s
d1_race                  L=128 B=512   m=1     inner=350    min=     0.181 us/xform  median=     0.181  sd=  0.19%     24.80 GF/s  setup=0.012 s
d1_race                  L=128 B=512   m=1     inner=384    min=     0.170 us/xform  median=     0.171  sd=  0.17%     26.33 GF/s  setup=0.008 s
d1_race                  L=128 B=512   m=1     inner=452    min=     0.169 us/xform  median=     0.169  sd=  0.21%     26.52 GF/s  setup=0.008 s
d1_race                  L=128 B=512   m=1     inner=368    min=     0.181 us/xform  median=     0.181  sd=  0.09%     24.76 GF/s  setup=0.009 s
d1_race                  L=128 B=512   m=1     inner=420    min=     0.180 us/xform  median=     0.180  sd=  0.09%     24.90 GF/s  setup=0.010 s
d1_race                  L=128 B=512   m=1     inner=390    min=     0.155 us/xform  median=     0.155  sd=  0.07%     28.93 GF/s  setup=0.005 s
d1_race                  L=128 B=512   m=1     inner=502    min=     0.155 us/xform  median=     0.155  sd=  0.08%     28.91 GF/s  setup=0.005 s
d1_race                  L=128 B=512   m=1     inner=498    min=     0.155 us/xform  median=     0.155  sd=  0.08%     28.98 GF/s  setup=0.004 s
d1_twiddle               L=128 B=512   m=1     inner=336    min=     0.197 us/xform  median=     0.198  sd=  0.15%     22.75 GF/s  setup=0.000 s
d1_twiddle               L=128 B=512   m=1     inner=380    min=     0.198 us/xform  median=     0.198  sd=  0.20%     22.67 GF/s  setup=0.000 s
d1_twiddle               L=128 B=512   m=1     inner=378    min=     0.186 us/xform  median=     0.198  sd=  2.31%     24.10 GF/s  setup=0.000 s
d1_twiddle               L=128 B=512   m=1     inner=314    min=     0.190 us/xform  median=     0.191  sd=  0.15%     23.52 GF/s  setup=0.000 s
d1_twiddle               L=128 B=512   m=1     inner=328    min=     0.186 us/xform  median=     0.186  sd=  0.17%     24.05 GF/s  setup=0.000 s
d1_twiddle               L=128 B=512   m=1     inner=342    min=     0.190 us/xform  median=     0.190  sd=  0.11%     23.64 GF/s  setup=0.000 s
d1_twiddle               L=128 B=512   m=1     inner=328    min=     0.185 us/xform  median=     0.186  sd=  0.23%     24.26 GF/s  setup=0.000 s
d1_twiddle               L=128 B=512   m=1     inner=412    min=     0.187 us/xform  median=     0.187  sd=  0.21%     24.02 GF/s  setup=0.000 s
d1_twiddle               L=128 B=512   m=1     inner=336    min=     0.191 us/xform  median=     0.192  sd=  0.17%     23.43 GF/s  setup=0.000 s
fftw1d_custom            L=128 B=512   m=1     inner=96     min=     0.765 us/xform  median=     0.766  sd=  0.50%      5.85 GF/s  setup=0.000 s
fftw1d_custom            L=128 B=512   m=1     inner=102    min=     0.763 us/xform  median=     0.764  sd=  0.15%      5.87 GF/s  setup=0.000 s
fftw1d_custom            L=128 B=512   m=1     inner=74     min=     0.911 us/xform  median=     0.949  sd=  1.16%      4.92 GF/s  setup=0.000 s
fftw1d_custom            L=128 B=512   m=1     inner=66     min=     0.765 us/xform  median=     0.766  sd=  1.03%      5.86 GF/s  setup=0.000 s
fftw1d_custom            L=128 B=512   m=1     inner=102    min=     0.764 us/xform  median=     0.764  sd=  0.13%      5.87 GF/s  setup=0.000 s
fftw1d_custom            L=128 B=512   m=1     inner=74     min=     0.899 us/xform  median=     1.080  sd=  6.08%      4.98 GF/s  setup=0.000 s
fftw1d_custom            L=128 B=512   m=1     inner=60     min=     0.948 us/xform  median=     0.949  sd=  1.08%      4.73 GF/s  setup=0.000 s
fftw1d_custom            L=128 B=512   m=1     inner=72     min=     1.014 us/xform  median=     1.056  sd=  1.52%      4.42 GF/s  setup=0.000 s
fftw1d_custom            L=128 B=512   m=1     inner=72     min=     1.014 us/xform  median=     1.056  sd=  1.92%      4.42 GF/s  setup=0.000 s
fftw1d_custom_soa        L=128 B=512   m=1     inner=116    min=     0.542 us/xform  median=     0.542  sd=  0.37%      8.27 GF/s  setup=0.000 s
fftw1d_custom_soa        L=128 B=512   m=1     inner=142    min=     0.543 us/xform  median=     0.543  sd=  0.03%      8.26 GF/s  setup=0.000 s
fftw1d_custom_soa        L=128 B=512   m=1     inner=118    min=     0.587 us/xform  median=     0.587  sd=  0.02%      7.63 GF/s  setup=0.000 s
fftw1d_custom_soa        L=128 B=512   m=1     inner=110    min=     0.600 us/xform  median=     0.600  sd=  0.02%      7.47 GF/s  setup=0.000 s
fftw1d_custom_soa        L=128 B=512   m=1     inner=104    min=     0.564 us/xform  median=     0.564  sd=  0.23%      7.95 GF/s  setup=0.000 s
fftw1d_custom_soa        L=128 B=512   m=1     inner=132    min=     0.563 us/xform  median=     0.563  sd=  0.02%      7.96 GF/s  setup=0.000 s
fftw1d_custom_soa        L=128 B=512   m=1     inner=112    min=     0.596 us/xform  median=     0.596  sd=  0.91%      7.52 GF/s  setup=0.000 s
fftw1d_custom_soa        L=128 B=512   m=1     inner=63     min=     0.608 us/xform  median=     0.609  sd=  1.26%      7.36 GF/s  setup=0.000 s
fftw1d_custom_soa        L=128 B=512   m=1     inner=110    min=     0.599 us/xform  median=     0.599  sd=  0.01%      7.48 GF/s  setup=0.000 s
fftw1d_estimate          L=128 B=512   m=1     inner=76     min=     0.524 us/xform  median=     0.550  sd=  9.74%      8.55 GF/s  setup=0.001 s
fftw1d_estimate          L=128 B=512   m=1     inner=102    min=     0.640 us/xform  median=     0.644  sd=  0.24%      7.00 GF/s  setup=0.001 s
fftw1d_estimate          L=128 B=512   m=1     inner=118    min=     0.453 us/xform  median=     0.456  sd= 12.27%      9.88 GF/s  setup=0.001 s
fftw1d_estimate          L=128 B=512   m=1     inner=118    min=     0.533 us/xform  median=     0.668  sd=  8.26%      8.41 GF/s  setup=0.001 s
fftw1d_estimate          L=128 B=512   m=1     inner=98     min=     0.668 us/xform  median=     0.670  sd=  0.18%      6.71 GF/s  setup=0.001 s
fftw1d_estimate          L=128 B=512   m=1     inner=148    min=     0.559 us/xform  median=     0.664  sd=  4.91%      8.02 GF/s  setup=0.001 s
fftw1d_estimate          L=128 B=512   m=1     inner=92     min=     0.678 us/xform  median=     0.679  sd=  0.23%      6.61 GF/s  setup=0.001 s
fftw1d_estimate          L=128 B=512   m=1     inner=100    min=     0.679 us/xform  median=     0.683  sd=  0.34%      6.60 GF/s  setup=0.001 s
fftw1d_estimate          L=128 B=512   m=1     inner=114    min=     0.672 us/xform  median=     0.673  sd=  0.20%      6.67 GF/s  setup=0.001 s
fftw1d_measure           L=128 B=512   m=1     inner=394    min=     0.186 us/xform  median=     0.186  sd=  0.17%     24.07 GF/s  setup=0.047 s
fftw1d_measure           L=128 B=512   m=1     inner=420    min=     0.185 us/xform  median=     0.186  sd=  0.03%     24.15 GF/s  setup=0.046 s
fftw1d_measure           L=128 B=512   m=1     inner=352    min=     0.209 us/xform  median=     0.209  sd=  0.04%     21.46 GF/s  setup=0.050 s
fftw1d_measure           L=128 B=512   m=1     inner=316    min=     0.220 us/xform  median=     0.220  sd=  0.03%     20.36 GF/s  setup=0.050 s
fftw1d_measure           L=128 B=512   m=1     inner=207    min=     0.189 us/xform  median=     0.189  sd=  0.03%     23.71 GF/s  setup=0.050 s
fftw1d_measure           L=128 B=512   m=1     inner=356    min=     0.210 us/xform  median=     0.210  sd=  0.10%     21.36 GF/s  setup=0.050 s
fftw1d_measure           L=128 B=512   m=1     inner=346    min=     0.209 us/xform  median=     0.209  sd=  0.03%     21.47 GF/s  setup=0.050 s
fftw1d_measure           L=128 B=512   m=1     inner=414    min=     0.187 us/xform  median=     0.187  sd=  0.03%     23.93 GF/s  setup=0.049 s
fftw1d_measure           L=128 B=512   m=1     inner=354    min=     0.211 us/xform  median=     0.211  sd=  0.03%     21.28 GF/s  setup=0.050 s
fftw1d_patient           L=128 B=512   m=1     inner=236    min=     0.237 us/xform  median=     0.237  sd=  1.02%     18.89 GF/s  setup=0.959 s
fftw1d_patient           L=128 B=512   m=1     inner=412    min=     0.188 us/xform  median=     0.188  sd=  0.11%     23.86 GF/s  setup=0.866 s
fftw1d_patient           L=128 B=512   m=1     inner=408    min=     0.190 us/xform  median=     0.190  sd=  0.07%     23.56 GF/s  setup=0.816 s
fftw1d_patient           L=128 B=512   m=1     inner=203    min=     0.193 us/xform  median=     0.193  sd=  0.10%     23.26 GF/s  setup=0.711 s
fftw1d_patient           L=128 B=512   m=1     inner=408    min=     0.191 us/xform  median=     0.191  sd=  0.07%     23.43 GF/s  setup=0.712 s
fftw1d_patient           L=128 B=512   m=1     inner=414    min=     0.188 us/xform  median=     0.189  sd=  0.04%     23.79 GF/s  setup=0.711 s
fftw1d_patient           L=128 B=512   m=1     inner=408    min=     0.191 us/xform  median=     0.191  sd=  0.04%     23.45 GF/s  setup=0.704 s
fftw1d_patient           L=128 B=512   m=1     inner=404    min=     0.193 us/xform  median=     0.193  sd=  0.06%     23.18 GF/s  setup=0.709 s
fftw1d_patient           L=128 B=512   m=1     inner=406    min=     0.189 us/xform  median=     0.189  sd=  0.08%     23.67 GF/s  setup=0.703 s
mkl1d_dfti               L=128 B=512   m=1     inner=230    min=     0.169 us/xform  median=     0.170  sd=  0.17%     26.46 GF/s  setup=0.002 s
mkl1d_dfti               L=128 B=512   m=1     inner=434    min=     0.160 us/xform  median=     0.161  sd=  0.06%     27.92 GF/s  setup=0.002 s
mkl1d_dfti               L=128 B=512   m=1     inner=462    min=     0.161 us/xform  median=     0.161  sd=  0.05%     27.78 GF/s  setup=0.001 s
mkl1d_dfti               L=128 B=512   m=1     inner=410    min=     0.160 us/xform  median=     0.160  sd=  0.32%     28.07 GF/s  setup=0.002 s
mkl1d_dfti               L=128 B=512   m=1     inner=241    min=     0.160 us/xform  median=     0.160  sd=  0.57%     28.04 GF/s  setup=0.001 s
mkl1d_dfti               L=128 B=512   m=1     inner=486    min=     0.161 us/xform  median=     0.161  sd=  0.08%     27.84 GF/s  setup=0.001 s
mkl1d_dfti               L=128 B=512   m=1     inner=470    min=     0.159 us/xform  median=     0.160  sd=  0.69%     28.09 GF/s  setup=0.001 s
mkl1d_dfti               L=128 B=512   m=1     inner=242    min=     0.144 us/xform  median=     0.144  sd=  3.56%     31.12 GF/s  setup=0.001 s
mkl1d_dfti               L=128 B=512   m=1     inner=402    min=     0.168 us/xform  median=     0.169  sd=  0.10%     26.63 GF/s  setup=0.002 s
baseline_dft             L=64  B=512   m=1     inner=8      min=     8.485 us/xform  median=     8.486  sd=  0.01%      0.23 GF/s  setup=0.000 s
baseline_dft             L=64  B=512   m=1     inner=8      min=     8.485 us/xform  median=     8.488  sd=  0.02%      0.23 GF/s  setup=0.000 s
baseline_dft             L=64  B=512   m=1     inner=8      min=     7.029 us/xform  median=     7.029  sd=  0.01%      0.27 GF/s  setup=0.000 s
baseline_dft             L=64  B=512   m=1     inner=8      min=     7.029 us/xform  median=     7.029  sd=  0.01%      0.27 GF/s  setup=0.000 s
baseline_dft             L=64  B=512   m=1     inner=8      min=     8.484 us/xform  median=     8.485  sd=  0.01%      0.23 GF/s  setup=0.000 s
baseline_dft             L=64  B=512   m=1     inner=8      min=     7.029 us/xform  median=     7.029  sd=  0.01%      0.27 GF/s  setup=0.000 s
baseline_dft             L=64  B=512   m=1     inner=8      min=     8.485 us/xform  median=     8.486  sd=  0.01%      0.23 GF/s  setup=0.000 s
baseline_dft             L=64  B=512   m=1     inner=8      min=     7.029 us/xform  median=     7.029  sd=  0.01%      0.27 GF/s  setup=0.000 s
baseline_dft             L=64  B=512   m=1     inner=8      min=     8.485 us/xform  median=     8.487  sd=  0.07%      0.23 GF/s  setup=0.000 s
d1_batchlane             L=64  B=512   m=1     inner=898    min=     0.084 us/xform  median=     0.090  sd=  1.93%     22.91 GF/s  setup=0.000 s
d1_batchlane             L=64  B=512   m=1     inner=664    min=     0.096 us/xform  median=     0.097  sd=  0.05%     19.90 GF/s  setup=0.000 s
d1_batchlane             L=64  B=512   m=1     inner=654    min=     0.092 us/xform  median=     0.092  sd=  0.08%     20.83 GF/s  setup=0.000 s
d1_batchlane             L=64  B=512   m=1     inner=884    min=     0.086 us/xform  median=     0.086  sd=  0.05%     22.31 GF/s  setup=0.000 s
d1_batchlane             L=64  B=512   m=1     inner=818    min=     0.094 us/xform  median=     0.094  sd=  0.06%     20.45 GF/s  setup=0.000 s
d1_batchlane             L=64  B=512   m=1     inner=848    min=     0.072 us/xform  median=     0.075  sd= 10.76%     26.58 GF/s  setup=0.000 s
d1_batchlane             L=64  B=512   m=1     inner=1074   min=     0.072 us/xform  median=     0.072  sd=  0.05%     26.74 GF/s  setup=0.000 s
d1_batchlane             L=64  B=512   m=1     inner=1072   min=     0.072 us/xform  median=     0.072  sd=  0.03%     26.75 GF/s  setup=0.000 s
d1_batchlane             L=64  B=512   m=1     inner=760    min=     0.079 us/xform  median=     0.082  sd=  1.55%     24.40 GF/s  setup=0.000 s
d1_bluestein             L=64  B=512   m=1     inner=434    min=     0.176 us/xform  median=     0.177  sd=  0.29%     10.93 GF/s  setup=0.000 s
d1_bluestein             L=64  B=512   m=1     inner=440    min=     0.176 us/xform  median=     0.177  sd=  0.06%     10.89 GF/s  setup=0.000 s
d1_bluestein             L=64  B=512   m=1     inner=332    min=     0.179 us/xform  median=     0.179  sd=  0.08%     10.73 GF/s  setup=0.000 s
d1_bluestein             L=64  B=512   m=1     inner=348    min=     0.177 us/xform  median=     0.177  sd=  0.06%     10.84 GF/s  setup=0.000 s
d1_bluestein             L=64  B=512   m=1     inner=326    min=     0.191 us/xform  median=     0.191  sd=  0.15%     10.08 GF/s  setup=0.000 s
d1_bluestein             L=64  B=512   m=1     inner=316    min=     0.196 us/xform  median=     0.196  sd=  0.30%      9.79 GF/s  setup=0.000 s
d1_bluestein             L=64  B=512   m=1     inner=328    min=     0.187 us/xform  median=     0.187  sd=  0.11%     10.28 GF/s  setup=0.000 s
d1_bluestein             L=64  B=512   m=1     inner=410    min=     0.183 us/xform  median=     0.185  sd=  1.06%     10.50 GF/s  setup=0.000 s
d1_bluestein             L=64  B=512   m=1     inner=326    min=     0.187 us/xform  median=     0.188  sd=  0.25%     10.26 GF/s  setup=0.000 s
d1_planner               L=64  B=512   m=1     inner=492    min=     0.155 us/xform  median=     0.157  sd=  0.51%     12.38 GF/s  setup=0.000 s
d1_planner               L=64  B=512   m=1     inner=390    min=     0.159 us/xform  median=     0.160  sd=  0.10%     12.05 GF/s  setup=0.000 s
d1_planner               L=64  B=512   m=1     inner=480    min=     0.160 us/xform  median=     0.160  sd=  0.10%     12.00 GF/s  setup=0.000 s
d1_planner               L=64  B=512   m=1     inner=390    min=     0.129 us/xform  median=     0.130  sd=  0.38%     14.88 GF/s  setup=0.000 s
d1_planner               L=64  B=512   m=1     inner=396    min=     0.157 us/xform  median=     0.162  sd=  1.42%     12.26 GF/s  setup=0.000 s
d1_planner               L=64  B=512   m=1     inner=398    min=     0.155 us/xform  median=     0.156  sd=  0.19%     12.39 GF/s  setup=0.000 s
d1_planner               L=64  B=512   m=1     inner=324    min=     0.162 us/xform  median=     0.163  sd=  0.13%     11.82 GF/s  setup=0.000 s
d1_planner               L=64  B=512   m=1     inner=394    min=     0.154 us/xform  median=     0.154  sd=  0.11%     12.46 GF/s  setup=0.000 s
d1_planner               L=64  B=512   m=1     inner=378    min=     0.153 us/xform  median=     0.153  sd=  0.17%     12.58 GF/s  setup=0.000 s
d1_pow2                  L=64  B=512   m=1     inner=1754   min=     0.042 us/xform  median=     0.042  sd=  0.09%     45.51 GF/s  setup=0.000 s
d1_pow2                  L=64  B=512   m=1     inner=1308   min=     0.046 us/xform  median=     0.046  sd=  0.09%     42.03 GF/s  setup=0.000 s
d1_pow2                  L=64  B=512   m=1     inner=1314   min=     0.049 us/xform  median=     0.049  sd=  0.09%     38.92 GF/s  setup=0.000 s
d1_pow2                  L=64  B=512   m=1     inner=1642   min=     0.047 us/xform  median=     0.047  sd=  0.08%     40.60 GF/s  setup=0.000 s
d1_pow2                  L=64  B=512   m=1     inner=1634   min=     0.047 us/xform  median=     0.047  sd=  0.09%     40.68 GF/s  setup=0.000 s
d1_pow2                  L=64  B=512   m=1     inner=1638   min=     0.040 us/xform  median=     0.047  sd=  4.78%     48.24 GF/s  setup=0.000 s
d1_pow2                  L=64  B=512   m=1     inner=1348   min=     0.048 us/xform  median=     0.048  sd=  0.10%     40.21 GF/s  setup=0.000 s
d1_pow2                  L=64  B=512   m=1     inner=1296   min=     0.038 us/xform  median=     0.038  sd=  1.73%     50.45 GF/s  setup=0.000 s
d1_pow2                  L=64  B=512   m=1     inner=1406   min=     0.042 us/xform  median=     0.042  sd=  0.10%     45.86 GF/s  setup=0.000 s
d1_race                  L=64  B=512   m=1     inner=1806   min=     0.042 us/xform  median=     0.042  sd=  1.49%     45.51 GF/s  setup=0.645 s
d1_race                  L=64  B=512   m=1     inner=1106   min=     0.062 us/xform  median=     0.062  sd=  0.09%     30.81 GF/s  setup=0.010 s
d1_race                  L=64  B=512   m=1     inner=1588   min=     0.049 us/xform  median=     0.049  sd=  0.08%     39.56 GF/s  setup=0.009 s
d1_race                  L=64  B=512   m=1     inner=1378   min=     0.056 us/xform  median=     0.056  sd=  0.10%     34.50 GF/s  setup=0.008 s
d1_race                  L=64  B=512   m=1     inner=1136   min=     0.038 us/xform  median=     0.038  sd=  1.26%     50.85 GF/s  setup=0.006 s
d1_race                  L=64  B=512   m=1     inner=1342   min=     0.043 us/xform  median=     0.047  sd=  3.06%     44.29 GF/s  setup=0.007 s
d1_race                  L=64  B=512   m=1     inner=1728   min=     0.037 us/xform  median=     0.045  sd=  7.62%     51.29 GF/s  setup=0.007 s
d1_race                  L=64  B=512   m=1     inner=2054   min=     0.038 us/xform  median=     0.038  sd=  0.10%     51.08 GF/s  setup=0.005 s
d1_race                  L=64  B=512   m=1     inner=2080   min=     0.037 us/xform  median=     0.037  sd=  0.07%     51.51 GF/s  setup=0.004 s
d1_twiddle               L=64  B=512   m=1     inner=674    min=     0.080 us/xform  median=     0.084  sd=  1.68%     23.88 GF/s  setup=0.000 s
d1_twiddle               L=64  B=512   m=1     inner=788    min=     0.081 us/xform  median=     0.081  sd=  0.10%     23.85 GF/s  setup=0.000 s
d1_twiddle               L=64  B=512   m=1     inner=498    min=     0.078 us/xform  median=     0.078  sd=  0.12%     24.54 GF/s  setup=0.000 s
d1_twiddle               L=64  B=512   m=1     inner=984    min=     0.078 us/xform  median=     0.079  sd=  0.03%     24.47 GF/s  setup=0.000 s
d1_twiddle               L=64  B=512   m=1     inner=484    min=     0.080 us/xform  median=     0.080  sd=  0.07%     23.88 GF/s  setup=0.000 s
d1_twiddle               L=64  B=512   m=1     inner=367    min=     0.080 us/xform  median=     0.080  sd=  1.02%     23.92 GF/s  setup=0.000 s
d1_twiddle               L=64  B=512   m=1     inner=694    min=     0.089 us/xform  median=     0.089  sd=  0.03%     21.55 GF/s  setup=0.000 s
d1_twiddle               L=64  B=512   m=1     inner=696    min=     0.080 us/xform  median=     0.080  sd=  0.06%     24.04 GF/s  setup=0.000 s
d1_twiddle               L=64  B=512   m=1     inner=956    min=     0.070 us/xform  median=     0.081  sd=  5.11%     27.36 GF/s  setup=0.000 s
fftw1d_custom            L=64  B=512   m=1     inner=127    min=     0.315 us/xform  median=     0.326  sd=  1.54%      6.09 GF/s  setup=0.000 s
fftw1d_custom            L=64  B=512   m=1     inner=188    min=     0.268 us/xform  median=     0.269  sd=  0.74%      7.15 GF/s  setup=0.000 s
fftw1d_custom            L=64  B=512   m=1     inner=290    min=     0.269 us/xform  median=     0.269  sd=  0.16%      7.14 GF/s  setup=0.000 s
fftw1d_custom            L=64  B=512   m=1     inner=202    min=     0.314 us/xform  median=     0.326  sd=  1.43%      6.12 GF/s  setup=0.000 s
fftw1d_custom            L=64  B=512   m=1     inner=196    min=     0.368 us/xform  median=     0.368  sd=  0.03%      5.22 GF/s  setup=0.000 s
fftw1d_custom            L=64  B=512   m=1     inner=160    min=     0.333 us/xform  median=     0.333  sd=  0.78%      5.77 GF/s  setup=0.000 s
fftw1d_custom            L=64  B=512   m=1     inner=188    min=     0.268 us/xform  median=     0.269  sd=  1.03%      7.15 GF/s  setup=0.000 s
fftw1d_custom            L=64  B=512   m=1     inner=198    min=     0.322 us/xform  median=     0.326  sd=  0.36%      5.96 GF/s  setup=0.000 s
fftw1d_custom            L=64  B=512   m=1     inner=190    min=     0.379 us/xform  median=     0.389  sd=  0.75%      5.06 GF/s  setup=0.000 s
fftw1d_custom_soa        L=64  B=512   m=1     inner=171    min=     0.220 us/xform  median=     0.220  sd=  1.97%      8.73 GF/s  setup=0.000 s
fftw1d_custom_soa        L=64  B=512   m=1     inner=270    min=     0.244 us/xform  median=     0.286  sd=  4.80%      7.87 GF/s  setup=0.000 s
fftw1d_custom_soa        L=64  B=512   m=1     inner=206    min=     0.219 us/xform  median=     0.219  sd=  4.30%      8.75 GF/s  setup=0.000 s
fftw1d_custom_soa        L=64  B=512   m=1     inner=256    min=     0.237 us/xform  median=     0.238  sd=  0.25%      8.08 GF/s  setup=0.000 s
fftw1d_custom_soa        L=64  B=512   m=1     inner=254    min=     0.220 us/xform  median=     0.220  sd=  0.03%      8.71 GF/s  setup=0.000 s
fftw1d_custom_soa        L=64  B=512   m=1     inner=254    min=     0.239 us/xform  median=     0.239  sd=  0.04%      8.04 GF/s  setup=0.000 s
fftw1d_custom_soa        L=64  B=512   m=1     inner=254    min=     0.247 us/xform  median=     0.251  sd=  0.85%      7.77 GF/s  setup=0.000 s
fftw1d_custom_soa        L=64  B=512   m=1     inner=240    min=     0.222 us/xform  median=     0.222  sd=  0.23%      8.66 GF/s  setup=0.000 s
fftw1d_custom_soa        L=64  B=512   m=1     inner=350    min=     0.222 us/xform  median=     0.222  sd=  0.04%      8.66 GF/s  setup=0.000 s
fftw1d_estimate          L=64  B=512   m=1     inner=352    min=     0.222 us/xform  median=     0.227  sd=  0.95%      8.67 GF/s  setup=0.001 s
fftw1d_estimate          L=64  B=512   m=1     inner=268    min=     0.195 us/xform  median=     0.195  sd=  0.66%      9.84 GF/s  setup=0.001 s
fftw1d_estimate          L=64  B=512   m=1     inner=396    min=     0.195 us/xform  median=     0.196  sd=  0.11%      9.83 GF/s  setup=0.001 s
fftw1d_estimate          L=64  B=512   m=1     inner=398    min=     0.195 us/xform  median=     0.195  sd=  0.05%      9.85 GF/s  setup=0.000 s
fftw1d_estimate          L=64  B=512   m=1     inner=266    min=     0.225 us/xform  median=     0.235  sd=  1.85%      8.54 GF/s  setup=0.001 s
fftw1d_estimate          L=64  B=512   m=1     inner=226    min=     0.194 us/xform  median=     0.194  sd=  0.61%      9.89 GF/s  setup=0.001 s
fftw1d_estimate          L=64  B=512   m=1     inner=394    min=     0.196 us/xform  median=     0.196  sd=  0.04%      9.80 GF/s  setup=0.000 s
fftw1d_estimate          L=64  B=512   m=1     inner=262    min=     0.228 us/xform  median=     0.243  sd=  2.86%      8.44 GF/s  setup=0.001 s
fftw1d_estimate          L=64  B=512   m=1     inner=260    min=     0.194 us/xform  median=     0.194  sd=  0.54%      9.91 GF/s  setup=0.001 s
fftw1d_measure           L=64  B=512   m=1     inner=978    min=     0.069 us/xform  median=     0.069  sd=  0.05%     27.73 GF/s  setup=0.026 s
fftw1d_measure           L=64  B=512   m=1     inner=934    min=     0.087 us/xform  median=     0.101  sd=  4.17%     22.08 GF/s  setup=0.029 s
fftw1d_measure           L=64  B=512   m=1     inner=962    min=     0.071 us/xform  median=     0.071  sd=  0.24%     27.02 GF/s  setup=0.029 s
fftw1d_measure           L=64  B=512   m=1     inner=926    min=     0.084 us/xform  median=     0.090  sd=  3.32%     22.97 GF/s  setup=0.029 s
fftw1d_measure           L=64  B=512   m=1     inner=952    min=     0.081 us/xform  median=     0.081  sd=  0.06%     23.61 GF/s  setup=0.029 s
fftw1d_measure           L=64  B=512   m=1     inner=442    min=     0.088 us/xform  median=     0.088  sd=  0.11%     21.79 GF/s  setup=0.029 s
fftw1d_measure           L=64  B=512   m=1     inner=920    min=     0.073 us/xform  median=     0.073  sd=  0.26%     26.43 GF/s  setup=0.029 s
fftw1d_measure           L=64  B=512   m=1     inner=481    min=     0.082 us/xform  median=     0.088  sd=  3.29%     23.53 GF/s  setup=0.029 s
fftw1d_measure           L=64  B=512   m=1     inner=592    min=     0.095 us/xform  median=     0.095  sd=  0.33%     20.26 GF/s  setup=0.029 s
fftw1d_patient           L=64  B=512   m=1     inner=886    min=     0.085 us/xform  median=     0.085  sd=  0.29%     22.50 GF/s  setup=0.243 s
fftw1d_patient           L=64  B=512   m=1     inner=894    min=     0.086 us/xform  median=     0.086  sd=  0.04%     22.42 GF/s  setup=0.249 s
fftw1d_patient           L=64  B=512   m=1     inner=964    min=     0.074 us/xform  median=     0.074  sd=  0.03%     26.02 GF/s  setup=0.249 s
fftw1d_patient           L=64  B=512   m=1     inner=966    min=     0.069 us/xform  median=     0.080  sd=  5.08%     27.70 GF/s  setup=0.248 s
fftw1d_patient           L=64  B=512   m=1     inner=1100   min=     0.065 us/xform  median=     0.065  sd=  0.08%     29.75 GF/s  setup=0.211 s
fftw1d_patient           L=64  B=512   m=1     inner=1104   min=     0.064 us/xform  median=     0.064  sd=  0.07%     29.98 GF/s  setup=0.210 s
fftw1d_patient           L=64  B=512   m=1     inner=1040   min=     0.069 us/xform  median=     0.069  sd=  0.07%     27.89 GF/s  setup=0.211 s
fftw1d_patient           L=64  B=512   m=1     inner=1044   min=     0.070 us/xform  median=     0.070  sd=  0.10%     27.49 GF/s  setup=0.212 s
fftw1d_patient           L=64  B=512   m=1     inner=906    min=     0.084 us/xform  median=     0.084  sd=  0.15%     22.84 GF/s  setup=0.245 s
mkl1d_dfti               L=64  B=512   m=1     inner=851    min=     0.048 us/xform  median=     0.055  sd=  5.27%     40.31 GF/s  setup=0.002 s
mkl1d_dfti               L=64  B=512   m=1     inner=1252   min=     0.050 us/xform  median=     0.050  sd=  0.34%     38.66 GF/s  setup=0.002 s
mkl1d_dfti               L=64  B=512   m=1     inner=1104   min=     0.053 us/xform  median=     0.053  sd=  0.05%     36.08 GF/s  setup=0.002 s
mkl1d_dfti               L=64  B=512   m=1     inner=1574   min=     0.048 us/xform  median=     0.048  sd=  0.08%     40.30 GF/s  setup=0.002 s
mkl1d_dfti               L=64  B=512   m=1     inner=1306   min=     0.051 us/xform  median=     0.051  sd=  0.06%     37.91 GF/s  setup=0.002 s
mkl1d_dfti               L=64  B=512   m=1     inner=1404   min=     0.043 us/xform  median=     0.043  sd=  0.11%     45.05 GF/s  setup=0.002 s
mkl1d_dfti               L=64  B=512   m=1     inner=1166   min=     0.056 us/xform  median=     0.056  sd=  0.10%     34.53 GF/s  setup=0.002 s
mkl1d_dfti               L=64  B=512   m=1     inner=1370   min=     0.055 us/xform  median=     0.055  sd=  0.06%     34.83 GF/s  setup=0.002 s
mkl1d_dfti               L=64  B=512   m=1     inner=1564   min=     0.049 us/xform  median=     0.049  sd=  0.06%     39.35 GF/s  setup=0.001 s
baseline_dft             L=1024 B=1     m=1     inner=18     min=  2213.792 us/xform  median=  2249.163  sd=  0.54%      0.02 GF/s  setup=0.034 s
baseline_dft             L=1024 B=1     m=1     inner=16     min=  2208.945 us/xform  median=  2216.944  sd=  0.24%      0.02 GF/s  setup=0.039 s
baseline_dft             L=1024 B=1     m=1     inner=16     min=  2206.974 us/xform  median=  2215.480  sd=  0.18%      0.02 GF/s  setup=0.033 s
baseline_dft             L=1024 B=1     m=1     inner=16     min=  2213.861 us/xform  median=  2216.350  sd=  0.08%      0.02 GF/s  setup=0.033 s
baseline_dft             L=1024 B=1     m=1     inner=16     min=  2249.698 us/xform  median=  2251.792  sd=  0.16%      0.02 GF/s  setup=0.038 s
baseline_dft             L=1024 B=1     m=1     inner=16     min=  2217.474 us/xform  median=  2220.672  sd=  0.08%      0.02 GF/s  setup=0.038 s
baseline_dft             L=1024 B=1     m=1     inner=16     min=  2236.268 us/xform  median=  2241.465  sd=  0.18%      0.02 GF/s  setup=0.039 s
baseline_dft             L=1024 B=1     m=1     inner=16     min=  1833.173 us/xform  median=  2246.688  sd=  8.88%      0.03 GF/s  setup=0.041 s
baseline_dft             L=1024 B=1     m=1     inner=16     min=  2219.716 us/xform  median=  2222.111  sd=  0.11%      0.02 GF/s  setup=0.038 s
d1_bluestein             L=1024 B=1     m=1     inner=9910   min=     3.135 us/xform  median=     3.141  sd=  0.11%     16.33 GF/s  setup=0.000 s
d1_bluestein             L=1024 B=1     m=1     inner=9516   min=     3.145 us/xform  median=     3.150  sd=  0.10%     16.28 GF/s  setup=0.000 s
d1_bluestein             L=1024 B=1     m=1     inner=9720   min=     2.765 us/xform  median=     2.773  sd=  0.65%     18.52 GF/s  setup=0.000 s
d1_bluestein             L=1024 B=1     m=1     inner=13726  min=     2.742 us/xform  median=     2.745  sd=  0.08%     18.68 GF/s  setup=0.000 s
d1_bluestein             L=1024 B=1     m=1     inner=13888  min=     2.782 us/xform  median=     2.786  sd=  0.08%     18.40 GF/s  setup=0.000 s
d1_bluestein             L=1024 B=1     m=1     inner=9846   min=     3.154 us/xform  median=     3.156  sd=  0.09%     16.24 GF/s  setup=0.000 s
d1_bluestein             L=1024 B=1     m=1     inner=9456   min=     2.843 us/xform  median=     2.849  sd=  0.07%     18.01 GF/s  setup=0.000 s
d1_bluestein             L=1024 B=1     m=1     inner=9054   min=     3.110 us/xform  median=     3.115  sd=  0.11%     16.46 GF/s  setup=0.000 s
d1_bluestein             L=1024 B=1     m=1     inner=9728   min=     3.157 us/xform  median=     3.163  sd=  0.68%     16.22 GF/s  setup=0.000 s
d1_planner               L=1024 B=1     m=1     inner=12298  min=     2.818 us/xform  median=     2.821  sd=  0.07%     18.17 GF/s  setup=0.000 s
d1_planner               L=1024 B=1     m=1     inner=12766  min=     2.801 us/xform  median=     2.805  sd=  0.14%     18.28 GF/s  setup=0.000 s
d1_planner               L=1024 B=1     m=1     inner=10176  min=     2.856 us/xform  median=     2.858  sd=  0.08%     17.93 GF/s  setup=0.000 s
d1_planner               L=1024 B=1     m=1     inner=9638   min=     2.818 us/xform  median=     2.822  sd=  0.08%     18.17 GF/s  setup=0.000 s
d1_planner               L=1024 B=1     m=1     inner=12610  min=     2.838 us/xform  median=     2.844  sd=  0.10%     18.04 GF/s  setup=0.000 s
d1_planner               L=1024 B=1     m=1     inner=12288  min=     3.052 us/xform  median=     3.067  sd=  0.30%     16.78 GF/s  setup=0.000 s
d1_planner               L=1024 B=1     m=1     inner=6345   min=     2.778 us/xform  median=     2.783  sd=  0.16%     18.43 GF/s  setup=0.000 s
d1_planner               L=1024 B=1     m=1     inner=9582   min=     2.862 us/xform  median=     2.863  sd=  0.03%     17.89 GF/s  setup=0.000 s
d1_planner               L=1024 B=1     m=1     inner=12654  min=     2.790 us/xform  median=     2.792  sd=  0.06%     18.35 GF/s  setup=0.000 s
d1_pow2                  L=1024 B=1     m=1     inner=22184  min=     1.573 us/xform  median=     1.574  sd=  0.02%     32.55 GF/s  setup=0.000 s
d1_pow2                  L=1024 B=1     m=1     inner=16496  min=     1.562 us/xform  median=     1.563  sd=  0.06%     32.78 GF/s  setup=0.000 s
d1_pow2                  L=1024 B=1     m=1     inner=22258  min=     1.567 us/xform  median=     1.568  sd=  0.03%     32.67 GF/s  setup=0.000 s
d1_pow2                  L=1024 B=1     m=1     inner=16848  min=     1.557 us/xform  median=     1.558  sd=  0.03%     32.88 GF/s  setup=0.000 s
d1_pow2                  L=1024 B=1     m=1     inner=16324  min=     1.560 us/xform  median=     1.561  sd=  0.03%     32.83 GF/s  setup=0.000 s
d1_pow2                  L=1024 B=1     m=1     inner=22098  min=     1.559 us/xform  median=     1.560  sd=  0.02%     32.83 GF/s  setup=0.000 s
d1_pow2                  L=1024 B=1     m=1     inner=21868  min=     1.565 us/xform  median=     1.566  sd=  0.02%     32.71 GF/s  setup=0.000 s
d1_pow2                  L=1024 B=1     m=1     inner=16826  min=     1.555 us/xform  median=     1.556  sd=  0.04%     32.93 GF/s  setup=0.000 s
d1_pow2                  L=1024 B=1     m=1     inner=16280  min=     1.557 us/xform  median=     1.557  sd=  0.10%     32.89 GF/s  setup=0.000 s
d1_race                  L=1024 B=1     m=1     inner=25452  min=     1.565 us/xform  median=     1.566  sd=  0.03%     32.71 GF/s  setup=0.233 s
d1_race                  L=1024 B=1     m=1     inner=25290  min=     1.566 us/xform  median=     1.566  sd=  0.01%     32.71 GF/s  setup=0.009 s
d1_race                  L=1024 B=1     m=1     inner=20314  min=     1.551 us/xform  median=     1.553  sd=  0.21%     33.01 GF/s  setup=0.008 s
d1_race                  L=1024 B=1     m=1     inner=12980  min=     1.551 us/xform  median=     1.553  sd=  0.05%     33.01 GF/s  setup=0.007 s
d1_race                  L=1024 B=1     m=1     inner=25228  min=     1.577 us/xform  median=     1.578  sd=  0.03%     32.46 GF/s  setup=0.008 s
d1_race                  L=1024 B=1     m=1     inner=25234  min=     1.570 us/xform  median=     1.571  sd=  0.03%     32.61 GF/s  setup=0.008 s
d1_race                  L=1024 B=1     m=1     inner=25682  min=     1.363 us/xform  median=     1.363  sd=  0.02%     37.57 GF/s  setup=0.007 s
d1_race                  L=1024 B=1     m=1     inner=17186  min=     1.552 us/xform  median=     1.553  sd=  0.02%     32.98 GF/s  setup=0.003 s
d1_race                  L=1024 B=1     m=1     inner=17138  min=     1.561 us/xform  median=     1.562  sd=  0.03%     32.80 GF/s  setup=0.005 s
d1_twiddle               L=1024 B=1     m=1     inner=12994  min=     2.082 us/xform  median=     2.084  sd=  0.04%     24.59 GF/s  setup=0.000 s
d1_twiddle               L=1024 B=1     m=1     inner=13574  min=     2.076 us/xform  median=     2.077  sd=  0.02%     24.66 GF/s  setup=0.000 s
d1_twiddle               L=1024 B=1     m=1     inner=17480  min=     2.069 us/xform  median=     2.070  sd=  0.02%     24.74 GF/s  setup=0.000 s
d1_twiddle               L=1024 B=1     m=1     inner=13270  min=     2.064 us/xform  median=     2.065  sd=  0.04%     24.81 GF/s  setup=0.000 s
d1_twiddle               L=1024 B=1     m=1     inner=8792   min=     2.059 us/xform  median=     2.060  sd=  0.15%     24.87 GF/s  setup=0.000 s
d1_twiddle               L=1024 B=1     m=1     inner=13254  min=     2.063 us/xform  median=     2.066  sd=  0.28%     24.81 GF/s  setup=0.000 s
d1_twiddle               L=1024 B=1     m=1     inner=8968   min=     2.065 us/xform  median=     2.065  sd=  0.05%     24.80 GF/s  setup=0.000 s
d1_twiddle               L=1024 B=1     m=1     inner=13476  min=     2.058 us/xform  median=     2.059  sd=  0.03%     24.88 GF/s  setup=0.000 s
d1_twiddle               L=1024 B=1     m=1     inner=16636  min=     2.114 us/xform  median=     2.115  sd=  0.21%     24.22 GF/s  setup=0.000 s
fftw1d_estimate          L=1024 B=1     m=1     inner=19522  min=     1.572 us/xform  median=     1.575  sd=  0.42%     32.57 GF/s  setup=0.001 s
fftw1d_estimate          L=1024 B=1     m=1     inner=16098  min=     1.527 us/xform  median=     1.536  sd=  0.26%     33.52 GF/s  setup=0.001 s
fftw1d_estimate          L=1024 B=1     m=1     inner=25708  min=     1.549 us/xform  median=     1.552  sd=  0.09%     33.06 GF/s  setup=0.001 s
fftw1d_estimate          L=1024 B=1     m=1     inner=20178  min=     1.343 us/xform  median=     1.346  sd=  5.20%     38.13 GF/s  setup=0.001 s
fftw1d_estimate          L=1024 B=1     m=1     inner=29358  min=     1.341 us/xform  median=     1.344  sd=  0.12%     38.19 GF/s  setup=0.000 s
fftw1d_estimate          L=1024 B=1     m=1     inner=29224  min=     1.345 us/xform  median=     1.349  sd=  0.20%     38.07 GF/s  setup=0.001 s
fftw1d_estimate          L=1024 B=1     m=1     inner=15904  min=     1.531 us/xform  median=     1.534  sd=  0.12%     33.45 GF/s  setup=0.001 s
fftw1d_estimate          L=1024 B=1     m=1     inner=15810  min=     1.350 us/xform  median=     1.353  sd=  0.14%     37.92 GF/s  setup=0.001 s
fftw1d_estimate          L=1024 B=1     m=1     inner=15484  min=     1.520 us/xform  median=     1.527  sd=  0.28%     33.69 GF/s  setup=0.001 s
fftw1d_measure           L=1024 B=1     m=1     inner=23940  min=     1.333 us/xform  median=     1.334  sd=  0.12%     38.42 GF/s  setup=0.117 s
fftw1d_measure           L=1024 B=1     m=1     inner=26164  min=     1.323 us/xform  median=     1.324  sd=  0.07%     38.70 GF/s  setup=0.117 s
fftw1d_measure           L=1024 B=1     m=1     inner=30886  min=     1.192 us/xform  median=     1.193  sd=  0.05%     42.94 GF/s  setup=0.116 s
fftw1d_measure           L=1024 B=1     m=1     inner=32158  min=     1.166 us/xform  median=     1.167  sd=  0.08%     43.93 GF/s  setup=0.115 s
fftw1d_measure           L=1024 B=1     m=1     inner=27364  min=     1.310 us/xform  median=     1.312  sd=  0.10%     39.08 GF/s  setup=0.118 s
fftw1d_measure           L=1024 B=1     m=1     inner=29196  min=     1.299 us/xform  median=     1.300  sd=  0.03%     39.41 GF/s  setup=0.117 s
fftw1d_measure           L=1024 B=1     m=1     inner=28006  min=     1.323 us/xform  median=     1.323  sd=  0.04%     38.71 GF/s  setup=0.117 s
fftw1d_measure           L=1024 B=1     m=1     inner=28016  min=     1.314 us/xform  median=     1.318  sd=  0.10%     38.97 GF/s  setup=0.117 s
fftw1d_measure           L=1024 B=1     m=1     inner=14968  min=     1.337 us/xform  median=     1.339  sd=  0.08%     38.30 GF/s  setup=0.117 s
fftw1d_patient           L=1024 B=1     m=1     inner=26544  min=     1.178 us/xform  median=     1.179  sd=  4.02%     43.46 GF/s  setup=0.813 s
fftw1d_patient           L=1024 B=1     m=1     inner=29138  min=     1.312 us/xform  median=     1.313  sd=  0.06%     39.03 GF/s  setup=0.813 s
fftw1d_patient           L=1024 B=1     m=1     inner=25888  min=     1.316 us/xform  median=     1.318  sd=  0.04%     38.89 GF/s  setup=0.814 s
fftw1d_patient           L=1024 B=1     m=1     inner=27320  min=     1.260 us/xform  median=     1.325  sd=  1.41%     40.62 GF/s  setup=0.811 s
fftw1d_patient           L=1024 B=1     m=1     inner=32028  min=     1.152 us/xform  median=     1.154  sd=  0.08%     44.43 GF/s  setup=0.791 s
fftw1d_patient           L=1024 B=1     m=1     inner=30416  min=     1.223 us/xform  median=     1.231  sd=  0.24%     41.88 GF/s  setup=0.794 s
fftw1d_patient           L=1024 B=1     m=1     inner=31744  min=     1.163 us/xform  median=     1.165  sd=  0.07%     44.02 GF/s  setup=0.793 s
fftw1d_patient           L=1024 B=1     m=1     inner=30898  min=     1.169 us/xform  median=     1.169  sd=  0.04%     43.82 GF/s  setup=0.790 s
fftw1d_patient           L=1024 B=1     m=1     inner=32598  min=     1.167 us/xform  median=     1.169  sd=  0.09%     43.88 GF/s  setup=0.791 s
mkl1d_dfti               L=1024 B=1     m=1     inner=28902  min=     1.231 us/xform  median=     1.231  sd=  0.05%     41.60 GF/s  setup=0.002 s
mkl1d_dfti               L=1024 B=1     m=1     inner=24054  min=     1.234 us/xform  median=     1.234  sd=  0.02%     41.50 GF/s  setup=0.002 s
mkl1d_dfti               L=1024 B=1     m=1     inner=23278  min=     1.232 us/xform  median=     1.233  sd=  0.10%     41.56 GF/s  setup=0.002 s
mkl1d_dfti               L=1024 B=1     m=1     inner=23808  min=     1.238 us/xform  median=     1.238  sd=  0.07%     41.37 GF/s  setup=0.001 s
mkl1d_dfti               L=1024 B=1     m=1     inner=22868  min=     1.252 us/xform  median=     1.252  sd=  0.04%     40.90 GF/s  setup=0.002 s
mkl1d_dfti               L=1024 B=1     m=1     inner=22802  min=     1.233 us/xform  median=     1.233  sd=  0.36%     41.52 GF/s  setup=0.002 s
mkl1d_dfti               L=1024 B=1     m=1     inner=19108  min=     1.238 us/xform  median=     1.238  sd=  0.05%     41.36 GF/s  setup=0.002 s
mkl1d_dfti               L=1024 B=1     m=1     inner=21356  min=     1.241 us/xform  median=     1.241  sd=  0.29%     41.27 GF/s  setup=0.002 s
mkl1d_dfti               L=1024 B=1     m=1     inner=22826  min=     1.229 us/xform  median=     1.230  sd=  0.03%     41.65 GF/s  setup=0.002 s
baseline_dft             L=31  B=1     m=1     inner=15360  min=     1.998 us/xform  median=     1.999  sd=  0.14%      0.38 GF/s  setup=0.000 s
baseline_dft             L=31  B=1     m=1     inner=15116  min=     1.998 us/xform  median=     1.998  sd=  0.02%      0.38 GF/s  setup=0.000 s
baseline_dft             L=31  B=1     m=1     inner=15390  min=     1.655 us/xform  median=     1.655  sd=  0.18%      0.46 GF/s  setup=0.000 s
baseline_dft             L=31  B=1     m=1     inner=23380  min=     1.656 us/xform  median=     1.656  sd=  0.01%      0.46 GF/s  setup=0.000 s
baseline_dft             L=31  B=1     m=1     inner=23418  min=     1.656 us/xform  median=     1.656  sd=  0.01%      0.46 GF/s  setup=0.000 s
baseline_dft             L=31  B=1     m=1     inner=23108  min=     1.655 us/xform  median=     1.655  sd=  0.00%      0.46 GF/s  setup=0.000 s
baseline_dft             L=31  B=1     m=1     inner=22700  min=     1.655 us/xform  median=     1.655  sd=  0.01%      0.46 GF/s  setup=0.000 s
baseline_dft             L=31  B=1     m=1     inner=22742  min=     1.655 us/xform  median=     1.655  sd=  0.01%      0.46 GF/s  setup=0.000 s
baseline_dft             L=31  B=1     m=1     inner=22200  min=     1.655 us/xform  median=     1.655  sd=  0.01%      0.46 GF/s  setup=0.000 s
d1_batchlane             L=31  B=1     m=1     inner=262398 min=     0.076 us/xform  median=     0.076  sd=  0.29%     10.12 GF/s  setup=0.000 s
d1_batchlane             L=31  B=1     m=1     inner=470466 min=     0.068 us/xform  median=     0.069  sd=  0.34%     11.29 GF/s  setup=0.000 s
d1_batchlane             L=31  B=1     m=1     inner=419690 min=     0.074 us/xform  median=     0.074  sd=  0.91%     10.43 GF/s  setup=0.000 s
d1_batchlane             L=31  B=1     m=1     inner=461022 min=     0.068 us/xform  median=     0.069  sd=  0.27%     11.24 GF/s  setup=0.000 s
d1_batchlane             L=31  B=1     m=1     inner=459366 min=     0.068 us/xform  median=     0.069  sd=  0.16%     11.23 GF/s  setup=0.000 s
d1_batchlane             L=31  B=1     m=1     inner=280798 min=     0.072 us/xform  median=     0.072  sd=  0.19%     10.68 GF/s  setup=0.000 s
d1_batchlane             L=31  B=1     m=1     inner=424814 min=     0.075 us/xform  median=     0.075  sd=  0.04%     10.19 GF/s  setup=0.000 s
d1_batchlane             L=31  B=1     m=1     inner=473338 min=     0.068 us/xform  median=     0.068  sd=  0.18%     11.36 GF/s  setup=0.000 s
d1_batchlane             L=31  B=1     m=1     inner=447258 min=     0.069 us/xform  median=     0.069  sd=  0.04%     11.21 GF/s  setup=0.000 s
d1_bluestein             L=31  B=1     m=1     inner=123654 min=     0.322 us/xform  median=     0.322  sd=  0.03%      2.38 GF/s  setup=0.001 s
d1_bluestein             L=31  B=1     m=1     inner=63160  min=     0.327 us/xform  median=     0.328  sd=  0.03%      2.35 GF/s  setup=0.001 s
d1_bluestein             L=31  B=1     m=1     inner=98882  min=     0.318 us/xform  median=     0.318  sd=  0.04%      2.41 GF/s  setup=0.001 s
d1_bluestein             L=31  B=1     m=1     inner=125440 min=     0.318 us/xform  median=     0.318  sd=  0.03%      2.42 GF/s  setup=0.001 s
d1_bluestein             L=31  B=1     m=1     inner=103244 min=     0.322 us/xform  median=     0.322  sd=  0.03%      2.38 GF/s  setup=0.001 s
d1_bluestein             L=31  B=1     m=1     inner=62511  min=     0.320 us/xform  median=     0.320  sd=  0.06%      2.40 GF/s  setup=0.001 s
d1_bluestein             L=31  B=1     m=1     inner=91100  min=     0.352 us/xform  median=     0.353  sd=  0.01%      2.18 GF/s  setup=0.001 s
d1_bluestein             L=31  B=1     m=1     inner=124892 min=     0.319 us/xform  median=     0.319  sd=  0.03%      2.41 GF/s  setup=0.001 s
d1_bluestein             L=31  B=1     m=1     inner=77178  min=     0.298 us/xform  median=     0.318  sd=  1.84%      2.58 GF/s  setup=0.001 s
d1_planner               L=31  B=1     m=1     inner=105526 min=     0.232 us/xform  median=     0.234  sd=  0.23%      3.30 GF/s  setup=0.000 s
d1_planner               L=31  B=1     m=1     inner=101776 min=     0.233 us/xform  median=     0.233  sd=  0.20%      3.30 GF/s  setup=0.000 s
d1_planner               L=31  B=1     m=1     inner=101776 min=     0.240 us/xform  median=     0.241  sd=  0.16%      3.20 GF/s  setup=0.000 s
d1_planner               L=31  B=1     m=1     inner=118318 min=     0.233 us/xform  median=     0.241  sd=  0.93%      3.30 GF/s  setup=0.000 s
d1_planner               L=31  B=1     m=1     inner=108320 min=     0.232 us/xform  median=     0.232  sd=  0.16%      3.32 GF/s  setup=0.000 s
d1_planner               L=31  B=1     m=1     inner=88646  min=     0.233 us/xform  median=     0.233  sd=  0.19%      3.30 GF/s  setup=0.000 s
d1_planner               L=31  B=1     m=1     inner=110126 min=     0.235 us/xform  median=     0.236  sd=  0.19%      3.27 GF/s  setup=0.000 s
d1_planner               L=31  B=1     m=1     inner=101534 min=     0.233 us/xform  median=     0.234  sd=  0.23%      3.29 GF/s  setup=0.000 s
d1_planner               L=31  B=1     m=1     inner=90040  min=     0.279 us/xform  median=     0.280  sd=  0.47%      2.76 GF/s  setup=0.000 s
d1_prime                 L=31  B=1     m=1     inner=609450 min=     0.064 us/xform  median=     0.064  sd=  0.17%     11.97 GF/s  setup=0.000 s
d1_prime                 L=31  B=1     m=1     inner=491568 min=     0.065 us/xform  median=     0.066  sd=  0.20%     11.77 GF/s  setup=0.000 s
d1_prime                 L=31  B=1     m=1     inner=489872 min=     0.063 us/xform  median=     0.063  sd=  0.12%     12.15 GF/s  setup=0.000 s
d1_prime                 L=31  B=1     m=1     inner=488814 min=     0.066 us/xform  median=     0.066  sd=  0.00%     11.60 GF/s  setup=0.000 s
d1_prime                 L=31  B=1     m=1     inner=290268 min=     0.070 us/xform  median=     0.070  sd=  0.20%     11.02 GF/s  setup=0.000 s
d1_prime                 L=31  B=1     m=1     inner=314266 min=     0.064 us/xform  median=     0.064  sd=  0.26%     12.00 GF/s  setup=0.000 s
d1_prime                 L=31  B=1     m=1     inner=502640 min=     0.063 us/xform  median=     0.063  sd=  0.05%     12.16 GF/s  setup=0.000 s
d1_prime                 L=31  B=1     m=1     inner=487426 min=     0.066 us/xform  median=     0.066  sd=  0.01%     11.60 GF/s  setup=0.000 s
d1_prime                 L=31  B=1     m=1     inner=467050 min=     0.066 us/xform  median=     0.066  sd=  0.04%     11.61 GF/s  setup=0.000 s
d1_race                  L=31  B=1     m=1     inner=598296 min=     0.066 us/xform  median=     0.066  sd=  0.04%     11.61 GF/s  setup=0.062 s
d1_race                  L=31  B=1     m=1     inner=476998 min=     0.066 us/xform  median=     0.066  sd=  0.02%     11.60 GF/s  setup=0.008 s
d1_race                  L=31  B=1     m=1     inner=460588 min=     0.065 us/xform  median=     0.066  sd=  0.17%     11.75 GF/s  setup=0.008 s
d1_race                  L=31  B=1     m=1     inner=477806 min=     0.066 us/xform  median=     0.066  sd=  0.07%     11.65 GF/s  setup=0.008 s
d1_race                  L=31  B=1     m=1     inner=456886 min=     0.066 us/xform  median=     0.066  sd=  0.03%     11.59 GF/s  setup=0.007 s
d1_race                  L=31  B=1     m=1     inner=462596 min=     0.065 us/xform  median=     0.065  sd=  0.15%     11.77 GF/s  setup=0.007 s
d1_race                  L=31  B=1     m=1     inner=610064 min=     0.065 us/xform  median=     0.065  sd=  0.26%     11.90 GF/s  setup=0.006 s
d1_race                  L=31  B=1     m=1     inner=597592 min=     0.066 us/xform  median=     0.066  sd=  0.02%     11.59 GF/s  setup=0.006 s
d1_race                  L=31  B=1     m=1     inner=600878 min=     0.058 us/xform  median=     0.058  sd=  6.49%     13.19 GF/s  setup=0.006 s
d1_rader                 L=31  B=1     m=1     inner=128976 min=     0.214 us/xform  median=     0.214  sd=  0.03%      3.59 GF/s  setup=0.000 s
d1_rader                 L=31  B=1     m=1     inner=110836 min=     0.211 us/xform  median=     0.211  sd=  0.03%      3.65 GF/s  setup=0.000 s
d1_rader                 L=31  B=1     m=1     inner=110268 min=     0.210 us/xform  median=     0.210  sd=  0.03%      3.65 GF/s  setup=0.000 s
d1_rader                 L=31  B=1     m=1     inner=112728 min=     0.174 us/xform  median=     0.175  sd=  0.96%      4.40 GF/s  setup=0.000 s
d1_rader                 L=31  B=1     m=1     inner=99766  min=     0.174 us/xform  median=     0.175  sd=  1.68%      4.40 GF/s  setup=0.000 s
d1_rader                 L=31  B=1     m=1     inner=131544 min=     0.210 us/xform  median=     0.210  sd=  0.03%      3.65 GF/s  setup=0.000 s
d1_rader                 L=31  B=1     m=1     inner=140818 min=     0.177 us/xform  median=     0.177  sd=  0.05%      4.34 GF/s  setup=0.000 s
d1_rader                 L=31  B=1     m=1     inner=102872 min=     0.210 us/xform  median=     0.210  sd=  0.03%      3.65 GF/s  setup=0.000 s
d1_rader                 L=31  B=1     m=1     inner=128784 min=     0.210 us/xform  median=     0.211  sd=  0.03%      3.65 GF/s  setup=0.000 s
fftw1d_custom            L=31  B=1     m=1     inner=98962  min=     0.222 us/xform  median=     0.223  sd=  0.31%      3.46 GF/s  setup=0.000 s
fftw1d_custom            L=31  B=1     m=1     inner=126508 min=     0.215 us/xform  median=     0.216  sd=  0.37%      3.57 GF/s  setup=0.000 s
fftw1d_custom            L=31  B=1     m=1     inner=183142 min=     0.180 us/xform  median=     0.218  sd=  5.95%      4.27 GF/s  setup=0.000 s
fftw1d_custom            L=31  B=1     m=1     inner=87296  min=     0.217 us/xform  median=     0.217  sd=  0.44%      3.54 GF/s  setup=0.000 s
fftw1d_custom            L=31  B=1     m=1     inner=127070 min=     0.180 us/xform  median=     0.181  sd=  0.80%      4.26 GF/s  setup=0.000 s
fftw1d_custom            L=31  B=1     m=1     inner=97834  min=     0.215 us/xform  median=     0.216  sd=  0.38%      3.57 GF/s  setup=0.000 s
fftw1d_custom            L=31  B=1     m=1     inner=97834  min=     0.214 us/xform  median=     0.215  sd=  0.25%      3.58 GF/s  setup=0.000 s
fftw1d_custom            L=31  B=1     m=1     inner=96298  min=     0.215 us/xform  median=     0.216  sd=  0.53%      3.57 GF/s  setup=0.000 s
fftw1d_custom            L=31  B=1     m=1     inner=171796 min=     0.180 us/xform  median=     0.180  sd=  0.21%      4.27 GF/s  setup=0.000 s
fftw1d_estimate          L=31  B=1     m=1     inner=82120  min=     0.313 us/xform  median=     0.315  sd=  0.14%      2.45 GF/s  setup=0.001 s
fftw1d_estimate          L=31  B=1     m=1     inner=65772  min=     0.264 us/xform  median=     0.264  sd=  1.31%      2.91 GF/s  setup=0.001 s
fftw1d_estimate          L=31  B=1     m=1     inner=74436  min=     0.266 us/xform  median=     0.267  sd=  0.63%      2.88 GF/s  setup=0.001 s
fftw1d_estimate          L=31  B=1     m=1     inner=71462  min=     0.336 us/xform  median=     0.336  sd=  0.31%      2.29 GF/s  setup=0.001 s
fftw1d_estimate          L=31  B=1     m=1     inner=76764  min=     0.260 us/xform  median=     0.261  sd=  0.55%      2.95 GF/s  setup=0.001 s
fftw1d_estimate          L=31  B=1     m=1     inner=83316  min=     0.313 us/xform  median=     0.315  sd=  0.11%      2.45 GF/s  setup=0.001 s
fftw1d_estimate          L=31  B=1     m=1     inner=61664  min=     0.260 us/xform  median=     0.261  sd=  2.20%      2.95 GF/s  setup=0.001 s
fftw1d_estimate          L=31  B=1     m=1     inner=109286 min=     0.260 us/xform  median=     0.262  sd=  0.25%      2.96 GF/s  setup=0.001 s
fftw1d_estimate          L=31  B=1     m=1     inner=71166  min=     0.313 us/xform  median=     0.315  sd=  0.13%      2.45 GF/s  setup=0.001 s
fftw1d_measure           L=31  B=1     m=1     inner=95548  min=     0.262 us/xform  median=     0.263  sd=  0.12%      2.93 GF/s  setup=0.042 s
fftw1d_measure           L=31  B=1     m=1     inner=94810  min=     0.262 us/xform  median=     0.263  sd=  0.12%      2.94 GF/s  setup=0.042 s
fftw1d_measure           L=31  B=1     m=1     inner=93266  min=     0.329 us/xform  median=     0.331  sd=  0.14%      2.33 GF/s  setup=0.043 s
fftw1d_measure           L=31  B=1     m=1     inner=91090  min=     0.314 us/xform  median=     0.315  sd=  0.10%      2.44 GF/s  setup=0.042 s
fftw1d_measure           L=31  B=1     m=1     inner=91870  min=     0.313 us/xform  median=     0.315  sd=  0.14%      2.45 GF/s  setup=0.043 s
fftw1d_measure           L=31  B=1     m=1     inner=99766  min=     0.270 us/xform  median=     0.271  sd=  0.08%      2.84 GF/s  setup=0.043 s
fftw1d_measure           L=31  B=1     m=1     inner=111702 min=     0.259 us/xform  median=     0.261  sd=  0.18%      2.96 GF/s  setup=0.043 s
fftw1d_measure           L=31  B=1     m=1     inner=84214  min=     0.314 us/xform  median=     0.315  sd=  0.30%      2.44 GF/s  setup=0.043 s
fftw1d_measure           L=31  B=1     m=1     inner=91090  min=     0.315 us/xform  median=     0.316  sd=  0.12%      2.44 GF/s  setup=0.043 s
fftw1d_patient           L=31  B=1     m=1     inner=85812  min=     0.317 us/xform  median=     0.317  sd=  0.08%      2.42 GF/s  setup=0.119 s
fftw1d_patient           L=31  B=1     m=1     inner=63014  min=     0.316 us/xform  median=     0.317  sd=  0.14%      2.43 GF/s  setup=0.121 s
fftw1d_patient           L=31  B=1     m=1     inner=102504 min=     0.262 us/xform  median=     0.263  sd=  0.24%      2.93 GF/s  setup=0.120 s
fftw1d_patient           L=31  B=1     m=1     inner=112728 min=     0.262 us/xform  median=     0.263  sd=  0.13%      2.93 GF/s  setup=0.119 s
fftw1d_patient           L=31  B=1     m=1     inner=93674  min=     0.260 us/xform  median=     0.261  sd=  0.16%      2.95 GF/s  setup=0.120 s
fftw1d_patient           L=31  B=1     m=1     inner=110268 min=     0.274 us/xform  median=     0.274  sd=  0.10%      2.81 GF/s  setup=0.120 s
fftw1d_patient           L=31  B=1     m=1     inner=101058 min=     0.262 us/xform  median=     0.263  sd=  0.21%      2.93 GF/s  setup=0.120 s
fftw1d_patient           L=31  B=1     m=1     inner=105268 min=     0.273 us/xform  median=     0.275  sd=  0.14%      2.81 GF/s  setup=0.120 s
fftw1d_patient           L=31  B=1     m=1     inner=118318 min=     0.262 us/xform  median=     0.263  sd=  0.30%      2.93 GF/s  setup=0.120 s
mkl1d_dfti               L=31  B=1     m=1     inner=71492  min=     0.279 us/xform  median=     0.280  sd=  0.06%      2.75 GF/s  setup=0.051 s
mkl1d_dfti               L=31  B=1     m=1     inner=94602  min=     0.280 us/xform  median=     0.281  sd=  0.06%      2.74 GF/s  setup=0.033 s
mkl1d_dfti               L=31  B=1     m=1     inner=98282  min=     0.232 us/xform  median=     0.280  sd=  8.04%      3.32 GF/s  setup=0.013 s
mkl1d_dfti               L=31  B=1     m=1     inner=106048 min=     0.232 us/xform  median=     0.232  sd=  0.07%      3.32 GF/s  setup=0.030 s
mkl1d_dfti               L=31  B=1     m=1     inner=118318 min=     0.232 us/xform  median=     0.232  sd=  0.06%      3.32 GF/s  setup=0.013 s
mkl1d_dfti               L=31  B=1     m=1     inner=120138 min=     0.232 us/xform  median=     0.232  sd=  0.05%      3.31 GF/s  setup=0.013 s
mkl1d_dfti               L=31  B=1     m=1     inner=121670 min=     0.232 us/xform  median=     0.232  sd=  0.05%      3.31 GF/s  setup=0.013 s
mkl1d_dfti               L=31  B=1     m=1     inner=123952 min=     0.231 us/xform  median=     0.232  sd=  0.05%      3.32 GF/s  setup=0.013 s
mkl1d_dfti               L=31  B=1     m=1     inner=125400 min=     0.232 us/xform  median=     0.232  sd=  0.06%      3.32 GF/s  setup=0.030 s
baseline_dft             L=60  B=1     m=1     inner=5246   min=     7.472 us/xform  median=     7.472  sd=  0.02%      0.24 GF/s  setup=0.000 s
baseline_dft             L=60  B=1     m=1     inner=5278   min=     6.191 us/xform  median=     7.472  sd=  9.26%      0.29 GF/s  setup=0.000 s
baseline_dft             L=60  B=1     m=1     inner=4198   min=     7.472 us/xform  median=     7.472  sd=  0.01%      0.24 GF/s  setup=0.000 s
baseline_dft             L=60  B=1     m=1     inner=4198   min=     6.191 us/xform  median=     6.191  sd=  0.06%      0.29 GF/s  setup=0.000 s
baseline_dft             L=60  B=1     m=1     inner=6222   min=     6.191 us/xform  median=     6.191  sd=  0.00%      0.29 GF/s  setup=0.000 s
baseline_dft             L=60  B=1     m=1     inner=6366   min=     6.191 us/xform  median=     6.191  sd=  0.01%      0.29 GF/s  setup=0.000 s
baseline_dft             L=60  B=1     m=1     inner=6184   min=     6.191 us/xform  median=     6.192  sd=  0.01%      0.29 GF/s  setup=0.000 s
baseline_dft             L=60  B=1     m=1     inner=6196   min=     6.192 us/xform  median=     6.193  sd=  0.01%      0.29 GF/s  setup=0.000 s
baseline_dft             L=60  B=1     m=1     inner=6178   min=     6.191 us/xform  median=     6.191  sd=  0.01%      0.29 GF/s  setup=0.000 s
d1_batchlane             L=60  B=1     m=1     inner=484984 min=     0.080 us/xform  median=     0.081  sd=  0.15%     22.02 GF/s  setup=0.000 s
d1_batchlane             L=60  B=1     m=1     inner=250385 min=     0.080 us/xform  median=     0.080  sd=  0.15%     22.19 GF/s  setup=0.000 s
d1_batchlane             L=60  B=1     m=1     inner=410950 min=     0.077 us/xform  median=     0.077  sd=  0.18%     23.11 GF/s  setup=0.000 s
d1_batchlane             L=60  B=1     m=1     inner=500164 min=     0.080 us/xform  median=     0.080  sd=  0.15%     22.29 GF/s  setup=0.000 s
d1_batchlane             L=60  B=1     m=1     inner=259086 min=     0.077 us/xform  median=     0.078  sd=  0.20%     22.94 GF/s  setup=0.000 s
d1_batchlane             L=60  B=1     m=1     inner=418066 min=     0.077 us/xform  median=     0.077  sd=  0.11%     23.10 GF/s  setup=0.000 s
d1_batchlane             L=60  B=1     m=1     inner=262485 min=     0.077 us/xform  median=     0.077  sd=  0.18%     23.15 GF/s  setup=0.000 s
d1_batchlane             L=60  B=1     m=1     inner=244032 min=     0.080 us/xform  median=     0.081  sd=  0.15%     22.05 GF/s  setup=0.000 s
d1_batchlane             L=60  B=1     m=1     inner=421058 min=     0.077 us/xform  median=     0.077  sd=  0.08%     23.07 GF/s  setup=0.000 s
d1_bluestein             L=60  B=1     m=1     inner=188846 min=     0.209 us/xform  median=     0.209  sd=  0.12%      8.48 GF/s  setup=0.000 s
d1_bluestein             L=60  B=1     m=1     inner=132560 min=     0.207 us/xform  median=     0.208  sd=  0.16%      8.56 GF/s  setup=0.000 s
d1_bluestein             L=60  B=1     m=1     inner=99534  min=     0.205 us/xform  median=     0.207  sd=  0.39%      8.64 GF/s  setup=0.000 s
d1_bluestein             L=60  B=1     m=1     inner=114532 min=     0.208 us/xform  median=     0.209  sd=  0.19%      8.52 GF/s  setup=0.000 s
d1_bluestein             L=60  B=1     m=1     inner=93674  min=     0.211 us/xform  median=     0.212  sd=  0.18%      8.40 GF/s  setup=0.000 s
d1_bluestein             L=60  B=1     m=1     inner=111412 min=     0.208 us/xform  median=     0.208  sd=  0.19%      8.54 GF/s  setup=0.000 s
d1_bluestein             L=60  B=1     m=1     inner=137880 min=     0.208 us/xform  median=     0.209  sd=  0.17%      8.51 GF/s  setup=0.000 s
d1_bluestein             L=60  B=1     m=1     inner=93470  min=     0.226 us/xform  median=     0.226  sd=  0.05%      7.85 GF/s  setup=0.000 s
d1_bluestein             L=60  B=1     m=1     inner=105526 min=     0.182 us/xform  median=     0.183  sd=  0.26%      9.76 GF/s  setup=0.000 s
d1_composite             L=60  B=1     m=1     inner=700564 min=     0.056 us/xform  median=     0.056  sd=  0.06%     31.56 GF/s  setup=0.000 s
d1_composite             L=60  B=1     m=1     inner=546198 min=     0.055 us/xform  median=     0.055  sd=  0.07%     32.14 GF/s  setup=0.000 s
d1_composite             L=60  B=1     m=1     inner=357895 min=     0.056 us/xform  median=     0.056  sd=  0.12%     31.85 GF/s  setup=0.000 s
d1_composite             L=60  B=1     m=1     inner=570574 min=     0.056 us/xform  median=     0.056  sd=  0.08%     31.77 GF/s  setup=0.000 s
d1_composite             L=60  B=1     m=1     inner=559622 min=     0.056 us/xform  median=     0.056  sd=  0.36%     31.70 GF/s  setup=0.000 s
d1_composite             L=60  B=1     m=1     inner=554628 min=     0.056 us/xform  median=     0.056  sd=  0.06%     31.45 GF/s  setup=0.000 s
d1_composite             L=60  B=1     m=1     inner=744200 min=     0.053 us/xform  median=     0.054  sd=  0.09%     33.18 GF/s  setup=0.000 s
d1_composite             L=60  B=1     m=1     inner=705234 min=     0.056 us/xform  median=     0.056  sd=  0.06%     31.43 GF/s  setup=0.000 s
d1_composite             L=60  B=1     m=1     inner=742768 min=     0.047 us/xform  median=     0.053  sd=  6.37%     37.75 GF/s  setup=0.000 s
d1_planner               L=60  B=1     m=1     inner=148614 min=     0.171 us/xform  median=     0.173  sd=  0.28%     10.35 GF/s  setup=0.000 s
d1_planner               L=60  B=1     m=1     inner=117992 min=     0.153 us/xform  median=     0.154  sd=  0.61%     11.60 GF/s  setup=0.000 s
d1_planner               L=60  B=1     m=1     inner=202352 min=     0.168 us/xform  median=     0.168  sd=  0.65%     10.56 GF/s  setup=0.000 s
d1_planner               L=60  B=1     m=1     inner=136782 min=     0.169 us/xform  median=     0.171  sd=  0.95%     10.51 GF/s  setup=0.000 s
d1_planner               L=60  B=1     m=1     inner=123774 min=     0.170 us/xform  median=     0.171  sd=  0.40%     10.43 GF/s  setup=0.000 s
d1_planner               L=60  B=1     m=1     inner=131144 min=     0.167 us/xform  median=     0.169  sd=  0.77%     10.60 GF/s  setup=0.000 s
d1_planner               L=60  B=1     m=1     inner=113622 min=     0.170 us/xform  median=     0.171  sd=  0.45%     10.45 GF/s  setup=0.000 s
d1_planner               L=60  B=1     m=1     inner=126882 min=     0.169 us/xform  median=     0.171  sd=  0.70%     10.46 GF/s  setup=0.000 s
d1_planner               L=60  B=1     m=1     inner=156750 min=     0.166 us/xform  median=     0.168  sd=  0.57%     10.65 GF/s  setup=0.000 s
d1_race                  L=60  B=1     m=1     inner=679494 min=     0.058 us/xform  median=     0.058  sd=  0.07%     30.36 GF/s  setup=0.062 s
d1_race                  L=60  B=1     m=1     inner=561620 min=     0.054 us/xform  median=     0.054  sd=  0.12%     32.94 GF/s  setup=0.009 s
d1_race                  L=60  B=1     m=1     inner=560214 min=     0.054 us/xform  median=     0.054  sd=  0.31%     32.91 GF/s  setup=0.008 s
d1_race                  L=60  B=1     m=1     inner=354999 min=     0.056 us/xform  median=     0.056  sd=  0.40%     31.50 GF/s  setup=0.005 s
d1_race                  L=60  B=1     m=1     inner=568982 min=     0.056 us/xform  median=     0.056  sd=  0.12%     31.86 GF/s  setup=0.009 s
d1_race                  L=60  B=1     m=1     inner=540364 min=     0.056 us/xform  median=     0.056  sd=  0.09%     31.69 GF/s  setup=0.008 s
d1_race                  L=60  B=1     m=1     inner=563016 min=     0.054 us/xform  median=     0.054  sd=  0.07%     32.95 GF/s  setup=0.009 s
d1_race                  L=60  B=1     m=1     inner=555874 min=     0.057 us/xform  median=     0.057  sd=  0.13%     31.24 GF/s  setup=0.010 s
d1_race                  L=60  B=1     m=1     inner=560798 min=     0.054 us/xform  median=     0.054  sd=  0.11%     32.89 GF/s  setup=0.009 s
d1_twiddle               L=60  B=1     m=1     inner=403690 min=     0.080 us/xform  median=     0.080  sd=  0.03%     22.21 GF/s  setup=0.000 s
d1_twiddle               L=60  B=1     m=1     inner=419360 min=     0.077 us/xform  median=     0.077  sd=  0.02%     23.06 GF/s  setup=0.000 s
d1_twiddle               L=60  B=1     m=1     inner=391134 min=     0.078 us/xform  median=     0.078  sd=  0.15%     22.77 GF/s  setup=0.000 s
d1_twiddle               L=60  B=1     m=1     inner=392868 min=     0.077 us/xform  median=     0.077  sd=  0.09%     22.91 GF/s  setup=0.000 s
d1_twiddle               L=60  B=1     m=1     inner=375702 min=     0.081 us/xform  median=     0.081  sd=  0.06%     21.97 GF/s  setup=0.000 s
d1_twiddle               L=60  B=1     m=1     inner=367314 min=     0.085 us/xform  median=     0.085  sd=  0.06%     20.87 GF/s  setup=0.000 s
d1_twiddle               L=60  B=1     m=1     inner=254373 min=     0.079 us/xform  median=     0.079  sd=  0.03%     22.56 GF/s  setup=0.000 s
d1_twiddle               L=60  B=1     m=1     inner=483778 min=     0.083 us/xform  median=     0.083  sd=  0.08%     21.45 GF/s  setup=0.000 s
d1_twiddle               L=60  B=1     m=1     inner=261065 min=     0.077 us/xform  median=     0.077  sd=  0.07%     23.16 GF/s  setup=0.000 s
fftw1d_custom            L=60  B=1     m=1     inner=110268 min=     0.279 us/xform  median=     0.280  sd=  0.24%      6.34 GF/s  setup=0.000 s
fftw1d_custom            L=60  B=1     m=1     inner=82994  min=     0.278 us/xform  median=     0.280  sd=  0.36%      6.38 GF/s  setup=0.000 s
fftw1d_custom            L=60  B=1     m=1     inner=82120  min=     0.280 us/xform  median=     0.281  sd=  0.20%      6.33 GF/s  setup=0.000 s
fftw1d_custom            L=60  B=1     m=1     inner=105268 min=     0.279 us/xform  median=     0.280  sd=  0.24%      6.36 GF/s  setup=0.000 s
fftw1d_custom            L=60  B=1     m=1     inner=107912 min=     0.278 us/xform  median=     0.279  sd=  0.29%      6.38 GF/s  setup=0.000 s
fftw1d_custom            L=60  B=1     m=1     inner=87296  min=     0.279 us/xform  median=     0.280  sd=  0.25%      6.35 GF/s  setup=0.000 s
fftw1d_custom            L=60  B=1     m=1     inner=110836 min=     0.279 us/xform  median=     0.280  sd=  0.33%      6.36 GF/s  setup=0.000 s
fftw1d_custom            L=60  B=1     m=1     inner=82994  min=     0.277 us/xform  median=     0.279  sd=  0.27%      6.39 GF/s  setup=0.000 s
fftw1d_custom            L=60  B=1     m=1     inner=106442 min=     0.278 us/xform  median=     0.280  sd=  0.42%      6.38 GF/s  setup=0.000 s
fftw1d_estimate          L=60  B=1     m=1     inner=196972 min=     0.095 us/xform  median=     0.096  sd=  0.15%     18.57 GF/s  setup=0.001 s
fftw1d_estimate          L=60  B=1     m=1     inner=324790 min=     0.096 us/xform  median=     0.096  sd=  0.10%     18.49 GF/s  setup=0.001 s
fftw1d_estimate          L=60  B=1     m=1     inner=333150 min=     0.094 us/xform  median=     0.095  sd=  0.16%     18.76 GF/s  setup=0.001 s
fftw1d_estimate          L=60  B=1     m=1     inner=324582 min=     0.098 us/xform  median=     0.099  sd=  0.07%     18.00 GF/s  setup=0.001 s
fftw1d_estimate          L=60  B=1     m=1     inner=337124 min=     0.095 us/xform  median=     0.095  sd=  0.16%     18.75 GF/s  setup=0.001 s
fftw1d_estimate          L=60  B=1     m=1     inner=327038 min=     0.097 us/xform  median=     0.097  sd=  0.10%     18.26 GF/s  setup=0.001 s
fftw1d_estimate          L=60  B=1     m=1     inner=414982 min=     0.096 us/xform  median=     0.096  sd=  0.06%     18.44 GF/s  setup=0.001 s
fftw1d_estimate          L=60  B=1     m=1     inner=322850 min=     0.095 us/xform  median=     0.096  sd=  0.63%     18.74 GF/s  setup=0.001 s
fftw1d_estimate          L=60  B=1     m=1     inner=335542 min=     0.096 us/xform  median=     0.096  sd=  0.09%     18.46 GF/s  setup=0.001 s
fftw1d_measure           L=60  B=1     m=1     inner=532498 min=     0.075 us/xform  median=     0.075  sd=  0.13%     23.77 GF/s  setup=0.047 s
fftw1d_measure           L=60  B=1     m=1     inner=518760 min=     0.073 us/xform  median=     0.077  sd=  1.57%     24.17 GF/s  setup=0.046 s
fftw1d_measure           L=60  B=1     m=1     inner=225390 min=     0.089 us/xform  median=     0.089  sd=  0.21%     20.02 GF/s  setup=0.047 s
fftw1d_measure           L=60  B=1     m=1     inner=452826 min=     0.088 us/xform  median=     0.089  sd=  0.24%     20.10 GF/s  setup=0.047 s
fftw1d_measure           L=60  B=1     m=1     inner=471126 min=     0.084 us/xform  median=     0.084  sd=  0.27%     21.11 GF/s  setup=0.046 s
fftw1d_measure           L=60  B=1     m=1     inner=435844 min=     0.091 us/xform  median=     0.092  sd=  0.07%     19.37 GF/s  setup=0.047 s
fftw1d_measure           L=60  B=1     m=1     inner=460504 min=     0.086 us/xform  median=     0.086  sd=  0.27%     20.60 GF/s  setup=0.047 s
fftw1d_measure           L=60  B=1     m=1     inner=231619 min=     0.086 us/xform  median=     0.086  sd=  0.17%     20.57 GF/s  setup=0.047 s
fftw1d_measure           L=60  B=1     m=1     inner=512268 min=     0.078 us/xform  median=     0.078  sd=  0.18%     22.78 GF/s  setup=0.046 s
fftw1d_patient           L=60  B=1     m=1     inner=266134 min=     0.075 us/xform  median=     0.076  sd=  0.51%     23.58 GF/s  setup=0.129 s
fftw1d_patient           L=60  B=1     m=1     inner=559076 min=     0.071 us/xform  median=     0.071  sd=  0.12%     24.97 GF/s  setup=0.128 s
fftw1d_patient           L=60  B=1     m=1     inner=543838 min=     0.073 us/xform  median=     0.073  sd=  0.45%     24.27 GF/s  setup=0.129 s
fftw1d_patient           L=60  B=1     m=1     inner=526116 min=     0.075 us/xform  median=     0.075  sd=  0.07%     23.55 GF/s  setup=0.129 s
fftw1d_patient           L=60  B=1     m=1     inner=518824 min=     0.077 us/xform  median=     0.078  sd=  0.26%     22.94 GF/s  setup=0.128 s
fftw1d_patient           L=60  B=1     m=1     inner=517130 min=     0.070 us/xform  median=     0.070  sd=  0.21%     25.48 GF/s  setup=0.127 s
fftw1d_patient           L=60  B=1     m=1     inner=561962 min=     0.071 us/xform  median=     0.071  sd=  0.10%     25.01 GF/s  setup=0.130 s
fftw1d_patient           L=60  B=1     m=1     inner=466656 min=     0.085 us/xform  median=     0.085  sd=  0.32%     20.95 GF/s  setup=0.129 s
fftw1d_patient           L=60  B=1     m=1     inner=519504 min=     0.077 us/xform  median=     0.077  sd=  0.19%     23.12 GF/s  setup=0.128 s
mkl1d_dfti               L=60  B=1     m=1     inner=321575 min=     0.062 us/xform  median=     0.062  sd=  0.29%     28.55 GF/s  setup=0.002 s
mkl1d_dfti               L=60  B=1     m=1     inner=517090 min=     0.061 us/xform  median=     0.062  sd=  0.25%     28.91 GF/s  setup=0.002 s
mkl1d_dfti               L=60  B=1     m=1     inner=524576 min=     0.061 us/xform  median=     0.062  sd=  0.20%     28.88 GF/s  setup=0.002 s
mkl1d_dfti               L=60  B=1     m=1     inner=310994 min=     0.064 us/xform  median=     0.064  sd=  0.22%     27.60 GF/s  setup=0.001 s
mkl1d_dfti               L=60  B=1     m=1     inner=649944 min=     0.061 us/xform  median=     0.062  sd=  0.15%     28.83 GF/s  setup=0.002 s
mkl1d_dfti               L=60  B=1     m=1     inner=527206 min=     0.061 us/xform  median=     0.061  sd=  0.27%     29.10 GF/s  setup=0.002 s
mkl1d_dfti               L=60  B=1     m=1     inner=531044 min=     0.062 us/xform  median=     0.062  sd=  0.18%     28.68 GF/s  setup=0.002 s
mkl1d_dfti               L=60  B=1     m=1     inner=526712 min=     0.061 us/xform  median=     0.062  sd=  0.30%     28.92 GF/s  setup=0.002 s
mkl1d_dfti               L=60  B=1     m=1     inner=325589 min=     0.061 us/xform  median=     0.061  sd=  0.31%     29.08 GF/s  setup=0.001 s
baseline_dft             L=13  B=1     m=1     inner=92562  min=     0.353 us/xform  median=     0.353  sd=  0.02%      0.68 GF/s  setup=0.000 s
baseline_dft             L=13  B=1     m=1     inner=92464  min=     0.353 us/xform  median=     0.353  sd=  0.01%      0.68 GF/s  setup=0.000 s
baseline_dft             L=13  B=1     m=1     inner=74114  min=     0.353 us/xform  median=     0.353  sd=  0.02%      0.68 GF/s  setup=0.000 s
baseline_dft             L=13  B=1     m=1     inner=67796  min=     0.353 us/xform  median=     0.353  sd=  0.03%      0.68 GF/s  setup=0.000 s
baseline_dft             L=13  B=1     m=1     inner=69950  min=     0.353 us/xform  median=     0.353  sd=  0.02%      0.68 GF/s  setup=0.000 s
baseline_dft             L=13  B=1     m=1     inner=70814  min=     0.353 us/xform  median=     0.353  sd=  0.05%      0.68 GF/s  setup=0.000 s
baseline_dft             L=13  B=1     m=1     inner=71048  min=     0.353 us/xform  median=     0.353  sd=  0.02%      0.68 GF/s  setup=0.000 s
baseline_dft             L=13  B=1     m=1     inner=70932  min=     0.353 us/xform  median=     0.353  sd=  0.03%      0.68 GF/s  setup=0.000 s
baseline_dft             L=13  B=1     m=1     inner=75416  min=     0.353 us/xform  median=     0.353  sd=  0.10%      0.68 GF/s  setup=0.000 s
d1_batchlane             L=13  B=1     m=1     inner=1718548 min=     0.023 us/xform  median=     0.023  sd=  0.20%     10.51 GF/s  setup=0.000 s
d1_batchlane             L=13  B=1     m=1     inner=1316570 min=     0.023 us/xform  median=     0.023  sd=  0.13%     10.51 GF/s  setup=0.000 s
d1_batchlane             L=13  B=1     m=1     inner=1205792 min=     0.027 us/xform  median=     0.027  sd=  0.29%      9.05 GF/s  setup=0.000 s
d1_batchlane             L=13  B=1     m=1     inner=1304988 min=     0.023 us/xform  median=     0.023  sd=  0.25%     10.51 GF/s  setup=0.000 s
d1_batchlane             L=13  B=1     m=1     inner=1715852 min=     0.023 us/xform  median=     0.023  sd=  0.25%     10.51 GF/s  setup=0.000 s
d1_batchlane             L=13  B=1     m=1     inner=856024 min=     0.023 us/xform  median=     0.023  sd=  0.34%     10.41 GF/s  setup=0.000 s
d1_batchlane             L=13  B=1     m=1     inner=1313354 min=     0.023 us/xform  median=     0.023  sd=  0.15%     10.40 GF/s  setup=0.000 s
d1_batchlane             L=13  B=1     m=1     inner=1319810 min=     0.023 us/xform  median=     0.023  sd=  0.20%     10.52 GF/s  setup=0.000 s
d1_batchlane             L=13  B=1     m=1     inner=1729188 min=     0.023 us/xform  median=     0.023  sd=  0.35%     10.51 GF/s  setup=0.000 s
d1_bluestein             L=13  B=1     m=1     inner=176539 min=     0.113 us/xform  median=     0.113  sd=  0.26%      2.13 GF/s  setup=0.000 s
d1_bluestein             L=13  B=1     m=1     inner=302992 min=     0.113 us/xform  median=     0.113  sd=  0.19%      2.13 GF/s  setup=0.000 s
d1_bluestein             L=13  B=1     m=1     inner=333588 min=     0.113 us/xform  median=     0.113  sd=  0.15%      2.13 GF/s  setup=0.000 s
d1_bluestein             L=13  B=1     m=1     inner=321116 min=     0.113 us/xform  median=     0.114  sd=  0.26%      2.12 GF/s  setup=0.000 s
d1_bluestein             L=13  B=1     m=1     inner=226050 min=     0.115 us/xform  median=     0.116  sd=  0.20%      2.09 GF/s  setup=0.000 s
d1_bluestein             L=13  B=1     m=1     inner=202116 min=     0.113 us/xform  median=     0.114  sd=  0.27%      2.13 GF/s  setup=0.000 s
d1_bluestein             L=13  B=1     m=1     inner=273552 min=     0.115 us/xform  median=     0.116  sd=  0.29%      2.09 GF/s  setup=0.000 s
d1_bluestein             L=13  B=1     m=1     inner=315804 min=     0.113 us/xform  median=     0.113  sd=  0.22%      2.13 GF/s  setup=0.000 s
d1_bluestein             L=13  B=1     m=1     inner=316388 min=     0.115 us/xform  median=     0.115  sd=  0.22%      2.09 GF/s  setup=0.000 s
d1_planner               L=13  B=1     m=1     inner=263401 min=     0.075 us/xform  median=     0.076  sd=  0.27%      3.19 GF/s  setup=0.000 s
d1_planner               L=13  B=1     m=1     inner=406140 min=     0.079 us/xform  median=     0.079  sd=  0.13%      3.04 GF/s  setup=0.000 s
d1_planner               L=13  B=1     m=1     inner=263270 min=     0.076 us/xform  median=     0.076  sd=  0.24%      3.19 GF/s  setup=0.000 s
d1_planner               L=13  B=1     m=1     inner=391940 min=     0.076 us/xform  median=     0.076  sd=  0.16%      3.18 GF/s  setup=0.000 s
d1_planner               L=13  B=1     m=1     inner=523388 min=     0.076 us/xform  median=     0.076  sd=  0.21%      3.18 GF/s  setup=0.000 s
d1_planner               L=13  B=1     m=1     inner=419222 min=     0.077 us/xform  median=     0.077  sd=  0.23%      3.14 GF/s  setup=0.000 s
d1_planner               L=13  B=1     m=1     inner=265362 min=     0.075 us/xform  median=     0.076  sd=  0.34%      3.19 GF/s  setup=0.000 s
d1_planner               L=13  B=1     m=1     inner=423666 min=     0.076 us/xform  median=     0.076  sd=  0.24%      3.19 GF/s  setup=0.000 s
d1_planner               L=13  B=1     m=1     inner=407448 min=     0.076 us/xform  median=     0.077  sd=  0.20%      3.14 GF/s  setup=0.000 s
d1_prime                 L=13  B=1     m=1     inner=906116 min=     0.035 us/xform  median=     0.035  sd=  0.16%      6.92 GF/s  setup=0.000 s
d1_prime                 L=13  B=1     m=1     inner=1028154 min=     0.030 us/xform  median=     0.030  sd=  0.16%      7.97 GF/s  setup=0.000 s
d1_prime                 L=13  B=1     m=1     inner=1179390 min=     0.034 us/xform  median=     0.034  sd=  0.27%      7.11 GF/s  setup=0.000 s
d1_prime                 L=13  B=1     m=1     inner=693840 min=     0.029 us/xform  median=     0.029  sd=  0.32%      8.40 GF/s  setup=0.000 s
d1_prime                 L=13  B=1     m=1     inner=1072340 min=     0.029 us/xform  median=     0.029  sd=  0.42%      8.21 GF/s  setup=0.000 s
d1_prime                 L=13  B=1     m=1     inner=938864 min=     0.033 us/xform  median=     0.034  sd=  0.47%      7.21 GF/s  setup=0.000 s
d1_prime                 L=13  B=1     m=1     inner=1074146 min=     0.029 us/xform  median=     0.030  sd=  0.52%      8.19 GF/s  setup=0.000 s
d1_prime                 L=13  B=1     m=1     inner=1038910 min=     0.030 us/xform  median=     0.030  sd=  0.32%      8.13 GF/s  setup=0.000 s
d1_prime                 L=13  B=1     m=1     inner=993868 min=     0.032 us/xform  median=     0.032  sd=  0.26%      7.61 GF/s  setup=0.000 s
d1_race                  L=13  B=1     m=1     inner=1198968 min=     0.033 us/xform  median=     0.033  sd=  0.13%      7.26 GF/s  setup=0.065 s
d1_race                  L=13  B=1     m=1     inner=1069200 min=     0.037 us/xform  median=     0.037  sd=  0.20%      6.53 GF/s  setup=0.009 s
d1_race                  L=13  B=1     m=1     inner=1362836 min=     0.023 us/xform  median=     0.023  sd=  0.29%     10.44 GF/s  setup=0.010 s
d1_race                  L=13  B=1     m=1     inner=861960 min=     0.023 us/xform  median=     0.023  sd=  0.57%     10.46 GF/s  setup=0.011 s
d1_race                  L=13  B=1     m=1     inner=1300060 min=     0.023 us/xform  median=     0.023  sd=  0.31%     10.41 GF/s  setup=0.009 s
d1_race                  L=13  B=1     m=1     inner=1068244 min=     0.029 us/xform  median=     0.030  sd=  0.29%      8.16 GF/s  setup=0.009 s
d1_race                  L=13  B=1     m=1     inner=1308766 min=     0.023 us/xform  median=     0.023  sd=  0.50%     10.41 GF/s  setup=0.007 s
d1_race                  L=13  B=1     m=1     inner=1276716 min=     0.024 us/xform  median=     0.024  sd=  0.35%     10.20 GF/s  setup=0.008 s
d1_race                  L=13  B=1     m=1     inner=1282458 min=     0.023 us/xform  median=     0.023  sd=  0.32%     10.40 GF/s  setup=0.008 s
d1_rader                 L=13  B=1     m=1     inner=354416 min=     0.056 us/xform  median=     0.056  sd=  0.12%      4.28 GF/s  setup=0.000 s
d1_rader                 L=13  B=1     m=1     inner=540886 min=     0.056 us/xform  median=     0.056  sd=  0.06%      4.28 GF/s  setup=0.000 s
d1_rader                 L=13  B=1     m=1     inner=566142 min=     0.056 us/xform  median=     0.056  sd=  0.10%      4.28 GF/s  setup=0.000 s
d1_rader                 L=13  B=1     m=1     inner=355249 min=     0.056 us/xform  median=     0.056  sd=  0.11%      4.28 GF/s  setup=0.000 s
d1_rader                 L=13  B=1     m=1     inner=708108 min=     0.056 us/xform  median=     0.056  sd=  0.10%      4.28 GF/s  setup=0.000 s
d1_rader                 L=13  B=1     m=1     inner=549080 min=     0.056 us/xform  median=     0.056  sd=  0.12%      4.28 GF/s  setup=0.000 s
d1_rader                 L=13  B=1     m=1     inner=564016 min=     0.056 us/xform  median=     0.056  sd=  0.12%      4.28 GF/s  setup=0.000 s
d1_rader                 L=13  B=1     m=1     inner=552656 min=     0.056 us/xform  median=     0.056  sd=  0.08%      4.27 GF/s  setup=0.000 s
d1_rader                 L=13  B=1     m=1     inner=563578 min=     0.056 us/xform  median=     0.056  sd=  0.10%      4.28 GF/s  setup=0.000 s
fftw1d_custom            L=13  B=1     m=1     inner=352278 min=     0.057 us/xform  median=     0.057  sd=  0.16%      4.24 GF/s  setup=0.000 s
fftw1d_custom            L=13  B=1     m=1     inner=541272 min=     0.060 us/xform  median=     0.060  sd=  0.18%      4.04 GF/s  setup=0.000 s
fftw1d_custom            L=13  B=1     m=1     inner=555440 min=     0.057 us/xform  median=     0.057  sd=  0.08%      4.24 GF/s  setup=0.000 s
fftw1d_custom            L=13  B=1     m=1     inner=548434 min=     0.057 us/xform  median=     0.057  sd=  0.11%      4.24 GF/s  setup=0.000 s
fftw1d_custom            L=13  B=1     m=1     inner=491080 min=     0.058 us/xform  median=     0.058  sd=  5.62%      4.18 GF/s  setup=0.000 s
fftw1d_custom            L=13  B=1     m=1     inner=700822 min=     0.057 us/xform  median=     0.057  sd=  0.11%      4.23 GF/s  setup=0.000 s
fftw1d_custom            L=13  B=1     m=1     inner=611380 min=     0.057 us/xform  median=     0.057  sd=  0.08%      4.19 GF/s  setup=0.000 s
fftw1d_custom            L=13  B=1     m=1     inner=352165 min=     0.057 us/xform  median=     0.057  sd=  0.17%      4.24 GF/s  setup=0.000 s
fftw1d_custom            L=13  B=1     m=1     inner=563458 min=     0.057 us/xform  median=     0.057  sd=  0.15%      4.23 GF/s  setup=0.000 s
fftw1d_estimate          L=13  B=1     m=1     inner=1121224 min=     0.028 us/xform  median=     0.028  sd=  0.07%      8.68 GF/s  setup=0.001 s
fftw1d_estimate          L=13  B=1     m=1     inner=575338 min=     0.026 us/xform  median=     0.026  sd=  0.37%      9.11 GF/s  setup=0.001 s
fftw1d_estimate          L=13  B=1     m=1     inner=1206340 min=     0.026 us/xform  median=     0.026  sd=  0.19%      9.12 GF/s  setup=0.001 s
fftw1d_estimate          L=13  B=1     m=1     inner=1161402 min=     0.027 us/xform  median=     0.027  sd=  0.11%      9.07 GF/s  setup=0.001 s
fftw1d_estimate          L=13  B=1     m=1     inner=1502040 min=     0.026 us/xform  median=     0.026  sd=  0.12%      9.12 GF/s  setup=0.001 s
fftw1d_estimate          L=13  B=1     m=1     inner=1479728 min=     0.027 us/xform  median=     0.027  sd=  0.06%      8.98 GF/s  setup=0.001 s
fftw1d_estimate          L=13  B=1     m=1     inner=749318 min=     0.025 us/xform  median=     0.027  sd=  1.67%      9.59 GF/s  setup=0.001 s
fftw1d_estimate          L=13  B=1     m=1     inner=1183498 min=     0.026 us/xform  median=     0.027  sd=  0.10%      9.08 GF/s  setup=0.001 s
fftw1d_estimate          L=13  B=1     m=1     inner=1102196 min=     0.028 us/xform  median=     0.028  sd=  0.05%      8.61 GF/s  setup=0.001 s
fftw1d_measure           L=13  B=1     m=1     inner=1180944 min=     0.026 us/xform  median=     0.026  sd=  0.12%      9.11 GF/s  setup=0.001 s
fftw1d_measure           L=13  B=1     m=1     inner=1193904 min=     0.026 us/xform  median=     0.026  sd=  0.09%      9.11 GF/s  setup=0.001 s
fftw1d_measure           L=13  B=1     m=1     inner=1150306 min=     0.027 us/xform  median=     0.027  sd=  0.06%      8.77 GF/s  setup=0.001 s
fftw1d_measure           L=13  B=1     m=1     inner=1123852 min=     0.027 us/xform  median=     0.027  sd=  0.14%      8.98 GF/s  setup=0.001 s
fftw1d_measure           L=13  B=1     m=1     inner=1500944 min=     0.026 us/xform  median=     0.026  sd=  0.13%      9.11 GF/s  setup=0.001 s
fftw1d_measure           L=13  B=1     m=1     inner=1189170 min=     0.026 us/xform  median=     0.026  sd=  0.13%      9.11 GF/s  setup=0.001 s
fftw1d_measure           L=13  B=1     m=1     inner=758368 min=     0.026 us/xform  median=     0.026  sd=  0.13%      9.13 GF/s  setup=0.001 s
fftw1d_measure           L=13  B=1     m=1     inner=1163662 min=     0.027 us/xform  median=     0.027  sd=  0.13%      9.06 GF/s  setup=0.001 s
fftw1d_measure           L=13  B=1     m=1     inner=1204036 min=     0.027 us/xform  median=     0.027  sd=  0.08%      8.99 GF/s  setup=0.001 s
fftw1d_patient           L=13  B=1     m=1     inner=1469592 min=     0.027 us/xform  median=     0.027  sd=  0.06%      8.95 GF/s  setup=0.001 s
fftw1d_patient           L=13  B=1     m=1     inner=1192964 min=     0.026 us/xform  median=     0.026  sd=  0.14%      9.10 GF/s  setup=0.001 s
fftw1d_patient           L=13  B=1     m=1     inner=1152270 min=     0.027 us/xform  median=     0.027  sd=  0.09%      9.05 GF/s  setup=0.001 s
fftw1d_patient           L=13  B=1     m=1     inner=1190724 min=     0.027 us/xform  median=     0.027  sd=  0.08%      9.06 GF/s  setup=0.001 s
fftw1d_patient           L=13  B=1     m=1     inner=1037138 min=     0.025 us/xform  median=     0.025  sd=  0.07%      9.82 GF/s  setup=0.001 s
fftw1d_patient           L=13  B=1     m=1     inner=1139472 min=     0.027 us/xform  median=     0.027  sd=  0.12%      8.86 GF/s  setup=0.001 s
fftw1d_patient           L=13  B=1     m=1     inner=753621 min=     0.026 us/xform  median=     0.026  sd=  0.33%      9.11 GF/s  setup=0.001 s
fftw1d_patient           L=13  B=1     m=1     inner=1138452 min=     0.027 us/xform  median=     0.027  sd=  0.08%      9.03 GF/s  setup=0.001 s
fftw1d_patient           L=13  B=1     m=1     inner=1157384 min=     0.027 us/xform  median=     0.027  sd=  0.09%      9.05 GF/s  setup=0.001 s
mkl1d_dfti               L=13  B=1     m=1     inner=831418 min=     0.027 us/xform  median=     0.027  sd=  0.87%      9.05 GF/s  setup=0.054 s
mkl1d_dfti               L=13  B=1     m=1     inner=771634 min=     0.026 us/xform  median=     0.026  sd=  0.08%      9.28 GF/s  setup=0.035 s
mkl1d_dfti               L=13  B=1     m=1     inner=773958 min=     0.026 us/xform  median=     0.026  sd=  0.10%      9.29 GF/s  setup=0.034 s
mkl1d_dfti               L=13  B=1     m=1     inner=1446880 min=     0.027 us/xform  median=     0.027  sd=  0.07%      8.95 GF/s  setup=0.032 s
mkl1d_dfti               L=13  B=1     m=1     inner=1356782 min=     0.029 us/xform  median=     0.029  sd=  0.26%      8.27 GF/s  setup=0.032 s
mkl1d_dfti               L=13  B=1     m=1     inner=732952 min=     0.026 us/xform  median=     0.026  sd=  2.86%      9.16 GF/s  setup=0.059 s
mkl1d_dfti               L=13  B=1     m=1     inner=1540072 min=     0.026 us/xform  median=     0.026  sd=  0.38%      9.27 GF/s  setup=0.031 s
mkl1d_dfti               L=13  B=1     m=1     inner=768326 min=     0.026 us/xform  median=     0.026  sd=  0.11%      9.24 GF/s  setup=0.014 s
mkl1d_dfti               L=13  B=1     m=1     inner=1290666 min=     0.030 us/xform  median=     0.030  sd=  0.50%      8.03 GF/s  setup=0.032 s
