baseline_dft             L=13  B=1     m=1     inner=94602  min=     0.353 us/xform  median=     0.353  sd=  0.02%      0.68 GF/s  setup=0.000 s
baseline_dft             L=13  B=1     m=1     inner=74050  min=     0.353 us/xform  median=     0.353  sd=  0.01%      0.68 GF/s  setup=0.000 s
baseline_dft             L=13  B=1     m=1     inner=93878  min=     0.353 us/xform  median=     0.353  sd=  0.02%      0.68 GF/s  setup=0.000 s
d1_batchlane             L=13  B=1     m=1     inner=1704756 min=     0.023 us/xform  median=     0.023  sd=  0.19%     10.34 GF/s  setup=0.000 s
d1_batchlane             L=13  B=1     m=1     inner=1701734 min=     0.023 us/xform  median=     0.023  sd=  0.31%     10.50 GF/s  setup=0.000 s
d1_batchlane             L=13  B=1     m=1     inner=874842 min=     0.035 us/xform  median=     0.035  sd=  0.12%      6.96 GF/s  setup=0.000 s
d1_bluestein             L=13  B=1     m=1     inner=176778 min=     0.113 us/xform  median=     0.113  sd=  0.21%      2.13 GF/s  setup=0.000 s
d1_bluestein             L=13  B=1     m=1     inner=330380 min=     0.114 us/xform  median=     0.115  sd=  0.24%      2.10 GF/s  setup=0.000 s
d1_bluestein             L=13  B=1     m=1     inner=276826 min=     0.096 us/xform  median=     0.096  sd=  0.31%      2.50 GF/s  setup=0.000 s
d1_planner               L=13  B=1     m=1     inner=263175 min=     0.076 us/xform  median=     0.076  sd=  0.24%      3.18 GF/s  setup=0.000 s
d1_planner               L=13  B=1     m=1     inner=408458 min=     0.076 us/xform  median=     0.077  sd=  0.23%      3.16 GF/s  setup=0.000 s
d1_planner               L=13  B=1     m=1     inner=355948 min=     0.066 us/xform  median=     0.066  sd=  0.32%      3.67 GF/s  setup=0.000 s
d1_prime                 L=13  B=1     m=1     inner=684614 min=     0.029 us/xform  median=     0.029  sd=  0.68%      8.27 GF/s  setup=0.000 s
d1_prime                 L=13  B=1     m=1     inner=936816 min=     0.029 us/xform  median=     0.029  sd=  0.38%      8.40 GF/s  setup=0.000 s
d1_prime                 L=13  B=1     m=1     inner=1049372 min=     0.029 us/xform  median=     0.029  sd=  0.32%      8.42 GF/s  setup=0.000 s
d1_race                  L=13  B=1     m=1     inner=476532 min=     0.023 us/xform  median=     0.023  sd= 22.59%     10.42 GF/s  setup=11.406 s
d1_race                  L=13  B=1     m=1     inner=1304840 min=     0.023 us/xform  median=     0.023  sd=  0.36%     10.45 GF/s  setup=0.019 s
d1_race                  L=13  B=1     m=1     inner=1370874 min=     0.023 us/xform  median=     0.023  sd=  0.47%     10.45 GF/s  setup=0.017 s
d1_rader                 L=13  B=1     m=1     inner=708828 min=     0.056 us/xform  median=     0.056  sd=  0.10%      4.28 GF/s  setup=0.000 s
d1_rader                 L=13  B=1     m=1     inner=355629 min=     0.056 us/xform  median=     0.056  sd=  0.08%      4.27 GF/s  setup=0.000 s
d1_rader                 L=13  B=1     m=1     inner=561118 min=     0.056 us/xform  median=     0.056  sd=  0.05%      4.28 GF/s  setup=0.000 s
fftw1d_custom            L=13  B=1     m=1     inner=350979 min=     0.057 us/xform  median=     0.057  sd=  0.16%      4.24 GF/s  setup=0.000 s
fftw1d_custom            L=13  B=1     m=1     inner=555560 min=     0.057 us/xform  median=     0.057  sd=  0.14%      4.23 GF/s  setup=0.000 s
fftw1d_custom            L=13  B=1     m=1     inner=342961 min=     0.058 us/xform  median=     0.058  sd=  0.20%      4.12 GF/s  setup=0.000 s
fftw1d_estimate          L=13  B=1     m=1     inner=1499618 min=     0.026 us/xform  median=     0.026  sd=  0.13%      9.11 GF/s  setup=0.001 s
fftw1d_estimate          L=13  B=1     m=1     inner=754668 min=     0.026 us/xform  median=     0.027  sd=  0.16%      9.08 GF/s  setup=0.001 s
fftw1d_estimate          L=13  B=1     m=1     inner=1198218 min=     0.026 us/xform  median=     0.026  sd=  0.10%      9.12 GF/s  setup=0.001 s
fftw1d_measure           L=13  B=1     m=1     inner=719578 min=     0.028 us/xform  median=     0.028  sd=  0.14%      8.70 GF/s  setup=0.001 s
fftw1d_measure           L=13  B=1     m=1     inner=1188158 min=     0.027 us/xform  median=     0.027  sd=  0.12%      9.05 GF/s  setup=0.001 s
fftw1d_measure           L=13  B=1     m=1     inner=756412 min=     0.026 us/xform  median=     0.026  sd=  0.13%      9.11 GF/s  setup=0.001 s
fftw1d_patient           L=13  B=1     m=1     inner=1715478 min=     0.022 us/xform  median=     0.022  sd=  0.69%     11.00 GF/s  setup=0.001 s
fftw1d_patient           L=13  B=1     m=1     inner=1211692 min=     0.026 us/xform  median=     0.026  sd=  0.10%      9.10 GF/s  setup=0.001 s
fftw1d_patient           L=13  B=1     m=1     inner=1192458 min=     0.026 us/xform  median=     0.026  sd=  0.14%      9.10 GF/s  setup=0.001 s
mkl1d_dfti               L=13  B=1     m=1     inner=809372 min=     0.026 us/xform  median=     0.026  sd=  1.05%      9.30 GF/s  setup=0.052 s
mkl1d_dfti               L=13  B=1     m=1     inner=1541372 min=     0.026 us/xform  median=     0.026  sd=  0.04%      9.30 GF/s  setup=0.014 s
mkl1d_dfti               L=13  B=1     m=1     inner=768334 min=     0.026 us/xform  median=     0.026  sd=  0.12%      9.24 GF/s  setup=0.014 s
baseline_dft             L=13  B=512   m=1     inner=222    min=     0.350 us/xform  median=     0.350  sd=  0.01%      0.69 GF/s  setup=0.000 s
baseline_dft             L=13  B=512   m=1     inner=176    min=     0.350 us/xform  median=     0.350  sd=  0.02%      0.69 GF/s  setup=0.000 s
baseline_dft             L=13  B=512   m=1     inner=170    min=     0.350 us/xform  median=     0.350  sd=  0.02%      0.69 GF/s  setup=0.000 s
d1_batchlane             L=13  B=512   m=1     inner=3398   min=     0.023 us/xform  median=     0.023  sd=  0.24%     10.44 GF/s  setup=0.000 s
d1_batchlane             L=13  B=512   m=1     inner=2724   min=     0.023 us/xform  median=     0.023  sd=  0.12%     10.34 GF/s  setup=0.000 s
d1_batchlane             L=13  B=512   m=1     inner=2544   min=     0.023 us/xform  median=     0.023  sd=  0.20%     10.31 GF/s  setup=0.000 s
d1_bluestein             L=13  B=512   m=1     inner=720    min=     0.107 us/xform  median=     0.107  sd=  0.04%      2.24 GF/s  setup=0.000 s
d1_bluestein             L=13  B=512   m=1     inner=708    min=     0.110 us/xform  median=     0.110  sd=  0.06%      2.19 GF/s  setup=0.000 s
d1_bluestein             L=13  B=512   m=1     inner=574    min=     0.107 us/xform  median=     0.107  sd=  0.03%      2.24 GF/s  setup=0.000 s
d1_planner               L=13  B=512   m=1     inner=1198   min=     0.064 us/xform  median=     0.064  sd=  0.07%      3.73 GF/s  setup=0.000 s
d1_planner               L=13  B=512   m=1     inner=918    min=     0.064 us/xform  median=     0.065  sd=  0.13%      3.73 GF/s  setup=0.000 s
d1_planner               L=13  B=512   m=1     inner=906    min=     0.065 us/xform  median=     0.065  sd=  0.15%      3.72 GF/s  setup=0.000 s
d1_prime                 L=13  B=512   m=1     inner=3768   min=     0.021 us/xform  median=     0.021  sd=  0.08%     11.67 GF/s  setup=0.000 s
d1_prime                 L=13  B=512   m=1     inner=2898   min=     0.021 us/xform  median=     0.021  sd=  0.05%     11.31 GF/s  setup=0.000 s
d1_prime                 L=13  B=512   m=1     inner=2836   min=     0.021 us/xform  median=     0.021  sd=  0.10%     11.56 GF/s  setup=0.000 s
d1_race                  L=13  B=512   m=1     inner=3718   min=     0.021 us/xform  median=     0.021  sd=  0.04%     11.60 GF/s  setup=2.280 s
d1_race                  L=13  B=512   m=1     inner=2938   min=     0.021 us/xform  median=     0.021  sd=  0.06%     11.50 GF/s  setup=0.015 s
d1_race                  L=13  B=512   m=1     inner=2882   min=     0.021 us/xform  median=     0.021  sd=  0.09%     11.29 GF/s  setup=0.015 s
d1_rader                 L=13  B=512   m=1     inner=1146   min=     0.051 us/xform  median=     0.051  sd=  0.06%      4.69 GF/s  setup=0.000 s
d1_rader                 L=13  B=512   m=1     inner=1158   min=     0.051 us/xform  median=     0.051  sd=  0.05%      4.71 GF/s  setup=0.000 s
d1_rader                 L=13  B=512   m=1     inner=757    min=     0.051 us/xform  median=     0.051  sd=  0.06%      4.70 GF/s  setup=0.000 s
fftw1d_custom            L=13  B=512   m=1     inner=790    min=     0.049 us/xform  median=     0.049  sd=  0.70%      4.87 GF/s  setup=0.000 s
fftw1d_custom            L=13  B=512   m=1     inner=1262   min=     0.049 us/xform  median=     0.049  sd=  0.03%      4.93 GF/s  setup=0.000 s
fftw1d_custom            L=13  B=512   m=1     inner=1262   min=     0.049 us/xform  median=     0.049  sd=  0.01%      4.90 GF/s  setup=0.000 s
fftw1d_custom_soa        L=13  B=512   m=1     inner=2028   min=     0.037 us/xform  median=     0.037  sd=  0.04%      6.46 GF/s  setup=0.000 s
fftw1d_custom_soa        L=13  B=512   m=1     inner=1604   min=     0.037 us/xform  median=     0.037  sd=  0.03%      6.56 GF/s  setup=0.000 s
fftw1d_custom_soa        L=13  B=512   m=1     inner=1684   min=     0.037 us/xform  median=     0.037  sd=  0.17%      6.54 GF/s  setup=0.000 s
fftw1d_estimate          L=13  B=512   m=1     inner=970    min=     0.040 us/xform  median=     0.040  sd=  0.05%      6.01 GF/s  setup=0.001 s
fftw1d_estimate          L=13  B=512   m=1     inner=1480   min=     0.040 us/xform  median=     0.040  sd=  0.16%      6.03 GF/s  setup=0.001 s
fftw1d_estimate          L=13  B=512   m=1     inner=1536   min=     0.040 us/xform  median=     0.040  sd=  0.06%      5.99 GF/s  setup=0.001 s
fftw1d_measure           L=13  B=512   m=1     inner=4090   min=     0.014 us/xform  median=     0.014  sd=  0.05%     16.83 GF/s  setup=0.003 s
fftw1d_measure           L=13  B=512   m=1     inner=4166   min=     0.014 us/xform  median=     0.014  sd=  0.04%     17.24 GF/s  setup=0.002 s
fftw1d_measure           L=13  B=512   m=1     inner=4416   min=     0.014 us/xform  median=     0.014  sd=  0.04%     16.77 GF/s  setup=0.002 s
fftw1d_patient           L=13  B=512   m=1     inner=4364   min=     0.014 us/xform  median=     0.014  sd=  0.07%     17.16 GF/s  setup=0.003 s
fftw1d_patient           L=13  B=512   m=1     inner=4116   min=     0.014 us/xform  median=     0.014  sd=  0.07%     16.97 GF/s  setup=0.003 s
fftw1d_patient           L=13  B=512   m=1     inner=4276   min=     0.014 us/xform  median=     0.014  sd=  0.06%     17.12 GF/s  setup=0.002 s
mkl1d_dfti               L=13  B=512   m=1     inner=2180   min=     0.019 us/xform  median=     0.019  sd=  1.36%     12.45 GF/s  setup=0.050 s
mkl1d_dfti               L=13  B=512   m=1     inner=4004   min=     0.019 us/xform  median=     0.019  sd=  0.07%     12.50 GF/s  setup=0.033 s
mkl1d_dfti               L=13  B=512   m=1     inner=3918   min=     0.020 us/xform  median=     0.020  sd=  0.13%     12.25 GF/s  setup=0.015 s
baseline_dft             L=13  B=1     m=200000 inner=1      min=     0.393 us/xform  median=     0.393  sd=  0.01%      0.61 GF/s  setup=0.000 s
baseline_dft             L=13  B=1     m=200000 inner=1      min=     0.393 us/xform  median=     0.393  sd=  0.01%      0.61 GF/s  setup=0.000 s
baseline_dft             L=13  B=1     m=200000 inner=1      min=     0.393 us/xform  median=     0.393  sd=  0.01%      0.61 GF/s  setup=0.000 s
baseline_dft             L=13  B=1     m=2     inner=2318   min=     0.401 us/xform  median=     0.401  sd=  0.00%      0.60 GF/s  setup=0.000 s
d1_batchlane             L=13  B=1     m=200000 inner=2      min=     0.072 us/xform  median=     0.072  sd=  0.05%      3.34 GF/s  setup=0.000 s
d1_batchlane             L=13  B=1     m=200000 inner=2      min=     0.072 us/xform  median=     0.072  sd=  0.06%      3.34 GF/s  setup=0.000 s
d1_batchlane             L=13  B=1     m=200000 inner=2      min=     0.072 us/xform  median=     0.072  sd=  0.09%      3.34 GF/s  setup=0.000 s
d1_batchlane             L=13  B=1     m=2     inner=11472  min=     0.083 us/xform  median=     0.083  sd=  0.00%      2.91 GF/s  setup=0.000 s
d1_bluestein             L=13  B=1     m=200000 inner=1      min=     0.129 us/xform  median=     0.131  sd=  0.57%      1.86 GF/s  setup=0.000 s
d1_bluestein             L=13  B=1     m=200000 inner=1      min=     0.127 us/xform  median=     0.129  sd=  0.75%      1.89 GF/s  setup=0.000 s
d1_bluestein             L=13  B=1     m=200000 inner=1      min=     0.128 us/xform  median=     0.130  sd=  0.81%      1.88 GF/s  setup=0.000 s
d1_bluestein             L=13  B=1     m=2     inner=4572   min=     0.149 us/xform  median=     0.149  sd=  0.00%      1.62 GF/s  setup=0.000 s
d1_planner               L=13  B=1     m=200000 inner=2      min=     0.089 us/xform  median=     0.089  sd=  0.07%      2.72 GF/s  setup=0.000 s
d1_planner               L=13  B=1     m=200000 inner=2      min=     0.089 us/xform  median=     0.089  sd=  0.11%      2.72 GF/s  setup=0.000 s
d1_planner               L=13  B=1     m=200000 inner=2      min=     0.089 us/xform  median=     0.090  sd=  0.70%      2.69 GF/s  setup=0.000 s
d1_planner               L=13  B=1     m=2     inner=6270   min=     0.096 us/xform  median=     0.096  sd=  0.00%      2.52 GF/s  setup=0.000 s
d1_prime                 L=13  B=1     m=200000 inner=4      min=     0.039 us/xform  median=     0.040  sd=  0.05%      6.09 GF/s  setup=0.000 s
d1_prime                 L=13  B=1     m=200000 inner=4      min=     0.039 us/xform  median=     0.040  sd=  0.06%      6.09 GF/s  setup=0.000 s
d1_prime                 L=13  B=1     m=200000 inner=4      min=     0.039 us/xform  median=     0.040  sd=  0.07%      6.09 GF/s  setup=0.000 s
d1_prime                 L=13  B=1     m=2     inner=11480  min=     0.084 us/xform  median=     0.084  sd=  0.00%      2.87 GF/s  setup=0.000 s
d1_race                  L=13  B=1     m=200000 inner=4      min=     0.039 us/xform  median=     0.039  sd=  0.07%      6.10 GF/s  setup=0.005 s
d1_race                  L=13  B=1     m=200000 inner=4      min=     0.045 us/xform  median=     0.045  sd=  0.08%      5.36 GF/s  setup=0.010 s
d1_race                  L=13  B=1     m=200000 inner=4      min=     0.039 us/xform  median=     0.039  sd=  0.07%      6.10 GF/s  setup=0.009 s
d1_race                  L=13  B=1     m=2     inner=17542  min=     0.055 us/xform  median=     0.055  sd=  0.00%      4.37 GF/s  setup=0.006 s
d1_rader                 L=13  B=1     m=200000 inner=2      min=     0.080 us/xform  median=     0.080  sd=  0.03%      3.00 GF/s  setup=0.000 s
d1_rader                 L=13  B=1     m=200000 inner=2      min=     0.080 us/xform  median=     0.080  sd=  0.03%      3.00 GF/s  setup=0.000 s
d1_rader                 L=13  B=1     m=200000 inner=2      min=     0.080 us/xform  median=     0.080  sd=  0.02%      3.00 GF/s  setup=0.000 s
d1_rader                 L=13  B=1     m=2     inner=5322   min=     0.143 us/xform  median=     0.143  sd=  0.00%      1.69 GF/s  setup=0.000 s
fftw1d_custom            L=13  B=1     m=200000 inner=2      min=     0.076 us/xform  median=     0.076  sd=  0.21%      3.19 GF/s  setup=0.000 s
fftw1d_custom            L=13  B=1     m=200000 inner=2      min=     0.075 us/xform  median=     0.076  sd=  0.34%      3.19 GF/s  setup=0.000 s
fftw1d_custom            L=13  B=1     m=200000 inner=2      min=     0.076 us/xform  median=     0.076  sd=  0.23%      3.18 GF/s  setup=0.000 s
fftw1d_custom            L=13  B=1     m=2     inner=5452   min=     0.157 us/xform  median=     0.157  sd=  0.00%      1.53 GF/s  setup=0.000 s
fftw1d_estimate          L=13  B=1     m=200000 inner=2      min=     0.081 us/xform  median=     0.081  sd=  0.02%      2.96 GF/s  setup=0.001 s
fftw1d_estimate          L=13  B=1     m=200000 inner=2      min=     0.081 us/xform  median=     0.081  sd=  0.01%      2.96 GF/s  setup=0.001 s
fftw1d_estimate          L=13  B=1     m=200000 inner=2      min=     0.081 us/xform  median=     0.081  sd=  0.03%      2.96 GF/s  setup=0.001 s
fftw1d_estimate          L=13  B=1     m=2     inner=8504   min=     0.079 us/xform  median=     0.079  sd=  0.00%      3.04 GF/s  setup=0.001 s
fftw1d_measure           L=13  B=1     m=200000 inner=2      min=     0.067 us/xform  median=     0.067  sd=  0.02%      3.57 GF/s  setup=0.001 s
fftw1d_measure           L=13  B=1     m=200000 inner=2      min=     0.067 us/xform  median=     0.067  sd=  0.01%      3.57 GF/s  setup=0.001 s
fftw1d_measure           L=13  B=1     m=200000 inner=2      min=     0.067 us/xform  median=     0.067  sd=  0.01%      3.57 GF/s  setup=0.001 s
fftw1d_measure           L=13  B=1     m=2     inner=11520  min=     0.079 us/xform  median=     0.079  sd=  0.00%      3.03 GF/s  setup=0.001 s
fftw1d_patient           L=13  B=1     m=200000 inner=2      min=     0.067 us/xform  median=     0.067  sd=  0.01%      3.57 GF/s  setup=0.001 s
fftw1d_patient           L=13  B=1     m=200000 inner=2      min=     0.067 us/xform  median=     0.067  sd=  0.01%      3.57 GF/s  setup=0.001 s
fftw1d_patient           L=13  B=1     m=200000 inner=2      min=     0.081 us/xform  median=     0.081  sd=  0.01%      2.96 GF/s  setup=0.001 s
fftw1d_patient           L=13  B=1     m=2     inner=12634  min=     0.079 us/xform  median=     0.079  sd=  0.00%      3.04 GF/s  setup=0.001 s
mkl1d_dfti               L=13  B=1     m=200000 inner=2      min=     0.080 us/xform  median=     0.080  sd=  0.08%      2.99 GF/s  setup=0.048 s
mkl1d_dfti               L=13  B=1     m=200000 inner=2      min=     0.080 us/xform  median=     0.080  sd=  0.07%      3.00 GF/s  setup=0.038 s
mkl1d_dfti               L=13  B=1     m=200000 inner=2      min=     0.080 us/xform  median=     0.080  sd=  0.06%      2.99 GF/s  setup=0.014 s
mkl1d_dfti               L=13  B=1     m=2     inner=3193   min=     0.157 us/xform  median=     0.157  sd=  0.00%      1.53 GF/s  setup=0.051 s
baseline_dft             L=13  B=512   m=2000  inner=1      min=     0.327 us/xform  median=     0.327  sd=  0.01%      0.74 GF/s  setup=0.000 s
baseline_dft             L=13  B=512   m=2000  inner=1      min=     0.328 us/xform  median=     0.328  sd=  0.00%      0.73 GF/s  setup=0.000 s
baseline_dft             L=13  B=512   m=2000  inner=1      min=     0.327 us/xform  median=     0.327  sd=  0.00%      0.74 GF/s  setup=0.000 s
baseline_dft             L=13  B=512   m=2     inner=4      min=     0.397 us/xform  median=     0.397  sd=  0.00%      0.61 GF/s  setup=0.000 s
d1_batchlane             L=13  B=512   m=2000  inner=2      min=     0.019 us/xform  median=     0.019  sd=  0.11%     12.91 GF/s  setup=0.000 s
d1_batchlane             L=13  B=512   m=2000  inner=1      min=     0.022 us/xform  median=     0.022  sd=  0.01%     10.89 GF/s  setup=0.000 s
d1_batchlane             L=13  B=512   m=2000  inner=1      min=     0.022 us/xform  median=     0.022  sd=  0.09%     10.94 GF/s  setup=0.000 s
d1_batchlane             L=13  B=512   m=2     inner=58     min=     0.033 us/xform  median=     0.033  sd=  0.00%      7.31 GF/s  setup=0.000 s
d1_bluestein             L=13  B=512   m=2000  inner=1      min=     0.128 us/xform  median=     0.128  sd=  0.01%      1.89 GF/s  setup=0.000 s
d1_bluestein             L=13  B=512   m=2000  inner=1      min=     0.126 us/xform  median=     0.126  sd=  0.01%      1.91 GF/s  setup=0.000 s
d1_bluestein             L=13  B=512   m=2000  inner=1      min=     0.126 us/xform  median=     0.126  sd=  0.01%      1.91 GF/s  setup=0.000 s
d1_bluestein             L=13  B=512   m=2     inner=12     min=     0.153 us/xform  median=     0.153  sd=  0.00%      1.58 GF/s  setup=0.000 s
d1_planner               L=13  B=512   m=2000  inner=1      min=     0.069 us/xform  median=     0.069  sd=  0.07%      3.48 GF/s  setup=0.000 s
d1_planner               L=13  B=512   m=2000  inner=1      min=     0.064 us/xform  median=     0.064  sd=  0.04%      3.74 GF/s  setup=0.000 s
d1_planner               L=13  B=512   m=2000  inner=1      min=     0.057 us/xform  median=     0.057  sd=  0.13%      4.19 GF/s  setup=0.000 s
d1_planner               L=13  B=512   m=2     inner=22     min=     0.085 us/xform  median=     0.085  sd=  0.00%      2.83 GF/s  setup=0.000 s
d1_prime                 L=13  B=512   m=2000  inner=2      min=     0.015 us/xform  median=     0.015  sd=  0.11%     15.63 GF/s  setup=0.000 s
d1_prime                 L=13  B=512   m=2000  inner=2      min=     0.015 us/xform  median=     0.015  sd=  0.08%     15.60 GF/s  setup=0.000 s
d1_prime                 L=13  B=512   m=2000  inner=2      min=     0.018 us/xform  median=     0.018  sd=  0.06%     13.73 GF/s  setup=0.000 s
d1_prime                 L=13  B=512   m=2     inner=32     min=     0.032 us/xform  median=     0.032  sd=  0.00%      7.56 GF/s  setup=0.000 s
d1_race                  L=13  B=512   m=2000  inner=2      min=     0.015 us/xform  median=     0.015  sd=  0.03%     15.56 GF/s  setup=0.005 s
d1_race                  L=13  B=512   m=2000  inner=2      min=     0.015 us/xform  median=     0.015  sd=  0.04%     15.59 GF/s  setup=0.007 s
d1_race                  L=13  B=512   m=2000  inner=2      min=     0.018 us/xform  median=     0.018  sd=  0.04%     13.72 GF/s  setup=0.008 s
d1_race                  L=13  B=512   m=2     inner=42     min=     0.045 us/xform  median=     0.045  sd=  0.00%      5.39 GF/s  setup=0.006 s
d1_rader                 L=13  B=512   m=2000  inner=1      min=     0.097 us/xform  median=     0.097  sd=  0.01%      2.49 GF/s  setup=0.000 s
d1_rader                 L=13  B=512   m=2000  inner=1      min=     0.080 us/xform  median=     0.080  sd=  0.02%      3.00 GF/s  setup=0.000 s
d1_rader                 L=13  B=512   m=2000  inner=1      min=     0.080 us/xform  median=     0.080  sd=  0.02%      3.00 GF/s  setup=0.000 s
d1_rader                 L=13  B=512   m=2     inner=16     min=     0.118 us/xform  median=     0.118  sd=  0.00%      2.03 GF/s  setup=0.000 s
fftw1d_custom            L=13  B=512   m=2000  inner=1      min=     0.047 us/xform  median=     0.047  sd=  9.76%      5.08 GF/s  setup=0.000 s
fftw1d_custom            L=13  B=512   m=2000  inner=1      min=     0.047 us/xform  median=     0.047  sd=  0.01%      5.08 GF/s  setup=0.000 s
fftw1d_custom            L=13  B=512   m=2000  inner=1      min=     0.047 us/xform  median=     0.047  sd=  0.01%      5.08 GF/s  setup=0.000 s
fftw1d_custom            L=13  B=512   m=2     inner=18     min=     0.064 us/xform  median=     0.064  sd=  0.00%      3.78 GF/s  setup=0.000 s
fftw1d_custom_soa        L=13  B=512   m=2000  inner=1      min=     0.026 us/xform  median=     0.026  sd=  0.02%      9.15 GF/s  setup=0.000 s
fftw1d_custom_soa        L=13  B=512   m=2000  inner=1      min=     0.026 us/xform  median=     0.026  sd=  0.05%      9.10 GF/s  setup=0.000 s
fftw1d_custom_soa        L=13  B=512   m=2000  inner=1      min=     0.026 us/xform  median=     0.026  sd=  0.04%      9.17 GF/s  setup=0.000 s
fftw1d_custom_soa        L=13  B=512   m=2     inner=18     min=     0.056 us/xform  median=     0.056  sd=  0.00%      4.27 GF/s  setup=0.000 s
fftw1d_estimate          L=13  B=512   m=2000  inner=1      min=     0.085 us/xform  median=     0.085  sd=  0.01%      2.82 GF/s  setup=0.001 s
fftw1d_estimate          L=13  B=512   m=2000  inner=1      min=     0.075 us/xform  median=     0.075  sd=  0.01%      3.22 GF/s  setup=0.001 s
fftw1d_estimate          L=13  B=512   m=2000  inner=1      min=     0.075 us/xform  median=     0.075  sd=  0.01%      3.22 GF/s  setup=0.000 s
fftw1d_estimate          L=13  B=512   m=2     inner=22     min=     0.088 us/xform  median=     0.088  sd=  0.00%      2.75 GF/s  setup=0.001 s
fftw1d_measure           L=13  B=512   m=2000  inner=1      min=     0.060 us/xform  median=     0.060  sd=  0.02%      4.03 GF/s  setup=0.002 s
fftw1d_measure           L=13  B=512   m=2000  inner=1      min=     0.051 us/xform  median=     0.051  sd=  0.01%      4.68 GF/s  setup=0.002 s
fftw1d_measure           L=13  B=512   m=2000  inner=1      min=     0.052 us/xform  median=     0.052  sd=  0.01%      4.66 GF/s  setup=0.002 s
fftw1d_measure           L=13  B=512   m=2     inner=18     min=     0.074 us/xform  median=     0.074  sd=  0.00%      3.24 GF/s  setup=0.003 s
fftw1d_patient           L=13  B=512   m=2000  inner=1      min=     0.058 us/xform  median=     0.058  sd=  0.01%      4.13 GF/s  setup=0.002 s
fftw1d_patient           L=13  B=512   m=2000  inner=1      min=     0.060 us/xform  median=     0.060  sd=  0.01%      4.02 GF/s  setup=0.003 s
fftw1d_patient           L=13  B=512   m=2000  inner=1      min=     0.051 us/xform  median=     0.051  sd=  6.21%      4.69 GF/s  setup=0.002 s
fftw1d_patient           L=13  B=512   m=2     inner=30     min=     0.061 us/xform  median=     0.061  sd=  0.00%      3.96 GF/s  setup=0.002 s
mkl1d_dfti               L=13  B=512   m=2000  inner=1      min=     0.064 us/xform  median=     0.064  sd=  0.05%      3.76 GF/s  setup=0.050 s
mkl1d_dfti               L=13  B=512   m=2000  inner=1      min=     0.064 us/xform  median=     0.064  sd=  0.03%      3.75 GF/s  setup=0.051 s
mkl1d_dfti               L=13  B=512   m=2000  inner=1      min=     0.053 us/xform  median=     0.053  sd=  0.03%      4.54 GF/s  setup=0.052 s
mkl1d_dfti               L=13  B=512   m=2     inner=16     min=     0.114 us/xform  median=     0.114  sd=  0.00%      2.11 GF/s  setup=0.042 s
baseline_dft             L=31  B=1     m=1     inner=19394  min=     1.998 us/xform  median=     1.998  sd=  0.01%      0.38 GF/s  setup=0.000 s
baseline_dft             L=31  B=1     m=1     inner=19376  min=     1.998 us/xform  median=     1.998  sd=  0.01%      0.38 GF/s  setup=0.000 s
baseline_dft             L=31  B=1     m=1     inner=19380  min=     1.998 us/xform  median=     1.998  sd=  0.01%      0.38 GF/s  setup=0.000 s
d1_batchlane             L=31  B=1     m=1     inner=292970 min=     0.068 us/xform  median=     0.069  sd=  0.15%     11.21 GF/s  setup=0.000 s
d1_batchlane             L=31  B=1     m=1     inner=449346 min=     0.069 us/xform  median=     0.069  sd=  0.11%     11.10 GF/s  setup=0.000 s
d1_batchlane             L=31  B=1     m=1     inner=447906 min=     0.071 us/xform  median=     0.072  sd=  0.09%     10.75 GF/s  setup=0.000 s
d1_bluestein             L=31  B=1     m=1     inner=122530 min=     0.325 us/xform  median=     0.326  sd=  0.03%      2.36 GF/s  setup=0.001 s
d1_bluestein             L=31  B=1     m=1     inner=122576 min=     0.325 us/xform  median=     0.325  sd=  0.02%      2.36 GF/s  setup=0.001 s
d1_bluestein             L=31  B=1     m=1     inner=70006  min=     0.318 us/xform  median=     0.318  sd=  0.08%      2.42 GF/s  setup=0.001 s
d1_planner               L=31  B=1     m=1     inner=170622 min=     0.234 us/xform  median=     0.234  sd=  0.16%      3.29 GF/s  setup=0.000 s
d1_planner               L=31  B=1     m=1     inner=131544 min=     0.233 us/xform  median=     0.234  sd=  0.13%      3.30 GF/s  setup=0.000 s
d1_planner               L=31  B=1     m=1     inner=136132 min=     0.234 us/xform  median=     0.234  sd=  0.11%      3.28 GF/s  setup=0.000 s
d1_prime                 L=31  B=1     m=1     inner=617460 min=     0.064 us/xform  median=     0.064  sd=  0.18%     11.95 GF/s  setup=0.000 s
d1_prime                 L=31  B=1     m=1     inner=482222 min=     0.066 us/xform  median=     0.066  sd=  0.01%     11.59 GF/s  setup=0.000 s
d1_prime                 L=31  B=1     m=1     inner=463826 min=     0.066 us/xform  median=     0.066  sd=  0.01%     11.59 GF/s  setup=0.000 s
d1_race                  L=31  B=1     m=1     inner=600258 min=     0.066 us/xform  median=     0.066  sd=  0.01%     11.59 GF/s  setup=0.084 s
d1_race                  L=31  B=1     m=1     inner=481530 min=     0.065 us/xform  median=     0.065  sd=  0.25%     11.79 GF/s  setup=0.011 s
d1_race                  L=31  B=1     m=1     inner=445244 min=     0.071 us/xform  median=     0.071  sd=  0.11%     10.87 GF/s  setup=0.013 s
d1_rader                 L=31  B=1     m=1     inner=98962  min=     0.210 us/xform  median=     0.210  sd=  0.08%      3.65 GF/s  setup=0.000 s
d1_rader                 L=31  B=1     m=1     inner=91968  min=     0.235 us/xform  median=     0.235  sd=  0.10%      3.26 GF/s  setup=0.000 s
d1_rader                 L=31  B=1     m=1     inner=85470  min=     0.235 us/xform  median=     0.236  sd=  0.20%      3.27 GF/s  setup=0.000 s
fftw1d_custom            L=31  B=1     m=1     inner=97722  min=     0.215 us/xform  median=     0.216  sd=  0.29%      3.57 GF/s  setup=0.000 s
fftw1d_custom            L=31  B=1     m=1     inner=125034 min=     0.218 us/xform  median=     0.218  sd=  0.26%      3.53 GF/s  setup=0.000 s
fftw1d_custom            L=31  B=1     m=1     inner=124672 min=     0.217 us/xform  median=     0.217  sd=  0.17%      3.54 GF/s  setup=0.000 s
fftw1d_estimate          L=31  B=1     m=1     inner=125450 min=     0.313 us/xform  median=     0.315  sd=  0.13%      2.45 GF/s  setup=0.001 s
fftw1d_estimate          L=31  B=1     m=1     inner=76016  min=     0.328 us/xform  median=     0.329  sd=  0.17%      2.34 GF/s  setup=0.001 s
fftw1d_estimate          L=31  B=1     m=1     inner=72734  min=     0.327 us/xform  median=     0.327  sd=  0.06%      2.35 GF/s  setup=0.001 s
fftw1d_measure           L=31  B=1     m=1     inner=73922  min=     0.316 us/xform  median=     0.317  sd=  0.09%      2.43 GF/s  setup=0.043 s
fftw1d_measure           L=31  B=1     m=1     inner=92464  min=     0.314 us/xform  median=     0.316  sd=  0.13%      2.44 GF/s  setup=0.043 s
fftw1d_measure           L=31  B=1     m=1     inner=67584  min=     0.318 us/xform  median=     0.319  sd=  0.18%      2.42 GF/s  setup=0.043 s
fftw1d_patient           L=31  B=1     m=1     inner=76626  min=     0.318 us/xform  median=     0.319  sd=  0.08%      2.42 GF/s  setup=0.119 s
fftw1d_patient           L=31  B=1     m=1     inner=84050  min=     0.313 us/xform  median=     0.315  sd=  0.14%      2.45 GF/s  setup=0.119 s
fftw1d_patient           L=31  B=1     m=1     inner=90514  min=     0.315 us/xform  median=     0.316  sd=  0.14%      2.44 GF/s  setup=0.121 s
mkl1d_dfti               L=31  B=1     m=1     inner=46330  min=     0.279 us/xform  median=     0.280  sd=  8.89%      2.75 GF/s  setup=0.055 s
mkl1d_dfti               L=31  B=1     m=1     inner=94916  min=     0.280 us/xform  median=     0.280  sd=  0.06%      2.75 GF/s  setup=0.035 s
mkl1d_dfti               L=31  B=1     m=1     inner=93266  min=     0.280 us/xform  median=     0.280  sd=  0.05%      2.75 GF/s  setup=0.033 s
baseline_dft             L=31  B=512   m=1     inner=38     min=     1.994 us/xform  median=     1.994  sd=  0.01%      0.39 GF/s  setup=0.000 s
baseline_dft             L=31  B=512   m=1     inner=30     min=     1.994 us/xform  median=     1.994  sd=  0.01%      0.39 GF/s  setup=0.000 s
baseline_dft             L=31  B=512   m=1     inner=30     min=     1.994 us/xform  median=     1.994  sd=  0.01%      0.39 GF/s  setup=0.000 s
d1_batchlane             L=31  B=512   m=1     inner=504    min=     0.078 us/xform  median=     0.078  sd=  0.17%      9.82 GF/s  setup=0.000 s
d1_batchlane             L=31  B=512   m=1     inner=786    min=     0.077 us/xform  median=     0.077  sd=  0.03%     10.02 GF/s  setup=0.000 s
d1_batchlane             L=31  B=512   m=1     inner=792    min=     0.079 us/xform  median=     0.079  sd=  0.02%      9.76 GF/s  setup=0.000 s
d1_bluestein             L=31  B=512   m=1     inner=124    min=     0.314 us/xform  median=     0.314  sd=  0.12%      2.45 GF/s  setup=0.001 s
d1_bluestein             L=31  B=512   m=1     inner=176    min=     0.351 us/xform  median=     0.351  sd=  0.03%      2.19 GF/s  setup=0.001 s
d1_bluestein             L=31  B=512   m=1     inner=202    min=     0.354 us/xform  median=     0.354  sd=  0.02%      2.17 GF/s  setup=0.001 s
d1_planner               L=31  B=512   m=1     inner=312    min=     0.248 us/xform  median=     0.249  sd=  0.05%      3.09 GF/s  setup=0.000 s
d1_planner               L=31  B=512   m=1     inner=248    min=     0.249 us/xform  median=     0.249  sd=  0.07%      3.09 GF/s  setup=0.000 s
d1_planner               L=31  B=512   m=1     inner=248    min=     0.248 us/xform  median=     0.248  sd=  0.10%      3.10 GF/s  setup=0.000 s
d1_prime                 L=31  B=512   m=1     inner=636    min=     0.062 us/xform  median=     0.062  sd=  0.29%     12.43 GF/s  setup=0.000 s
d1_prime                 L=31  B=512   m=1     inner=1002   min=     0.062 us/xform  median=     0.062  sd=  0.10%     12.42 GF/s  setup=0.000 s
d1_prime                 L=31  B=512   m=1     inner=968    min=     0.061 us/xform  median=     0.061  sd=  0.10%     12.58 GF/s  setup=0.000 s
d1_race                  L=31  B=512   m=1     inner=1268   min=     0.054 us/xform  median=     0.061  sd=  6.29%     14.24 GF/s  setup=1.180 s
d1_race                  L=31  B=512   m=1     inner=1004   min=     0.061 us/xform  median=     0.061  sd=  0.06%     12.53 GF/s  setup=0.014 s
d1_race                  L=31  B=512   m=1     inner=1002   min=     0.061 us/xform  median=     0.061  sd=  0.14%     12.56 GF/s  setup=0.012 s
d1_rader                 L=31  B=512   m=1     inner=362    min=     0.213 us/xform  median=     0.213  sd=  0.03%      3.61 GF/s  setup=0.000 s
d1_rader                 L=31  B=512   m=1     inner=290    min=     0.176 us/xform  median=     0.176  sd=  0.17%      4.37 GF/s  setup=0.000 s
d1_rader                 L=31  B=512   m=1     inner=416    min=     0.175 us/xform  median=     0.176  sd=  0.11%      4.39 GF/s  setup=0.000 s
fftw1d_custom            L=31  B=512   m=1     inner=398    min=     0.195 us/xform  median=     0.197  sd=  0.40%      3.94 GF/s  setup=0.000 s
fftw1d_custom            L=31  B=512   m=1     inner=306    min=     0.202 us/xform  median=     0.202  sd=  0.04%      3.81 GF/s  setup=0.000 s
fftw1d_custom            L=31  B=512   m=1     inner=380    min=     0.204 us/xform  median=     0.204  sd=  0.03%      3.77 GF/s  setup=0.000 s
fftw1d_custom_soa        L=31  B=512   m=1     inner=362    min=     0.108 us/xform  median=     0.112  sd=  1.57%      7.14 GF/s  setup=0.000 s
fftw1d_custom_soa        L=31  B=512   m=1     inner=518    min=     0.117 us/xform  median=     0.117  sd=  0.06%      6.56 GF/s  setup=0.000 s
fftw1d_custom_soa        L=31  B=512   m=1     inner=562    min=     0.105 us/xform  median=     0.105  sd=  0.02%      7.32 GF/s  setup=0.000 s
fftw1d_estimate          L=31  B=512   m=1     inner=122    min=     0.318 us/xform  median=     0.319  sd=  0.09%      2.42 GF/s  setup=0.001 s
fftw1d_estimate          L=31  B=512   m=1     inner=192    min=     0.263 us/xform  median=     0.264  sd=  0.09%      2.91 GF/s  setup=0.001 s
fftw1d_estimate          L=31  B=512   m=1     inner=294    min=     0.263 us/xform  median=     0.264  sd=  0.08%      2.92 GF/s  setup=0.001 s
fftw1d_measure           L=31  B=512   m=1     inner=244    min=     0.318 us/xform  median=     0.319  sd=  0.10%      2.42 GF/s  setup=0.043 s
fftw1d_measure           L=31  B=512   m=1     inner=276    min=     0.264 us/xform  median=     0.265  sd=  0.10%      2.91 GF/s  setup=0.042 s
fftw1d_measure           L=31  B=512   m=1     inner=244    min=     0.318 us/xform  median=     0.319  sd=  0.11%      2.42 GF/s  setup=0.043 s
fftw1d_patient           L=31  B=512   m=1     inner=242    min=     0.318 us/xform  median=     0.319  sd=  0.08%      2.41 GF/s  setup=0.119 s
fftw1d_patient           L=31  B=512   m=1     inner=244    min=     0.318 us/xform  median=     0.319  sd=  0.10%      2.42 GF/s  setup=0.121 s
fftw1d_patient           L=31  B=512   m=1     inner=242    min=     0.318 us/xform  median=     0.319  sd=  0.10%      2.41 GF/s  setup=0.120 s
mkl1d_dfti               L=31  B=512   m=1     inner=156    min=     0.273 us/xform  median=     0.274  sd=  1.10%      2.81 GF/s  setup=0.050 s
mkl1d_dfti               L=31  B=512   m=1     inner=284    min=     0.274 us/xform  median=     0.274  sd=  0.03%      2.81 GF/s  setup=0.034 s
mkl1d_dfti               L=31  B=512   m=1     inner=284    min=     0.274 us/xform  median=     0.274  sd=  0.04%      2.81 GF/s  setup=0.015 s
baseline_dft             L=31  B=1     m=100000 inner=1      min=     1.739 us/xform  median=     1.739  sd=  0.02%      0.44 GF/s  setup=0.000 s
baseline_dft             L=31  B=1     m=100000 inner=1      min=     1.739 us/xform  median=     1.739  sd=  3.58%      0.44 GF/s  setup=0.000 s
baseline_dft             L=31  B=1     m=100000 inner=1      min=     1.739 us/xform  median=     1.739  sd=  0.01%      0.44 GF/s  setup=0.000 s
baseline_dft             L=31  B=1     m=2     inner=358    min=     2.650 us/xform  median=     2.650  sd=  0.00%      0.29 GF/s  setup=0.000 s
d1_batchlane             L=31  B=1     m=100000 inner=4      min=     0.087 us/xform  median=     0.088  sd=  0.05%      8.78 GF/s  setup=0.000 s
d1_batchlane             L=31  B=1     m=100000 inner=4      min=     0.087 us/xform  median=     0.087  sd=  0.05%      8.80 GF/s  setup=0.000 s
d1_batchlane             L=31  B=1     m=100000 inner=4      min=     0.087 us/xform  median=     0.088  sd=  0.04%      8.78 GF/s  setup=0.000 s
d1_batchlane             L=31  B=1     m=2     inner=8302   min=     0.113 us/xform  median=     0.113  sd=  0.00%      6.79 GF/s  setup=0.000 s
d1_bluestein             L=31  B=1     m=100000 inner=1      min=     0.316 us/xform  median=     0.316  sd=  0.03%      2.43 GF/s  setup=0.001 s
d1_bluestein             L=31  B=1     m=100000 inner=1      min=     0.338 us/xform  median=     0.338  sd=  0.06%      2.27 GF/s  setup=0.001 s
d1_bluestein             L=31  B=1     m=100000 inner=1      min=     0.316 us/xform  median=     0.316  sd=  0.03%      2.43 GF/s  setup=0.000 s
d1_bluestein             L=31  B=1     m=2     inner=1596   min=     0.361 us/xform  median=     0.361  sd=  0.00%      2.13 GF/s  setup=0.001 s
d1_planner               L=31  B=1     m=100000 inner=1      min=     0.334 us/xform  median=     0.334  sd=  0.13%      2.30 GF/s  setup=0.000 s
d1_planner               L=31  B=1     m=100000 inner=1      min=     0.332 us/xform  median=     0.332  sd=  0.01%      2.31 GF/s  setup=0.000 s
d1_planner               L=31  B=1     m=100000 inner=1      min=     0.332 us/xform  median=     0.332  sd=  0.01%      2.31 GF/s  setup=0.000 s
d1_planner               L=31  B=1     m=2     inner=2556   min=     0.355 us/xform  median=     0.355  sd=  0.00%      2.16 GF/s  setup=0.000 s
d1_prime                 L=31  B=1     m=100000 inner=6      min=     0.058 us/xform  median=     0.058  sd=  0.01%     13.19 GF/s  setup=0.000 s
d1_prime                 L=31  B=1     m=100000 inner=6      min=     0.058 us/xform  median=     0.058  sd=  0.00%     13.20 GF/s  setup=0.000 s
d1_prime                 L=31  B=1     m=100000 inner=6      min=     0.058 us/xform  median=     0.058  sd=  0.01%     13.19 GF/s  setup=0.000 s
d1_prime                 L=31  B=1     m=2     inner=8214   min=     0.110 us/xform  median=     0.110  sd=  0.00%      6.96 GF/s  setup=0.000 s
d1_race                  L=31  B=1     m=100000 inner=6      min=     0.058 us/xform  median=     0.058  sd=  0.00%     13.19 GF/s  setup=0.005 s
d1_race                  L=31  B=1     m=100000 inner=6      min=     0.058 us/xform  median=     0.058  sd=  0.00%     13.19 GF/s  setup=0.006 s
d1_race                  L=31  B=1     m=100000 inner=6      min=     0.058 us/xform  median=     0.058  sd=  0.01%     13.19 GF/s  setup=0.007 s
d1_race                  L=31  B=1     m=2     inner=8992   min=     0.103 us/xform  median=     0.103  sd=  0.00%      7.42 GF/s  setup=0.004 s
d1_rader                 L=31  B=1     m=100000 inner=1      min=     0.251 us/xform  median=     0.251  sd=  0.06%      3.07 GF/s  setup=0.000 s
d1_rader                 L=31  B=1     m=100000 inner=1      min=     0.250 us/xform  median=     0.251  sd=  0.04%      3.07 GF/s  setup=0.000 s
d1_rader                 L=31  B=1     m=100000 inner=1      min=     0.250 us/xform  median=     0.251  sd=  0.06%      3.07 GF/s  setup=0.000 s
d1_rader                 L=31  B=1     m=2     inner=2300   min=     0.325 us/xform  median=     0.325  sd=  0.00%      2.36 GF/s  setup=0.000 s
fftw1d_custom            L=31  B=1     m=100000 inner=1      min=     0.252 us/xform  median=     0.252  sd=  0.12%      3.05 GF/s  setup=0.000 s
fftw1d_custom            L=31  B=1     m=100000 inner=1      min=     0.209 us/xform  median=     0.209  sd=  0.17%      3.68 GF/s  setup=0.000 s
fftw1d_custom            L=31  B=1     m=100000 inner=1      min=     0.252 us/xform  median=     0.253  sd=  0.21%      3.05 GF/s  setup=0.000 s
fftw1d_custom            L=31  B=1     m=2     inner=2304   min=     0.389 us/xform  median=     0.389  sd=  0.00%      1.97 GF/s  setup=0.000 s
fftw1d_estimate          L=31  B=1     m=100000 inner=1      min=     0.350 us/xform  median=     0.350  sd=  0.01%      2.19 GF/s  setup=0.001 s
fftw1d_estimate          L=31  B=1     m=100000 inner=1      min=     0.353 us/xform  median=     0.353  sd=  0.01%      2.17 GF/s  setup=0.001 s
fftw1d_estimate          L=31  B=1     m=100000 inner=1      min=     0.350 us/xform  median=     0.350  sd=  0.02%      2.20 GF/s  setup=0.001 s
fftw1d_estimate          L=31  B=1     m=2     inner=2028   min=     0.399 us/xform  median=     0.399  sd=  0.00%      1.93 GF/s  setup=0.001 s
fftw1d_measure           L=31  B=1     m=100000 inner=1      min=     0.347 us/xform  median=     0.348  sd=  0.01%      2.21 GF/s  setup=0.042 s
fftw1d_measure           L=31  B=1     m=100000 inner=1      min=     0.348 us/xform  median=     0.348  sd=  0.03%      2.21 GF/s  setup=0.042 s
fftw1d_measure           L=31  B=1     m=100000 inner=1      min=     0.348 us/xform  median=     0.348  sd=  0.02%      2.21 GF/s  setup=0.042 s
fftw1d_measure           L=31  B=1     m=2     inner=2022   min=     0.371 us/xform  median=     0.371  sd=  0.00%      2.07 GF/s  setup=0.041 s
fftw1d_patient           L=31  B=1     m=100000 inner=1      min=     0.350 us/xform  median=     0.350  sd=  0.02%      2.20 GF/s  setup=0.118 s
fftw1d_patient           L=31  B=1     m=100000 inner=1      min=     0.350 us/xform  median=     0.350  sd=  0.02%      2.20 GF/s  setup=0.119 s
fftw1d_patient           L=31  B=1     m=100000 inner=1      min=     0.348 us/xform  median=     0.348  sd=  0.02%      2.21 GF/s  setup=0.118 s
fftw1d_patient           L=31  B=1     m=2     inner=1804   min=     0.426 us/xform  median=     0.426  sd=  0.00%      1.80 GF/s  setup=0.120 s
mkl1d_dfti               L=31  B=1     m=100000 inner=1      min=     0.386 us/xform  median=     0.386  sd=  0.04%      1.99 GF/s  setup=0.052 s
mkl1d_dfti               L=31  B=1     m=100000 inner=1      min=     0.320 us/xform  median=     0.332  sd=  9.57%      2.40 GF/s  setup=0.015 s
mkl1d_dfti               L=31  B=1     m=100000 inner=1      min=     0.319 us/xform  median=     0.320  sd=  0.04%      2.40 GF/s  setup=0.037 s
mkl1d_dfti               L=31  B=1     m=2     inner=1136   min=     0.710 us/xform  median=     0.710  sd=  0.00%      1.08 GF/s  setup=0.050 s
baseline_dft             L=31  B=512   m=1200  inner=1      min=     1.745 us/xform  median=     1.745  sd=  0.01%      0.44 GF/s  setup=0.000 s
baseline_dft             L=31  B=512   m=1200  inner=1      min=     1.745 us/xform  median=     1.745  sd=  0.02%      0.44 GF/s  setup=0.000 s
baseline_dft             L=31  B=512   m=1200  inner=1      min=     1.745 us/xform  median=     1.745  sd=  0.02%      0.44 GF/s  setup=0.000 s
baseline_dft             L=31  B=512   m=2     inner=1      min=     2.264 us/xform  median=     2.264  sd=  0.00%      0.34 GF/s  setup=0.000 s
d1_batchlane             L=31  B=512   m=1200  inner=1      min=     0.071 us/xform  median=     0.071  sd=  0.01%     10.89 GF/s  setup=0.000 s
d1_batchlane             L=31  B=512   m=1200  inner=1      min=     0.062 us/xform  median=     0.070  sd=  6.13%     12.48 GF/s  setup=0.000 s
d1_batchlane             L=31  B=512   m=1200  inner=1      min=     0.070 us/xform  median=     0.070  sd=  0.01%     10.91 GF/s  setup=0.000 s
d1_batchlane             L=31  B=512   m=2     inner=20     min=     0.091 us/xform  median=     0.091  sd=  0.00%      8.42 GF/s  setup=0.000 s
d1_bluestein             L=31  B=512   m=1200  inner=1      min=     0.316 us/xform  median=     0.316  sd=  0.01%      2.43 GF/s  setup=0.001 s
d1_bluestein             L=31  B=512   m=1200  inner=1      min=     0.316 us/xform  median=     0.316  sd=  0.01%      2.43 GF/s  setup=0.000 s
d1_bluestein             L=31  B=512   m=1200  inner=1      min=     0.323 us/xform  median=     0.323  sd=  0.01%      2.38 GF/s  setup=0.000 s
d1_bluestein             L=31  B=512   m=2     inner=4      min=     0.372 us/xform  median=     0.372  sd=  0.00%      2.07 GF/s  setup=0.001 s
d1_planner               L=31  B=512   m=1200  inner=1      min=     0.218 us/xform  median=     0.219  sd=  0.12%      3.52 GF/s  setup=0.000 s
d1_planner               L=31  B=512   m=1200  inner=1      min=     0.219 us/xform  median=     0.219  sd=  0.03%      3.50 GF/s  setup=0.000 s
d1_planner               L=31  B=512   m=1200  inner=1      min=     0.220 us/xform  median=     0.220  sd=  7.72%      3.49 GF/s  setup=0.000 s
d1_planner               L=31  B=512   m=2     inner=6      min=     0.302 us/xform  median=     0.302  sd=  0.00%      2.54 GF/s  setup=0.000 s
d1_prime                 L=31  B=512   m=1200  inner=1      min=     0.049 us/xform  median=     0.049  sd=  0.01%     15.81 GF/s  setup=0.000 s
d1_prime                 L=31  B=512   m=1200  inner=1      min=     0.049 us/xform  median=     0.049  sd=  0.06%     15.62 GF/s  setup=0.000 s
d1_prime                 L=31  B=512   m=1200  inner=1      min=     0.048 us/xform  median=     0.048  sd=  0.09%     15.89 GF/s  setup=0.000 s
d1_prime                 L=31  B=512   m=2     inner=20     min=     0.088 us/xform  median=     0.088  sd=  0.00%      8.77 GF/s  setup=0.000 s
d1_race                  L=31  B=512   m=1200  inner=1      min=     0.049 us/xform  median=     0.049  sd=  0.02%     15.82 GF/s  setup=0.006 s
d1_race                  L=31  B=512   m=1200  inner=1      min=     0.049 us/xform  median=     0.049  sd=  0.00%     15.82 GF/s  setup=0.005 s
d1_race                  L=31  B=512   m=1200  inner=1      min=     0.049 us/xform  median=     0.049  sd=  0.00%     15.82 GF/s  setup=0.005 s
d1_race                  L=31  B=512   m=2     inner=22     min=     0.085 us/xform  median=     0.085  sd=  0.00%      9.01 GF/s  setup=0.004 s
d1_rader                 L=31  B=512   m=1200  inner=1      min=     0.251 us/xform  median=     0.251  sd=  0.02%      3.06 GF/s  setup=0.000 s
d1_rader                 L=31  B=512   m=1200  inner=1      min=     0.251 us/xform  median=     0.251  sd=  0.02%      3.06 GF/s  setup=0.000 s
d1_rader                 L=31  B=512   m=1200  inner=1      min=     0.251 us/xform  median=     0.251  sd=  0.03%      3.06 GF/s  setup=0.000 s
d1_rader                 L=31  B=512   m=2     inner=6      min=     0.299 us/xform  median=     0.299  sd=  0.00%      2.57 GF/s  setup=0.000 s
fftw1d_custom            L=31  B=512   m=1200  inner=1      min=     0.178 us/xform  median=     0.178  sd=  0.02%      4.32 GF/s  setup=0.000 s
fftw1d_custom            L=31  B=512   m=1200  inner=1      min=     0.177 us/xform  median=     0.177  sd=  0.02%      4.33 GF/s  setup=0.000 s
fftw1d_custom            L=31  B=512   m=1200  inner=1      min=     0.177 us/xform  median=     0.177  sd=  0.02%      4.33 GF/s  setup=0.000 s
fftw1d_custom            L=31  B=512   m=2     inner=4      min=     0.321 us/xform  median=     0.321  sd=  0.00%      2.39 GF/s  setup=0.000 s
fftw1d_custom_soa        L=31  B=512   m=1200  inner=1      min=     0.078 us/xform  median=     0.078  sd=  0.17%      9.89 GF/s  setup=0.000 s
fftw1d_custom_soa        L=31  B=512   m=1200  inner=1      min=     0.081 us/xform  median=     0.081  sd=  0.02%      9.50 GF/s  setup=0.000 s
fftw1d_custom_soa        L=31  B=512   m=1200  inner=1      min=     0.088 us/xform  median=     0.088  sd=  0.04%      8.71 GF/s  setup=0.000 s
fftw1d_custom_soa        L=31  B=512   m=2     inner=6      min=     0.222 us/xform  median=     0.222  sd=  0.00%      3.45 GF/s  setup=0.000 s
fftw1d_estimate          L=31  B=512   m=1200  inner=1      min=     0.354 us/xform  median=     0.354  sd=  0.00%      2.17 GF/s  setup=0.001 s
fftw1d_estimate          L=31  B=512   m=1200  inner=1      min=     0.353 us/xform  median=     0.353  sd=  0.00%      2.17 GF/s  setup=0.001 s
fftw1d_estimate          L=31  B=512   m=1200  inner=1      min=     0.353 us/xform  median=     0.353  sd=  0.01%      2.17 GF/s  setup=0.001 s
fftw1d_estimate          L=31  B=512   m=2     inner=4      min=     0.435 us/xform  median=     0.435  sd=  0.00%      1.76 GF/s  setup=0.001 s
fftw1d_measure           L=31  B=512   m=1200  inner=1      min=     0.353 us/xform  median=     0.353  sd=  0.01%      2.17 GF/s  setup=0.042 s
fftw1d_measure           L=31  B=512   m=1200  inner=1      min=     0.353 us/xform  median=     0.353  sd=  0.00%      2.17 GF/s  setup=0.041 s
fftw1d_measure           L=31  B=512   m=1200  inner=1      min=     0.353 us/xform  median=     0.353  sd=  0.03%      2.17 GF/s  setup=0.042 s
fftw1d_measure           L=31  B=512   m=2     inner=4      min=     0.435 us/xform  median=     0.435  sd=  0.00%      1.77 GF/s  setup=0.043 s
fftw1d_patient           L=31  B=512   m=1200  inner=1      min=     0.354 us/xform  median=     0.354  sd=  0.17%      2.17 GF/s  setup=0.121 s
fftw1d_patient           L=31  B=512   m=1200  inner=1      min=     0.354 us/xform  median=     0.354  sd=  0.23%      2.17 GF/s  setup=0.118 s
fftw1d_patient           L=31  B=512   m=1200  inner=1      min=     0.354 us/xform  median=     0.354  sd=  0.23%      2.17 GF/s  setup=0.119 s
fftw1d_patient           L=31  B=512   m=2     inner=4      min=     0.436 us/xform  median=     0.436  sd=  0.00%      1.76 GF/s  setup=0.120 s
mkl1d_dfti               L=31  B=512   m=1200  inner=1      min=     0.315 us/xform  median=     0.353  sd=  9.43%      2.44 GF/s  setup=0.054 s
mkl1d_dfti               L=31  B=512   m=1200  inner=1      min=     0.316 us/xform  median=     0.316  sd=  0.01%      2.43 GF/s  setup=0.049 s
mkl1d_dfti               L=31  B=512   m=1200  inner=1      min=     0.315 us/xform  median=     0.315  sd=  0.01%      2.44 GF/s  setup=0.054 s
mkl1d_dfti               L=31  B=512   m=2     inner=2      min=     0.706 us/xform  median=     0.706  sd=  0.00%      1.09 GF/s  setup=0.050 s
baseline_dft             L=32  B=1     m=1     inner=18178  min=     2.128 us/xform  median=     2.129  sd=  0.02%      0.38 GF/s  setup=0.000 s
baseline_dft             L=32  B=1     m=1     inner=14466  min=     2.128 us/xform  median=     2.129  sd=  0.01%      0.38 GF/s  setup=0.000 s
baseline_dft             L=32  B=1     m=1     inner=14470  min=     2.128 us/xform  median=     2.129  sd=  0.02%      0.38 GF/s  setup=0.000 s
d1_batchlane             L=32  B=1     m=1     inner=947582 min=     0.042 us/xform  median=     0.042  sd=  0.04%     19.01 GF/s  setup=0.000 s
d1_batchlane             L=32  B=1     m=1     inner=828860 min=     0.038 us/xform  median=     0.038  sd=  0.14%     21.00 GF/s  setup=0.000 s
d1_batchlane             L=32  B=1     m=1     inner=725080 min=     0.042 us/xform  median=     0.042  sd=  0.04%     19.12 GF/s  setup=0.000 s
d1_bluestein             L=32  B=1     m=1     inner=199302 min=     0.107 us/xform  median=     0.107  sd=  0.18%      7.50 GF/s  setup=0.000 s
d1_bluestein             L=32  B=1     m=1     inner=299476 min=     0.101 us/xform  median=     0.102  sd=  0.10%      7.89 GF/s  setup=0.000 s
d1_bluestein             L=32  B=1     m=1     inner=349892 min=     0.100 us/xform  median=     0.101  sd=  0.10%      7.96 GF/s  setup=0.000 s
d1_planner               L=32  B=1     m=1     inner=672166 min=     0.062 us/xform  median=     0.063  sd=  0.80%     12.83 GF/s  setup=0.000 s
d1_planner               L=32  B=1     m=1     inner=504664 min=     0.063 us/xform  median=     0.063  sd=  0.67%     12.76 GF/s  setup=0.000 s
d1_planner               L=32  B=1     m=1     inner=546462 min=     0.062 us/xform  median=     0.063  sd=  0.86%     12.90 GF/s  setup=0.000 s
d1_pow2                  L=32  B=1     m=1     inner=1895210 min=     0.021 us/xform  median=     0.021  sd=  0.37%     38.62 GF/s  setup=0.000 s
d1_pow2                  L=32  B=1     m=1     inner=1440230 min=     0.021 us/xform  median=     0.021  sd=  0.25%     38.33 GF/s  setup=0.000 s
d1_pow2                  L=32  B=1     m=1     inner=1496886 min=     0.021 us/xform  median=     0.021  sd=  0.21%     38.69 GF/s  setup=0.000 s
d1_race                  L=32  B=1     m=1     inner=1036988 min=     0.021 us/xform  median=     0.021  sd=  1.83%     38.47 GF/s  setup=0.102 s
d1_race                  L=32  B=1     m=1     inner=736705 min=     0.020 us/xform  median=     0.021  sd=  4.98%     39.03 GF/s  setup=0.019 s
d1_race                  L=32  B=1     m=1     inner=1301778 min=     0.023 us/xform  median=     0.023  sd=  0.10%     34.90 GF/s  setup=0.020 s
d1_twiddle               L=32  B=1     m=1     inner=580971 min=     0.034 us/xform  median=     0.034  sd=  0.53%     23.50 GF/s  setup=0.000 s
d1_twiddle               L=32  B=1     m=1     inner=945806 min=     0.034 us/xform  median=     0.034  sd=  0.26%     23.33 GF/s  setup=0.000 s
d1_twiddle               L=32  B=1     m=1     inner=1009126 min=     0.038 us/xform  median=     0.039  sd=  0.30%     20.80 GF/s  setup=0.000 s
fftw1d_custom            L=32  B=1     m=1     inner=207988 min=     0.109 us/xform  median=     0.109  sd=  0.11%      7.32 GF/s  setup=0.000 s
fftw1d_custom            L=32  B=1     m=1     inner=195224 min=     0.108 us/xform  median=     0.109  sd=  0.09%      7.39 GF/s  setup=0.000 s
fftw1d_custom            L=32  B=1     m=1     inner=300872 min=     0.117 us/xform  median=     0.117  sd=  0.13%      6.84 GF/s  setup=0.000 s
fftw1d_estimate          L=32  B=1     m=1     inner=407273 min=     0.049 us/xform  median=     0.049  sd=  0.41%     16.42 GF/s  setup=0.001 s
fftw1d_estimate          L=32  B=1     m=1     inner=642520 min=     0.048 us/xform  median=     0.049  sd=  0.32%     16.52 GF/s  setup=0.001 s
fftw1d_estimate          L=32  B=1     m=1     inner=609922 min=     0.050 us/xform  median=     0.051  sd=  0.68%     15.85 GF/s  setup=0.001 s
fftw1d_measure           L=32  B=1     m=1     inner=497884 min=     0.040 us/xform  median=     0.040  sd=  0.59%     20.08 GF/s  setup=0.008 s
fftw1d_measure           L=32  B=1     m=1     inner=848794 min=     0.039 us/xform  median=     0.039  sd=  0.84%     20.75 GF/s  setup=0.008 s
fftw1d_measure           L=32  B=1     m=1     inner=786536 min=     0.043 us/xform  median=     0.043  sd=  0.56%     18.54 GF/s  setup=0.008 s
fftw1d_patient           L=32  B=1     m=1     inner=528169 min=     0.037 us/xform  median=     0.038  sd=  0.57%     21.48 GF/s  setup=0.015 s
fftw1d_patient           L=32  B=1     m=1     inner=908580 min=     0.039 us/xform  median=     0.039  sd=  0.50%     20.58 GF/s  setup=0.016 s
fftw1d_patient           L=32  B=1     m=1     inner=923860 min=     0.040 us/xform  median=     0.041  sd=  0.38%     19.78 GF/s  setup=0.015 s
mkl1d_dfti               L=32  B=1     m=1     inner=1515578 min=     0.026 us/xform  median=     0.026  sd=  0.63%     31.31 GF/s  setup=0.002 s
mkl1d_dfti               L=32  B=1     m=1     inner=1226686 min=     0.026 us/xform  median=     0.026  sd=  1.02%     31.13 GF/s  setup=0.002 s
mkl1d_dfti               L=32  B=1     m=1     inner=787098 min=     0.025 us/xform  median=     0.026  sd=  1.34%     31.49 GF/s  setup=0.001 s
baseline_dft             L=32  B=512   m=1     inner=28     min=     2.124 us/xform  median=     2.125  sd=  0.03%      0.38 GF/s  setup=0.000 s
baseline_dft             L=32  B=512   m=1     inner=28     min=     2.124 us/xform  median=     2.125  sd=  0.01%      0.38 GF/s  setup=0.000 s
baseline_dft             L=32  B=512   m=1     inner=28     min=     2.124 us/xform  median=     2.125  sd=  0.03%      0.38 GF/s  setup=0.000 s
d1_batchlane             L=32  B=512   m=1     inner=2148   min=     0.036 us/xform  median=     0.036  sd=  0.06%     22.29 GF/s  setup=0.000 s
d1_batchlane             L=32  B=512   m=1     inner=1712   min=     0.036 us/xform  median=     0.036  sd=  0.07%     22.29 GF/s  setup=0.000 s
d1_batchlane             L=32  B=512   m=1     inner=2120   min=     0.037 us/xform  median=     0.037  sd=  0.07%     21.91 GF/s  setup=0.000 s
d1_bluestein             L=32  B=512   m=1     inner=794    min=     0.098 us/xform  median=     0.098  sd=  0.19%      8.19 GF/s  setup=0.000 s
d1_bluestein             L=32  B=512   m=1     inner=664    min=     0.093 us/xform  median=     0.093  sd=  0.09%      8.59 GF/s  setup=0.000 s
d1_bluestein             L=32  B=512   m=1     inner=616    min=     0.100 us/xform  median=     0.100  sd=  0.15%      8.00 GF/s  setup=0.000 s
d1_planner               L=32  B=512   m=1     inner=709    min=     0.053 us/xform  median=     0.054  sd=  0.57%     15.00 GF/s  setup=0.000 s
d1_planner               L=32  B=512   m=1     inner=1112   min=     0.055 us/xform  median=     0.055  sd=  0.53%     14.60 GF/s  setup=0.000 s
d1_planner               L=32  B=512   m=1     inner=1128   min=     0.053 us/xform  median=     0.054  sd=  0.59%     15.07 GF/s  setup=0.000 s
d1_pow2                  L=32  B=512   m=1     inner=4424   min=     0.018 us/xform  median=     0.018  sd=  0.02%     45.57 GF/s  setup=0.000 s
d1_pow2                  L=32  B=512   m=1     inner=3484   min=     0.018 us/xform  median=     0.018  sd=  0.02%     45.57 GF/s  setup=0.000 s
d1_pow2                  L=32  B=512   m=1     inner=3350   min=     0.018 us/xform  median=     0.018  sd=  0.02%     45.58 GF/s  setup=0.000 s
d1_race                  L=32  B=512   m=1     inner=4384   min=     0.018 us/xform  median=     0.018  sd=  0.03%     45.57 GF/s  setup=0.662 s
d1_race                  L=32  B=512   m=1     inner=4408   min=     0.015 us/xform  median=     0.015  sd=  4.29%     51.86 GF/s  setup=0.018 s
d1_race                  L=32  B=512   m=1     inner=5052   min=     0.015 us/xform  median=     0.015  sd=  0.02%     51.86 GF/s  setup=0.010 s
d1_twiddle               L=32  B=512   m=1     inner=2162   min=     0.035 us/xform  median=     0.035  sd=  0.52%     23.13 GF/s  setup=0.000 s
d1_twiddle               L=32  B=512   m=1     inner=1642   min=     0.036 us/xform  median=     0.036  sd=  0.28%     22.41 GF/s  setup=0.000 s
d1_twiddle               L=32  B=512   m=1     inner=2318   min=     0.034 us/xform  median=     0.034  sd=  0.17%     23.87 GF/s  setup=0.000 s
fftw1d_custom            L=32  B=512   m=1     inner=722    min=     0.108 us/xform  median=     0.109  sd=  0.47%      7.44 GF/s  setup=0.000 s
fftw1d_custom            L=32  B=512   m=1     inner=554    min=     0.112 us/xform  median=     0.112  sd=  0.06%      7.14 GF/s  setup=0.000 s
fftw1d_custom            L=32  B=512   m=1     inner=582    min=     0.105 us/xform  median=     0.105  sd=  0.04%      7.62 GF/s  setup=0.000 s
fftw1d_custom_soa        L=32  B=512   m=1     inner=414    min=     0.096 us/xform  median=     0.096  sd=  5.03%      8.37 GF/s  setup=0.000 s
fftw1d_custom_soa        L=32  B=512   m=1     inner=700    min=     0.076 us/xform  median=     0.076  sd=  0.25%     10.53 GF/s  setup=0.000 s
fftw1d_custom_soa        L=32  B=512   m=1     inner=996    min=     0.077 us/xform  median=     0.077  sd=  0.01%     10.33 GF/s  setup=0.000 s
fftw1d_estimate          L=32  B=512   m=1     inner=658    min=     0.102 us/xform  median=     0.102  sd=  0.16%      7.86 GF/s  setup=0.001 s
fftw1d_estimate          L=32  B=512   m=1     inner=770    min=     0.101 us/xform  median=     0.102  sd=  0.08%      7.89 GF/s  setup=0.001 s
fftw1d_estimate          L=32  B=512   m=1     inner=388    min=     0.100 us/xform  median=     0.101  sd=  0.10%      7.96 GF/s  setup=0.001 s
fftw1d_measure           L=32  B=512   m=1     inner=2436   min=     0.026 us/xform  median=     0.026  sd=  1.39%     30.51 GF/s  setup=0.010 s
fftw1d_measure           L=32  B=512   m=1     inner=2832   min=     0.025 us/xform  median=     0.025  sd=  0.02%     31.86 GF/s  setup=0.009 s
fftw1d_measure           L=32  B=512   m=1     inner=2064   min=     0.025 us/xform  median=     0.025  sd=  0.03%     31.93 GF/s  setup=0.010 s
fftw1d_patient           L=32  B=512   m=1     inner=2504   min=     0.029 us/xform  median=     0.029  sd=  0.02%     27.94 GF/s  setup=0.061 s
fftw1d_patient           L=32  B=512   m=1     inner=2886   min=     0.025 us/xform  median=     0.025  sd=  0.02%     31.68 GF/s  setup=0.060 s
fftw1d_patient           L=32  B=512   m=1     inner=2816   min=     0.026 us/xform  median=     0.026  sd=  0.01%     30.68 GF/s  setup=0.056 s
mkl1d_dfti               L=32  B=512   m=1     inner=4752   min=     0.015 us/xform  median=     0.015  sd=  0.97%     52.33 GF/s  setup=0.001 s
mkl1d_dfti               L=32  B=512   m=1     inner=5032   min=     0.015 us/xform  median=     0.015  sd=  0.01%     52.33 GF/s  setup=0.001 s
mkl1d_dfti               L=32  B=512   m=1     inner=3508   min=     0.015 us/xform  median=     0.015  sd=  0.01%     52.32 GF/s  setup=0.001 s
baseline_dft             L=32  B=1     m=100000 inner=1      min=     1.847 us/xform  median=     1.847  sd=  6.67%      0.43 GF/s  setup=0.000 s
baseline_dft             L=32  B=1     m=100000 inner=1      min=     1.847 us/xform  median=     1.847  sd=  0.00%      0.43 GF/s  setup=0.000 s
baseline_dft             L=32  B=1     m=100000 inner=1      min=     1.847 us/xform  median=     1.847  sd=  0.00%      0.43 GF/s  setup=0.000 s
baseline_dft             L=32  B=1     m=2     inner=370    min=     2.246 us/xform  median=     2.246  sd=  0.00%      0.36 GF/s  setup=0.000 s
d1_batchlane             L=32  B=1     m=100000 inner=4      min=     0.079 us/xform  median=     0.079  sd=  0.16%     10.10 GF/s  setup=0.000 s
d1_batchlane             L=32  B=1     m=100000 inner=4      min=     0.079 us/xform  median=     0.079  sd=  0.18%     10.11 GF/s  setup=0.000 s
d1_batchlane             L=32  B=1     m=100000 inner=4      min=     0.079 us/xform  median=     0.080  sd=  0.25%     10.12 GF/s  setup=0.000 s
d1_batchlane             L=32  B=1     m=2     inner=6980   min=     0.136 us/xform  median=     0.136  sd=  0.00%      5.88 GF/s  setup=0.000 s
d1_bluestein             L=32  B=1     m=100000 inner=1      min=     0.212 us/xform  median=     0.213  sd=  0.09%      3.77 GF/s  setup=0.000 s
d1_bluestein             L=32  B=1     m=100000 inner=1      min=     0.208 us/xform  median=     0.209  sd=  0.06%      3.84 GF/s  setup=0.000 s
d1_bluestein             L=32  B=1     m=100000 inner=1      min=     0.210 us/xform  median=     0.210  sd=  0.10%      3.81 GF/s  setup=0.000 s
d1_bluestein             L=32  B=1     m=2     inner=2680   min=     0.226 us/xform  median=     0.226  sd=  0.00%      3.53 GF/s  setup=0.000 s
d1_planner               L=32  B=1     m=100000 inner=2      min=     0.122 us/xform  median=     0.122  sd=  0.37%      6.58 GF/s  setup=0.000 s
d1_planner               L=32  B=1     m=100000 inner=2      min=     0.126 us/xform  median=     0.126  sd=  0.14%      6.36 GF/s  setup=0.000 s
d1_planner               L=32  B=1     m=100000 inner=2      min=     0.124 us/xform  median=     0.124  sd=  0.10%      6.45 GF/s  setup=0.000 s
d1_planner               L=32  B=1     m=2     inner=6544   min=     0.140 us/xform  median=     0.140  sd=  0.00%      5.70 GF/s  setup=0.000 s
d1_pow2                  L=32  B=1     m=100000 inner=4      min=     0.098 us/xform  median=     0.098  sd=  0.01%      8.20 GF/s  setup=0.000 s
d1_pow2                  L=32  B=1     m=100000 inner=4      min=     0.098 us/xform  median=     0.098  sd=  0.01%      8.20 GF/s  setup=0.000 s
d1_pow2                  L=32  B=1     m=100000 inner=4      min=     0.098 us/xform  median=     0.098  sd=  0.01%      8.20 GF/s  setup=0.000 s
d1_pow2                  L=32  B=1     m=2     inner=7068   min=     0.123 us/xform  median=     0.123  sd=  0.00%      6.49 GF/s  setup=0.000 s
d1_race                  L=32  B=1     m=100000 inner=4      min=     0.079 us/xform  median=     0.090  sd=  6.30%     10.10 GF/s  setup=0.006 s
d1_race                  L=32  B=1     m=100000 inner=4      min=     0.079 us/xform  median=     0.080  sd=  0.18%     10.09 GF/s  setup=0.007 s
d1_race                  L=32  B=1     m=100000 inner=4      min=     0.079 us/xform  median=     0.079  sd=  0.13%     10.10 GF/s  setup=0.007 s
d1_race                  L=32  B=1     m=2     inner=6756   min=     0.142 us/xform  median=     0.142  sd=  0.00%      5.64 GF/s  setup=0.006 s
d1_twiddle               L=32  B=1     m=100000 inner=4      min=     0.083 us/xform  median=     0.083  sd=  0.06%      9.65 GF/s  setup=0.000 s
d1_twiddle               L=32  B=1     m=100000 inner=4      min=     0.094 us/xform  median=     0.094  sd=  0.09%      8.48 GF/s  setup=0.000 s
d1_twiddle               L=32  B=1     m=100000 inner=4      min=     0.083 us/xform  median=     0.083  sd=  0.05%      9.65 GF/s  setup=0.000 s
d1_twiddle               L=32  B=1     m=2     inner=9490   min=     0.096 us/xform  median=     0.096  sd=  0.00%      8.37 GF/s  setup=0.000 s
fftw1d_custom            L=32  B=1     m=100000 inner=2      min=     0.122 us/xform  median=     0.122  sd=  0.18%      6.58 GF/s  setup=0.000 s
fftw1d_custom            L=32  B=1     m=100000 inner=2      min=     0.122 us/xform  median=     0.122  sd=  0.21%      6.58 GF/s  setup=0.000 s
fftw1d_custom            L=32  B=1     m=100000 inner=2      min=     0.122 us/xform  median=     0.122  sd=  0.21%      6.58 GF/s  setup=0.000 s
fftw1d_custom            L=32  B=1     m=2     inner=2868   min=     0.222 us/xform  median=     0.222  sd=  0.00%      3.60 GF/s  setup=0.000 s
fftw1d_estimate          L=32  B=1     m=100000 inner=2      min=     0.145 us/xform  median=     0.145  sd=  0.02%      5.51 GF/s  setup=0.001 s
fftw1d_estimate          L=32  B=1     m=100000 inner=2      min=     0.145 us/xform  median=     0.145  sd=  0.02%      5.50 GF/s  setup=0.001 s
fftw1d_estimate          L=32  B=1     m=100000 inner=2      min=     0.168 us/xform  median=     0.168  sd=  0.03%      4.76 GF/s  setup=0.001 s
fftw1d_estimate          L=32  B=1     m=2     inner=6472   min=     0.149 us/xform  median=     0.149  sd=  0.00%      5.38 GF/s  setup=0.001 s
fftw1d_measure           L=32  B=1     m=100000 inner=2      min=     0.136 us/xform  median=     0.136  sd=  0.09%      5.88 GF/s  setup=0.007 s
fftw1d_measure           L=32  B=1     m=100000 inner=2      min=     0.152 us/xform  median=     0.152  sd=  0.07%      5.28 GF/s  setup=0.008 s
fftw1d_measure           L=32  B=1     m=100000 inner=2      min=     0.136 us/xform  median=     0.136  sd=  0.05%      5.88 GF/s  setup=0.008 s
fftw1d_measure           L=32  B=1     m=2     inner=7074   min=     0.137 us/xform  median=     0.137  sd=  0.00%      5.83 GF/s  setup=0.007 s
fftw1d_patient           L=32  B=1     m=100000 inner=2      min=     0.136 us/xform  median=     0.136  sd=  0.07%      5.89 GF/s  setup=0.016 s
fftw1d_patient           L=32  B=1     m=100000 inner=2      min=     0.136 us/xform  median=     0.136  sd=  0.08%      5.89 GF/s  setup=0.014 s
fftw1d_patient           L=32  B=1     m=100000 inner=2      min=     0.155 us/xform  median=     0.155  sd=  0.05%      5.17 GF/s  setup=0.015 s
fftw1d_patient           L=32  B=1     m=2     inner=6320   min=     0.156 us/xform  median=     0.156  sd=  0.00%      5.13 GF/s  setup=0.015 s
mkl1d_dfti               L=32  B=1     m=100000 inner=2      min=     0.131 us/xform  median=     0.131  sd=  0.08%      6.10 GF/s  setup=0.001 s
mkl1d_dfti               L=32  B=1     m=100000 inner=2      min=     0.149 us/xform  median=     0.149  sd=  0.08%      5.36 GF/s  setup=0.002 s
mkl1d_dfti               L=32  B=1     m=100000 inner=2      min=     0.131 us/xform  median=     0.131  sd=  0.07%      6.11 GF/s  setup=0.002 s
mkl1d_dfti               L=32  B=1     m=2     inner=7488   min=     0.134 us/xform  median=     0.134  sd=  0.00%      5.98 GF/s  setup=0.001 s
baseline_dft             L=32  B=512   m=1000  inner=1      min=     1.953 us/xform  median=     1.953  sd=  0.00%      0.41 GF/s  setup=0.000 s
baseline_dft             L=32  B=512   m=1000  inner=1      min=     1.953 us/xform  median=     1.953  sd=  0.00%      0.41 GF/s  setup=0.000 s
baseline_dft             L=32  B=512   m=1000  inner=1      min=     1.951 us/xform  median=     1.953  sd=  0.03%      0.41 GF/s  setup=0.000 s
baseline_dft             L=32  B=512   m=2     inner=1      min=     2.258 us/xform  median=     2.258  sd=  0.00%      0.35 GF/s  setup=0.000 s
d1_batchlane             L=32  B=512   m=1000  inner=1      min=     0.044 us/xform  median=     0.044  sd=  0.02%     18.11 GF/s  setup=0.000 s
d1_batchlane             L=32  B=512   m=1000  inner=1      min=     0.044 us/xform  median=     0.044  sd=  0.02%     18.11 GF/s  setup=0.000 s
d1_batchlane             L=32  B=512   m=1000  inner=1      min=     0.044 us/xform  median=     0.044  sd=  0.02%     18.21 GF/s  setup=0.000 s
d1_batchlane             L=32  B=512   m=2     inner=30     min=     0.058 us/xform  median=     0.058  sd=  0.00%     13.80 GF/s  setup=0.000 s
d1_bluestein             L=32  B=512   m=1000  inner=1      min=     0.168 us/xform  median=     0.169  sd=  0.04%      4.75 GF/s  setup=0.000 s
d1_bluestein             L=32  B=512   m=1000  inner=1      min=     0.177 us/xform  median=     0.177  sd=  0.03%      4.53 GF/s  setup=0.000 s
d1_bluestein             L=32  B=512   m=1000  inner=1      min=     0.169 us/xform  median=     0.204  sd=  9.39%      4.75 GF/s  setup=0.000 s
d1_bluestein             L=32  B=512   m=2     inner=8      min=     0.187 us/xform  median=     0.187  sd=  0.00%      4.28 GF/s  setup=0.000 s
d1_planner               L=32  B=512   m=1000  inner=1      min=     0.100 us/xform  median=     0.101  sd=  0.08%      7.97 GF/s  setup=0.000 s
d1_planner               L=32  B=512   m=1000  inner=1      min=     0.121 us/xform  median=     0.122  sd=  0.21%      6.58 GF/s  setup=0.000 s
d1_planner               L=32  B=512   m=1000  inner=1      min=     0.103 us/xform  median=     0.103  sd=  0.09%      7.77 GF/s  setup=0.000 s
d1_planner               L=32  B=512   m=2     inner=14     min=     0.131 us/xform  median=     0.131  sd=  0.00%      6.09 GF/s  setup=0.000 s
d1_pow2                  L=32  B=512   m=1000  inner=1      min=     0.046 us/xform  median=     0.046  sd=  0.06%     17.34 GF/s  setup=0.000 s
d1_pow2                  L=32  B=512   m=1000  inner=1      min=     0.046 us/xform  median=     0.046  sd=  0.18%     17.31 GF/s  setup=0.000 s
d1_pow2                  L=32  B=512   m=1000  inner=1      min=     0.046 us/xform  median=     0.046  sd=  0.10%     17.34 GF/s  setup=0.000 s
d1_pow2                  L=32  B=512   m=2     inner=20     min=     0.088 us/xform  median=     0.088  sd=  0.00%      9.08 GF/s  setup=0.000 s
d1_race                  L=32  B=512   m=1000  inner=2      min=     0.038 us/xform  median=     0.038  sd=  0.03%     20.84 GF/s  setup=0.007 s
d1_race                  L=32  B=512   m=1000  inner=1      min=     0.044 us/xform  median=     0.044  sd=  0.06%     18.33 GF/s  setup=0.009 s
d1_race                  L=32  B=512   m=1000  inner=2      min=     0.039 us/xform  median=     0.039  sd=  0.01%     20.62 GF/s  setup=0.008 s
d1_race                  L=32  B=512   m=2     inner=28     min=     0.061 us/xform  median=     0.061  sd=  0.00%     13.04 GF/s  setup=0.006 s
d1_twiddle               L=32  B=512   m=1000  inner=1      min=     0.083 us/xform  median=     0.083  sd=  0.03%      9.61 GF/s  setup=0.000 s
d1_twiddle               L=32  B=512   m=1000  inner=1      min=     0.084 us/xform  median=     0.084  sd=  0.03%      9.49 GF/s  setup=0.000 s
d1_twiddle               L=32  B=512   m=1000  inner=1      min=     0.083 us/xform  median=     0.083  sd=  0.05%      9.64 GF/s  setup=0.000 s
d1_twiddle               L=32  B=512   m=2     inner=20     min=     0.088 us/xform  median=     0.088  sd=  0.00%      9.12 GF/s  setup=0.000 s
fftw1d_custom            L=32  B=512   m=1000  inner=1      min=     0.104 us/xform  median=     0.104  sd=  0.11%      7.67 GF/s  setup=0.000 s
fftw1d_custom            L=32  B=512   m=1000  inner=1      min=     0.104 us/xform  median=     0.104  sd=  0.07%      7.70 GF/s  setup=0.000 s
fftw1d_custom            L=32  B=512   m=1000  inner=1      min=     0.104 us/xform  median=     0.104  sd=  0.06%      7.69 GF/s  setup=0.000 s
fftw1d_custom            L=32  B=512   m=2     inner=6      min=     0.183 us/xform  median=     0.183  sd=  0.00%      4.38 GF/s  setup=0.000 s
fftw1d_custom_soa        L=32  B=512   m=1000  inner=1      min=     0.067 us/xform  median=     0.067  sd=  0.13%     12.03 GF/s  setup=0.000 s
fftw1d_custom_soa        L=32  B=512   m=1000  inner=1      min=     0.067 us/xform  median=     0.067  sd=  0.10%     11.99 GF/s  setup=0.000 s
fftw1d_custom_soa        L=32  B=512   m=1000  inner=1      min=     0.067 us/xform  median=     0.067  sd=  0.10%     11.97 GF/s  setup=0.000 s
fftw1d_custom_soa        L=32  B=512   m=2     inner=6      min=     0.162 us/xform  median=     0.162  sd=  0.00%      4.94 GF/s  setup=0.000 s
fftw1d_estimate          L=32  B=512   m=1000  inner=1      min=     0.186 us/xform  median=     0.211  sd=  5.56%      4.30 GF/s  setup=0.001 s
fftw1d_estimate          L=32  B=512   m=1000  inner=1      min=     0.186 us/xform  median=     0.187  sd=  0.28%      4.31 GF/s  setup=0.001 s
fftw1d_estimate          L=32  B=512   m=1000  inner=1      min=     0.186 us/xform  median=     0.186  sd=  0.05%      4.30 GF/s  setup=0.001 s
fftw1d_estimate          L=32  B=512   m=2     inner=8      min=     0.198 us/xform  median=     0.198  sd=  0.00%      4.05 GF/s  setup=0.001 s
fftw1d_measure           L=32  B=512   m=1000  inner=1      min=     0.123 us/xform  median=     0.124  sd=  0.00%      6.48 GF/s  setup=0.009 s
fftw1d_measure           L=32  B=512   m=1000  inner=1      min=     0.122 us/xform  median=     0.123  sd=  0.02%      6.53 GF/s  setup=0.009 s
fftw1d_measure           L=32  B=512   m=1000  inner=1      min=     0.122 us/xform  median=     0.122  sd=  0.01%      6.55 GF/s  setup=0.009 s
fftw1d_measure           L=32  B=512   m=2     inner=10     min=     0.167 us/xform  median=     0.167  sd=  0.00%      4.80 GF/s  setup=0.011 s
fftw1d_patient           L=32  B=512   m=1000  inner=1      min=     0.141 us/xform  median=     0.141  sd=  0.01%      5.67 GF/s  setup=0.061 s
fftw1d_patient           L=32  B=512   m=1000  inner=1      min=     0.122 us/xform  median=     0.122  sd=  0.01%      6.54 GF/s  setup=0.061 s
fftw1d_patient           L=32  B=512   m=1000  inner=1      min=     0.122 us/xform  median=     0.122  sd=  0.00%      6.54 GF/s  setup=0.056 s
fftw1d_patient           L=32  B=512   m=2     inner=10     min=     0.148 us/xform  median=     0.148  sd=  0.00%      5.40 GF/s  setup=0.065 s
mkl1d_dfti               L=32  B=512   m=1000  inner=1      min=     0.112 us/xform  median=     0.112  sd=  0.00%      7.13 GF/s  setup=0.001 s
mkl1d_dfti               L=32  B=512   m=1000  inner=1      min=     0.128 us/xform  median=     0.128  sd=  0.03%      6.23 GF/s  setup=0.002 s
mkl1d_dfti               L=32  B=512   m=1000  inner=1      min=     0.128 us/xform  median=     0.128  sd=  0.00%      6.26 GF/s  setup=0.002 s
mkl1d_dfti               L=32  B=512   m=2     inner=14     min=     0.127 us/xform  median=     0.127  sd=  0.00%      6.29 GF/s  setup=0.001 s
baseline_dft             L=60  B=1     m=1     inner=5082   min=     7.619 us/xform  median=     7.633  sd=  0.06%      0.23 GF/s  setup=0.000 s
baseline_dft             L=60  B=1     m=1     inner=4208   min=     6.191 us/xform  median=     6.191  sd=  0.05%      0.29 GF/s  setup=0.000 s
baseline_dft             L=60  B=1     m=1     inner=6370   min=     6.191 us/xform  median=     6.192  sd=  0.86%      0.29 GF/s  setup=0.000 s
d1_batchlane             L=60  B=1     m=1     inner=270974 min=     0.078 us/xform  median=     0.078  sd=  0.24%     22.72 GF/s  setup=0.000 s
d1_batchlane             L=60  B=1     m=1     inner=421918 min=     0.077 us/xform  median=     0.077  sd=  0.12%     23.08 GF/s  setup=0.000 s
d1_batchlane             L=60  B=1     m=1     inner=410428 min=     0.078 us/xform  median=     0.078  sd=  0.16%     22.80 GF/s  setup=0.000 s
d1_bluestein             L=60  B=1     m=1     inner=122712 min=     0.237 us/xform  median=     0.237  sd=  0.06%      7.48 GF/s  setup=0.000 s
d1_bluestein             L=60  B=1     m=1     inner=107240 min=     0.183 us/xform  median=     0.183  sd=  0.49%      9.70 GF/s  setup=0.000 s
d1_bluestein             L=60  B=1     m=1     inner=140358 min=     0.195 us/xform  median=     0.196  sd=  0.11%      9.07 GF/s  setup=0.000 s
d1_composite             L=60  B=1     m=1     inner=709944 min=     0.056 us/xform  median=     0.056  sd=  0.10%     31.86 GF/s  setup=0.000 s
d1_composite             L=60  B=1     m=1     inner=574938 min=     0.053 us/xform  median=     0.054  sd=  0.07%     33.16 GF/s  setup=0.000 s
d1_composite             L=60  B=1     m=1     inner=613564 min=     0.053 us/xform  median=     0.054  sd=  0.10%     33.16 GF/s  setup=0.000 s
d1_planner               L=60  B=1     m=1     inner=119158 min=     0.167 us/xform  median=     0.167  sd=  0.54%     10.64 GF/s  setup=0.000 s
d1_planner               L=60  B=1     m=1     inner=120138 min=     0.171 us/xform  median=     0.172  sd=  0.55%     10.37 GF/s  setup=0.000 s
d1_planner               L=60  B=1     m=1     inner=191312 min=     0.166 us/xform  median=     0.168  sd=  0.62%     10.69 GF/s  setup=0.000 s
d1_race                  L=60  B=1     m=1     inner=733956 min=     0.054 us/xform  median=     0.054  sd=  0.09%     32.69 GF/s  setup=0.082 s
d1_race                  L=60  B=1     m=1     inner=556568 min=     0.056 us/xform  median=     0.057  sd=  0.18%     31.46 GF/s  setup=0.012 s
d1_race                  L=60  B=1     m=1     inner=559016 min=     0.054 us/xform  median=     0.054  sd=  0.08%     32.68 GF/s  setup=0.013 s
d1_twiddle               L=60  B=1     m=1     inner=517576 min=     0.077 us/xform  median=     0.077  sd=  0.05%     23.07 GF/s  setup=0.000 s
d1_twiddle               L=60  B=1     m=1     inner=401338 min=     0.080 us/xform  median=     0.080  sd=  0.05%     22.29 GF/s  setup=0.000 s
d1_twiddle               L=60  B=1     m=1     inner=397564 min=     0.078 us/xform  median=     0.078  sd=  0.03%     22.85 GF/s  setup=0.000 s
fftw1d_custom            L=60  B=1     m=1     inner=108732 min=     0.279 us/xform  median=     0.280  sd=  0.29%      6.34 GF/s  setup=0.000 s
fftw1d_custom            L=60  B=1     m=1     inner=126976 min=     0.280 us/xform  median=     0.280  sd=  0.17%      6.34 GF/s  setup=0.000 s
fftw1d_custom            L=60  B=1     m=1     inner=83316  min=     0.279 us/xform  median=     0.280  sd=  0.38%      6.35 GF/s  setup=0.000 s
fftw1d_estimate          L=60  B=1     m=1     inner=410494 min=     0.096 us/xform  median=     0.096  sd=  0.09%     18.44 GF/s  setup=0.001 s
fftw1d_estimate          L=60  B=1     m=1     inner=412556 min=     0.097 us/xform  median=     0.097  sd=  0.05%     18.32 GF/s  setup=0.001 s
fftw1d_estimate          L=60  B=1     m=1     inner=334376 min=     0.094 us/xform  median=     0.095  sd=  0.16%     18.79 GF/s  setup=0.001 s
fftw1d_measure           L=60  B=1     m=1     inner=529432 min=     0.075 us/xform  median=     0.075  sd=  0.19%     23.59 GF/s  setup=0.046 s
fftw1d_measure           L=60  B=1     m=1     inner=482308 min=     0.082 us/xform  median=     0.082  sd=  0.33%     21.72 GF/s  setup=0.047 s
fftw1d_measure           L=60  B=1     m=1     inner=476386 min=     0.083 us/xform  median=     0.084  sd=  0.23%     21.28 GF/s  setup=0.047 s
fftw1d_patient           L=60  B=1     m=1     inner=566018 min=     0.070 us/xform  median=     0.070  sd=  0.15%     25.26 GF/s  setup=0.128 s
fftw1d_patient           L=60  B=1     m=1     inner=548944 min=     0.073 us/xform  median=     0.073  sd=  0.11%     24.41 GF/s  setup=0.129 s
fftw1d_patient           L=60  B=1     m=1     inner=456868 min=     0.087 us/xform  median=     0.088  sd=  0.53%     20.27 GF/s  setup=0.129 s
mkl1d_dfti               L=60  B=1     m=1     inner=641656 min=     0.062 us/xform  median=     0.062  sd=  0.23%     28.49 GF/s  setup=0.002 s
mkl1d_dfti               L=60  B=1     m=1     inner=504800 min=     0.063 us/xform  median=     0.063  sd=  0.21%     28.12 GF/s  setup=0.002 s
mkl1d_dfti               L=60  B=1     m=1     inner=612654 min=     0.065 us/xform  median=     0.065  sd=  0.15%     27.24 GF/s  setup=0.002 s
baseline_dft             L=60  B=512   m=1     inner=10     min=     7.610 us/xform  median=     7.619  sd=  0.07%      0.23 GF/s  setup=0.000 s
baseline_dft             L=60  B=512   m=1     inner=10     min=     7.459 us/xform  median=     7.460  sd=  0.01%      0.24 GF/s  setup=0.000 s
baseline_dft             L=60  B=512   m=1     inner=10     min=     7.458 us/xform  median=     7.459  sd=  0.01%      0.24 GF/s  setup=0.000 s
d1_batchlane             L=60  B=512   m=1     inner=888    min=     0.087 us/xform  median=     0.087  sd=  0.05%     20.40 GF/s  setup=0.000 s
d1_batchlane             L=60  B=512   m=1     inner=822    min=     0.073 us/xform  median=     0.073  sd=  0.05%     24.21 GF/s  setup=0.000 s
d1_batchlane             L=60  B=512   m=1     inner=1050   min=     0.072 us/xform  median=     0.072  sd=  0.05%     24.59 GF/s  setup=0.000 s
d1_bluestein             L=60  B=512   m=1     inner=176    min=     0.223 us/xform  median=     0.223  sd=  0.21%      7.96 GF/s  setup=0.000 s
d1_bluestein             L=60  B=512   m=1     inner=296    min=     0.209 us/xform  median=     0.209  sd=  0.17%      8.49 GF/s  setup=0.000 s
d1_bluestein             L=60  B=512   m=1     inner=278    min=     0.219 us/xform  median=     0.219  sd=  0.10%      8.10 GF/s  setup=0.000 s
d1_composite             L=60  B=512   m=1     inner=1124   min=     0.068 us/xform  median=     0.068  sd=  0.08%     25.92 GF/s  setup=0.000 s
d1_composite             L=60  B=512   m=1     inner=1122   min=     0.068 us/xform  median=     0.069  sd=  0.15%     25.87 GF/s  setup=0.000 s
d1_composite             L=60  B=512   m=1     inner=1108   min=     0.070 us/xform  median=     0.071  sd=  0.35%     25.21 GF/s  setup=0.000 s
d1_planner               L=60  B=512   m=1     inner=456    min=     0.166 us/xform  median=     0.166  sd=  0.07%     10.66 GF/s  setup=0.000 s
d1_planner               L=60  B=512   m=1     inner=464    min=     0.165 us/xform  median=     0.165  sd=  0.11%     10.73 GF/s  setup=0.000 s
d1_planner               L=60  B=512   m=1     inner=410    min=     0.162 us/xform  median=     0.187  sd=  7.04%     10.97 GF/s  setup=0.000 s
d1_race                  L=60  B=512   m=1     inner=1488   min=     0.052 us/xform  median=     0.052  sd=  0.23%     34.36 GF/s  setup=0.612 s
d1_race                  L=60  B=512   m=1     inner=988    min=     0.056 us/xform  median=     0.056  sd=  0.11%     31.83 GF/s  setup=0.010 s
d1_race                  L=60  B=512   m=1     inner=1434   min=     0.054 us/xform  median=     0.054  sd=  0.08%     33.02 GF/s  setup=0.007 s
d1_twiddle               L=60  B=512   m=1     inner=928    min=     0.078 us/xform  median=     0.078  sd=  0.24%     22.76 GF/s  setup=0.000 s
d1_twiddle               L=60  B=512   m=1     inner=668    min=     0.088 us/xform  median=     0.090  sd=  0.66%     20.06 GF/s  setup=0.000 s
d1_twiddle               L=60  B=512   m=1     inner=732    min=     0.075 us/xform  median=     0.075  sd=  0.05%     23.78 GF/s  setup=0.000 s
fftw1d_custom            L=60  B=512   m=1     inner=270    min=     0.291 us/xform  median=     0.304  sd=  1.36%      6.10 GF/s  setup=0.000 s
fftw1d_custom            L=60  B=512   m=1     inner=214    min=     0.237 us/xform  median=     0.237  sd=  0.30%      7.48 GF/s  setup=0.000 s
fftw1d_custom            L=60  B=512   m=1     inner=216    min=     0.284 us/xform  median=     0.301  sd=  2.06%      6.23 GF/s  setup=0.000 s
fftw1d_custom_soa        L=60  B=512   m=1     inner=198    min=     0.189 us/xform  median=     0.189  sd=  2.17%      9.38 GF/s  setup=0.000 s
fftw1d_custom_soa        L=60  B=512   m=1     inner=288    min=     0.219 us/xform  median=     0.219  sd=  0.07%      8.08 GF/s  setup=0.000 s
fftw1d_custom_soa        L=60  B=512   m=1     inner=280    min=     0.223 us/xform  median=     0.227  sd=  0.80%      7.95 GF/s  setup=0.000 s
fftw1d_estimate          L=60  B=512   m=1     inner=820    min=     0.086 us/xform  median=     0.086  sd=  1.05%     20.59 GF/s  setup=0.001 s
fftw1d_estimate          L=60  B=512   m=1     inner=908    min=     0.086 us/xform  median=     0.086  sd=  0.06%     20.64 GF/s  setup=0.001 s
fftw1d_estimate          L=60  B=512   m=1     inner=630    min=     0.097 us/xform  median=     0.097  sd=  0.08%     18.20 GF/s  setup=0.001 s
fftw1d_measure           L=60  B=512   m=1     inner=880    min=     0.088 us/xform  median=     0.088  sd=  0.10%     20.17 GF/s  setup=0.047 s
fftw1d_measure           L=60  B=512   m=1     inner=1102   min=     0.070 us/xform  median=     0.070  sd=  0.03%     25.17 GF/s  setup=0.045 s
fftw1d_measure           L=60  B=512   m=1     inner=1128   min=     0.069 us/xform  median=     0.069  sd=  0.03%     25.63 GF/s  setup=0.045 s
fftw1d_patient           L=60  B=512   m=1     inner=926    min=     0.082 us/xform  median=     0.082  sd=  0.26%     21.55 GF/s  setup=0.438 s
fftw1d_patient           L=60  B=512   m=1     inner=1122   min=     0.069 us/xform  median=     0.069  sd=  0.03%     25.66 GF/s  setup=0.390 s
fftw1d_patient           L=60  B=512   m=1     inner=950    min=     0.081 us/xform  median=     0.081  sd=  0.17%     21.97 GF/s  setup=0.440 s
mkl1d_dfti               L=60  B=512   m=1     inner=1556   min=     0.046 us/xform  median=     0.046  sd=  0.79%     38.22 GF/s  setup=0.001 s
mkl1d_dfti               L=60  B=512   m=1     inner=1230   min=     0.051 us/xform  median=     0.055  sd=  3.30%     35.03 GF/s  setup=0.002 s
mkl1d_dfti               L=60  B=512   m=1     inner=1292   min=     0.043 us/xform  median=     0.043  sd=  0.07%     40.97 GF/s  setup=0.002 s
baseline_dft             L=60  B=1     m=60000 inner=1      min=     6.350 us/xform  median=     6.351  sd=  0.00%      0.28 GF/s  setup=0.000 s
baseline_dft             L=60  B=1     m=60000 inner=1      min=     6.350 us/xform  median=     6.350  sd=  0.60%      0.28 GF/s  setup=0.000 s
baseline_dft             L=60  B=1     m=60000 inner=1      min=     6.351 us/xform  median=     6.351  sd=  0.00%      0.28 GF/s  setup=0.000 s
baseline_dft             L=60  B=1     m=2     inner=124    min=     7.668 us/xform  median=     7.668  sd=  0.00%      0.23 GF/s  setup=0.000 s
d1_batchlane             L=60  B=1     m=60000 inner=4      min=     0.124 us/xform  median=     0.124  sd=  0.04%     14.33 GF/s  setup=0.000 s
d1_batchlane             L=60  B=1     m=60000 inner=4      min=     0.141 us/xform  median=     0.141  sd=  0.04%     12.59 GF/s  setup=0.000 s
d1_batchlane             L=60  B=1     m=60000 inner=4      min=     0.124 us/xform  median=     0.124  sd=  0.05%     14.35 GF/s  setup=0.000 s
d1_batchlane             L=60  B=1     m=2     inner=5670   min=     0.170 us/xform  median=     0.170  sd=  0.00%     10.43 GF/s  setup=0.000 s
d1_bluestein             L=60  B=1     m=60000 inner=1      min=     0.419 us/xform  median=     0.419  sd=  0.08%      4.23 GF/s  setup=0.000 s
d1_bluestein             L=60  B=1     m=60000 inner=1      min=     0.435 us/xform  median=     0.436  sd=  0.11%      4.07 GF/s  setup=0.000 s
d1_bluestein             L=60  B=1     m=60000 inner=1      min=     0.423 us/xform  median=     0.424  sd=  0.11%      4.19 GF/s  setup=0.000 s
d1_bluestein             L=60  B=1     m=2     inner=2160   min=     0.441 us/xform  median=     0.441  sd=  0.00%      4.02 GF/s  setup=0.000 s
d1_composite             L=60  B=1     m=60000 inner=4      min=     0.132 us/xform  median=     0.132  sd=  0.28%     13.39 GF/s  setup=0.000 s
d1_composite             L=60  B=1     m=60000 inner=4      min=     0.131 us/xform  median=     0.131  sd=  0.03%     13.49 GF/s  setup=0.000 s
d1_composite             L=60  B=1     m=60000 inner=4      min=     0.132 us/xform  median=     0.132  sd=  0.03%     13.39 GF/s  setup=0.000 s
d1_composite             L=60  B=1     m=2     inner=5612   min=     0.166 us/xform  median=     0.166  sd=  0.00%     10.66 GF/s  setup=0.000 s
d1_planner               L=60  B=1     m=60000 inner=2      min=     0.267 us/xform  median=     0.267  sd=  0.03%      6.64 GF/s  setup=0.000 s
d1_planner               L=60  B=1     m=60000 inner=2      min=     0.236 us/xform  median=     0.237  sd=  0.03%      7.49 GF/s  setup=0.000 s
d1_planner               L=60  B=1     m=60000 inner=2      min=     0.229 us/xform  median=     0.229  sd=  0.02%      7.72 GF/s  setup=0.000 s
d1_planner               L=60  B=1     m=2     inner=2630   min=     0.283 us/xform  median=     0.283  sd=  0.00%      6.26 GF/s  setup=0.000 s
d1_race                  L=60  B=1     m=60000 inner=4      min=     0.154 us/xform  median=     0.154  sd=  0.04%     11.50 GF/s  setup=0.008 s
d1_race                  L=60  B=1     m=60000 inner=4      min=     0.154 us/xform  median=     0.154  sd=  0.02%     11.48 GF/s  setup=0.012 s
d1_race                  L=60  B=1     m=60000 inner=4      min=     0.135 us/xform  median=     0.136  sd=  0.07%     13.08 GF/s  setup=0.009 s
d1_race                  L=60  B=1     m=2     inner=5134   min=     0.187 us/xform  median=     0.187  sd=  0.00%      9.49 GF/s  setup=0.008 s
d1_twiddle               L=60  B=1     m=60000 inner=4      min=     0.161 us/xform  median=     0.161  sd=  0.01%     10.99 GF/s  setup=0.000 s
d1_twiddle               L=60  B=1     m=60000 inner=4      min=     0.156 us/xform  median=     0.156  sd=  0.03%     11.36 GF/s  setup=0.000 s
d1_twiddle               L=60  B=1     m=60000 inner=4      min=     0.155 us/xform  median=     0.155  sd=  0.05%     11.44 GF/s  setup=0.000 s
d1_twiddle               L=60  B=1     m=2     inner=4938   min=     0.182 us/xform  median=     0.182  sd=  0.00%      9.76 GF/s  setup=0.000 s
fftw1d_custom            L=60  B=1     m=60000 inner=2      min=     0.328 us/xform  median=     0.328  sd=  0.14%      5.40 GF/s  setup=0.000 s
fftw1d_custom            L=60  B=1     m=60000 inner=2      min=     0.272 us/xform  median=     0.272  sd=  0.08%      6.52 GF/s  setup=0.000 s
fftw1d_custom            L=60  B=1     m=60000 inner=2      min=     0.272 us/xform  median=     0.272  sd=  0.12%      6.52 GF/s  setup=0.000 s
fftw1d_custom            L=60  B=1     m=2     inner=1506   min=     0.594 us/xform  median=     0.594  sd=  0.00%      2.98 GF/s  setup=0.000 s
fftw1d_estimate          L=60  B=1     m=60000 inner=2      min=     0.256 us/xform  median=     0.256  sd=  0.03%      6.93 GF/s  setup=0.001 s
fftw1d_estimate          L=60  B=1     m=60000 inner=2      min=     0.251 us/xform  median=     0.251  sd=  0.06%      7.06 GF/s  setup=0.001 s
fftw1d_estimate          L=60  B=1     m=60000 inner=2      min=     0.252 us/xform  median=     0.252  sd=  0.07%      7.03 GF/s  setup=0.000 s
fftw1d_estimate          L=60  B=1     m=2     inner=3510   min=     0.277 us/xform  median=     0.277  sd=  0.00%      6.39 GF/s  setup=0.001 s
fftw1d_measure           L=60  B=1     m=60000 inner=2      min=     0.278 us/xform  median=     0.278  sd=  0.03%      6.37 GF/s  setup=0.046 s
fftw1d_measure           L=60  B=1     m=60000 inner=2      min=     0.233 us/xform  median=     0.233  sd=  0.11%      7.60 GF/s  setup=0.047 s
fftw1d_measure           L=60  B=1     m=60000 inner=2      min=     0.244 us/xform  median=     0.244  sd=  0.03%      7.27 GF/s  setup=0.045 s
fftw1d_measure           L=60  B=1     m=2     inner=3472   min=     0.280 us/xform  median=     0.280  sd=  0.00%      6.32 GF/s  setup=0.046 s
fftw1d_patient           L=60  B=1     m=60000 inner=2      min=     0.243 us/xform  median=     0.276  sd=  6.15%      7.30 GF/s  setup=0.128 s
fftw1d_patient           L=60  B=1     m=60000 inner=2      min=     0.275 us/xform  median=     0.275  sd=  0.03%      6.45 GF/s  setup=0.129 s
fftw1d_patient           L=60  B=1     m=60000 inner=2      min=     0.276 us/xform  median=     0.277  sd=  0.05%      6.41 GF/s  setup=0.127 s
fftw1d_patient           L=60  B=1     m=2     inner=3968   min=     0.247 us/xform  median=     0.247  sd=  0.00%      7.18 GF/s  setup=0.126 s
mkl1d_dfti               L=60  B=1     m=60000 inner=2      min=     0.237 us/xform  median=     0.237  sd=  0.02%      7.47 GF/s  setup=0.001 s
mkl1d_dfti               L=60  B=1     m=60000 inner=2      min=     0.237 us/xform  median=     0.237  sd=  0.04%      7.47 GF/s  setup=0.001 s
mkl1d_dfti               L=60  B=1     m=60000 inner=2      min=     0.237 us/xform  median=     0.237  sd=  0.04%      7.47 GF/s  setup=0.001 s
mkl1d_dfti               L=60  B=1     m=2     inner=2480   min=     0.276 us/xform  median=     0.276  sd=  0.00%      6.41 GF/s  setup=0.001 s
baseline_dft             L=60  B=512   m=600   inner=1      min=     6.368 us/xform  median=     6.370  sd=  0.45%      0.28 GF/s  setup=0.000 s
baseline_dft             L=60  B=512   m=600   inner=1      min=     6.369 us/xform  median=     6.510  sd=  0.63%      0.28 GF/s  setup=0.000 s
baseline_dft             L=60  B=512   m=600   inner=1      min=     6.368 us/xform  median=     6.370  sd=  0.69%      0.28 GF/s  setup=0.000 s
baseline_dft             L=60  B=512   m=2     inner=1      min=     7.910 us/xform  median=     7.910  sd=  0.00%      0.22 GF/s  setup=0.000 s
d1_batchlane             L=60  B=512   m=600   inner=1      min=     0.090 us/xform  median=     0.090  sd=  0.04%     19.68 GF/s  setup=0.000 s
d1_batchlane             L=60  B=512   m=600   inner=1      min=     0.090 us/xform  median=     0.090  sd=  0.02%     19.64 GF/s  setup=0.000 s
d1_batchlane             L=60  B=512   m=600   inner=1      min=     0.090 us/xform  median=     0.090  sd=  0.01%     19.62 GF/s  setup=0.000 s
d1_batchlane             L=60  B=512   m=2     inner=14     min=     0.129 us/xform  median=     0.129  sd=  0.00%     13.73 GF/s  setup=0.000 s
d1_bluestein             L=60  B=512   m=600   inner=1      min=     0.366 us/xform  median=     0.366  sd=  0.02%      4.84 GF/s  setup=0.000 s
d1_bluestein             L=60  B=512   m=600   inner=1      min=     0.365 us/xform  median=     0.365  sd=  6.86%      4.85 GF/s  setup=0.000 s
d1_bluestein             L=60  B=512   m=600   inner=1      min=     0.381 us/xform  median=     0.381  sd=  6.96%      4.65 GF/s  setup=0.000 s
d1_bluestein             L=60  B=512   m=2     inner=4      min=     0.482 us/xform  median=     0.482  sd=  0.00%      3.68 GF/s  setup=0.000 s
d1_composite             L=60  B=512   m=600   inner=1      min=     0.069 us/xform  median=     0.074  sd=  3.39%     25.72 GF/s  setup=0.000 s
d1_composite             L=60  B=512   m=600   inner=2      min=     0.059 us/xform  median=     0.059  sd=  0.04%     29.91 GF/s  setup=0.000 s
d1_composite             L=60  B=512   m=600   inner=1      min=     0.070 us/xform  median=     0.075  sd=  2.76%     25.43 GF/s  setup=0.000 s
d1_composite             L=60  B=512   m=2     inner=6      min=     0.283 us/xform  median=     0.283  sd=  0.00%      6.25 GF/s  setup=0.000 s
d1_planner               L=60  B=512   m=600   inner=1      min=     0.229 us/xform  median=     0.229  sd=  0.01%      7.75 GF/s  setup=0.000 s
d1_planner               L=60  B=512   m=600   inner=1      min=     0.269 us/xform  median=     0.269  sd=  0.04%      6.59 GF/s  setup=0.000 s
d1_planner               L=60  B=512   m=600   inner=1      min=     0.269 us/xform  median=     0.271  sd=  0.21%      6.59 GF/s  setup=0.000 s
d1_planner               L=60  B=512   m=2     inner=6      min=     0.287 us/xform  median=     0.287  sd=  0.00%      6.18 GF/s  setup=0.000 s
d1_race                  L=60  B=512   m=600   inner=2      min=     0.058 us/xform  median=     0.058  sd=  0.08%     30.66 GF/s  setup=0.009 s
d1_race                  L=60  B=512   m=600   inner=2      min=     0.058 us/xform  median=     0.058  sd=  0.03%     30.68 GF/s  setup=0.006 s
d1_race                  L=60  B=512   m=600   inner=2      min=     0.059 us/xform  median=     0.059  sd=  0.03%     29.81 GF/s  setup=0.007 s
d1_race                  L=60  B=512   m=2     inner=4      min=     0.348 us/xform  median=     0.348  sd=  0.00%      5.09 GF/s  setup=0.006 s
d1_twiddle               L=60  B=512   m=600   inner=1      min=     0.158 us/xform  median=     0.158  sd=  0.01%     11.19 GF/s  setup=0.000 s
d1_twiddle               L=60  B=512   m=600   inner=1      min=     0.157 us/xform  median=     0.157  sd=  0.01%     11.28 GF/s  setup=0.000 s
d1_twiddle               L=60  B=512   m=600   inner=1      min=     0.189 us/xform  median=     0.189  sd=  0.01%      9.38 GF/s  setup=0.000 s
d1_twiddle               L=60  B=512   m=2     inner=10     min=     0.183 us/xform  median=     0.183  sd=  0.00%      9.68 GF/s  setup=0.000 s
fftw1d_custom            L=60  B=512   m=600   inner=1      min=     0.232 us/xform  median=     0.232  sd=  0.32%      7.65 GF/s  setup=0.000 s
fftw1d_custom            L=60  B=512   m=600   inner=1      min=     0.231 us/xform  median=     0.231  sd=  0.06%      7.67 GF/s  setup=0.000 s
fftw1d_custom            L=60  B=512   m=600   inner=1      min=     0.231 us/xform  median=     0.232  sd=  0.20%      7.66 GF/s  setup=0.000 s
fftw1d_custom            L=60  B=512   m=2     inner=2      min=     0.535 us/xform  median=     0.535  sd=  0.00%      3.31 GF/s  setup=0.000 s
fftw1d_custom_soa        L=60  B=512   m=600   inner=1      min=     0.137 us/xform  median=     0.138  sd=  0.35%     12.94 GF/s  setup=0.000 s
fftw1d_custom_soa        L=60  B=512   m=600   inner=1      min=     0.134 us/xform  median=     0.135  sd=  0.44%     13.23 GF/s  setup=0.000 s
fftw1d_custom_soa        L=60  B=512   m=600   inner=1      min=     0.137 us/xform  median=     0.139  sd=  0.56%     12.93 GF/s  setup=0.000 s
fftw1d_custom_soa        L=60  B=512   m=2     inner=2      min=     0.531 us/xform  median=     0.531  sd=  0.00%      3.34 GF/s  setup=0.000 s
fftw1d_estimate          L=60  B=512   m=600   inner=1      min=     0.269 us/xform  median=     0.314  sd=  6.73%      6.58 GF/s  setup=0.001 s
fftw1d_estimate          L=60  B=512   m=600   inner=1      min=     0.270 us/xform  median=     0.270  sd=  0.03%      6.57 GF/s  setup=0.001 s
fftw1d_estimate          L=60  B=512   m=600   inner=1      min=     0.270 us/xform  median=     0.270  sd=  0.02%      6.55 GF/s  setup=0.001 s
fftw1d_estimate          L=60  B=512   m=2     inner=6      min=     0.309 us/xform  median=     0.309  sd=  0.00%      5.73 GF/s  setup=0.001 s
fftw1d_measure           L=60  B=512   m=600   inner=1      min=     0.259 us/xform  median=     0.259  sd=  0.06%      6.84 GF/s  setup=0.045 s
fftw1d_measure           L=60  B=512   m=600   inner=1      min=     0.253 us/xform  median=     0.253  sd=  0.02%      7.01 GF/s  setup=0.046 s
fftw1d_measure           L=60  B=512   m=600   inner=1      min=     0.259 us/xform  median=     0.259  sd=  0.02%      6.85 GF/s  setup=0.045 s
fftw1d_measure           L=60  B=512   m=2     inner=4      min=     0.346 us/xform  median=     0.346  sd=  0.00%      5.13 GF/s  setup=0.047 s
fftw1d_patient           L=60  B=512   m=600   inner=1      min=     0.255 us/xform  median=     0.255  sd=  0.01%      6.95 GF/s  setup=0.388 s
fftw1d_patient           L=60  B=512   m=600   inner=1      min=     0.250 us/xform  median=     0.250  sd=  0.01%      7.09 GF/s  setup=0.384 s
fftw1d_patient           L=60  B=512   m=600   inner=1      min=     0.251 us/xform  median=     0.254  sd=  9.25%      7.07 GF/s  setup=0.441 s
fftw1d_patient           L=60  B=512   m=2     inner=4      min=     0.364 us/xform  median=     0.364  sd=  0.00%      4.86 GF/s  setup=0.432 s
mkl1d_dfti               L=60  B=512   m=600   inner=1      min=     0.228 us/xform  median=     0.228  sd=  0.01%      7.77 GF/s  setup=0.002 s
mkl1d_dfti               L=60  B=512   m=600   inner=1      min=     0.230 us/xform  median=     0.230  sd=  0.01%      7.72 GF/s  setup=0.001 s
mkl1d_dfti               L=60  B=512   m=600   inner=1      min=     0.229 us/xform  median=     0.229  sd=  0.01%      7.74 GF/s  setup=0.001 s
mkl1d_dfti               L=60  B=512   m=2     inner=4      min=     0.324 us/xform  median=     0.324  sd=  0.00%      5.47 GF/s  setup=0.002 s
baseline_dft             L=64  B=1     m=1     inner=4664   min=     8.502 us/xform  median=     8.502  sd=  0.01%      0.23 GF/s  setup=0.000 s
baseline_dft             L=64  B=1     m=1     inner=3704   min=     7.039 us/xform  median=     7.042  sd=  0.04%      0.27 GF/s  setup=0.000 s
baseline_dft             L=64  B=1     m=1     inner=5638   min=     7.041 us/xform  median=     7.041  sd=  0.00%      0.27 GF/s  setup=0.000 s
d1_batchlane             L=64  B=1     m=1     inner=718976 min=     0.055 us/xform  median=     0.055  sd=  0.09%     34.70 GF/s  setup=0.000 s
d1_batchlane             L=64  B=1     m=1     inner=694268 min=     0.057 us/xform  median=     0.057  sd=  0.12%     33.60 GF/s  setup=0.000 s
d1_batchlane             L=64  B=1     m=1     inner=691316 min=     0.057 us/xform  median=     0.058  sd=  0.13%     33.43 GF/s  setup=0.000 s
d1_bluestein             L=64  B=1     m=1     inner=162688 min=     0.145 us/xform  median=     0.145  sd=  0.88%     13.25 GF/s  setup=0.000 s
d1_bluestein             L=64  B=1     m=1     inner=113772 min=     0.143 us/xform  median=     0.143  sd=  2.03%     13.47 GF/s  setup=0.000 s
d1_bluestein             L=64  B=1     m=1     inner=181990 min=     0.144 us/xform  median=     0.144  sd=  0.10%     13.30 GF/s  setup=0.000 s
d1_planner               L=64  B=1     m=1     inner=251782 min=     0.154 us/xform  median=     0.154  sd=  0.06%     12.50 GF/s  setup=0.000 s
d1_planner               L=64  B=1     m=1     inner=270972 min=     0.148 us/xform  median=     0.149  sd=  0.04%     12.93 GF/s  setup=0.000 s
d1_planner               L=64  B=1     m=1     inner=182764 min=     0.133 us/xform  median=     0.133  sd=  0.10%     14.44 GF/s  setup=0.000 s
d1_pow2                  L=64  B=1     m=1     inner=601670 min=     0.065 us/xform  median=     0.066  sd=  0.38%     29.38 GF/s  setup=0.000 s
d1_pow2                  L=64  B=1     m=1     inner=513108 min=     0.056 us/xform  median=     0.056  sd=  0.30%     34.52 GF/s  setup=0.000 s
d1_pow2                  L=64  B=1     m=1     inner=439294 min=     0.069 us/xform  median=     0.070  sd=  0.81%     27.84 GF/s  setup=0.000 s
d1_race                  L=64  B=1     m=1     inner=707854 min=     0.055 us/xform  median=     0.055  sd=  0.32%     35.03 GF/s  setup=0.057 s
d1_race                  L=64  B=1     m=1     inner=570768 min=     0.048 us/xform  median=     0.048  sd=  0.29%     39.77 GF/s  setup=0.012 s
d1_race                  L=64  B=1     m=1     inner=509786 min=     0.062 us/xform  median=     0.062  sd=  0.31%     30.94 GF/s  setup=0.010 s
d1_twiddle               L=64  B=1     m=1     inner=417994 min=     0.074 us/xform  median=     0.074  sd=  0.02%     25.94 GF/s  setup=0.000 s
d1_twiddle               L=64  B=1     m=1     inner=425830 min=     0.071 us/xform  median=     0.072  sd=  0.09%     26.88 GF/s  setup=0.000 s
d1_twiddle               L=64  B=1     m=1     inner=536176 min=     0.074 us/xform  median=     0.074  sd=  0.02%     25.83 GF/s  setup=0.000 s
fftw1d_custom            L=64  B=1     m=1     inner=128784 min=     0.226 us/xform  median=     0.227  sd=  1.86%      8.48 GF/s  setup=0.000 s
fftw1d_custom            L=64  B=1     m=1     inner=111848 min=     0.225 us/xform  median=     0.226  sd=  0.25%      8.55 GF/s  setup=0.000 s
fftw1d_custom            L=64  B=1     m=1     inner=120474 min=     0.226 us/xform  median=     0.227  sd=  0.24%      8.51 GF/s  setup=0.000 s
fftw1d_estimate          L=64  B=1     m=1     inner=473818 min=     0.079 us/xform  median=     0.079  sd=  0.57%     24.43 GF/s  setup=0.001 s
fftw1d_estimate          L=64  B=1     m=1     inner=338380 min=     0.083 us/xform  median=     0.084  sd=  0.34%     23.10 GF/s  setup=0.001 s
fftw1d_estimate          L=64  B=1     m=1     inner=474476 min=     0.084 us/xform  median=     0.084  sd=  0.24%     22.90 GF/s  setup=0.000 s
fftw1d_measure           L=64  B=1     m=1     inner=601260 min=     0.062 us/xform  median=     0.062  sd=  0.38%     31.13 GF/s  setup=0.021 s
fftw1d_measure           L=64  B=1     m=1     inner=257954 min=     0.080 us/xform  median=     0.080  sd=  0.12%     24.10 GF/s  setup=0.022 s
fftw1d_measure           L=64  B=1     m=1     inner=588054 min=     0.058 us/xform  median=     0.059  sd=  0.25%     32.85 GF/s  setup=0.023 s
fftw1d_patient           L=64  B=1     m=1     inner=603870 min=     0.061 us/xform  median=     0.062  sd=  0.27%     31.27 GF/s  setup=0.053 s
fftw1d_patient           L=64  B=1     m=1     inner=316241 min=     0.063 us/xform  median=     0.063  sd=  0.25%     30.70 GF/s  setup=0.055 s
fftw1d_patient           L=64  B=1     m=1     inner=666112 min=     0.059 us/xform  median=     0.060  sd=  0.31%     32.50 GF/s  setup=0.055 s
mkl1d_dfti               L=64  B=1     m=1     inner=878052 min=     0.043 us/xform  median=     0.043  sd=  0.57%     44.99 GF/s  setup=0.001 s
mkl1d_dfti               L=64  B=1     m=1     inner=619206 min=     0.045 us/xform  median=     0.045  sd=  0.05%     42.63 GF/s  setup=0.001 s
mkl1d_dfti               L=64  B=1     m=1     inner=637248 min=     0.049 us/xform  median=     0.050  sd=  0.17%     38.79 GF/s  setup=0.001 s
baseline_dft             L=64  B=512   m=1     inner=10     min=     7.030 us/xform  median=     7.030  sd=  0.48%      0.27 GF/s  setup=0.000 s
baseline_dft             L=64  B=512   m=1     inner=8      min=     8.485 us/xform  median=     8.487  sd=  0.01%      0.23 GF/s  setup=0.000 s
baseline_dft             L=64  B=512   m=1     inner=8      min=     8.486 us/xform  median=     8.488  sd=  0.01%      0.23 GF/s  setup=0.000 s
d1_batchlane             L=64  B=512   m=1     inner=888    min=     0.086 us/xform  median=     0.096  sd=  4.37%     22.43 GF/s  setup=0.000 s
d1_batchlane             L=64  B=512   m=1     inner=670    min=     0.073 us/xform  median=     0.073  sd=  1.79%     26.24 GF/s  setup=0.000 s
d1_batchlane             L=64  B=512   m=1     inner=538    min=     0.073 us/xform  median=     0.073  sd=  0.10%     26.48 GF/s  setup=0.000 s
d1_bluestein             L=64  B=512   m=1     inner=438    min=     0.176 us/xform  median=     0.182  sd=  1.44%     10.89 GF/s  setup=0.000 s
d1_bluestein             L=64  B=512   m=1     inner=346    min=     0.154 us/xform  median=     0.155  sd=  0.42%     12.43 GF/s  setup=0.000 s
d1_bluestein             L=64  B=512   m=1     inner=324    min=     0.182 us/xform  median=     0.189  sd=  1.67%     10.54 GF/s  setup=0.000 s
d1_planner               L=64  B=512   m=1     inner=578    min=     0.126 us/xform  median=     0.126  sd=  0.26%     15.25 GF/s  setup=0.000 s
d1_planner               L=64  B=512   m=1     inner=350    min=     0.176 us/xform  median=     0.184  sd=  1.88%     10.89 GF/s  setup=0.000 s
d1_planner               L=64  B=512   m=1     inner=392    min=     0.129 us/xform  median=     0.129  sd=  0.21%     14.91 GF/s  setup=0.000 s
d1_pow2                  L=64  B=512   m=1     inner=1382   min=     0.043 us/xform  median=     0.046  sd=  2.85%     44.83 GF/s  setup=0.000 s
d1_pow2                  L=64  B=512   m=1     inner=1314   min=     0.047 us/xform  median=     0.047  sd=  0.14%     41.18 GF/s  setup=0.000 s
d1_pow2                  L=64  B=512   m=1     inner=1118   min=     0.051 us/xform  median=     0.051  sd=  0.13%     37.77 GF/s  setup=0.000 s
d1_race                  L=64  B=512   m=1     inner=2004   min=     0.038 us/xform  median=     0.039  sd=  0.08%     49.88 GF/s  setup=0.547 s
d1_race                  L=64  B=512   m=1     inner=1394   min=     0.037 us/xform  median=     0.037  sd=  0.08%     51.62 GF/s  setup=0.008 s
d1_race                  L=64  B=512   m=1     inner=2060   min=     0.038 us/xform  median=     0.038  sd=  0.08%     51.05 GF/s  setup=0.006 s
d1_twiddle               L=64  B=512   m=1     inner=521    min=     0.072 us/xform  median=     0.072  sd=  1.32%     26.71 GF/s  setup=0.000 s
d1_twiddle               L=64  B=512   m=1     inner=553    min=     0.069 us/xform  median=     0.069  sd=  1.08%     27.75 GF/s  setup=0.000 s
d1_twiddle               L=64  B=512   m=1     inner=764    min=     0.072 us/xform  median=     0.072  sd=  0.08%     26.65 GF/s  setup=0.000 s
fftw1d_custom            L=64  B=512   m=1     inner=252    min=     0.319 us/xform  median=     0.323  sd=  0.53%      6.03 GF/s  setup=0.000 s
fftw1d_custom            L=64  B=512   m=1     inner=196    min=     0.261 us/xform  median=     0.261  sd=  0.05%      7.36 GF/s  setup=0.000 s
fftw1d_custom            L=64  B=512   m=1     inner=208    min=     0.312 us/xform  median=     0.325  sd=  1.17%      6.14 GF/s  setup=0.000 s
fftw1d_custom_soa        L=64  B=512   m=1     inner=183    min=     0.211 us/xform  median=     0.212  sd=  2.10%      9.08 GF/s  setup=0.000 s
fftw1d_custom_soa        L=64  B=512   m=1     inner=366    min=     0.211 us/xform  median=     0.211  sd=  0.02%      9.10 GF/s  setup=0.000 s
fftw1d_custom_soa        L=64  B=512   m=1     inner=270    min=     0.235 us/xform  median=     0.235  sd=  0.10%      8.16 GF/s  setup=0.000 s
fftw1d_estimate          L=64  B=512   m=1     inner=348    min=     0.222 us/xform  median=     0.231  sd=  1.74%      8.64 GF/s  setup=0.001 s
fftw1d_estimate          L=64  B=512   m=1     inner=338    min=     0.230 us/xform  median=     0.230  sd=  0.08%      8.34 GF/s  setup=0.001 s
fftw1d_estimate          L=64  B=512   m=1     inner=254    min=     0.196 us/xform  median=     0.196  sd=  0.71%      9.82 GF/s  setup=0.001 s
fftw1d_measure           L=64  B=512   m=1     inner=944    min=     0.066 us/xform  median=     0.066  sd=  0.06%     28.92 GF/s  setup=0.026 s
fftw1d_measure           L=64  B=512   m=1     inner=1038   min=     0.070 us/xform  median=     0.070  sd=  0.06%     27.50 GF/s  setup=0.026 s
fftw1d_measure           L=64  B=512   m=1     inner=1076   min=     0.069 us/xform  median=     0.069  sd=  0.05%     27.84 GF/s  setup=0.026 s
fftw1d_patient           L=64  B=512   m=1     inner=1038   min=     0.069 us/xform  median=     0.069  sd=  0.03%     27.68 GF/s  setup=0.216 s
fftw1d_patient           L=64  B=512   m=1     inner=1082   min=     0.067 us/xform  median=     0.067  sd=  0.07%     28.75 GF/s  setup=0.217 s
fftw1d_patient           L=64  B=512   m=1     inner=1048   min=     0.069 us/xform  median=     0.070  sd=  0.26%     27.70 GF/s  setup=0.211 s
mkl1d_dfti               L=64  B=512   m=1     inner=1776   min=     0.039 us/xform  median=     0.039  sd=  1.31%     49.66 GF/s  setup=0.001 s
mkl1d_dfti               L=64  B=512   m=1     inner=2024   min=     0.038 us/xform  median=     0.038  sd=  0.04%     50.12 GF/s  setup=0.001 s
mkl1d_dfti               L=64  B=512   m=1     inner=1184   min=     0.041 us/xform  median=     0.041  sd=  0.05%     47.26 GF/s  setup=0.001 s
baseline_dft             L=64  B=1     m=60000 inner=1      min=     7.212 us/xform  median=     7.212  sd=  0.00%      0.27 GF/s  setup=0.000 s
baseline_dft             L=64  B=1     m=60000 inner=1      min=     7.212 us/xform  median=     7.212  sd=  0.00%      0.27 GF/s  setup=0.000 s
baseline_dft             L=64  B=1     m=60000 inner=1      min=     7.212 us/xform  median=     7.212  sd=  0.00%      0.27 GF/s  setup=0.000 s
baseline_dft             L=64  B=1     m=2     inner=128    min=     7.655 us/xform  median=     7.655  sd=  0.00%      0.25 GF/s  setup=0.000 s
d1_batchlane             L=64  B=1     m=60000 inner=4      min=     0.136 us/xform  median=     0.136  sd=  0.02%     14.13 GF/s  setup=0.000 s
d1_batchlane             L=64  B=1     m=60000 inner=4      min=     0.136 us/xform  median=     0.136  sd=  0.01%     14.13 GF/s  setup=0.000 s
d1_batchlane             L=64  B=1     m=60000 inner=4      min=     0.136 us/xform  median=     0.136  sd=  0.02%     14.14 GF/s  setup=0.000 s
d1_batchlane             L=64  B=1     m=2     inner=5730   min=     0.163 us/xform  median=     0.163  sd=  0.00%     11.77 GF/s  setup=0.000 s
d1_bluestein             L=64  B=1     m=60000 inner=1      min=     0.398 us/xform  median=     0.399  sd=  0.11%      4.83 GF/s  setup=0.000 s
d1_bluestein             L=64  B=1     m=60000 inner=1      min=     0.342 us/xform  median=     0.342  sd=  0.11%      5.61 GF/s  setup=0.000 s
d1_bluestein             L=64  B=1     m=60000 inner=2      min=     0.328 us/xform  median=     0.329  sd=  0.14%      5.86 GF/s  setup=0.000 s
d1_bluestein             L=64  B=1     m=2     inner=1608   min=     0.414 us/xform  median=     0.414  sd=  0.00%      4.64 GF/s  setup=0.000 s
d1_planner               L=64  B=1     m=60000 inner=2      min=     0.213 us/xform  median=     0.215  sd=  0.39%      9.00 GF/s  setup=0.000 s
d1_planner               L=64  B=1     m=60000 inner=2      min=     0.246 us/xform  median=     0.246  sd=  0.18%      7.80 GF/s  setup=0.000 s
d1_planner               L=64  B=1     m=60000 inner=2      min=     0.205 us/xform  median=     0.206  sd=  0.68%      9.35 GF/s  setup=0.000 s
d1_planner               L=64  B=1     m=2     inner=3194   min=     0.239 us/xform  median=     0.239  sd=  0.00%      8.04 GF/s  setup=0.000 s
d1_pow2                  L=64  B=1     m=60000 inner=2      min=     0.170 us/xform  median=     0.170  sd=  0.03%     11.31 GF/s  setup=0.000 s
d1_pow2                  L=64  B=1     m=60000 inner=2      min=     0.170 us/xform  median=     0.170  sd=  0.02%     11.31 GF/s  setup=0.000 s
d1_pow2                  L=64  B=1     m=60000 inner=4      min=     0.149 us/xform  median=     0.149  sd=  0.02%     12.87 GF/s  setup=0.000 s
d1_pow2                  L=64  B=1     m=2     inner=4764   min=     0.194 us/xform  median=     0.194  sd=  0.00%      9.88 GF/s  setup=0.000 s
d1_race                  L=64  B=1     m=60000 inner=4      min=     0.151 us/xform  median=     0.155  sd=  0.63%     12.69 GF/s  setup=0.006 s
d1_race                  L=64  B=1     m=60000 inner=4      min=     0.137 us/xform  median=     0.138  sd=  0.03%     13.97 GF/s  setup=0.009 s
d1_race                  L=64  B=1     m=60000 inner=4      min=     0.136 us/xform  median=     0.136  sd=  0.02%     14.14 GF/s  setup=0.007 s
d1_race                  L=64  B=1     m=2     inner=5696   min=     0.166 us/xform  median=     0.166  sd=  0.00%     11.60 GF/s  setup=0.005 s
d1_twiddle               L=64  B=1     m=60000 inner=4      min=     0.152 us/xform  median=     0.153  sd=  0.08%     12.59 GF/s  setup=0.000 s
d1_twiddle               L=64  B=1     m=60000 inner=4      min=     0.155 us/xform  median=     0.155  sd=  0.01%     12.36 GF/s  setup=0.000 s
d1_twiddle               L=64  B=1     m=60000 inner=4      min=     0.155 us/xform  median=     0.155  sd=  0.02%     12.36 GF/s  setup=0.000 s
d1_twiddle               L=64  B=1     m=2     inner=5358   min=     0.176 us/xform  median=     0.176  sd=  0.00%     10.89 GF/s  setup=0.000 s
fftw1d_custom            L=64  B=1     m=60000 inner=2      min=     0.299 us/xform  median=     0.299  sd=  0.03%      6.42 GF/s  setup=0.000 s
fftw1d_custom            L=64  B=1     m=60000 inner=2      min=     0.299 us/xform  median=     0.299  sd=  0.03%      6.42 GF/s  setup=0.000 s
fftw1d_custom            L=64  B=1     m=60000 inner=2      min=     0.299 us/xform  median=     0.299  sd=  0.06%      6.43 GF/s  setup=0.000 s
fftw1d_custom            L=64  B=1     m=2     inner=1736   min=     0.423 us/xform  median=     0.423  sd=  0.00%      4.54 GF/s  setup=0.000 s
fftw1d_estimate          L=64  B=1     m=60000 inner=2      min=     0.270 us/xform  median=     0.271  sd=  0.06%      7.11 GF/s  setup=0.001 s
fftw1d_estimate          L=64  B=1     m=60000 inner=2      min=     0.305 us/xform  median=     0.305  sd=  0.06%      6.30 GF/s  setup=0.001 s
fftw1d_estimate          L=64  B=1     m=60000 inner=2      min=     0.306 us/xform  median=     0.307  sd=  0.08%      6.27 GF/s  setup=0.001 s
fftw1d_estimate          L=64  B=1     m=2     inner=3060   min=     0.315 us/xform  median=     0.315  sd=  0.00%      6.09 GF/s  setup=0.001 s
fftw1d_measure           L=64  B=1     m=60000 inner=2      min=     0.247 us/xform  median=     0.247  sd=  0.02%      7.76 GF/s  setup=0.021 s
fftw1d_measure           L=64  B=1     m=60000 inner=2      min=     0.245 us/xform  median=     0.245  sd=  0.03%      7.85 GF/s  setup=0.021 s
fftw1d_measure           L=64  B=1     m=60000 inner=2      min=     0.246 us/xform  median=     0.247  sd=  0.04%      7.79 GF/s  setup=0.022 s
fftw1d_measure           L=64  B=1     m=2     inner=1740   min=     0.283 us/xform  median=     0.283  sd=  0.00%      6.80 GF/s  setup=0.022 s
fftw1d_patient           L=64  B=1     m=60000 inner=2      min=     0.244 us/xform  median=     0.244  sd=  0.06%      7.88 GF/s  setup=0.053 s
fftw1d_patient           L=64  B=1     m=60000 inner=2      min=     0.247 us/xform  median=     0.247  sd=  0.01%      7.78 GF/s  setup=0.055 s
fftw1d_patient           L=64  B=1     m=60000 inner=2      min=     0.244 us/xform  median=     0.245  sd=  0.02%      7.85 GF/s  setup=0.053 s
fftw1d_patient           L=64  B=1     m=2     inner=2028   min=     0.268 us/xform  median=     0.268  sd=  0.00%      7.15 GF/s  setup=0.053 s
mkl1d_dfti               L=64  B=1     m=60000 inner=2      min=     0.237 us/xform  median=     0.237  sd=  0.02%      8.11 GF/s  setup=0.001 s
mkl1d_dfti               L=64  B=1     m=60000 inner=2      min=     0.237 us/xform  median=     0.237  sd=  0.01%      8.09 GF/s  setup=0.001 s
mkl1d_dfti               L=64  B=1     m=60000 inner=2      min=     0.270 us/xform  median=     0.270  sd=  0.02%      7.12 GF/s  setup=0.002 s
mkl1d_dfti               L=64  B=1     m=2     inner=2002   min=     0.333 us/xform  median=     0.333  sd=  0.00%      5.76 GF/s  setup=0.002 s
baseline_dft             L=64  B=512   m=500   inner=1      min=     7.225 us/xform  median=     7.227  sd=  0.01%      0.27 GF/s  setup=0.000 s
baseline_dft             L=64  B=512   m=500   inner=1      min=     7.226 us/xform  median=     7.227  sd=  0.00%      0.27 GF/s  setup=0.000 s
baseline_dft             L=64  B=512   m=500   inner=1      min=     7.226 us/xform  median=     7.227  sd=  0.00%      0.27 GF/s  setup=0.000 s
baseline_dft             L=64  B=512   m=2     inner=1      min=     8.795 us/xform  median=     8.795  sd=  0.00%      0.22 GF/s  setup=0.000 s
d1_batchlane             L=64  B=512   m=500   inner=1      min=     0.089 us/xform  median=     0.090  sd=  0.07%     21.47 GF/s  setup=0.000 s
d1_batchlane             L=64  B=512   m=500   inner=1      min=     0.079 us/xform  median=     0.079  sd=  0.03%     24.42 GF/s  setup=0.000 s
d1_batchlane             L=64  B=512   m=500   inner=1      min=     0.079 us/xform  median=     0.079  sd=  0.01%     24.32 GF/s  setup=0.000 s
d1_batchlane             L=64  B=512   m=2     inner=10     min=     0.166 us/xform  median=     0.166  sd=  0.00%     11.55 GF/s  setup=0.000 s
d1_bluestein             L=64  B=512   m=500   inner=1      min=     0.360 us/xform  median=     0.363  sd=  7.62%      5.33 GF/s  setup=0.000 s
d1_bluestein             L=64  B=512   m=500   inner=1      min=     0.352 us/xform  median=     0.352  sd=  0.02%      5.45 GF/s  setup=0.000 s
d1_bluestein             L=64  B=512   m=500   inner=1      min=     0.383 us/xform  median=     0.449  sd=  7.90%      5.02 GF/s  setup=0.000 s
d1_bluestein             L=64  B=512   m=2     inner=4      min=     0.493 us/xform  median=     0.493  sd=  0.00%      3.89 GF/s  setup=0.000 s
d1_planner               L=64  B=512   m=500   inner=1      min=     0.236 us/xform  median=     0.237  sd=  4.10%      8.12 GF/s  setup=0.000 s
d1_planner               L=64  B=512   m=500   inner=1      min=     0.211 us/xform  median=     0.211  sd=  0.25%      9.12 GF/s  setup=0.000 s
d1_planner               L=64  B=512   m=500   inner=1      min=     0.210 us/xform  median=     0.211  sd=  0.26%      9.15 GF/s  setup=0.000 s
d1_planner               L=64  B=512   m=2     inner=6      min=     0.236 us/xform  median=     0.236  sd=  0.00%      8.14 GF/s  setup=0.000 s
d1_pow2                  L=64  B=512   m=500   inner=1      min=     0.092 us/xform  median=     0.092  sd=  0.01%     20.79 GF/s  setup=0.000 s
d1_pow2                  L=64  B=512   m=500   inner=1      min=     0.092 us/xform  median=     0.092  sd=  0.04%     20.89 GF/s  setup=0.000 s
d1_pow2                  L=64  B=512   m=500   inner=1      min=     0.092 us/xform  median=     0.092  sd=  0.04%     20.83 GF/s  setup=0.000 s
d1_pow2                  L=64  B=512   m=2     inner=8      min=     0.233 us/xform  median=     0.233  sd=  0.00%      8.24 GF/s  setup=0.000 s
d1_race                  L=64  B=512   m=500   inner=1      min=     0.078 us/xform  median=     0.078  sd=  0.02%     24.48 GF/s  setup=0.008 s
d1_race                  L=64  B=512   m=500   inner=1      min=     0.079 us/xform  median=     0.079  sd=  0.02%     24.25 GF/s  setup=0.008 s
d1_race                  L=64  B=512   m=500   inner=1      min=     0.078 us/xform  median=     0.078  sd=  0.04%     24.51 GF/s  setup=0.007 s
d1_race                  L=64  B=512   m=2     inner=10     min=     0.171 us/xform  median=     0.171  sd=  0.00%     11.21 GF/s  setup=0.006 s
d1_twiddle               L=64  B=512   m=500   inner=1      min=     0.178 us/xform  median=     0.179  sd=  0.02%     10.76 GF/s  setup=0.000 s
d1_twiddle               L=64  B=512   m=500   inner=1      min=     0.155 us/xform  median=     0.155  sd=  0.01%     12.37 GF/s  setup=0.000 s
d1_twiddle               L=64  B=512   m=500   inner=1      min=     0.155 us/xform  median=     0.155  sd=  0.02%     12.41 GF/s  setup=0.000 s
d1_twiddle               L=64  B=512   m=2     inner=8      min=     0.183 us/xform  median=     0.183  sd=  0.00%     10.50 GF/s  setup=0.000 s
fftw1d_custom            L=64  B=512   m=500   inner=1      min=     0.250 us/xform  median=     0.251  sd=  0.06%      7.67 GF/s  setup=0.000 s
fftw1d_custom            L=64  B=512   m=500   inner=1      min=     0.316 us/xform  median=     0.320  sd=  0.62%      6.07 GF/s  setup=0.000 s
fftw1d_custom            L=64  B=512   m=500   inner=1      min=     0.251 us/xform  median=     0.251  sd=  0.13%      7.66 GF/s  setup=0.000 s
fftw1d_custom            L=64  B=512   m=2     inner=2      min=     0.501 us/xform  median=     0.501  sd=  0.00%      3.83 GF/s  setup=0.000 s
fftw1d_custom_soa        L=64  B=512   m=500   inner=1      min=     0.151 us/xform  median=     0.152  sd=  0.80%     12.75 GF/s  setup=0.000 s
fftw1d_custom_soa        L=64  B=512   m=500   inner=1      min=     0.151 us/xform  median=     0.151  sd=  0.41%     12.74 GF/s  setup=0.000 s
fftw1d_custom_soa        L=64  B=512   m=500   inner=1      min=     0.152 us/xform  median=     0.153  sd=  0.32%     12.60 GF/s  setup=0.000 s
fftw1d_custom_soa        L=64  B=512   m=2     inner=2      min=     0.473 us/xform  median=     0.473  sd=  0.00%      4.06 GF/s  setup=0.000 s
fftw1d_estimate          L=64  B=512   m=500   inner=1      min=     0.398 us/xform  median=     0.398  sd=  0.02%      4.82 GF/s  setup=0.001 s
fftw1d_estimate          L=64  B=512   m=500   inner=1      min=     0.394 us/xform  median=     0.394  sd=  0.04%      4.87 GF/s  setup=0.001 s
fftw1d_estimate          L=64  B=512   m=500   inner=1      min=     0.396 us/xform  median=     0.396  sd=  0.03%      4.85 GF/s  setup=0.001 s
fftw1d_estimate          L=64  B=512   m=2     inner=4      min=     0.442 us/xform  median=     0.442  sd=  0.00%      4.34 GF/s  setup=0.001 s
fftw1d_measure           L=64  B=512   m=500   inner=1      min=     0.271 us/xform  median=     0.271  sd=  0.04%      7.09 GF/s  setup=0.026 s
fftw1d_measure           L=64  B=512   m=500   inner=1      min=     0.270 us/xform  median=     0.270  sd=  0.02%      7.11 GF/s  setup=0.026 s
fftw1d_measure           L=64  B=512   m=500   inner=1      min=     0.269 us/xform  median=     0.269  sd=  0.02%      7.14 GF/s  setup=0.026 s
fftw1d_measure           L=64  B=512   m=2     inner=6      min=     0.295 us/xform  median=     0.295  sd=  0.00%      6.51 GF/s  setup=0.026 s
fftw1d_patient           L=64  B=512   m=500   inner=1      min=     0.270 us/xform  median=     0.270  sd=  0.02%      7.11 GF/s  setup=0.211 s
fftw1d_patient           L=64  B=512   m=500   inner=1      min=     0.266 us/xform  median=     0.266  sd=  0.02%      7.22 GF/s  setup=0.210 s
fftw1d_patient           L=64  B=512   m=500   inner=1      min=     0.269 us/xform  median=     0.269  sd=  0.02%      7.15 GF/s  setup=0.214 s
fftw1d_patient           L=64  B=512   m=2     inner=4      min=     0.401 us/xform  median=     0.401  sd=  0.00%      4.78 GF/s  setup=0.241 s
mkl1d_dfti               L=64  B=512   m=500   inner=1      min=     0.304 us/xform  median=     0.304  sd=  0.02%      6.32 GF/s  setup=0.003 s
mkl1d_dfti               L=64  B=512   m=500   inner=1      min=     0.236 us/xform  median=     0.237  sd=  0.08%      8.12 GF/s  setup=0.002 s
mkl1d_dfti               L=64  B=512   m=500   inner=1      min=     0.239 us/xform  median=     0.239  sd=  0.01%      8.05 GF/s  setup=0.001 s
mkl1d_dfti               L=64  B=512   m=2     inner=6      min=     0.278 us/xform  median=     0.278  sd=  0.00%      6.91 GF/s  setup=0.001 s
baseline_dft             L=128 B=1     m=1     inner=1338   min=    28.115 us/xform  median=    28.117  sd=  0.67%      0.16 GF/s  setup=0.001 s
baseline_dft             L=128 B=1     m=1     inner=932    min=    33.934 us/xform  median=    33.938  sd=  0.01%      0.13 GF/s  setup=0.001 s
baseline_dft             L=128 B=1     m=1     inner=892    min=    28.117 us/xform  median=    28.120  sd=  0.13%      0.16 GF/s  setup=0.001 s
d1_batchlane             L=128 B=1     m=1     inner=376968 min=     0.099 us/xform  median=     0.099  sd=  0.48%     45.21 GF/s  setup=0.000 s
d1_batchlane             L=128 B=1     m=1     inner=395062 min=     0.101 us/xform  median=     0.101  sd=  0.10%     44.52 GF/s  setup=0.000 s
d1_batchlane             L=128 B=1     m=1     inner=394346 min=     0.100 us/xform  median=     0.101  sd=  0.11%     44.61 GF/s  setup=0.000 s
d1_bluestein             L=128 B=1     m=1     inner=102260 min=     0.306 us/xform  median=     0.307  sd=  0.12%     14.62 GF/s  setup=0.000 s
d1_bluestein             L=128 B=1     m=1     inner=111702 min=     0.314 us/xform  median=     0.315  sd=  0.13%     14.27 GF/s  setup=0.000 s
d1_bluestein             L=128 B=1     m=1     inner=116394 min=     0.294 us/xform  median=     0.295  sd=  0.20%     15.23 GF/s  setup=0.000 s
d1_planner               L=128 B=1     m=1     inner=84867  min=     0.233 us/xform  median=     0.234  sd=  0.18%     19.19 GF/s  setup=0.000 s
d1_planner               L=128 B=1     m=1     inner=118158 min=     0.270 us/xform  median=     0.271  sd=  0.10%     16.59 GF/s  setup=0.000 s
d1_planner               L=128 B=1     m=1     inner=84796  min=     0.234 us/xform  median=     0.235  sd=  0.19%     19.17 GF/s  setup=0.000 s
d1_pow2                  L=128 B=1     m=1     inner=369286 min=     0.101 us/xform  median=     0.101  sd=  0.55%     44.36 GF/s  setup=0.000 s
d1_pow2                  L=128 B=1     m=1     inner=378360 min=     0.105 us/xform  median=     0.105  sd=  0.05%     42.70 GF/s  setup=0.000 s
d1_pow2                  L=128 B=1     m=1     inner=274530 min=     0.116 us/xform  median=     0.117  sd=  0.02%     38.46 GF/s  setup=0.000 s
d1_race                  L=128 B=1     m=1     inner=368444 min=     0.099 us/xform  median=     0.099  sd=  2.53%     45.35 GF/s  setup=0.056 s
d1_race                  L=128 B=1     m=1     inner=280998 min=     0.112 us/xform  median=     0.112  sd=  0.15%     39.98 GF/s  setup=0.009 s
d1_race                  L=128 B=1     m=1     inner=266780 min=     0.100 us/xform  median=     0.100  sd=  0.14%     44.97 GF/s  setup=0.009 s
d1_twiddle               L=128 B=1     m=1     inner=240554 min=     0.132 us/xform  median=     0.132  sd=  0.03%     34.05 GF/s  setup=0.000 s
d1_twiddle               L=128 B=1     m=1     inner=232550 min=     0.133 us/xform  median=     0.133  sd=  0.02%     33.80 GF/s  setup=0.000 s
d1_twiddle               L=128 B=1     m=1     inner=300360 min=     0.132 us/xform  median=     0.133  sd=  0.01%     33.81 GF/s  setup=0.000 s
fftw1d_custom            L=128 B=1     m=1     inner=33580  min=     0.640 us/xform  median=     0.640  sd=  1.99%      7.00 GF/s  setup=0.000 s
fftw1d_custom            L=128 B=1     m=1     inner=42778  min=     0.772 us/xform  median=     0.772  sd=  0.02%      5.80 GF/s  setup=0.000 s
fftw1d_custom            L=128 B=1     m=1     inner=35612  min=     0.640 us/xform  median=     0.640  sd=  0.27%      7.00 GF/s  setup=0.000 s
fftw1d_estimate          L=128 B=1     m=1     inner=230984 min=     0.171 us/xform  median=     0.172  sd=  0.17%     26.17 GF/s  setup=0.001 s
fftw1d_estimate          L=128 B=1     m=1     inner=186608 min=     0.151 us/xform  median=     0.152  sd=  0.32%     29.59 GF/s  setup=0.001 s
fftw1d_estimate          L=128 B=1     m=1     inner=262772 min=     0.151 us/xform  median=     0.151  sd=  0.34%     29.76 GF/s  setup=0.000 s
fftw1d_measure           L=128 B=1     m=1     inner=333190 min=     0.119 us/xform  median=     0.119  sd=  0.05%     37.58 GF/s  setup=0.040 s
fftw1d_measure           L=128 B=1     m=1     inner=328166 min=     0.121 us/xform  median=     0.121  sd=  0.04%     36.91 GF/s  setup=0.040 s
fftw1d_measure           L=128 B=1     m=1     inner=323940 min=     0.108 us/xform  median=     0.108  sd=  5.42%     41.40 GF/s  setup=0.040 s
fftw1d_patient           L=128 B=1     m=1     inner=384718 min=     0.104 us/xform  median=     0.104  sd=  0.02%     43.25 GF/s  setup=0.134 s
fftw1d_patient           L=128 B=1     m=1     inner=378906 min=     0.105 us/xform  median=     0.105  sd=  0.08%     42.62 GF/s  setup=0.134 s
fftw1d_patient           L=128 B=1     m=1     inner=346072 min=     0.115 us/xform  median=     0.115  sd=  0.04%     38.99 GF/s  setup=0.136 s
mkl1d_dfti               L=128 B=1     m=1     inner=218572 min=     0.092 us/xform  median=     0.093  sd=  1.12%     48.76 GF/s  setup=0.001 s
mkl1d_dfti               L=128 B=1     m=1     inner=310570 min=     0.109 us/xform  median=     0.109  sd=  0.04%     40.95 GF/s  setup=0.002 s
mkl1d_dfti               L=128 B=1     m=1     inner=317932 min=     0.091 us/xform  median=     0.092  sd=  0.50%     49.20 GF/s  setup=0.002 s
   skipping baseline_dft at L=128 B=512 (too expensive to be informative)
d1_batchlane             L=128 B=512   m=1     inner=298    min=     0.247 us/xform  median=     0.248  sd=  0.53%     18.11 GF/s  setup=0.000 s
d1_batchlane             L=128 B=512   m=1     inner=228    min=     0.246 us/xform  median=     0.246  sd=  0.10%     18.19 GF/s  setup=0.000 s
d1_batchlane             L=128 B=512   m=1     inner=316    min=     0.246 us/xform  median=     0.246  sd=  0.06%     18.19 GF/s  setup=0.000 s
d1_bluestein             L=128 B=512   m=1     inner=114    min=     0.341 us/xform  median=     0.342  sd=  0.20%     13.15 GF/s  setup=0.000 s
d1_bluestein             L=128 B=512   m=1     inner=152    min=     0.417 us/xform  median=     0.470  sd=  5.13%     10.74 GF/s  setup=0.000 s
d1_bluestein             L=128 B=512   m=1     inner=162    min=     0.466 us/xform  median=     0.467  sd=  0.22%      9.62 GF/s  setup=0.000 s
d1_planner               L=128 B=512   m=1     inner=198    min=     0.343 us/xform  median=     0.493  sd= 14.65%     13.08 GF/s  setup=0.000 s
d1_planner               L=128 B=512   m=1     inner=144    min=     0.288 us/xform  median=     0.289  sd=  5.65%     15.54 GF/s  setup=0.000 s
d1_planner               L=128 B=512   m=1     inner=194    min=     0.292 us/xform  median=     0.294  sd=  0.49%     15.34 GF/s  setup=0.000 s
d1_pow2                  L=128 B=512   m=1     inner=458    min=     0.169 us/xform  median=     0.170  sd=  0.09%     26.46 GF/s  setup=0.000 s
d1_pow2                  L=128 B=512   m=1     inner=231    min=     0.170 us/xform  median=     0.170  sd=  0.08%     26.40 GF/s  setup=0.000 s
d1_pow2                  L=128 B=512   m=1     inner=454    min=     0.170 us/xform  median=     0.171  sd=  0.07%     26.31 GF/s  setup=0.000 s
d1_race                  L=128 B=512   m=1     inner=494    min=     0.157 us/xform  median=     0.157  sd=  0.07%     28.59 GF/s  setup=0.609 s
d1_race                  L=128 B=512   m=1     inner=496    min=     0.156 us/xform  median=     0.157  sd=  0.12%     28.69 GF/s  setup=0.011 s
d1_race                  L=128 B=512   m=1     inner=498    min=     0.157 us/xform  median=     0.157  sd=  0.02%     28.56 GF/s  setup=0.010 s
d1_twiddle               L=128 B=512   m=1     inner=424    min=     0.172 us/xform  median=     0.173  sd=  0.38%     26.02 GF/s  setup=0.000 s
d1_twiddle               L=128 B=512   m=1     inner=318    min=     0.197 us/xform  median=     0.209  sd=  1.94%     22.75 GF/s  setup=0.000 s
d1_twiddle               L=128 B=512   m=1     inner=344    min=     0.219 us/xform  median=     0.219  sd=  0.10%     20.45 GF/s  setup=0.000 s
fftw1d_custom            L=128 B=512   m=1     inner=90     min=     0.891 us/xform  median=     1.061  sd=  6.69%      5.03 GF/s  setup=0.000 s
fftw1d_custom            L=128 B=512   m=1     inner=70     min=     1.053 us/xform  median=     1.055  sd=  0.08%      4.26 GF/s  setup=0.000 s
fftw1d_custom            L=128 B=512   m=1     inner=70     min=     0.725 us/xform  median=     0.804  sd= 17.46%      6.18 GF/s  setup=0.000 s
fftw1d_custom_soa        L=128 B=512   m=1     inner=71     min=     0.571 us/xform  median=     0.584  sd=  0.72%      7.84 GF/s  setup=0.000 s
fftw1d_custom_soa        L=128 B=512   m=1     inner=110    min=     0.517 us/xform  median=     0.517  sd=  0.01%      8.67 GF/s  setup=0.000 s
fftw1d_custom_soa        L=128 B=512   m=1     inner=150    min=     0.518 us/xform  median=     0.518  sd=  0.01%      8.65 GF/s  setup=0.000 s
fftw1d_estimate          L=128 B=512   m=1     inner=160    min=     0.458 us/xform  median=     0.459  sd=  0.70%      9.78 GF/s  setup=0.001 s
fftw1d_estimate          L=128 B=512   m=1     inner=124    min=     0.513 us/xform  median=     0.652  sd= 10.51%      8.74 GF/s  setup=0.001 s
fftw1d_estimate          L=128 B=512   m=1     inner=122    min=     0.460 us/xform  median=     0.461  sd=  0.09%      9.73 GF/s  setup=0.001 s
fftw1d_measure           L=128 B=512   m=1     inner=188    min=     0.213 us/xform  median=     0.231  sd=  3.10%     20.99 GF/s  setup=0.048 s
fftw1d_measure           L=128 B=512   m=1     inner=398    min=     0.195 us/xform  median=     0.196  sd=  0.04%     22.92 GF/s  setup=0.050 s
fftw1d_measure           L=128 B=512   m=1     inner=342    min=     0.228 us/xform  median=     0.232  sd=  0.48%     19.63 GF/s  setup=0.050 s
fftw1d_patient           L=128 B=512   m=1     inner=198    min=     0.259 us/xform  median=     0.259  sd=  2.46%     17.31 GF/s  setup=0.920 s
fftw1d_patient           L=128 B=512   m=1     inner=420    min=     0.185 us/xform  median=     0.185  sd=  0.06%     24.19 GF/s  setup=0.883 s
fftw1d_patient           L=128 B=512   m=1     inner=414    min=     0.187 us/xform  median=     0.187  sd=  0.05%     23.97 GF/s  setup=0.692 s
mkl1d_dfti               L=128 B=512   m=1     inner=524    min=     0.143 us/xform  median=     0.144  sd=  0.51%     31.26 GF/s  setup=0.001 s
mkl1d_dfti               L=128 B=512   m=1     inner=492    min=     0.144 us/xform  median=     0.144  sd=  0.08%     31.13 GF/s  setup=0.001 s
mkl1d_dfti               L=128 B=512   m=1     inner=544    min=     0.144 us/xform  median=     0.144  sd=  0.07%     31.22 GF/s  setup=0.001 s
baseline_dft             L=128 B=1     m=30000 inner=1      min=    28.473 us/xform  median=    28.473  sd=  0.00%      0.16 GF/s  setup=0.001 s
baseline_dft             L=128 B=1     m=30000 inner=1      min=    28.470 us/xform  median=    28.473  sd=  0.00%      0.16 GF/s  setup=0.001 s
baseline_dft             L=128 B=1     m=30000 inner=1      min=    28.471 us/xform  median=    28.473  sd=  0.00%      0.16 GF/s  setup=0.000 s
baseline_dft             L=128 B=1     m=2     inner=32     min=    30.363 us/xform  median=    30.363  sd=  0.00%      0.15 GF/s  setup=0.001 s
d1_batchlane             L=128 B=1     m=30000 inner=4      min=     0.245 us/xform  median=     0.245  sd=  0.07%     18.30 GF/s  setup=0.000 s
d1_batchlane             L=128 B=1     m=30000 inner=4      min=     0.243 us/xform  median=     0.243  sd=  0.02%     18.46 GF/s  setup=0.000 s
d1_batchlane             L=128 B=1     m=30000 inner=4      min=     0.243 us/xform  median=     0.243  sd=  0.02%     18.46 GF/s  setup=0.000 s
d1_batchlane             L=128 B=1     m=2     inner=3382   min=     0.284 us/xform  median=     0.284  sd=  0.00%     15.78 GF/s  setup=0.000 s
d1_bluestein             L=128 B=1     m=30000 inner=1      min=     0.780 us/xform  median=     0.781  sd=  0.12%      5.74 GF/s  setup=0.000 s
d1_bluestein             L=128 B=1     m=30000 inner=1      min=     0.765 us/xform  median=     0.766  sd=  0.18%      5.86 GF/s  setup=0.000 s
d1_bluestein             L=128 B=1     m=30000 inner=1      min=     0.760 us/xform  median=     0.765  sd=  0.30%      5.89 GF/s  setup=0.000 s
d1_bluestein             L=128 B=1     m=2     inner=772    min=     1.017 us/xform  median=     1.017  sd=  0.00%      4.41 GF/s  setup=0.000 s
d1_planner               L=128 B=1     m=30000 inner=2      min=     0.419 us/xform  median=     0.422  sd=  0.51%     10.68 GF/s  setup=0.000 s
d1_planner               L=128 B=1     m=30000 inner=2      min=     0.424 us/xform  median=     0.426  sd=  0.36%     10.57 GF/s  setup=0.000 s
d1_planner               L=128 B=1     m=30000 inner=2      min=     0.419 us/xform  median=     0.424  sd=  0.56%     10.68 GF/s  setup=0.000 s
d1_planner               L=128 B=1     m=2     inner=1614   min=     0.520 us/xform  median=     0.520  sd=  0.00%      8.61 GF/s  setup=0.000 s
d1_pow2                  L=128 B=1     m=30000 inner=4      min=     0.232 us/xform  median=     0.233  sd=  0.08%     19.29 GF/s  setup=0.000 s
d1_pow2                  L=128 B=1     m=30000 inner=4      min=     0.237 us/xform  median=     0.237  sd=  0.05%     18.93 GF/s  setup=0.000 s
d1_pow2                  L=128 B=1     m=30000 inner=4      min=     0.233 us/xform  median=     0.233  sd=  0.05%     19.24 GF/s  setup=0.000 s
d1_pow2                  L=128 B=1     m=2     inner=3288   min=     0.288 us/xform  median=     0.288  sd=  0.00%     15.53 GF/s  setup=0.000 s
d1_race                  L=128 B=1     m=30000 inner=4      min=     0.213 us/xform  median=     0.213  sd=  0.03%     21.00 GF/s  setup=0.006 s
d1_race                  L=128 B=1     m=30000 inner=6      min=     0.213 us/xform  median=     0.213  sd=  0.04%     21.03 GF/s  setup=0.007 s
d1_race                  L=128 B=1     m=30000 inner=6      min=     0.216 us/xform  median=     0.216  sd=  0.06%     20.73 GF/s  setup=0.007 s
d1_race                  L=128 B=1     m=2     inner=3254   min=     0.281 us/xform  median=     0.281  sd=  0.00%     15.93 GF/s  setup=0.006 s
d1_twiddle               L=128 B=1     m=30000 inner=4      min=     0.310 us/xform  median=     0.310  sd=  0.02%     14.46 GF/s  setup=0.000 s
d1_twiddle               L=128 B=1     m=30000 inner=4      min=     0.299 us/xform  median=     0.300  sd=  0.03%     14.96 GF/s  setup=0.000 s
d1_twiddle               L=128 B=1     m=30000 inner=4      min=     0.305 us/xform  median=     0.305  sd=  0.02%     14.71 GF/s  setup=0.000 s
d1_twiddle               L=128 B=1     m=2     inner=2538   min=     0.359 us/xform  median=     0.359  sd=  0.00%     12.48 GF/s  setup=0.000 s
fftw1d_custom            L=128 B=1     m=30000 inner=1      min=     0.899 us/xform  median=     0.900  sd=  0.02%      4.98 GF/s  setup=0.000 s
fftw1d_custom            L=128 B=1     m=30000 inner=1      min=     0.745 us/xform  median=     0.745  sd=  0.02%      6.01 GF/s  setup=0.000 s
fftw1d_custom            L=128 B=1     m=30000 inner=1      min=     0.745 us/xform  median=     0.745  sd=  0.03%      6.01 GF/s  setup=0.000 s
fftw1d_custom            L=128 B=1     m=2     inner=830    min=     1.103 us/xform  median=     1.103  sd=  0.00%      4.06 GF/s  setup=0.000 s
fftw1d_estimate          L=128 B=1     m=30000 inner=2      min=     0.530 us/xform  median=     0.530  sd=  0.03%      8.46 GF/s  setup=0.001 s
fftw1d_estimate          L=128 B=1     m=30000 inner=2      min=     0.530 us/xform  median=     0.530  sd=  0.03%      8.45 GF/s  setup=0.001 s
fftw1d_estimate          L=128 B=1     m=30000 inner=2      min=     0.530 us/xform  median=     0.530  sd=  0.02%      8.46 GF/s  setup=0.001 s
fftw1d_estimate          L=128 B=1     m=2     inner=854    min=     0.619 us/xform  median=     0.619  sd=  0.00%      7.24 GF/s  setup=0.001 s
fftw1d_measure           L=128 B=1     m=30000 inner=2      min=     0.485 us/xform  median=     0.486  sd=  0.03%      9.23 GF/s  setup=0.039 s
fftw1d_measure           L=128 B=1     m=30000 inner=2      min=     0.494 us/xform  median=     0.494  sd=  0.01%      9.06 GF/s  setup=0.040 s
fftw1d_measure           L=128 B=1     m=30000 inner=2      min=     0.486 us/xform  median=     0.486  sd=  0.03%      9.22 GF/s  setup=0.039 s
fftw1d_measure           L=128 B=1     m=2     inner=960    min=     0.573 us/xform  median=     0.573  sd=  0.00%      7.81 GF/s  setup=0.040 s
fftw1d_patient           L=128 B=1     m=30000 inner=2      min=     0.488 us/xform  median=     0.489  sd=  0.04%      9.18 GF/s  setup=0.134 s
fftw1d_patient           L=128 B=1     m=30000 inner=2      min=     0.494 us/xform  median=     0.494  sd=  0.01%      9.07 GF/s  setup=0.135 s
fftw1d_patient           L=128 B=1     m=30000 inner=2      min=     0.488 us/xform  median=     0.488  sd=  0.02%      9.18 GF/s  setup=0.135 s
fftw1d_patient           L=128 B=1     m=2     inner=1728   min=     0.570 us/xform  median=     0.570  sd=  0.00%      7.86 GF/s  setup=0.136 s
mkl1d_dfti               L=128 B=1     m=30000 inner=2      min=     0.477 us/xform  median=     0.477  sd=  0.05%      9.40 GF/s  setup=0.001 s
mkl1d_dfti               L=128 B=1     m=30000 inner=2      min=     0.476 us/xform  median=     0.476  sd=  0.05%      9.42 GF/s  setup=0.001 s
mkl1d_dfti               L=128 B=1     m=30000 inner=2      min=     0.477 us/xform  median=     0.477  sd=  0.04%      9.40 GF/s  setup=0.001 s
mkl1d_dfti               L=128 B=1     m=2     inner=1410   min=     0.561 us/xform  median=     0.561  sd=  0.00%      7.99 GF/s  setup=0.002 s
   skipping baseline_dft at L=128 B=512 (too expensive to be informative)
d1_batchlane             L=128 B=512   m=250   inner=1      min=     0.231 us/xform  median=     0.232  sd=  0.07%     19.37 GF/s  setup=0.000 s
d1_batchlane             L=128 B=512   m=250   inner=1      min=     0.233 us/xform  median=     0.233  sd=  0.04%     19.25 GF/s  setup=0.000 s
d1_batchlane             L=128 B=512   m=250   inner=1      min=     0.232 us/xform  median=     0.233  sd=  0.03%     19.27 GF/s  setup=0.000 s
d1_batchlane             L=128 B=512   m=2     inner=4      min=     0.361 us/xform  median=     0.361  sd=  0.00%     12.40 GF/s  setup=0.000 s
d1_bluestein             L=128 B=512   m=250   inner=1      min=     0.748 us/xform  median=     0.749  sd=  7.51%      5.99 GF/s  setup=0.000 s
d1_bluestein             L=128 B=512   m=250   inner=1      min=     0.736 us/xform  median=     0.736  sd=  0.05%      6.09 GF/s  setup=0.000 s
d1_bluestein             L=128 B=512   m=250   inner=1      min=     0.751 us/xform  median=     0.751  sd=  0.03%      5.97 GF/s  setup=0.000 s
d1_bluestein             L=128 B=512   m=2     inner=2      min=     0.951 us/xform  median=     0.951  sd=  0.00%      4.71 GF/s  setup=0.000 s
d1_planner               L=128 B=512   m=250   inner=1      min=     0.421 us/xform  median=     0.424  sd=  6.35%     10.63 GF/s  setup=0.000 s
d1_planner               L=128 B=512   m=250   inner=1      min=     0.477 us/xform  median=     0.480  sd=  0.32%      9.40 GF/s  setup=0.000 s
d1_planner               L=128 B=512   m=250   inner=1      min=     0.422 us/xform  median=     0.425  sd=  0.41%     10.61 GF/s  setup=0.000 s
d1_planner               L=128 B=512   m=2     inner=2      min=     0.659 us/xform  median=     0.659  sd=  0.00%      6.79 GF/s  setup=0.000 s
d1_pow2                  L=128 B=512   m=250   inner=1      min=     0.249 us/xform  median=     0.249  sd=  0.12%     17.99 GF/s  setup=0.000 s
d1_pow2                  L=128 B=512   m=250   inner=1      min=     0.249 us/xform  median=     0.250  sd=  0.14%     17.96 GF/s  setup=0.000 s
d1_pow2                  L=128 B=512   m=250   inner=1      min=     0.249 us/xform  median=     0.249  sd=  0.12%     18.02 GF/s  setup=0.000 s
d1_pow2                  L=128 B=512   m=2     inner=2      min=     0.497 us/xform  median=     0.497  sd=  0.00%      9.01 GF/s  setup=0.000 s
d1_race                  L=128 B=512   m=250   inner=1      min=     0.232 us/xform  median=     0.233  sd=  0.01%     19.27 GF/s  setup=0.009 s
d1_race                  L=128 B=512   m=250   inner=1      min=     0.231 us/xform  median=     0.231  sd=  0.02%     19.43 GF/s  setup=0.011 s
d1_race                  L=128 B=512   m=250   inner=1      min=     0.231 us/xform  median=     0.231  sd=  0.04%     19.39 GF/s  setup=0.010 s
d1_race                  L=128 B=512   m=2     inner=4      min=     0.383 us/xform  median=     0.383  sd=  0.00%     11.68 GF/s  setup=0.005 s
d1_twiddle               L=128 B=512   m=250   inner=1      min=     0.347 us/xform  median=     0.347  sd=  0.03%     12.91 GF/s  setup=0.000 s
d1_twiddle               L=128 B=512   m=250   inner=1      min=     0.343 us/xform  median=     0.344  sd=  0.03%     13.05 GF/s  setup=0.000 s
d1_twiddle               L=128 B=512   m=250   inner=1      min=     0.306 us/xform  median=     0.306  sd=  0.03%     14.66 GF/s  setup=0.000 s
d1_twiddle               L=128 B=512   m=2     inner=4      min=     0.409 us/xform  median=     0.409  sd=  0.00%     10.94 GF/s  setup=0.000 s
fftw1d_custom            L=128 B=512   m=250   inner=1      min=     0.669 us/xform  median=     0.670  sd=  9.51%      6.69 GF/s  setup=0.000 s
fftw1d_custom            L=128 B=512   m=250   inner=1      min=     0.669 us/xform  median=     0.822  sd=  6.76%      6.70 GF/s  setup=0.000 s
fftw1d_custom            L=128 B=512   m=250   inner=1      min=     0.670 us/xform  median=     0.672  sd=  0.18%      6.68 GF/s  setup=0.000 s
fftw1d_custom            L=128 B=512   m=2     inner=1      min=     2.180 us/xform  median=     2.180  sd=  0.00%      2.05 GF/s  setup=0.000 s
fftw1d_custom_soa        L=128 B=512   m=250   inner=1      min=     0.440 us/xform  median=     0.441  sd=  0.15%     10.17 GF/s  setup=0.000 s
fftw1d_custom_soa        L=128 B=512   m=250   inner=1      min=     0.399 us/xform  median=     0.400  sd=  0.37%     11.24 GF/s  setup=0.000 s
fftw1d_custom_soa        L=128 B=512   m=250   inner=1      min=     0.401 us/xform  median=     0.402  sd=  0.10%     11.16 GF/s  setup=0.000 s
fftw1d_custom_soa        L=128 B=512   m=2     inner=1      min=     1.537 us/xform  median=     1.537  sd=  0.00%      2.91 GF/s  setup=0.000 s
fftw1d_estimate          L=128 B=512   m=250   inner=1      min=     0.853 us/xform  median=     0.853  sd=  0.06%      5.25 GF/s  setup=0.001 s
fftw1d_estimate          L=128 B=512   m=250   inner=1      min=     0.852 us/xform  median=     0.852  sd=  0.05%      5.26 GF/s  setup=0.001 s
fftw1d_estimate          L=128 B=512   m=250   inner=1      min=     0.856 us/xform  median=     0.856  sd=  8.25%      5.24 GF/s  setup=0.001 s
fftw1d_estimate          L=128 B=512   m=2     inner=1      min=     1.137 us/xform  median=     1.137  sd=  0.00%      3.94 GF/s  setup=0.001 s
fftw1d_measure           L=128 B=512   m=250   inner=1      min=     0.582 us/xform  median=     0.582  sd=  0.01%      7.70 GF/s  setup=0.047 s
fftw1d_measure           L=128 B=512   m=250   inner=1      min=     0.579 us/xform  median=     0.579  sd=  0.02%      7.74 GF/s  setup=0.046 s
fftw1d_measure           L=128 B=512   m=250   inner=1      min=     0.583 us/xform  median=     0.583  sd=  0.01%      7.69 GF/s  setup=0.049 s
fftw1d_measure           L=128 B=512   m=2     inner=2      min=     0.909 us/xform  median=     0.909  sd=  0.00%      4.93 GF/s  setup=0.050 s
fftw1d_patient           L=128 B=512   m=250   inner=1      min=     0.594 us/xform  median=     0.594  sd=  0.05%      7.54 GF/s  setup=0.859 s
fftw1d_patient           L=128 B=512   m=250   inner=1      min=     0.582 us/xform  median=     0.582  sd=  0.02%      7.69 GF/s  setup=0.713 s
fftw1d_patient           L=128 B=512   m=250   inner=1      min=     0.596 us/xform  median=     0.596  sd=  0.02%      7.52 GF/s  setup=0.945 s
fftw1d_patient           L=128 B=512   m=2     inner=2      min=     0.651 us/xform  median=     0.651  sd=  0.00%      6.88 GF/s  setup=0.709 s
mkl1d_dfti               L=128 B=512   m=250   inner=1      min=     0.538 us/xform  median=     0.538  sd=  0.01%      8.33 GF/s  setup=0.001 s
mkl1d_dfti               L=128 B=512   m=250   inner=1      min=     0.538 us/xform  median=     0.538  sd=  0.01%      8.32 GF/s  setup=0.001 s
mkl1d_dfti               L=128 B=512   m=250   inner=1      min=     0.541 us/xform  median=     0.541  sd=  0.01%      8.28 GF/s  setup=0.001 s
mkl1d_dfti               L=128 B=512   m=2     inner=2      min=     0.859 us/xform  median=     0.859  sd=  0.00%      5.21 GF/s  setup=0.002 s
baseline_dft             L=1024 B=1     m=1     inner=16     min=  2213.328 us/xform  median=  2251.909  sd=  0.67%      0.02 GF/s  setup=0.034 s
baseline_dft             L=1024 B=1     m=1     inner=16     min=  2227.395 us/xform  median=  2231.285  sd=  0.15%      0.02 GF/s  setup=0.039 s
baseline_dft             L=1024 B=1     m=1     inner=20     min=  1828.800 us/xform  median=  1832.870  sd=  0.14%      0.03 GF/s  setup=0.037 s
d1_bluestein             L=1024 B=1     m=1     inner=11578  min=     3.113 us/xform  median=     3.117  sd=  0.08%     16.45 GF/s  setup=0.000 s
d1_bluestein             L=1024 B=1     m=1     inner=8782   min=     2.772 us/xform  median=     2.778  sd=  0.12%     18.47 GF/s  setup=0.000 s
d1_bluestein             L=1024 B=1     m=1     inner=9466   min=     3.129 us/xform  median=     3.133  sd=  0.06%     16.36 GF/s  setup=0.000 s
d1_planner               L=1024 B=1     m=1     inner=15874  min=     2.489 us/xform  median=     2.495  sd=  0.13%     20.57 GF/s  setup=0.000 s
d1_planner               L=1024 B=1     m=1     inner=13446  min=     2.485 us/xform  median=     2.489  sd=  0.13%     20.60 GF/s  setup=0.000 s
d1_planner               L=1024 B=1     m=1     inner=9626   min=     2.514 us/xform  median=     2.516  sd=  0.09%     20.37 GF/s  setup=0.000 s
d1_pow2                  L=1024 B=1     m=1     inner=27446  min=     1.366 us/xform  median=     1.367  sd=  0.52%     37.47 GF/s  setup=0.000 s
d1_pow2                  L=1024 B=1     m=1     inner=29166  min=     1.370 us/xform  median=     1.370  sd=  0.02%     37.38 GF/s  setup=0.000 s
d1_pow2                  L=1024 B=1     m=1     inner=14545  min=     1.373 us/xform  median=     1.374  sd=  0.03%     37.29 GF/s  setup=0.000 s
d1_race                  L=1024 B=1     m=1     inner=28906  min=     1.382 us/xform  median=     1.383  sd=  0.02%     37.05 GF/s  setup=0.186 s
d1_race                  L=1024 B=1     m=1     inner=19478  min=     1.368 us/xform  median=     1.369  sd=  0.02%     37.41 GF/s  setup=0.009 s
d1_race                  L=1024 B=1     m=1     inner=28956  min=     1.374 us/xform  median=     1.375  sd=  0.02%     37.26 GF/s  setup=0.008 s
d1_twiddle               L=1024 B=1     m=1     inner=19244  min=     2.073 us/xform  median=     2.074  sd=  0.02%     24.70 GF/s  setup=0.000 s
d1_twiddle               L=1024 B=1     m=1     inner=12994  min=     1.844 us/xform  median=     1.845  sd=  0.03%     27.76 GF/s  setup=0.000 s
d1_twiddle               L=1024 B=1     m=1     inner=13254  min=     1.863 us/xform  median=     1.865  sd=  0.05%     27.48 GF/s  setup=0.000 s
fftw1d_estimate          L=1024 B=1     m=1     inner=13917  min=     1.345 us/xform  median=     1.348  sd=  1.79%     38.07 GF/s  setup=0.001 s
fftw1d_estimate          L=1024 B=1     m=1     inner=16440  min=     1.341 us/xform  median=     1.344  sd=  0.15%     38.17 GF/s  setup=0.001 s
fftw1d_estimate          L=1024 B=1     m=1     inner=15680  min=     1.369 us/xform  median=     1.374  sd=  0.19%     37.40 GF/s  setup=0.001 s
fftw1d_measure           L=1024 B=1     m=1     inner=32086  min=     1.188 us/xform  median=     1.189  sd=  0.06%     43.10 GF/s  setup=0.115 s
fftw1d_measure           L=1024 B=1     m=1     inner=26196  min=     1.395 us/xform  median=     1.396  sd=  0.03%     36.72 GF/s  setup=0.117 s
fftw1d_measure           L=1024 B=1     m=1     inner=27062  min=     1.321 us/xform  median=     1.322  sd=  0.03%     38.75 GF/s  setup=0.116 s
fftw1d_patient           L=1024 B=1     m=1     inner=30278  min=     1.154 us/xform  median=     1.155  sd=  0.07%     44.38 GF/s  setup=0.791 s
fftw1d_patient           L=1024 B=1     m=1     inner=32232  min=     1.163 us/xform  median=     1.164  sd=  0.08%     44.02 GF/s  setup=0.791 s
fftw1d_patient           L=1024 B=1     m=1     inner=27970  min=     1.278 us/xform  median=     1.330  sd=  1.14%     40.07 GF/s  setup=0.813 s
mkl1d_dfti               L=1024 B=1     m=1     inner=27286  min=     1.080 us/xform  median=     1.080  sd=  1.53%     47.41 GF/s  setup=0.001 s
mkl1d_dfti               L=1024 B=1     m=1     inner=23184  min=     1.079 us/xform  median=     1.080  sd=  0.02%     47.44 GF/s  setup=0.002 s
mkl1d_dfti               L=1024 B=1     m=1     inner=19656  min=     1.084 us/xform  median=     1.084  sd=  0.04%     47.24 GF/s  setup=0.001 s
   skipping baseline_dft at L=1024 B=512 (too expensive to be informative)
d1_bluestein             L=1024 B=512   m=1     inner=18     min=     3.458 us/xform  median=     3.467  sd=  0.25%     14.81 GF/s  setup=0.000 s
d1_bluestein             L=1024 B=512   m=1     inner=18     min=     3.398 us/xform  median=     3.404  sd=  0.17%     15.07 GF/s  setup=0.000 s
d1_bluestein             L=1024 B=512   m=1     inner=18     min=     3.494 us/xform  median=     3.503  sd=  0.26%     14.65 GF/s  setup=0.000 s
d1_planner               L=1024 B=512   m=1     inner=26     min=     2.964 us/xform  median=     2.966  sd=  0.12%     17.27 GF/s  setup=0.000 s
d1_planner               L=1024 B=512   m=1     inner=24     min=     2.958 us/xform  median=     2.961  sd=  0.06%     17.31 GF/s  setup=0.000 s
d1_planner               L=1024 B=512   m=1     inner=26     min=     2.943 us/xform  median=     2.944  sd=  0.05%     17.40 GF/s  setup=0.000 s
d1_pow2                  L=1024 B=512   m=1     inner=38     min=     1.877 us/xform  median=     1.880  sd=  0.48%     27.28 GF/s  setup=0.000 s
d1_pow2                  L=1024 B=512   m=1     inner=32     min=     2.201 us/xform  median=     2.268  sd=  0.88%     23.26 GF/s  setup=0.000 s
d1_pow2                  L=1024 B=512   m=1     inner=32     min=     1.881 us/xform  median=     1.884  sd=  0.15%     27.22 GF/s  setup=0.000 s
d1_race                  L=1024 B=512   m=1     inner=24     min=     2.569 us/xform  median=     2.573  sd=  1.76%     19.93 GF/s  setup=0.999 s
d1_race                  L=1024 B=512   m=1     inner=30     min=     1.821 us/xform  median=     1.826  sd=  2.10%     28.11 GF/s  setup=0.010 s
d1_race                  L=1024 B=512   m=1     inner=32     min=     1.843 us/xform  median=     1.847  sd=  0.24%     27.77 GF/s  setup=0.009 s
d1_twiddle               L=1024 B=512   m=1     inner=32     min=     2.276 us/xform  median=     2.282  sd=  0.24%     22.49 GF/s  setup=0.000 s
d1_twiddle               L=1024 B=512   m=1     inner=34     min=     2.277 us/xform  median=     2.280  sd=  0.13%     22.49 GF/s  setup=0.000 s
d1_twiddle               L=1024 B=512   m=1     inner=28     min=     2.240 us/xform  median=     2.245  sd=  0.15%     22.85 GF/s  setup=0.000 s
fftw1d_estimate          L=1024 B=512   m=1     inner=26     min=     2.955 us/xform  median=     3.348  sd=  3.65%     17.33 GF/s  setup=0.001 s
fftw1d_estimate          L=1024 B=512   m=1     inner=24     min=     2.420 us/xform  median=     2.427  sd=  0.72%     21.16 GF/s  setup=0.001 s
fftw1d_estimate          L=1024 B=512   m=1     inner=24     min=     2.817 us/xform  median=     4.078  sd= 12.68%     18.17 GF/s  setup=0.001 s
fftw1d_measure           L=1024 B=512   m=1     inner=40     min=     1.843 us/xform  median=     1.850  sd=  0.24%     27.78 GF/s  setup=0.115 s
fftw1d_measure           L=1024 B=512   m=1     inner=30     min=     2.776 us/xform  median=     2.874  sd=  1.00%     18.44 GF/s  setup=0.117 s
fftw1d_measure           L=1024 B=512   m=1     inner=38     min=     1.926 us/xform  median=     1.928  sd=  0.15%     26.59 GF/s  setup=0.116 s
fftw1d_patient           L=1024 B=512   m=1     inner=40     min=     1.840 us/xform  median=     1.843  sd=  0.15%     27.82 GF/s  setup=11.553 s
fftw1d_patient           L=1024 B=512   m=1     inner=42     min=     1.795 us/xform  median=     1.804  sd=  0.36%     28.53 GF/s  setup=11.789 s
fftw1d_patient           L=1024 B=512   m=1     inner=40     min=     1.894 us/xform  median=     1.898  sd=  0.17%     27.04 GF/s  setup=11.423 s
mkl1d_dfti               L=1024 B=512   m=1     inner=44     min=     1.633 us/xform  median=     1.635  sd=  0.81%     31.35 GF/s  setup=0.001 s
mkl1d_dfti               L=1024 B=512   m=1     inner=46     min=     1.624 us/xform  median=     1.626  sd=  0.14%     31.53 GF/s  setup=0.001 s
mkl1d_dfti               L=1024 B=512   m=1     inner=38     min=     1.982 us/xform  median=     2.227  sd=  3.72%     25.83 GF/s  setup=0.002 s
baseline_dft             L=1024 B=1     m=4000  inner=1      min=  1841.887 us/xform  median=  1843.657  sd=  0.06%      0.03 GF/s  setup=0.034 s
baseline_dft             L=1024 B=1     m=4000  inner=1      min=  1839.029 us/xform  median=  1841.085  sd=  0.05%      0.03 GF/s  setup=0.037 s
baseline_dft             L=1024 B=1     m=4000  inner=1      min=  1836.095 us/xform  median=  1837.009  sd=  0.04%      0.03 GF/s  setup=0.038 s
baseline_dft             L=1024 B=1     m=2     inner=1      min=  2425.496 us/xform  median=  2425.496  sd=  0.00%      0.02 GF/s  setup=0.035 s
d1_bluestein             L=1024 B=1     m=4000  inner=1      min=     7.048 us/xform  median=     7.055  sd=  0.05%      7.26 GF/s  setup=0.000 s
d1_bluestein             L=1024 B=1     m=4000  inner=1      min=     7.378 us/xform  median=     7.391  sd=  0.07%      6.94 GF/s  setup=0.000 s
d1_bluestein             L=1024 B=1     m=4000  inner=1      min=     6.167 us/xform  median=     6.171  sd=  0.04%      8.30 GF/s  setup=0.000 s
d1_bluestein             L=1024 B=1     m=2     inner=128    min=     7.117 us/xform  median=     7.117  sd=  0.00%      7.19 GF/s  setup=0.000 s
d1_planner               L=1024 B=1     m=4000  inner=2      min=     3.728 us/xform  median=     3.735  sd=  0.07%     13.73 GF/s  setup=0.000 s
d1_planner               L=1024 B=1     m=4000  inner=2      min=     3.734 us/xform  median=     3.738  sd=  0.05%     13.71 GF/s  setup=0.000 s
d1_planner               L=1024 B=1     m=4000  inner=2      min=     4.437 us/xform  median=     4.448  sd=  0.13%     11.54 GF/s  setup=0.000 s
d1_planner               L=1024 B=1     m=2     inner=190    min=     4.897 us/xform  median=     4.897  sd=  0.00%     10.45 GF/s  setup=0.000 s
d1_pow2                  L=1024 B=1     m=4000  inner=2      min=     2.730 us/xform  median=     2.732  sd=  0.05%     18.75 GF/s  setup=0.000 s
d1_pow2                  L=1024 B=1     m=4000  inner=2      min=     2.726 us/xform  median=     2.728  sd=  0.04%     18.78 GF/s  setup=0.000 s
d1_pow2                  L=1024 B=1     m=4000  inner=2      min=     2.728 us/xform  median=     2.732  sd=  0.07%     18.77 GF/s  setup=0.000 s
d1_pow2                  L=1024 B=1     m=2     inner=318    min=     2.855 us/xform  median=     2.855  sd=  0.00%     17.93 GF/s  setup=0.000 s
d1_race                  L=1024 B=1     m=4000  inner=2      min=     2.775 us/xform  median=     2.777  sd=  0.05%     18.45 GF/s  setup=0.009 s
d1_race                  L=1024 B=1     m=4000  inner=2      min=     2.778 us/xform  median=     2.779  sd=  0.04%     18.43 GF/s  setup=0.011 s
d1_race                  L=1024 B=1     m=4000  inner=2      min=     2.773 us/xform  median=     2.775  sd=  0.05%     18.47 GF/s  setup=0.011 s
d1_race                  L=1024 B=1     m=2     inner=174    min=     2.846 us/xform  median=     2.846  sd=  0.00%     17.99 GF/s  setup=0.005 s
d1_twiddle               L=1024 B=1     m=4000  inner=2      min=     3.299 us/xform  median=     3.302  sd=  0.11%     15.52 GF/s  setup=0.000 s
d1_twiddle               L=1024 B=1     m=4000  inner=2      min=     3.322 us/xform  median=     3.326  sd=  0.09%     15.41 GF/s  setup=0.000 s
d1_twiddle               L=1024 B=1     m=4000  inner=2      min=     3.343 us/xform  median=     3.344  sd=  0.08%     15.32 GF/s  setup=0.000 s
d1_twiddle               L=1024 B=1     m=2     inner=278    min=     3.292 us/xform  median=     3.292  sd=  0.00%     15.55 GF/s  setup=0.000 s
fftw1d_estimate          L=1024 B=1     m=4000  inner=1      min=     4.475 us/xform  median=     5.090  sd=  4.77%     11.44 GF/s  setup=0.001 s
fftw1d_estimate          L=1024 B=1     m=4000  inner=1      min=     5.082 us/xform  median=     5.087  sd=  0.05%     10.07 GF/s  setup=0.001 s
fftw1d_estimate          L=1024 B=1     m=4000  inner=2      min=     4.433 us/xform  median=     4.434  sd=  0.03%     11.55 GF/s  setup=0.001 s
fftw1d_estimate          L=1024 B=1     m=2     inner=132    min=     5.259 us/xform  median=     5.259  sd=  0.00%      9.74 GF/s  setup=0.001 s
fftw1d_measure           L=1024 B=1     m=4000  inner=2      min=     4.239 us/xform  median=     4.240  sd=  0.02%     12.08 GF/s  setup=0.115 s
fftw1d_measure           L=1024 B=1     m=4000  inner=2      min=     4.242 us/xform  median=     4.244  sd=  0.03%     12.07 GF/s  setup=0.114 s
fftw1d_measure           L=1024 B=1     m=4000  inner=2      min=     4.849 us/xform  median=     4.850  sd=  0.02%     10.56 GF/s  setup=0.117 s
fftw1d_measure           L=1024 B=1     m=2     inner=190    min=     5.008 us/xform  median=     5.008  sd=  0.00%     10.22 GF/s  setup=0.118 s
fftw1d_patient           L=1024 B=1     m=4000  inner=2      min=     4.852 us/xform  median=     4.852  sd=  0.01%     10.55 GF/s  setup=0.812 s
fftw1d_patient           L=1024 B=1     m=4000  inner=2      min=     4.239 us/xform  median=     4.240  sd=  0.02%     12.08 GF/s  setup=0.795 s
fftw1d_patient           L=1024 B=1     m=4000  inner=2      min=     4.257 us/xform  median=     4.258  sd=  0.01%     12.03 GF/s  setup=0.793 s
fftw1d_patient           L=1024 B=1     m=2     inner=218    min=     4.404 us/xform  median=     4.404  sd=  0.00%     11.63 GF/s  setup=0.791 s
mkl1d_dfti               L=1024 B=1     m=4000  inner=2      min=     4.176 us/xform  median=     4.177  sd=  0.01%     12.26 GF/s  setup=0.002 s
mkl1d_dfti               L=1024 B=1     m=4000  inner=2      min=     4.745 us/xform  median=     4.745  sd=  0.01%     10.79 GF/s  setup=0.002 s
mkl1d_dfti               L=1024 B=1     m=4000  inner=2      min=     4.165 us/xform  median=     4.165  sd=  0.01%     12.29 GF/s  setup=0.002 s
mkl1d_dfti               L=1024 B=1     m=2     inner=111    min=     4.526 us/xform  median=     4.526  sd=  0.00%     11.31 GF/s  setup=0.002 s
   skipping baseline_dft at L=1024 B=512 (too expensive to be informative)
d1_bluestein             L=1024 B=512   m=2000  inner=1      min=     6.710 us/xform  median=     6.712  sd=  0.02%      7.63 GF/s  setup=0.000 s
d1_bluestein             L=1024 B=512   m=2000  inner=1      min=     6.589 us/xform  median=     6.592  sd=  0.02%      7.77 GF/s  setup=0.000 s
d1_bluestein             L=1024 B=512   m=2000  inner=1      min=     6.601 us/xform  median=     6.603  sd=  0.02%      7.76 GF/s  setup=0.000 s
d1_bluestein             L=1024 B=512   m=2     inner=1      min=     7.966 us/xform  median=     7.966  sd=  0.00%      6.43 GF/s  setup=0.000 s
d1_planner               L=1024 B=512   m=2000  inner=1      min=     3.780 us/xform  median=     3.781  sd=  0.01%     13.54 GF/s  setup=0.000 s
d1_planner               L=1024 B=512   m=2000  inner=1      min=     3.753 us/xform  median=     3.754  sd=  0.00%     13.64 GF/s  setup=0.000 s
d1_planner               L=1024 B=512   m=2000  inner=1      min=     3.745 us/xform  median=     3.746  sd=  0.01%     13.67 GF/s  setup=0.000 s
d1_planner               L=1024 B=512   m=2     inner=1      min=     4.252 us/xform  median=     4.252  sd=  0.00%     12.04 GF/s  setup=0.000 s
d1_pow2                  L=1024 B=512   m=2000  inner=1      min=     2.769 us/xform  median=     2.769  sd=  0.00%     18.49 GF/s  setup=0.000 s
d1_pow2                  L=1024 B=512   m=2000  inner=1      min=     2.747 us/xform  median=     2.748  sd=  0.00%     18.64 GF/s  setup=0.000 s
d1_pow2                  L=1024 B=512   m=2000  inner=1      min=     2.758 us/xform  median=     2.758  sd=  0.01%     18.57 GF/s  setup=0.000 s
d1_pow2                  L=1024 B=512   m=2     inner=1      min=     4.193 us/xform  median=     4.193  sd=  0.00%     12.21 GF/s  setup=0.000 s
d1_race                  L=1024 B=512   m=2000  inner=1      min=     2.760 us/xform  median=     2.760  sd=  0.00%     18.55 GF/s  setup=0.010 s
d1_race                  L=1024 B=512   m=2000  inner=1      min=     2.753 us/xform  median=     2.753  sd=  0.00%     18.60 GF/s  setup=0.004 s
d1_race                  L=1024 B=512   m=2000  inner=1      min=     2.747 us/xform  median=     2.747  sd=  0.00%     18.64 GF/s  setup=0.006 s
d1_race                  L=1024 B=512   m=2     inner=1      min=     4.259 us/xform  median=     4.259  sd=  0.00%     12.02 GF/s  setup=0.004 s
d1_twiddle               L=1024 B=512   m=2000  inner=1      min=     3.010 us/xform  median=     3.011  sd=  0.03%     17.01 GF/s  setup=0.000 s
d1_twiddle               L=1024 B=512   m=2000  inner=1      min=     3.009 us/xform  median=     3.009  sd=  0.01%     17.02 GF/s  setup=0.000 s
d1_twiddle               L=1024 B=512   m=2000  inner=1      min=     3.012 us/xform  median=     3.013  sd=  0.01%     17.00 GF/s  setup=0.000 s
d1_twiddle               L=1024 B=512   m=2     inner=1      min=     3.652 us/xform  median=     3.652  sd=  0.00%     14.02 GF/s  setup=0.000 s
fftw1d_estimate          L=1024 B=512   m=2000  inner=1      min=     5.672 us/xform  median=     5.674  sd=  0.02%      9.03 GF/s  setup=0.001 s
fftw1d_estimate          L=1024 B=512   m=2000  inner=1      min=     5.695 us/xform  median=     5.698  sd=  0.03%      8.99 GF/s  setup=0.001 s
fftw1d_estimate          L=1024 B=512   m=2000  inner=1      min=     5.662 us/xform  median=     5.666  sd=  0.05%      9.04 GF/s  setup=0.001 s
fftw1d_estimate          L=1024 B=512   m=2     inner=1      min=     7.444 us/xform  median=     7.444  sd=  0.00%      6.88 GF/s  setup=0.001 s
fftw1d_measure           L=1024 B=512   m=2000  inner=1      min=     5.059 us/xform  median=     5.060  sd=  0.03%     10.12 GF/s  setup=0.115 s
fftw1d_measure           L=1024 B=512   m=2000  inner=1      min=     5.161 us/xform  median=     5.162  sd=  0.03%      9.92 GF/s  setup=0.115 s
fftw1d_measure           L=1024 B=512   m=2000  inner=1      min=     5.069 us/xform  median=     5.071  sd=  0.02%     10.10 GF/s  setup=0.115 s
fftw1d_measure           L=1024 B=512   m=2     inner=1      min=     6.869 us/xform  median=     6.869  sd=  0.00%      7.45 GF/s  setup=0.115 s
fftw1d_patient           L=1024 B=512   m=2000  inner=1      min=     5.228 us/xform  median=     5.230  sd=  0.03%      9.79 GF/s  setup=11.756 s
fftw1d_patient           L=1024 B=512   m=2000  inner=1      min=     5.065 us/xform  median=     5.067  sd=  0.03%     10.11 GF/s  setup=11.496 s
fftw1d_patient           L=1024 B=512   m=2000  inner=1      min=     5.226 us/xform  median=     5.229  sd=  0.03%      9.80 GF/s  setup=11.841 s
fftw1d_patient           L=1024 B=512   m=2     inner=1      min=     6.687 us/xform  median=     6.687  sd=  0.00%      7.66 GF/s  setup=12.017 s
mkl1d_dfti               L=1024 B=512   m=2000  inner=1      min=     4.932 us/xform  median=     4.934  sd=  0.03%     10.38 GF/s  setup=0.030 s
mkl1d_dfti               L=1024 B=512   m=2000  inner=1      min=     4.938 us/xform  median=     4.941  sd=  0.03%     10.37 GF/s  setup=0.002 s
mkl1d_dfti               L=1024 B=512   m=2000  inner=1      min=     4.939 us/xform  median=     4.941  sd=  0.02%     10.37 GF/s  setup=0.002 s
mkl1d_dfti               L=1024 B=512   m=2     inner=1      min=     6.650 us/xform  median=     6.650  sd=  0.00%      7.70 GF/s  setup=0.002 s
   skipping baseline_dft at L=4096 B=1 (too expensive to be informative)
d1_bluestein             L=4096 B=1     m=1     inner=1898   min=    21.007 us/xform  median=    21.012  sd=  0.03%     11.70 GF/s  setup=0.001 s
d1_bluestein             L=4096 B=1     m=1     inner=1502   min=    18.501 us/xform  median=    18.507  sd=  0.03%     13.28 GF/s  setup=0.001 s
d1_bluestein             L=4096 B=1     m=1     inner=2144   min=    18.367 us/xform  median=    18.377  sd=  0.04%     13.38 GF/s  setup=0.001 s
d1_planner               L=4096 B=1     m=1     inner=1972   min=    15.985 us/xform  median=    15.989  sd=  0.02%     15.37 GF/s  setup=0.001 s
d1_planner               L=4096 B=1     m=1     inner=1436   min=    14.900 us/xform  median=    14.906  sd=  0.03%     16.49 GF/s  setup=0.001 s
d1_planner               L=4096 B=1     m=1     inner=1976   min=    16.369 us/xform  median=    16.379  sd=  0.03%     15.01 GF/s  setup=0.001 s
d1_pow2                  L=4096 B=1     m=1     inner=3078   min=    10.414 us/xform  median=    10.419  sd=  0.03%     23.60 GF/s  setup=0.001 s
d1_pow2                  L=4096 B=1     m=1     inner=3000   min=     9.121 us/xform  median=     9.125  sd=  0.03%     26.95 GF/s  setup=0.001 s
d1_pow2                  L=4096 B=1     m=1     inner=2902   min=     9.135 us/xform  median=     9.143  sd=  0.04%     26.90 GF/s  setup=0.001 s
d1_race                  L=4096 B=1     m=1     inner=4222   min=     9.366 us/xform  median=     9.370  sd=  0.02%     26.24 GF/s  setup=0.728 s
d1_race                  L=4096 B=1     m=1     inner=2776   min=     9.543 us/xform  median=     9.546  sd=  0.02%     25.75 GF/s  setup=0.006 s
d1_race                  L=4096 B=1     m=1     inner=2888   min=     9.593 us/xform  median=     9.596  sd=  0.03%     25.62 GF/s  setup=0.006 s
d1_twiddle               L=4096 B=1     m=1     inner=1920   min=    10.443 us/xform  median=    10.463  sd=  0.12%     23.53 GF/s  setup=0.000 s
d1_twiddle               L=4096 B=1     m=1     inner=2920   min=     9.234 us/xform  median=     9.305  sd=  0.30%     26.62 GF/s  setup=0.000 s
d1_twiddle               L=4096 B=1     m=1     inner=4178   min=     9.356 us/xform  median=     9.373  sd=  0.14%     26.27 GF/s  setup=0.000 s
fftw1d_estimate          L=4096 B=1     m=1     inner=1180   min=    15.805 us/xform  median=    15.810  sd=  2.04%     15.55 GF/s  setup=0.001 s
fftw1d_estimate          L=4096 B=1     m=1     inner=1770   min=    17.824 us/xform  median=    17.831  sd=  0.02%     13.79 GF/s  setup=0.001 s
fftw1d_estimate          L=4096 B=1     m=1     inner=1690   min=    15.678 us/xform  median=    15.681  sd=  0.02%     15.68 GF/s  setup=0.001 s
fftw1d_measure           L=4096 B=1     m=1     inner=5468   min=     7.307 us/xform  median=     7.310  sd=  0.21%     33.63 GF/s  setup=0.221 s
fftw1d_measure           L=4096 B=1     m=1     inner=5352   min=     7.445 us/xform  median=     7.449  sd=  0.03%     33.01 GF/s  setup=0.220 s
fftw1d_measure           L=4096 B=1     m=1     inner=5364   min=     7.427 us/xform  median=     7.429  sd=  0.03%     33.09 GF/s  setup=0.220 s
fftw1d_patient           L=4096 B=1     m=1     inner=5710   min=     6.804 us/xform  median=     6.806  sd=  0.06%     36.12 GF/s  setup=1.939 s
fftw1d_patient           L=4096 B=1     m=1     inner=5802   min=     6.827 us/xform  median=     6.830  sd=  0.02%     36.00 GF/s  setup=1.931 s
fftw1d_patient           L=4096 B=1     m=1     inner=5844   min=     6.752 us/xform  median=     6.755  sd=  0.03%     36.40 GF/s  setup=1.984 s
mkl1d_dfti               L=4096 B=1     m=1     inner=6200   min=     6.000 us/xform  median=     6.001  sd=  0.63%     40.96 GF/s  setup=0.001 s
mkl1d_dfti               L=4096 B=1     m=1     inner=4734   min=     6.837 us/xform  median=     6.838  sd=  0.02%     35.95 GF/s  setup=0.002 s
mkl1d_dfti               L=4096 B=1     m=1     inner=4508   min=     6.041 us/xform  median=     6.043  sd=  0.02%     40.68 GF/s  setup=0.002 s
   skipping baseline_dft at L=4096 B=256 (too expensive to be informative)
d1_bluestein             L=4096 B=256   m=1     inner=4      min=    26.918 us/xform  median=    30.646  sd=  5.09%      9.13 GF/s  setup=0.001 s
d1_bluestein             L=4096 B=256   m=1     inner=4      min=    30.396 us/xform  median=    30.475  sd=  0.18%      8.09 GF/s  setup=0.001 s
d1_bluestein             L=4096 B=256   m=1     inner=4      min=    30.813 us/xform  median=    30.930  sd=  0.21%      7.98 GF/s  setup=0.001 s
d1_planner               L=4096 B=256   m=1     inner=8      min=    18.388 us/xform  median=    18.436  sd=  0.23%     13.37 GF/s  setup=0.001 s
d1_planner               L=4096 B=256   m=1     inner=8      min=    18.333 us/xform  median=    18.369  sd=  0.19%     13.41 GF/s  setup=0.001 s
d1_planner               L=4096 B=256   m=1     inner=6      min=    20.753 us/xform  median=    24.534  sd=  6.46%     11.84 GF/s  setup=0.001 s
d1_pow2                  L=4096 B=256   m=1     inner=10     min=    13.497 us/xform  median=    13.511  sd=  0.15%     18.21 GF/s  setup=0.001 s
d1_pow2                  L=4096 B=256   m=1     inner=10     min=    15.652 us/xform  median=    20.254  sd=  8.60%     15.70 GF/s  setup=0.001 s
d1_pow2                  L=4096 B=256   m=1     inner=6      min=    19.970 us/xform  median=    20.018  sd=  0.21%     12.31 GF/s  setup=0.001 s
d1_race                  L=4096 B=256   m=1     inner=8      min=    18.441 us/xform  median=    18.511  sd=  0.19%     13.33 GF/s  setup=1.610 s
d1_race                  L=4096 B=256   m=1     inner=8      min=    16.718 us/xform  median=    16.746  sd=  0.12%     14.70 GF/s  setup=0.015 s
d1_race                  L=4096 B=256   m=1     inner=8      min=    16.794 us/xform  median=    16.818  sd=  0.08%     14.63 GF/s  setup=0.017 s
d1_twiddle               L=4096 B=256   m=1     inner=8      min=    18.562 us/xform  median=    18.654  sd=  0.36%     13.24 GF/s  setup=0.000 s
d1_twiddle               L=4096 B=256   m=1     inner=8      min=    16.651 us/xform  median=    16.686  sd=  0.14%     14.76 GF/s  setup=0.000 s
d1_twiddle               L=4096 B=256   m=1     inner=8      min=    18.542 us/xform  median=    18.568  sd=  0.13%     13.25 GF/s  setup=0.000 s
fftw1d_estimate          L=4096 B=256   m=1     inner=4      min=    32.054 us/xform  median=    32.148  sd=  0.32%      7.67 GF/s  setup=0.001 s
fftw1d_estimate          L=4096 B=256   m=1     inner=4      min=    32.128 us/xform  median=    32.318  sd=  0.41%      7.65 GF/s  setup=0.001 s
fftw1d_estimate          L=4096 B=256   m=1     inner=4      min=    32.420 us/xform  median=    32.576  sd=  0.43%      7.58 GF/s  setup=0.001 s
fftw1d_measure           L=4096 B=256   m=1     inner=6      min=    25.194 us/xform  median=    25.271  sd=  0.43%      9.75 GF/s  setup=0.234 s
fftw1d_measure           L=4096 B=256   m=1     inner=8      min=    15.306 us/xform  median=    15.365  sd=  0.57%     16.06 GF/s  setup=0.228 s
fftw1d_measure           L=4096 B=256   m=1     inner=10     min=    14.764 us/xform  median=    14.870  sd=  0.52%     16.65 GF/s  setup=0.221 s
fftw1d_patient           L=4096 B=256   m=1     inner=14     min=    10.384 us/xform  median=    10.402  sd=  0.17%     23.67 GF/s  setup=44.821 s
fftw1d_patient           L=4096 B=256   m=1     inner=12     min=    11.055 us/xform  median=    11.095  sd=  0.40%     22.23 GF/s  setup=45.066 s
fftw1d_patient           L=4096 B=256   m=1     inner=12     min=    11.088 us/xform  median=    11.128  sd=  0.31%     22.16 GF/s  setup=44.730 s
mkl1d_dfti               L=4096 B=256   m=1     inner=12     min=    12.366 us/xform  median=    16.257  sd=  8.55%     19.87 GF/s  setup=0.003 s
mkl1d_dfti               L=4096 B=256   m=1     inner=8      min=    13.436 us/xform  median=    13.496  sd=  0.34%     18.29 GF/s  setup=0.003 s
mkl1d_dfti               L=4096 B=256   m=1     inner=10     min=    16.575 us/xform  median=    16.687  sd=  0.34%     14.83 GF/s  setup=0.003 s
   skipping baseline_dft at L=4096 B=1 (too expensive to be informative)
d1_bluestein             L=4096 B=1     m=1000  inner=1      min=    35.160 us/xform  median=    35.169  sd=  0.01%      6.99 GF/s  setup=0.001 s
d1_bluestein             L=4096 B=1     m=1000  inner=1      min=    35.346 us/xform  median=    35.357  sd=  0.03%      6.95 GF/s  setup=0.001 s
d1_bluestein             L=4096 B=1     m=1000  inner=1      min=    30.826 us/xform  median=    30.839  sd=  0.03%      7.97 GF/s  setup=0.001 s
d1_bluestein             L=4096 B=1     m=2     inner=30     min=    31.679 us/xform  median=    31.679  sd=  0.00%      7.76 GF/s  setup=0.001 s
d1_planner               L=4096 B=1     m=1000  inner=1      min=    21.015 us/xform  median=    21.027  sd=  0.03%     11.69 GF/s  setup=0.001 s
d1_planner               L=4096 B=1     m=1000  inner=1      min=    21.276 us/xform  median=    21.291  sd=  0.04%     11.55 GF/s  setup=0.001 s
d1_planner               L=4096 B=1     m=1000  inner=1      min=    23.970 us/xform  median=    23.983  sd=  0.03%     10.25 GF/s  setup=0.001 s
d1_planner               L=4096 B=1     m=2     inner=20     min=    25.523 us/xform  median=    25.523  sd=  0.00%      9.63 GF/s  setup=0.001 s
d1_pow2                  L=4096 B=1     m=1000  inner=2      min=    14.865 us/xform  median=    14.882  sd=  0.06%     16.53 GF/s  setup=0.001 s
d1_pow2                  L=4096 B=1     m=1000  inner=2      min=    14.882 us/xform  median=    14.892  sd=  0.05%     16.51 GF/s  setup=0.001 s
d1_pow2                  L=4096 B=1     m=1000  inner=2      min=    14.880 us/xform  median=    14.889  sd=  0.03%     16.52 GF/s  setup=0.001 s
d1_pow2                  L=4096 B=1     m=2     inner=62     min=    15.704 us/xform  median=    15.704  sd=  0.00%     15.65 GF/s  setup=0.001 s
d1_race                  L=4096 B=1     m=1000  inner=2      min=    14.936 us/xform  median=    14.948  sd=  0.09%     16.45 GF/s  setup=0.024 s
d1_race                  L=4096 B=1     m=1000  inner=2      min=    14.985 us/xform  median=    14.990  sd=  0.03%     16.40 GF/s  setup=0.011 s
d1_race                  L=4096 B=1     m=1000  inner=2      min=    14.890 us/xform  median=    14.901  sd=  0.04%     16.51 GF/s  setup=0.013 s
d1_race                  L=4096 B=1     m=2     inner=50     min=    19.865 us/xform  median=    19.865  sd=  0.00%     12.37 GF/s  setup=0.008 s
d1_twiddle               L=4096 B=1     m=1000  inner=2      min=    16.291 us/xform  median=    16.307  sd=  0.09%     15.09 GF/s  setup=0.000 s
d1_twiddle               L=4096 B=1     m=1000  inner=2      min=    14.265 us/xform  median=    14.307  sd=  0.13%     17.23 GF/s  setup=0.000 s
d1_twiddle               L=4096 B=1     m=1000  inner=2      min=    14.275 us/xform  median=    14.313  sd=  0.13%     17.22 GF/s  setup=0.000 s
d1_twiddle               L=4096 B=1     m=2     inner=58     min=    16.298 us/xform  median=    16.298  sd=  0.00%     15.08 GF/s  setup=0.000 s
fftw1d_estimate          L=4096 B=1     m=1000  inner=1      min=    27.793 us/xform  median=    27.800  sd=  0.01%      8.84 GF/s  setup=0.001 s
fftw1d_estimate          L=4096 B=1     m=1000  inner=1      min=    27.961 us/xform  median=    27.963  sd=  0.01%      8.79 GF/s  setup=0.001 s
fftw1d_estimate          L=4096 B=1     m=1000  inner=1      min=    28.169 us/xform  median=    28.172  sd=  0.01%      8.72 GF/s  setup=0.001 s
fftw1d_estimate          L=4096 B=1     m=2     inner=30     min=    31.328 us/xform  median=    31.328  sd=  0.00%      7.84 GF/s  setup=0.001 s
fftw1d_measure           L=4096 B=1     m=1000  inner=1      min=    22.576 us/xform  median=    22.581  sd=  0.03%     10.89 GF/s  setup=0.233 s
fftw1d_measure           L=4096 B=1     m=1000  inner=2      min=    19.823 us/xform  median=    19.827  sd=  0.01%     12.40 GF/s  setup=0.221 s
fftw1d_measure           L=4096 B=1     m=1000  inner=2      min=    19.971 us/xform  median=    19.975  sd=  0.01%     12.31 GF/s  setup=0.221 s
fftw1d_measure           L=4096 B=1     m=2     inner=42     min=    23.333 us/xform  median=    23.333  sd=  0.00%     10.53 GF/s  setup=0.234 s
fftw1d_patient           L=4096 B=1     m=1000  inner=2      min=    19.105 us/xform  median=    19.108  sd=  0.04%     12.86 GF/s  setup=1.934 s
fftw1d_patient           L=4096 B=1     m=1000  inner=2      min=    19.127 us/xform  median=    19.128  sd=  0.01%     12.85 GF/s  setup=2.000 s
fftw1d_patient           L=4096 B=1     m=1000  inner=2      min=    19.111 us/xform  median=    19.113  sd=  0.01%     12.86 GF/s  setup=1.931 s
fftw1d_patient           L=4096 B=1     m=2     inner=48     min=    20.054 us/xform  median=    20.054  sd=  0.00%     12.26 GF/s  setup=1.977 s
mkl1d_dfti               L=4096 B=1     m=1000  inner=2      min=    18.418 us/xform  median=    18.420  sd=  0.01%     13.34 GF/s  setup=0.001 s
mkl1d_dfti               L=4096 B=1     m=1000  inner=2      min=    18.339 us/xform  median=    18.340  sd=  0.01%     13.40 GF/s  setup=0.002 s
mkl1d_dfti               L=4096 B=1     m=1000  inner=2      min=    18.403 us/xform  median=    18.405  sd=  0.01%     13.35 GF/s  setup=0.001 s
mkl1d_dfti               L=4096 B=1     m=2     inner=36     min=    27.406 us/xform  median=    27.406  sd=  0.00%      8.97 GF/s  setup=0.002 s
   skipping baseline_dft at L=4096 B=256 (too expensive to be informative)
d1_bluestein             L=4096 B=256   m=400   inner=1      min=    36.511 us/xform  median=    36.530  sd=  0.02%      6.73 GF/s  setup=0.001 s
d1_bluestein             L=4096 B=256   m=400   inner=1      min=    36.679 us/xform  median=    36.686  sd=  0.02%      6.70 GF/s  setup=0.001 s
d1_bluestein             L=4096 B=256   m=400   inner=1      min=    36.941 us/xform  median=    36.949  sd=  0.01%      6.65 GF/s  setup=0.001 s
d1_bluestein             L=4096 B=256   m=2     inner=1      min=    40.503 us/xform  median=    40.503  sd=  0.00%      6.07 GF/s  setup=0.001 s
d1_planner               L=4096 B=256   m=400   inner=1      min=    20.905 us/xform  median=    20.906  sd=  0.01%     11.76 GF/s  setup=0.001 s
d1_planner               L=4096 B=256   m=400   inner=1      min=    21.048 us/xform  median=    21.049  sd=  0.01%     11.68 GF/s  setup=0.001 s
d1_planner               L=4096 B=256   m=400   inner=1      min=    20.955 us/xform  median=    20.957  sd=  0.01%     11.73 GF/s  setup=0.001 s
d1_planner               L=4096 B=256   m=2     inner=1      min=    24.052 us/xform  median=    24.052  sd=  0.00%     10.22 GF/s  setup=0.001 s
d1_pow2                  L=4096 B=256   m=400   inner=1      min=    13.076 us/xform  median=    13.079  sd=  0.02%     18.79 GF/s  setup=0.001 s
d1_pow2                  L=4096 B=256   m=400   inner=1      min=    13.078 us/xform  median=    13.081  sd=  0.03%     18.79 GF/s  setup=0.001 s
d1_pow2                  L=4096 B=256   m=400   inner=1      min=    13.048 us/xform  median=    13.053  sd=  0.02%     18.83 GF/s  setup=0.001 s
d1_pow2                  L=4096 B=256   m=2     inner=1      min=    17.835 us/xform  median=    17.835  sd=  0.00%     13.78 GF/s  setup=0.001 s
d1_race                  L=4096 B=256   m=400   inner=1      min=    13.593 us/xform  median=    13.595  sd=  0.01%     18.08 GF/s  setup=0.013 s
d1_race                  L=4096 B=256   m=400   inner=1      min=    13.588 us/xform  median=    13.590  sd=  0.02%     18.09 GF/s  setup=0.014 s
d1_race                  L=4096 B=256   m=400   inner=1      min=    14.230 us/xform  median=    14.235  sd=  0.02%     17.27 GF/s  setup=0.012 s
d1_race                  L=4096 B=256   m=2     inner=1      min=    18.364 us/xform  median=    18.364  sd=  0.00%     13.38 GF/s  setup=0.006 s
d1_twiddle               L=4096 B=256   m=400   inner=1      min=    15.842 us/xform  median=    15.848  sd=  0.02%     15.51 GF/s  setup=0.000 s
d1_twiddle               L=4096 B=256   m=400   inner=1      min=    15.954 us/xform  median=    15.960  sd=  0.02%     15.40 GF/s  setup=0.000 s
d1_twiddle               L=4096 B=256   m=400   inner=1      min=    15.903 us/xform  median=    15.907  sd=  0.02%     15.45 GF/s  setup=0.000 s
d1_twiddle               L=4096 B=256   m=2     inner=1      min=    18.487 us/xform  median=    18.487  sd=  0.00%     13.29 GF/s  setup=0.000 s
fftw1d_estimate          L=4096 B=256   m=400   inner=1      min=    35.997 us/xform  median=    36.016  sd=  0.03%      6.83 GF/s  setup=0.001 s
fftw1d_estimate          L=4096 B=256   m=400   inner=1      min=    35.882 us/xform  median=    35.899  sd=  0.03%      6.85 GF/s  setup=0.001 s
fftw1d_estimate          L=4096 B=256   m=400   inner=1      min=    36.066 us/xform  median=    36.083  sd=  0.02%      6.81 GF/s  setup=0.001 s
fftw1d_estimate          L=4096 B=256   m=2     inner=1      min=    41.020 us/xform  median=    41.020  sd=  0.00%      5.99 GF/s  setup=0.001 s
fftw1d_measure           L=4096 B=256   m=400   inner=1      min=    29.600 us/xform  median=    29.612  sd=  0.03%      8.30 GF/s  setup=0.234 s
fftw1d_measure           L=4096 B=256   m=400   inner=1      min=    29.103 us/xform  median=    29.135  sd=  0.06%      8.44 GF/s  setup=0.220 s
fftw1d_measure           L=4096 B=256   m=400   inner=1      min=    29.098 us/xform  median=    29.122  sd=  0.04%      8.45 GF/s  setup=0.233 s
fftw1d_measure           L=4096 B=256   m=2     inner=1      min=    32.308 us/xform  median=    32.308  sd=  0.00%      7.61 GF/s  setup=0.221 s
fftw1d_patient           L=4096 B=256   m=400   inner=1      min=    24.388 us/xform  median=    24.396  sd=  0.01%     10.08 GF/s  setup=44.295 s
fftw1d_patient           L=4096 B=256   m=400   inner=1      min=    24.195 us/xform  median=    24.209  sd=  0.02%     10.16 GF/s  setup=45.556 s
fftw1d_patient           L=4096 B=256   m=400   inner=1      min=    24.274 us/xform  median=    24.282  sd=  0.02%     10.12 GF/s  setup=44.083 s
fftw1d_patient           L=4096 B=256   m=2     inner=1      min=    28.024 us/xform  median=    28.024  sd=  0.00%      8.77 GF/s  setup=44.439 s
mkl1d_dfti               L=4096 B=256   m=400   inner=1      min=    22.938 us/xform  median=    22.947  sd=  0.02%     10.71 GF/s  setup=0.003 s
mkl1d_dfti               L=4096 B=256   m=400   inner=1      min=    23.026 us/xform  median=    23.034  sd=  0.02%     10.67 GF/s  setup=0.002 s
mkl1d_dfti               L=4096 B=256   m=400   inner=1      min=    23.087 us/xform  median=    23.095  sd=  0.02%     10.64 GF/s  setup=0.002 s
mkl1d_dfti               L=4096 B=256   m=2     inner=1      min=    26.856 us/xform  median=    26.856  sd=  0.00%      9.15 GF/s  setup=0.002 s
   skipping baseline_dft at L=16384 B=1 (too expensive to be informative)
d1_bluestein             L=16384 B=1     m=1     inner=180    min=    76.276 us/xform  median=    76.320  sd=  2.93%     15.04 GF/s  setup=0.003 s
d1_bluestein             L=16384 B=1     m=1     inner=366    min=    87.146 us/xform  median=    92.833  sd=  2.74%     13.16 GF/s  setup=0.003 s
d1_bluestein             L=16384 B=1     m=1     inner=424    min=    93.453 us/xform  median=    93.557  sd=  0.07%     12.27 GF/s  setup=0.003 s
d1_planner               L=16384 B=1     m=1     inner=642    min=    61.470 us/xform  median=    61.499  sd=  0.03%     18.66 GF/s  setup=0.002 s
d1_planner               L=16384 B=1     m=1     inner=454    min=    70.443 us/xform  median=    80.087  sd=  6.09%     16.28 GF/s  setup=0.003 s
d1_planner               L=16384 B=1     m=1     inner=400    min=    81.961 us/xform  median=    82.003  sd=  0.04%     13.99 GF/s  setup=0.003 s
d1_pow2                  L=16384 B=1     m=1     inner=740    min=    55.126 us/xform  median=    55.945  sd=  0.42%     20.80 GF/s  setup=0.003 s
d1_pow2                  L=16384 B=1     m=1     inner=570    min=    45.975 us/xform  median=    46.045  sd=  0.82%     24.95 GF/s  setup=0.004 s
d1_pow2                  L=16384 B=1     m=1     inner=620    min=    53.268 us/xform  median=    56.101  sd=  1.57%     21.53 GF/s  setup=0.004 s
d1_race                  L=16384 B=1     m=1     inner=652    min=    45.068 us/xform  median=    55.075  sd=  9.26%     25.45 GF/s  setup=1.043 s
d1_race                  L=16384 B=1     m=1     inner=860    min=    44.755 us/xform  median=    44.778  sd=  0.04%     25.63 GF/s  setup=0.012 s
d1_race                  L=16384 B=1     m=1     inner=608    min=    46.317 us/xform  median=    46.364  sd=  0.19%     24.76 GF/s  setup=0.013 s
d1_twiddle               L=16384 B=1     m=1     inner=726    min=    51.429 us/xform  median=    51.466  sd=  0.29%     22.30 GF/s  setup=0.001 s
d1_twiddle               L=16384 B=1     m=1     inner=776    min=    51.102 us/xform  median=    51.123  sd=  0.02%     22.44 GF/s  setup=0.001 s
d1_twiddle               L=16384 B=1     m=1     inner=560    min=    51.296 us/xform  median=    51.318  sd=  0.03%     22.36 GF/s  setup=0.001 s
fftw1d_estimate          L=16384 B=1     m=1     inner=532    min=    70.334 us/xform  median=    70.342  sd=  0.87%     16.31 GF/s  setup=0.001 s
fftw1d_estimate          L=16384 B=1     m=1     inner=576    min=    69.326 us/xform  median=    69.338  sd=  0.01%     16.54 GF/s  setup=0.001 s
fftw1d_estimate          L=16384 B=1     m=1     inner=287    min=    69.834 us/xform  median=    69.859  sd=  0.03%     16.42 GF/s  setup=0.001 s
fftw1d_measure           L=16384 B=1     m=1     inner=962    min=    40.792 us/xform  median=    40.810  sd=  0.02%     28.12 GF/s  setup=0.618 s
fftw1d_measure           L=16384 B=1     m=1     inner=994    min=    39.949 us/xform  median=    39.968  sd=  0.04%     28.71 GF/s  setup=0.621 s
fftw1d_measure           L=16384 B=1     m=1     inner=954    min=    40.183 us/xform  median=    40.191  sd=  0.04%     28.54 GF/s  setup=0.610 s
fftw1d_patient           L=16384 B=1     m=1     inner=605    min=    33.056 us/xform  median=    33.066  sd=  0.02%     34.70 GF/s  setup=6.252 s
fftw1d_patient           L=16384 B=1     m=1     inner=1234   min=    32.323 us/xform  median=    32.329  sd=  0.01%     35.48 GF/s  setup=6.267 s
fftw1d_patient           L=16384 B=1     m=1     inner=1238   min=    32.140 us/xform  median=    32.143  sd=  0.08%     35.68 GF/s  setup=6.254 s
mkl1d_dfti               L=16384 B=1     m=1     inner=1024   min=    38.720 us/xform  median=    41.642  sd=  2.96%     29.62 GF/s  setup=0.002 s
mkl1d_dfti               L=16384 B=1     m=1     inner=778    min=    34.516 us/xform  median=    34.527  sd=  0.59%     33.23 GF/s  setup=0.003 s
mkl1d_dfti               L=16384 B=1     m=1     inner=567    min=    35.249 us/xform  median=    35.265  sd=  0.02%     32.54 GF/s  setup=0.001 s
   skipping baseline_dft at L=16384 B=64 (too expensive to be informative)
d1_bluestein             L=16384 B=64    m=1     inner=4      min=   108.511 us/xform  median=   127.263  sd=  6.59%     10.57 GF/s  setup=0.003 s
d1_bluestein             L=16384 B=64    m=1     inner=4      min=   124.894 us/xform  median=   125.081  sd=  0.13%      9.18 GF/s  setup=0.003 s
d1_bluestein             L=16384 B=64    m=1     inner=4      min=   127.788 us/xform  median=   128.221  sd=  0.19%      8.97 GF/s  setup=0.003 s
d1_planner               L=16384 B=64    m=1     inner=6      min=    97.120 us/xform  median=    97.205  sd=  0.14%     11.81 GF/s  setup=0.003 s
d1_planner               L=16384 B=64    m=1     inner=4      min=   107.287 us/xform  median=   107.441  sd=  0.11%     10.69 GF/s  setup=0.003 s
d1_planner               L=16384 B=64    m=1     inner=4      min=   106.959 us/xform  median=   107.147  sd=  0.11%     10.72 GF/s  setup=0.003 s
d1_pow2                  L=16384 B=64    m=1     inner=6      min=    80.171 us/xform  median=    80.500  sd=  0.33%     14.31 GF/s  setup=0.003 s
d1_pow2                  L=16384 B=64    m=1     inner=8      min=    66.527 us/xform  median=    66.660  sd=  0.30%     17.24 GF/s  setup=0.003 s
d1_pow2                  L=16384 B=64    m=1     inner=8      min=    66.420 us/xform  median=    66.558  sd=  0.23%     17.27 GF/s  setup=0.002 s
d1_race                  L=16384 B=64    m=1     inner=8      min=    63.576 us/xform  median=    63.703  sd=  0.09%     18.04 GF/s  setup=1.444 s
d1_race                  L=16384 B=64    m=1     inner=8      min=    63.317 us/xform  median=    63.378  sd=  0.11%     18.11 GF/s  setup=0.010 s
d1_race                  L=16384 B=64    m=1     inner=8      min=    81.047 us/xform  median=    87.796  sd=  2.29%     14.15 GF/s  setup=0.012 s
d1_twiddle               L=16384 B=64    m=1     inner=8      min=    75.248 us/xform  median=    88.239  sd=  6.64%     15.24 GF/s  setup=0.001 s
d1_twiddle               L=16384 B=64    m=1     inner=6      min=    65.597 us/xform  median=    87.916  sd= 10.18%     17.48 GF/s  setup=0.001 s
d1_twiddle               L=16384 B=64    m=1     inner=8      min=    72.733 us/xform  median=    73.728  sd=  0.53%     15.77 GF/s  setup=0.001 s
fftw1d_estimate          L=16384 B=64    m=1     inner=4      min=   108.842 us/xform  median=   132.777  sd=  6.71%     10.54 GF/s  setup=0.001 s
fftw1d_estimate          L=16384 B=64    m=1     inner=6      min=    91.378 us/xform  median=    91.708  sd=  0.39%     12.55 GF/s  setup=0.001 s
fftw1d_estimate          L=16384 B=64    m=1     inner=6      min=    91.683 us/xform  median=    92.163  sd=  0.24%     12.51 GF/s  setup=0.001 s
fftw1d_measure           L=16384 B=64    m=1     inner=8      min=    61.651 us/xform  median=    61.868  sd=  0.31%     18.60 GF/s  setup=0.565 s
fftw1d_measure           L=16384 B=64    m=1     inner=8      min=    61.852 us/xform  median=    62.114  sd=  0.31%     18.54 GF/s  setup=0.570 s
fftw1d_measure           L=16384 B=64    m=1     inner=6      min=    93.109 us/xform  median=    93.488  sd=  0.25%     12.32 GF/s  setup=0.617 s
fftw1d_patient           L=16384 B=64    m=1     inner=12     min=    44.745 us/xform  median=    44.838  sd=  0.13%     25.63 GF/s  setup=67.919 s
fftw1d_patient           L=16384 B=64    m=1     inner=12     min=    47.665 us/xform  median=    47.910  sd=  0.41%     24.06 GF/s  setup=67.619 s
fftw1d_patient           L=16384 B=64    m=1     inner=12     min=    46.204 us/xform  median=    46.332  sd=  0.17%     24.82 GF/s  setup=67.519 s
mkl1d_dfti               L=16384 B=64    m=1     inner=12     min=    48.084 us/xform  median=    48.188  sd=  0.24%     23.85 GF/s  setup=0.003 s
mkl1d_dfti               L=16384 B=64    m=1     inner=10     min=    54.799 us/xform  median=    72.936  sd= 10.65%     20.93 GF/s  setup=0.003 s
mkl1d_dfti               L=16384 B=64    m=1     inner=8      min=    62.651 us/xform  median=    62.791  sd=  0.16%     18.31 GF/s  setup=0.003 s
   skipping baseline_dft at L=16384 B=1 (too expensive to be informative)
d1_bluestein             L=16384 B=1     m=250   inner=1      min=   158.280 us/xform  median=   158.419  sd=  0.05%      7.25 GF/s  setup=0.003 s
d1_bluestein             L=16384 B=1     m=250   inner=1      min=   156.490 us/xform  median=   156.775  sd=  0.12%      7.33 GF/s  setup=0.004 s
d1_bluestein             L=16384 B=1     m=250   inner=1      min=   156.589 us/xform  median=   156.794  sd=  0.06%      7.32 GF/s  setup=0.003 s
d1_bluestein             L=16384 B=1     m=2     inner=4      min=   190.437 us/xform  median=   190.437  sd=  0.00%      6.02 GF/s  setup=0.003 s
d1_planner               L=16384 B=1     m=250   inner=1      min=   103.813 us/xform  median=   104.334  sd=  0.18%     11.05 GF/s  setup=0.003 s
d1_planner               L=16384 B=1     m=250   inner=1      min=   105.188 us/xform  median=   105.283  sd=  0.04%     10.90 GF/s  setup=0.003 s
d1_planner               L=16384 B=1     m=250   inner=1      min=   104.049 us/xform  median=   104.103  sd=  0.03%     11.02 GF/s  setup=0.004 s
d1_planner               L=16384 B=1     m=2     inner=8      min=   112.851 us/xform  median=   112.851  sd=  0.00%     10.16 GF/s  setup=0.003 s
d1_pow2                  L=16384 B=1     m=250   inner=2      min=    82.325 us/xform  median=    88.983  sd=  2.26%     13.93 GF/s  setup=0.003 s
d1_pow2                  L=16384 B=1     m=250   inner=2      min=    69.608 us/xform  median=    69.681  sd=  0.05%     16.48 GF/s  setup=0.004 s
d1_pow2                  L=16384 B=1     m=250   inner=2      min=    86.906 us/xform  median=    87.821  sd=  0.30%     13.20 GF/s  setup=0.004 s
d1_pow2                  L=16384 B=1     m=2     inner=10     min=    89.013 us/xform  median=    89.013  sd=  0.00%     12.88 GF/s  setup=0.003 s
d1_race                  L=16384 B=1     m=250   inner=1      min=    80.113 us/xform  median=    80.139  sd=  0.02%     14.32 GF/s  setup=0.019 s
d1_race                  L=16384 B=1     m=250   inner=1      min=    91.423 us/xform  median=    91.532  sd=  0.06%     12.54 GF/s  setup=0.013 s
d1_race                  L=16384 B=1     m=250   inner=1      min=    94.127 us/xform  median=    94.164  sd=  0.03%     12.18 GF/s  setup=0.013 s
d1_race                  L=16384 B=1     m=2     inner=8      min=    99.521 us/xform  median=    99.521  sd=  0.00%     11.52 GF/s  setup=0.009 s
d1_twiddle               L=16384 B=1     m=250   inner=1      min=    88.556 us/xform  median=   101.530  sd=  4.66%     12.95 GF/s  setup=0.001 s
d1_twiddle               L=16384 B=1     m=250   inner=1      min=   102.355 us/xform  median=   102.513  sd=  0.06%     11.20 GF/s  setup=0.001 s
d1_twiddle               L=16384 B=1     m=250   inner=1      min=    99.493 us/xform  median=    99.568  sd=  0.06%     11.53 GF/s  setup=0.001 s
d1_twiddle               L=16384 B=1     m=2     inner=10     min=    95.131 us/xform  median=    95.131  sd=  0.00%     12.06 GF/s  setup=0.001 s
fftw1d_estimate          L=16384 B=1     m=250   inner=1      min=   135.817 us/xform  median=   135.831  sd=  0.01%      8.44 GF/s  setup=0.001 s
fftw1d_estimate          L=16384 B=1     m=250   inner=1      min=   136.703 us/xform  median=   136.726  sd=  0.02%      8.39 GF/s  setup=0.001 s
fftw1d_estimate          L=16384 B=1     m=250   inner=1      min=   136.090 us/xform  median=   136.124  sd=  0.02%      8.43 GF/s  setup=0.001 s
fftw1d_estimate          L=16384 B=1     m=2     inner=6      min=   140.709 us/xform  median=   140.709  sd=  0.00%      8.15 GF/s  setup=0.001 s
fftw1d_measure           L=16384 B=1     m=250   inner=1      min=    97.707 us/xform  median=    97.735  sd=  0.05%     11.74 GF/s  setup=0.622 s
fftw1d_measure           L=16384 B=1     m=250   inner=1      min=    85.411 us/xform  median=    85.423  sd=  0.01%     13.43 GF/s  setup=0.566 s
fftw1d_measure           L=16384 B=1     m=250   inner=1      min=    86.012 us/xform  median=    86.026  sd=  0.02%     13.33 GF/s  setup=0.568 s
fftw1d_measure           L=16384 B=1     m=2     inner=8      min=   104.049 us/xform  median=   104.049  sd=  0.00%     11.02 GF/s  setup=0.617 s
fftw1d_patient           L=16384 B=1     m=250   inner=1      min=    82.725 us/xform  median=    82.744  sd=  0.01%     13.86 GF/s  setup=6.424 s
fftw1d_patient           L=16384 B=1     m=250   inner=1      min=    82.336 us/xform  median=    82.352  sd=  0.01%     13.93 GF/s  setup=6.253 s
fftw1d_patient           L=16384 B=1     m=250   inner=1      min=    82.471 us/xform  median=    82.490  sd=  0.01%     13.91 GF/s  setup=6.372 s
fftw1d_patient           L=16384 B=1     m=2     inner=10     min=    86.680 us/xform  median=    86.680  sd=  0.00%     13.23 GF/s  setup=6.309 s
mkl1d_dfti               L=16384 B=1     m=250   inner=1      min=    84.660 us/xform  median=    84.689  sd=  0.02%     13.55 GF/s  setup=0.002 s
mkl1d_dfti               L=16384 B=1     m=250   inner=1      min=    84.231 us/xform  median=    84.244  sd=  0.01%     13.62 GF/s  setup=0.002 s
mkl1d_dfti               L=16384 B=1     m=250   inner=1      min=    99.222 us/xform  median=   106.171  sd=  2.61%     11.56 GF/s  setup=0.002 s
mkl1d_dfti               L=16384 B=1     m=2     inner=8      min=   114.604 us/xform  median=   114.604  sd=  0.00%     10.01 GF/s  setup=0.002 s
   skipping baseline_dft at L=16384 B=64 (too expensive to be informative)
d1_bluestein             L=16384 B=64    m=150   inner=1      min=   147.934 us/xform  median=   147.985  sd=  0.03%      7.75 GF/s  setup=0.003 s
d1_bluestein             L=16384 B=64    m=150   inner=1      min=   148.329 us/xform  median=   148.399  sd=  0.03%      7.73 GF/s  setup=0.002 s
d1_bluestein             L=16384 B=64    m=150   inner=1      min=   148.657 us/xform  median=   148.832  sd=  0.08%      7.71 GF/s  setup=0.003 s
d1_bluestein             L=16384 B=64    m=2     inner=1      min=   163.732 us/xform  median=   163.732  sd=  0.00%      7.00 GF/s  setup=0.002 s
d1_planner               L=16384 B=64    m=150   inner=1      min=    91.804 us/xform  median=    91.852  sd=  0.02%     12.49 GF/s  setup=0.003 s
d1_planner               L=16384 B=64    m=150   inner=1      min=    91.493 us/xform  median=    91.550  sd=  0.02%     12.54 GF/s  setup=0.003 s
d1_planner               L=16384 B=64    m=150   inner=1      min=    91.840 us/xform  median=    91.885  sd=  0.02%     12.49 GF/s  setup=0.003 s
d1_planner               L=16384 B=64    m=2     inner=1      min=   104.753 us/xform  median=   104.753  sd=  0.00%     10.95 GF/s  setup=0.002 s
d1_pow2                  L=16384 B=64    m=150   inner=1      min=    68.702 us/xform  median=    68.751  sd=  0.03%     16.69 GF/s  setup=0.003 s
d1_pow2                  L=16384 B=64    m=150   inner=1      min=    69.013 us/xform  median=    69.066  sd=  0.04%     16.62 GF/s  setup=0.003 s
d1_pow2                  L=16384 B=64    m=150   inner=1      min=    68.159 us/xform  median=    68.209  sd=  0.04%     16.83 GF/s  setup=0.002 s
d1_pow2                  L=16384 B=64    m=2     inner=1      min=    96.034 us/xform  median=    96.034  sd=  0.00%     11.94 GF/s  setup=0.003 s
d1_race                  L=16384 B=64    m=150   inner=1      min=    74.603 us/xform  median=    74.658  sd=  0.04%     15.37 GF/s  setup=0.017 s
d1_race                  L=16384 B=64    m=150   inner=1      min=    75.098 us/xform  median=    75.144  sd=  0.03%     15.27 GF/s  setup=0.011 s
d1_race                  L=16384 B=64    m=150   inner=1      min=    74.567 us/xform  median=    74.614  sd=  0.03%     15.38 GF/s  setup=0.009 s
d1_race                  L=16384 B=64    m=2     inner=1      min=    85.588 us/xform  median=    85.588  sd=  0.00%     13.40 GF/s  setup=0.005 s
d1_twiddle               L=16384 B=64    m=150   inner=1      min=    74.255 us/xform  median=    74.309  sd=  0.03%     15.45 GF/s  setup=0.001 s
d1_twiddle               L=16384 B=64    m=150   inner=1      min=    74.487 us/xform  median=    74.544  sd=  0.04%     15.40 GF/s  setup=0.001 s
d1_twiddle               L=16384 B=64    m=150   inner=1      min=    74.516 us/xform  median=    74.564  sd=  0.03%     15.39 GF/s  setup=0.001 s
d1_twiddle               L=16384 B=64    m=2     inner=1      min=    88.853 us/xform  median=    88.853  sd=  0.00%     12.91 GF/s  setup=0.001 s
fftw1d_estimate          L=16384 B=64    m=150   inner=1      min=   146.158 us/xform  median=   146.199  sd=  0.03%      7.85 GF/s  setup=0.001 s
fftw1d_estimate          L=16384 B=64    m=150   inner=1      min=   144.986 us/xform  median=   145.074  sd=  0.03%      7.91 GF/s  setup=0.001 s
fftw1d_estimate          L=16384 B=64    m=150   inner=1      min=   147.371 us/xform  median=   147.431  sd=  0.04%      7.78 GF/s  setup=0.001 s
fftw1d_estimate          L=16384 B=64    m=2     inner=1      min=   160.945 us/xform  median=   160.945  sd=  0.00%      7.13 GF/s  setup=0.001 s
fftw1d_measure           L=16384 B=64    m=150   inner=1      min=   120.694 us/xform  median=   120.759  sd=  0.03%      9.50 GF/s  setup=0.568 s
fftw1d_measure           L=16384 B=64    m=150   inner=1      min=   120.799 us/xform  median=   120.865  sd=  0.03%      9.49 GF/s  setup=0.568 s
fftw1d_measure           L=16384 B=64    m=150   inner=1      min=   121.786 us/xform  median=   121.848  sd=  0.04%      9.42 GF/s  setup=0.618 s
fftw1d_measure           L=16384 B=64    m=2     inner=1      min=   138.038 us/xform  median=   138.038  sd=  0.00%      8.31 GF/s  setup=0.564 s
fftw1d_patient           L=16384 B=64    m=150   inner=1      min=   100.533 us/xform  median=   100.554  sd=  0.02%     11.41 GF/s  setup=67.429 s
fftw1d_patient           L=16384 B=64    m=150   inner=1      min=    99.794 us/xform  median=    99.840  sd=  0.02%     11.49 GF/s  setup=67.155 s
fftw1d_patient           L=16384 B=64    m=150   inner=1      min=    99.265 us/xform  median=    99.301  sd=  0.02%     11.55 GF/s  setup=66.888 s
fftw1d_patient           L=16384 B=64    m=2     inner=1      min=   118.766 us/xform  median=   118.766  sd=  0.00%      9.66 GF/s  setup=67.273 s
mkl1d_dfti               L=16384 B=64    m=150   inner=1      min=   102.026 us/xform  median=   102.061  sd=  0.02%     11.24 GF/s  setup=0.003 s
mkl1d_dfti               L=16384 B=64    m=150   inner=1      min=   103.271 us/xform  median=   103.315  sd=  0.02%     11.11 GF/s  setup=0.002 s
mkl1d_dfti               L=16384 B=64    m=150   inner=1      min=   101.690 us/xform  median=   101.750  sd=  0.02%     11.28 GF/s  setup=0.003 s
mkl1d_dfti               L=16384 B=64    m=2     inner=1      min=   118.039 us/xform  median=   118.039  sd=  0.00%      9.72 GF/s  setup=0.002 s
baseline_dft             L=1021 B=1     m=1     inner=18     min=  2187.002 us/xform  median=  2200.148  sd=  0.22%      0.02 GF/s  setup=0.034 s
baseline_dft             L=1021 B=1     m=1     inner=16     min=  2203.612 us/xform  median=  2208.804  sd=  0.17%      0.02 GF/s  setup=0.040 s
baseline_dft             L=1021 B=1     m=1     inner=16     min=  2201.267 us/xform  median=  2203.735  sd=  0.06%      0.02 GF/s  setup=0.034 s
d1_bluestein             L=1021 B=1     m=1     inner=1621   min=    12.217 us/xform  median=    12.229  sd=  0.35%      4.18 GF/s  setup=0.001 s
d1_bluestein             L=1021 B=1     m=1     inner=2172   min=    13.861 us/xform  median=    13.868  sd=  0.03%      3.68 GF/s  setup=0.001 s
d1_bluestein             L=1021 B=1     m=1     inner=2008   min=    13.044 us/xform  median=    13.058  sd=  0.04%      3.91 GF/s  setup=0.002 s
d1_planner               L=1021 B=1     m=1     inner=1432   min=    13.964 us/xform  median=    13.971  sd=  2.24%      3.65 GF/s  setup=0.000 s
d1_planner               L=1021 B=1     m=1     inner=2834   min=    14.015 us/xform  median=    14.019  sd=  0.03%      3.64 GF/s  setup=0.000 s
d1_planner               L=1021 B=1     m=1     inner=1413   min=    14.143 us/xform  median=    14.154  sd=  0.03%      3.61 GF/s  setup=0.000 s
d1_race                  L=1021 B=1     m=1     inner=5068   min=     7.839 us/xform  median=     7.843  sd=  0.03%      6.51 GF/s  setup=0.431 s
d1_race                  L=1021 B=1     m=1     inner=3962   min=     7.904 us/xform  median=     7.906  sd=  0.02%      6.46 GF/s  setup=0.008 s
d1_race                  L=1021 B=1     m=1     inner=5036   min=     7.814 us/xform  median=     7.818  sd=  0.02%      6.53 GF/s  setup=0.008 s
d1_rader                 L=1021 B=1     m=1     inner=4864   min=     7.788 us/xform  median=     7.791  sd=  0.02%      6.55 GF/s  setup=0.000 s
d1_rader                 L=1021 B=1     m=1     inner=3984   min=     7.824 us/xform  median=     7.826  sd=  0.02%      6.52 GF/s  setup=0.000 s
d1_rader                 L=1021 B=1     m=1     inner=3784   min=     8.076 us/xform  median=     8.080  sd=  0.02%      6.32 GF/s  setup=0.000 s
fftw1d_estimate          L=1021 B=1     m=1     inner=2122   min=    14.953 us/xform  median=    14.964  sd=  0.04%      3.41 GF/s  setup=0.001 s
fftw1d_estimate          L=1021 B=1     m=1     inner=2114   min=    12.775 us/xform  median=    12.789  sd=  0.06%      3.99 GF/s  setup=0.001 s
fftw1d_estimate          L=1021 B=1     m=1     inner=3024   min=    12.857 us/xform  median=    12.873  sd=  0.05%      3.97 GF/s  setup=0.001 s
fftw1d_measure           L=1021 B=1     m=1     inner=2734   min=    14.112 us/xform  median=    14.121  sd=  0.04%      3.62 GF/s  setup=0.294 s
fftw1d_measure           L=1021 B=1     m=1     inner=2886   min=    13.414 us/xform  median=    13.436  sd=  0.09%      3.80 GF/s  setup=0.296 s
fftw1d_measure           L=1021 B=1     m=1     inner=2850   min=    14.214 us/xform  median=    14.221  sd=  0.04%      3.59 GF/s  setup=0.296 s
fftw1d_patient           L=1021 B=1     m=1     inner=3094   min=    12.390 us/xform  median=    12.395  sd=  0.04%      4.12 GF/s  setup=2.990 s
fftw1d_patient           L=1021 B=1     m=1     inner=1708   min=    11.946 us/xform  median=    11.953  sd=  0.04%      4.27 GF/s  setup=2.997 s
fftw1d_patient           L=1021 B=1     m=1     inner=1700   min=    11.940 us/xform  median=    11.956  sd=  0.06%      4.27 GF/s  setup=2.985 s
mkl1d_dfti               L=1021 B=1     m=1     inner=2694   min=     9.416 us/xform  median=     9.419  sd=  0.16%      5.42 GF/s  setup=0.045 s
mkl1d_dfti               L=1021 B=1     m=1     inner=4156   min=     9.413 us/xform  median=     9.415  sd=  0.02%      5.42 GF/s  setup=0.037 s
mkl1d_dfti               L=1021 B=1     m=1     inner=4172   min=     9.450 us/xform  median=     9.452  sd=  0.01%      5.40 GF/s  setup=0.036 s
   skipping baseline_dft at L=1021 B=256 (too expensive to be informative)
d1_bluestein             L=1021 B=256   m=1     inner=10     min=    14.417 us/xform  median=    15.072  sd=  1.84%      3.54 GF/s  setup=0.001 s
d1_bluestein             L=1021 B=256   m=1     inner=10     min=    15.100 us/xform  median=    15.104  sd=  0.03%      3.38 GF/s  setup=0.002 s
d1_bluestein             L=1021 B=256   m=1     inner=10     min=    15.254 us/xform  median=    15.261  sd=  0.02%      3.35 GF/s  setup=0.002 s
d1_planner               L=1021 B=256   m=1     inner=10     min=    14.737 us/xform  median=    14.741  sd=  0.02%      3.46 GF/s  setup=0.000 s
d1_planner               L=1021 B=256   m=1     inner=8      min=    14.784 us/xform  median=    14.788  sd=  0.04%      3.45 GF/s  setup=0.001 s
d1_planner               L=1021 B=256   m=1     inner=10     min=    14.662 us/xform  median=    14.669  sd=  0.02%      3.48 GF/s  setup=0.000 s
d1_race                  L=1021 B=256   m=1     inner=20     min=     7.691 us/xform  median=     7.696  sd=  0.03%      6.63 GF/s  setup=1.526 s
d1_race                  L=1021 B=256   m=1     inner=14     min=     8.961 us/xform  median=    10.264  sd=  5.03%      5.69 GF/s  setup=0.013 s
d1_race                  L=1021 B=256   m=1     inner=12     min=     7.719 us/xform  median=     7.723  sd=  1.26%      6.61 GF/s  setup=0.010 s
d1_rader                 L=1021 B=256   m=1     inner=18     min=     7.604 us/xform  median=     7.606  sd=  0.44%      6.71 GF/s  setup=0.000 s
d1_rader                 L=1021 B=256   m=1     inner=16     min=     8.895 us/xform  median=    10.362  sd=  6.11%      5.74 GF/s  setup=0.000 s
d1_rader                 L=1021 B=256   m=1     inner=14     min=     7.639 us/xform  median=     7.640  sd=  1.49%      6.68 GF/s  setup=0.000 s
fftw1d_estimate          L=1021 B=256   m=1     inner=10     min=    13.029 us/xform  median=    13.042  sd=  0.05%      3.92 GF/s  setup=0.001 s
fftw1d_estimate          L=1021 B=256   m=1     inner=10     min=    13.028 us/xform  median=    13.041  sd=  0.04%      3.92 GF/s  setup=0.001 s
fftw1d_estimate          L=1021 B=256   m=1     inner=10     min=    12.998 us/xform  median=    13.019  sd=  0.07%      3.93 GF/s  setup=0.001 s
fftw1d_measure           L=1021 B=256   m=1     inner=12     min=    12.005 us/xform  median=    12.016  sd=  0.09%      4.25 GF/s  setup=0.286 s
fftw1d_measure           L=1021 B=256   m=1     inner=10     min=    14.165 us/xform  median=    14.182  sd=  0.05%      3.60 GF/s  setup=0.296 s
fftw1d_measure           L=1021 B=256   m=1     inner=12     min=    12.143 us/xform  median=    12.161  sd=  0.07%      4.20 GF/s  setup=0.289 s
fftw1d_patient           L=1021 B=256   m=1     inner=12     min=    12.418 us/xform  median=    12.451  sd=  0.22%      4.11 GF/s  setup=2.953 s
fftw1d_patient           L=1021 B=256   m=1     inner=12     min=    12.096 us/xform  median=    12.104  sd=  0.04%      4.22 GF/s  setup=2.988 s
fftw1d_patient           L=1021 B=256   m=1     inner=12     min=    12.230 us/xform  median=    12.239  sd=  0.04%      4.17 GF/s  setup=2.950 s
mkl1d_dfti               L=1021 B=256   m=1     inner=8      min=    10.022 us/xform  median=    10.643  sd=  2.49%      5.09 GF/s  setup=0.051 s
mkl1d_dfti               L=1021 B=256   m=1     inner=14     min=    10.643 us/xform  median=    10.646  sd=  0.02%      4.79 GF/s  setup=0.037 s
mkl1d_dfti               L=1021 B=256   m=1     inner=14     min=    10.648 us/xform  median=    10.654  sd=  0.03%      4.79 GF/s  setup=0.035 s
baseline_dft             L=1021 B=1     m=2000  inner=1      min=  1826.979 us/xform  median=  1828.261  sd=  0.04%      0.03 GF/s  setup=0.034 s
baseline_dft             L=1021 B=1     m=2000  inner=1      min=  1826.354 us/xform  median=  1827.375  sd=  0.03%      0.03 GF/s  setup=0.038 s
baseline_dft             L=1021 B=1     m=2000  inner=1      min=  1831.499 us/xform  median=  1832.414  sd=  0.03%      0.03 GF/s  setup=0.038 s
baseline_dft             L=1021 B=1     m=2     inner=1      min=  2299.401 us/xform  median=  2299.401  sd=  0.00%      0.02 GF/s  setup=0.036 s
d1_bluestein             L=1021 B=1     m=2000  inner=1      min=    15.750 us/xform  median=    15.763  sd=  0.04%      3.24 GF/s  setup=0.002 s
d1_bluestein             L=1021 B=1     m=2000  inner=1      min=    14.392 us/xform  median=    14.398  sd=  0.03%      3.55 GF/s  setup=0.002 s
d1_bluestein             L=1021 B=1     m=2000  inner=1      min=    14.101 us/xform  median=    14.106  sd=  0.04%      3.62 GF/s  setup=0.001 s
d1_bluestein             L=1021 B=1     m=2     inner=56     min=    16.482 us/xform  median=    16.482  sd=  0.00%      3.10 GF/s  setup=0.002 s
d1_planner               L=1021 B=1     m=2000  inner=1      min=    18.649 us/xform  median=    18.652  sd=  0.01%      2.74 GF/s  setup=0.000 s
d1_planner               L=1021 B=1     m=2000  inner=1      min=    15.798 us/xform  median=    15.801  sd=  0.02%      3.23 GF/s  setup=0.001 s
d1_planner               L=1021 B=1     m=2000  inner=1      min=    15.901 us/xform  median=    15.903  sd=  0.01%      3.21 GF/s  setup=0.000 s
d1_planner               L=1021 B=1     m=2     inner=52     min=    18.917 us/xform  median=    18.917  sd=  0.00%      2.70 GF/s  setup=0.000 s
d1_race                  L=1021 B=1     m=2000  inner=2      min=     9.070 us/xform  median=     9.073  sd=  0.02%      5.63 GF/s  setup=0.018 s
d1_race                  L=1021 B=1     m=2000  inner=2      min=     9.069 us/xform  median=     9.071  sd=  0.02%      5.63 GF/s  setup=0.012 s
d1_race                  L=1021 B=1     m=2000  inner=2      min=     8.892 us/xform  median=     8.893  sd=  0.02%      5.74 GF/s  setup=0.012 s
d1_race                  L=1021 B=1     m=2     inner=41     min=    14.566 us/xform  median=    14.566  sd=  0.00%      3.50 GF/s  setup=0.007 s
d1_rader                 L=1021 B=1     m=2000  inner=2      min=     7.851 us/xform  median=     7.856  sd=  0.04%      6.50 GF/s  setup=0.000 s
d1_rader                 L=1021 B=1     m=2000  inner=2      min=     8.713 us/xform  median=     8.715  sd=  0.02%      5.86 GF/s  setup=0.000 s
d1_rader                 L=1021 B=1     m=2000  inner=2      min=     8.781 us/xform  median=     8.784  sd=  0.03%      5.81 GF/s  setup=0.000 s
d1_rader                 L=1021 B=1     m=2     inner=84     min=    11.479 us/xform  median=    11.479  sd=  0.00%      4.45 GF/s  setup=0.000 s
fftw1d_estimate          L=1021 B=1     m=2000  inner=1      min=    15.899 us/xform  median=    15.906  sd=  0.02%      3.21 GF/s  setup=0.001 s
fftw1d_estimate          L=1021 B=1     m=2000  inner=1      min=    18.124 us/xform  median=    18.140  sd=  0.04%      2.82 GF/s  setup=0.001 s
fftw1d_estimate          L=1021 B=1     m=2000  inner=1      min=    18.392 us/xform  median=    18.405  sd=  0.04%      2.77 GF/s  setup=0.001 s
fftw1d_estimate          L=1021 B=1     m=2     inner=52     min=    18.265 us/xform  median=    18.265  sd=  0.00%      2.79 GF/s  setup=0.001 s
fftw1d_measure           L=1021 B=1     m=2000  inner=1      min=    15.394 us/xform  median=    15.409  sd=  0.04%      3.31 GF/s  setup=0.286 s
fftw1d_measure           L=1021 B=1     m=2000  inner=1      min=    15.111 us/xform  median=    15.118  sd=  0.03%      3.38 GF/s  setup=0.288 s
fftw1d_measure           L=1021 B=1     m=2000  inner=1      min=    15.508 us/xform  median=    15.529  sd=  0.05%      3.29 GF/s  setup=0.285 s
fftw1d_measure           L=1021 B=1     m=2     inner=58     min=    17.080 us/xform  median=    17.080  sd=  0.00%      2.99 GF/s  setup=0.295 s
fftw1d_patient           L=1021 B=1     m=2000  inner=1      min=    14.992 us/xform  median=    15.007  sd=  0.04%      3.40 GF/s  setup=2.948 s
fftw1d_patient           L=1021 B=1     m=2000  inner=1      min=    15.027 us/xform  median=    15.040  sd=  0.04%      3.40 GF/s  setup=2.951 s
fftw1d_patient           L=1021 B=1     m=2000  inner=1      min=    15.133 us/xform  median=    15.147  sd=  0.04%      3.37 GF/s  setup=2.988 s
fftw1d_patient           L=1021 B=1     m=2     inner=62     min=    15.453 us/xform  median=    15.453  sd=  0.00%      3.30 GF/s  setup=2.971 s
mkl1d_dfti               L=1021 B=1     m=2000  inner=1      min=    12.966 us/xform  median=    12.968  sd=  0.02%      3.94 GF/s  setup=0.055 s
mkl1d_dfti               L=1021 B=1     m=2000  inner=1      min=    12.971 us/xform  median=    12.973  sd=  0.01%      3.93 GF/s  setup=0.033 s
mkl1d_dfti               L=1021 B=1     m=2000  inner=1      min=    11.397 us/xform  median=    11.398  sd=  0.01%      4.48 GF/s  setup=0.014 s
mkl1d_dfti               L=1021 B=1     m=2     inner=84     min=    11.850 us/xform  median=    11.850  sd=  0.00%      4.31 GF/s  setup=0.034 s
   skipping baseline_dft at L=1021 B=256 (too expensive to be informative)
d1_bluestein             L=1021 B=256   m=400   inner=1      min=    13.916 us/xform  median=    13.917  sd=  0.01%      3.67 GF/s  setup=0.001 s
d1_bluestein             L=1021 B=256   m=400   inner=1      min=    13.886 us/xform  median=    13.888  sd=  0.01%      3.67 GF/s  setup=0.001 s
d1_bluestein             L=1021 B=256   m=400   inner=1      min=    13.921 us/xform  median=    13.922  sd=  0.00%      3.67 GF/s  setup=0.001 s
d1_bluestein             L=1021 B=256   m=2     inner=1      min=    15.497 us/xform  median=    15.497  sd=  0.00%      3.29 GF/s  setup=0.001 s
d1_planner               L=1021 B=256   m=400   inner=1      min=    15.816 us/xform  median=    15.825  sd=  0.02%      3.23 GF/s  setup=0.000 s
d1_planner               L=1021 B=256   m=400   inner=1      min=    15.769 us/xform  median=    15.775  sd=  0.02%      3.24 GF/s  setup=0.000 s
d1_planner               L=1021 B=256   m=400   inner=1      min=    15.826 us/xform  median=    15.835  sd=  0.03%      3.22 GF/s  setup=0.000 s
d1_planner               L=1021 B=256   m=2     inner=1      min=    17.385 us/xform  median=    17.385  sd=  0.00%      2.94 GF/s  setup=0.000 s
d1_race                  L=1021 B=256   m=400   inner=1      min=     7.737 us/xform  median=     7.738  sd=  0.01%      6.60 GF/s  setup=0.007 s
d1_race                  L=1021 B=256   m=400   inner=1      min=     7.807 us/xform  median=     7.808  sd=  0.01%      6.54 GF/s  setup=0.006 s
d1_race                  L=1021 B=256   m=400   inner=1      min=     7.762 us/xform  median=     7.763  sd=  0.01%      6.57 GF/s  setup=0.004 s
d1_race                  L=1021 B=256   m=2     inner=1      min=    11.370 us/xform  median=    11.370  sd=  0.00%      4.49 GF/s  setup=0.003 s
d1_rader                 L=1021 B=256   m=400   inner=1      min=     7.773 us/xform  median=     7.776  sd=  0.01%      6.56 GF/s  setup=0.000 s
d1_rader                 L=1021 B=256   m=400   inner=1      min=     7.750 us/xform  median=     7.752  sd=  0.01%      6.58 GF/s  setup=0.000 s
d1_rader                 L=1021 B=256   m=400   inner=1      min=     8.014 us/xform  median=     8.015  sd=  0.01%      6.37 GF/s  setup=0.000 s
d1_rader                 L=1021 B=256   m=2     inner=1      min=    11.294 us/xform  median=    11.294  sd=  0.00%      4.52 GF/s  setup=0.000 s
fftw1d_estimate          L=1021 B=256   m=400   inner=1      min=    16.526 us/xform  median=    16.541  sd=  0.06%      3.09 GF/s  setup=0.001 s
fftw1d_estimate          L=1021 B=256   m=400   inner=1      min=    16.528 us/xform  median=    16.550  sd=  0.07%      3.09 GF/s  setup=0.001 s
fftw1d_estimate          L=1021 B=256   m=400   inner=1      min=    16.552 us/xform  median=    16.569  sd=  0.06%      3.08 GF/s  setup=0.001 s
fftw1d_estimate          L=1021 B=256   m=2     inner=1      min=    18.725 us/xform  median=    18.725  sd=  0.00%      2.73 GF/s  setup=0.001 s
fftw1d_measure           L=1021 B=256   m=400   inner=1      min=    15.966 us/xform  median=    15.973  sd=  0.03%      3.20 GF/s  setup=0.285 s
fftw1d_measure           L=1021 B=256   m=400   inner=1      min=    15.389 us/xform  median=    15.392  sd=  0.01%      3.32 GF/s  setup=0.295 s
fftw1d_measure           L=1021 B=256   m=400   inner=1      min=    15.789 us/xform  median=    15.807  sd=  0.07%      3.23 GF/s  setup=0.286 s
fftw1d_measure           L=1021 B=256   m=2     inner=1      min=    16.621 us/xform  median=    16.621  sd=  0.00%      3.07 GF/s  setup=0.287 s
fftw1d_patient           L=1021 B=256   m=400   inner=1      min=    15.623 us/xform  median=    15.625  sd=  0.00%      3.27 GF/s  setup=2.976 s
fftw1d_patient           L=1021 B=256   m=400   inner=1      min=    15.622 us/xform  median=    15.625  sd=  0.01%      3.27 GF/s  setup=2.954 s
fftw1d_patient           L=1021 B=256   m=400   inner=1      min=    15.765 us/xform  median=    15.773  sd=  0.05%      3.24 GF/s  setup=2.990 s
fftw1d_patient           L=1021 B=256   m=2     inner=1      min=    16.843 us/xform  median=    16.843  sd=  0.00%      3.03 GF/s  setup=2.950 s
mkl1d_dfti               L=1021 B=256   m=400   inner=1      min=    12.404 us/xform  median=    12.410  sd=  0.02%      4.11 GF/s  setup=0.050 s
mkl1d_dfti               L=1021 B=256   m=400   inner=1      min=    12.389 us/xform  median=    12.396  sd=  0.02%      4.12 GF/s  setup=0.050 s
mkl1d_dfti               L=1021 B=256   m=400   inner=1      min=    12.381 us/xform  median=    12.386  sd=  0.01%      4.12 GF/s  setup=0.051 s
mkl1d_dfti               L=1021 B=256   m=2     inner=1      min=    13.329 us/xform  median=    13.329  sd=  0.00%      3.83 GF/s  setup=0.053 s
   skipping baseline_dft at L=10007 B=1 (too expensive to be informative)
d1_bluestein             L=10007 B=1     m=1     inner=188    min=   212.123 us/xform  median=   241.929  sd=  5.03%      3.13 GF/s  setup=0.007 s
d1_bluestein             L=10007 B=1     m=1     inner=164    min=   184.316 us/xform  median=   186.014  sd= 10.15%      3.61 GF/s  setup=0.007 s
d1_bluestein             L=10007 B=1     m=1     inner=158    min=   211.680 us/xform  median=   239.473  sd=  5.11%      3.14 GF/s  setup=0.008 s
d1_planner               L=10007 B=1     m=1     inner=180    min=   224.019 us/xform  median=   249.183  sd=  3.80%      2.97 GF/s  setup=0.006 s
d1_planner               L=10007 B=1     m=1     inner=134    min=   192.568 us/xform  median=   192.860  sd=  1.57%      3.45 GF/s  setup=0.007 s
d1_planner               L=10007 B=1     m=1     inner=206    min=   192.734 us/xform  median=   192.817  sd=  0.03%      3.45 GF/s  setup=0.005 s
d1_race                  L=10007 B=1     m=1     inner=214    min=   185.870 us/xform  median=   185.980  sd=  0.04%      3.58 GF/s  setup=2.958 s
d1_race                  L=10007 B=1     m=1     inner=152    min=   213.886 us/xform  median=   238.825  sd=  3.58%      3.11 GF/s  setup=0.023 s
d1_race                  L=10007 B=1     m=1     inner=166    min=   238.162 us/xform  median=   238.322  sd=  0.03%      2.79 GF/s  setup=0.018 s
fftw1d_estimate          L=10007 B=1     m=1     inner=68     min=   584.960 us/xform  median=   588.056  sd=  0.16%      1.14 GF/s  setup=0.002 s
fftw1d_estimate          L=10007 B=1     m=1     inner=56     min=   586.940 us/xform  median=   587.786  sd=  0.08%      1.13 GF/s  setup=0.002 s
fftw1d_estimate          L=10007 B=1     m=1     inner=56     min=   462.514 us/xform  median=   463.259  sd=  0.62%      1.44 GF/s  setup=0.002 s
fftw1d_measure           L=10007 B=1     m=1     inner=120    min=   326.040 us/xform  median=   326.529  sd=  0.05%      2.04 GF/s  setup=1.139 s
fftw1d_measure           L=10007 B=1     m=1     inner=96     min=   333.145 us/xform  median=   409.335  sd=  6.87%      2.00 GF/s  setup=1.269 s
fftw1d_measure           L=10007 B=1     m=1     inner=122    min=   324.064 us/xform  median=   324.412  sd=  0.05%      2.05 GF/s  setup=1.129 s
fftw1d_patient           L=10007 B=1     m=1     inner=196    min=   200.609 us/xform  median=   201.084  sd=  0.15%      3.31 GF/s  setup=19.735 s
fftw1d_patient           L=10007 B=1     m=1     inner=198    min=   198.695 us/xform  median=   199.143  sd=  0.10%      3.35 GF/s  setup=19.759 s
fftw1d_patient           L=10007 B=1     m=1     inner=95     min=   203.573 us/xform  median=   211.787  sd=  1.69%      3.27 GF/s  setup=19.737 s
mkl1d_dfti               L=10007 B=1     m=1     inner=130    min=   303.688 us/xform  median=   355.250  sd=  6.91%      2.19 GF/s  setup=0.004 s
mkl1d_dfti               L=10007 B=1     m=1     inner=94     min=   353.548 us/xform  median=   353.675  sd=  0.02%      1.88 GF/s  setup=0.004 s
mkl1d_dfti               L=10007 B=1     m=1     inner=112    min=   348.130 us/xform  median=   348.350  sd=  0.03%      1.91 GF/s  setup=0.003 s
   skipping baseline_dft at L=10007 B=64 (too expensive to be informative)
d1_bluestein             L=10007 B=64    m=1     inner=2      min=   195.753 us/xform  median=   195.901  sd=  0.11%      3.40 GF/s  setup=0.006 s
d1_bluestein             L=10007 B=64    m=1     inner=2      min=   234.080 us/xform  median=   260.613  sd=  3.29%      2.84 GF/s  setup=0.008 s
d1_bluestein             L=10007 B=64    m=1     inner=2      min=   258.555 us/xform  median=   259.139  sd=  0.18%      2.57 GF/s  setup=0.008 s
d1_planner               L=10007 B=64    m=1     inner=2      min=   255.203 us/xform  median=   265.755  sd=  1.16%      2.61 GF/s  setup=0.006 s
d1_planner               L=10007 B=64    m=1     inner=2      min=   269.899 us/xform  median=   270.362  sd=  0.12%      2.46 GF/s  setup=0.007 s
d1_planner               L=10007 B=64    m=1     inner=2      min=   271.111 us/xform  median=   271.633  sd=  0.13%      2.45 GF/s  setup=0.007 s
d1_race                  L=10007 B=64    m=1     inner=2      min=   263.090 us/xform  median=   263.528  sd=  0.16%      2.53 GF/s  setup=3.162 s
d1_race                  L=10007 B=64    m=1     inner=2      min=   261.341 us/xform  median=   261.853  sd=  0.09%      2.54 GF/s  setup=0.026 s
d1_race                  L=10007 B=64    m=1     inner=2      min=   258.004 us/xform  median=   258.327  sd=  0.08%      2.58 GF/s  setup=0.020 s
fftw1d_estimate          L=10007 B=64    m=1     inner=1      min=   451.719 us/xform  median=   452.321  sd=  0.07%      1.47 GF/s  setup=0.002 s
fftw1d_estimate          L=10007 B=64    m=1     inner=1      min=   360.771 us/xform  median=   361.252  sd=  0.09%      1.84 GF/s  setup=0.002 s
fftw1d_estimate          L=10007 B=64    m=1     inner=1      min=   437.305 us/xform  median=   451.031  sd=  1.05%      1.52 GF/s  setup=0.002 s
fftw1d_measure           L=10007 B=64    m=1     inner=2      min=   218.463 us/xform  median=   219.312  sd=  0.16%      3.04 GF/s  setup=1.184 s
fftw1d_measure           L=10007 B=64    m=1     inner=2      min=   219.322 us/xform  median=   220.057  sd=  1.61%      3.03 GF/s  setup=1.266 s
fftw1d_measure           L=10007 B=64    m=1     inner=2      min=   222.386 us/xform  median=   223.477  sd=  0.40%      2.99 GF/s  setup=1.144 s
fftw1d_patient           L=10007 B=64    m=1     inner=2      min=   209.775 us/xform  median=   211.067  sd=  0.29%      3.17 GF/s  setup=19.865 s
fftw1d_patient           L=10007 B=64    m=1     inner=2      min=   210.618 us/xform  median=   211.954  sd=  0.30%      3.16 GF/s  setup=19.819 s
fftw1d_patient           L=10007 B=64    m=1     inner=2      min=   208.522 us/xform  median=   209.374  sd=  0.49%      3.19 GF/s  setup=19.746 s
mkl1d_dfti               L=10007 B=64    m=1     inner=1      min=   358.507 us/xform  median=   360.142  sd=  0.16%      1.85 GF/s  setup=0.049 s
mkl1d_dfti               L=10007 B=64    m=1     inner=1      min=   360.507 us/xform  median=   360.930  sd=  0.12%      1.84 GF/s  setup=0.037 s
mkl1d_dfti               L=10007 B=64    m=1     inner=1      min=   354.723 us/xform  median=   358.578  sd=  0.32%      1.87 GF/s  setup=0.016 s
   skipping baseline_dft at L=10007 B=1 (too expensive to be informative)
d1_bluestein             L=10007 B=1     m=400   inner=1      min=   201.349 us/xform  median=   268.996  sd= 12.02%      3.30 GF/s  setup=0.006 s
d1_bluestein             L=10007 B=1     m=400   inner=1      min=   200.728 us/xform  median=   200.804  sd=  0.02%      3.31 GF/s  setup=0.005 s
d1_bluestein             L=10007 B=1     m=400   inner=1      min=   199.242 us/xform  median=   199.298  sd=  0.02%      3.34 GF/s  setup=0.005 s
d1_bluestein             L=10007 B=1     m=2     inner=2      min=   281.546 us/xform  median=   281.546  sd=  0.00%      2.36 GF/s  setup=0.007 s
d1_planner               L=10007 B=1     m=400   inner=1      min=   205.959 us/xform  median=   206.035  sd=  4.15%      3.23 GF/s  setup=0.006 s
d1_planner               L=10007 B=1     m=400   inner=1      min=   204.866 us/xform  median=   204.954  sd=  0.02%      3.25 GF/s  setup=0.005 s
d1_planner               L=10007 B=1     m=400   inner=1      min=   206.433 us/xform  median=   206.487  sd=  0.02%      3.22 GF/s  setup=0.005 s
d1_planner               L=10007 B=1     m=2     inner=2      min=   274.590 us/xform  median=   274.590  sd=  0.00%      2.42 GF/s  setup=0.005 s
d1_race                  L=10007 B=1     m=400   inner=1      min=   201.373 us/xform  median=   261.054  sd= 14.65%      3.30 GF/s  setup=0.017 s
d1_race                  L=10007 B=1     m=400   inner=1      min=   202.703 us/xform  median=   202.839  sd=  0.03%      3.28 GF/s  setup=0.011 s
d1_race                  L=10007 B=1     m=400   inner=1      min=   200.969 us/xform  median=   201.040  sd=  0.02%      3.31 GF/s  setup=0.014 s
d1_race                  L=10007 B=1     m=2     inner=4      min=   221.718 us/xform  median=   221.718  sd=  0.00%      3.00 GF/s  setup=0.010 s
fftw1d_estimate          L=10007 B=1     m=400   inner=1      min=   493.188 us/xform  median=   493.518  sd=  3.60%      1.35 GF/s  setup=0.002 s
fftw1d_estimate          L=10007 B=1     m=400   inner=1      min=   496.263 us/xform  median=   496.338  sd=  0.02%      1.34 GF/s  setup=0.002 s
fftw1d_estimate          L=10007 B=1     m=400   inner=1      min=   495.859 us/xform  median=   496.152  sd=  0.03%      1.34 GF/s  setup=0.001 s
fftw1d_estimate          L=10007 B=1     m=2     inner=1      min=   635.802 us/xform  median=   635.802  sd=  0.00%      1.05 GF/s  setup=0.002 s
fftw1d_measure           L=10007 B=1     m=400   inner=1      min=   357.088 us/xform  median=   357.236  sd=  0.03%      1.86 GF/s  setup=1.256 s
fftw1d_measure           L=10007 B=1     m=400   inner=1      min=   366.212 us/xform  median=   367.566  sd=  0.24%      1.82 GF/s  setup=1.143 s
fftw1d_measure           L=10007 B=1     m=400   inner=1      min=   355.005 us/xform  median=   355.341  sd=  0.04%      1.87 GF/s  setup=1.142 s
fftw1d_measure           L=10007 B=1     m=2     inner=2      min=   367.271 us/xform  median=   367.271  sd=  0.00%      1.81 GF/s  setup=1.194 s
fftw1d_patient           L=10007 B=1     m=400   inner=1      min=   230.373 us/xform  median=   230.612  sd=  0.07%      2.89 GF/s  setup=19.853 s
fftw1d_patient           L=10007 B=1     m=400   inner=1      min=   228.419 us/xform  median=   229.230  sd=  0.22%      2.91 GF/s  setup=19.718 s
fftw1d_patient           L=10007 B=1     m=400   inner=1      min=   231.498 us/xform  median=   231.665  sd=  0.04%      2.87 GF/s  setup=19.765 s
fftw1d_patient           L=10007 B=1     m=2     inner=4      min=   237.930 us/xform  median=   237.930  sd=  0.00%      2.79 GF/s  setup=19.753 s
mkl1d_dfti               L=10007 B=1     m=400   inner=1      min=   297.081 us/xform  median=   297.143  sd=  0.01%      2.24 GF/s  setup=0.004 s
mkl1d_dfti               L=10007 B=1     m=400   inner=1      min=   298.074 us/xform  median=   298.128  sd=  0.01%      2.23 GF/s  setup=0.002 s
mkl1d_dfti               L=10007 B=1     m=400   inner=1      min=   297.618 us/xform  median=   297.696  sd=  0.01%      2.23 GF/s  setup=0.002 s
mkl1d_dfti               L=10007 B=1     m=2     inner=2      min=   392.859 us/xform  median=   392.859  sd=  0.00%      1.69 GF/s  setup=0.004 s
   skipping baseline_dft at L=10007 B=64 (too expensive to be informative)
d1_bluestein             L=10007 B=64    m=80    inner=1      min=   208.084 us/xform  median=   208.143  sd=  0.02%      3.20 GF/s  setup=0.007 s
d1_bluestein             L=10007 B=64    m=80    inner=1      min=   208.469 us/xform  median=   208.539  sd=  0.02%      3.19 GF/s  setup=0.007 s
d1_bluestein             L=10007 B=64    m=80    inner=1      min=   208.872 us/xform  median=   208.934  sd=  0.02%      3.18 GF/s  setup=0.005 s
d1_bluestein             L=10007 B=64    m=2     inner=1      min=   220.121 us/xform  median=   220.121  sd=  0.00%      3.02 GF/s  setup=0.006 s
d1_planner               L=10007 B=64    m=80    inner=1      min=   208.413 us/xform  median=   208.426  sd=  0.01%      3.19 GF/s  setup=0.006 s
d1_planner               L=10007 B=64    m=80    inner=1      min=   208.312 us/xform  median=   208.331  sd=  0.01%      3.19 GF/s  setup=0.006 s
d1_planner               L=10007 B=64    m=80    inner=1      min=   205.528 us/xform  median=   205.551  sd=  0.01%      3.24 GF/s  setup=0.007 s
d1_planner               L=10007 B=64    m=2     inner=1      min=   219.270 us/xform  median=   219.270  sd=  0.00%      3.03 GF/s  setup=0.006 s
d1_race                  L=10007 B=64    m=80    inner=1      min=   206.313 us/xform  median=   206.354  sd=  0.02%      3.22 GF/s  setup=0.021 s
d1_race                  L=10007 B=64    m=80    inner=1      min=   207.400 us/xform  median=   207.454  sd=  0.03%      3.21 GF/s  setup=0.013 s
d1_race                  L=10007 B=64    m=80    inner=1      min=   205.706 us/xform  median=   205.793  sd=  0.02%      3.23 GF/s  setup=0.016 s
d1_race                  L=10007 B=64    m=2     inner=1      min=   218.833 us/xform  median=   218.833  sd=  0.00%      3.04 GF/s  setup=0.016 s
fftw1d_estimate          L=10007 B=64    m=80    inner=1      min=   395.011 us/xform  median=   395.069  sd=  0.01%      1.68 GF/s  setup=0.002 s
fftw1d_estimate          L=10007 B=64    m=80    inner=1      min=   391.730 us/xform  median=   391.843  sd=  0.02%      1.70 GF/s  setup=0.002 s
fftw1d_estimate          L=10007 B=64    m=80    inner=1      min=   391.294 us/xform  median=   391.395  sd=  0.02%      1.70 GF/s  setup=0.002 s
fftw1d_estimate          L=10007 B=64    m=2     inner=1      min=   443.437 us/xform  median=   443.437  sd=  0.00%      1.50 GF/s  setup=0.002 s
fftw1d_measure           L=10007 B=64    m=80    inner=1      min=   251.078 us/xform  median=   251.156  sd=  0.03%      2.65 GF/s  setup=1.269 s
fftw1d_measure           L=10007 B=64    m=80    inner=1      min=   247.815 us/xform  median=   247.892  sd=  0.05%      2.68 GF/s  setup=1.273 s
fftw1d_measure           L=10007 B=64    m=80    inner=1      min=   252.507 us/xform  median=   252.710  sd=  0.04%      2.63 GF/s  setup=1.265 s
fftw1d_measure           L=10007 B=64    m=2     inner=1      min=   261.718 us/xform  median=   261.718  sd=  0.00%      2.54 GF/s  setup=1.147 s
fftw1d_patient           L=10007 B=64    m=80    inner=1      min=   239.995 us/xform  median=   240.334  sd=  0.07%      2.77 GF/s  setup=19.789 s
fftw1d_patient           L=10007 B=64    m=80    inner=1      min=   238.886 us/xform  median=   239.124  sd=  0.05%      2.78 GF/s  setup=19.724 s
fftw1d_patient           L=10007 B=64    m=80    inner=1      min=   239.643 us/xform  median=   240.008  sd=  0.10%      2.77 GF/s  setup=19.865 s
fftw1d_patient           L=10007 B=64    m=2     inner=1      min=   253.499 us/xform  median=   253.499  sd=  0.00%      2.62 GF/s  setup=19.731 s
mkl1d_dfti               L=10007 B=64    m=80    inner=1      min=   302.991 us/xform  median=   303.064  sd=  0.02%      2.19 GF/s  setup=0.051 s
mkl1d_dfti               L=10007 B=64    m=80    inner=1      min=   303.573 us/xform  median=   303.609  sd=  0.02%      2.19 GF/s  setup=0.053 s
mkl1d_dfti               L=10007 B=64    m=80    inner=1      min=   304.621 us/xform  median=   304.713  sd=  0.02%      2.18 GF/s  setup=0.049 s
mkl1d_dfti               L=10007 B=64    m=2     inner=1      min=   314.506 us/xform  median=   314.506  sd=  0.00%      2.11 GF/s  setup=0.049 s
   skipping baseline_dft at L=65537 B=1 (too expensive to be informative)
d1_bluestein             L=65537 B=1     m=1     inner=10     min=  3868.252 us/xform  median=  4417.939  sd=  4.24%      1.36 GF/s  setup=0.020 s
d1_bluestein             L=65537 B=1     m=1     inner=8      min=  3941.849 us/xform  median=  3975.017  sd=  0.60%      1.33 GF/s  setup=0.025 s
d1_bluestein             L=65537 B=1     m=1     inner=8      min=  4057.226 us/xform  median=  4083.129  sd=  0.42%      1.29 GF/s  setup=0.025 s
d1_planner               L=65537 B=1     m=1     inner=26     min=  1535.666 us/xform  median=  1584.093  sd=  1.05%      3.41 GF/s  setup=0.026 s
d1_planner               L=65537 B=1     m=1     inner=22     min=  1417.447 us/xform  median=  1427.583  sd=  0.95%      3.70 GF/s  setup=0.029 s
d1_planner               L=65537 B=1     m=1     inner=26     min=  1444.165 us/xform  median=  1455.709  sd=  0.41%      3.63 GF/s  setup=0.029 s
d1_race                  L=65537 B=1     m=1     inner=34     min=  1157.297 us/xform  median=  1157.480  sd=  0.02%      4.53 GF/s  setup=3.851 s
d1_race                  L=65537 B=1     m=1     inner=24     min=  1305.262 us/xform  median=  1307.814  sd=  0.12%      4.02 GF/s  setup=0.018 s
d1_race                  L=65537 B=1     m=1     inner=30     min=  1296.968 us/xform  median=  1298.265  sd=  0.09%      4.04 GF/s  setup=0.015 s
d1_rader                 L=65537 B=1     m=1     inner=34     min=  1159.334 us/xform  median=  1159.794  sd=  0.21%      4.52 GF/s  setup=0.005 s
d1_rader                 L=65537 B=1     m=1     inner=28     min=  1373.404 us/xform  median=  1384.390  sd=  0.24%      3.82 GF/s  setup=0.007 s
d1_rader                 L=65537 B=1     m=1     inner=28     min=  1157.306 us/xform  median=  1157.689  sd=  0.03%      4.53 GF/s  setup=0.007 s
fftw1d_estimate          L=65537 B=1     m=1     inner=20     min=  1986.576 us/xform  median=  2152.335  sd=  2.96%      2.64 GF/s  setup=0.008 s
fftw1d_estimate          L=65537 B=1     m=1     inner=16     min=  1730.296 us/xform  median=  1732.426  sd=  0.62%      3.03 GF/s  setup=0.011 s
fftw1d_estimate          L=65537 B=1     m=1     inner=20     min=  1965.160 us/xform  median=  2144.509  sd=  3.70%      2.67 GF/s  setup=0.010 s
fftw1d_measure           L=65537 B=1     m=1     inner=24     min=  1592.705 us/xform  median=  1593.952  sd=  0.04%      3.29 GF/s  setup=4.399 s
fftw1d_measure           L=65537 B=1     m=1     inner=24     min=  1592.660 us/xform  median=  1594.027  sd=  0.07%      3.29 GF/s  setup=4.439 s
fftw1d_measure           L=65537 B=1     m=1     inner=24     min=  1583.352 us/xform  median=  1584.856  sd=  0.07%      3.31 GF/s  setup=4.393 s
fftw1d_patient           L=65537 B=1     m=1     inner=26     min=  1474.698 us/xform  median=  1476.363  sd=  0.09%      3.56 GF/s  setup=58.303 s
fftw1d_patient           L=65537 B=1     m=1     inner=26     min=  1471.473 us/xform  median=  1472.900  sd=  0.05%      3.56 GF/s  setup=58.340 s
fftw1d_patient           L=65537 B=1     m=1     inner=26     min=  1467.889 us/xform  median=  1469.681  sd=  0.07%      3.57 GF/s  setup=58.293 s
mkl1d_dfti               L=65537 B=1     m=1     inner=10     min=  3294.129 us/xform  median=  3299.079  sd=  0.26%      1.59 GF/s  setup=0.012 s
mkl1d_dfti               L=65537 B=1     m=1     inner=10     min=  3676.381 us/xform  median=  3682.433  sd=  0.46%      1.43 GF/s  setup=0.012 s
mkl1d_dfti               L=65537 B=1     m=1     inner=10     min=  3296.089 us/xform  median=  3298.058  sd=  0.25%      1.59 GF/s  setup=0.013 s
   skipping baseline_dft at L=65537 B=16 (too expensive to be informative)
d1_bluestein             L=65537 B=16    m=1     inner=1      min=  3203.848 us/xform  median=  3245.812  sd=  1.00%      1.64 GF/s  setup=0.018 s
d1_bluestein             L=65537 B=16    m=1     inner=1      min=  3168.862 us/xform  median=  3277.097  sd=  1.39%      1.65 GF/s  setup=0.016 s
d1_bluestein             L=65537 B=16    m=1     inner=1      min=  3130.962 us/xform  median=  3213.453  sd=  1.55%      1.67 GF/s  setup=0.017 s
d1_planner               L=65537 B=16    m=1     inner=1      min=  1767.810 us/xform  median=  1771.211  sd=  0.11%      2.97 GF/s  setup=0.026 s
d1_planner               L=65537 B=16    m=1     inner=1      min=  2065.569 us/xform  median=  2072.037  sd=  1.23%      2.54 GF/s  setup=0.026 s
d1_planner               L=65537 B=16    m=1     inner=1      min=  2248.206 us/xform  median=  2378.494  sd=  2.10%      2.33 GF/s  setup=0.026 s
d1_race                  L=65537 B=16    m=1     inner=1      min=  1502.367 us/xform  median=  1508.157  sd=  0.17%      3.49 GF/s  setup=5.076 s
d1_race                  L=65537 B=16    m=1     inner=1      min=  1707.451 us/xform  median=  1710.012  sd=  0.08%      3.07 GF/s  setup=0.022 s
d1_race                  L=65537 B=16    m=1     inner=1      min=  1857.119 us/xform  median=  1859.000  sd=  0.09%      2.82 GF/s  setup=0.019 s
d1_rader                 L=65537 B=16    m=1     inner=1      min=  1661.728 us/xform  median=  1664.166  sd=  0.10%      3.16 GF/s  setup=0.006 s
d1_rader                 L=65537 B=16    m=1     inner=1      min=  1678.971 us/xform  median=  1682.192  sd=  0.10%      3.12 GF/s  setup=0.006 s
d1_rader                 L=65537 B=16    m=1     inner=1      min=  1677.416 us/xform  median=  1679.818  sd=  0.10%      3.13 GF/s  setup=0.007 s
fftw1d_estimate          L=65537 B=16    m=1     inner=1      min=  2473.183 us/xform  median=  2475.435  sd=  0.08%      2.12 GF/s  setup=0.008 s
fftw1d_estimate          L=65537 B=16    m=1     inner=1      min=  1872.843 us/xform  median=  1876.108  sd=  1.86%      2.80 GF/s  setup=0.009 s
fftw1d_estimate          L=65537 B=16    m=1     inner=1      min=  1872.005 us/xform  median=  1874.903  sd=  0.09%      2.80 GF/s  setup=0.007 s
fftw1d_measure           L=65537 B=16    m=1     inner=1      min=  1667.067 us/xform  median=  1669.090  sd=  0.09%      3.15 GF/s  setup=4.246 s
fftw1d_measure           L=65537 B=16    m=1     inner=1      min=  1662.105 us/xform  median=  1664.240  sd=  0.07%      3.15 GF/s  setup=4.404 s
fftw1d_measure           L=65537 B=16    m=1     inner=1      min=  1678.538 us/xform  median=  1682.649  sd=  0.11%      3.12 GF/s  setup=4.252 s
fftw1d_patient           L=65537 B=16    m=1     inner=1      min=  1543.992 us/xform  median=  1546.098  sd=  0.08%      3.40 GF/s  setup=57.978 s
fftw1d_patient           L=65537 B=16    m=1     inner=1      min=  1556.432 us/xform  median=  1558.243  sd=  0.38%      3.37 GF/s  setup=58.168 s
fftw1d_patient           L=65537 B=16    m=1     inner=1      min=  1554.248 us/xform  median=  1558.047  sd=  0.37%      3.37 GF/s  setup=58.204 s
mkl1d_dfti               L=65537 B=16    m=1     inner=1      min=  4117.737 us/xform  median=  4120.404  sd=  0.15%      1.27 GF/s  setup=0.067 s
mkl1d_dfti               L=65537 B=16    m=1     inner=1      min=  4352.895 us/xform  median=  4360.381  sd=  1.21%      1.20 GF/s  setup=0.067 s
mkl1d_dfti               L=65537 B=16    m=1     inner=1      min=  4034.905 us/xform  median=  4191.985  sd=  1.36%      1.30 GF/s  setup=0.064 s
   skipping baseline_dft at L=65537 B=1 (too expensive to be informative)
d1_bluestein             L=65537 B=1     m=60    inner=1      min=  3016.183 us/xform  median=  3035.176  sd=  4.37%      1.74 GF/s  setup=0.020 s
d1_bluestein             L=65537 B=1     m=60    inner=1      min=  3052.061 us/xform  median=  3070.530  sd=  3.01%      1.72 GF/s  setup=0.023 s
d1_bluestein             L=65537 B=1     m=60    inner=1      min=  3294.492 us/xform  median=  3336.541  sd=  0.57%      1.59 GF/s  setup=0.022 s
d1_bluestein             L=65537 B=1     m=2     inner=1      min=  3920.419 us/xform  median=  3920.419  sd=  0.00%      1.34 GF/s  setup=0.020 s
d1_planner               L=65537 B=1     m=60    inner=1      min=  1476.450 us/xform  median=  1480.517  sd=  0.15%      3.55 GF/s  setup=0.023 s
d1_planner               L=65537 B=1     m=60    inner=1      min=  1483.376 us/xform  median=  1485.929  sd=  0.08%      3.53 GF/s  setup=0.021 s
d1_planner               L=65537 B=1     m=60    inner=1      min=  1512.408 us/xform  median=  1664.544  sd=  3.88%      3.47 GF/s  setup=0.030 s
d1_planner               L=65537 B=1     m=2     inner=1      min=  1742.637 us/xform  median=  1742.637  sd=  0.00%      3.01 GF/s  setup=0.026 s
d1_race                  L=65537 B=1     m=60    inner=1      min=  1065.079 us/xform  median=  1066.691  sd=  0.21%      4.92 GF/s  setup=0.011 s
d1_race                  L=65537 B=1     m=60    inner=1      min=  1047.318 us/xform  median=  1050.552  sd=  0.26%      5.01 GF/s  setup=0.014 s
d1_race                  L=65537 B=1     m=60    inner=1      min=  1192.131 us/xform  median=  1192.547  sd=  0.09%      4.40 GF/s  setup=0.014 s
d1_race                  L=65537 B=1     m=2     inner=1      min=  1323.279 us/xform  median=  1323.279  sd=  0.00%      3.96 GF/s  setup=0.010 s
d1_rader                 L=65537 B=1     m=60    inner=1      min=  1052.970 us/xform  median=  1054.722  sd=  0.26%      4.98 GF/s  setup=0.005 s
d1_rader                 L=65537 B=1     m=60    inner=1      min=  1052.289 us/xform  median=  1055.623  sd=  0.27%      4.98 GF/s  setup=0.007 s
d1_rader                 L=65537 B=1     m=60    inner=1      min=  1051.888 us/xform  median=  1058.499  sd=  0.29%      4.98 GF/s  setup=0.005 s
d1_rader                 L=65537 B=1     m=2     inner=1      min=  1287.557 us/xform  median=  1287.557  sd=  0.00%      4.07 GF/s  setup=0.005 s
fftw1d_estimate          L=65537 B=1     m=60    inner=1      min=  1900.841 us/xform  median=  2399.546  sd= 11.17%      2.76 GF/s  setup=0.010 s
fftw1d_estimate          L=65537 B=1     m=60    inner=1      min=  1892.141 us/xform  median=  1893.136  sd=  0.04%      2.77 GF/s  setup=0.010 s
fftw1d_estimate          L=65537 B=1     m=60    inner=1      min=  1892.731 us/xform  median=  1893.683  sd=  0.03%      2.77 GF/s  setup=0.007 s
fftw1d_estimate          L=65537 B=1     m=2     inner=1      min=  2047.278 us/xform  median=  2047.278  sd=  0.00%      2.56 GF/s  setup=0.007 s
fftw1d_measure           L=65537 B=1     m=60    inner=1      min=  1727.660 us/xform  median=  1728.328  sd=  0.02%      3.03 GF/s  setup=4.240 s
fftw1d_measure           L=65537 B=1     m=60    inner=1      min=  1742.284 us/xform  median=  1743.009  sd=  0.05%      3.01 GF/s  setup=4.416 s
fftw1d_measure           L=65537 B=1     m=60    inner=1      min=  1726.716 us/xform  median=  1727.208  sd=  0.03%      3.04 GF/s  setup=4.217 s
fftw1d_measure           L=65537 B=1     m=2     inner=1      min=  1781.162 us/xform  median=  1781.162  sd=  0.00%      2.94 GF/s  setup=4.295 s
fftw1d_patient           L=65537 B=1     m=60    inner=1      min=  1642.037 us/xform  median=  1643.212  sd=  0.03%      3.19 GF/s  setup=58.235 s
fftw1d_patient           L=65537 B=1     m=60    inner=1      min=  1630.605 us/xform  median=  1631.237  sd=  0.02%      3.22 GF/s  setup=57.799 s
fftw1d_patient           L=65537 B=1     m=60    inner=1      min=  1629.399 us/xform  median=  1630.370  sd=  0.04%      3.22 GF/s  setup=57.866 s
fftw1d_patient           L=65537 B=1     m=2     inner=1      min=  1670.097 us/xform  median=  1670.097  sd=  0.00%      3.14 GF/s  setup=57.792 s
mkl1d_dfti               L=65537 B=1     m=60    inner=1      min=  3463.792 us/xform  median=  3464.843  sd=  0.02%      1.51 GF/s  setup=0.012 s
mkl1d_dfti               L=65537 B=1     m=60    inner=1      min=  3464.001 us/xform  median=  3464.712  sd=  0.03%      1.51 GF/s  setup=0.009 s
mkl1d_dfti               L=65537 B=1     m=60    inner=1      min=  3489.739 us/xform  median=  3491.286  sd=  0.06%      1.50 GF/s  setup=0.013 s
mkl1d_dfti               L=65537 B=1     m=2     inner=1      min=  3913.156 us/xform  median=  3913.156  sd=  0.00%      1.34 GF/s  setup=0.011 s
   skipping baseline_dft at L=65537 B=16 (too expensive to be informative)
d1_bluestein             L=65537 B=16    m=20    inner=1      min=  3413.995 us/xform  median=  3416.882  sd=  0.05%      1.54 GF/s  setup=0.018 s
d1_bluestein             L=65537 B=16    m=20    inner=1      min=  3432.613 us/xform  median=  3440.260  sd=  0.10%      1.53 GF/s  setup=0.020 s
d1_bluestein             L=65537 B=16    m=20    inner=1      min=  3494.611 us/xform  median=  3503.011  sd=  0.14%      1.50 GF/s  setup=0.020 s
d1_bluestein             L=65537 B=16    m=2     inner=1      min=  3640.338 us/xform  median=  3640.338  sd=  0.00%      1.44 GF/s  setup=0.020 s
d1_planner               L=65537 B=16    m=20    inner=1      min=  1531.123 us/xform  median=  1531.586  sd=  0.05%      3.42 GF/s  setup=0.026 s
d1_planner               L=65537 B=16    m=20    inner=1      min=  1482.282 us/xform  median=  1483.586  sd=  0.08%      3.54 GF/s  setup=0.026 s
d1_planner               L=65537 B=16    m=20    inner=1      min=  1548.639 us/xform  median=  1549.233  sd=  0.06%      3.39 GF/s  setup=0.024 s
d1_planner               L=65537 B=16    m=2     inner=1      min=  1751.346 us/xform  median=  1751.346  sd=  0.00%      2.99 GF/s  setup=0.026 s
d1_race                  L=65537 B=16    m=20    inner=1      min=  1095.005 us/xform  median=  1098.081  sd=  0.14%      4.79 GF/s  setup=0.018 s
d1_race                  L=65537 B=16    m=20    inner=1      min=  1120.732 us/xform  median=  1122.276  sd=  0.10%      4.68 GF/s  setup=0.015 s
d1_race                  L=65537 B=16    m=20    inner=1      min=  1121.469 us/xform  median=  1124.468  sd=  0.11%      4.68 GF/s  setup=0.012 s
d1_race                  L=65537 B=16    m=2     inner=1      min=  1680.683 us/xform  median=  1680.683  sd=  0.00%      3.12 GF/s  setup=0.012 s
d1_rader                 L=65537 B=16    m=20    inner=1      min=  1084.919 us/xform  median=  1087.093  sd=  0.15%      4.83 GF/s  setup=0.006 s
d1_rader                 L=65537 B=16    m=20    inner=1      min=  1104.972 us/xform  median=  1107.889  sd=  0.12%      4.74 GF/s  setup=0.006 s
d1_rader                 L=65537 B=16    m=20    inner=1      min=  1094.566 us/xform  median=  1098.129  sd=  0.14%      4.79 GF/s  setup=0.006 s
d1_rader                 L=65537 B=16    m=2     inner=1      min=  1707.747 us/xform  median=  1707.747  sd=  0.00%      3.07 GF/s  setup=0.006 s
fftw1d_estimate          L=65537 B=16    m=20    inner=1      min=  2095.299 us/xform  median=  2097.589  sd=  0.05%      2.50 GF/s  setup=0.008 s
fftw1d_estimate          L=65537 B=16    m=20    inner=1      min=  2104.389 us/xform  median=  2106.033  sd=  0.04%      2.49 GF/s  setup=0.009 s
fftw1d_estimate          L=65537 B=16    m=20    inner=1      min=  2105.565 us/xform  median=  2107.517  sd=  0.05%      2.49 GF/s  setup=0.008 s
fftw1d_estimate          L=65537 B=16    m=2     inner=1      min=  2429.983 us/xform  median=  2429.983  sd=  0.00%      2.16 GF/s  setup=0.008 s
fftw1d_measure           L=65537 B=16    m=20    inner=1      min=  1917.467 us/xform  median=  1919.444  sd=  0.05%      2.73 GF/s  setup=4.391 s
fftw1d_measure           L=65537 B=16    m=20    inner=1      min=  1891.410 us/xform  median=  1892.773  sd=  0.04%      2.77 GF/s  setup=4.294 s
fftw1d_measure           L=65537 B=16    m=20    inner=1      min=  1900.852 us/xform  median=  1902.859  sd=  0.05%      2.76 GF/s  setup=4.271 s
fftw1d_measure           L=65537 B=16    m=2     inner=1      min=  1937.664 us/xform  median=  1937.664  sd=  0.00%      2.71 GF/s  setup=4.266 s
fftw1d_patient           L=65537 B=16    m=20    inner=1      min=  1781.893 us/xform  median=  1783.961  sd=  0.05%      2.94 GF/s  setup=58.201 s
fftw1d_patient           L=65537 B=16    m=20    inner=1      min=  1772.349 us/xform  median=  1773.952  sd=  0.06%      2.96 GF/s  setup=58.285 s
fftw1d_patient           L=65537 B=16    m=20    inner=1      min=  1775.493 us/xform  median=  1776.745  sd=  0.04%      2.95 GF/s  setup=58.177 s
fftw1d_patient           L=65537 B=16    m=2     inner=1      min=  1818.098 us/xform  median=  1818.098  sd=  0.00%      2.88 GF/s  setup=57.928 s
mkl1d_dfti               L=65537 B=16    m=20    inner=1      min=  3608.555 us/xform  median=  3610.156  sd=  0.03%      1.45 GF/s  setup=0.069 s
mkl1d_dfti               L=65537 B=16    m=20    inner=1      min=  3599.411 us/xform  median=  3600.991  sd=  0.03%      1.46 GF/s  setup=0.065 s
mkl1d_dfti               L=65537 B=16    m=20    inner=1      min=  3611.870 us/xform  median=  3617.088  sd=  0.06%      1.45 GF/s  setup=0.063 s
mkl1d_dfti               L=65537 B=16    m=2     inner=1      min=  3651.536 us/xform  median=  3651.536  sd=  0.00%      1.44 GF/s  setup=0.063 s
   skipping baseline_dft at L=100003 B=1 (too expensive to be informative)
d1_bluestein             L=100003 B=1     m=1     inner=10     min=  3613.177 us/xform  median=  4318.061  sd=  6.63%      2.30 GF/s  setup=0.031 s
d1_bluestein             L=100003 B=1     m=1     inner=8      min=  4378.123 us/xform  median=  4381.022  sd=  0.21%      1.90 GF/s  setup=0.033 s
d1_bluestein             L=100003 B=1     m=1     inner=8      min=  4308.195 us/xform  median=  4334.309  sd=  0.43%      1.93 GF/s  setup=0.033 s
d1_planner               L=100003 B=1     m=1     inner=6      min=  3888.741 us/xform  median=  3903.141  sd=  2.39%      2.14 GF/s  setup=0.060 s
d1_planner               L=100003 B=1     m=1     inner=8      min=  3875.382 us/xform  median=  3877.811  sd=  0.27%      2.14 GF/s  setup=0.058 s
d1_planner               L=100003 B=1     m=1     inner=8      min=  3995.793 us/xform  median=  4000.471  sd=  0.16%      2.08 GF/s  setup=0.062 s
d1_race                  L=100003 B=1     m=1     inner=12     min=  3088.740 us/xform  median=  3090.206  sd=  0.02%      2.69 GF/s  setup=5.180 s
d1_race                  L=100003 B=1     m=1     inner=10     min=  3939.187 us/xform  median=  4470.462  sd=  3.51%      2.11 GF/s  setup=0.049 s
d1_race                  L=100003 B=1     m=1     inner=8      min=  4371.744 us/xform  median=  4373.768  sd=  0.03%      1.90 GF/s  setup=0.042 s
fftw1d_estimate          L=100003 B=1     m=1     inner=6      min=  5888.865 us/xform  median=  6820.937  sd=  4.63%      1.41 GF/s  setup=0.012 s
fftw1d_estimate          L=100003 B=1     m=1     inner=4      min=  7061.758 us/xform  median=  7071.306  sd=  0.21%      1.18 GF/s  setup=0.015 s
fftw1d_estimate          L=100003 B=1     m=1     inner=4      min=  6765.241 us/xform  median=  6768.065  sd=  0.03%      1.23 GF/s  setup=0.015 s
fftw1d_measure           L=100003 B=1     m=1     inner=14     min=  2742.920 us/xform  median=  2747.297  sd=  0.10%      3.03 GF/s  setup=4.714 s
fftw1d_measure           L=100003 B=1     m=1     inner=7      min=  2851.205 us/xform  median=  2860.336  sd=  0.12%      2.91 GF/s  setup=4.671 s
fftw1d_measure           L=100003 B=1     m=1     inner=14     min=  2807.898 us/xform  median=  2810.920  sd=  0.12%      2.96 GF/s  setup=4.648 s
fftw1d_patient           L=100003 B=1     m=1     inner=14     min=  2761.458 us/xform  median=  2765.911  sd=  0.09%      3.01 GF/s  setup=62.839 s
fftw1d_patient           L=100003 B=1     m=1     inner=14     min=  2723.368 us/xform  median=  2730.490  sd=  0.10%      3.05 GF/s  setup=62.643 s
fftw1d_patient           L=100003 B=1     m=1     inner=14     min=  2712.883 us/xform  median=  2720.586  sd=  0.13%      3.06 GF/s  setup=62.629 s
mkl1d_dfti               L=100003 B=1     m=1     inner=10     min=  3897.358 us/xform  median=  3900.462  sd=  0.15%      2.13 GF/s  setup=0.013 s
mkl1d_dfti               L=100003 B=1     m=1     inner=10     min=  3843.135 us/xform  median=  3846.063  sd=  0.15%      2.16 GF/s  setup=0.015 s
mkl1d_dfti               L=100003 B=1     m=1     inner=10     min=  3889.768 us/xform  median=  3892.771  sd=  0.25%      2.14 GF/s  setup=0.012 s
   skipping baseline_dft at L=100003 B=8 (too expensive to be informative)
d1_bluestein             L=100003 B=8     m=1     inner=1      min=  5348.832 us/xform  median=  5363.131  sd=  0.33%      1.55 GF/s  setup=0.027 s
d1_bluestein             L=100003 B=8     m=1     inner=1      min=  3747.511 us/xform  median=  3760.790  sd=  0.35%      2.22 GF/s  setup=0.029 s
d1_bluestein             L=100003 B=8     m=1     inner=1      min=  3718.903 us/xform  median=  3744.622  sd=  0.36%      2.23 GF/s  setup=0.022 s
d1_planner               L=100003 B=8     m=1     inner=1      min=  3943.449 us/xform  median=  3945.443  sd=  0.13%      2.11 GF/s  setup=0.059 s
d1_planner               L=100003 B=8     m=1     inner=1      min=  4117.832 us/xform  median=  4123.568  sd=  0.26%      2.02 GF/s  setup=0.060 s
d1_planner               L=100003 B=8     m=1     inner=1      min=  4025.931 us/xform  median=  4030.231  sd=  0.13%      2.06 GF/s  setup=0.061 s
d1_race                  L=100003 B=8     m=1     inner=1      min=  3600.502 us/xform  median=  3605.782  sd=  0.17%      2.31 GF/s  setup=5.872 s
d1_race                  L=100003 B=8     m=1     inner=1      min=  3938.598 us/xform  median=  3943.152  sd=  0.16%      2.11 GF/s  setup=0.076 s
d1_race                  L=100003 B=8     m=1     inner=1      min=  3655.488 us/xform  median=  3660.678  sd=  0.06%      2.27 GF/s  setup=0.067 s
fftw1d_estimate          L=100003 B=8     m=1     inner=1      min=  7009.871 us/xform  median=  7017.405  sd=  0.14%      1.18 GF/s  setup=0.012 s
fftw1d_estimate          L=100003 B=8     m=1     inner=1      min=  4983.492 us/xform  median=  4990.205  sd=  0.12%      1.67 GF/s  setup=0.013 s
fftw1d_estimate          L=100003 B=8     m=1     inner=1      min=  4966.315 us/xform  median=  4972.388  sd=  0.12%      1.67 GF/s  setup=0.010 s
fftw1d_measure           L=100003 B=8     m=1     inner=1      min=  3051.862 us/xform  median=  3059.627  sd=  0.32%      2.72 GF/s  setup=4.799 s
fftw1d_measure           L=100003 B=8     m=1     inner=1      min=  3091.605 us/xform  median=  3100.621  sd=  0.28%      2.69 GF/s  setup=4.744 s
fftw1d_measure           L=100003 B=8     m=1     inner=1      min=  3166.961 us/xform  median=  3171.694  sd=  0.34%      2.62 GF/s  setup=4.678 s
   skip baseline_dft L=13 B=1 m=1 (already measured)
   skip d1_batchlane L=13 B=1 m=1 (already measured)
   skip d1_bluestein L=13 B=1 m=1 (already measured)
   skip d1_composite L=13 B=1 m=1 (already measured)
   skip d1_planner L=13 B=1 m=1 (already measured)
   skip d1_pow2 L=13 B=1 m=1 (already measured)
   skip d1_prime L=13 B=1 m=1 (already measured)
   skip d1_race L=13 B=1 m=1 (already measured)
   skip d1_rader L=13 B=1 m=1 (already measured)
   skip d1_twiddle L=13 B=1 m=1 (already measured)
   skip fftw1d_custom L=13 B=1 m=1 (already measured)
   skip fftw1d_estimate L=13 B=1 m=1 (already measured)
   skip fftw1d_measure L=13 B=1 m=1 (already measured)
   skip fftw1d_patient L=13 B=1 m=1 (already measured)
   skip mkl1d_dfti L=13 B=1 m=1 (already measured)
   skip baseline_dft L=13 B=1 m=200000 (already measured)
   skip d1_batchlane L=13 B=1 m=200000 (already measured)
   skip d1_bluestein L=13 B=1 m=200000 (already measured)
   skip d1_composite L=13 B=1 m=200000 (already measured)
   skip d1_planner L=13 B=1 m=200000 (already measured)
   skip d1_pow2 L=13 B=1 m=200000 (already measured)
   skip d1_prime L=13 B=1 m=200000 (already measured)
   skip d1_race L=13 B=1 m=200000 (already measured)
   skip d1_rader L=13 B=1 m=200000 (already measured)
   skip d1_twiddle L=13 B=1 m=200000 (already measured)
   skip fftw1d_custom L=13 B=1 m=200000 (already measured)
   skip fftw1d_estimate L=13 B=1 m=200000 (already measured)
   skip fftw1d_measure L=13 B=1 m=200000 (already measured)
   skip fftw1d_patient L=13 B=1 m=200000 (already measured)
   skip mkl1d_dfti L=13 B=1 m=200000 (already measured)
   skip baseline_dft L=31 B=1 m=1 (already measured)
   skip d1_batchlane L=31 B=1 m=1 (already measured)
   skip d1_bluestein L=31 B=1 m=1 (already measured)
   skip d1_composite L=31 B=1 m=1 (already measured)
   skip d1_planner L=31 B=1 m=1 (already measured)
   skip d1_pow2 L=31 B=1 m=1 (already measured)
   skip d1_prime L=31 B=1 m=1 (already measured)
   skip d1_race L=31 B=1 m=1 (already measured)
   skip d1_rader L=31 B=1 m=1 (already measured)
   skip d1_twiddle L=31 B=1 m=1 (already measured)
   skip fftw1d_custom L=31 B=1 m=1 (already measured)
   skip fftw1d_estimate L=31 B=1 m=1 (already measured)
   skip fftw1d_measure L=31 B=1 m=1 (already measured)
   skip fftw1d_patient L=31 B=1 m=1 (already measured)
   skip mkl1d_dfti L=31 B=1 m=1 (already measured)
   skip baseline_dft L=31 B=1 m=100000 (already measured)
   skip d1_batchlane L=31 B=1 m=100000 (already measured)
   skip d1_bluestein L=31 B=1 m=100000 (already measured)
   skip d1_composite L=31 B=1 m=100000 (already measured)
   skip d1_planner L=31 B=1 m=100000 (already measured)
   skip d1_pow2 L=31 B=1 m=100000 (already measured)
   skip d1_prime L=31 B=1 m=100000 (already measured)
   skip d1_race L=31 B=1 m=100000 (already measured)
   skip d1_rader L=31 B=1 m=100000 (already measured)
   skip d1_twiddle L=31 B=1 m=100000 (already measured)
   skip fftw1d_custom L=31 B=1 m=100000 (already measured)
   skip fftw1d_estimate L=31 B=1 m=100000 (already measured)
   skip fftw1d_measure L=31 B=1 m=100000 (already measured)
   skip fftw1d_patient L=31 B=1 m=100000 (already measured)
   skip mkl1d_dfti L=31 B=1 m=100000 (already measured)
   skip baseline_dft L=32 B=1 m=1 (already measured)
   skip d1_batchlane L=32 B=1 m=1 (already measured)
   skip d1_bluestein L=32 B=1 m=1 (already measured)
   skip d1_composite L=32 B=1 m=1 (already measured)
   skip d1_planner L=32 B=1 m=1 (already measured)
   skip d1_pow2 L=32 B=1 m=1 (already measured)
   skip d1_prime L=32 B=1 m=1 (already measured)
   skip d1_race L=32 B=1 m=1 (already measured)
   skip d1_rader L=32 B=1 m=1 (already measured)
   skip d1_twiddle L=32 B=1 m=1 (already measured)
   skip fftw1d_custom L=32 B=1 m=1 (already measured)
   skip fftw1d_estimate L=32 B=1 m=1 (already measured)
   skip fftw1d_measure L=32 B=1 m=1 (already measured)
   skip fftw1d_patient L=32 B=1 m=1 (already measured)
   skip mkl1d_dfti L=32 B=1 m=1 (already measured)
   skip baseline_dft L=32 B=1 m=100000 (already measured)
   skip d1_batchlane L=32 B=1 m=100000 (already measured)
   skip d1_bluestein L=32 B=1 m=100000 (already measured)
   skip d1_composite L=32 B=1 m=100000 (already measured)
   skip d1_planner L=32 B=1 m=100000 (already measured)
   skip d1_pow2 L=32 B=1 m=100000 (already measured)
   skip d1_prime L=32 B=1 m=100000 (already measured)
   skip d1_race L=32 B=1 m=100000 (already measured)
   skip d1_rader L=32 B=1 m=100000 (already measured)
   skip d1_twiddle L=32 B=1 m=100000 (already measured)
   skip fftw1d_custom L=32 B=1 m=100000 (already measured)
   skip fftw1d_estimate L=32 B=1 m=100000 (already measured)
   skip fftw1d_measure L=32 B=1 m=100000 (already measured)
   skip fftw1d_patient L=32 B=1 m=100000 (already measured)
   skip mkl1d_dfti L=32 B=1 m=100000 (already measured)
   skip baseline_dft L=60 B=1 m=1 (already measured)
   skip d1_batchlane L=60 B=1 m=1 (already measured)
   skip d1_bluestein L=60 B=1 m=1 (already measured)
   skip d1_composite L=60 B=1 m=1 (already measured)
   skip d1_planner L=60 B=1 m=1 (already measured)
   skip d1_pow2 L=60 B=1 m=1 (already measured)
   skip d1_prime L=60 B=1 m=1 (already measured)
   skip d1_race L=60 B=1 m=1 (already measured)
   skip d1_rader L=60 B=1 m=1 (already measured)
   skip d1_twiddle L=60 B=1 m=1 (already measured)
   skip fftw1d_custom L=60 B=1 m=1 (already measured)
   skip fftw1d_estimate L=60 B=1 m=1 (already measured)
   skip fftw1d_measure L=60 B=1 m=1 (already measured)
   skip fftw1d_patient L=60 B=1 m=1 (already measured)
   skip mkl1d_dfti L=60 B=1 m=1 (already measured)
   skip baseline_dft L=60 B=1 m=60000 (already measured)
   skip d1_batchlane L=60 B=1 m=60000 (already measured)
   skip d1_bluestein L=60 B=1 m=60000 (already measured)
   skip d1_composite L=60 B=1 m=60000 (already measured)
   skip d1_planner L=60 B=1 m=60000 (already measured)
   skip d1_pow2 L=60 B=1 m=60000 (already measured)
   skip d1_prime L=60 B=1 m=60000 (already measured)
   skip d1_race L=60 B=1 m=60000 (already measured)
   skip d1_rader L=60 B=1 m=60000 (already measured)
   skip d1_twiddle L=60 B=1 m=60000 (already measured)
   skip fftw1d_custom L=60 B=1 m=60000 (already measured)
   skip fftw1d_estimate L=60 B=1 m=60000 (already measured)
   skip fftw1d_measure L=60 B=1 m=60000 (already measured)
   skip fftw1d_patient L=60 B=1 m=60000 (already measured)
   skip mkl1d_dfti L=60 B=1 m=60000 (already measured)
   skip baseline_dft L=64 B=1 m=1 (already measured)
   skip d1_batchlane L=64 B=1 m=1 (already measured)
   skip d1_bluestein L=64 B=1 m=1 (already measured)
   skip d1_composite L=64 B=1 m=1 (already measured)
   skip d1_planner L=64 B=1 m=1 (already measured)
   skip d1_pow2 L=64 B=1 m=1 (already measured)
   skip d1_prime L=64 B=1 m=1 (already measured)
   skip d1_race L=64 B=1 m=1 (already measured)
   skip d1_rader L=64 B=1 m=1 (already measured)
   skip d1_twiddle L=64 B=1 m=1 (already measured)
   skip fftw1d_custom L=64 B=1 m=1 (already measured)
   skip fftw1d_estimate L=64 B=1 m=1 (already measured)
   skip fftw1d_measure L=64 B=1 m=1 (already measured)
   skip fftw1d_patient L=64 B=1 m=1 (already measured)
   skip mkl1d_dfti L=64 B=1 m=1 (already measured)
   skip baseline_dft L=64 B=1 m=60000 (already measured)
   skip d1_batchlane L=64 B=1 m=60000 (already measured)
   skip d1_bluestein L=64 B=1 m=60000 (already measured)
   skip d1_composite L=64 B=1 m=60000 (already measured)
   skip d1_planner L=64 B=1 m=60000 (already measured)
   skip d1_pow2 L=64 B=1 m=60000 (already measured)
   skip d1_prime L=64 B=1 m=60000 (already measured)
   skip d1_race L=64 B=1 m=60000 (already measured)
   skip d1_rader L=64 B=1 m=60000 (already measured)
   skip d1_twiddle L=64 B=1 m=60000 (already measured)
   skip fftw1d_custom L=64 B=1 m=60000 (already measured)
   skip fftw1d_estimate L=64 B=1 m=60000 (already measured)
   skip fftw1d_measure L=64 B=1 m=60000 (already measured)
   skip fftw1d_patient L=64 B=1 m=60000 (already measured)
   skip mkl1d_dfti L=64 B=1 m=60000 (already measured)
   skip baseline_dft L=128 B=1 m=1 (already measured)
   skip d1_batchlane L=128 B=1 m=1 (already measured)
   skip d1_bluestein L=128 B=1 m=1 (already measured)
   skip d1_composite L=128 B=1 m=1 (already measured)
   skip d1_planner L=128 B=1 m=1 (already measured)
   skip d1_pow2 L=128 B=1 m=1 (already measured)
   skip d1_prime L=128 B=1 m=1 (already measured)
   skip d1_race L=128 B=1 m=1 (already measured)
   skip d1_rader L=128 B=1 m=1 (already measured)
   skip d1_twiddle L=128 B=1 m=1 (already measured)
   skip fftw1d_custom L=128 B=1 m=1 (already measured)
   skip fftw1d_estimate L=128 B=1 m=1 (already measured)
   skip fftw1d_measure L=128 B=1 m=1 (already measured)
   skip fftw1d_patient L=128 B=1 m=1 (already measured)
   skip mkl1d_dfti L=128 B=1 m=1 (already measured)
   skip baseline_dft L=128 B=1 m=30000 (already measured)
   skip d1_batchlane L=128 B=1 m=30000 (already measured)
   skip d1_bluestein L=128 B=1 m=30000 (already measured)
   skip d1_composite L=128 B=1 m=30000 (already measured)
   skip d1_planner L=128 B=1 m=30000 (already measured)
   skip d1_pow2 L=128 B=1 m=30000 (already measured)
   skip d1_prime L=128 B=1 m=30000 (already measured)
   skip d1_race L=128 B=1 m=30000 (already measured)
   skip d1_rader L=128 B=1 m=30000 (already measured)
   skip d1_twiddle L=128 B=1 m=30000 (already measured)
   skip fftw1d_custom L=128 B=1 m=30000 (already measured)
   skip fftw1d_estimate L=128 B=1 m=30000 (already measured)
   skip fftw1d_measure L=128 B=1 m=30000 (already measured)
   skip fftw1d_patient L=128 B=1 m=30000 (already measured)
   skip mkl1d_dfti L=128 B=1 m=30000 (already measured)
   skipping baseline_dft at L=100003 B=8 (too expensive to be informative)
   skip d1_batchlane L=100003 B=8 m=1 (already measured)
   skip d1_bluestein L=100003 B=8 m=1 (already measured)
   skip d1_composite L=100003 B=8 m=1 (already measured)
   skip d1_planner L=100003 B=8 m=1 (already measured)
   skip d1_pow2 L=100003 B=8 m=1 (already measured)
   skip d1_prime L=100003 B=8 m=1 (already measured)
   skip d1_race L=100003 B=8 m=1 (already measured)
   skip d1_rader L=100003 B=8 m=1 (already measured)
   skip d1_twiddle L=100003 B=8 m=1 (already measured)
   skip fftw1d_custom L=100003 B=8 m=1 (already measured)
   skip fftw1d_custom_soa L=100003 B=8 m=1 (already measured)
   skip fftw1d_estimate L=100003 B=8 m=1 (already measured)
   skip fftw1d_measure L=100003 B=8 m=1 (already measured)
fftw1d_patient           L=100003 B=8     m=1     inner=1      min=  3035.952 us/xform  median=  3064.882  sd=  0.65%      2.74 GF/s  setup=63.139 s
fftw1d_patient           L=100003 B=8     m=1     inner=1      min=  3081.902 us/xform  median=  3111.676  sd=  0.59%      2.69 GF/s  setup=62.872 s
fftw1d_patient           L=100003 B=8     m=1     inner=1      min=  2974.886 us/xform  median=  2977.799  sd=  0.19%      2.79 GF/s  setup=62.669 s
mkl1d_dfti               L=100003 B=8     m=1     inner=1      min=  4144.263 us/xform  median=  4212.637  sd=  0.79%      2.00 GF/s  setup=0.070 s
mkl1d_dfti               L=100003 B=8     m=1     inner=1      min=  4679.367 us/xform  median=  4683.098  sd=  0.20%      1.77 GF/s  setup=0.026 s
mkl1d_dfti               L=100003 B=8     m=1     inner=1      min=  4679.326 us/xform  median=  4697.594  sd=  1.77%      1.77 GF/s  setup=0.051 s
   skipping baseline_dft at L=100003 B=1 (too expensive to be informative)
d1_bluestein             L=100003 B=1     m=40    inner=1      min=  3124.653 us/xform  median=  4131.204  sd= 14.71%      2.66 GF/s  setup=0.027 s
d1_bluestein             L=100003 B=1     m=40    inner=1      min=  3132.582 us/xform  median=  3156.228  sd= 17.03%      2.65 GF/s  setup=0.029 s
d1_bluestein             L=100003 B=1     m=40    inner=1      min=  3108.882 us/xform  median=  3121.963  sd= 13.78%      2.67 GF/s  setup=0.030 s
d1_bluestein             L=100003 B=1     m=2     inner=1      min=  3783.025 us/xform  median=  3783.025  sd=  0.00%      2.20 GF/s  setup=0.027 s
d1_planner               L=100003 B=1     m=40    inner=1      min=  3858.677 us/xform  median=  3862.779  sd=  0.05%      2.15 GF/s  setup=0.058 s
d1_planner               L=100003 B=1     m=40    inner=1      min=  3867.470 us/xform  median=  3872.786  sd=  0.07%      2.15 GF/s  setup=0.059 s
d1_planner               L=100003 B=1     m=40    inner=1      min=  3811.363 us/xform  median=  3815.716  sd=  3.19%      2.18 GF/s  setup=0.062 s
d1_planner               L=100003 B=1     m=2     inner=1      min=  6808.208 us/xform  median=  6808.208  sd=  0.00%      1.22 GF/s  setup=0.062 s
d1_race                  L=100003 B=1     m=40    inner=1      min=  3068.178 us/xform  median=  3086.258  sd= 11.04%      2.71 GF/s  setup=0.033 s
d1_race                  L=100003 B=1     m=40    inner=1      min=  3111.306 us/xform  median=  3135.095  sd= 16.12%      2.67 GF/s  setup=0.037 s
d1_race                  L=100003 B=1     m=40    inner=1      min=  3082.646 us/xform  median=  3104.933  sd= 13.63%      2.69 GF/s  setup=0.036 s
d1_race                  L=100003 B=1     m=2     inner=1      min=  4067.672 us/xform  median=  4067.672  sd=  0.00%      2.04 GF/s  setup=0.033 s
fftw1d_estimate          L=100003 B=1     m=40    inner=1      min=  5230.308 us/xform  median=  5234.730  sd=  6.28%      1.59 GF/s  setup=0.014 s
fftw1d_estimate          L=100003 B=1     m=40    inner=1      min=  5221.748 us/xform  median=  5224.414  sd=  0.04%      1.59 GF/s  setup=0.014 s
fftw1d_estimate          L=100003 B=1     m=40    inner=1      min=  5191.580 us/xform  median=  5194.645  sd=  0.06%      1.60 GF/s  setup=0.014 s
fftw1d_estimate          L=100003 B=1     m=2     inner=1      min=  6796.416 us/xform  median=  6796.416  sd=  0.00%      1.22 GF/s  setup=0.014 s
fftw1d_measure           L=100003 B=1     m=40    inner=1      min=  3267.028 us/xform  median=  3269.660  sd=  0.04%      2.54 GF/s  setup=4.647 s
fftw1d_measure           L=100003 B=1     m=40    inner=1      min=  3229.433 us/xform  median=  3232.199  sd=  0.07%      2.57 GF/s  setup=4.665 s
fftw1d_measure           L=100003 B=1     m=40    inner=1      min=  3286.703 us/xform  median=  3290.104  sd=  0.13%      2.53 GF/s  setup=4.681 s
fftw1d_measure           L=100003 B=1     m=2     inner=1      min=  3387.623 us/xform  median=  3387.623  sd=  0.00%      2.45 GF/s  setup=4.718 s
fftw1d_patient           L=100003 B=1     m=40    inner=1      min=  3125.739 us/xform  median=  3130.500  sd=  0.10%      2.66 GF/s  setup=62.640 s
fftw1d_patient           L=100003 B=1     m=40    inner=1      min=  3174.025 us/xform  median=  3189.404  sd=  0.20%      2.62 GF/s  setup=62.727 s
fftw1d_patient           L=100003 B=1     m=40    inner=1      min=  3239.338 us/xform  median=  3251.621  sd=  0.19%      2.56 GF/s  setup=62.900 s
fftw1d_patient           L=100003 B=1     m=2     inner=1      min=  3434.608 us/xform  median=  3434.608  sd=  0.00%      2.42 GF/s  setup=63.024 s
mkl1d_dfti               L=100003 B=1     m=40    inner=1      min=  3647.391 us/xform  median=  3653.447  sd=  0.11%      2.28 GF/s  setup=0.014 s
mkl1d_dfti               L=100003 B=1     m=40    inner=1      min=  3650.845 us/xform  median=  3653.288  sd=  0.09%      2.27 GF/s  setup=0.011 s
mkl1d_dfti               L=100003 B=1     m=40    inner=1      min=  3664.867 us/xform  median=  3666.207  sd=  9.77%      2.27 GF/s  setup=0.015 s
mkl1d_dfti               L=100003 B=1     m=2     inner=1      min=  4337.935 us/xform  median=  4337.935  sd=  0.00%      1.91 GF/s  setup=0.013 s
   skipping baseline_dft at L=100003 B=8 (too expensive to be informative)
d1_bluestein             L=100003 B=8     m=15    inner=1      min=  3681.832 us/xform  median=  3689.696  sd=  0.14%      2.26 GF/s  setup=0.023 s
d1_bluestein             L=100003 B=8     m=15    inner=1      min=  3673.662 us/xform  median=  3686.340  sd=  0.18%      2.26 GF/s  setup=0.028 s
d1_bluestein             L=100003 B=8     m=15    inner=1      min=  3635.164 us/xform  median=  3652.398  sd=  0.24%      2.28 GF/s  setup=0.027 s
d1_bluestein             L=100003 B=8     m=2     inner=1      min=  5451.666 us/xform  median=  5451.666  sd=  0.00%      1.52 GF/s  setup=0.030 s
d1_planner               L=100003 B=8     m=15    inner=1      min=  3897.043 us/xform  median=  3900.880  sd=  0.07%      2.13 GF/s  setup=0.059 s
d1_planner               L=100003 B=8     m=15    inner=1      min=  3781.642 us/xform  median=  3786.987  sd=  0.08%      2.20 GF/s  setup=0.060 s
d1_planner               L=100003 B=8     m=15    inner=1      min=  4101.305 us/xform  median=  4108.288  sd=  0.08%      2.02 GF/s  setup=0.061 s
d1_planner               L=100003 B=8     m=2     inner=1      min=  4299.258 us/xform  median=  4299.258  sd=  0.00%      1.93 GF/s  setup=0.059 s
d1_race                  L=100003 B=8     m=15    inner=1      min=  3712.658 us/xform  median=  3716.667  sd=  0.09%      2.24 GF/s  setup=0.069 s
d1_race                  L=100003 B=8     m=15    inner=1      min=  3715.242 us/xform  median=  3718.166  sd=  0.07%      2.24 GF/s  setup=0.053 s
d1_race                  L=100003 B=8     m=15    inner=1      min=  3812.777 us/xform  median=  3815.375  sd=  0.06%      2.18 GF/s  setup=0.070 s
d1_race                  L=100003 B=8     m=2     inner=1      min=  4298.227 us/xform  median=  4298.227  sd=  0.00%      1.93 GF/s  setup=0.066 s
fftw1d_estimate          L=100003 B=8     m=15    inner=1      min=  5475.883 us/xform  median=  5479.549  sd=  0.04%      1.52 GF/s  setup=0.012 s
fftw1d_estimate          L=100003 B=8     m=15    inner=1      min=  5403.370 us/xform  median=  5407.812  sd=  0.05%      1.54 GF/s  setup=0.013 s
fftw1d_estimate          L=100003 B=8     m=15    inner=1      min=  5375.581 us/xform  median=  5381.091  sd=  0.05%      1.54 GF/s  setup=0.013 s
fftw1d_estimate          L=100003 B=8     m=2     inner=1      min=  6796.946 us/xform  median=  6796.946  sd=  0.00%      1.22 GF/s  setup=0.012 s
fftw1d_measure           L=100003 B=8     m=15    inner=1      min=  3239.653 us/xform  median=  3242.751  sd=  0.08%      2.56 GF/s  setup=4.701 s
fftw1d_measure           L=100003 B=8     m=15    inner=1      min=  3425.769 us/xform  median=  3430.280  sd=  0.05%      2.42 GF/s  setup=4.798 s
fftw1d_measure           L=100003 B=8     m=15    inner=1      min=  3461.492 us/xform  median=  3464.621  sd=  0.04%      2.40 GF/s  setup=4.828 s
fftw1d_measure           L=100003 B=8     m=2     inner=1      min=  3420.900 us/xform  median=  3420.900  sd=  0.00%      2.43 GF/s  setup=4.662 s
fftw1d_patient           L=100003 B=8     m=15    inner=1      min=  3258.056 us/xform  median=  3267.256  sd=  0.11%      2.55 GF/s  setup=62.630 s
fftw1d_patient           L=100003 B=8     m=15    inner=1      min=  3273.640 us/xform  median=  3282.062  sd=  0.16%      2.54 GF/s  setup=62.759 s
fftw1d_patient           L=100003 B=8     m=15    inner=1      min=  3460.253 us/xform  median=  3466.489  sd=  0.12%      2.40 GF/s  setup=62.952 s
fftw1d_patient           L=100003 B=8     m=2     inner=1      min=  3462.441 us/xform  median=  3462.441  sd=  0.00%      2.40 GF/s  setup=62.871 s
mkl1d_dfti               L=100003 B=8     m=15    inner=1      min=  3866.032 us/xform  median=  3872.114  sd=  0.08%      2.15 GF/s  setup=0.068 s
mkl1d_dfti               L=100003 B=8     m=15    inner=1      min=  3882.831 us/xform  median=  3888.846  sd=  0.09%      2.14 GF/s  setup=0.064 s
mkl1d_dfti               L=100003 B=8     m=15    inner=1      min=  3871.032 us/xform  median=  3875.505  sd=  0.06%      2.15 GF/s  setup=0.061 s
mkl1d_dfti               L=100003 B=8     m=2     inner=1      min=  4152.450 us/xform  median=  4152.450  sd=  0.00%      2.00 GF/s  setup=0.066 s
