   skipping baseline_dft at L=16384 B=64 (too expensive to be informative)
d1_bluestein             L=16384 B=64    m=1     inner=6      min=   107.444 us/xform  median=   119.972  sd=  3.05%     10.67 GF/s  setup=0.003 s
d1_bluestein             L=16384 B=64    m=1     inner=4      min=   120.278 us/xform  median=   120.667  sd=  0.25%      9.54 GF/s  setup=0.004 s
d1_bluestein             L=16384 B=64    m=1     inner=4      min=   119.471 us/xform  median=   119.960  sd=  0.22%      9.60 GF/s  setup=0.004 s
d1_bluestein             L=16384 B=64    m=1     inner=6      min=    86.896 us/xform  median=    87.205  sd=  0.44%     13.20 GF/s  setup=0.004 s
d1_bluestein             L=16384 B=64    m=1     inner=6      min=    86.041 us/xform  median=    86.211  sd=  0.19%     13.33 GF/s  setup=0.003 s
d1_bluestein             L=16384 B=64    m=1     inner=6      min=   117.684 us/xform  median=   120.019  sd=  0.59%      9.75 GF/s  setup=0.004 s
d1_bluestein             L=16384 B=64    m=1     inner=6      min=    86.958 us/xform  median=    87.128  sd=  0.39%     13.19 GF/s  setup=0.004 s
d1_bluestein             L=16384 B=64    m=1     inner=6      min=    85.907 us/xform  median=    86.054  sd=  0.20%     13.35 GF/s  setup=0.003 s
d1_bluestein             L=16384 B=64    m=1     inner=6      min=    86.213 us/xform  median=    86.440  sd=  0.23%     13.30 GF/s  setup=0.003 s
d1_planner               L=16384 B=64    m=1     inner=6      min=    91.557 us/xform  median=    99.784  sd=  2.70%     12.53 GF/s  setup=0.003 s
d1_planner               L=16384 B=64    m=1     inner=4      min=   107.754 us/xform  median=   108.007  sd=  0.16%     10.64 GF/s  setup=0.003 s
d1_planner               L=16384 B=64    m=1     inner=4      min=   105.343 us/xform  median=   105.499  sd=  0.13%     10.89 GF/s  setup=0.003 s
d1_planner               L=16384 B=64    m=1     inner=4      min=   106.145 us/xform  median=   106.312  sd=  0.12%     10.80 GF/s  setup=0.003 s
d1_planner               L=16384 B=64    m=1     inner=6      min=    99.491 us/xform  median=    99.677  sd=  0.18%     11.53 GF/s  setup=0.003 s
d1_planner               L=16384 B=64    m=1     inner=4      min=   107.688 us/xform  median=   107.854  sd=  0.14%     10.65 GF/s  setup=0.003 s
d1_planner               L=16384 B=64    m=1     inner=4      min=   104.024 us/xform  median=   104.175  sd=  0.15%     11.03 GF/s  setup=0.003 s
d1_planner               L=16384 B=64    m=1     inner=4      min=   109.907 us/xform  median=   110.090  sd=  0.11%     10.43 GF/s  setup=0.003 s
d1_planner               L=16384 B=64    m=1     inner=6      min=    89.849 us/xform  median=    89.914  sd=  0.06%     12.76 GF/s  setup=0.003 s
d1_pow2                  L=16384 B=64    m=1     inner=8      min=    72.519 us/xform  median=    72.591  sd=  0.11%     15.81 GF/s  setup=0.003 s
d1_pow2                  L=16384 B=64    m=1     inner=6      min=    64.369 us/xform  median=    64.440  sd=  1.28%     17.82 GF/s  setup=0.003 s
d1_pow2                  L=16384 B=64    m=1     inner=8      min=    72.664 us/xform  median=    72.724  sd=  0.03%     15.78 GF/s  setup=0.003 s
d1_pow2                  L=16384 B=64    m=1     inner=6      min=    63.938 us/xform  median=    64.021  sd=  1.73%     17.94 GF/s  setup=0.003 s
d1_pow2                  L=16384 B=64    m=1     inner=8      min=    70.168 us/xform  median=    70.236  sd=  0.06%     16.34 GF/s  setup=0.003 s
d1_pow2                  L=16384 B=64    m=1     inner=6      min=    75.374 us/xform  median=    75.434  sd=  1.04%     15.22 GF/s  setup=0.003 s
d1_pow2                  L=16384 B=64    m=1     inner=6      min=    65.077 us/xform  median=    65.144  sd=  1.17%     17.62 GF/s  setup=0.003 s
d1_pow2                  L=16384 B=64    m=1     inner=8      min=    72.140 us/xform  median=    74.419  sd=  1.47%     15.90 GF/s  setup=0.004 s
d1_pow2                  L=16384 B=64    m=1     inner=6      min=    56.296 us/xform  median=    76.207  sd= 12.37%     20.37 GF/s  setup=0.003 s
d1_race                  L=16384 B=64    m=1     inner=8      min=    76.861 us/xform  median=    76.905  sd=  0.08%     14.92 GF/s  setup=13.946 s
d1_race                  L=16384 B=64    m=1     inner=8      min=    64.155 us/xform  median=    64.187  sd=  0.19%     17.88 GF/s  setup=0.013 s
d1_race                  L=16384 B=64    m=1     inner=8      min=    73.282 us/xform  median=    73.361  sd=  0.22%     15.65 GF/s  setup=0.011 s
d1_race                  L=16384 B=64    m=1     inner=8      min=    62.818 us/xform  median=    62.840  sd=  0.03%     18.26 GF/s  setup=0.010 s
d1_race                  L=16384 B=64    m=1     inner=8      min=    63.482 us/xform  median=    63.518  sd=  0.04%     18.07 GF/s  setup=0.009 s
d1_race                  L=16384 B=64    m=1     inner=8      min=    61.806 us/xform  median=    61.863  sd=  0.09%     18.56 GF/s  setup=0.010 s
d1_race                  L=16384 B=64    m=1     inner=8      min=    62.463 us/xform  median=    63.404  sd=  0.43%     18.36 GF/s  setup=0.009 s
d1_race                  L=16384 B=64    m=1     inner=8      min=    63.139 us/xform  median=    63.162  sd=  0.03%     18.16 GF/s  setup=0.009 s
d1_race                  L=16384 B=64    m=1     inner=8      min=    62.223 us/xform  median=    62.280  sd=  0.05%     18.43 GF/s  setup=0.010 s
d1_twiddle               L=16384 B=64    m=1     inner=4      min=    80.252 us/xform  median=    89.034  sd=  3.56%     14.29 GF/s  setup=0.001 s
d1_twiddle               L=16384 B=64    m=1     inner=6      min=    76.281 us/xform  median=    76.456  sd=  0.37%     15.03 GF/s  setup=0.001 s
d1_twiddle               L=16384 B=64    m=1     inner=6      min=    84.738 us/xform  median=    84.997  sd=  1.64%     13.53 GF/s  setup=0.001 s
d1_twiddle               L=16384 B=64    m=1     inner=6      min=    76.072 us/xform  median=    76.209  sd=  1.17%     15.08 GF/s  setup=0.001 s
d1_twiddle               L=16384 B=64    m=1     inner=6      min=    75.661 us/xform  median=    75.793  sd=  0.15%     15.16 GF/s  setup=0.001 s
d1_twiddle               L=16384 B=64    m=1     inner=6      min=    86.881 us/xform  median=    86.983  sd=  0.08%     13.20 GF/s  setup=0.001 s
d1_twiddle               L=16384 B=64    m=1     inner=6      min=    76.092 us/xform  median=    77.075  sd=  0.41%     15.07 GF/s  setup=0.001 s
d1_twiddle               L=16384 B=64    m=1     inner=6      min=    75.393 us/xform  median=    75.512  sd=  0.59%     15.21 GF/s  setup=0.001 s
d1_twiddle               L=16384 B=64    m=1     inner=6      min=    75.787 us/xform  median=    75.863  sd=  0.08%     15.13 GF/s  setup=0.001 s
fftw1d_estimate          L=16384 B=64    m=1     inner=4      min=   133.312 us/xform  median=   133.712  sd=  0.28%      8.60 GF/s  setup=0.001 s
fftw1d_estimate          L=16384 B=64    m=1     inner=4      min=   131.836 us/xform  median=   132.120  sd=  0.39%      8.70 GF/s  setup=0.001 s
fftw1d_estimate          L=16384 B=64    m=1     inner=4      min=   127.485 us/xform  median=   128.252  sd=  0.33%      9.00 GF/s  setup=0.001 s
fftw1d_estimate          L=16384 B=64    m=1     inner=4      min=   128.295 us/xform  median=   128.964  sd=  0.26%      8.94 GF/s  setup=0.001 s
fftw1d_estimate          L=16384 B=64    m=1     inner=4      min=   131.358 us/xform  median=   131.704  sd=  0.21%      8.73 GF/s  setup=0.001 s
fftw1d_estimate          L=16384 B=64    m=1     inner=4      min=   135.600 us/xform  median=   136.050  sd=  0.32%      8.46 GF/s  setup=0.001 s
fftw1d_estimate          L=16384 B=64    m=1     inner=4      min=   128.001 us/xform  median=   128.702  sd=  0.57%      8.96 GF/s  setup=0.001 s
fftw1d_estimate          L=16384 B=64    m=1     inner=4      min=   130.129 us/xform  median=   130.504  sd=  0.29%      8.81 GF/s  setup=0.001 s
fftw1d_estimate          L=16384 B=64    m=1     inner=4      min=   127.522 us/xform  median=   128.037  sd=  0.36%      8.99 GF/s  setup=0.001 s
fftw1d_measure           L=16384 B=64    m=1     inner=6      min=    99.738 us/xform  median=   100.002  sd=  0.30%     11.50 GF/s  setup=0.620 s
fftw1d_measure           L=16384 B=64    m=1     inner=6      min=    96.989 us/xform  median=    97.570  sd=  0.32%     11.82 GF/s  setup=0.616 s
fftw1d_measure           L=16384 B=64    m=1     inner=8      min=    61.355 us/xform  median=    61.673  sd=  0.32%     18.69 GF/s  setup=0.584 s
fftw1d_measure           L=16384 B=64    m=1     inner=6      min=    99.907 us/xform  median=   100.189  sd=  0.29%     11.48 GF/s  setup=0.616 s
fftw1d_measure           L=16384 B=64    m=1     inner=8      min=    62.011 us/xform  median=    62.179  sd=  0.23%     18.49 GF/s  setup=0.566 s
fftw1d_measure           L=16384 B=64    m=1     inner=8      min=    61.563 us/xform  median=    61.750  sd=  0.18%     18.63 GF/s  setup=0.572 s
fftw1d_measure           L=16384 B=64    m=1     inner=6      min=    97.502 us/xform  median=    97.807  sd=  0.21%     11.76 GF/s  setup=0.619 s
fftw1d_measure           L=16384 B=64    m=1     inner=6      min=    84.735 us/xform  median=    84.910  sd=  0.32%     13.53 GF/s  setup=0.619 s
fftw1d_measure           L=16384 B=64    m=1     inner=6      min=    98.551 us/xform  median=    99.094  sd=  0.30%     11.64 GF/s  setup=0.619 s
fftw1d_patient           L=16384 B=64    m=1     inner=12     min=    46.923 us/xform  median=    47.072  sd=  0.24%     24.44 GF/s  setup=66.870 s
fftw1d_patient           L=16384 B=64    m=1     inner=10     min=    54.157 us/xform  median=    54.250  sd=  0.17%     21.18 GF/s  setup=69.035 s
fftw1d_patient           L=16384 B=64    m=1     inner=12     min=    49.550 us/xform  median=    49.664  sd=  0.25%     23.15 GF/s  setup=67.778 s
fftw1d_patient           L=16384 B=64    m=1     inner=12     min=    48.528 us/xform  median=    48.690  sd=  0.32%     23.63 GF/s  setup=68.773 s
fftw1d_patient           L=16384 B=64    m=1     inner=12     min=    46.822 us/xform  median=    46.930  sd=  0.25%     24.49 GF/s  setup=66.684 s
fftw1d_patient           L=16384 B=64    m=1     inner=12     min=    47.432 us/xform  median=    47.690  sd=  0.34%     24.18 GF/s  setup=67.547 s
fftw1d_patient           L=16384 B=64    m=1     inner=12     min=    46.940 us/xform  median=    47.003  sd=  0.20%     24.43 GF/s  setup=67.091 s
fftw1d_patient           L=16384 B=64    m=1     inner=12     min=    48.650 us/xform  median=    48.726  sd=  0.25%     23.57 GF/s  setup=67.207 s
fftw1d_patient           L=16384 B=64    m=1     inner=12     min=    44.064 us/xform  median=    46.544  sd=  2.49%     26.03 GF/s  setup=67.314 s
mkl1d_dfti               L=16384 B=64    m=1     inner=10     min=    57.374 us/xform  median=    59.860  sd=  1.21%     19.99 GF/s  setup=0.003 s
mkl1d_dfti               L=16384 B=64    m=1     inner=8      min=    62.669 us/xform  median=    62.796  sd=  0.16%     18.30 GF/s  setup=0.003 s
mkl1d_dfti               L=16384 B=64    m=1     inner=8      min=    56.720 us/xform  median=    56.768  sd=  0.99%     20.22 GF/s  setup=0.003 s
mkl1d_dfti               L=16384 B=64    m=1     inner=10     min=    48.247 us/xform  median=    48.366  sd=  0.48%     23.77 GF/s  setup=0.003 s
mkl1d_dfti               L=16384 B=64    m=1     inner=10     min=    63.247 us/xform  median=    64.249  sd=  0.47%     18.13 GF/s  setup=0.003 s
mkl1d_dfti               L=16384 B=64    m=1     inner=8      min=    63.826 us/xform  median=    63.984  sd=  0.31%     17.97 GF/s  setup=0.003 s
mkl1d_dfti               L=16384 B=64    m=1     inner=8      min=    56.701 us/xform  median=    56.857  sd=  0.65%     20.23 GF/s  setup=0.003 s
mkl1d_dfti               L=16384 B=64    m=1     inner=8      min=    64.297 us/xform  median=    64.471  sd=  0.25%     17.84 GF/s  setup=0.003 s
mkl1d_dfti               L=16384 B=64    m=1     inner=8      min=    58.422 us/xform  median=    58.582  sd=  0.51%     19.63 GF/s  setup=0.003 s
   skipping baseline_dft at L=100003 B=1 (too expensive to be informative)
d1_bluestein             L=100003 B=1     m=1     inner=14     min=  2614.339 us/xform  median=  2615.081  sd=  0.02%      3.18 GF/s  setup=0.024 s
d1_bluestein             L=100003 B=1     m=1     inner=12     min=  3062.509 us/xform  median=  3412.810  sd=  3.24%      2.71 GF/s  setup=0.031 s
d1_bluestein             L=100003 B=1     m=1     inner=10     min=  3440.608 us/xform  median=  3443.126  sd=  0.03%      2.41 GF/s  setup=0.029 s
d1_bluestein             L=100003 B=1     m=1     inner=10     min=  3446.461 us/xform  median=  3447.803  sd=  0.04%      2.41 GF/s  setup=0.033 s
d1_bluestein             L=100003 B=1     m=1     inner=10     min=  3448.706 us/xform  median=  3450.769  sd=  0.03%      2.41 GF/s  setup=0.029 s
d1_bluestein             L=100003 B=1     m=1     inner=10     min=  3426.973 us/xform  median=  3428.221  sd=  0.04%      2.42 GF/s  setup=0.033 s
d1_bluestein             L=100003 B=1     m=1     inner=10     min=  3462.129 us/xform  median=  3463.312  sd=  0.03%      2.40 GF/s  setup=0.033 s
d1_bluestein             L=100003 B=1     m=1     inner=10     min=  3413.420 us/xform  median=  3415.016  sd=  0.05%      2.43 GF/s  setup=0.032 s
d1_bluestein             L=100003 B=1     m=1     inner=10     min=  3456.846 us/xform  median=  3457.709  sd=  0.02%      2.40 GF/s  setup=0.032 s
d1_planner               L=100003 B=1     m=1     inner=6      min=  3650.145 us/xform  median=  3653.709  sd=  3.66%      2.28 GF/s  setup=0.061 s
d1_planner               L=100003 B=1     m=1     inner=10     min=  3654.917 us/xform  median=  3669.952  sd=  0.34%      2.27 GF/s  setup=0.056 s
d1_planner               L=100003 B=1     m=1     inner=8      min=  3744.358 us/xform  median=  3760.275  sd=  0.34%      2.22 GF/s  setup=0.060 s
d1_planner               L=100003 B=1     m=1     inner=8      min=  3645.823 us/xform  median=  3664.396  sd=  0.36%      2.28 GF/s  setup=0.060 s
d1_planner               L=100003 B=1     m=1     inner=10     min=  3653.779 us/xform  median=  3655.385  sd=  0.17%      2.27 GF/s  setup=0.056 s
d1_planner               L=100003 B=1     m=1     inner=10     min=  3361.339 us/xform  median=  3375.703  sd=  3.32%      2.47 GF/s  setup=0.056 s
d1_planner               L=100003 B=1     m=1     inner=10     min=  3730.855 us/xform  median=  3733.980  sd=  0.29%      2.23 GF/s  setup=0.061 s
d1_planner               L=100003 B=1     m=1     inner=10     min=  3357.122 us/xform  median=  3370.944  sd=  0.22%      2.47 GF/s  setup=0.055 s
d1_planner               L=100003 B=1     m=1     inner=8      min=  3730.910 us/xform  median=  3733.399  sd=  0.24%      2.23 GF/s  setup=0.061 s
d1_race                  L=100003 B=1     m=1     inner=14     min=  2608.703 us/xform  median=  2609.651  sd=  0.02%      3.18 GF/s  setup=13.858 s
d1_race                  L=100003 B=1     m=1     inner=12     min=  3131.194 us/xform  median=  3425.613  sd=  2.53%      2.65 GF/s  setup=0.037 s
d1_race                  L=100003 B=1     m=1     inner=10     min=  3785.465 us/xform  median=  3786.850  sd=  0.03%      2.19 GF/s  setup=0.043 s
d1_race                  L=100003 B=1     m=1     inner=10     min=  3623.530 us/xform  median=  3625.043  sd=  1.89%      2.29 GF/s  setup=0.037 s
d1_race                  L=100003 B=1     m=1     inner=10     min=  3418.949 us/xform  median=  3421.526  sd=  0.05%      2.43 GF/s  setup=0.039 s
d1_race                  L=100003 B=1     m=1     inner=10     min=  3786.360 us/xform  median=  3787.805  sd=  0.03%      2.19 GF/s  setup=0.042 s
d1_race                  L=100003 B=1     m=1     inner=10     min=  3418.320 us/xform  median=  3420.008  sd=  0.04%      2.43 GF/s  setup=0.040 s
d1_race                  L=100003 B=1     m=1     inner=10     min=  3792.819 us/xform  median=  3793.999  sd=  0.02%      2.19 GF/s  setup=0.042 s
d1_race                  L=100003 B=1     m=1     inner=10     min=  3416.275 us/xform  median=  3417.736  sd=  0.04%      2.43 GF/s  setup=0.042 s
fftw1d_estimate          L=100003 B=1     m=1     inner=4      min=  7082.581 us/xform  median=  7102.939  sd=  0.09%      1.17 GF/s  setup=0.013 s
fftw1d_estimate          L=100003 B=1     m=1     inner=4      min=  6839.637 us/xform  median=  6844.490  sd=  0.05%      1.21 GF/s  setup=0.015 s
fftw1d_estimate          L=100003 B=1     m=1     inner=4      min=  7161.801 us/xform  median=  7165.035  sd=  0.08%      1.16 GF/s  setup=0.015 s
fftw1d_estimate          L=100003 B=1     m=1     inner=4      min=  6735.720 us/xform  median=  6742.614  sd=  0.09%      1.23 GF/s  setup=0.015 s
fftw1d_estimate          L=100003 B=1     m=1     inner=4      min=  6906.794 us/xform  median=  6914.420  sd=  0.04%      1.20 GF/s  setup=0.015 s
fftw1d_estimate          L=100003 B=1     m=1     inner=4      min=  6820.984 us/xform  median=  6827.145  sd=  0.05%      1.22 GF/s  setup=0.015 s
fftw1d_estimate          L=100003 B=1     m=1     inner=4      min=  7345.436 us/xform  median=  7351.818  sd=  0.07%      1.13 GF/s  setup=0.015 s
fftw1d_estimate          L=100003 B=1     m=1     inner=4      min=  6824.005 us/xform  median=  6834.919  sd=  0.07%      1.22 GF/s  setup=0.015 s
fftw1d_estimate          L=100003 B=1     m=1     inner=4      min=  7283.563 us/xform  median=  7290.192  sd=  0.05%      1.14 GF/s  setup=0.015 s
fftw1d_measure           L=100003 B=1     m=1     inner=14     min=  2743.443 us/xform  median=  2748.273  sd=  0.11%      3.03 GF/s  setup=4.728 s
fftw1d_measure           L=100003 B=1     m=1     inner=14     min=  2804.921 us/xform  median=  2809.120  sd=  0.19%      2.96 GF/s  setup=4.696 s
fftw1d_measure           L=100003 B=1     m=1     inner=14     min=  2750.709 us/xform  median=  2754.096  sd=  0.13%      3.02 GF/s  setup=4.629 s
fftw1d_measure           L=100003 B=1     m=1     inner=14     min=  2740.744 us/xform  median=  2747.150  sd=  0.13%      3.03 GF/s  setup=4.627 s
fftw1d_measure           L=100003 B=1     m=1     inner=12     min=  3041.552 us/xform  median=  3047.928  sd=  0.11%      2.73 GF/s  setup=4.777 s
fftw1d_measure           L=100003 B=1     m=1     inner=12     min=  2998.152 us/xform  median=  3006.491  sd=  0.14%      2.77 GF/s  setup=4.667 s
fftw1d_measure           L=100003 B=1     m=1     inner=14     min=  2792.275 us/xform  median=  2795.132  sd=  0.06%      2.97 GF/s  setup=4.655 s
fftw1d_measure           L=100003 B=1     m=1     inner=14     min=  2822.278 us/xform  median=  2825.633  sd=  0.07%      2.94 GF/s  setup=4.662 s
fftw1d_measure           L=100003 B=1     m=1     inner=14     min=  2787.659 us/xform  median=  2792.562  sd=  0.10%      2.98 GF/s  setup=4.657 s
fftw1d_patient           L=100003 B=1     m=1     inner=14     min=  2705.776 us/xform  median=  2710.061  sd=  0.08%      3.07 GF/s  setup=62.663 s
fftw1d_patient           L=100003 B=1     m=1     inner=14     min=  2717.691 us/xform  median=  2725.623  sd=  0.15%      3.06 GF/s  setup=62.547 s
fftw1d_patient           L=100003 B=1     m=1     inner=14     min=  2715.245 us/xform  median=  2717.190  sd=  0.09%      3.06 GF/s  setup=62.690 s
fftw1d_patient           L=100003 B=1     m=1     inner=14     min=  2725.898 us/xform  median=  2731.223  sd=  0.12%      3.05 GF/s  setup=62.476 s
fftw1d_patient           L=100003 B=1     m=1     inner=14     min=  2701.550 us/xform  median=  2709.496  sd=  0.14%      3.07 GF/s  setup=62.519 s
fftw1d_patient           L=100003 B=1     m=1     inner=14     min=  2740.197 us/xform  median=  2746.903  sd=  0.13%      3.03 GF/s  setup=62.658 s
fftw1d_patient           L=100003 B=1     m=1     inner=14     min=  2704.817 us/xform  median=  2710.675  sd=  0.08%      3.07 GF/s  setup=62.567 s
fftw1d_patient           L=100003 B=1     m=1     inner=14     min=  2672.207 us/xform  median=  2678.347  sd=  0.12%      3.11 GF/s  setup=62.529 s
fftw1d_patient           L=100003 B=1     m=1     inner=14     min=  2735.642 us/xform  median=  2742.224  sd=  0.10%      3.04 GF/s  setup=62.694 s
mkl1d_dfti               L=100003 B=1     m=1     inner=10     min=  3800.691 us/xform  median=  3840.466  sd=  0.60%      2.19 GF/s  setup=0.014 s
mkl1d_dfti               L=100003 B=1     m=1     inner=10     min=  3932.763 us/xform  median=  3936.095  sd=  0.15%      2.11 GF/s  setup=0.015 s
mkl1d_dfti               L=100003 B=1     m=1     inner=8      min=  3990.256 us/xform  median=  3992.852  sd=  0.50%      2.08 GF/s  setup=0.013 s
mkl1d_dfti               L=100003 B=1     m=1     inner=8      min=  4176.466 us/xform  median=  4178.068  sd=  0.03%      1.99 GF/s  setup=0.015 s
mkl1d_dfti               L=100003 B=1     m=1     inner=8      min=  4254.009 us/xform  median=  4258.368  sd=  0.21%      1.95 GF/s  setup=0.016 s
mkl1d_dfti               L=100003 B=1     m=1     inner=8      min=  4255.277 us/xform  median=  4377.198  sd=  1.54%      1.95 GF/s  setup=0.013 s
mkl1d_dfti               L=100003 B=1     m=1     inner=8      min=  4609.181 us/xform  median=  4612.700  sd=  0.08%      1.80 GF/s  setup=0.016 s
mkl1d_dfti               L=100003 B=1     m=1     inner=8      min=  4259.637 us/xform  median=  4346.671  sd=  1.46%      1.95 GF/s  setup=0.017 s
mkl1d_dfti               L=100003 B=1     m=1     inner=8      min=  4613.953 us/xform  median=  4621.223  sd=  0.24%      1.80 GF/s  setup=0.016 s
   skipping baseline_dft at L=4096 B=256 (too expensive to be informative)
d1_bluestein             L=4096 B=256   m=1     inner=4      min=    28.503 us/xform  median=    28.636  sd=  0.30%      8.62 GF/s  setup=0.002 s
d1_bluestein             L=4096 B=256   m=1     inner=4      min=    28.376 us/xform  median=    28.464  sd=  0.28%      8.66 GF/s  setup=0.002 s
d1_bluestein             L=4096 B=256   m=1     inner=4      min=    28.147 us/xform  median=    28.243  sd=  0.34%      8.73 GF/s  setup=0.002 s
d1_bluestein             L=4096 B=256   m=1     inner=4      min=    27.659 us/xform  median=    27.782  sd=  0.33%      8.89 GF/s  setup=0.002 s
d1_bluestein             L=4096 B=256   m=1     inner=4      min=    28.118 us/xform  median=    28.237  sd=  0.35%      8.74 GF/s  setup=0.002 s
d1_bluestein             L=4096 B=256   m=1     inner=4      min=    27.962 us/xform  median=    28.120  sd=  0.39%      8.79 GF/s  setup=0.002 s
d1_bluestein             L=4096 B=256   m=1     inner=4      min=    27.759 us/xform  median=    27.849  sd=  0.31%      8.85 GF/s  setup=0.002 s
d1_bluestein             L=4096 B=256   m=1     inner=4      min=    28.526 us/xform  median=    28.640  sd=  0.31%      8.62 GF/s  setup=0.002 s
d1_bluestein             L=4096 B=256   m=1     inner=4      min=    28.178 us/xform  median=    28.291  sd=  0.26%      8.72 GF/s  setup=0.002 s
d1_planner               L=4096 B=256   m=1     inner=6      min=    25.262 us/xform  median=    25.294  sd=  0.17%      9.73 GF/s  setup=0.001 s
d1_planner               L=4096 B=256   m=1     inner=6      min=    24.211 us/xform  median=    24.260  sd=  0.12%     10.15 GF/s  setup=0.001 s
d1_planner               L=4096 B=256   m=1     inner=6      min=    24.356 us/xform  median=    24.402  sd=  0.10%     10.09 GF/s  setup=0.001 s
d1_planner               L=4096 B=256   m=1     inner=6      min=    24.099 us/xform  median=    24.206  sd=  0.24%     10.20 GF/s  setup=0.001 s
d1_planner               L=4096 B=256   m=1     inner=6      min=    23.979 us/xform  median=    24.031  sd=  0.24%     10.25 GF/s  setup=0.001 s
d1_planner               L=4096 B=256   m=1     inner=6      min=    24.661 us/xform  median=    24.708  sd=  0.21%      9.97 GF/s  setup=0.001 s
d1_planner               L=4096 B=256   m=1     inner=6      min=    24.279 us/xform  median=    24.341  sd=  0.16%     10.12 GF/s  setup=0.001 s
d1_planner               L=4096 B=256   m=1     inner=6      min=    24.743 us/xform  median=    24.775  sd=  0.20%      9.93 GF/s  setup=0.001 s
d1_planner               L=4096 B=256   m=1     inner=6      min=    24.213 us/xform  median=    24.274  sd=  0.20%     10.15 GF/s  setup=0.001 s
d1_pow2                  L=4096 B=256   m=1     inner=8      min=    15.812 us/xform  median=    15.828  sd=  0.09%     15.54 GF/s  setup=0.001 s
d1_pow2                  L=4096 B=256   m=1     inner=10     min=    14.233 us/xform  median=    14.243  sd=  0.05%     17.27 GF/s  setup=0.001 s
d1_pow2                  L=4096 B=256   m=1     inner=8      min=    13.168 us/xform  median=    13.173  sd=  0.29%     18.66 GF/s  setup=0.001 s
d1_pow2                  L=4096 B=256   m=1     inner=10     min=    14.108 us/xform  median=    14.117  sd=  0.04%     17.42 GF/s  setup=0.001 s
d1_pow2                  L=4096 B=256   m=1     inner=8      min=    13.124 us/xform  median=    13.129  sd=  0.31%     18.73 GF/s  setup=0.001 s
d1_pow2                  L=4096 B=256   m=1     inner=10     min=    14.080 us/xform  median=    14.087  sd=  0.16%     17.45 GF/s  setup=0.001 s
d1_pow2                  L=4096 B=256   m=1     inner=10     min=    14.126 us/xform  median=    14.133  sd=  0.03%     17.40 GF/s  setup=0.001 s
d1_pow2                  L=4096 B=256   m=1     inner=8      min=    13.074 us/xform  median=    13.081  sd=  0.25%     18.80 GF/s  setup=0.001 s
d1_pow2                  L=4096 B=256   m=1     inner=10     min=    14.161 us/xform  median=    14.172  sd=  0.05%     17.35 GF/s  setup=0.001 s
d1_race                  L=4096 B=256   m=1     inner=14     min=    10.694 us/xform  median=    10.700  sd=  0.03%     22.98 GF/s  setup=2.275 s
d1_race                  L=4096 B=256   m=1     inner=14     min=    10.683 us/xform  median=    10.689  sd=  0.04%     23.00 GF/s  setup=0.005 s
d1_race                  L=4096 B=256   m=1     inner=10     min=    13.747 us/xform  median=    14.291  sd=  1.35%     17.88 GF/s  setup=0.009 s
d1_race                  L=4096 B=256   m=1     inner=10     min=    10.708 us/xform  median=    10.713  sd=  1.77%     22.95 GF/s  setup=0.006 s
d1_race                  L=4096 B=256   m=1     inner=14     min=    10.647 us/xform  median=    10.651  sd=  0.03%     23.08 GF/s  setup=0.005 s
d1_race                  L=4096 B=256   m=1     inner=14     min=    10.675 us/xform  median=    10.682  sd=  0.04%     23.02 GF/s  setup=0.005 s
d1_race                  L=4096 B=256   m=1     inner=10     min=    13.638 us/xform  median=    14.056  sd=  1.15%     18.02 GF/s  setup=0.009 s
d1_race                  L=4096 B=256   m=1     inner=10     min=    10.703 us/xform  median=    10.709  sd=  1.42%     22.96 GF/s  setup=0.005 s
d1_race                  L=4096 B=256   m=1     inner=10     min=    13.121 us/xform  median=    13.126  sd=  0.03%     18.73 GF/s  setup=0.007 s
d1_twiddle               L=4096 B=256   m=1     inner=10     min=    14.670 us/xform  median=    15.408  sd=  1.39%     16.75 GF/s  setup=0.000 s
d1_twiddle               L=4096 B=256   m=1     inner=8      min=    13.931 us/xform  median=    13.968  sd=  0.31%     17.64 GF/s  setup=0.000 s
d1_twiddle               L=4096 B=256   m=1     inner=10     min=    15.355 us/xform  median=    15.385  sd=  0.12%     16.01 GF/s  setup=0.000 s
d1_twiddle               L=4096 B=256   m=1     inner=8      min=    15.311 us/xform  median=    15.340  sd=  0.10%     16.05 GF/s  setup=0.000 s
d1_twiddle               L=4096 B=256   m=1     inner=8      min=    13.875 us/xform  median=    13.894  sd=  0.20%     17.71 GF/s  setup=0.000 s
d1_twiddle               L=4096 B=256   m=1     inner=10     min=    17.230 us/xform  median=    17.250  sd=  0.12%     14.26 GF/s  setup=0.000 s
d1_twiddle               L=4096 B=256   m=1     inner=8      min=    14.081 us/xform  median=    14.102  sd=  0.36%     17.45 GF/s  setup=0.000 s
d1_twiddle               L=4096 B=256   m=1     inner=10     min=    13.833 us/xform  median=    13.857  sd=  0.09%     17.77 GF/s  setup=0.000 s
d1_twiddle               L=4096 B=256   m=1     inner=10     min=    17.267 us/xform  median=    17.292  sd=  0.11%     14.23 GF/s  setup=0.000 s
fftw1d_estimate          L=4096 B=256   m=1     inner=4      min=    31.300 us/xform  median=    31.511  sd=  0.43%      7.85 GF/s  setup=0.001 s
fftw1d_estimate          L=4096 B=256   m=1     inner=4      min=    31.562 us/xform  median=    31.644  sd=  0.18%      7.79 GF/s  setup=0.001 s
fftw1d_estimate          L=4096 B=256   m=1     inner=4      min=    32.475 us/xform  median=    32.601  sd=  0.44%      7.57 GF/s  setup=0.001 s
fftw1d_estimate          L=4096 B=256   m=1     inner=4      min=    32.122 us/xform  median=    32.221  sd=  0.18%      7.65 GF/s  setup=0.001 s
fftw1d_estimate          L=4096 B=256   m=1     inner=4      min=    31.224 us/xform  median=    31.327  sd=  0.17%      7.87 GF/s  setup=0.001 s
fftw1d_estimate          L=4096 B=256   m=1     inner=4      min=    32.212 us/xform  median=    32.277  sd=  0.10%      7.63 GF/s  setup=0.002 s
fftw1d_estimate          L=4096 B=256   m=1     inner=4      min=    32.124 us/xform  median=    32.280  sd=  0.38%      7.65 GF/s  setup=0.001 s
fftw1d_estimate          L=4096 B=256   m=1     inner=4      min=    32.748 us/xform  median=    32.951  sd=  0.37%      7.50 GF/s  setup=0.001 s
fftw1d_estimate          L=4096 B=256   m=1     inner=4      min=    32.454 us/xform  median=    32.548  sd=  0.47%      7.57 GF/s  setup=0.001 s
fftw1d_measure           L=4096 B=256   m=1     inner=6      min=    25.160 us/xform  median=    25.320  sd=  0.37%      9.77 GF/s  setup=0.235 s
fftw1d_measure           L=4096 B=256   m=1     inner=6      min=    24.411 us/xform  median=    24.497  sd=  0.30%     10.07 GF/s  setup=0.234 s
fftw1d_measure           L=4096 B=256   m=1     inner=6      min=    24.396 us/xform  median=    24.489  sd=  0.30%     10.07 GF/s  setup=0.234 s
fftw1d_measure           L=4096 B=256   m=1     inner=6      min=    15.804 us/xform  median=    23.967  sd= 14.72%     15.55 GF/s  setup=0.236 s
fftw1d_measure           L=4096 B=256   m=1     inner=6      min=    24.283 us/xform  median=    24.359  sd=  0.21%     10.12 GF/s  setup=0.236 s
fftw1d_measure           L=4096 B=256   m=1     inner=8      min=    14.919 us/xform  median=    14.954  sd=  0.99%     16.47 GF/s  setup=0.232 s
fftw1d_measure           L=4096 B=256   m=1     inner=6      min=    22.694 us/xform  median=    22.793  sd=  3.10%     10.83 GF/s  setup=0.235 s
fftw1d_measure           L=4096 B=256   m=1     inner=4      min=    25.425 us/xform  median=    25.591  sd=  0.65%      9.67 GF/s  setup=0.235 s
fftw1d_measure           L=4096 B=256   m=1     inner=8      min=    15.174 us/xform  median=    15.294  sd=  0.48%     16.20 GF/s  setup=0.222 s
fftw1d_patient           L=4096 B=256   m=1     inner=12     min=    11.054 us/xform  median=    11.095  sd=  0.26%     22.23 GF/s  setup=44.324 s
fftw1d_patient           L=4096 B=256   m=1     inner=12     min=    11.083 us/xform  median=    11.183  sd=  0.93%     22.17 GF/s  setup=44.956 s
fftw1d_patient           L=4096 B=256   m=1     inner=7      min=    11.088 us/xform  median=    11.125  sd=  0.38%     22.16 GF/s  setup=45.102 s
fftw1d_patient           L=4096 B=256   m=1     inner=12     min=    11.074 us/xform  median=    11.107  sd=  0.31%     22.19 GF/s  setup=44.966 s
fftw1d_patient           L=4096 B=256   m=1     inner=12     min=    11.231 us/xform  median=    11.265  sd=  0.33%     21.88 GF/s  setup=45.045 s
fftw1d_patient           L=4096 B=256   m=1     inner=12     min=    11.279 us/xform  median=    11.303  sd=  0.29%     21.79 GF/s  setup=45.179 s
fftw1d_patient           L=4096 B=256   m=1     inner=12     min=    11.111 us/xform  median=    11.148  sd=  0.29%     22.12 GF/s  setup=45.647 s
fftw1d_patient           L=4096 B=256   m=1     inner=12     min=    11.180 us/xform  median=    11.209  sd=  0.32%     21.98 GF/s  setup=45.062 s
fftw1d_patient           L=4096 B=256   m=1     inner=12     min=    10.994 us/xform  median=    11.019  sd=  0.36%     22.35 GF/s  setup=45.132 s
mkl1d_dfti               L=4096 B=256   m=1     inner=7      min=    11.735 us/xform  median=    14.860  sd= 12.25%     20.94 GF/s  setup=0.003 s
mkl1d_dfti               L=4096 B=256   m=1     inner=5      min=    16.084 us/xform  median=    16.170  sd=  0.32%     15.28 GF/s  setup=0.002 s
mkl1d_dfti               L=4096 B=256   m=1     inner=10     min=    10.073 us/xform  median=    10.124  sd=  2.19%     24.40 GF/s  setup=0.002 s
mkl1d_dfti               L=4096 B=256   m=1     inner=12     min=    12.633 us/xform  median=    16.223  sd=  7.24%     19.45 GF/s  setup=0.002 s
mkl1d_dfti               L=4096 B=256   m=1     inner=8      min=    11.735 us/xform  median=    11.781  sd=  2.22%     20.94 GF/s  setup=0.003 s
mkl1d_dfti               L=4096 B=256   m=1     inner=10     min=    12.945 us/xform  median=    12.981  sd=  0.43%     18.98 GF/s  setup=0.002 s
mkl1d_dfti               L=4096 B=256   m=1     inner=12     min=    11.653 us/xform  median=    11.685  sd=  0.28%     21.09 GF/s  setup=0.002 s
mkl1d_dfti               L=4096 B=256   m=1     inner=12     min=    13.760 us/xform  median=    13.803  sd=  0.30%     17.86 GF/s  setup=0.002 s
mkl1d_dfti               L=4096 B=256   m=1     inner=10     min=    11.711 us/xform  median=    11.751  sd=  1.23%     20.99 GF/s  setup=0.003 s
   skipping baseline_dft at L=10007 B=64 (too expensive to be informative)
d1_bluestein             L=10007 B=64    m=1     inner=2      min=   255.095 us/xform  median=   255.503  sd=  0.09%      2.61 GF/s  setup=0.008 s
d1_bluestein             L=10007 B=64    m=1     inner=2      min=   224.507 us/xform  median=   225.208  sd=  0.25%      2.96 GF/s  setup=0.008 s
d1_bluestein             L=10007 B=64    m=1     inner=2      min=   221.896 us/xform  median=   222.902  sd=  0.29%      3.00 GF/s  setup=0.009 s
d1_bluestein             L=10007 B=64    m=1     inner=2      min=   227.388 us/xform  median=   227.881  sd=  0.19%      2.92 GF/s  setup=0.008 s
d1_bluestein             L=10007 B=64    m=1     inner=2      min=   221.671 us/xform  median=   222.002  sd=  0.08%      3.00 GF/s  setup=0.007 s
d1_bluestein             L=10007 B=64    m=1     inner=2      min=   225.425 us/xform  median=   226.195  sd=  0.19%      2.95 GF/s  setup=0.011 s
d1_bluestein             L=10007 B=64    m=1     inner=2      min=   229.745 us/xform  median=   230.362  sd=  0.22%      2.89 GF/s  setup=0.008 s
d1_bluestein             L=10007 B=64    m=1     inner=2      min=   227.385 us/xform  median=   228.005  sd=  0.22%      2.92 GF/s  setup=0.008 s
d1_bluestein             L=10007 B=64    m=1     inner=2      min=   239.527 us/xform  median=   239.945  sd=  0.14%      2.78 GF/s  setup=0.009 s
d1_planner               L=10007 B=64    m=1     inner=2      min=   259.859 us/xform  median=   260.113  sd=  0.17%      2.56 GF/s  setup=0.007 s
d1_planner               L=10007 B=64    m=1     inner=2      min=   263.705 us/xform  median=   264.288  sd=  0.18%      2.52 GF/s  setup=0.007 s
d1_planner               L=10007 B=64    m=1     inner=2      min=   255.695 us/xform  median=   256.034  sd=  0.17%      2.60 GF/s  setup=0.007 s
d1_planner               L=10007 B=64    m=1     inner=2      min=   261.480 us/xform  median=   261.942  sd=  0.16%      2.54 GF/s  setup=0.007 s
d1_planner               L=10007 B=64    m=1     inner=2      min=   259.361 us/xform  median=   259.821  sd=  0.15%      2.56 GF/s  setup=0.007 s
d1_planner               L=10007 B=64    m=1     inner=2      min=   258.787 us/xform  median=   259.691  sd=  0.18%      2.57 GF/s  setup=0.007 s
d1_planner               L=10007 B=64    m=1     inner=2      min=   262.302 us/xform  median=   262.793  sd=  0.16%      2.53 GF/s  setup=0.007 s
d1_planner               L=10007 B=64    m=1     inner=2      min=   263.255 us/xform  median=   263.785  sd=  0.17%      2.53 GF/s  setup=0.007 s
d1_planner               L=10007 B=64    m=1     inner=2      min=   262.497 us/xform  median=   263.060  sd=  0.36%      2.53 GF/s  setup=0.007 s
d1_race                  L=10007 B=64    m=1     inner=2      min=   170.296 us/xform  median=   170.763  sd=  0.30%      3.90 GF/s  setup=5.337 s
d1_race                  L=10007 B=64    m=1     inner=2      min=   229.741 us/xform  median=   231.436  sd=  0.27%      2.89 GF/s  setup=0.017 s
d1_race                  L=10007 B=64    m=1     inner=2      min=   223.705 us/xform  median=   224.215  sd=  0.16%      2.97 GF/s  setup=0.013 s
d1_race                  L=10007 B=64    m=1     inner=2      min=   221.840 us/xform  median=   222.819  sd=  0.31%      3.00 GF/s  setup=0.015 s
d1_race                  L=10007 B=64    m=1     inner=2      min=   218.198 us/xform  median=   218.624  sd=  0.10%      3.05 GF/s  setup=0.015 s
d1_race                  L=10007 B=64    m=1     inner=2      min=   222.950 us/xform  median=   223.620  sd=  0.20%      2.98 GF/s  setup=0.018 s
d1_race                  L=10007 B=64    m=1     inner=2      min=   224.471 us/xform  median=   225.027  sd=  0.22%      2.96 GF/s  setup=0.018 s
d1_race                  L=10007 B=64    m=1     inner=2      min=   237.546 us/xform  median=   238.148  sd=  0.13%      2.80 GF/s  setup=0.016 s
d1_race                  L=10007 B=64    m=1     inner=2      min=   221.147 us/xform  median=   221.542  sd=  0.13%      3.01 GF/s  setup=0.014 s
fftw1d_estimate          L=10007 B=64    m=1     inner=1      min=   462.618 us/xform  median=   463.382  sd=  0.14%      1.44 GF/s  setup=0.002 s
fftw1d_estimate          L=10007 B=64    m=1     inner=1      min=   450.030 us/xform  median=   450.466  sd=  0.06%      1.48 GF/s  setup=0.002 s
fftw1d_estimate          L=10007 B=64    m=1     inner=1      min=   447.863 us/xform  median=   448.328  sd=  0.08%      1.48 GF/s  setup=0.002 s
fftw1d_estimate          L=10007 B=64    m=1     inner=1      min=   456.498 us/xform  median=   457.212  sd=  0.08%      1.46 GF/s  setup=0.003 s
fftw1d_estimate          L=10007 B=64    m=1     inner=1      min=   452.014 us/xform  median=   452.511  sd=  0.09%      1.47 GF/s  setup=0.002 s
fftw1d_estimate          L=10007 B=64    m=1     inner=1      min=   360.865 us/xform  median=   376.718  sd= 10.62%      1.84 GF/s  setup=0.002 s
fftw1d_estimate          L=10007 B=64    m=1     inner=1      min=   446.022 us/xform  median=   449.699  sd=  0.24%      1.49 GF/s  setup=0.002 s
fftw1d_estimate          L=10007 B=64    m=1     inner=1      min=   360.939 us/xform  median=   361.418  sd=  0.08%      1.84 GF/s  setup=0.002 s
fftw1d_estimate          L=10007 B=64    m=1     inner=1      min=   361.323 us/xform  median=   361.732  sd=  0.06%      1.84 GF/s  setup=0.002 s
fftw1d_measure           L=10007 B=64    m=1     inner=2      min=   229.072 us/xform  median=   229.648  sd=  1.29%      2.90 GF/s  setup=1.296 s
fftw1d_measure           L=10007 B=64    m=1     inner=2      min=   222.752 us/xform  median=   225.040  sd=  0.80%      2.98 GF/s  setup=1.149 s
fftw1d_measure           L=10007 B=64    m=1     inner=2      min=   219.672 us/xform  median=   220.054  sd=  0.17%      3.03 GF/s  setup=1.142 s
fftw1d_measure           L=10007 B=64    m=1     inner=2      min=   223.836 us/xform  median=   225.251  sd=  0.28%      2.97 GF/s  setup=1.144 s
fftw1d_measure           L=10007 B=64    m=1     inner=2      min=   217.768 us/xform  median=   218.230  sd=  1.03%      3.05 GF/s  setup=1.277 s
fftw1d_measure           L=10007 B=64    m=1     inner=2      min=   221.140 us/xform  median=   222.445  sd=  0.23%      3.01 GF/s  setup=1.244 s
fftw1d_measure           L=10007 B=64    m=1     inner=2      min=   218.775 us/xform  median=   219.411  sd=  0.21%      3.04 GF/s  setup=1.141 s
fftw1d_measure           L=10007 B=64    m=1     inner=2      min=   219.736 us/xform  median=   220.301  sd=  0.16%      3.03 GF/s  setup=1.133 s
fftw1d_measure           L=10007 B=64    m=1     inner=2      min=   216.853 us/xform  median=   217.839  sd=  0.20%      3.07 GF/s  setup=1.149 s
fftw1d_patient           L=10007 B=64    m=1     inner=2      min=   205.706 us/xform  median=   207.077  sd=  0.42%      3.23 GF/s  setup=19.789 s
fftw1d_patient           L=10007 B=64    m=1     inner=2      min=   208.528 us/xform  median=   210.851  sd=  0.44%      3.19 GF/s  setup=19.863 s
fftw1d_patient           L=10007 B=64    m=1     inner=2      min=   204.929 us/xform  median=   206.344  sd=  0.37%      3.24 GF/s  setup=19.765 s
fftw1d_patient           L=10007 B=64    m=1     inner=2      min=   207.968 us/xform  median=   210.456  sd=  0.57%      3.20 GF/s  setup=19.749 s
fftw1d_patient           L=10007 B=64    m=1     inner=2      min=   216.844 us/xform  median=   217.446  sd=  0.23%      3.07 GF/s  setup=19.750 s
fftw1d_patient           L=10007 B=64    m=1     inner=2      min=   207.405 us/xform  median=   208.503  sd=  0.36%      3.21 GF/s  setup=19.717 s
fftw1d_patient           L=10007 B=64    m=1     inner=2      min=   211.081 us/xform  median=   212.448  sd=  0.39%      3.15 GF/s  setup=19.739 s
fftw1d_patient           L=10007 B=64    m=1     inner=2      min=   207.904 us/xform  median=   208.752  sd=  0.36%      3.20 GF/s  setup=19.747 s
fftw1d_patient           L=10007 B=64    m=1     inner=2      min=   208.369 us/xform  median=   209.115  sd=  0.25%      3.19 GF/s  setup=19.788 s
mkl1d_dfti               L=10007 B=64    m=1     inner=1      min=   367.746 us/xform  median=   369.596  sd=  0.26%      1.81 GF/s  setup=0.051 s
mkl1d_dfti               L=10007 B=64    m=1     inner=1      min=   316.372 us/xform  median=   341.773  sd=  6.96%      2.10 GF/s  setup=0.054 s
mkl1d_dfti               L=10007 B=64    m=1     inner=1      min=   369.696 us/xform  median=   370.435  sd=  0.18%      1.80 GF/s  setup=0.039 s
mkl1d_dfti               L=10007 B=64    m=1     inner=1      min=   315.055 us/xform  median=   315.463  sd=  2.91%      2.11 GF/s  setup=0.038 s
mkl1d_dfti               L=10007 B=64    m=1     inner=1      min=   366.635 us/xform  median=   367.345  sd=  0.14%      1.81 GF/s  setup=0.015 s
mkl1d_dfti               L=10007 B=64    m=1     inner=1      min=   367.902 us/xform  median=   368.990  sd=  0.18%      1.81 GF/s  setup=0.032 s
mkl1d_dfti               L=10007 B=64    m=1     inner=1      min=   369.061 us/xform  median=   369.927  sd=  0.19%      1.80 GF/s  setup=0.040 s
mkl1d_dfti               L=10007 B=64    m=1     inner=2      min=   277.215 us/xform  median=   277.458  sd=  0.11%      2.40 GF/s  setup=0.038 s
mkl1d_dfti               L=10007 B=64    m=1     inner=2      min=   275.100 us/xform  median=   275.299  sd=  0.06%      2.42 GF/s  setup=0.034 s
   skipping baseline_dft at L=1024 B=512 (too expensive to be informative)
d1_bluestein             L=1024 B=512   m=1     inner=20     min=     3.537 us/xform  median=     3.610  sd=  0.66%     14.48 GF/s  setup=0.001 s
d1_bluestein             L=1024 B=512   m=1     inner=16     min=     3.885 us/xform  median=     3.929  sd=  0.56%     13.18 GF/s  setup=0.001 s
d1_bluestein             L=1024 B=512   m=1     inner=18     min=     3.875 us/xform  median=     3.877  sd=  0.39%     13.21 GF/s  setup=0.001 s
d1_bluestein             L=1024 B=512   m=1     inner=18     min=     3.573 us/xform  median=     3.578  sd=  0.15%     14.33 GF/s  setup=0.001 s
d1_bluestein             L=1024 B=512   m=1     inner=18     min=     3.102 us/xform  median=     3.110  sd=  0.14%     16.51 GF/s  setup=0.001 s
d1_bluestein             L=1024 B=512   m=1     inner=24     min=     3.056 us/xform  median=     3.060  sd=  0.16%     16.75 GF/s  setup=0.001 s
d1_bluestein             L=1024 B=512   m=1     inner=24     min=     3.076 us/xform  median=     3.081  sd=  0.18%     16.65 GF/s  setup=0.001 s
d1_bluestein             L=1024 B=512   m=1     inner=24     min=     2.995 us/xform  median=     3.001  sd=  0.14%     17.10 GF/s  setup=0.001 s
d1_bluestein             L=1024 B=512   m=1     inner=24     min=     2.987 us/xform  median=     2.995  sd=  0.18%     17.14 GF/s  setup=0.001 s
d1_planner               L=1024 B=512   m=1     inner=20     min=     3.520 us/xform  median=     4.415  sd=  8.20%     14.55 GF/s  setup=0.000 s
d1_planner               L=1024 B=512   m=1     inner=16     min=     4.334 us/xform  median=     4.380  sd=  0.42%     11.81 GF/s  setup=0.000 s
d1_planner               L=1024 B=512   m=1     inner=14     min=     4.419 us/xform  median=     4.445  sd=  0.38%     11.59 GF/s  setup=0.000 s
d1_planner               L=1024 B=512   m=1     inner=20     min=     3.995 us/xform  median=     4.509  sd=  3.33%     12.82 GF/s  setup=0.000 s
d1_planner               L=1024 B=512   m=1     inner=14     min=     4.362 us/xform  median=     4.384  sd=  0.52%     11.74 GF/s  setup=0.000 s
d1_planner               L=1024 B=512   m=1     inner=18     min=     3.178 us/xform  median=     4.132  sd= 11.63%     16.11 GF/s  setup=0.000 s
d1_planner               L=1024 B=512   m=1     inner=24     min=     3.189 us/xform  median=     3.219  sd=  0.37%     16.06 GF/s  setup=0.000 s
d1_planner               L=1024 B=512   m=1     inner=18     min=     3.702 us/xform  median=     4.519  sd=  7.86%     13.83 GF/s  setup=0.000 s
d1_planner               L=1024 B=512   m=1     inner=16     min=     4.505 us/xform  median=     4.521  sd=  0.22%     11.37 GF/s  setup=0.000 s
d1_pow2                  L=1024 B=512   m=1     inner=34     min=     1.998 us/xform  median=     2.002  sd=  0.83%     25.63 GF/s  setup=0.000 s
d1_pow2                  L=1024 B=512   m=1     inner=38     min=     1.997 us/xform  median=     1.999  sd=  0.16%     25.64 GF/s  setup=0.000 s
d1_pow2                  L=1024 B=512   m=1     inner=32     min=     2.276 us/xform  median=     2.283  sd=  0.18%     22.49 GF/s  setup=0.000 s
d1_pow2                  L=1024 B=512   m=1     inner=30     min=     2.002 us/xform  median=     2.009  sd=  0.27%     25.57 GF/s  setup=0.000 s
d1_pow2                  L=1024 B=512   m=1     inner=30     min=     2.487 us/xform  median=     2.711  sd=  2.40%     20.59 GF/s  setup=0.000 s
d1_pow2                  L=1024 B=512   m=1     inner=26     min=     1.887 us/xform  median=     1.890  sd=  2.98%     27.13 GF/s  setup=0.000 s
d1_pow2                  L=1024 B=512   m=1     inner=32     min=     2.001 us/xform  median=     2.006  sd=  0.31%     25.59 GF/s  setup=0.000 s
d1_pow2                  L=1024 B=512   m=1     inner=30     min=     2.199 us/xform  median=     2.207  sd=  0.20%     23.28 GF/s  setup=0.000 s
d1_pow2                  L=1024 B=512   m=1     inner=28     min=     2.006 us/xform  median=     2.012  sd=  0.26%     25.52 GF/s  setup=0.000 s
d1_race                  L=1024 B=512   m=1     inner=24     min=     1.905 us/xform  median=     2.176  sd=  8.81%     26.87 GF/s  setup=1.565 s
d1_race                  L=1024 B=512   m=1     inner=32     min=     2.169 us/xform  median=     2.175  sd=  0.15%     23.60 GF/s  setup=0.007 s
d1_race                  L=1024 B=512   m=1     inner=28     min=     2.156 us/xform  median=     2.161  sd=  0.19%     23.75 GF/s  setup=0.007 s
d1_race                  L=1024 B=512   m=1     inner=30     min=     2.222 us/xform  median=     2.254  sd=  0.72%     23.05 GF/s  setup=0.007 s
d1_race                  L=1024 B=512   m=1     inner=28     min=     2.146 us/xform  median=     2.150  sd=  0.14%     23.85 GF/s  setup=0.007 s
d1_race                  L=1024 B=512   m=1     inner=34     min=     2.149 us/xform  median=     2.155  sd=  0.15%     23.82 GF/s  setup=0.007 s
d1_race                  L=1024 B=512   m=1     inner=34     min=     2.144 us/xform  median=     2.148  sd=  0.13%     23.88 GF/s  setup=0.007 s
d1_race                  L=1024 B=512   m=1     inner=30     min=     2.215 us/xform  median=     2.249  sd=  0.71%     23.11 GF/s  setup=0.007 s
d1_race                  L=1024 B=512   m=1     inner=28     min=     2.681 us/xform  median=     2.688  sd=  0.19%     19.10 GF/s  setup=0.007 s
d1_twiddle               L=1024 B=512   m=1     inner=26     min=     2.823 us/xform  median=     3.059  sd=  2.39%     18.13 GF/s  setup=0.000 s
d1_twiddle               L=1024 B=512   m=1     inner=22     min=     3.884 us/xform  median=     3.890  sd=  0.19%     13.18 GF/s  setup=0.000 s
d1_twiddle               L=1024 B=512   m=1     inner=10     min=     3.867 us/xform  median=     3.879  sd=  0.23%     13.24 GF/s  setup=0.000 s
d1_twiddle               L=1024 B=512   m=1     inner=20     min=     2.681 us/xform  median=     3.866  sd= 11.21%     19.10 GF/s  setup=0.000 s
d1_twiddle               L=1024 B=512   m=1     inner=26     min=     3.346 us/xform  median=     3.662  sd=  2.72%     15.30 GF/s  setup=0.000 s
d1_twiddle               L=1024 B=512   m=1     inner=20     min=     3.020 us/xform  median=     3.025  sd=  0.51%     16.95 GF/s  setup=0.000 s
d1_twiddle               L=1024 B=512   m=1     inner=22     min=     3.184 us/xform  median=     3.190  sd=  0.17%     16.08 GF/s  setup=0.000 s
d1_twiddle               L=1024 B=512   m=1     inner=24     min=     2.360 us/xform  median=     2.363  sd=  0.78%     21.69 GF/s  setup=0.000 s
d1_twiddle               L=1024 B=512   m=1     inner=26     min=     2.765 us/xform  median=     2.768  sd=  0.08%     18.52 GF/s  setup=0.000 s
fftw1d_estimate          L=1024 B=512   m=1     inner=28     min=     2.510 us/xform  median=     2.523  sd=  0.62%     20.40 GF/s  setup=0.001 s
fftw1d_estimate          L=1024 B=512   m=1     inner=30     min=     2.446 us/xform  median=     2.453  sd=  0.29%     20.94 GF/s  setup=0.001 s
fftw1d_estimate          L=1024 B=512   m=1     inner=24     min=     3.006 us/xform  median=     3.016  sd=  0.22%     17.03 GF/s  setup=0.001 s
fftw1d_estimate          L=1024 B=512   m=1     inner=22     min=     3.093 us/xform  median=     3.096  sd=  1.28%     16.55 GF/s  setup=0.001 s
fftw1d_estimate          L=1024 B=512   m=1     inner=22     min=     4.050 us/xform  median=     4.063  sd=  0.24%     12.64 GF/s  setup=0.001 s
fftw1d_estimate          L=1024 B=512   m=1     inner=20     min=     2.467 us/xform  median=     2.481  sd=  3.57%     20.75 GF/s  setup=0.001 s
fftw1d_estimate          L=1024 B=512   m=1     inner=26     min=     2.372 us/xform  median=     2.385  sd=  0.36%     21.58 GF/s  setup=0.001 s
fftw1d_estimate          L=1024 B=512   m=1     inner=26     min=     2.474 us/xform  median=     2.484  sd=  0.47%     20.70 GF/s  setup=0.001 s
fftw1d_estimate          L=1024 B=512   m=1     inner=24     min=     3.095 us/xform  median=     3.363  sd=  2.31%     16.54 GF/s  setup=0.001 s
fftw1d_measure           L=1024 B=512   m=1     inner=32     min=     2.103 us/xform  median=     2.108  sd=  0.20%     24.34 GF/s  setup=0.117 s
fftw1d_measure           L=1024 B=512   m=1     inner=42     min=     1.815 us/xform  median=     1.818  sd=  0.17%     28.21 GF/s  setup=0.116 s
fftw1d_measure           L=1024 B=512   m=1     inner=28     min=     2.364 us/xform  median=     2.372  sd=  0.27%     21.66 GF/s  setup=0.117 s
fftw1d_measure           L=1024 B=512   m=1     inner=22     min=     2.351 us/xform  median=     2.355  sd=  1.43%     21.78 GF/s  setup=0.118 s
fftw1d_measure           L=1024 B=512   m=1     inner=18     min=     2.071 us/xform  median=     2.073  sd=  8.30%     24.72 GF/s  setup=0.118 s
fftw1d_measure           L=1024 B=512   m=1     inner=26     min=     2.109 us/xform  median=     2.112  sd=  1.67%     24.27 GF/s  setup=0.117 s
fftw1d_measure           L=1024 B=512   m=1     inner=24     min=     2.107 us/xform  median=     2.111  sd=  2.45%     24.30 GF/s  setup=0.117 s
fftw1d_measure           L=1024 B=512   m=1     inner=22     min=     2.365 us/xform  median=     2.374  sd=  1.54%     21.64 GF/s  setup=0.117 s
fftw1d_measure           L=1024 B=512   m=1     inner=22     min=     2.380 us/xform  median=     2.384  sd=  1.47%     21.51 GF/s  setup=0.118 s
fftw1d_patient           L=1024 B=512   m=1     inner=40     min=     1.877 us/xform  median=     1.883  sd=  0.24%     27.28 GF/s  setup=11.702 s
fftw1d_patient           L=1024 B=512   m=1     inner=42     min=     1.807 us/xform  median=     1.811  sd=  0.16%     28.34 GF/s  setup=11.329 s
fftw1d_patient           L=1024 B=512   m=1     inner=38     min=     1.941 us/xform  median=     1.952  sd=  0.20%     26.37 GF/s  setup=11.754 s
fftw1d_patient           L=1024 B=512   m=1     inner=40     min=     1.878 us/xform  median=     1.882  sd=  0.23%     27.26 GF/s  setup=11.331 s
fftw1d_patient           L=1024 B=512   m=1     inner=42     min=     1.810 us/xform  median=     1.814  sd=  0.09%     28.28 GF/s  setup=11.352 s
fftw1d_patient           L=1024 B=512   m=1     inner=42     min=     1.823 us/xform  median=     1.826  sd=  0.13%     28.09 GF/s  setup=11.314 s
fftw1d_patient           L=1024 B=512   m=1     inner=42     min=     1.825 us/xform  median=     1.829  sd=  0.19%     28.06 GF/s  setup=11.785 s
fftw1d_patient           L=1024 B=512   m=1     inner=38     min=     1.924 us/xform  median=     1.933  sd=  0.26%     26.61 GF/s  setup=11.704 s
fftw1d_patient           L=1024 B=512   m=1     inner=40     min=     1.824 us/xform  median=     1.829  sd=  0.25%     28.07 GF/s  setup=11.585 s
mkl1d_dfti               L=1024 B=512   m=1     inner=40     min=     1.980 us/xform  median=     2.257  sd=  3.95%     25.85 GF/s  setup=0.003 s
mkl1d_dfti               L=1024 B=512   m=1     inner=32     min=     1.625 us/xform  median=     1.631  sd=  1.83%     31.52 GF/s  setup=0.002 s
mkl1d_dfti               L=1024 B=512   m=1     inner=46     min=     1.615 us/xform  median=     1.618  sd=  0.22%     31.71 GF/s  setup=0.001 s
mkl1d_dfti               L=1024 B=512   m=1     inner=46     min=     1.618 us/xform  median=     1.623  sd=  0.19%     31.65 GF/s  setup=0.001 s
mkl1d_dfti               L=1024 B=512   m=1     inner=46     min=     1.612 us/xform  median=     1.617  sd=  0.22%     31.76 GF/s  setup=0.001 s
mkl1d_dfti               L=1024 B=512   m=1     inner=34     min=     1.959 us/xform  median=     1.965  sd=  0.23%     26.14 GF/s  setup=0.002 s
mkl1d_dfti               L=1024 B=512   m=1     inner=34     min=     1.811 us/xform  median=     1.814  sd=  0.64%     28.27 GF/s  setup=0.002 s
mkl1d_dfti               L=1024 B=512   m=1     inner=34     min=     1.626 us/xform  median=     1.631  sd=  0.28%     31.48 GF/s  setup=0.002 s
mkl1d_dfti               L=1024 B=512   m=1     inner=46     min=     1.627 us/xform  median=     1.630  sd=  0.16%     31.48 GF/s  setup=0.001 s
   skipping baseline_dft at L=16384 B=1 (too expensive to be informative)
d1_bluestein             L=16384 B=1     m=1     inner=249    min=    80.468 us/xform  median=    84.478  sd=  6.04%     14.25 GF/s  setup=0.003 s
d1_bluestein             L=16384 B=1     m=1     inner=372    min=    70.264 us/xform  median=    70.322  sd=  1.08%     16.32 GF/s  setup=0.005 s
d1_bluestein             L=16384 B=1     m=1     inner=560    min=    69.369 us/xform  median=    69.513  sd=  0.11%     16.53 GF/s  setup=0.003 s
d1_bluestein             L=16384 B=1     m=1     inner=406    min=    79.357 us/xform  median=    84.565  sd=  2.71%     14.45 GF/s  setup=0.004 s
d1_bluestein             L=16384 B=1     m=1     inner=462    min=    85.116 us/xform  median=    85.151  sd=  0.05%     13.47 GF/s  setup=0.003 s
d1_bluestein             L=16384 B=1     m=1     inner=376    min=    69.818 us/xform  median=    69.852  sd=  1.01%     16.43 GF/s  setup=0.004 s
d1_bluestein             L=16384 B=1     m=1     inner=400    min=    81.115 us/xform  median=    88.627  sd=  3.73%     14.14 GF/s  setup=0.004 s
d1_bluestein             L=16384 B=1     m=1     inner=366    min=    84.753 us/xform  median=    84.802  sd=  0.03%     13.53 GF/s  setup=0.004 s
d1_bluestein             L=16384 B=1     m=1     inner=390    min=    69.849 us/xform  median=    69.867  sd=  0.97%     16.42 GF/s  setup=0.004 s
d1_planner               L=16384 B=1     m=1     inner=566    min=    70.402 us/xform  median=    83.638  sd=  6.18%     16.29 GF/s  setup=0.003 s
d1_planner               L=16384 B=1     m=1     inner=434    min=    74.022 us/xform  median=    74.129  sd=  0.11%     15.49 GF/s  setup=0.003 s
d1_planner               L=16384 B=1     m=1     inner=428    min=    60.965 us/xform  median=    61.395  sd=  1.61%     18.81 GF/s  setup=0.003 s
d1_planner               L=16384 B=1     m=1     inner=452    min=    70.824 us/xform  median=    79.663  sd=  4.37%     16.19 GF/s  setup=0.003 s
d1_planner               L=16384 B=1     m=1     inner=522    min=    75.255 us/xform  median=    75.354  sd=  0.07%     15.24 GF/s  setup=0.003 s
d1_planner               L=16384 B=1     m=1     inner=508    min=    60.876 us/xform  median=    76.827  sd=  9.44%     18.84 GF/s  setup=0.003 s
d1_planner               L=16384 B=1     m=1     inner=464    min=    60.186 us/xform  median=    60.339  sd=  0.20%     19.06 GF/s  setup=0.003 s
d1_planner               L=16384 B=1     m=1     inner=452    min=    59.954 us/xform  median=    60.083  sd=  0.19%     19.13 GF/s  setup=0.003 s
d1_planner               L=16384 B=1     m=1     inner=644    min=    61.098 us/xform  median=    61.196  sd=  0.09%     18.77 GF/s  setup=0.002 s
d1_pow2                  L=16384 B=1     m=1     inner=790    min=    46.175 us/xform  median=    46.201  sd=  0.55%     24.84 GF/s  setup=0.003 s
d1_pow2                  L=16384 B=1     m=1     inner=850    min=    44.875 us/xform  median=    44.885  sd=  0.22%     25.56 GF/s  setup=0.002 s
d1_pow2                  L=16384 B=1     m=1     inner=854    min=    45.877 us/xform  median=    45.899  sd=  0.02%     25.00 GF/s  setup=0.002 s
d1_pow2                  L=16384 B=1     m=1     inner=628    min=    45.141 us/xform  median=    45.169  sd=  0.03%     25.41 GF/s  setup=0.004 s
d1_pow2                  L=16384 B=1     m=1     inner=628    min=    53.118 us/xform  median=    53.939  sd=  0.58%     21.59 GF/s  setup=0.006 s
d1_pow2                  L=16384 B=1     m=1     inner=716    min=    54.742 us/xform  median=    54.764  sd=  0.02%     20.95 GF/s  setup=0.003 s
d1_pow2                  L=16384 B=1     m=1     inner=588    min=    46.906 us/xform  median=    46.920  sd=  0.04%     24.45 GF/s  setup=0.004 s
d1_pow2                  L=16384 B=1     m=1     inner=534    min=    52.336 us/xform  median=    56.270  sd=  2.26%     21.91 GF/s  setup=0.004 s
d1_pow2                  L=16384 B=1     m=1     inner=572    min=    46.785 us/xform  median=    46.804  sd=  1.49%     24.51 GF/s  setup=0.003 s
d1_race                  L=16384 B=1     m=1     inner=812    min=    48.597 us/xform  median=    48.607  sd=  0.02%     23.60 GF/s  setup=1.257 s
d1_race                  L=16384 B=1     m=1     inner=644    min=    44.179 us/xform  median=    44.195  sd=  0.03%     25.96 GF/s  setup=0.009 s
d1_race                  L=16384 B=1     m=1     inner=530    min=    51.447 us/xform  median=    57.854  sd=  3.87%     22.29 GF/s  setup=0.010 s
d1_race                  L=16384 B=1     m=1     inner=530    min=    47.207 us/xform  median=    47.237  sd=  2.26%     24.29 GF/s  setup=0.009 s
d1_race                  L=16384 B=1     m=1     inner=856    min=    46.113 us/xform  median=    46.127  sd=  0.02%     24.87 GF/s  setup=0.007 s
d1_race                  L=16384 B=1     m=1     inner=832    min=    46.291 us/xform  median=    46.309  sd=  0.03%     24.78 GF/s  setup=0.007 s
d1_race                  L=16384 B=1     m=1     inner=596    min=    45.539 us/xform  median=    45.627  sd=  0.09%     25.18 GF/s  setup=0.009 s
d1_race                  L=16384 B=1     m=1     inner=620    min=    51.631 us/xform  median=    56.898  sd=  2.93%     22.21 GF/s  setup=0.009 s
d1_race                  L=16384 B=1     m=1     inner=572    min=    44.450 us/xform  median=    44.470  sd=  1.50%     25.80 GF/s  setup=0.009 s
d1_twiddle               L=16384 B=1     m=1     inner=622    min=    61.691 us/xform  median=    62.455  sd=  0.53%     18.59 GF/s  setup=0.001 s
d1_twiddle               L=16384 B=1     m=1     inner=506    min=    50.628 us/xform  median=    50.654  sd=  0.24%     22.65 GF/s  setup=0.001 s
d1_twiddle               L=16384 B=1     m=1     inner=772    min=    50.908 us/xform  median=    50.942  sd=  0.02%     22.53 GF/s  setup=0.001 s
d1_twiddle               L=16384 B=1     m=1     inner=544    min=    61.161 us/xform  median=    61.727  sd=  0.63%     18.75 GF/s  setup=0.001 s
d1_twiddle               L=16384 B=1     m=1     inner=642    min=    60.192 us/xform  median=    60.212  sd=  0.03%     19.05 GF/s  setup=0.001 s
d1_twiddle               L=16384 B=1     m=1     inner=646    min=    53.889 us/xform  median=    60.021  sd=  2.97%     21.28 GF/s  setup=0.001 s
d1_twiddle               L=16384 B=1     m=1     inner=538    min=    50.874 us/xform  median=    50.906  sd=  0.05%     22.54 GF/s  setup=0.001 s
d1_twiddle               L=16384 B=1     m=1     inner=768    min=    50.080 us/xform  median=    50.114  sd=  0.03%     22.90 GF/s  setup=0.001 s
d1_twiddle               L=16384 B=1     m=1     inner=558    min=    51.848 us/xform  median=    51.920  sd=  0.09%     22.12 GF/s  setup=0.001 s
fftw1d_estimate          L=16384 B=1     m=1     inner=251    min=    79.311 us/xform  median=    79.329  sd=  0.03%     14.46 GF/s  setup=0.001 s
fftw1d_estimate          L=16384 B=1     m=1     inner=398    min=    69.597 us/xform  median=    69.616  sd=  0.01%     16.48 GF/s  setup=0.001 s
fftw1d_estimate          L=16384 B=1     m=1     inner=287    min=    69.615 us/xform  median=    69.627  sd=  0.07%     16.47 GF/s  setup=0.001 s
fftw1d_estimate          L=16384 B=1     m=1     inner=398    min=    79.817 us/xform  median=    79.835  sd=  0.01%     14.37 GF/s  setup=0.001 s
fftw1d_estimate          L=16384 B=1     m=1     inner=498    min=    70.424 us/xform  median=    70.445  sd=  6.34%     16.29 GF/s  setup=0.001 s
fftw1d_estimate          L=16384 B=1     m=1     inner=394    min=    70.334 us/xform  median=    70.347  sd=  0.01%     16.31 GF/s  setup=0.001 s
fftw1d_estimate          L=16384 B=1     m=1     inner=564    min=    70.575 us/xform  median=    70.599  sd=  0.02%     16.25 GF/s  setup=0.001 s
fftw1d_estimate          L=16384 B=1     m=1     inner=568    min=    70.007 us/xform  median=    70.021  sd=  0.01%     16.38 GF/s  setup=0.001 s
fftw1d_estimate          L=16384 B=1     m=1     inner=550    min=    70.584 us/xform  median=    70.595  sd=  0.01%     16.25 GF/s  setup=0.001 s
fftw1d_measure           L=16384 B=1     m=1     inner=1070   min=    36.969 us/xform  median=    36.984  sd=  0.02%     31.02 GF/s  setup=0.568 s
fftw1d_measure           L=16384 B=1     m=1     inner=1116   min=    35.383 us/xform  median=    35.391  sd=  0.02%     32.41 GF/s  setup=0.567 s
fftw1d_measure           L=16384 B=1     m=1     inner=986    min=    40.280 us/xform  median=    40.288  sd=  0.01%     28.47 GF/s  setup=0.618 s
fftw1d_measure           L=16384 B=1     m=1     inner=988    min=    40.185 us/xform  median=    40.195  sd=  0.02%     28.54 GF/s  setup=0.617 s
fftw1d_measure           L=16384 B=1     m=1     inner=1118   min=    35.673 us/xform  median=    35.680  sd=  0.01%     32.15 GF/s  setup=0.571 s
fftw1d_measure           L=16384 B=1     m=1     inner=1102   min=    36.125 us/xform  median=    36.138  sd=  0.02%     31.75 GF/s  setup=0.567 s
fftw1d_measure           L=16384 B=1     m=1     inner=986    min=    37.719 us/xform  median=    40.400  sd=  1.93%     30.41 GF/s  setup=0.619 s
fftw1d_measure           L=16384 B=1     m=1     inner=1118   min=    35.596 us/xform  median=    35.604  sd=  0.01%     32.22 GF/s  setup=0.571 s
fftw1d_measure           L=16384 B=1     m=1     inner=1116   min=    35.713 us/xform  median=    35.715  sd=  0.01%     32.11 GF/s  setup=0.567 s
fftw1d_patient           L=16384 B=1     m=1     inner=1220   min=    32.611 us/xform  median=    32.620  sd=  0.01%     35.17 GF/s  setup=6.339 s
fftw1d_patient           L=16384 B=1     m=1     inner=1194   min=    33.173 us/xform  median=    33.183  sd=  0.01%     34.57 GF/s  setup=6.251 s
fftw1d_patient           L=16384 B=1     m=1     inner=611    min=    32.792 us/xform  median=    32.804  sd=  0.02%     34.97 GF/s  setup=6.250 s
fftw1d_patient           L=16384 B=1     m=1     inner=1210   min=    32.814 us/xform  median=    32.831  sd=  0.04%     34.95 GF/s  setup=6.254 s
fftw1d_patient           L=16384 B=1     m=1     inner=1226   min=    32.600 us/xform  median=    32.610  sd=  0.02%     35.18 GF/s  setup=6.268 s
fftw1d_patient           L=16384 B=1     m=1     inner=1226   min=    32.587 us/xform  median=    32.595  sd=  0.03%     35.19 GF/s  setup=6.377 s
fftw1d_patient           L=16384 B=1     m=1     inner=1236   min=    32.072 us/xform  median=    32.101  sd=  0.04%     35.76 GF/s  setup=6.246 s
fftw1d_patient           L=16384 B=1     m=1     inner=1218   min=    32.695 us/xform  median=    32.707  sd=  0.02%     35.08 GF/s  setup=6.259 s
fftw1d_patient           L=16384 B=1     m=1     inner=1210   min=    32.664 us/xform  median=    32.686  sd=  0.03%     35.11 GF/s  setup=6.246 s
mkl1d_dfti               L=16384 B=1     m=1     inner=1030   min=    39.071 us/xform  median=    43.956  sd=  4.61%     29.35 GF/s  setup=0.003 s
mkl1d_dfti               L=16384 B=1     m=1     inner=818    min=    41.424 us/xform  median=    41.434  sd=  0.08%     27.69 GF/s  setup=0.003 s
mkl1d_dfti               L=16384 B=1     m=1     inner=750    min=    33.989 us/xform  median=    34.008  sd=  1.26%     33.74 GF/s  setup=0.003 s
mkl1d_dfti               L=16384 B=1     m=1     inner=842    min=    39.830 us/xform  median=    45.570  sd=  4.94%     28.79 GF/s  setup=0.002 s
mkl1d_dfti               L=16384 B=1     m=1     inner=790    min=    41.627 us/xform  median=    41.646  sd=  0.03%     27.55 GF/s  setup=0.002 s
mkl1d_dfti               L=16384 B=1     m=1     inner=750    min=    33.680 us/xform  median=    33.697  sd=  1.04%     34.05 GF/s  setup=0.002 s
mkl1d_dfti               L=16384 B=1     m=1     inner=1144   min=    34.665 us/xform  median=    34.676  sd=  0.10%     33.09 GF/s  setup=0.002 s
mkl1d_dfti               L=16384 B=1     m=1     inner=750    min=    42.271 us/xform  median=    46.755  sd=  3.90%     27.13 GF/s  setup=0.002 s
mkl1d_dfti               L=16384 B=1     m=1     inner=756    min=    34.500 us/xform  median=    34.518  sd=  0.92%     33.24 GF/s  setup=0.002 s
   skipping baseline_dft at L=4096 B=1 (too expensive to be informative)
d1_bluestein             L=4096 B=1     m=1     inner=1104   min=    17.891 us/xform  median=    17.905  sd=  0.07%     13.74 GF/s  setup=0.001 s
d1_bluestein             L=4096 B=1     m=1     inner=1688   min=    18.000 us/xform  median=    18.009  sd=  0.04%     13.65 GF/s  setup=0.002 s
d1_bluestein             L=4096 B=1     m=1     inner=1768   min=    17.814 us/xform  median=    17.826  sd=  0.04%     13.80 GF/s  setup=0.002 s
d1_bluestein             L=4096 B=1     m=1     inner=1125   min=    17.711 us/xform  median=    17.720  sd=  0.04%     13.88 GF/s  setup=0.001 s
d1_bluestein             L=4096 B=1     m=1     inner=1770   min=    17.877 us/xform  median=    17.882  sd=  0.02%     13.75 GF/s  setup=0.002 s
d1_bluestein             L=4096 B=1     m=1     inner=2208   min=    18.028 us/xform  median=    18.035  sd=  0.03%     13.63 GF/s  setup=0.002 s
d1_bluestein             L=4096 B=1     m=1     inner=1700   min=    17.735 us/xform  median=    17.746  sd=  0.04%     13.86 GF/s  setup=0.002 s
d1_bluestein             L=4096 B=1     m=1     inner=1658   min=    17.956 us/xform  median=    17.964  sd=  0.04%     13.69 GF/s  setup=0.002 s
d1_bluestein             L=4096 B=1     m=1     inner=1776   min=    17.779 us/xform  median=    17.782  sd=  0.01%     13.82 GF/s  setup=0.002 s
d1_planner               L=4096 B=1     m=1     inner=2536   min=    15.718 us/xform  median=    15.727  sd=  0.13%     15.64 GF/s  setup=0.001 s
d1_planner               L=4096 B=1     m=1     inner=2026   min=    15.551 us/xform  median=    15.558  sd=  0.08%     15.80 GF/s  setup=0.001 s
d1_planner               L=4096 B=1     m=1     inner=1916   min=    15.728 us/xform  median=    15.749  sd=  0.16%     15.63 GF/s  setup=0.001 s
d1_planner               L=4096 B=1     m=1     inner=2012   min=    13.751 us/xform  median=    13.760  sd=  0.11%     17.87 GF/s  setup=0.001 s
d1_planner               L=4096 B=1     m=1     inner=1984   min=    15.833 us/xform  median=    15.856  sd=  0.06%     15.52 GF/s  setup=0.001 s
d1_planner               L=4096 B=1     m=1     inner=2016   min=    13.679 us/xform  median=    13.684  sd=  0.25%     17.97 GF/s  setup=0.001 s
d1_planner               L=4096 B=1     m=1     inner=1880   min=    16.058 us/xform  median=    16.067  sd=  0.19%     15.30 GF/s  setup=0.001 s
d1_planner               L=4096 B=1     m=1     inner=1902   min=    15.857 us/xform  median=    15.871  sd=  0.14%     15.50 GF/s  setup=0.001 s
d1_planner               L=4096 B=1     m=1     inner=1990   min=    15.908 us/xform  median=    15.917  sd=  0.03%     15.45 GF/s  setup=0.001 s
d1_pow2                  L=4096 B=1     m=1     inner=4000   min=     9.890 us/xform  median=     9.892  sd=  0.06%     24.85 GF/s  setup=0.001 s
d1_pow2                  L=4096 B=1     m=1     inner=3080   min=     9.963 us/xform  median=     9.968  sd=  0.05%     24.67 GF/s  setup=0.001 s
d1_pow2                  L=4096 B=1     m=1     inner=4008   min=     9.941 us/xform  median=     9.944  sd=  0.04%     24.72 GF/s  setup=0.001 s
d1_pow2                  L=4096 B=1     m=1     inner=3048   min=     9.906 us/xform  median=     9.908  sd=  0.01%     24.81 GF/s  setup=0.001 s
d1_pow2                  L=4096 B=1     m=1     inner=3166   min=     9.974 us/xform  median=     9.979  sd=  0.03%     24.64 GF/s  setup=0.001 s
d1_pow2                  L=4096 B=1     m=1     inner=3048   min=     9.878 us/xform  median=     9.884  sd=  0.06%     24.88 GF/s  setup=0.001 s
d1_pow2                  L=4096 B=1     m=1     inner=3192   min=     9.941 us/xform  median=     9.945  sd=  0.04%     24.72 GF/s  setup=0.001 s
d1_pow2                  L=4096 B=1     m=1     inner=3052   min=     9.988 us/xform  median=     9.993  sd=  0.03%     24.60 GF/s  setup=0.001 s
d1_pow2                  L=4096 B=1     m=1     inner=3082   min=     9.938 us/xform  median=     9.944  sd=  0.04%     24.73 GF/s  setup=0.001 s
d1_race                  L=4096 B=1     m=1     inner=2178   min=     9.589 us/xform  median=     9.608  sd=  0.12%     25.63 GF/s  setup=1.196 s
d1_race                  L=4096 B=1     m=1     inner=3196   min=     9.321 us/xform  median=     9.336  sd=  0.09%     26.36 GF/s  setup=0.011 s
d1_race                  L=4096 B=1     m=1     inner=2182   min=     9.456 us/xform  median=     9.492  sd=  0.16%     25.99 GF/s  setup=0.010 s
d1_race                  L=4096 B=1     m=1     inner=3178   min=     9.523 us/xform  median=     9.566  sd=  0.21%     25.81 GF/s  setup=0.009 s
d1_race                  L=4096 B=1     m=1     inner=3238   min=     9.288 us/xform  median=     9.307  sd=  0.10%     26.46 GF/s  setup=0.011 s
d1_race                  L=4096 B=1     m=1     inner=4018   min=     9.851 us/xform  median=     9.871  sd=  0.13%     24.95 GF/s  setup=0.011 s
d1_race                  L=4096 B=1     m=1     inner=3380   min=     9.331 us/xform  median=     9.344  sd=  0.10%     26.34 GF/s  setup=0.010 s
d1_race                  L=4096 B=1     m=1     inner=2154   min=     9.325 us/xform  median=     9.346  sd=  0.09%     26.36 GF/s  setup=0.007 s
d1_race                  L=4096 B=1     m=1     inner=3256   min=     9.298 us/xform  median=     9.307  sd=  0.11%     26.43 GF/s  setup=0.009 s
d1_twiddle               L=4096 B=1     m=1     inner=3214   min=     9.521 us/xform  median=     9.545  sd=  0.21%     25.81 GF/s  setup=0.000 s
d1_twiddle               L=4096 B=1     m=1     inner=3154   min=     9.630 us/xform  median=     9.645  sd=  0.08%     25.52 GF/s  setup=0.000 s
d1_twiddle               L=4096 B=1     m=1     inner=2182   min=     9.437 us/xform  median=     9.506  sd=  0.30%     26.04 GF/s  setup=0.000 s
d1_twiddle               L=4096 B=1     m=1     inner=3078   min=     9.780 us/xform  median=     9.789  sd=  0.07%     25.13 GF/s  setup=0.000 s
d1_twiddle               L=4096 B=1     m=1     inner=3308   min=     9.507 us/xform  median=     9.573  sd=  0.24%     25.85 GF/s  setup=0.000 s
d1_twiddle               L=4096 B=1     m=1     inner=3106   min=     9.602 us/xform  median=     9.627  sd=  0.18%     25.60 GF/s  setup=0.000 s
d1_twiddle               L=4096 B=1     m=1     inner=2103   min=     9.503 us/xform  median=     9.518  sd=  0.09%     25.86 GF/s  setup=0.000 s
d1_twiddle               L=4096 B=1     m=1     inner=2184   min=     9.469 us/xform  median=     9.498  sd=  0.20%     25.95 GF/s  setup=0.000 s
d1_twiddle               L=4096 B=1     m=1     inner=3248   min=     9.335 us/xform  median=     9.371  sd=  0.21%     26.33 GF/s  setup=0.000 s
fftw1d_estimate          L=4096 B=1     m=1     inner=1778   min=    17.802 us/xform  median=    17.804  sd=  0.01%     13.81 GF/s  setup=0.001 s
fftw1d_estimate          L=4096 B=1     m=1     inner=1688   min=    17.926 us/xform  median=    17.931  sd=  0.02%     13.71 GF/s  setup=0.001 s
fftw1d_estimate          L=4096 B=1     m=1     inner=1114   min=    17.932 us/xform  median=    17.935  sd=  0.05%     13.70 GF/s  setup=0.001 s
fftw1d_estimate          L=4096 B=1     m=1     inner=1766   min=    17.870 us/xform  median=    17.875  sd=  0.02%     13.75 GF/s  setup=0.001 s
fftw1d_estimate          L=4096 B=1     m=1     inner=2224   min=    17.945 us/xform  median=    17.948  sd=  0.01%     13.70 GF/s  setup=0.001 s
fftw1d_estimate          L=4096 B=1     m=1     inner=1692   min=    17.838 us/xform  median=    17.844  sd=  0.03%     13.78 GF/s  setup=0.001 s
fftw1d_estimate          L=4096 B=1     m=1     inner=1762   min=    17.936 us/xform  median=    17.940  sd=  0.01%     13.70 GF/s  setup=0.001 s
fftw1d_estimate          L=4096 B=1     m=1     inner=1770   min=    17.915 us/xform  median=    17.920  sd=  0.02%     13.72 GF/s  setup=0.001 s
fftw1d_estimate          L=4096 B=1     m=1     inner=2206   min=    17.964 us/xform  median=    17.967  sd=  0.01%     13.68 GF/s  setup=0.001 s
fftw1d_measure           L=4096 B=1     m=1     inner=4666   min=     8.327 us/xform  median=     8.329  sd=  0.03%     29.51 GF/s  setup=0.234 s
fftw1d_measure           L=4096 B=1     m=1     inner=4628   min=     8.470 us/xform  median=     8.474  sd=  0.04%     29.02 GF/s  setup=0.234 s
fftw1d_measure           L=4096 B=1     m=1     inner=4700   min=     8.443 us/xform  median=     8.446  sd=  0.02%     29.11 GF/s  setup=0.234 s
fftw1d_measure           L=4096 B=1     m=1     inner=4648   min=     7.483 us/xform  median=     8.515  sd=  6.50%     32.84 GF/s  setup=0.234 s
fftw1d_measure           L=4096 B=1     m=1     inner=4634   min=     8.492 us/xform  median=     8.494  sd=  0.02%     28.94 GF/s  setup=0.234 s
fftw1d_measure           L=4096 B=1     m=1     inner=5364   min=     7.405 us/xform  median=     7.406  sd=  0.01%     33.19 GF/s  setup=0.222 s
fftw1d_measure           L=4096 B=1     m=1     inner=4484   min=     8.599 us/xform  median=     8.602  sd=  0.02%     28.58 GF/s  setup=0.233 s
fftw1d_measure           L=4096 B=1     m=1     inner=5422   min=     7.304 us/xform  median=     7.307  sd=  0.02%     33.65 GF/s  setup=0.221 s
fftw1d_measure           L=4096 B=1     m=1     inner=4692   min=     8.497 us/xform  median=     8.499  sd=  0.04%     28.92 GF/s  setup=0.234 s
fftw1d_patient           L=4096 B=1     m=1     inner=5758   min=     6.813 us/xform  median=     6.815  sd=  0.01%     36.07 GF/s  setup=1.983 s
fftw1d_patient           L=4096 B=1     m=1     inner=5564   min=     6.849 us/xform  median=     6.851  sd=  0.02%     35.88 GF/s  setup=1.990 s
fftw1d_patient           L=4096 B=1     m=1     inner=5706   min=     6.944 us/xform  median=     6.945  sd=  0.01%     35.39 GF/s  setup=1.983 s
fftw1d_patient           L=4096 B=1     m=1     inner=5786   min=     6.866 us/xform  median=     6.868  sd=  0.02%     35.79 GF/s  setup=1.933 s
fftw1d_patient           L=4096 B=1     m=1     inner=5826   min=     6.809 us/xform  median=     6.811  sd=  0.01%     36.09 GF/s  setup=1.977 s
fftw1d_patient           L=4096 B=1     m=1     inner=5908   min=     6.699 us/xform  median=     6.701  sd=  0.02%     36.69 GF/s  setup=1.937 s
fftw1d_patient           L=4096 B=1     m=1     inner=5712   min=     6.842 us/xform  median=     6.847  sd=  0.03%     35.92 GF/s  setup=1.935 s
fftw1d_patient           L=4096 B=1     m=1     inner=5806   min=     6.819 us/xform  median=     6.821  sd=  0.01%     36.04 GF/s  setup=1.985 s
fftw1d_patient           L=4096 B=1     m=1     inner=5712   min=     6.824 us/xform  median=     6.826  sd=  0.02%     36.01 GF/s  setup=1.931 s
mkl1d_dfti               L=4096 B=1     m=1     inner=2927   min=     6.837 us/xform  median=     6.841  sd=  0.04%     35.94 GF/s  setup=0.002 s
mkl1d_dfti               L=4096 B=1     m=1     inner=4664   min=     5.989 us/xform  median=     5.990  sd=  0.01%     41.04 GF/s  setup=0.002 s
mkl1d_dfti               L=4096 B=1     m=1     inner=4542   min=     6.101 us/xform  median=     6.102  sd=  0.06%     40.28 GF/s  setup=0.002 s
mkl1d_dfti               L=4096 B=1     m=1     inner=4578   min=     6.815 us/xform  median=     6.817  sd=  0.02%     36.06 GF/s  setup=0.002 s
mkl1d_dfti               L=4096 B=1     m=1     inner=5734   min=     6.837 us/xform  median=     6.838  sd=  0.01%     35.95 GF/s  setup=0.002 s
mkl1d_dfti               L=4096 B=1     m=1     inner=5746   min=     6.834 us/xform  median=     6.837  sd=  0.05%     35.96 GF/s  setup=0.002 s
mkl1d_dfti               L=4096 B=1     m=1     inner=5738   min=     6.040 us/xform  median=     6.042  sd=  2.30%     40.69 GF/s  setup=0.002 s
mkl1d_dfti               L=4096 B=1     m=1     inner=6368   min=     6.058 us/xform  median=     6.059  sd=  0.02%     40.57 GF/s  setup=0.001 s
mkl1d_dfti               L=4096 B=1     m=1     inner=4510   min=     6.043 us/xform  median=     6.045  sd=  0.02%     40.67 GF/s  setup=0.002 s
   skipping baseline_dft at L=128 B=512 (too expensive to be informative)
d1_batchlane             L=128 B=512   m=1     inner=458    min=     0.160 us/xform  median=     0.160  sd=  0.45%     27.99 GF/s  setup=0.000 s
d1_batchlane             L=128 B=512   m=1     inner=474    min=     0.160 us/xform  median=     0.161  sd=  0.04%     27.92 GF/s  setup=0.000 s
d1_batchlane             L=128 B=512   m=1     inner=478    min=     0.160 us/xform  median=     0.161  sd=  0.05%     27.93 GF/s  setup=0.000 s
d1_batchlane             L=128 B=512   m=1     inner=466    min=     0.164 us/xform  median=     0.165  sd=  0.15%     27.28 GF/s  setup=0.000 s
d1_batchlane             L=128 B=512   m=1     inner=470    min=     0.162 us/xform  median=     0.163  sd=  0.04%     27.58 GF/s  setup=0.000 s
d1_batchlane             L=128 B=512   m=1     inner=478    min=     0.160 us/xform  median=     0.160  sd=  0.05%     28.01 GF/s  setup=0.000 s
d1_batchlane             L=128 B=512   m=1     inner=378    min=     0.173 us/xform  median=     0.174  sd=  0.04%     25.83 GF/s  setup=0.000 s
d1_batchlane             L=128 B=512   m=1     inner=294    min=     0.183 us/xform  median=     0.183  sd=  0.14%     24.49 GF/s  setup=0.000 s
d1_batchlane             L=128 B=512   m=1     inner=362    min=     0.165 us/xform  median=     0.165  sd=  0.35%     27.19 GF/s  setup=0.000 s
d1_bluestein             L=128 B=512   m=1     inner=230    min=     0.317 us/xform  median=     0.318  sd=  0.87%     14.12 GF/s  setup=0.001 s
d1_bluestein             L=128 B=512   m=1     inner=160    min=     0.346 us/xform  median=     0.347  sd=  0.12%     12.94 GF/s  setup=0.001 s
d1_bluestein             L=128 B=512   m=1     inner=170    min=     0.371 us/xform  median=     0.407  sd=  2.82%     12.06 GF/s  setup=0.001 s
d1_bluestein             L=128 B=512   m=1     inner=162    min=     0.316 us/xform  median=     0.316  sd=  1.14%     14.19 GF/s  setup=0.001 s
d1_bluestein             L=128 B=512   m=1     inner=238    min=     0.317 us/xform  median=     0.317  sd=  0.12%     14.13 GF/s  setup=0.001 s
d1_bluestein             L=128 B=512   m=1     inner=156    min=     0.343 us/xform  median=     0.343  sd=  0.12%     13.08 GF/s  setup=0.001 s
d1_bluestein             L=128 B=512   m=1     inner=168    min=     0.370 us/xform  median=     0.409  sd=  3.12%     12.09 GF/s  setup=0.001 s
d1_bluestein             L=128 B=512   m=1     inner=140    min=     0.344 us/xform  median=     0.344  sd=  0.90%     13.03 GF/s  setup=0.001 s
d1_bluestein             L=128 B=512   m=1     inner=216    min=     0.350 us/xform  median=     0.350  sd=  0.06%     12.81 GF/s  setup=0.000 s
d1_planner               L=128 B=512   m=1     inner=256    min=     0.302 us/xform  median=     0.302  sd=  0.04%     14.83 GF/s  setup=0.000 s
d1_planner               L=128 B=512   m=1     inner=188    min=     0.362 us/xform  median=     0.413  sd=  4.16%     12.37 GF/s  setup=0.000 s
d1_planner               L=128 B=512   m=1     inner=154    min=     0.302 us/xform  median=     0.302  sd=  2.00%     14.85 GF/s  setup=0.000 s
d1_planner               L=128 B=512   m=1     inner=180    min=     0.312 us/xform  median=     0.312  sd=  0.39%     14.38 GF/s  setup=0.000 s
d1_planner               L=128 B=512   m=1     inner=176    min=     0.371 us/xform  median=     0.423  sd=  4.26%     12.08 GF/s  setup=0.000 s
d1_planner               L=128 B=512   m=1     inner=160    min=     0.425 us/xform  median=     0.425  sd=  0.12%     10.54 GF/s  setup=0.000 s
d1_planner               L=128 B=512   m=1     inner=184    min=     0.422 us/xform  median=     0.422  sd=  0.08%     10.62 GF/s  setup=0.000 s
d1_planner               L=128 B=512   m=1     inner=164    min=     0.303 us/xform  median=     0.304  sd=  2.07%     14.77 GF/s  setup=0.000 s
d1_planner               L=128 B=512   m=1     inner=184    min=     0.368 us/xform  median=     0.425  sd=  5.18%     12.19 GF/s  setup=0.000 s
d1_pow2                  L=128 B=512   m=1     inner=454    min=     0.171 us/xform  median=     0.171  sd=  0.06%     26.15 GF/s  setup=0.000 s
d1_pow2                  L=128 B=512   m=1     inner=344    min=     0.172 us/xform  median=     0.172  sd=  0.11%     26.10 GF/s  setup=0.000 s
d1_pow2                  L=128 B=512   m=1     inner=223    min=     0.173 us/xform  median=     0.173  sd=  0.14%     25.91 GF/s  setup=0.000 s
d1_pow2                  L=128 B=512   m=1     inner=364    min=     0.174 us/xform  median=     0.174  sd=  0.13%     25.79 GF/s  setup=0.000 s
d1_pow2                  L=128 B=512   m=1     inner=362    min=     0.174 us/xform  median=     0.174  sd=  0.08%     25.76 GF/s  setup=0.000 s
d1_pow2                  L=128 B=512   m=1     inner=352    min=     0.189 us/xform  median=     0.190  sd=  0.11%     23.68 GF/s  setup=0.000 s
d1_pow2                  L=128 B=512   m=1     inner=352    min=     0.174 us/xform  median=     0.174  sd=  0.07%     25.79 GF/s  setup=0.000 s
d1_pow2                  L=128 B=512   m=1     inner=348    min=     0.176 us/xform  median=     0.176  sd=  0.07%     25.50 GF/s  setup=0.000 s
d1_pow2                  L=128 B=512   m=1     inner=222    min=     0.174 us/xform  median=     0.174  sd=  0.16%     25.82 GF/s  setup=0.000 s
d1_race                  L=128 B=512   m=1     inner=306    min=     0.179 us/xform  median=     0.187  sd=  3.67%     24.98 GF/s  setup=1.060 s
d1_race                  L=128 B=512   m=1     inner=368    min=     0.173 us/xform  median=     0.173  sd=  0.12%     25.90 GF/s  setup=0.006 s
d1_race                  L=128 B=512   m=1     inner=380    min=     0.181 us/xform  median=     0.181  sd=  0.11%     24.76 GF/s  setup=0.006 s
d1_race                  L=128 B=512   m=1     inner=300    min=     0.178 us/xform  median=     0.179  sd=  0.12%     25.15 GF/s  setup=0.005 s
d1_race                  L=128 B=512   m=1     inner=368    min=     0.172 us/xform  median=     0.173  sd=  0.11%     25.98 GF/s  setup=0.007 s
d1_race                  L=128 B=512   m=1     inner=442    min=     0.174 us/xform  median=     0.175  sd=  0.18%     25.73 GF/s  setup=0.006 s
d1_race                  L=128 B=512   m=1     inner=440    min=     0.174 us/xform  median=     0.175  sd=  0.23%     25.80 GF/s  setup=0.006 s
d1_race                  L=128 B=512   m=1     inner=350    min=     0.178 us/xform  median=     0.178  sd=  0.12%     25.21 GF/s  setup=0.005 s
d1_race                  L=128 B=512   m=1     inner=362    min=     0.177 us/xform  median=     0.178  sd=  0.08%     25.28 GF/s  setup=0.005 s
d1_twiddle               L=128 B=512   m=1     inner=412    min=     0.182 us/xform  median=     0.182  sd=  0.14%     24.68 GF/s  setup=0.000 s
d1_twiddle               L=128 B=512   m=1     inner=408    min=     0.185 us/xform  median=     0.185  sd=  0.14%     24.18 GF/s  setup=0.000 s
d1_twiddle               L=128 B=512   m=1     inner=418    min=     0.182 us/xform  median=     0.182  sd=  0.05%     24.64 GF/s  setup=0.000 s
d1_twiddle               L=128 B=512   m=1     inner=336    min=     0.187 us/xform  median=     0.187  sd=  0.12%     23.99 GF/s  setup=0.000 s
d1_twiddle               L=128 B=512   m=1     inner=394    min=     0.193 us/xform  median=     0.193  sd=  0.04%     23.26 GF/s  setup=0.000 s
d1_twiddle               L=128 B=512   m=1     inner=388    min=     0.194 us/xform  median=     0.196  sd=  0.25%     23.04 GF/s  setup=0.000 s
d1_twiddle               L=128 B=512   m=1     inner=360    min=     0.176 us/xform  median=     0.177  sd=  0.14%     25.40 GF/s  setup=0.000 s
d1_twiddle               L=128 B=512   m=1     inner=430    min=     0.183 us/xform  median=     0.184  sd=  0.17%     24.51 GF/s  setup=0.000 s
d1_twiddle               L=128 B=512   m=1     inner=436    min=     0.169 us/xform  median=     0.169  sd=  1.79%     26.45 GF/s  setup=0.000 s
fftw1d_custom            L=128 B=512   m=1     inner=90     min=     0.898 us/xform  median=     0.908  sd=  0.32%      4.99 GF/s  setup=0.000 s
fftw1d_custom            L=128 B=512   m=1     inner=70     min=     1.000 us/xform  median=     1.001  sd=  0.14%      4.48 GF/s  setup=0.000 s
fftw1d_custom            L=128 B=512   m=1     inner=62     min=     0.922 us/xform  median=     0.923  sd=  0.10%      4.86 GF/s  setup=0.000 s
fftw1d_custom            L=128 B=512   m=1     inner=70     min=     1.003 us/xform  median=     1.042  sd=  1.79%      4.47 GF/s  setup=0.000 s
fftw1d_custom            L=128 B=512   m=1     inner=74     min=     1.046 us/xform  median=     1.048  sd=  0.07%      4.28 GF/s  setup=0.000 s
fftw1d_custom            L=128 B=512   m=1     inner=64     min=     1.052 us/xform  median=     1.052  sd=  0.24%      4.26 GF/s  setup=0.000 s
fftw1d_custom            L=128 B=512   m=1     inner=60     min=     1.043 us/xform  median=     1.044  sd=  0.06%      4.29 GF/s  setup=0.000 s
fftw1d_custom            L=128 B=512   m=1     inner=70     min=     1.041 us/xform  median=     1.044  sd=  0.14%      4.31 GF/s  setup=0.000 s
fftw1d_custom            L=128 B=512   m=1     inner=56     min=     0.767 us/xform  median=     0.768  sd=  4.88%      5.84 GF/s  setup=0.000 s
fftw1d_custom_soa        L=128 B=512   m=1     inner=70     min=     0.577 us/xform  median=     0.585  sd=  0.42%      7.76 GF/s  setup=0.000 s
fftw1d_custom_soa        L=128 B=512   m=1     inner=110    min=     0.557 us/xform  median=     0.557  sd=  0.02%      8.04 GF/s  setup=0.000 s
fftw1d_custom_soa        L=128 B=512   m=1     inner=138    min=     0.559 us/xform  median=     0.560  sd=  0.01%      8.01 GF/s  setup=0.000 s
fftw1d_custom_soa        L=128 B=512   m=1     inner=138    min=     0.557 us/xform  median=     0.557  sd=  0.02%      8.05 GF/s  setup=0.000 s
fftw1d_custom_soa        L=128 B=512   m=1     inner=116    min=     0.583 us/xform  median=     0.584  sd=  0.02%      7.68 GF/s  setup=0.000 s
fftw1d_custom_soa        L=128 B=512   m=1     inner=110    min=     0.559 us/xform  median=     0.559  sd=  0.01%      8.01 GF/s  setup=0.000 s
fftw1d_custom_soa        L=128 B=512   m=1     inner=140    min=     0.556 us/xform  median=     0.556  sd=  0.02%      8.05 GF/s  setup=0.000 s
fftw1d_custom_soa        L=128 B=512   m=1     inner=136    min=     0.510 us/xform  median=     0.558  sd=  4.53%      8.79 GF/s  setup=0.000 s
fftw1d_custom_soa        L=128 B=512   m=1     inner=116    min=     0.560 us/xform  median=     0.560  sd=  0.02%      8.00 GF/s  setup=0.000 s
fftw1d_estimate          L=128 B=512   m=1     inner=150    min=     0.551 us/xform  median=     0.668  sd=  6.35%      8.13 GF/s  setup=0.001 s
fftw1d_estimate          L=128 B=512   m=1     inner=94     min=     0.456 us/xform  median=     0.456  sd=  3.33%      9.83 GF/s  setup=0.001 s
fftw1d_estimate          L=128 B=512   m=1     inner=166    min=     0.459 us/xform  median=     0.460  sd=  0.10%      9.76 GF/s  setup=0.000 s
fftw1d_estimate          L=128 B=512   m=1     inner=168    min=     0.454 us/xform  median=     0.454  sd=  0.07%      9.87 GF/s  setup=0.000 s
fftw1d_estimate          L=128 B=512   m=1     inner=164    min=     0.458 us/xform  median=     0.458  sd=  0.07%      9.78 GF/s  setup=0.000 s
fftw1d_estimate          L=128 B=512   m=1     inner=164    min=     0.454 us/xform  median=     0.455  sd=  0.06%      9.86 GF/s  setup=0.000 s
fftw1d_estimate          L=128 B=512   m=1     inner=164    min=     0.457 us/xform  median=     0.457  sd=  0.05%      9.80 GF/s  setup=0.000 s
fftw1d_estimate          L=128 B=512   m=1     inner=120    min=     0.523 us/xform  median=     0.643  sd=  7.42%      8.56 GF/s  setup=0.001 s
fftw1d_estimate          L=128 B=512   m=1     inner=100    min=     0.455 us/xform  median=     0.456  sd=  3.63%      9.84 GF/s  setup=0.001 s
fftw1d_measure           L=128 B=512   m=1     inner=364    min=     0.219 us/xform  median=     0.225  sd=  0.74%     20.44 GF/s  setup=0.048 s
fftw1d_measure           L=128 B=512   m=1     inner=390    min=     0.190 us/xform  median=     0.191  sd=  0.04%     23.52 GF/s  setup=0.050 s
fftw1d_measure           L=128 B=512   m=1     inner=358    min=     0.207 us/xform  median=     0.207  sd=  0.05%     21.69 GF/s  setup=0.050 s
fftw1d_measure           L=128 B=512   m=1     inner=336    min=     0.208 us/xform  median=     0.208  sd=  0.48%     21.51 GF/s  setup=0.048 s
fftw1d_measure           L=128 B=512   m=1     inner=402    min=     0.194 us/xform  median=     0.194  sd=  0.02%     23.10 GF/s  setup=0.050 s
fftw1d_measure           L=128 B=512   m=1     inner=358    min=     0.210 us/xform  median=     0.210  sd=  0.05%     21.38 GF/s  setup=0.050 s
fftw1d_measure           L=128 B=512   m=1     inner=173    min=     0.206 us/xform  median=     0.206  sd=  1.94%     21.74 GF/s  setup=0.048 s
fftw1d_measure           L=128 B=512   m=1     inner=184    min=     0.220 us/xform  median=     0.225  sd=  0.62%     20.39 GF/s  setup=0.049 s
fftw1d_measure           L=128 B=512   m=1     inner=284    min=     0.202 us/xform  median=     0.202  sd=  2.55%     22.22 GF/s  setup=0.050 s
fftw1d_patient           L=128 B=512   m=1     inner=214    min=     0.250 us/xform  median=     0.251  sd=  1.62%     17.89 GF/s  setup=0.888 s
fftw1d_patient           L=128 B=512   m=1     inner=210    min=     0.255 us/xform  median=     0.255  sd=  2.94%     17.55 GF/s  setup=0.957 s
fftw1d_patient           L=128 B=512   m=1     inner=380    min=     0.205 us/xform  median=     0.205  sd=  0.03%     21.82 GF/s  setup=0.743 s
fftw1d_patient           L=128 B=512   m=1     inner=392    min=     0.198 us/xform  median=     0.198  sd=  0.04%     22.66 GF/s  setup=0.728 s
fftw1d_patient           L=128 B=512   m=1     inner=206    min=     0.246 us/xform  median=     0.247  sd=  1.96%     18.18 GF/s  setup=0.897 s
fftw1d_patient           L=128 B=512   m=1     inner=416    min=     0.186 us/xform  median=     0.186  sd=  0.02%     24.09 GF/s  setup=0.732 s
fftw1d_patient           L=128 B=512   m=1     inner=200    min=     0.255 us/xform  median=     0.255  sd=  1.35%     17.59 GF/s  setup=0.899 s
fftw1d_patient           L=128 B=512   m=1     inner=208    min=     0.220 us/xform  median=     0.245  sd=  3.99%     20.38 GF/s  setup=0.915 s
fftw1d_patient           L=128 B=512   m=1     inner=220    min=     0.217 us/xform  median=     0.217  sd=  5.33%     20.68 GF/s  setup=0.865 s
mkl1d_dfti               L=128 B=512   m=1     inner=247    min=     0.158 us/xform  median=     0.159  sd=  0.09%     28.29 GF/s  setup=0.002 s
mkl1d_dfti               L=128 B=512   m=1     inner=412    min=     0.169 us/xform  median=     0.170  sd=  0.06%     26.44 GF/s  setup=0.002 s
mkl1d_dfti               L=128 B=512   m=1     inner=440    min=     0.160 us/xform  median=     0.160  sd=  0.05%     28.08 GF/s  setup=0.002 s
mkl1d_dfti               L=128 B=512   m=1     inner=410    min=     0.145 us/xform  median=     0.145  sd=  0.09%     30.90 GF/s  setup=0.002 s
mkl1d_dfti               L=128 B=512   m=1     inner=420    min=     0.160 us/xform  median=     0.160  sd=  0.05%     27.99 GF/s  setup=0.002 s
mkl1d_dfti               L=128 B=512   m=1     inner=244    min=     0.161 us/xform  median=     0.161  sd=  0.09%     27.89 GF/s  setup=0.001 s
mkl1d_dfti               L=128 B=512   m=1     inner=392    min=     0.169 us/xform  median=     0.169  sd=  0.08%     26.48 GF/s  setup=0.001 s
mkl1d_dfti               L=128 B=512   m=1     inner=233    min=     0.168 us/xform  median=     0.168  sd=  0.06%     26.65 GF/s  setup=0.001 s
mkl1d_dfti               L=128 B=512   m=1     inner=432    min=     0.141 us/xform  median=     0.141  sd=  0.05%     31.82 GF/s  setup=0.001 s
baseline_dft             L=31  B=512   m=1     inner=38     min=     1.994 us/xform  median=     1.994  sd=  0.02%      0.39 GF/s  setup=0.000 s
baseline_dft             L=31  B=512   m=1     inner=32     min=     1.994 us/xform  median=     1.994  sd=  0.01%      0.39 GF/s  setup=0.000 s
baseline_dft             L=31  B=512   m=1     inner=30     min=     1.994 us/xform  median=     1.995  sd=  0.02%      0.39 GF/s  setup=0.000 s
baseline_dft             L=31  B=512   m=1     inner=32     min=     1.652 us/xform  median=     1.652  sd=  0.01%      0.46 GF/s  setup=0.000 s
baseline_dft             L=31  B=512   m=1     inner=30     min=     1.652 us/xform  median=     1.652  sd=  0.01%      0.46 GF/s  setup=0.000 s
baseline_dft             L=31  B=512   m=1     inner=32     min=     1.652 us/xform  median=     1.652  sd=  0.00%      0.46 GF/s  setup=0.000 s
baseline_dft             L=31  B=512   m=1     inner=44     min=     1.652 us/xform  median=     1.652  sd=  0.01%      0.46 GF/s  setup=0.000 s
baseline_dft             L=31  B=512   m=1     inner=38     min=     1.994 us/xform  median=     1.994  sd=  0.00%      0.39 GF/s  setup=0.000 s
baseline_dft             L=31  B=512   m=1     inner=38     min=     1.652 us/xform  median=     1.994  sd=  8.87%      0.46 GF/s  setup=0.000 s
d1_batchlane             L=31  B=512   m=1     inner=597    min=     0.067 us/xform  median=     0.067  sd=  0.07%     11.50 GF/s  setup=0.000 s
d1_batchlane             L=31  B=512   m=1     inner=930    min=     0.059 us/xform  median=     0.059  sd=  0.37%     13.00 GF/s  setup=0.000 s
d1_batchlane             L=31  B=512   m=1     inner=1290   min=     0.059 us/xform  median=     0.059  sd=  0.06%     12.99 GF/s  setup=0.000 s
d1_batchlane             L=31  B=512   m=1     inner=940    min=     0.066 us/xform  median=     0.067  sd=  0.28%     11.60 GF/s  setup=0.000 s
d1_batchlane             L=31  B=512   m=1     inner=581    min=     0.068 us/xform  median=     0.068  sd=  0.08%     11.31 GF/s  setup=0.000 s
d1_batchlane             L=31  B=512   m=1     inner=936    min=     0.059 us/xform  median=     0.059  sd=  0.15%     13.04 GF/s  setup=0.000 s
d1_batchlane             L=31  B=512   m=1     inner=944    min=     0.066 us/xform  median=     0.066  sd=  0.04%     11.58 GF/s  setup=0.000 s
d1_batchlane             L=31  B=512   m=1     inner=591    min=     0.066 us/xform  median=     0.066  sd=  0.06%     11.59 GF/s  setup=0.000 s
d1_batchlane             L=31  B=512   m=1     inner=930    min=     0.059 us/xform  median=     0.059  sd=  0.16%     13.07 GF/s  setup=0.000 s
d1_bluestein             L=31  B=512   m=1     inner=248    min=     0.313 us/xform  median=     0.313  sd=  0.03%      2.45 GF/s  setup=0.001 s
d1_bluestein             L=31  B=512   m=1     inner=198    min=     0.273 us/xform  median=     0.273  sd=  0.31%      2.82 GF/s  setup=0.002 s
d1_bluestein             L=31  B=512   m=1     inner=194    min=     0.267 us/xform  median=     0.268  sd=  0.05%      2.87 GF/s  setup=0.001 s
d1_bluestein             L=31  B=512   m=1     inner=204    min=     0.268 us/xform  median=     0.268  sd=  0.08%      2.87 GF/s  setup=0.001 s
d1_bluestein             L=31  B=512   m=1     inner=200    min=     0.309 us/xform  median=     0.309  sd=  0.05%      2.49 GF/s  setup=0.001 s
d1_bluestein             L=31  B=512   m=1     inner=190    min=     0.283 us/xform  median=     0.283  sd=  0.05%      2.71 GF/s  setup=0.002 s
d1_bluestein             L=31  B=512   m=1     inner=254    min=     0.297 us/xform  median=     0.297  sd=  0.04%      2.58 GF/s  setup=0.001 s
d1_bluestein             L=31  B=512   m=1     inner=204    min=     0.304 us/xform  median=     0.304  sd=  0.06%      2.53 GF/s  setup=0.001 s
d1_bluestein             L=31  B=512   m=1     inner=116    min=     0.335 us/xform  median=     0.335  sd=  0.11%      2.29 GF/s  setup=0.001 s
d1_planner               L=31  B=512   m=1     inner=284    min=     0.248 us/xform  median=     0.249  sd=  0.13%      3.09 GF/s  setup=0.000 s
d1_planner               L=31  B=512   m=1     inner=248    min=     0.248 us/xform  median=     0.248  sd=  0.07%      3.10 GF/s  setup=0.000 s
d1_planner               L=31  B=512   m=1     inner=302    min=     0.250 us/xform  median=     0.250  sd=  0.12%      3.07 GF/s  setup=0.000 s
d1_planner               L=31  B=512   m=1     inner=302    min=     0.248 us/xform  median=     0.248  sd=  0.11%      3.10 GF/s  setup=0.000 s
d1_planner               L=31  B=512   m=1     inner=302    min=     0.207 us/xform  median=     0.207  sd=  9.84%      3.71 GF/s  setup=0.000 s
d1_planner               L=31  B=512   m=1     inner=300    min=     0.207 us/xform  median=     0.207  sd=  0.09%      3.71 GF/s  setup=0.000 s
d1_planner               L=31  B=512   m=1     inner=248    min=     0.206 us/xform  median=     0.206  sd=  0.06%      3.73 GF/s  setup=0.000 s
d1_planner               L=31  B=512   m=1     inner=248    min=     0.207 us/xform  median=     0.208  sd=  0.29%      3.71 GF/s  setup=0.000 s
d1_planner               L=31  B=512   m=1     inner=250    min=     0.248 us/xform  median=     0.248  sd=  0.07%      3.10 GF/s  setup=0.000 s
d1_prime                 L=31  B=512   m=1     inner=1638   min=     0.044 us/xform  median=     0.044  sd=  1.02%     17.44 GF/s  setup=0.000 s
d1_prime                 L=31  B=512   m=1     inner=1714   min=     0.044 us/xform  median=     0.044  sd=  0.01%     17.44 GF/s  setup=0.000 s
d1_prime                 L=31  B=512   m=1     inner=884    min=     0.044 us/xform  median=     0.044  sd=  1.03%     17.44 GF/s  setup=0.000 s
d1_prime                 L=31  B=512   m=1     inner=1232   min=     0.050 us/xform  median=     0.050  sd=  0.04%     15.33 GF/s  setup=0.000 s
d1_prime                 L=31  B=512   m=1     inner=1180   min=     0.044 us/xform  median=     0.044  sd=  0.03%     17.44 GF/s  setup=0.000 s
d1_prime                 L=31  B=512   m=1     inner=1230   min=     0.050 us/xform  median=     0.050  sd=  0.02%     15.32 GF/s  setup=0.000 s
d1_prime                 L=31  B=512   m=1     inner=1230   min=     0.044 us/xform  median=     0.044  sd=  0.66%     17.44 GF/s  setup=0.000 s
d1_prime                 L=31  B=512   m=1     inner=1180   min=     0.050 us/xform  median=     0.050  sd=  0.01%     15.32 GF/s  setup=0.000 s
d1_prime                 L=31  B=512   m=1     inner=778    min=     0.050 us/xform  median=     0.050  sd=  0.07%     15.33 GF/s  setup=0.000 s
d1_race                  L=31  B=512   m=1     inner=1760   min=     0.044 us/xform  median=     0.044  sd=  0.01%     17.41 GF/s  setup=1.460 s
d1_race                  L=31  B=512   m=1     inner=1230   min=     0.044 us/xform  median=     0.044  sd=  0.01%     17.40 GF/s  setup=0.005 s
d1_race                  L=31  B=512   m=1     inner=1228   min=     0.044 us/xform  median=     0.044  sd=  0.34%     17.41 GF/s  setup=0.005 s
d1_race                  L=31  B=512   m=1     inner=1710   min=     0.044 us/xform  median=     0.044  sd=  0.01%     17.40 GF/s  setup=0.004 s
d1_race                  L=31  B=512   m=1     inner=1710   min=     0.044 us/xform  median=     0.044  sd=  0.01%     17.41 GF/s  setup=0.004 s
d1_race                  L=31  B=512   m=1     inner=1178   min=     0.050 us/xform  median=     0.050  sd=  0.01%     15.29 GF/s  setup=0.005 s
d1_race                  L=31  B=512   m=1     inner=1226   min=     0.050 us/xform  median=     0.050  sd=  0.01%     15.28 GF/s  setup=0.005 s
d1_race                  L=31  B=512   m=1     inner=1546   min=     0.050 us/xform  median=     0.050  sd=  0.02%     15.30 GF/s  setup=0.005 s
d1_race                  L=31  B=512   m=1     inner=1176   min=     0.044 us/xform  median=     0.044  sd=  0.02%     17.42 GF/s  setup=0.005 s
d1_rader                 L=31  B=512   m=1     inner=1088   min=     0.072 us/xform  median=     0.072  sd=  0.04%     10.72 GF/s  setup=0.000 s
d1_rader                 L=31  B=512   m=1     inner=1090   min=     0.072 us/xform  median=     0.072  sd=  0.05%     10.71 GF/s  setup=0.000 s
d1_rader                 L=31  B=512   m=1     inner=546    min=     0.072 us/xform  median=     0.072  sd=  0.03%     10.70 GF/s  setup=0.000 s
d1_rader                 L=31  B=512   m=1     inner=543    min=     0.063 us/xform  median=     0.063  sd=  6.59%     12.18 GF/s  setup=0.000 s
d1_rader                 L=31  B=512   m=1     inner=826    min=     0.063 us/xform  median=     0.063  sd=  0.02%     12.16 GF/s  setup=0.000 s
d1_rader                 L=31  B=512   m=1     inner=830    min=     0.063 us/xform  median=     0.063  sd=  0.16%     12.28 GF/s  setup=0.000 s
d1_rader                 L=31  B=512   m=1     inner=620    min=     0.063 us/xform  median=     0.063  sd=  0.01%     12.15 GF/s  setup=0.000 s
d1_rader                 L=31  B=512   m=1     inner=1208   min=     0.063 us/xform  median=     0.063  sd=  0.04%     12.18 GF/s  setup=0.000 s
d1_rader                 L=31  B=512   m=1     inner=826    min=     0.063 us/xform  median=     0.063  sd=  0.37%     12.18 GF/s  setup=0.000 s
fftw1d_custom            L=31  B=512   m=1     inner=392    min=     0.196 us/xform  median=     0.199  sd=  0.69%      3.93 GF/s  setup=0.000 s
fftw1d_custom            L=31  B=512   m=1     inner=316    min=     0.161 us/xform  median=     0.161  sd=  0.08%      4.78 GF/s  setup=0.000 s
fftw1d_custom            L=31  B=512   m=1     inner=302    min=     0.162 us/xform  median=     0.162  sd=  0.13%      4.73 GF/s  setup=0.000 s
fftw1d_custom            L=31  B=512   m=1     inner=302    min=     0.161 us/xform  median=     0.161  sd=  0.03%      4.76 GF/s  setup=0.000 s
fftw1d_custom            L=31  B=512   m=1     inner=312    min=     0.195 us/xform  median=     0.196  sd=  0.21%      3.94 GF/s  setup=0.000 s
fftw1d_custom            L=31  B=512   m=1     inner=394    min=     0.197 us/xform  median=     0.197  sd=  0.02%      3.90 GF/s  setup=0.000 s
fftw1d_custom            L=31  B=512   m=1     inner=300    min=     0.161 us/xform  median=     0.161  sd=  0.20%      4.77 GF/s  setup=0.000 s
fftw1d_custom            L=31  B=512   m=1     inner=314    min=     0.162 us/xform  median=     0.162  sd=  0.07%      4.74 GF/s  setup=0.000 s
fftw1d_custom            L=31  B=512   m=1     inner=200    min=     0.195 us/xform  median=     0.197  sd=  0.40%      3.93 GF/s  setup=0.000 s
fftw1d_custom_soa        L=31  B=512   m=1     inner=427    min=     0.091 us/xform  median=     0.091  sd=  3.01%      8.48 GF/s  setup=0.000 s
fftw1d_custom_soa        L=31  B=512   m=1     inner=572    min=     0.104 us/xform  median=     0.107  sd=  0.95%      7.38 GF/s  setup=0.000 s
fftw1d_custom_soa        L=31  B=512   m=1     inner=584    min=     0.091 us/xform  median=     0.091  sd=  0.71%      8.44 GF/s  setup=0.000 s
fftw1d_custom_soa        L=31  B=512   m=1     inner=592    min=     0.106 us/xform  median=     0.112  sd=  1.83%      7.23 GF/s  setup=0.000 s
fftw1d_custom_soa        L=31  B=512   m=1     inner=554    min=     0.110 us/xform  median=     0.111  sd=  0.02%      6.95 GF/s  setup=0.000 s
fftw1d_custom_soa        L=31  B=512   m=1     inner=584    min=     0.091 us/xform  median=     0.091  sd=  0.57%      8.40 GF/s  setup=0.000 s
fftw1d_custom_soa        L=31  B=512   m=1     inner=594    min=     0.105 us/xform  median=     0.109  sd=  1.36%      7.29 GF/s  setup=0.000 s
fftw1d_custom_soa        L=31  B=512   m=1     inner=568    min=     0.092 us/xform  median=     0.092  sd=  0.90%      8.32 GF/s  setup=0.000 s
fftw1d_custom_soa        L=31  B=512   m=1     inner=572    min=     0.105 us/xform  median=     0.111  sd=  1.90%      7.28 GF/s  setup=0.000 s
fftw1d_estimate          L=31  B=512   m=1     inner=226    min=     0.318 us/xform  median=     0.319  sd=  0.09%      2.41 GF/s  setup=0.001 s
fftw1d_estimate          L=31  B=512   m=1     inner=192    min=     0.318 us/xform  median=     0.319  sd=  0.09%      2.42 GF/s  setup=0.001 s
fftw1d_estimate          L=31  B=512   m=1     inner=242    min=     0.318 us/xform  median=     0.319  sd=  0.10%      2.42 GF/s  setup=0.001 s
fftw1d_estimate          L=31  B=512   m=1     inner=244    min=     0.319 us/xform  median=     0.319  sd=  0.01%      2.41 GF/s  setup=0.001 s
fftw1d_estimate          L=31  B=512   m=1     inner=184    min=     0.318 us/xform  median=     0.319  sd=  0.09%      2.42 GF/s  setup=0.001 s
fftw1d_estimate          L=31  B=512   m=1     inner=244    min=     0.318 us/xform  median=     0.319  sd=  0.10%      2.42 GF/s  setup=0.001 s
fftw1d_estimate          L=31  B=512   m=1     inner=176    min=     0.318 us/xform  median=     0.319  sd=  0.15%      2.41 GF/s  setup=0.001 s
fftw1d_estimate          L=31  B=512   m=1     inner=192    min=     0.318 us/xform  median=     0.319  sd=  0.09%      2.41 GF/s  setup=0.001 s
fftw1d_estimate          L=31  B=512   m=1     inner=240    min=     0.321 us/xform  median=     0.322  sd=  0.10%      2.39 GF/s  setup=0.001 s
fftw1d_measure           L=31  B=512   m=1     inner=244    min=     0.318 us/xform  median=     0.319  sd=  0.12%      2.41 GF/s  setup=0.043 s
fftw1d_measure           L=31  B=512   m=1     inner=244    min=     0.318 us/xform  median=     0.319  sd=  0.11%      2.42 GF/s  setup=0.043 s
fftw1d_measure           L=31  B=512   m=1     inner=242    min=     0.318 us/xform  median=     0.319  sd=  0.08%      2.41 GF/s  setup=0.044 s
fftw1d_measure           L=31  B=512   m=1     inner=244    min=     0.264 us/xform  median=     0.264  sd=  9.75%      2.91 GF/s  setup=0.043 s
fftw1d_measure           L=31  B=512   m=1     inner=242    min=     0.318 us/xform  median=     0.319  sd=  0.08%      2.41 GF/s  setup=0.043 s
fftw1d_measure           L=31  B=512   m=1     inner=242    min=     0.318 us/xform  median=     0.319  sd=  0.10%      2.41 GF/s  setup=0.043 s
fftw1d_measure           L=31  B=512   m=1     inner=242    min=     0.318 us/xform  median=     0.319  sd=  0.10%      2.41 GF/s  setup=0.043 s
fftw1d_measure           L=31  B=512   m=1     inner=244    min=     0.318 us/xform  median=     0.319  sd=  0.10%      2.42 GF/s  setup=0.043 s
fftw1d_measure           L=31  B=512   m=1     inner=244    min=     0.318 us/xform  median=     0.319  sd=  0.12%      2.42 GF/s  setup=0.043 s
fftw1d_patient           L=31  B=512   m=1     inner=240    min=     0.322 us/xform  median=     0.323  sd=  0.10%      2.38 GF/s  setup=0.119 s
fftw1d_patient           L=31  B=512   m=1     inner=244    min=     0.264 us/xform  median=     0.319  sd=  8.32%      2.91 GF/s  setup=0.120 s
fftw1d_patient           L=31  B=512   m=1     inner=278    min=     0.263 us/xform  median=     0.264  sd=  0.10%      2.92 GF/s  setup=0.118 s
fftw1d_patient           L=31  B=512   m=1     inner=244    min=     0.318 us/xform  median=     0.319  sd=  0.10%      2.42 GF/s  setup=0.121 s
fftw1d_patient           L=31  B=512   m=1     inner=276    min=     0.263 us/xform  median=     0.265  sd=  0.20%      2.92 GF/s  setup=0.120 s
fftw1d_patient           L=31  B=512   m=1     inner=244    min=     0.318 us/xform  median=     0.319  sd=  0.09%      2.42 GF/s  setup=0.120 s
fftw1d_patient           L=31  B=512   m=1     inner=280    min=     0.263 us/xform  median=     0.264  sd=  0.11%      2.92 GF/s  setup=0.120 s
fftw1d_patient           L=31  B=512   m=1     inner=244    min=     0.318 us/xform  median=     0.319  sd=  0.08%      2.42 GF/s  setup=0.120 s
fftw1d_patient           L=31  B=512   m=1     inner=244    min=     0.319 us/xform  median=     0.319  sd=  0.03%      2.41 GF/s  setup=0.119 s
mkl1d_dfti               L=31  B=512   m=1     inner=166    min=     0.274 us/xform  median=     0.274  sd=  0.53%      2.81 GF/s  setup=0.050 s
mkl1d_dfti               L=31  B=512   m=1     inner=284    min=     0.273 us/xform  median=     0.274  sd=  0.05%      2.81 GF/s  setup=0.036 s
mkl1d_dfti               L=31  B=512   m=1     inner=284    min=     0.274 us/xform  median=     0.274  sd=  0.04%      2.81 GF/s  setup=0.015 s
mkl1d_dfti               L=31  B=512   m=1     inner=284    min=     0.273 us/xform  median=     0.274  sd=  0.04%      2.81 GF/s  setup=0.015 s
mkl1d_dfti               L=31  B=512   m=1     inner=284    min=     0.227 us/xform  median=     0.274  sd=  8.76%      3.38 GF/s  setup=0.015 s
mkl1d_dfti               L=31  B=512   m=1     inner=324    min=     0.227 us/xform  median=     0.227  sd=  0.04%      3.38 GF/s  setup=0.014 s
mkl1d_dfti               L=31  B=512   m=1     inner=322    min=     0.227 us/xform  median=     0.227  sd=  0.03%      3.38 GF/s  setup=0.032 s
mkl1d_dfti               L=31  B=512   m=1     inner=324    min=     0.227 us/xform  median=     0.227  sd=  0.03%      3.38 GF/s  setup=0.030 s
mkl1d_dfti               L=31  B=512   m=1     inner=314    min=     0.227 us/xform  median=     0.227  sd=  0.04%      3.39 GF/s  setup=0.030 s
baseline_dft             L=32  B=512   m=1     inner=36     min=     2.124 us/xform  median=     2.124  sd=  0.01%      0.38 GF/s  setup=0.000 s
baseline_dft             L=32  B=512   m=1     inner=28     min=     2.124 us/xform  median=     2.124  sd=  0.01%      0.38 GF/s  setup=0.000 s
baseline_dft             L=32  B=512   m=1     inner=28     min=     2.124 us/xform  median=     2.124  sd=  0.03%      0.38 GF/s  setup=0.000 s
baseline_dft             L=32  B=512   m=1     inner=28     min=     2.124 us/xform  median=     2.124  sd=  0.00%      0.38 GF/s  setup=0.000 s
baseline_dft             L=32  B=512   m=1     inner=28     min=     2.124 us/xform  median=     2.124  sd=  0.01%      0.38 GF/s  setup=0.000 s
baseline_dft             L=32  B=512   m=1     inner=28     min=     2.124 us/xform  median=     2.124  sd=  0.05%      0.38 GF/s  setup=0.000 s
baseline_dft             L=32  B=512   m=1     inner=28     min=     2.124 us/xform  median=     2.124  sd=  0.02%      0.38 GF/s  setup=0.000 s
baseline_dft             L=32  B=512   m=1     inner=36     min=     2.124 us/xform  median=     2.124  sd=  0.00%      0.38 GF/s  setup=0.000 s
baseline_dft             L=32  B=512   m=1     inner=28     min=     2.124 us/xform  median=     2.124  sd=  0.01%      0.38 GF/s  setup=0.000 s
d1_batchlane             L=32  B=512   m=1     inner=2114   min=     0.036 us/xform  median=     0.036  sd=  0.05%     21.93 GF/s  setup=0.000 s
d1_batchlane             L=32  B=512   m=1     inner=2152   min=     0.036 us/xform  median=     0.036  sd=  0.05%     22.24 GF/s  setup=0.000 s
d1_batchlane             L=32  B=512   m=1     inner=2154   min=     0.036 us/xform  median=     0.036  sd=  0.04%     22.33 GF/s  setup=0.000 s
d1_batchlane             L=32  B=512   m=1     inner=2160   min=     0.036 us/xform  median=     0.036  sd=  0.05%     22.23 GF/s  setup=0.000 s
d1_batchlane             L=32  B=512   m=1     inner=1638   min=     0.036 us/xform  median=     0.036  sd=  0.07%     22.23 GF/s  setup=0.000 s
d1_batchlane             L=32  B=512   m=1     inner=1636   min=     0.036 us/xform  median=     0.036  sd=  0.09%     22.25 GF/s  setup=0.000 s
d1_batchlane             L=32  B=512   m=1     inner=1632   min=     0.036 us/xform  median=     0.036  sd=  0.06%     22.25 GF/s  setup=0.000 s
d1_batchlane             L=32  B=512   m=1     inner=1706   min=     0.036 us/xform  median=     0.036  sd=  0.04%     22.30 GF/s  setup=0.000 s
d1_batchlane             L=32  B=512   m=1     inner=1087   min=     0.036 us/xform  median=     0.036  sd=  0.07%     22.34 GF/s  setup=0.000 s
d1_bluestein             L=32  B=512   m=1     inner=848    min=     0.091 us/xform  median=     0.092  sd=  0.28%      8.76 GF/s  setup=0.001 s
d1_bluestein             L=32  B=512   m=1     inner=580    min=     0.102 us/xform  median=     0.102  sd=  0.18%      7.88 GF/s  setup=0.001 s
d1_bluestein             L=32  B=512   m=1     inner=676    min=     0.091 us/xform  median=     0.092  sd=  0.19%      8.78 GF/s  setup=0.001 s
d1_bluestein             L=32  B=512   m=1     inner=642    min=     0.096 us/xform  median=     0.096  sd=  0.13%      8.33 GF/s  setup=0.001 s
d1_bluestein             L=32  B=512   m=1     inner=590    min=     0.091 us/xform  median=     0.093  sd=  4.32%      8.76 GF/s  setup=0.001 s
d1_bluestein             L=32  B=512   m=1     inner=838    min=     0.093 us/xform  median=     0.093  sd=  0.21%      8.65 GF/s  setup=0.001 s
d1_bluestein             L=32  B=512   m=1     inner=672    min=     0.091 us/xform  median=     0.092  sd=  0.18%      8.75 GF/s  setup=0.001 s
d1_bluestein             L=32  B=512   m=1     inner=612    min=     0.091 us/xform  median=     0.100  sd=  4.28%      8.76 GF/s  setup=0.001 s
d1_bluestein             L=32  B=512   m=1     inner=662    min=     0.093 us/xform  median=     0.094  sd=  0.18%      8.57 GF/s  setup=0.001 s
d1_planner               L=32  B=512   m=1     inner=1218   min=     0.063 us/xform  median=     0.063  sd=  0.23%     12.69 GF/s  setup=0.000 s
d1_planner               L=32  B=512   m=1     inner=982    min=     0.059 us/xform  median=     0.060  sd=  0.45%     13.55 GF/s  setup=0.000 s
d1_planner               L=32  B=512   m=1     inner=1282   min=     0.060 us/xform  median=     0.060  sd=  0.32%     13.35 GF/s  setup=0.000 s
d1_planner               L=32  B=512   m=1     inner=1056   min=     0.059 us/xform  median=     0.060  sd=  0.41%     13.49 GF/s  setup=0.000 s
d1_planner               L=32  B=512   m=1     inner=994    min=     0.059 us/xform  median=     0.059  sd=  0.40%     13.58 GF/s  setup=0.000 s
d1_planner               L=32  B=512   m=1     inner=1300   min=     0.059 us/xform  median=     0.059  sd=  0.41%     13.55 GF/s  setup=0.000 s
d1_planner               L=32  B=512   m=1     inner=938    min=     0.062 us/xform  median=     0.063  sd=  0.32%     12.83 GF/s  setup=0.000 s
d1_planner               L=32  B=512   m=1     inner=966    min=     0.060 us/xform  median=     0.060  sd=  0.28%     13.29 GF/s  setup=0.000 s
d1_planner               L=32  B=512   m=1     inner=986    min=     0.060 us/xform  median=     0.060  sd=  0.39%     13.44 GF/s  setup=0.000 s
d1_pow2                  L=32  B=512   m=1     inner=4406   min=     0.018 us/xform  median=     0.018  sd=  0.07%     45.64 GF/s  setup=0.000 s
d1_pow2                  L=32  B=512   m=1     inner=3292   min=     0.018 us/xform  median=     0.018  sd=  0.05%     45.59 GF/s  setup=0.000 s
d1_pow2                  L=32  B=512   m=1     inner=3332   min=     0.018 us/xform  median=     0.018  sd=  0.06%     45.59 GF/s  setup=0.000 s
d1_pow2                  L=32  B=512   m=1     inner=4414   min=     0.018 us/xform  median=     0.018  sd=  0.08%     45.66 GF/s  setup=0.000 s
d1_pow2                  L=32  B=512   m=1     inner=3512   min=     0.018 us/xform  median=     0.018  sd=  0.07%     45.66 GF/s  setup=0.000 s
d1_pow2                  L=32  B=512   m=1     inner=3516   min=     0.018 us/xform  median=     0.018  sd=  0.07%     45.64 GF/s  setup=0.000 s
d1_pow2                  L=32  B=512   m=1     inner=3494   min=     0.018 us/xform  median=     0.018  sd=  0.08%     45.64 GF/s  setup=0.000 s
d1_pow2                  L=32  B=512   m=1     inner=2201   min=     0.018 us/xform  median=     0.018  sd=  0.11%     45.68 GF/s  setup=0.000 s
d1_pow2                  L=32  B=512   m=1     inner=3352   min=     0.018 us/xform  median=     0.018  sd=  0.07%     45.63 GF/s  setup=0.000 s
d1_race                  L=32  B=512   m=1     inner=4310   min=     0.015 us/xform  median=     0.015  sd=  5.18%     51.80 GF/s  setup=0.886 s
d1_race                  L=32  B=512   m=1     inner=3336   min=     0.018 us/xform  median=     0.018  sd=  0.03%     45.51 GF/s  setup=0.006 s
d1_race                  L=32  B=512   m=1     inner=3480   min=     0.015 us/xform  median=     0.015  sd=  0.03%     51.83 GF/s  setup=0.006 s
d1_race                  L=32  B=512   m=1     inner=4986   min=     0.015 us/xform  median=     0.015  sd=  0.16%     51.78 GF/s  setup=0.004 s
d1_race                  L=32  B=512   m=1     inner=4872   min=     0.015 us/xform  median=     0.015  sd=  0.02%     51.78 GF/s  setup=0.005 s
d1_race                  L=32  B=512   m=1     inner=5002   min=     0.015 us/xform  median=     0.015  sd=  0.02%     51.81 GF/s  setup=0.005 s
d1_race                  L=32  B=512   m=1     inner=3504   min=     0.018 us/xform  median=     0.018  sd=  0.02%     45.52 GF/s  setup=0.006 s
d1_race                  L=32  B=512   m=1     inner=3320   min=     0.015 us/xform  median=     0.015  sd=  0.04%     51.80 GF/s  setup=0.005 s
d1_race                  L=32  B=512   m=1     inner=4418   min=     0.015 us/xform  median=     0.018  sd=  4.20%     51.75 GF/s  setup=0.006 s
d1_twiddle               L=32  B=512   m=1     inner=1150   min=     0.033 us/xform  median=     0.034  sd=  0.56%     23.96 GF/s  setup=0.000 s
d1_twiddle               L=32  B=512   m=1     inner=1822   min=     0.033 us/xform  median=     0.034  sd=  0.19%     23.88 GF/s  setup=0.000 s
d1_twiddle               L=32  B=512   m=1     inner=1720   min=     0.036 us/xform  median=     0.036  sd=  0.44%     22.35 GF/s  setup=0.000 s
d1_twiddle               L=32  B=512   m=1     inner=1602   min=     0.036 us/xform  median=     0.036  sd=  0.29%     22.10 GF/s  setup=0.000 s
d1_twiddle               L=32  B=512   m=1     inner=2210   min=     0.035 us/xform  median=     0.035  sd=  0.17%     22.80 GF/s  setup=0.000 s
d1_twiddle               L=32  B=512   m=1     inner=1818   min=     0.034 us/xform  median=     0.034  sd=  0.25%     23.70 GF/s  setup=0.000 s
d1_twiddle               L=32  B=512   m=1     inner=1816   min=     0.034 us/xform  median=     0.034  sd=  0.41%     23.71 GF/s  setup=0.000 s
d1_twiddle               L=32  B=512   m=1     inner=1079   min=     0.036 us/xform  median=     0.036  sd=  0.47%     22.21 GF/s  setup=0.000 s
d1_twiddle               L=32  B=512   m=1     inner=1844   min=     0.034 us/xform  median=     0.034  sd=  0.32%     23.85 GF/s  setup=0.000 s
fftw1d_custom            L=32  B=512   m=1     inner=728    min=     0.107 us/xform  median=     0.110  sd=  1.06%      7.46 GF/s  setup=0.000 s
fftw1d_custom            L=32  B=512   m=1     inner=572    min=     0.108 us/xform  median=     0.108  sd=  0.02%      7.41 GF/s  setup=0.000 s
fftw1d_custom            L=32  B=512   m=1     inner=560    min=     0.110 us/xform  median=     0.110  sd=  0.07%      7.26 GF/s  setup=0.000 s
fftw1d_custom            L=32  B=512   m=1     inner=542    min=     0.114 us/xform  median=     0.115  sd=  0.06%      6.99 GF/s  setup=0.000 s
fftw1d_custom            L=32  B=512   m=1     inner=576    min=     0.108 us/xform  median=     0.108  sd=  0.05%      7.41 GF/s  setup=0.000 s
fftw1d_custom            L=32  B=512   m=1     inner=728    min=     0.106 us/xform  median=     0.106  sd=  0.02%      7.57 GF/s  setup=0.000 s
fftw1d_custom            L=32  B=512   m=1     inner=530    min=     0.113 us/xform  median=     0.113  sd=  0.04%      7.09 GF/s  setup=0.000 s
fftw1d_custom            L=32  B=512   m=1     inner=574    min=     0.108 us/xform  median=     0.108  sd=  0.03%      7.40 GF/s  setup=0.000 s
fftw1d_custom            L=32  B=512   m=1     inner=548    min=     0.088 us/xform  median=     0.088  sd=  0.42%      9.13 GF/s  setup=0.000 s
fftw1d_custom_soa        L=32  B=512   m=1     inner=876    min=     0.090 us/xform  median=     0.090  sd=  0.03%      8.93 GF/s  setup=0.000 s
fftw1d_custom_soa        L=32  B=512   m=1     inner=602    min=     0.102 us/xform  median=     0.102  sd=  0.12%      7.87 GF/s  setup=0.000 s
fftw1d_custom_soa        L=32  B=512   m=1     inner=682    min=     0.091 us/xform  median=     0.092  sd=  0.03%      8.75 GF/s  setup=0.000 s
fftw1d_custom_soa        L=32  B=512   m=1     inner=834    min=     0.092 us/xform  median=     0.092  sd=  0.03%      8.71 GF/s  setup=0.000 s
fftw1d_custom_soa        L=32  B=512   m=1     inner=614    min=     0.101 us/xform  median=     0.101  sd=  0.05%      7.90 GF/s  setup=0.000 s
fftw1d_custom_soa        L=32  B=512   m=1     inner=680    min=     0.092 us/xform  median=     0.092  sd=  0.03%      8.66 GF/s  setup=0.000 s
fftw1d_custom_soa        L=32  B=512   m=1     inner=642    min=     0.098 us/xform  median=     0.098  sd=  0.04%      8.16 GF/s  setup=0.000 s
fftw1d_custom_soa        L=32  B=512   m=1     inner=836    min=     0.091 us/xform  median=     0.091  sd=  0.03%      8.76 GF/s  setup=0.000 s
fftw1d_custom_soa        L=32  B=512   m=1     inner=618    min=     0.097 us/xform  median=     0.097  sd=  0.13%      8.22 GF/s  setup=0.000 s
fftw1d_estimate          L=32  B=512   m=1     inner=384    min=     0.101 us/xform  median=     0.101  sd=  0.15%      7.93 GF/s  setup=0.001 s
fftw1d_estimate          L=32  B=512   m=1     inner=584    min=     0.101 us/xform  median=     0.101  sd=  0.28%      7.95 GF/s  setup=0.001 s
fftw1d_estimate          L=32  B=512   m=1     inner=604    min=     0.101 us/xform  median=     0.101  sd=  0.05%      7.89 GF/s  setup=0.001 s
fftw1d_estimate          L=32  B=512   m=1     inner=582    min=     0.101 us/xform  median=     0.101  sd=  0.24%      7.90 GF/s  setup=0.001 s
fftw1d_estimate          L=32  B=512   m=1     inner=612    min=     0.101 us/xform  median=     0.101  sd=  0.17%      7.94 GF/s  setup=0.001 s
fftw1d_estimate          L=32  B=512   m=1     inner=766    min=     0.101 us/xform  median=     0.101  sd=  0.09%      7.90 GF/s  setup=0.001 s
fftw1d_estimate          L=32  B=512   m=1     inner=384    min=     0.101 us/xform  median=     0.101  sd=  0.20%      7.91 GF/s  setup=0.001 s
fftw1d_estimate          L=32  B=512   m=1     inner=586    min=     0.101 us/xform  median=     0.101  sd=  0.29%      7.95 GF/s  setup=0.001 s
fftw1d_estimate          L=32  B=512   m=1     inner=578    min=     0.101 us/xform  median=     0.101  sd=  0.06%      7.92 GF/s  setup=0.001 s
fftw1d_measure           L=32  B=512   m=1     inner=2550   min=     0.028 us/xform  median=     0.028  sd=  0.03%     28.17 GF/s  setup=0.010 s
fftw1d_measure           L=32  B=512   m=1     inner=2122   min=     0.029 us/xform  median=     0.030  sd=  0.05%     27.13 GF/s  setup=0.010 s
fftw1d_measure           L=32  B=512   m=1     inner=2112   min=     0.030 us/xform  median=     0.030  sd=  0.02%     26.35 GF/s  setup=0.011 s
fftw1d_measure           L=32  B=512   m=1     inner=2108   min=     0.029 us/xform  median=     0.029  sd=  0.09%     27.43 GF/s  setup=0.011 s
fftw1d_measure           L=32  B=512   m=1     inner=2294   min=     0.029 us/xform  median=     0.029  sd=  0.06%     27.58 GF/s  setup=0.010 s
fftw1d_measure           L=32  B=512   m=1     inner=2112   min=     0.029 us/xform  median=     0.029  sd=  0.02%     28.06 GF/s  setup=0.010 s
fftw1d_measure           L=32  B=512   m=1     inner=2422   min=     0.029 us/xform  median=     0.029  sd=  0.03%     27.91 GF/s  setup=0.010 s
fftw1d_measure           L=32  B=512   m=1     inner=2226   min=     0.029 us/xform  median=     0.029  sd=  0.04%     28.02 GF/s  setup=0.011 s
fftw1d_measure           L=32  B=512   m=1     inner=2190   min=     0.028 us/xform  median=     0.028  sd=  0.02%     28.16 GF/s  setup=0.011 s
fftw1d_patient           L=32  B=512   m=1     inner=2720   min=     0.028 us/xform  median=     0.028  sd=  0.04%     28.10 GF/s  setup=0.062 s
fftw1d_patient           L=32  B=512   m=1     inner=2698   min=     0.029 us/xform  median=     0.029  sd=  0.04%     27.85 GF/s  setup=0.068 s
fftw1d_patient           L=32  B=512   m=1     inner=2626   min=     0.029 us/xform  median=     0.029  sd=  0.58%     27.50 GF/s  setup=0.066 s
fftw1d_patient           L=32  B=512   m=1     inner=2456   min=     0.030 us/xform  median=     0.030  sd=  0.08%     27.09 GF/s  setup=0.065 s
fftw1d_patient           L=32  B=512   m=1     inner=2558   min=     0.029 us/xform  median=     0.029  sd=  0.03%     27.44 GF/s  setup=0.063 s
fftw1d_patient           L=32  B=512   m=1     inner=2564   min=     0.028 us/xform  median=     0.028  sd=  0.04%     28.23 GF/s  setup=0.061 s
fftw1d_patient           L=32  B=512   m=1     inner=2506   min=     0.026 us/xform  median=     0.026  sd=  6.40%     31.30 GF/s  setup=0.061 s
fftw1d_patient           L=32  B=512   m=1     inner=2510   min=     0.029 us/xform  median=     0.029  sd=  0.02%     27.59 GF/s  setup=0.065 s
fftw1d_patient           L=32  B=512   m=1     inner=2456   min=     0.030 us/xform  median=     0.030  sd=  0.02%     27.02 GF/s  setup=0.064 s
mkl1d_dfti               L=32  B=512   m=1     inner=4426   min=     0.017 us/xform  median=     0.017  sd=  0.02%     45.98 GF/s  setup=0.002 s
mkl1d_dfti               L=32  B=512   m=1     inner=3664   min=     0.017 us/xform  median=     0.017  sd=  0.01%     45.98 GF/s  setup=0.002 s
mkl1d_dfti               L=32  B=512   m=1     inner=3510   min=     0.017 us/xform  median=     0.017  sd=  0.02%     45.96 GF/s  setup=0.002 s
mkl1d_dfti               L=32  B=512   m=1     inner=3676   min=     0.017 us/xform  median=     0.017  sd=  0.02%     45.98 GF/s  setup=0.002 s
mkl1d_dfti               L=32  B=512   m=1     inner=3454   min=     0.017 us/xform  median=     0.017  sd=  0.01%     45.95 GF/s  setup=0.002 s
mkl1d_dfti               L=32  B=512   m=1     inner=3456   min=     0.017 us/xform  median=     0.017  sd=  0.01%     45.96 GF/s  setup=0.002 s
mkl1d_dfti               L=32  B=512   m=1     inner=3522   min=     0.017 us/xform  median=     0.017  sd=  0.01%     45.96 GF/s  setup=0.002 s
mkl1d_dfti               L=32  B=512   m=1     inner=3682   min=     0.017 us/xform  median=     0.017  sd=  0.01%     45.97 GF/s  setup=0.002 s
mkl1d_dfti               L=32  B=512   m=1     inner=3530   min=     0.017 us/xform  median=     0.017  sd=  0.01%     45.97 GF/s  setup=0.002 s
baseline_dft             L=13  B=512   m=1     inner=222    min=     0.350 us/xform  median=     0.350  sd=  0.02%      0.69 GF/s  setup=0.000 s
baseline_dft             L=13  B=512   m=1     inner=176    min=     0.350 us/xform  median=     0.350  sd=  0.02%      0.69 GF/s  setup=0.000 s
baseline_dft             L=13  B=512   m=1     inner=168    min=     0.350 us/xform  median=     0.350  sd=  0.02%      0.69 GF/s  setup=0.000 s
baseline_dft             L=13  B=512   m=1     inner=222    min=     0.350 us/xform  median=     0.350  sd=  0.01%      0.69 GF/s  setup=0.000 s
baseline_dft             L=13  B=512   m=1     inner=176    min=     0.350 us/xform  median=     0.350  sd=  0.01%      0.69 GF/s  setup=0.000 s
baseline_dft             L=13  B=512   m=1     inner=176    min=     0.350 us/xform  median=     0.350  sd=  0.02%      0.69 GF/s  setup=0.000 s
baseline_dft             L=13  B=512   m=1     inner=168    min=     0.350 us/xform  median=     0.350  sd=  0.01%      0.69 GF/s  setup=0.000 s
baseline_dft             L=13  B=512   m=1     inner=176    min=     0.350 us/xform  median=     0.350  sd=  0.02%      0.69 GF/s  setup=0.000 s
baseline_dft             L=13  B=512   m=1     inner=168    min=     0.350 us/xform  median=     0.350  sd=  0.01%      0.69 GF/s  setup=0.000 s
d1_batchlane             L=13  B=512   m=1     inner=3266   min=     0.024 us/xform  median=     0.024  sd=  0.36%     10.12 GF/s  setup=0.000 s
d1_batchlane             L=13  B=512   m=1     inner=2570   min=     0.023 us/xform  median=     0.023  sd=  0.20%     10.60 GF/s  setup=0.000 s
d1_batchlane             L=13  B=512   m=1     inner=2608   min=     0.023 us/xform  median=     0.023  sd=  0.21%     10.65 GF/s  setup=0.000 s
d1_batchlane             L=13  B=512   m=1     inner=2726   min=     0.022 us/xform  median=     0.023  sd=  0.18%     10.71 GF/s  setup=0.000 s
d1_batchlane             L=13  B=512   m=1     inner=2578   min=     0.023 us/xform  median=     0.023  sd=  0.36%     10.35 GF/s  setup=0.000 s
d1_batchlane             L=13  B=512   m=1     inner=3416   min=     0.023 us/xform  median=     0.023  sd=  0.14%     10.40 GF/s  setup=0.000 s
d1_batchlane             L=13  B=512   m=1     inner=2644   min=     0.022 us/xform  median=     0.022  sd=  0.44%     10.99 GF/s  setup=0.000 s
d1_batchlane             L=13  B=512   m=1     inner=2612   min=     0.023 us/xform  median=     0.023  sd=  0.55%     10.67 GF/s  setup=0.000 s
d1_batchlane             L=13  B=512   m=1     inner=1703   min=     0.023 us/xform  median=     0.023  sd=  0.41%     10.46 GF/s  setup=0.000 s
d1_bluestein             L=13  B=512   m=1     inner=362    min=     0.108 us/xform  median=     0.108  sd=  0.12%      2.23 GF/s  setup=0.000 s
d1_bluestein             L=13  B=512   m=1     inner=370    min=     0.105 us/xform  median=     0.105  sd=  0.27%      2.30 GF/s  setup=0.000 s
d1_bluestein             L=13  B=512   m=1     inner=594    min=     0.104 us/xform  median=     0.104  sd=  0.15%      2.32 GF/s  setup=0.000 s
d1_bluestein             L=13  B=512   m=1     inner=596    min=     0.104 us/xform  median=     0.104  sd=  0.10%      2.32 GF/s  setup=0.000 s
d1_bluestein             L=13  B=512   m=1     inner=594    min=     0.104 us/xform  median=     0.104  sd=  0.17%      2.32 GF/s  setup=0.000 s
d1_bluestein             L=13  B=512   m=1     inner=566    min=     0.104 us/xform  median=     0.104  sd=  0.18%      2.32 GF/s  setup=0.000 s
d1_bluestein             L=13  B=512   m=1     inner=568    min=     0.104 us/xform  median=     0.104  sd=  0.35%      2.32 GF/s  setup=0.000 s
d1_bluestein             L=13  B=512   m=1     inner=594    min=     0.104 us/xform  median=     0.104  sd=  0.11%      2.32 GF/s  setup=0.000 s
d1_bluestein             L=13  B=512   m=1     inner=375    min=     0.104 us/xform  median=     0.104  sd=  0.11%      2.32 GF/s  setup=0.000 s
d1_planner               L=13  B=512   m=1     inner=810    min=     0.065 us/xform  median=     0.065  sd=  0.12%      3.71 GF/s  setup=0.000 s
d1_planner               L=13  B=512   m=1     inner=778    min=     0.068 us/xform  median=     0.068  sd=  0.05%      3.53 GF/s  setup=0.000 s
d1_planner               L=13  B=512   m=1     inner=774    min=     0.065 us/xform  median=     0.065  sd=  0.12%      3.69 GF/s  setup=0.000 s
d1_planner               L=13  B=512   m=1     inner=1026   min=     0.065 us/xform  median=     0.065  sd=  0.16%      3.71 GF/s  setup=0.000 s
d1_planner               L=13  B=512   m=1     inner=798    min=     0.070 us/xform  median=     0.070  sd=  0.11%      3.45 GF/s  setup=0.000 s
d1_planner               L=13  B=512   m=1     inner=816    min=     0.065 us/xform  median=     0.065  sd=  0.18%      3.69 GF/s  setup=0.000 s
d1_planner               L=13  B=512   m=1     inner=806    min=     0.065 us/xform  median=     0.065  sd=  0.03%      3.70 GF/s  setup=0.000 s
d1_planner               L=13  B=512   m=1     inner=1028   min=     0.064 us/xform  median=     0.065  sd=  0.09%      3.73 GF/s  setup=0.000 s
d1_planner               L=13  B=512   m=1     inner=772    min=     0.066 us/xform  median=     0.066  sd=  0.07%      3.67 GF/s  setup=0.000 s
d1_prime                 L=13  B=512   m=1     inner=5464   min=     0.011 us/xform  median=     0.011  sd=  0.04%     22.55 GF/s  setup=0.000 s
d1_prime                 L=13  B=512   m=1     inner=5458   min=     0.011 us/xform  median=     0.011  sd=  0.04%     22.51 GF/s  setup=0.000 s
d1_prime                 L=13  B=512   m=1     inner=5422   min=     0.011 us/xform  median=     0.011  sd=  0.27%     22.58 GF/s  setup=0.000 s
d1_prime                 L=13  B=512   m=1     inner=5510   min=     0.011 us/xform  median=     0.011  sd=  0.02%     22.56 GF/s  setup=0.000 s
d1_prime                 L=13  B=512   m=1     inner=7182   min=     0.011 us/xform  median=     0.011  sd=  0.02%     22.55 GF/s  setup=0.000 s
d1_prime                 L=13  B=512   m=1     inner=7206   min=     0.011 us/xform  median=     0.011  sd=  0.02%     22.56 GF/s  setup=0.000 s
d1_prime                 L=13  B=512   m=1     inner=7200   min=     0.010 us/xform  median=     0.011  sd=  0.67%     23.10 GF/s  setup=0.000 s
d1_prime                 L=13  B=512   m=1     inner=5656   min=     0.011 us/xform  median=     0.011  sd=  0.04%     22.51 GF/s  setup=0.000 s
d1_prime                 L=13  B=512   m=1     inner=7232   min=     0.009 us/xform  median=     0.011  sd=  6.43%     25.69 GF/s  setup=0.000 s
d1_race                  L=13  B=512   m=1     inner=7042   min=     0.009 us/xform  median=     0.009  sd=  0.02%     25.57 GF/s  setup=1.174 s
d1_race                  L=13  B=512   m=1     inner=5678   min=     0.011 us/xform  median=     0.011  sd=  0.01%     22.47 GF/s  setup=0.008 s
d1_race                  L=13  B=512   m=1     inner=7084   min=     0.011 us/xform  median=     0.011  sd=  0.02%     22.52 GF/s  setup=0.007 s
d1_race                  L=13  B=512   m=1     inner=5402   min=     0.011 us/xform  median=     0.011  sd=  0.02%     22.42 GF/s  setup=0.007 s
d1_race                  L=13  B=512   m=1     inner=5638   min=     0.011 us/xform  median=     0.011  sd=  0.03%     22.53 GF/s  setup=0.008 s
d1_race                  L=13  B=512   m=1     inner=5740   min=     0.011 us/xform  median=     0.011  sd=  0.02%     22.53 GF/s  setup=0.007 s
d1_race                  L=13  B=512   m=1     inner=5720   min=     0.011 us/xform  median=     0.011  sd=  0.02%     22.53 GF/s  setup=0.006 s
d1_race                  L=13  B=512   m=1     inner=5446   min=     0.011 us/xform  median=     0.011  sd=  0.03%     22.53 GF/s  setup=0.006 s
d1_race                  L=13  B=512   m=1     inner=7150   min=     0.011 us/xform  median=     0.011  sd=  0.02%     22.54 GF/s  setup=0.006 s
d1_rader                 L=13  B=512   m=1     inner=4270   min=     0.019 us/xform  median=     0.019  sd=  0.03%     12.69 GF/s  setup=0.000 s
d1_rader                 L=13  B=512   m=1     inner=3480   min=     0.018 us/xform  median=     0.018  sd=  0.87%     13.23 GF/s  setup=0.000 s
d1_rader                 L=13  B=512   m=1     inner=2070   min=     0.019 us/xform  median=     0.019  sd=  0.05%     12.68 GF/s  setup=0.000 s
d1_rader                 L=13  B=512   m=1     inner=2137   min=     0.018 us/xform  median=     0.018  sd=  0.46%     13.18 GF/s  setup=0.000 s
d1_rader                 L=13  B=512   m=1     inner=3224   min=     0.019 us/xform  median=     0.019  sd=  0.23%     12.91 GF/s  setup=0.000 s
d1_rader                 L=13  B=512   m=1     inner=3224   min=     0.019 us/xform  median=     0.019  sd=  0.08%     12.66 GF/s  setup=0.000 s
d1_rader                 L=13  B=512   m=1     inner=3280   min=     0.019 us/xform  median=     0.019  sd=  0.05%     12.92 GF/s  setup=0.000 s
d1_rader                 L=13  B=512   m=1     inner=3138   min=     0.019 us/xform  median=     0.019  sd=  0.03%     12.71 GF/s  setup=0.000 s
d1_rader                 L=13  B=512   m=1     inner=2126   min=     0.019 us/xform  median=     0.019  sd=  0.06%     12.92 GF/s  setup=0.000 s
fftw1d_custom            L=13  B=512   m=1     inner=1258   min=     0.049 us/xform  median=     0.049  sd=  0.02%      4.91 GF/s  setup=0.000 s
fftw1d_custom            L=13  B=512   m=1     inner=1262   min=     0.049 us/xform  median=     0.049  sd=  0.03%      4.90 GF/s  setup=0.000 s
fftw1d_custom            L=13  B=512   m=1     inner=1250   min=     0.049 us/xform  median=     0.049  sd=  0.02%      4.88 GF/s  setup=0.000 s
fftw1d_custom            L=13  B=512   m=1     inner=1202   min=     0.049 us/xform  median=     0.049  sd=  0.04%      4.89 GF/s  setup=0.000 s
fftw1d_custom            L=13  B=512   m=1     inner=1266   min=     0.049 us/xform  median=     0.049  sd=  0.03%      4.92 GF/s  setup=0.000 s
fftw1d_custom            L=13  B=512   m=1     inner=1264   min=     0.049 us/xform  median=     0.049  sd=  0.02%      4.92 GF/s  setup=0.000 s
fftw1d_custom            L=13  B=512   m=1     inner=1592   min=     0.049 us/xform  median=     0.049  sd=  0.03%      4.91 GF/s  setup=0.000 s
fftw1d_custom            L=13  B=512   m=1     inner=1596   min=     0.049 us/xform  median=     0.049  sd=  0.03%      4.93 GF/s  setup=0.000 s
fftw1d_custom            L=13  B=512   m=1     inner=1584   min=     0.041 us/xform  median=     0.049  sd=  5.03%      5.94 GF/s  setup=0.000 s
fftw1d_custom_soa        L=13  B=512   m=1     inner=2100   min=     0.037 us/xform  median=     0.037  sd=  0.07%      6.53 GF/s  setup=0.000 s
fftw1d_custom_soa        L=13  B=512   m=1     inner=1678   min=     0.037 us/xform  median=     0.037  sd=  0.03%      6.57 GF/s  setup=0.000 s
fftw1d_custom_soa        L=13  B=512   m=1     inner=1598   min=     0.037 us/xform  median=     0.037  sd=  0.04%      6.50 GF/s  setup=0.000 s
fftw1d_custom_soa        L=13  B=512   m=1     inner=2102   min=     0.037 us/xform  median=     0.037  sd=  0.21%      6.54 GF/s  setup=0.000 s
fftw1d_custom_soa        L=13  B=512   m=1     inner=1598   min=     0.037 us/xform  median=     0.037  sd=  0.02%      6.50 GF/s  setup=0.000 s
fftw1d_custom_soa        L=13  B=512   m=1     inner=1604   min=     0.037 us/xform  median=     0.037  sd=  0.14%      6.53 GF/s  setup=0.000 s
fftw1d_custom_soa        L=13  B=512   m=1     inner=1666   min=     0.037 us/xform  median=     0.037  sd=  0.03%      6.53 GF/s  setup=0.000 s
fftw1d_custom_soa        L=13  B=512   m=1     inner=1662   min=     0.037 us/xform  median=     0.037  sd=  0.04%      6.52 GF/s  setup=0.000 s
fftw1d_custom_soa        L=13  B=512   m=1     inner=1594   min=     0.037 us/xform  median=     0.037  sd=  0.27%      6.49 GF/s  setup=0.000 s
fftw1d_estimate          L=13  B=512   m=1     inner=1942   min=     0.040 us/xform  median=     0.040  sd=  0.05%      6.01 GF/s  setup=0.001 s
fftw1d_estimate          L=13  B=512   m=1     inner=1944   min=     0.040 us/xform  median=     0.040  sd=  0.04%      6.02 GF/s  setup=0.001 s
fftw1d_estimate          L=13  B=512   m=1     inner=1542   min=     0.040 us/xform  median=     0.040  sd=  0.04%      6.01 GF/s  setup=0.001 s
fftw1d_estimate          L=13  B=512   m=1     inner=1464   min=     0.040 us/xform  median=     0.040  sd=  0.05%      6.01 GF/s  setup=0.001 s
fftw1d_estimate          L=13  B=512   m=1     inner=1540   min=     0.040 us/xform  median=     0.040  sd=  0.05%      6.02 GF/s  setup=0.001 s
fftw1d_estimate          L=13  B=512   m=1     inner=1538   min=     0.040 us/xform  median=     0.040  sd=  0.06%      6.01 GF/s  setup=0.001 s
fftw1d_estimate          L=13  B=512   m=1     inner=1928   min=     0.035 us/xform  median=     0.035  sd=  5.20%      6.82 GF/s  setup=0.001 s
fftw1d_estimate          L=13  B=512   m=1     inner=1456   min=     0.040 us/xform  median=     0.040  sd=  0.09%      6.02 GF/s  setup=0.001 s
fftw1d_estimate          L=13  B=512   m=1     inner=1480   min=     0.040 us/xform  median=     0.040  sd=  0.13%      6.05 GF/s  setup=0.001 s
fftw1d_measure           L=13  B=512   m=1     inner=5188   min=     0.014 us/xform  median=     0.014  sd=  0.07%     17.13 GF/s  setup=0.002 s
fftw1d_measure           L=13  B=512   m=1     inner=4392   min=     0.014 us/xform  median=     0.014  sd=  0.05%     16.78 GF/s  setup=0.002 s
fftw1d_measure           L=13  B=512   m=1     inner=3972   min=     0.015 us/xform  median=     0.015  sd=  0.04%     16.46 GF/s  setup=0.002 s
fftw1d_measure           L=13  B=512   m=1     inner=4368   min=     0.013 us/xform  median=     0.013  sd=  0.05%     18.64 GF/s  setup=0.002 s
fftw1d_measure           L=13  B=512   m=1     inner=4310   min=     0.014 us/xform  median=     0.014  sd=  0.07%     16.84 GF/s  setup=0.002 s
fftw1d_measure           L=13  B=512   m=1     inner=4246   min=     0.014 us/xform  median=     0.014  sd=  0.06%     16.96 GF/s  setup=0.002 s
fftw1d_measure           L=13  B=512   m=1     inner=5444   min=     0.014 us/xform  median=     0.014  sd=  0.03%     17.12 GF/s  setup=0.002 s
fftw1d_measure           L=13  B=512   m=1     inner=5344   min=     0.013 us/xform  median=     0.014  sd=  5.47%     19.09 GF/s  setup=0.002 s
fftw1d_measure           L=13  B=512   m=1     inner=3092   min=     0.014 us/xform  median=     0.014  sd=  0.05%     17.25 GF/s  setup=0.002 s
fftw1d_patient           L=13  B=512   m=1     inner=6128   min=     0.012 us/xform  median=     0.012  sd=  0.05%     19.31 GF/s  setup=0.002 s
fftw1d_patient           L=13  B=512   m=1     inner=3934   min=     0.014 us/xform  median=     0.014  sd=  0.07%     16.75 GF/s  setup=0.003 s
fftw1d_patient           L=13  B=512   m=1     inner=2632   min=     0.014 us/xform  median=     0.014  sd=  0.94%     16.66 GF/s  setup=0.002 s
fftw1d_patient           L=13  B=512   m=1     inner=5246   min=     0.015 us/xform  median=     0.015  sd=  0.04%     16.43 GF/s  setup=0.002 s
fftw1d_patient           L=13  B=512   m=1     inner=3994   min=     0.013 us/xform  median=     0.013  sd=  0.52%     19.13 GF/s  setup=0.003 s
fftw1d_patient           L=13  B=512   m=1     inner=4336   min=     0.012 us/xform  median=     0.012  sd=  0.07%     19.59 GF/s  setup=0.002 s
fftw1d_patient           L=13  B=512   m=1     inner=6146   min=     0.013 us/xform  median=     0.013  sd=  0.03%     19.21 GF/s  setup=0.002 s
fftw1d_patient           L=13  B=512   m=1     inner=4356   min=     0.014 us/xform  median=     0.014  sd=  0.05%     17.03 GF/s  setup=0.003 s
fftw1d_patient           L=13  B=512   m=1     inner=3724   min=     0.013 us/xform  median=     0.013  sd=  0.08%     18.79 GF/s  setup=0.003 s
mkl1d_dfti               L=13  B=512   m=1     inner=3990   min=     0.019 us/xform  median=     0.019  sd=  0.16%     12.45 GF/s  setup=0.051 s
mkl1d_dfti               L=13  B=512   m=1     inner=4002   min=     0.016 us/xform  median=     0.019  sd=  7.95%     15.06 GF/s  setup=0.015 s
mkl1d_dfti               L=13  B=512   m=1     inner=4538   min=     0.016 us/xform  median=     0.016  sd=  0.12%     15.02 GF/s  setup=0.013 s
mkl1d_dfti               L=13  B=512   m=1     inner=4544   min=     0.016 us/xform  median=     0.016  sd=  0.20%     15.04 GF/s  setup=0.031 s
mkl1d_dfti               L=13  B=512   m=1     inner=4570   min=     0.016 us/xform  median=     0.016  sd=  0.12%     15.07 GF/s  setup=0.033 s
mkl1d_dfti               L=13  B=512   m=1     inner=4526   min=     0.016 us/xform  median=     0.016  sd=  0.17%     15.05 GF/s  setup=0.013 s
mkl1d_dfti               L=13  B=512   m=1     inner=4566   min=     0.016 us/xform  median=     0.016  sd=  0.17%     15.11 GF/s  setup=0.013 s
mkl1d_dfti               L=13  B=512   m=1     inner=4542   min=     0.016 us/xform  median=     0.016  sd=  0.16%     15.10 GF/s  setup=0.013 s
mkl1d_dfti               L=13  B=512   m=1     inner=4552   min=     0.016 us/xform  median=     0.016  sd=  0.15%     15.03 GF/s  setup=0.032 s
baseline_dft             L=60  B=1     m=1     inner=5136   min=     7.472 us/xform  median=     7.473  sd=  0.01%      0.24 GF/s  setup=0.000 s
baseline_dft             L=60  B=1     m=1     inner=4008   min=     7.472 us/xform  median=     7.474  sd=  0.02%      0.24 GF/s  setup=0.000 s
baseline_dft             L=60  B=1     m=1     inner=4194   min=     7.472 us/xform  median=     7.473  sd=  0.02%      0.24 GF/s  setup=0.000 s
baseline_dft             L=60  B=1     m=1     inner=4206   min=     7.472 us/xform  median=     7.473  sd=  0.01%      0.24 GF/s  setup=0.000 s
baseline_dft             L=60  B=1     m=1     inner=4202   min=     7.472 us/xform  median=     7.472  sd=  0.01%      0.24 GF/s  setup=0.000 s
baseline_dft             L=60  B=1     m=1     inner=5302   min=     7.472 us/xform  median=     7.473  sd=  0.01%      0.24 GF/s  setup=0.000 s
baseline_dft             L=60  B=1     m=1     inner=5294   min=     7.472 us/xform  median=     7.472  sd=  0.01%      0.24 GF/s  setup=0.000 s
baseline_dft             L=60  B=1     m=1     inner=5292   min=     7.473 us/xform  median=     7.488  sd=  1.03%      0.24 GF/s  setup=0.000 s
baseline_dft             L=60  B=1     m=1     inner=6328   min=     6.191 us/xform  median=     6.191  sd=  0.01%      0.29 GF/s  setup=0.000 s
d1_batchlane             L=60  B=1     m=1     inner=516944 min=     0.077 us/xform  median=     0.078  sd=  0.07%     22.87 GF/s  setup=0.000 s
d1_batchlane             L=60  B=1     m=1     inner=399528 min=     0.082 us/xform  median=     0.082  sd=  0.08%     21.55 GF/s  setup=0.000 s
d1_batchlane             L=60  B=1     m=1     inner=396214 min=     0.081 us/xform  median=     0.081  sd=  0.13%     21.92 GF/s  setup=0.000 s
d1_batchlane             L=60  B=1     m=1     inner=421892 min=     0.077 us/xform  median=     0.078  sd=  0.13%     22.90 GF/s  setup=0.000 s
d1_batchlane             L=60  B=1     m=1     inner=403088 min=     0.080 us/xform  median=     0.081  sd=  0.09%     22.05 GF/s  setup=0.000 s
d1_batchlane             L=60  B=1     m=1     inner=402326 min=     0.079 us/xform  median=     0.079  sd=  0.08%     22.47 GF/s  setup=0.000 s
d1_batchlane             L=60  B=1     m=1     inner=403476 min=     0.079 us/xform  median=     0.079  sd=  0.09%     22.42 GF/s  setup=0.000 s
d1_batchlane             L=60  B=1     m=1     inner=511966 min=     0.078 us/xform  median=     0.078  sd=  0.11%     22.71 GF/s  setup=0.000 s
d1_batchlane             L=60  B=1     m=1     inner=395632 min=     0.081 us/xform  median=     0.081  sd=  0.09%     21.98 GF/s  setup=0.000 s
d1_bluestein             L=60  B=1     m=1     inner=189940 min=     0.212 us/xform  median=     0.212  sd=  0.08%      8.36 GF/s  setup=0.001 s
d1_bluestein             L=60  B=1     m=1     inner=150212 min=     0.214 us/xform  median=     0.214  sd=  0.09%      8.28 GF/s  setup=0.001 s
d1_bluestein             L=60  B=1     m=1     inner=147686 min=     0.212 us/xform  median=     0.212  sd=  0.08%      8.35 GF/s  setup=0.001 s
d1_bluestein             L=60  B=1     m=1     inner=149950 min=     0.216 us/xform  median=     0.216  sd=  0.15%      8.21 GF/s  setup=0.001 s
d1_bluestein             L=60  B=1     m=1     inner=150770 min=     0.212 us/xform  median=     0.213  sd=  0.08%      8.35 GF/s  setup=0.001 s
d1_bluestein             L=60  B=1     m=1     inner=146994 min=     0.215 us/xform  median=     0.215  sd=  0.06%      8.24 GF/s  setup=0.001 s
d1_bluestein             L=60  B=1     m=1     inner=95260  min=     0.212 us/xform  median=     0.212  sd=  0.17%      8.36 GF/s  setup=0.001 s
d1_bluestein             L=60  B=1     m=1     inner=155076 min=     0.212 us/xform  median=     0.212  sd=  0.12%      8.35 GF/s  setup=0.001 s
d1_bluestein             L=60  B=1     m=1     inner=189428 min=     0.212 us/xform  median=     0.212  sd=  0.11%      8.35 GF/s  setup=0.001 s
d1_composite             L=60  B=1     m=1     inner=575330 min=     0.053 us/xform  median=     0.053  sd=  0.05%     33.20 GF/s  setup=0.000 s
d1_composite             L=60  B=1     m=1     inner=596090 min=     0.054 us/xform  median=     0.054  sd=  0.03%     32.82 GF/s  setup=0.000 s
d1_composite             L=60  B=1     m=1     inner=561138 min=     0.056 us/xform  median=     0.056  sd=  0.09%     31.72 GF/s  setup=0.000 s
d1_composite             L=60  B=1     m=1     inner=585546 min=     0.053 us/xform  median=     0.053  sd=  0.04%     33.19 GF/s  setup=0.000 s
d1_composite             L=60  B=1     m=1     inner=581768 min=     0.053 us/xform  median=     0.054  sd=  0.05%     33.14 GF/s  setup=0.000 s
d1_composite             L=60  B=1     m=1     inner=584562 min=     0.055 us/xform  median=     0.055  sd=  0.10%     32.46 GF/s  setup=0.000 s
d1_composite             L=60  B=1     m=1     inner=358353 min=     0.056 us/xform  median=     0.056  sd=  0.13%     31.79 GF/s  setup=0.000 s
d1_composite             L=60  B=1     m=1     inner=601074 min=     0.053 us/xform  median=     0.053  sd=  0.06%     33.19 GF/s  setup=0.000 s
d1_composite             L=60  B=1     m=1     inner=566074 min=     0.056 us/xform  median=     0.056  sd=  0.11%     31.78 GF/s  setup=0.000 s
d1_planner               L=60  B=1     m=1     inner=214834 min=     0.185 us/xform  median=     0.186  sd=  0.09%      9.55 GF/s  setup=0.000 s
d1_planner               L=60  B=1     m=1     inner=223570 min=     0.178 us/xform  median=     0.178  sd=  0.15%      9.96 GF/s  setup=0.000 s
d1_planner               L=60  B=1     m=1     inner=174070 min=     0.177 us/xform  median=     0.177  sd=  0.05%      9.99 GF/s  setup=0.000 s
d1_planner               L=60  B=1     m=1     inner=166362 min=     0.187 us/xform  median=     0.187  sd=  0.09%      9.47 GF/s  setup=0.000 s
d1_planner               L=60  B=1     m=1     inner=220244 min=     0.181 us/xform  median=     0.181  sd=  0.07%      9.81 GF/s  setup=0.000 s
d1_planner               L=60  B=1     m=1     inner=167230 min=     0.188 us/xform  median=     0.188  sd=  0.05%      9.43 GF/s  setup=0.000 s
d1_planner               L=60  B=1     m=1     inner=223752 min=     0.177 us/xform  median=     0.178  sd=  0.08%      9.99 GF/s  setup=0.000 s
d1_planner               L=60  B=1     m=1     inner=209224 min=     0.190 us/xform  median=     0.191  sd=  0.04%      9.31 GF/s  setup=0.000 s
d1_planner               L=60  B=1     m=1     inner=171400 min=     0.179 us/xform  median=     0.179  sd=  0.09%      9.91 GF/s  setup=0.000 s
d1_race                  L=60  B=1     m=1     inner=698450 min=     0.057 us/xform  median=     0.057  sd=  0.05%     31.16 GF/s  setup=0.084 s
d1_race                  L=60  B=1     m=1     inner=542140 min=     0.056 us/xform  median=     0.056  sd=  0.13%     31.70 GF/s  setup=0.009 s
d1_race                  L=60  B=1     m=1     inner=567870 min=     0.056 us/xform  median=     0.056  sd=  0.06%     31.81 GF/s  setup=0.007 s
d1_race                  L=60  B=1     m=1     inner=285032 min=     0.070 us/xform  median=     0.070  sd=  0.07%     25.36 GF/s  setup=0.007 s
d1_race                  L=60  B=1     m=1     inner=359108 min=     0.056 us/xform  median=     0.056  sd=  0.04%     31.90 GF/s  setup=0.007 s
d1_race                  L=60  B=1     m=1     inner=522220 min=     0.054 us/xform  median=     0.055  sd=  0.05%     32.52 GF/s  setup=0.007 s
d1_race                  L=60  B=1     m=1     inner=562578 min=     0.054 us/xform  median=     0.054  sd=  0.11%     32.95 GF/s  setup=0.007 s
d1_race                  L=60  B=1     m=1     inner=539658 min=     0.056 us/xform  median=     0.056  sd=  0.12%     31.71 GF/s  setup=0.009 s
d1_race                  L=60  B=1     m=1     inner=546890 min=     0.055 us/xform  median=     0.055  sd=  0.03%     32.01 GF/s  setup=0.007 s
d1_twiddle               L=60  B=1     m=1     inner=258645 min=     0.077 us/xform  median=     0.077  sd=  0.09%     22.97 GF/s  setup=0.000 s
d1_twiddle               L=60  B=1     m=1     inner=416304 min=     0.077 us/xform  median=     0.077  sd=  0.04%     22.93 GF/s  setup=0.000 s
d1_twiddle               L=60  B=1     m=1     inner=404822 min=     0.078 us/xform  median=     0.078  sd=  0.02%     22.77 GF/s  setup=0.000 s
d1_twiddle               L=60  B=1     m=1     inner=411088 min=     0.078 us/xform  median=     0.078  sd=  0.08%     22.67 GF/s  setup=0.000 s
d1_twiddle               L=60  B=1     m=1     inner=399854 min=     0.079 us/xform  median=     0.079  sd=  0.02%     22.46 GF/s  setup=0.000 s
d1_twiddle               L=60  B=1     m=1     inner=354226 min=     0.086 us/xform  median=     0.088  sd=  0.78%     20.61 GF/s  setup=0.000 s
d1_twiddle               L=60  B=1     m=1     inner=401226 min=     0.078 us/xform  median=     0.079  sd=  0.12%     22.59 GF/s  setup=0.000 s
d1_twiddle               L=60  B=1     m=1     inner=395582 min=     0.078 us/xform  median=     0.078  sd=  0.03%     22.78 GF/s  setup=0.000 s
d1_twiddle               L=60  B=1     m=1     inner=402384 min=     0.077 us/xform  median=     0.077  sd=  0.09%     22.93 GF/s  setup=0.000 s
fftw1d_custom            L=60  B=1     m=1     inner=86416  min=     0.276 us/xform  median=     0.279  sd=  0.42%      6.42 GF/s  setup=0.000 s
fftw1d_custom            L=60  B=1     m=1     inner=84964  min=     0.276 us/xform  median=     0.278  sd=  0.37%      6.41 GF/s  setup=0.000 s
fftw1d_custom            L=60  B=1     m=1     inner=105526 min=     0.279 us/xform  median=     0.281  sd=  0.26%      6.35 GF/s  setup=0.000 s
fftw1d_custom            L=60  B=1     m=1     inner=109564 min=     0.278 us/xform  median=     0.280  sd=  0.27%      6.37 GF/s  setup=0.000 s
fftw1d_custom            L=60  B=1     m=1     inner=98282  min=     0.278 us/xform  median=     0.280  sd=  0.21%      6.37 GF/s  setup=0.000 s
fftw1d_custom            L=60  B=1     m=1     inner=110836 min=     0.279 us/xform  median=     0.280  sd=  0.21%      6.35 GF/s  setup=0.000 s
fftw1d_custom            L=60  B=1     m=1     inner=111124 min=     0.278 us/xform  median=     0.280  sd=  0.39%      6.38 GF/s  setup=0.000 s
fftw1d_custom            L=60  B=1     m=1     inner=110552 min=     0.277 us/xform  median=     0.281  sd=  0.45%      6.41 GF/s  setup=0.000 s
fftw1d_custom            L=60  B=1     m=1     inner=84462  min=     0.278 us/xform  median=     0.279  sd=  0.33%      6.38 GF/s  setup=0.000 s
fftw1d_estimate          L=60  B=1     m=1     inner=303130 min=     0.100 us/xform  median=     0.101  sd=  0.05%     17.64 GF/s  setup=0.001 s
fftw1d_estimate          L=60  B=1     m=1     inner=330652 min=     0.097 us/xform  median=     0.097  sd=  0.12%     18.33 GF/s  setup=0.001 s
fftw1d_estimate          L=60  B=1     m=1     inner=333154 min=     0.095 us/xform  median=     0.096  sd=  0.13%     18.57 GF/s  setup=0.001 s
fftw1d_estimate          L=60  B=1     m=1     inner=332574 min=     0.096 us/xform  median=     0.096  sd=  0.08%     18.43 GF/s  setup=0.001 s
fftw1d_estimate          L=60  B=1     m=1     inner=322014 min=     0.097 us/xform  median=     0.097  sd=  0.07%     18.22 GF/s  setup=0.001 s
fftw1d_estimate          L=60  B=1     m=1     inner=318828 min=     0.097 us/xform  median=     0.097  sd=  0.11%     18.34 GF/s  setup=0.001 s
fftw1d_estimate          L=60  B=1     m=1     inner=317860 min=     0.098 us/xform  median=     0.098  sd=  0.07%     18.12 GF/s  setup=0.001 s
fftw1d_estimate          L=60  B=1     m=1     inner=321180 min=     0.096 us/xform  median=     0.096  sd=  0.09%     18.47 GF/s  setup=0.001 s
fftw1d_estimate          L=60  B=1     m=1     inner=336676 min=     0.094 us/xform  median=     0.095  sd=  0.20%     18.80 GF/s  setup=0.001 s
fftw1d_measure           L=60  B=1     m=1     inner=256038 min=     0.079 us/xform  median=     0.079  sd=  0.54%     22.49 GF/s  setup=0.046 s
fftw1d_measure           L=60  B=1     m=1     inner=477222 min=     0.083 us/xform  median=     0.083  sd=  0.33%     21.38 GF/s  setup=0.047 s
fftw1d_measure           L=60  B=1     m=1     inner=445808 min=     0.088 us/xform  median=     0.088  sd=  0.16%     20.23 GF/s  setup=0.047 s
fftw1d_measure           L=60  B=1     m=1     inner=518818 min=     0.077 us/xform  median=     0.077  sd=  0.31%     22.96 GF/s  setup=0.046 s
fftw1d_measure           L=60  B=1     m=1     inner=249706 min=     0.084 us/xform  median=     0.085  sd=  0.37%     20.99 GF/s  setup=0.047 s
fftw1d_measure           L=60  B=1     m=1     inner=261092 min=     0.088 us/xform  median=     0.089  sd=  0.19%     20.09 GF/s  setup=0.047 s
fftw1d_measure           L=60  B=1     m=1     inner=419782 min=     0.095 us/xform  median=     0.095  sd=  0.10%     18.64 GF/s  setup=0.047 s
fftw1d_measure           L=60  B=1     m=1     inner=436090 min=     0.091 us/xform  median=     0.091  sd=  0.32%     19.52 GF/s  setup=0.047 s
fftw1d_measure           L=60  B=1     m=1     inner=451906 min=     0.088 us/xform  median=     0.088  sd=  0.13%     20.09 GF/s  setup=0.046 s
fftw1d_patient           L=60  B=1     m=1     inner=537050 min=     0.073 us/xform  median=     0.073  sd=  0.31%     24.27 GF/s  setup=0.128 s
fftw1d_patient           L=60  B=1     m=1     inner=251949 min=     0.078 us/xform  median=     0.080  sd=  0.70%     22.65 GF/s  setup=0.129 s
fftw1d_patient           L=60  B=1     m=1     inner=520994 min=     0.076 us/xform  median=     0.076  sd=  0.04%     23.25 GF/s  setup=0.127 s
fftw1d_patient           L=60  B=1     m=1     inner=528168 min=     0.076 us/xform  median=     0.076  sd=  0.10%     23.44 GF/s  setup=0.129 s
fftw1d_patient           L=60  B=1     m=1     inner=567360 min=     0.070 us/xform  median=     0.070  sd=  0.09%     25.24 GF/s  setup=0.129 s
fftw1d_patient           L=60  B=1     m=1     inner=260348 min=     0.076 us/xform  median=     0.076  sd=  0.69%     23.43 GF/s  setup=0.129 s
fftw1d_patient           L=60  B=1     m=1     inner=512050 min=     0.077 us/xform  median=     0.078  sd=  0.21%     22.91 GF/s  setup=0.126 s
fftw1d_patient           L=60  B=1     m=1     inner=504134 min=     0.079 us/xform  median=     0.079  sd=  0.17%     22.48 GF/s  setup=0.126 s
fftw1d_patient           L=60  B=1     m=1     inner=571178 min=     0.069 us/xform  median=     0.070  sd=  0.18%     25.58 GF/s  setup=0.129 s
mkl1d_dfti               L=60  B=1     m=1     inner=326696 min=     0.061 us/xform  median=     0.062  sd=  0.30%     28.96 GF/s  setup=0.002 s
mkl1d_dfti               L=60  B=1     m=1     inner=516502 min=     0.061 us/xform  median=     0.061  sd=  0.23%     29.15 GF/s  setup=0.002 s
mkl1d_dfti               L=60  B=1     m=1     inner=522964 min=     0.061 us/xform  median=     0.062  sd=  0.17%     28.83 GF/s  setup=0.002 s
mkl1d_dfti               L=60  B=1     m=1     inner=324829 min=     0.061 us/xform  median=     0.062  sd=  0.46%     28.91 GF/s  setup=0.001 s
mkl1d_dfti               L=60  B=1     m=1     inner=521578 min=     0.061 us/xform  median=     0.061  sd=  0.32%     29.00 GF/s  setup=0.002 s
mkl1d_dfti               L=60  B=1     m=1     inner=511974 min=     0.063 us/xform  median=     0.063  sd=  0.20%     28.21 GF/s  setup=0.002 s
mkl1d_dfti               L=60  B=1     m=1     inner=636766 min=     0.062 us/xform  median=     0.063  sd=  0.19%     28.44 GF/s  setup=0.001 s
mkl1d_dfti               L=60  B=1     m=1     inner=326430 min=     0.061 us/xform  median=     0.061  sd=  0.34%     29.10 GF/s  setup=0.001 s
mkl1d_dfti               L=60  B=1     m=1     inner=516154 min=     0.061 us/xform  median=     0.061  sd=  0.31%     29.05 GF/s  setup=0.002 s
baseline_dft             L=13  B=1     m=1     inner=94498  min=     0.353 us/xform  median=     0.353  sd=  0.02%      0.68 GF/s  setup=0.000 s
baseline_dft             L=13  B=1     m=1     inner=71702  min=     0.353 us/xform  median=     0.353  sd=  0.04%      0.68 GF/s  setup=0.000 s
baseline_dft             L=13  B=1     m=1     inner=74306  min=     0.353 us/xform  median=     0.353  sd=  0.02%      0.68 GF/s  setup=0.000 s
baseline_dft             L=13  B=1     m=1     inner=74630  min=     0.353 us/xform  median=     0.353  sd=  0.02%      0.68 GF/s  setup=0.000 s
baseline_dft             L=13  B=1     m=1     inner=74824  min=     0.353 us/xform  median=     0.353  sd=  0.03%      0.68 GF/s  setup=0.000 s
baseline_dft             L=13  B=1     m=1     inner=71284  min=     0.354 us/xform  median=     0.354  sd=  0.03%      0.68 GF/s  setup=0.000 s
baseline_dft             L=13  B=1     m=1     inner=73922  min=     0.353 us/xform  median=     0.353  sd=  0.03%      0.68 GF/s  setup=0.000 s
baseline_dft             L=13  B=1     m=1     inner=73922  min=     0.353 us/xform  median=     0.353  sd=  0.03%      0.68 GF/s  setup=0.000 s
baseline_dft             L=13  B=1     m=1     inner=74630  min=     0.353 us/xform  median=     0.353  sd=  0.04%      0.68 GF/s  setup=0.000 s
d1_batchlane             L=13  B=1     m=1     inner=1617340 min=     0.025 us/xform  median=     0.025  sd=  0.12%      9.80 GF/s  setup=0.000 s
d1_batchlane             L=13  B=1     m=1     inner=1269964 min=     0.025 us/xform  median=     0.025  sd=  0.12%      9.79 GF/s  setup=0.000 s
d1_batchlane             L=13  B=1     m=1     inner=1244254 min=     0.024 us/xform  median=     0.024  sd=  0.15%      9.93 GF/s  setup=0.000 s
d1_batchlane             L=13  B=1     m=1     inner=1318174 min=     0.025 us/xform  median=     0.025  sd=  0.14%      9.80 GF/s  setup=0.000 s
d1_batchlane             L=13  B=1     m=1     inner=1547214 min=     0.026 us/xform  median=     0.026  sd=  0.14%      9.36 GF/s  setup=0.000 s
d1_batchlane             L=13  B=1     m=1     inner=1084230 min=     0.028 us/xform  median=     0.028  sd=  0.03%      8.63 GF/s  setup=0.000 s
d1_batchlane             L=13  B=1     m=1     inner=1118928 min=     0.028 us/xform  median=     0.028  sd=  0.11%      8.55 GF/s  setup=0.000 s
d1_batchlane             L=13  B=1     m=1     inner=1581724 min=     0.025 us/xform  median=     0.025  sd=  0.10%      9.61 GF/s  setup=0.000 s
d1_batchlane             L=13  B=1     m=1     inner=1244430 min=     0.024 us/xform  median=     0.024  sd=  0.25%      9.93 GF/s  setup=0.000 s
d1_bluestein             L=13  B=1     m=1     inner=184031 min=     0.108 us/xform  median=     0.109  sd=  0.52%      2.23 GF/s  setup=0.000 s
d1_bluestein             L=13  B=1     m=1     inner=311228 min=     0.108 us/xform  median=     0.108  sd=  0.46%      2.24 GF/s  setup=0.000 s
d1_bluestein             L=13  B=1     m=1     inner=331016 min=     0.110 us/xform  median=     0.111  sd=  0.35%      2.18 GF/s  setup=0.000 s
d1_bluestein             L=13  B=1     m=1     inner=207486 min=     0.107 us/xform  median=     0.108  sd=  0.30%      2.24 GF/s  setup=0.000 s
d1_bluestein             L=13  B=1     m=1     inner=173884 min=     0.107 us/xform  median=     0.108  sd=  0.54%      2.24 GF/s  setup=0.000 s
d1_bluestein             L=13  B=1     m=1     inner=287918 min=     0.109 us/xform  median=     0.110  sd=  0.53%      2.21 GF/s  setup=0.000 s
d1_bluestein             L=13  B=1     m=1     inner=177844 min=     0.108 us/xform  median=     0.108  sd=  0.29%      2.23 GF/s  setup=0.000 s
d1_bluestein             L=13  B=1     m=1     inner=352044 min=     0.108 us/xform  median=     0.109  sd=  0.52%      2.22 GF/s  setup=0.000 s
d1_bluestein             L=13  B=1     m=1     inner=182376 min=     0.108 us/xform  median=     0.108  sd=  0.31%      2.24 GF/s  setup=0.000 s
d1_planner               L=13  B=1     m=1     inner=222164 min=     0.090 us/xform  median=     0.090  sd=  0.12%      2.68 GF/s  setup=0.000 s
d1_planner               L=13  B=1     m=1     inner=346664 min=     0.092 us/xform  median=     0.092  sd=  0.11%      2.63 GF/s  setup=0.000 s
d1_planner               L=13  B=1     m=1     inner=357862 min=     0.090 us/xform  median=     0.090  sd=  0.15%      2.68 GF/s  setup=0.000 s
d1_planner               L=13  B=1     m=1     inner=341320 min=     0.092 us/xform  median=     0.092  sd=  0.12%      2.61 GF/s  setup=0.000 s
d1_planner               L=13  B=1     m=1     inner=343012 min=     0.093 us/xform  median=     0.093  sd=  0.05%      2.58 GF/s  setup=0.000 s
d1_planner               L=13  B=1     m=1     inner=337208 min=     0.090 us/xform  median=     0.090  sd=  0.05%      2.67 GF/s  setup=0.000 s
d1_planner               L=13  B=1     m=1     inner=351438 min=     0.090 us/xform  median=     0.090  sd=  0.09%      2.68 GF/s  setup=0.000 s
d1_planner               L=13  B=1     m=1     inner=351230 min=     0.090 us/xform  median=     0.090  sd=  0.07%      2.67 GF/s  setup=0.000 s
d1_planner               L=13  B=1     m=1     inner=416450 min=     0.095 us/xform  median=     0.095  sd=  0.10%      2.52 GF/s  setup=0.000 s
d1_prime                 L=13  B=1     m=1     inner=1143648 min=     0.017 us/xform  median=     0.017  sd=  0.45%     14.08 GF/s  setup=0.000 s
d1_prime                 L=13  B=1     m=1     inner=1822162 min=     0.017 us/xform  median=     0.017  sd=  0.38%     14.06 GF/s  setup=0.000 s
d1_prime                 L=13  B=1     m=1     inner=1933250 min=     0.020 us/xform  median=     0.021  sd=  0.80%     11.79 GF/s  setup=0.000 s
d1_prime                 L=13  B=1     m=1     inner=1814840 min=     0.017 us/xform  median=     0.017  sd=  0.45%     14.06 GF/s  setup=0.000 s
d1_prime                 L=13  B=1     m=1     inner=2287756 min=     0.017 us/xform  median=     0.017  sd=  0.55%     14.01 GF/s  setup=0.000 s
d1_prime                 L=13  B=1     m=1     inner=1818882 min=     0.022 us/xform  median=     0.022  sd=  1.01%     11.11 GF/s  setup=0.000 s
d1_prime                 L=13  B=1     m=1     inner=1157364 min=     0.015 us/xform  median=     0.015  sd=  4.15%     16.02 GF/s  setup=0.000 s
d1_prime                 L=13  B=1     m=1     inner=1835064 min=     0.017 us/xform  median=     0.017  sd=  0.48%     14.09 GF/s  setup=0.000 s
d1_prime                 L=13  B=1     m=1     inner=1801788 min=     0.022 us/xform  median=     0.022  sd=  0.01%     10.90 GF/s  setup=0.000 s
d1_race                  L=13  B=1     m=1     inner=2432846 min=     0.016 us/xform  median=     0.016  sd=  0.36%     14.97 GF/s  setup=0.052 s
d1_race                  L=13  B=1     m=1     inner=1834322 min=     0.016 us/xform  median=     0.016  sd=  1.33%     14.90 GF/s  setup=0.008 s
d1_race                  L=13  B=1     m=1     inner=1879218 min=     0.017 us/xform  median=     0.017  sd=  0.48%     14.48 GF/s  setup=0.007 s
d1_race                  L=13  B=1     m=1     inner=2398648 min=     0.014 us/xform  median=     0.016  sd=  6.54%     16.68 GF/s  setup=0.007 s
d1_race                  L=13  B=1     m=1     inner=2383348 min=     0.016 us/xform  median=     0.017  sd=  1.14%     14.71 GF/s  setup=0.005 s
d1_race                  L=13  B=1     m=1     inner=1474120 min=     0.020 us/xform  median=     0.020  sd=  1.09%     12.27 GF/s  setup=0.006 s
d1_race                  L=13  B=1     m=1     inner=1049920 min=     0.019 us/xform  median=     0.019  sd=  0.42%     12.71 GF/s  setup=0.006 s
d1_race                  L=13  B=1     m=1     inner=1788394 min=     0.016 us/xform  median=     0.017  sd=  1.21%     14.72 GF/s  setup=0.008 s
d1_race                  L=13  B=1     m=1     inner=1624768 min=     0.019 us/xform  median=     0.019  sd=  0.57%     12.84 GF/s  setup=0.007 s
d1_rader                 L=13  B=1     m=1     inner=351501 min=     0.057 us/xform  median=     0.057  sd=  0.19%      4.23 GF/s  setup=0.000 s
d1_rader                 L=13  B=1     m=1     inner=350965 min=     0.057 us/xform  median=     0.057  sd=  0.11%      4.23 GF/s  setup=0.000 s
d1_rader                 L=13  B=1     m=1     inner=560682 min=     0.057 us/xform  median=     0.057  sd=  0.07%      4.23 GF/s  setup=0.000 s
d1_rader                 L=13  B=1     m=1     inner=697608 min=     0.057 us/xform  median=     0.057  sd=  0.05%      4.20 GF/s  setup=0.000 s
d1_rader                 L=13  B=1     m=1     inner=351171 min=     0.057 us/xform  median=     0.057  sd=  0.06%      4.23 GF/s  setup=0.000 s
d1_rader                 L=13  B=1     m=1     inner=551114 min=     0.057 us/xform  median=     0.057  sd=  0.06%      4.23 GF/s  setup=0.000 s
d1_rader                 L=13  B=1     m=1     inner=350957 min=     0.057 us/xform  median=     0.057  sd=  0.07%      4.23 GF/s  setup=0.000 s
d1_rader                 L=13  B=1     m=1     inner=559628 min=     0.057 us/xform  median=     0.057  sd=  0.06%      4.23 GF/s  setup=0.000 s
d1_rader                 L=13  B=1     m=1     inner=351146 min=     0.057 us/xform  median=     0.057  sd=  0.06%      4.23 GF/s  setup=0.000 s
fftw1d_custom            L=13  B=1     m=1     inner=692220 min=     0.057 us/xform  median=     0.057  sd=  0.24%      4.24 GF/s  setup=0.000 s
fftw1d_custom            L=13  B=1     m=1     inner=541856 min=     0.060 us/xform  median=     0.060  sd=  0.09%      4.03 GF/s  setup=0.000 s
fftw1d_custom            L=13  B=1     m=1     inner=549032 min=     0.047 us/xform  median=     0.047  sd=  0.17%      5.11 GF/s  setup=0.000 s
fftw1d_custom            L=13  B=1     m=1     inner=815594 min=     0.048 us/xform  median=     0.048  sd=  0.16%      4.99 GF/s  setup=0.000 s
fftw1d_custom            L=13  B=1     m=1     inner=541954 min=     0.057 us/xform  median=     0.057  sd=  0.11%      4.24 GF/s  setup=0.000 s
fftw1d_custom            L=13  B=1     m=1     inner=488898 min=     0.064 us/xform  median=     0.064  sd=  0.10%      3.74 GF/s  setup=0.000 s
fftw1d_custom            L=13  B=1     m=1     inner=559270 min=     0.057 us/xform  median=     0.057  sd=  0.17%      4.24 GF/s  setup=0.000 s
fftw1d_custom            L=13  B=1     m=1     inner=692530 min=     0.058 us/xform  median=     0.058  sd=  0.10%      4.17 GF/s  setup=0.000 s
fftw1d_custom            L=13  B=1     m=1     inner=539904 min=     0.057 us/xform  median=     0.057  sd=  0.15%      4.21 GF/s  setup=0.000 s
fftw1d_estimate          L=13  B=1     m=1     inner=1148720 min=     0.026 us/xform  median=     0.026  sd=  0.12%      9.10 GF/s  setup=0.001 s
fftw1d_estimate          L=13  B=1     m=1     inner=1167494 min=     0.026 us/xform  median=     0.026  sd=  0.11%      9.11 GF/s  setup=0.001 s
fftw1d_estimate          L=13  B=1     m=1     inner=754840 min=     0.026 us/xform  median=     0.026  sd=  0.14%      9.11 GF/s  setup=0.001 s
fftw1d_estimate          L=13  B=1     m=1     inner=1123888 min=     0.028 us/xform  median=     0.028  sd=  0.06%      8.58 GF/s  setup=0.001 s
fftw1d_estimate          L=13  B=1     m=1     inner=1143294 min=     0.026 us/xform  median=     0.026  sd=  0.12%      9.11 GF/s  setup=0.001 s
fftw1d_estimate          L=13  B=1     m=1     inner=1194234 min=     0.026 us/xform  median=     0.026  sd=  0.14%      9.12 GF/s  setup=0.001 s
fftw1d_estimate          L=13  B=1     m=1     inner=1208886 min=     0.026 us/xform  median=     0.027  sd=  0.10%      9.08 GF/s  setup=0.001 s
fftw1d_estimate          L=13  B=1     m=1     inner=1194782 min=     0.026 us/xform  median=     0.026  sd=  0.14%      9.12 GF/s  setup=0.001 s
fftw1d_estimate          L=13  B=1     m=1     inner=1137112 min=     0.026 us/xform  median=     0.027  sd=  0.38%      9.10 GF/s  setup=0.001 s
fftw1d_measure           L=13  B=1     m=1     inner=1149682 min=     0.026 us/xform  median=     0.026  sd=  0.08%      9.11 GF/s  setup=0.001 s
fftw1d_measure           L=13  B=1     m=1     inner=1199614 min=     0.026 us/xform  median=     0.026  sd=  0.07%      9.11 GF/s  setup=0.001 s
fftw1d_measure           L=13  B=1     m=1     inner=1202158 min=     0.026 us/xform  median=     0.026  sd=  0.13%      9.12 GF/s  setup=0.001 s
fftw1d_measure           L=13  B=1     m=1     inner=1218812 min=     0.026 us/xform  median=     0.026  sd=  0.11%      9.12 GF/s  setup=0.001 s
fftw1d_measure           L=13  B=1     m=1     inner=1484528 min=     0.027 us/xform  median=     0.027  sd=  0.07%      8.96 GF/s  setup=0.001 s
fftw1d_measure           L=13  B=1     m=1     inner=754401 min=     0.026 us/xform  median=     0.026  sd=  0.12%      9.12 GF/s  setup=0.001 s
fftw1d_measure           L=13  B=1     m=1     inner=1427288 min=     0.023 us/xform  median=     0.023  sd=  8.70%     10.39 GF/s  setup=0.001 s
fftw1d_measure           L=13  B=1     m=1     inner=1731404 min=     0.023 us/xform  median=     0.023  sd=  0.12%     10.66 GF/s  setup=0.001 s
fftw1d_measure           L=13  B=1     m=1     inner=1803270 min=     0.022 us/xform  median=     0.022  sd=  0.11%     11.01 GF/s  setup=0.001 s
fftw1d_patient           L=13  B=1     m=1     inner=718608 min=     0.028 us/xform  median=     0.028  sd=  0.12%      8.68 GF/s  setup=0.001 s
fftw1d_patient           L=13  B=1     m=1     inner=1139346 min=     0.028 us/xform  median=     0.028  sd=  0.07%      8.49 GF/s  setup=0.001 s
fftw1d_patient           L=13  B=1     m=1     inner=1182062 min=     0.027 us/xform  median=     0.027  sd=  0.13%      9.02 GF/s  setup=0.001 s
fftw1d_patient           L=13  B=1     m=1     inner=1507076 min=     0.026 us/xform  median=     0.026  sd=  0.09%      9.11 GF/s  setup=0.001 s
fftw1d_patient           L=13  B=1     m=1     inner=1151092 min=     0.027 us/xform  median=     0.027  sd=  0.10%      9.04 GF/s  setup=0.001 s
fftw1d_patient           L=13  B=1     m=1     inner=1196726 min=     0.026 us/xform  median=     0.026  sd=  0.08%      9.12 GF/s  setup=0.001 s
fftw1d_patient           L=13  B=1     m=1     inner=1500426 min=     0.026 us/xform  median=     0.027  sd=  0.11%      9.08 GF/s  setup=0.001 s
fftw1d_patient           L=13  B=1     m=1     inner=1195412 min=     0.026 us/xform  median=     0.026  sd=  0.10%      9.10 GF/s  setup=0.001 s
fftw1d_patient           L=13  B=1     m=1     inner=1231332 min=     0.026 us/xform  median=     0.026  sd=  0.09%      9.10 GF/s  setup=0.001 s
mkl1d_dfti               L=13  B=1     m=1     inner=853918 min=     0.026 us/xform  median=     0.026  sd=  0.98%      9.31 GF/s  setup=0.050 s
mkl1d_dfti               L=13  B=1     m=1     inner=1540108 min=     0.026 us/xform  median=     0.026  sd=  0.06%      9.29 GF/s  setup=0.015 s
mkl1d_dfti               L=13  B=1     m=1     inner=1251136 min=     0.031 us/xform  median=     0.031  sd=  0.60%      7.88 GF/s  setup=0.035 s
mkl1d_dfti               L=13  B=1     m=1     inner=772997 min=     0.026 us/xform  median=     0.026  sd=  0.10%      9.30 GF/s  setup=0.014 s
mkl1d_dfti               L=13  B=1     m=1     inner=1351374 min=     0.029 us/xform  median=     0.030  sd=  0.50%      8.16 GF/s  setup=0.036 s
mkl1d_dfti               L=13  B=1     m=1     inner=1537282 min=     0.021 us/xform  median=     0.025  sd=  9.44%     11.22 GF/s  setup=0.015 s
mkl1d_dfti               L=13  B=1     m=1     inner=1836696 min=     0.021 us/xform  median=     0.022  sd=  0.11%     11.19 GF/s  setup=0.014 s
mkl1d_dfti               L=13  B=1     m=1     inner=1766586 min=     0.022 us/xform  median=     0.022  sd=  0.14%     10.81 GF/s  setup=0.030 s
mkl1d_dfti               L=13  B=1     m=1     inner=1830938 min=     0.021 us/xform  median=     0.021  sd=  0.31%     11.22 GF/s  setup=0.030 s
