   skipping baseline_dft at L=100003 B=8 (too expensive to be informative)
d1_bluestein             L=100003 B=8     m=1     inner=1      min=  3705.869 us/xform  median=  3711.497  sd=  0.06%      2.24 GF/s  setup=0.029 s
d1_bluestein             L=100003 B=8     m=1     inner=1      min=  3751.520 us/xform  median=  3756.076  sd=  0.12%      2.21 GF/s  setup=0.031 s
d1_bluestein             L=100003 B=8     m=1     inner=1      min=  3706.202 us/xform  median=  3710.913  sd=  0.09%      2.24 GF/s  setup=0.031 s
d1_bluestein             L=100003 B=8     m=1     inner=1      min=  2755.840 us/xform  median=  2757.544  sd=  0.06%      3.01 GF/s  setup=0.029 s
d1_bluestein             L=100003 B=8     m=1     inner=1      min=  3730.785 us/xform  median=  3735.581  sd=  0.06%      2.23 GF/s  setup=0.029 s
d1_bluestein             L=100003 B=8     m=1     inner=1      min=  2794.807 us/xform  median=  3660.181  sd= 11.14%      2.97 GF/s  setup=0.033 s
d1_bluestein             L=100003 B=8     m=1     inner=1      min=  3207.177 us/xform  median=  3213.930  sd=  1.92%      2.59 GF/s  setup=0.031 s
d1_bluestein             L=100003 B=8     m=1     inner=1      min=  3706.402 us/xform  median=  3715.059  sd=  0.12%      2.24 GF/s  setup=0.031 s
d1_bluestein             L=100003 B=8     m=1     inner=1      min=  3739.254 us/xform  median=  3743.230  sd=  0.06%      2.22 GF/s  setup=0.031 s
d1_planner               L=100003 B=8     m=1     inner=1      min=  3872.323 us/xform  median=  3876.794  sd=  0.19%      2.14 GF/s  setup=0.063 s
d1_planner               L=100003 B=8     m=1     inner=1      min=  3906.727 us/xform  median=  3914.378  sd=  0.29%      2.13 GF/s  setup=0.058 s
d1_planner               L=100003 B=8     m=1     inner=1      min=  3914.805 us/xform  median=  3920.306  sd=  0.19%      2.12 GF/s  setup=0.057 s
d1_planner               L=100003 B=8     m=1     inner=1      min=  3622.967 us/xform  median=  3625.387  sd=  0.13%      2.29 GF/s  setup=0.048 s
d1_planner               L=100003 B=8     m=1     inner=1      min=  3877.690 us/xform  median=  3882.288  sd=  0.10%      2.14 GF/s  setup=0.059 s
d1_planner               L=100003 B=8     m=1     inner=1      min=  3621.481 us/xform  median=  3624.674  sd=  0.25%      2.29 GF/s  setup=0.054 s
d1_planner               L=100003 B=8     m=1     inner=1      min=  3885.206 us/xform  median=  3886.916  sd=  0.33%      2.14 GF/s  setup=0.058 s
d1_planner               L=100003 B=8     m=1     inner=1      min=  4129.146 us/xform  median=  4134.316  sd=  0.23%      2.01 GF/s  setup=0.059 s
d1_planner               L=100003 B=8     m=1     inner=1      min=  3819.710 us/xform  median=  3822.767  sd=  0.15%      2.17 GF/s  setup=0.061 s
d1_race                  L=100003 B=8     m=1     inner=1      min=  2775.977 us/xform  median=  2778.205  sd=  0.06%      2.99 GF/s  setup=5.457 s
d1_race                  L=100003 B=8     m=1     inner=1      min=  2780.943 us/xform  median=  2783.285  sd=  0.07%      2.99 GF/s  setup=0.029 s
d1_race                  L=100003 B=8     m=1     inner=1      min=  3426.086 us/xform  median=  3500.447  sd=  2.59%      2.42 GF/s  setup=0.039 s
d1_race                  L=100003 B=8     m=1     inner=1      min=  2763.172 us/xform  median=  2765.660  sd=  0.34%      3.01 GF/s  setup=0.036 s
d1_race                  L=100003 B=8     m=1     inner=1      min=  2770.480 us/xform  median=  2772.646  sd=  0.05%      3.00 GF/s  setup=0.028 s
d1_race                  L=100003 B=8     m=1     inner=1      min=  2792.877 us/xform  median=  2795.238  sd=  0.07%      2.97 GF/s  setup=0.028 s
d1_race                  L=100003 B=8     m=1     inner=1      min=  3368.383 us/xform  median=  3375.193  sd=  0.74%      2.47 GF/s  setup=0.039 s
d1_race                  L=100003 B=8     m=1     inner=1      min=  3989.031 us/xform  median=  3992.617  sd=  0.07%      2.08 GF/s  setup=0.038 s
d1_race                  L=100003 B=8     m=1     inner=1      min=  2775.574 us/xform  median=  2779.290  sd=  0.09%      2.99 GF/s  setup=0.036 s
fftw1d_estimate          L=100003 B=8     m=1     inner=1      min=  5026.206 us/xform  median=  6923.845  sd= 12.07%      1.65 GF/s  setup=0.013 s
fftw1d_estimate          L=100003 B=8     m=1     inner=1      min=  4995.167 us/xform  median=  5001.017  sd=  0.07%      1.66 GF/s  setup=0.010 s
fftw1d_estimate          L=100003 B=8     m=1     inner=1      min=  6143.657 us/xform  median=  6363.178  sd=  1.00%      1.35 GF/s  setup=0.013 s
fftw1d_estimate          L=100003 B=8     m=1     inner=1      min=  4995.431 us/xform  median=  5003.803  sd=  0.10%      1.66 GF/s  setup=0.014 s
fftw1d_estimate          L=100003 B=8     m=1     inner=1      min=  6910.711 us/xform  median=  6924.758  sd=  0.15%      1.20 GF/s  setup=0.013 s
fftw1d_estimate          L=100003 B=8     m=1     inner=1      min=  7039.636 us/xform  median=  7044.948  sd=  0.05%      1.18 GF/s  setup=0.015 s
fftw1d_estimate          L=100003 B=8     m=1     inner=1      min=  6841.959 us/xform  median=  6852.642  sd=  0.10%      1.21 GF/s  setup=0.014 s
fftw1d_estimate          L=100003 B=8     m=1     inner=1      min=  7047.029 us/xform  median=  7050.407  sd=  0.11%      1.18 GF/s  setup=0.014 s
fftw1d_estimate          L=100003 B=8     m=1     inner=1      min=  6894.426 us/xform  median=  6908.942  sd=  0.12%      1.20 GF/s  setup=0.014 s
fftw1d_measure           L=100003 B=8     m=1     inner=1      min=  3061.722 us/xform  median=  3073.296  sd=  0.34%      2.71 GF/s  setup=4.651 s
fftw1d_measure           L=100003 B=8     m=1     inner=1      min=  2866.818 us/xform  median=  2878.514  sd=  0.33%      2.90 GF/s  setup=4.626 s
fftw1d_measure           L=100003 B=8     m=1     inner=1      min=  3437.893 us/xform  median=  3441.217  sd=  0.23%      2.42 GF/s  setup=4.810 s
fftw1d_measure           L=100003 B=8     m=1     inner=1      min=  3073.529 us/xform  median=  3079.870  sd=  0.41%      2.70 GF/s  setup=4.783 s
fftw1d_measure           L=100003 B=8     m=1     inner=1      min=  3105.721 us/xform  median=  3112.434  sd=  0.57%      2.67 GF/s  setup=4.674 s
fftw1d_measure           L=100003 B=8     m=1     inner=1      min=  3072.397 us/xform  median=  3081.179  sd=  0.36%      2.70 GF/s  setup=4.748 s
fftw1d_measure           L=100003 B=8     m=1     inner=1      min=  2891.014 us/xform  median=  2898.689  sd=  0.62%      2.87 GF/s  setup=4.763 s
fftw1d_measure           L=100003 B=8     m=1     inner=1      min=  3069.533 us/xform  median=  3077.932  sd=  0.30%      2.71 GF/s  setup=4.657 s
fftw1d_measure           L=100003 B=8     m=1     inner=1      min=  3071.195 us/xform  median=  3077.951  sd=  0.45%      2.70 GF/s  setup=4.667 s
fftw1d_patient           L=100003 B=8     m=1     inner=1      min=  2806.831 us/xform  median=  2818.894  sd=  0.18%      2.96 GF/s  setup=62.519 s
fftw1d_patient           L=100003 B=8     m=1     inner=1      min=  2902.032 us/xform  median=  2909.826  sd=  0.62%      2.86 GF/s  setup=62.835 s
fftw1d_patient           L=100003 B=8     m=1     inner=1      min=  2815.948 us/xform  median=  2820.813  sd=  0.12%      2.95 GF/s  setup=62.661 s
fftw1d_patient           L=100003 B=8     m=1     inner=1      min=  2846.058 us/xform  median=  2853.730  sd=  0.17%      2.92 GF/s  setup=62.690 s
fftw1d_patient           L=100003 B=8     m=1     inner=1      min=  2811.081 us/xform  median=  2821.140  sd=  0.16%      2.95 GF/s  setup=62.530 s
fftw1d_patient           L=100003 B=8     m=1     inner=1      min=  3026.230 us/xform  median=  3035.327  sd=  0.43%      2.74 GF/s  setup=63.147 s
fftw1d_patient           L=100003 B=8     m=1     inner=1      min=  3049.136 us/xform  median=  3104.254  sd=  0.76%      2.72 GF/s  setup=62.988 s
fftw1d_patient           L=100003 B=8     m=1     inner=1      min=  3030.991 us/xform  median=  3062.066  sd=  0.76%      2.74 GF/s  setup=62.870 s
fftw1d_patient           L=100003 B=8     m=1     inner=1      min=  3019.246 us/xform  median=  3068.477  sd=  1.04%      2.75 GF/s  setup=63.004 s
mkl1d_dfti               L=100003 B=8     m=1     inner=1      min=  4289.180 us/xform  median=  4294.145  sd=  0.10%      1.94 GF/s  setup=0.066 s
mkl1d_dfti               L=100003 B=8     m=1     inner=1      min=  4678.833 us/xform  median=  4685.288  sd=  0.12%      1.78 GF/s  setup=0.047 s
mkl1d_dfti               L=100003 B=8     m=1     inner=1      min=  4665.244 us/xform  median=  4671.381  sd=  0.11%      1.78 GF/s  setup=0.027 s
mkl1d_dfti               L=100003 B=8     m=1     inner=1      min=  3544.657 us/xform  median=  3547.986  sd=  0.05%      2.34 GF/s  setup=0.041 s
mkl1d_dfti               L=100003 B=8     m=1     inner=1      min=  3530.079 us/xform  median=  3532.760  sd=  0.27%      2.35 GF/s  setup=0.021 s
mkl1d_dfti               L=100003 B=8     m=1     inner=1      min=  3537.297 us/xform  median=  3538.565  sd=  0.06%      2.35 GF/s  setup=0.021 s
mkl1d_dfti               L=100003 B=8     m=1     inner=1      min=  3549.140 us/xform  median=  3554.234  sd=  0.08%      2.34 GF/s  setup=0.021 s
mkl1d_dfti               L=100003 B=8     m=1     inner=1      min=  3546.515 us/xform  median=  3549.939  sd=  0.84%      2.34 GF/s  setup=0.020 s
mkl1d_dfti               L=100003 B=8     m=1     inner=1      min=  3537.628 us/xform  median=  3540.777  sd=  0.06%      2.35 GF/s  setup=0.022 s
   skipping baseline_dft at L=65537 B=16 (too expensive to be informative)
d1_bluestein             L=65537 B=16    m=1     inner=1      min=  2102.317 us/xform  median=  2110.114  sd=  0.13%      2.49 GF/s  setup=0.022 s
d1_bluestein             L=65537 B=16    m=1     inner=1      min=  2092.658 us/xform  median=  2571.220  sd=  9.40%      2.51 GF/s  setup=0.026 s
d1_bluestein             L=65537 B=16    m=1     inner=1      min=  2560.882 us/xform  median=  2562.425  sd=  0.08%      2.05 GF/s  setup=0.026 s
d1_bluestein             L=65537 B=16    m=1     inner=1      min=  2616.689 us/xform  median=  2618.453  sd=  0.05%      2.00 GF/s  setup=0.025 s
d1_bluestein             L=65537 B=16    m=1     inner=1      min=  2571.771 us/xform  median=  2573.274  sd=  0.06%      2.04 GF/s  setup=0.026 s
d1_bluestein             L=65537 B=16    m=1     inner=1      min=  2596.851 us/xform  median=  2599.873  sd=  0.12%      2.02 GF/s  setup=0.025 s
d1_bluestein             L=65537 B=16    m=1     inner=1      min=  2592.419 us/xform  median=  2595.425  sd=  0.06%      2.02 GF/s  setup=0.024 s
d1_bluestein             L=65537 B=16    m=1     inner=1      min=  2571.370 us/xform  median=  2573.797  sd=  0.10%      2.04 GF/s  setup=0.024 s
d1_bluestein             L=65537 B=16    m=1     inner=1      min=  2590.703 us/xform  median=  2592.401  sd=  0.06%      2.02 GF/s  setup=0.025 s
d1_planner               L=65537 B=16    m=1     inner=1      min=  2145.666 us/xform  median=  2156.748  sd=  2.53%      2.44 GF/s  setup=0.026 s
d1_planner               L=65537 B=16    m=1     inner=1      min=  1616.108 us/xform  median=  1620.847  sd=  1.89%      3.24 GF/s  setup=0.027 s
d1_planner               L=65537 B=16    m=1     inner=1      min=  2022.940 us/xform  median=  2026.842  sd=  0.08%      2.59 GF/s  setup=0.028 s
d1_planner               L=65537 B=16    m=1     inner=1      min=  1643.827 us/xform  median=  1645.798  sd=  1.43%      3.19 GF/s  setup=0.027 s
d1_planner               L=65537 B=16    m=1     inner=1      min=  2281.017 us/xform  median=  2289.253  sd=  0.20%      2.30 GF/s  setup=0.027 s
d1_planner               L=65537 B=16    m=1     inner=1      min=  1647.775 us/xform  median=  1653.760  sd=  1.31%      3.18 GF/s  setup=0.027 s
d1_planner               L=65537 B=16    m=1     inner=1      min=  1518.288 us/xform  median=  1521.841  sd=  0.81%      3.45 GF/s  setup=0.028 s
d1_planner               L=65537 B=16    m=1     inner=1      min=  1644.853 us/xform  median=  1648.909  sd=  0.15%      3.19 GF/s  setup=0.027 s
d1_planner               L=65537 B=16    m=1     inner=1      min=  2145.846 us/xform  median=  2154.055  sd=  0.18%      2.44 GF/s  setup=0.028 s
d1_race                  L=65537 B=16    m=1     inner=2      min=  1171.850 us/xform  median=  1174.511  sd=  0.12%      4.47 GF/s  setup=6.199 s
d1_race                  L=65537 B=16    m=1     inner=2      min=  1190.706 us/xform  median=  1192.601  sd=  0.09%      4.40 GF/s  setup=0.010 s
d1_race                  L=65537 B=16    m=1     inner=2      min=  1189.375 us/xform  median=  1192.164  sd=  0.13%      4.41 GF/s  setup=0.010 s
d1_race                  L=65537 B=16    m=1     inner=1      min=  1466.624 us/xform  median=  1470.754  sd=  0.32%      3.57 GF/s  setup=0.017 s
d1_race                  L=65537 B=16    m=1     inner=1      min=  1810.386 us/xform  median=  1813.900  sd=  0.11%      2.90 GF/s  setup=0.015 s
d1_race                  L=65537 B=16    m=1     inner=1      min=  1384.912 us/xform  median=  1388.278  sd=  0.89%      3.79 GF/s  setup=0.018 s
d1_race                  L=65537 B=16    m=1     inner=1      min=  1499.616 us/xform  median=  1524.870  sd=  0.49%      3.50 GF/s  setup=0.013 s
d1_race                  L=65537 B=16    m=1     inner=1      min=  1947.493 us/xform  median=  1953.104  sd=  2.16%      2.69 GF/s  setup=0.016 s
d1_race                  L=65537 B=16    m=1     inner=1      min=  1816.028 us/xform  median=  1930.746  sd=  2.68%      2.89 GF/s  setup=0.017 s
d1_rader                 L=65537 B=16    m=1     inner=1      min=  1525.861 us/xform  median=  1528.040  sd=  0.12%      3.44 GF/s  setup=0.006 s
d1_rader                 L=65537 B=16    m=1     inner=1      min=  1378.190 us/xform  median=  1382.434  sd=  0.50%      3.80 GF/s  setup=0.007 s
d1_rader                 L=65537 B=16    m=1     inner=2      min=  1185.883 us/xform  median=  1187.942  sd=  0.11%      4.42 GF/s  setup=0.006 s
d1_rader                 L=65537 B=16    m=1     inner=1      min=  1329.062 us/xform  median=  1333.663  sd=  0.96%      3.94 GF/s  setup=0.007 s
d1_rader                 L=65537 B=16    m=1     inner=2      min=  1184.740 us/xform  median=  1186.726  sd=  0.13%      4.43 GF/s  setup=0.007 s
d1_rader                 L=65537 B=16    m=1     inner=1      min=  1503.304 us/xform  median=  1506.126  sd=  0.10%      3.49 GF/s  setup=0.007 s
d1_rader                 L=65537 B=16    m=1     inner=2      min=  1193.916 us/xform  median=  1195.848  sd=  0.08%      4.39 GF/s  setup=0.007 s
d1_rader                 L=65537 B=16    m=1     inner=2      min=  1184.330 us/xform  median=  1186.788  sd=  0.14%      4.43 GF/s  setup=0.005 s
d1_rader                 L=65537 B=16    m=1     inner=2      min=  1191.585 us/xform  median=  1193.199  sd=  0.07%      4.40 GF/s  setup=0.006 s
fftw1d_estimate          L=65537 B=16    m=1     inner=1      min=  2442.452 us/xform  median=  2446.977  sd=  0.12%      2.15 GF/s  setup=0.009 s
fftw1d_estimate          L=65537 B=16    m=1     inner=1      min=  2508.191 us/xform  median=  2511.284  sd=  0.09%      2.09 GF/s  setup=0.010 s
fftw1d_estimate          L=65537 B=16    m=1     inner=1      min=  1869.792 us/xform  median=  1872.737  sd=  0.08%      2.80 GF/s  setup=0.010 s
fftw1d_estimate          L=65537 B=16    m=1     inner=1      min=  2457.489 us/xform  median=  2459.780  sd=  0.11%      2.13 GF/s  setup=0.009 s
fftw1d_estimate          L=65537 B=16    m=1     inner=1      min=  1863.793 us/xform  median=  1865.534  sd=  0.09%      2.81 GF/s  setup=0.012 s
fftw1d_estimate          L=65537 B=16    m=1     inner=1      min=  2463.420 us/xform  median=  2467.214  sd=  0.10%      2.13 GF/s  setup=0.010 s
fftw1d_estimate          L=65537 B=16    m=1     inner=1      min=  1865.742 us/xform  median=  1868.581  sd=  0.09%      2.81 GF/s  setup=0.010 s
fftw1d_estimate          L=65537 B=16    m=1     inner=1      min=  2494.298 us/xform  median=  2498.926  sd=  0.28%      2.10 GF/s  setup=0.009 s
fftw1d_estimate          L=65537 B=16    m=1     inner=1      min=  2493.515 us/xform  median=  2501.800  sd=  0.31%      2.10 GF/s  setup=0.009 s
fftw1d_measure           L=65537 B=16    m=1     inner=1      min=  1668.204 us/xform  median=  1671.643  sd=  0.11%      3.14 GF/s  setup=4.449 s
fftw1d_measure           L=65537 B=16    m=1     inner=1      min=  1661.758 us/xform  median=  1665.437  sd=  0.09%      3.16 GF/s  setup=4.442 s
fftw1d_measure           L=65537 B=16    m=1     inner=1      min=  1689.549 us/xform  median=  1692.815  sd=  0.11%      3.10 GF/s  setup=4.470 s
fftw1d_measure           L=65537 B=16    m=1     inner=1      min=  1663.323 us/xform  median=  1669.750  sd=  0.14%      3.15 GF/s  setup=4.259 s
fftw1d_measure           L=65537 B=16    m=1     inner=1      min=  1653.235 us/xform  median=  1654.697  sd=  0.05%      3.17 GF/s  setup=4.366 s
fftw1d_measure           L=65537 B=16    m=1     inner=1      min=  1673.893 us/xform  median=  1675.851  sd=  0.07%      3.13 GF/s  setup=4.459 s
fftw1d_measure           L=65537 B=16    m=1     inner=1      min=  1685.526 us/xform  median=  1687.405  sd=  0.07%      3.11 GF/s  setup=4.455 s
fftw1d_measure           L=65537 B=16    m=1     inner=1      min=  1686.729 us/xform  median=  1689.307  sd=  0.09%      3.11 GF/s  setup=4.281 s
fftw1d_measure           L=65537 B=16    m=1     inner=1      min=  1688.944 us/xform  median=  1691.258  sd=  0.06%      3.10 GF/s  setup=4.283 s
fftw1d_patient           L=65537 B=16    m=1     inner=1      min=  1542.277 us/xform  median=  1545.651  sd=  0.10%      3.40 GF/s  setup=57.933 s
fftw1d_patient           L=65537 B=16    m=1     inner=1      min=  1546.217 us/xform  median=  1547.644  sd=  0.33%      3.39 GF/s  setup=58.254 s
fftw1d_patient           L=65537 B=16    m=1     inner=1      min=  1517.820 us/xform  median=  1519.608  sd=  0.08%      3.45 GF/s  setup=57.867 s
fftw1d_patient           L=65537 B=16    m=1     inner=1      min=  1542.243 us/xform  median=  1545.823  sd=  0.10%      3.40 GF/s  setup=57.924 s
fftw1d_patient           L=65537 B=16    m=1     inner=1      min=  1520.368 us/xform  median=  1521.864  sd=  0.33%      3.45 GF/s  setup=58.172 s
fftw1d_patient           L=65537 B=16    m=1     inner=1      min=  1521.567 us/xform  median=  1523.029  sd=  0.31%      3.45 GF/s  setup=58.070 s
fftw1d_patient           L=65537 B=16    m=1     inner=1      min=  1542.980 us/xform  median=  1546.666  sd=  0.64%      3.40 GF/s  setup=58.187 s
fftw1d_patient           L=65537 B=16    m=1     inner=1      min=  1558.417 us/xform  median=  1562.918  sd=  0.14%      3.36 GF/s  setup=58.536 s
fftw1d_patient           L=65537 B=16    m=1     inner=1      min=  1545.005 us/xform  median=  1547.759  sd=  0.38%      3.39 GF/s  setup=58.146 s
mkl1d_dfti               L=65537 B=16    m=1     inner=1      min=  4050.213 us/xform  median=  4127.185  sd=  0.54%      1.29 GF/s  setup=0.060 s
mkl1d_dfti               L=65537 B=16    m=1     inner=1      min=  3923.717 us/xform  median=  4146.453  sd=  1.79%      1.34 GF/s  setup=0.064 s
mkl1d_dfti               L=65537 B=16    m=1     inner=1      min=  4632.043 us/xform  median=  4634.706  sd=  0.04%      1.13 GF/s  setup=0.061 s
mkl1d_dfti               L=65537 B=16    m=1     inner=1      min=  4630.554 us/xform  median=  4636.790  sd=  0.14%      1.13 GF/s  setup=0.062 s
mkl1d_dfti               L=65537 B=16    m=1     inner=1      min=  3411.313 us/xform  median=  3412.842  sd= 11.66%      1.54 GF/s  setup=0.065 s
mkl1d_dfti               L=65537 B=16    m=1     inner=1      min=  3406.765 us/xform  median=  3408.721  sd=  0.04%      1.54 GF/s  setup=0.059 s
mkl1d_dfti               L=65537 B=16    m=1     inner=1      min=  3410.202 us/xform  median=  3411.601  sd=  0.03%      1.54 GF/s  setup=0.063 s
mkl1d_dfti               L=65537 B=16    m=1     inner=1      min=  3406.199 us/xform  median=  3409.249  sd=  0.04%      1.54 GF/s  setup=0.062 s
mkl1d_dfti               L=65537 B=16    m=1     inner=1      min=  3403.708 us/xform  median=  3404.430  sd=  0.03%      1.54 GF/s  setup=0.062 s
   skipping baseline_dft at L=65537 B=1 (too expensive to be informative)
d1_bluestein             L=65537 B=1     m=1     inner=20     min=  1972.181 us/xform  median=  1976.229  sd=  2.32%      2.66 GF/s  setup=0.025 s
d1_bluestein             L=65537 B=1     m=1     inner=18     min=  1971.156 us/xform  median=  1971.708  sd=  0.02%      2.66 GF/s  setup=0.026 s
d1_bluestein             L=65537 B=1     m=1     inner=18     min=  1969.847 us/xform  median=  1970.369  sd=  0.02%      2.66 GF/s  setup=0.025 s
d1_bluestein             L=65537 B=1     m=1     inner=18     min=  1982.503 us/xform  median=  2278.100  sd=  6.29%      2.64 GF/s  setup=0.026 s
d1_bluestein             L=65537 B=1     m=1     inner=16     min=  2347.738 us/xform  median=  2348.228  sd=  0.04%      2.23 GF/s  setup=0.023 s
d1_bluestein             L=65537 B=1     m=1     inner=14     min=  2338.033 us/xform  median=  2338.872  sd=  0.60%      2.24 GF/s  setup=0.028 s
d1_bluestein             L=65537 B=1     m=1     inner=16     min=  2396.788 us/xform  median=  2397.446  sd=  0.03%      2.19 GF/s  setup=0.027 s
d1_bluestein             L=65537 B=1     m=1     inner=14     min=  2344.975 us/xform  median=  2346.292  sd=  0.03%      2.24 GF/s  setup=0.027 s
d1_bluestein             L=65537 B=1     m=1     inner=16     min=  2341.798 us/xform  median=  2343.417  sd=  0.05%      2.24 GF/s  setup=0.023 s
d1_planner               L=65537 B=1     m=1     inner=26     min=  1205.686 us/xform  median=  1213.722  sd=  1.01%      4.35 GF/s  setup=0.026 s
d1_planner               L=65537 B=1     m=1     inner=30     min=  1202.067 us/xform  median=  1202.653  sd=  0.03%      4.36 GF/s  setup=0.025 s
d1_planner               L=65537 B=1     m=1     inner=30     min=  1075.862 us/xform  median=  1076.567  sd=  2.83%      4.87 GF/s  setup=0.025 s
d1_planner               L=65537 B=1     m=1     inner=32     min=  1180.980 us/xform  median=  1182.132  sd=  0.18%      4.44 GF/s  setup=0.029 s
d1_planner               L=65537 B=1     m=1     inner=30     min=  1181.623 us/xform  median=  1182.167  sd=  0.03%      4.44 GF/s  setup=0.025 s
d1_planner               L=65537 B=1     m=1     inner=30     min=  1182.980 us/xform  median=  1183.812  sd=  0.03%      4.43 GF/s  setup=0.025 s
d1_planner               L=65537 B=1     m=1     inner=32     min=  1089.833 us/xform  median=  1091.095  sd=  0.18%      4.81 GF/s  setup=0.025 s
d1_planner               L=65537 B=1     m=1     inner=34     min=  1072.690 us/xform  median=  1073.290  sd=  0.03%      4.89 GF/s  setup=0.028 s
d1_planner               L=65537 B=1     m=1     inner=34     min=  1090.152 us/xform  median=  1091.312  sd=  0.19%      4.81 GF/s  setup=0.028 s
d1_race                  L=65537 B=1     m=1     inner=44     min=   889.314 us/xform  median=   889.598  sd=  0.15%      5.90 GF/s  setup=3.899 s
d1_race                  L=65537 B=1     m=1     inner=34     min=  1030.800 us/xform  median=  1031.137  sd=  0.17%      5.09 GF/s  setup=0.013 s
d1_race                  L=65537 B=1     m=1     inner=32     min=   934.353 us/xform  median=   934.746  sd=  0.03%      5.61 GF/s  setup=0.013 s
d1_race                  L=65537 B=1     m=1     inner=32     min=   920.213 us/xform  median=   920.825  sd=  0.09%      5.70 GF/s  setup=0.012 s
d1_race                  L=65537 B=1     m=1     inner=34     min=   931.783 us/xform  median=   932.097  sd=  0.01%      5.63 GF/s  setup=0.013 s
d1_race                  L=65537 B=1     m=1     inner=32     min=  1056.026 us/xform  median=  1056.622  sd=  0.62%      4.96 GF/s  setup=0.017 s
d1_race                  L=65537 B=1     m=1     inner=34     min=   919.419 us/xform  median=   919.699  sd=  0.07%      5.70 GF/s  setup=0.012 s
d1_race                  L=65537 B=1     m=1     inner=32     min=  1052.312 us/xform  median=  1052.557  sd=  0.03%      4.98 GF/s  setup=0.015 s
d1_race                  L=65537 B=1     m=1     inner=32     min=   936.141 us/xform  median=   936.566  sd=  0.02%      5.60 GF/s  setup=0.012 s
d1_rader                 L=65537 B=1     m=1     inner=38     min=  1031.656 us/xform  median=  1032.114  sd=  0.02%      5.08 GF/s  setup=0.006 s
d1_rader                 L=65537 B=1     m=1     inner=36     min=  1053.157 us/xform  median=  1053.440  sd=  0.02%      4.98 GF/s  setup=0.005 s
d1_rader                 L=65537 B=1     m=1     inner=36     min=  1051.170 us/xform  median=  1051.502  sd=  0.02%      4.99 GF/s  setup=0.005 s
d1_rader                 L=65537 B=1     m=1     inner=36     min=   919.506 us/xform  median=  1053.201  sd=  7.26%      5.70 GF/s  setup=0.005 s
d1_rader                 L=65537 B=1     m=1     inner=42     min=   918.498 us/xform  median=   918.931  sd=  0.02%      5.71 GF/s  setup=0.005 s
d1_rader                 L=65537 B=1     m=1     inner=42     min=   919.215 us/xform  median=   919.409  sd=  0.02%      5.70 GF/s  setup=0.005 s
d1_rader                 L=65537 B=1     m=1     inner=42     min=   918.047 us/xform  median=   918.223  sd=  0.01%      5.71 GF/s  setup=0.005 s
d1_rader                 L=65537 B=1     m=1     inner=34     min=   929.996 us/xform  median=   930.494  sd=  0.02%      5.64 GF/s  setup=0.007 s
d1_rader                 L=65537 B=1     m=1     inner=34     min=  1052.492 us/xform  median=  1052.912  sd=  0.03%      4.98 GF/s  setup=0.007 s
fftw1d_estimate          L=65537 B=1     m=1     inner=20     min=  2019.503 us/xform  median=  2127.766  sd=  1.48%      2.60 GF/s  setup=0.008 s
fftw1d_estimate          L=65537 B=1     m=1     inner=18     min=  1734.624 us/xform  median=  1736.453  sd=  0.60%      3.02 GF/s  setup=0.011 s
fftw1d_estimate          L=65537 B=1     m=1     inner=22     min=  1727.890 us/xform  median=  1729.892  sd=  0.06%      3.03 GF/s  setup=0.007 s
fftw1d_estimate          L=65537 B=1     m=1     inner=18     min=  1736.887 us/xform  median=  1740.326  sd=  0.07%      3.02 GF/s  setup=0.010 s
fftw1d_estimate          L=65537 B=1     m=1     inner=22     min=  1736.023 us/xform  median=  1737.333  sd=  0.05%      3.02 GF/s  setup=0.007 s
fftw1d_estimate          L=65537 B=1     m=1     inner=20     min=  1734.272 us/xform  median=  1736.881  sd=  0.06%      3.02 GF/s  setup=0.010 s
fftw1d_estimate          L=65537 B=1     m=1     inner=20     min=  1734.816 us/xform  median=  1735.956  sd=  0.05%      3.02 GF/s  setup=0.010 s
fftw1d_estimate          L=65537 B=1     m=1     inner=18     min=  1730.406 us/xform  median=  1731.584  sd=  0.05%      3.03 GF/s  setup=0.010 s
fftw1d_estimate          L=65537 B=1     m=1     inner=20     min=  1739.446 us/xform  median=  1740.649  sd=  0.04%      3.01 GF/s  setup=0.010 s
fftw1d_measure           L=65537 B=1     m=1     inner=24     min=  1590.038 us/xform  median=  1592.182  sd=  0.18%      3.30 GF/s  setup=4.433 s
fftw1d_measure           L=65537 B=1     m=1     inner=24     min=  1588.403 us/xform  median=  1590.260  sd=  0.08%      3.30 GF/s  setup=4.270 s
fftw1d_measure           L=65537 B=1     m=1     inner=24     min=  1586.197 us/xform  median=  1588.103  sd=  0.07%      3.31 GF/s  setup=4.271 s
fftw1d_measure           L=65537 B=1     m=1     inner=24     min=  1588.261 us/xform  median=  1590.641  sd=  0.07%      3.30 GF/s  setup=4.254 s
fftw1d_measure           L=65537 B=1     m=1     inner=24     min=  1594.389 us/xform  median=  1595.468  sd=  0.03%      3.29 GF/s  setup=4.413 s
fftw1d_measure           L=65537 B=1     m=1     inner=24     min=  1580.867 us/xform  median=  1582.292  sd=  0.06%      3.32 GF/s  setup=4.250 s
fftw1d_measure           L=65537 B=1     m=1     inner=24     min=  1585.183 us/xform  median=  1587.458  sd=  0.07%      3.31 GF/s  setup=4.267 s
fftw1d_measure           L=65537 B=1     m=1     inner=24     min=  1583.827 us/xform  median=  1584.493  sd=  0.05%      3.31 GF/s  setup=4.234 s
fftw1d_measure           L=65537 B=1     m=1     inner=24     min=  1596.973 us/xform  median=  1600.177  sd=  0.13%      3.28 GF/s  setup=4.416 s
fftw1d_patient           L=65537 B=1     m=1     inner=26     min=  1463.847 us/xform  median=  1466.082  sd=  0.07%      3.58 GF/s  setup=58.108 s
fftw1d_patient           L=65537 B=1     m=1     inner=26     min=  1472.979 us/xform  median=  1474.878  sd=  0.06%      3.56 GF/s  setup=58.054 s
fftw1d_patient           L=65537 B=1     m=1     inner=26     min=  1471.711 us/xform  median=  1472.716  sd=  0.05%      3.56 GF/s  setup=58.127 s
fftw1d_patient           L=65537 B=1     m=1     inner=26     min=  1471.091 us/xform  median=  1472.979  sd=  0.08%      3.56 GF/s  setup=58.052 s
fftw1d_patient           L=65537 B=1     m=1     inner=26     min=  1467.785 us/xform  median=  1469.395  sd=  0.05%      3.57 GF/s  setup=58.032 s
fftw1d_patient           L=65537 B=1     m=1     inner=26     min=  1466.865 us/xform  median=  1469.052  sd=  0.09%      3.57 GF/s  setup=57.923 s
fftw1d_patient           L=65537 B=1     m=1     inner=26     min=  1469.531 us/xform  median=  1471.986  sd=  0.09%      3.57 GF/s  setup=57.928 s
fftw1d_patient           L=65537 B=1     m=1     inner=26     min=  1469.631 us/xform  median=  1471.359  sd=  0.08%      3.57 GF/s  setup=57.999 s
fftw1d_patient           L=65537 B=1     m=1     inner=26     min=  1473.094 us/xform  median=  1474.750  sd=  0.09%      3.56 GF/s  setup=58.204 s
mkl1d_dfti               L=65537 B=1     m=1     inner=10     min=  3779.236 us/xform  median=  3798.183  sd=  0.39%      1.39 GF/s  setup=0.012 s
mkl1d_dfti               L=65537 B=1     m=1     inner=10     min=  3849.236 us/xform  median=  3913.940  sd=  1.38%      1.36 GF/s  setup=0.013 s
mkl1d_dfti               L=65537 B=1     m=1     inner=8      min=  3965.300 us/xform  median=  3984.287  sd=  0.41%      1.32 GF/s  setup=0.013 s
mkl1d_dfti               L=65537 B=1     m=1     inner=8      min=  3924.731 us/xform  median=  3927.093  sd=  1.04%      1.34 GF/s  setup=0.014 s
mkl1d_dfti               L=65537 B=1     m=1     inner=8      min=  4117.232 us/xform  median=  4124.614  sd=  0.22%      1.27 GF/s  setup=0.013 s
mkl1d_dfti               L=65537 B=1     m=1     inner=8      min=  3936.107 us/xform  median=  3979.292  sd=  1.45%      1.33 GF/s  setup=0.014 s
mkl1d_dfti               L=65537 B=1     m=1     inner=8      min=  4028.229 us/xform  median=  4031.588  sd=  0.15%      1.30 GF/s  setup=0.013 s
mkl1d_dfti               L=65537 B=1     m=1     inner=8      min=  3932.381 us/xform  median=  3999.135  sd=  1.27%      1.33 GF/s  setup=0.014 s
mkl1d_dfti               L=65537 B=1     m=1     inner=8      min=  4042.370 us/xform  median=  4061.483  sd=  0.41%      1.30 GF/s  setup=0.013 s
   skipping baseline_dft at L=10007 B=1 (too expensive to be informative)
d1_bluestein             L=10007 B=1     m=1     inner=214    min=   185.420 us/xform  median=   226.091  sd=  6.44%      3.59 GF/s  setup=0.007 s
d1_bluestein             L=10007 B=1     m=1     inner=164    min=   214.874 us/xform  median=   215.008  sd=  0.27%      3.09 GF/s  setup=0.009 s
d1_bluestein             L=10007 B=1     m=1     inner=166    min=   206.823 us/xform  median=   206.871  sd=  0.02%      3.21 GF/s  setup=0.009 s
d1_bluestein             L=10007 B=1     m=1     inner=162    min=   213.412 us/xform  median=   213.609  sd=  0.05%      3.12 GF/s  setup=0.009 s
d1_bluestein             L=10007 B=1     m=1     inner=148    min=   227.490 us/xform  median=   227.744  sd=  0.05%      2.92 GF/s  setup=0.009 s
d1_bluestein             L=10007 B=1     m=1     inner=166    min=   207.169 us/xform  median=   207.289  sd=  0.05%      3.21 GF/s  setup=0.008 s
d1_bluestein             L=10007 B=1     m=1     inner=162    min=   216.501 us/xform  median=   216.608  sd=  0.03%      3.07 GF/s  setup=0.009 s
d1_bluestein             L=10007 B=1     m=1     inner=182    min=   215.710 us/xform  median=   215.786  sd=  0.02%      3.08 GF/s  setup=0.007 s
d1_bluestein             L=10007 B=1     m=1     inner=162    min=   158.960 us/xform  median=   180.594  sd= 13.18%      4.18 GF/s  setup=0.009 s
d1_planner               L=10007 B=1     m=1     inner=162    min=   215.575 us/xform  median=   243.244  sd=  4.26%      3.08 GF/s  setup=0.007 s
d1_planner               L=10007 B=1     m=1     inner=138    min=   247.866 us/xform  median=   248.010  sd=  0.03%      2.68 GF/s  setup=0.007 s
d1_planner               L=10007 B=1     m=1     inner=140    min=   184.925 us/xform  median=   185.042  sd=  1.66%      3.60 GF/s  setup=0.008 s
d1_planner               L=10007 B=1     m=1     inner=158    min=   216.981 us/xform  median=   258.623  sd=  8.28%      3.06 GF/s  setup=0.007 s
d1_planner               L=10007 B=1     m=1     inner=142    min=   243.583 us/xform  median=   243.760  sd=  0.03%      2.73 GF/s  setup=0.008 s
d1_planner               L=10007 B=1     m=1     inner=142    min=   239.195 us/xform  median=   239.299  sd=  0.02%      2.78 GF/s  setup=0.007 s
d1_planner               L=10007 B=1     m=1     inner=160    min=   185.375 us/xform  median=   226.023  sd= 12.35%      3.59 GF/s  setup=0.006 s
d1_planner               L=10007 B=1     m=1     inner=158    min=   214.270 us/xform  median=   218.419  sd=  5.82%      3.10 GF/s  setup=0.007 s
d1_planner               L=10007 B=1     m=1     inner=144    min=   184.501 us/xform  median=   184.591  sd=  1.27%      3.60 GF/s  setup=0.007 s
d1_race                  L=10007 B=1     m=1     inner=246    min=   156.281 us/xform  median=   156.316  sd=  0.02%      4.25 GF/s  setup=4.277 s
d1_race                  L=10007 B=1     m=1     inner=178    min=   182.041 us/xform  median=   208.578  sd=  4.67%      3.65 GF/s  setup=0.015 s
d1_race                  L=10007 B=1     m=1     inner=190    min=   208.403 us/xform  median=   208.467  sd=  0.03%      3.19 GF/s  setup=0.017 s
d1_race                  L=10007 B=1     m=1     inner=188    min=   210.048 us/xform  median=   210.135  sd=  0.03%      3.17 GF/s  setup=0.017 s
d1_race                  L=10007 B=1     m=1     inner=82     min=   226.924 us/xform  median=   227.045  sd=  2.63%      2.93 GF/s  setup=0.020 s
d1_race                  L=10007 B=1     m=1     inner=160    min=   207.394 us/xform  median=   207.445  sd=  0.02%      3.21 GF/s  setup=0.020 s
d1_race                  L=10007 B=1     m=1     inner=118    min=   208.391 us/xform  median=   208.482  sd=  0.08%      3.19 GF/s  setup=0.020 s
d1_race                  L=10007 B=1     m=1     inner=190    min=   207.692 us/xform  median=   207.803  sd=  0.03%      3.20 GF/s  setup=0.015 s
d1_race                  L=10007 B=1     m=1     inner=190    min=   206.867 us/xform  median=   206.934  sd=  0.03%      3.21 GF/s  setup=0.014 s
fftw1d_estimate          L=10007 B=1     m=1     inner=56     min=   561.906 us/xform  median=   562.740  sd=  0.22%      1.18 GF/s  setup=0.002 s
fftw1d_estimate          L=10007 B=1     m=1     inner=58     min=   580.804 us/xform  median=   593.048  sd=  0.61%      1.14 GF/s  setup=0.002 s
fftw1d_estimate          L=10007 B=1     m=1     inner=66     min=   594.038 us/xform  median=   594.683  sd=  0.11%      1.12 GF/s  setup=0.002 s
fftw1d_estimate          L=10007 B=1     m=1     inner=56     min=   583.945 us/xform  median=   584.543  sd=  0.06%      1.14 GF/s  setup=0.002 s
fftw1d_estimate          L=10007 B=1     m=1     inner=56     min=   581.358 us/xform  median=   581.580  sd=  0.04%      1.14 GF/s  setup=0.002 s
fftw1d_estimate          L=10007 B=1     m=1     inner=52     min=   601.019 us/xform  median=   601.191  sd=  0.02%      1.11 GF/s  setup=0.002 s
fftw1d_estimate          L=10007 B=1     m=1     inner=56     min=   585.158 us/xform  median=   586.179  sd=  0.07%      1.14 GF/s  setup=0.002 s
fftw1d_estimate          L=10007 B=1     m=1     inner=66     min=   589.639 us/xform  median=   590.067  sd=  0.05%      1.13 GF/s  setup=0.002 s
fftw1d_estimate          L=10007 B=1     m=1     inner=54     min=   584.650 us/xform  median=   584.908  sd=  0.06%      1.14 GF/s  setup=0.002 s
fftw1d_measure           L=10007 B=1     m=1     inner=120    min=   325.612 us/xform  median=   326.150  sd=  0.08%      2.04 GF/s  setup=1.249 s
fftw1d_measure           L=10007 B=1     m=1     inner=94     min=   349.241 us/xform  median=   413.743  sd=  4.91%      1.90 GF/s  setup=1.277 s
fftw1d_measure           L=10007 B=1     m=1     inner=96     min=   326.925 us/xform  median=   327.531  sd=  2.92%      2.03 GF/s  setup=1.256 s
fftw1d_measure           L=10007 B=1     m=1     inner=118    min=   333.915 us/xform  median=   334.266  sd=  0.24%      1.99 GF/s  setup=1.142 s
fftw1d_measure           L=10007 B=1     m=1     inner=120    min=   327.556 us/xform  median=   328.370  sd=  0.18%      2.03 GF/s  setup=1.137 s
fftw1d_measure           L=10007 B=1     m=1     inner=120    min=   326.167 us/xform  median=   326.714  sd=  0.20%      2.04 GF/s  setup=1.142 s
fftw1d_measure           L=10007 B=1     m=1     inner=94     min=   324.566 us/xform  median=   338.319  sd= 11.02%      2.05 GF/s  setup=1.273 s
fftw1d_measure           L=10007 B=1     m=1     inner=96     min=   325.202 us/xform  median=   325.512  sd=  2.03%      2.04 GF/s  setup=1.269 s
fftw1d_measure           L=10007 B=1     m=1     inner=122    min=   325.302 us/xform  median=   325.758  sd=  0.10%      2.04 GF/s  setup=1.134 s
fftw1d_patient           L=10007 B=1     m=1     inner=102    min=   197.651 us/xform  median=   199.086  sd=  1.56%      3.36 GF/s  setup=19.734 s
fftw1d_patient           L=10007 B=1     m=1     inner=190    min=   204.831 us/xform  median=   206.054  sd=  0.40%      3.25 GF/s  setup=19.855 s
fftw1d_patient           L=10007 B=1     m=1     inner=99     min=   197.616 us/xform  median=   201.041  sd=  0.94%      3.36 GF/s  setup=19.768 s
fftw1d_patient           L=10007 B=1     m=1     inner=196    min=   201.093 us/xform  median=   201.355  sd=  0.11%      3.31 GF/s  setup=19.778 s
fftw1d_patient           L=10007 B=1     m=1     inner=188    min=   209.118 us/xform  median=   209.503  sd=  0.13%      3.18 GF/s  setup=19.715 s
fftw1d_patient           L=10007 B=1     m=1     inner=190    min=   200.484 us/xform  median=   205.228  sd=  0.92%      3.32 GF/s  setup=19.753 s
fftw1d_patient           L=10007 B=1     m=1     inner=98     min=   203.071 us/xform  median=   204.638  sd=  0.75%      3.27 GF/s  setup=19.757 s
fftw1d_patient           L=10007 B=1     m=1     inner=104    min=   194.182 us/xform  median=   196.962  sd=  0.72%      3.42 GF/s  setup=19.779 s
fftw1d_patient           L=10007 B=1     m=1     inner=184    min=   211.759 us/xform  median=   212.186  sd=  0.31%      3.14 GF/s  setup=19.754 s
mkl1d_dfti               L=10007 B=1     m=1     inner=130    min=   305.661 us/xform  median=   353.242  sd=  6.03%      2.18 GF/s  setup=0.004 s
mkl1d_dfti               L=10007 B=1     m=1     inner=98     min=   352.130 us/xform  median=   352.252  sd=  0.02%      1.89 GF/s  setup=0.004 s
mkl1d_dfti               L=10007 B=1     m=1     inner=94     min=   353.995 us/xform  median=   354.150  sd=  0.06%      1.88 GF/s  setup=0.004 s
mkl1d_dfti               L=10007 B=1     m=1     inner=112    min=   267.504 us/xform  median=   280.536  sd= 12.91%      2.49 GF/s  setup=0.003 s
mkl1d_dfti               L=10007 B=1     m=1     inner=104    min=   270.179 us/xform  median=   270.301  sd=  0.03%      2.46 GF/s  setup=0.003 s
mkl1d_dfti               L=10007 B=1     m=1     inner=104    min=   265.859 us/xform  median=   265.926  sd=  0.04%      2.50 GF/s  setup=0.003 s
mkl1d_dfti               L=10007 B=1     m=1     inner=106    min=   308.737 us/xform  median=   356.366  sd=  4.69%      2.15 GF/s  setup=0.003 s
mkl1d_dfti               L=10007 B=1     m=1     inner=98     min=   347.314 us/xform  median=   347.495  sd=  0.02%      1.91 GF/s  setup=0.004 s
mkl1d_dfti               L=10007 B=1     m=1     inner=94     min=   347.837 us/xform  median=   347.966  sd=  0.03%      1.91 GF/s  setup=0.004 s
baseline_dft             L=1021 B=1     m=1     inner=20     min=  1811.388 us/xform  median=  1812.812  sd=  0.25%      0.03 GF/s  setup=0.030 s
baseline_dft             L=1021 B=1     m=1     inner=20     min=  1812.289 us/xform  median=  1813.634  sd=  0.12%      0.03 GF/s  setup=0.040 s
baseline_dft             L=1021 B=1     m=1     inner=20     min=  1807.359 us/xform  median=  1809.956  sd=  0.07%      0.03 GF/s  setup=0.030 s
baseline_dft             L=1021 B=1     m=1     inner=18     min=  2191.083 us/xform  median=  2203.818  sd=  0.19%      0.02 GF/s  setup=0.038 s
baseline_dft             L=1021 B=1     m=1     inner=16     min=  2210.895 us/xform  median=  2214.822  sd=  0.12%      0.02 GF/s  setup=0.040 s
baseline_dft             L=1021 B=1     m=1     inner=16     min=  2205.270 us/xform  median=  2209.949  sd=  0.11%      0.02 GF/s  setup=0.034 s
baseline_dft             L=1021 B=1     m=1     inner=16     min=  2206.855 us/xform  median=  2212.580  sd=  0.17%      0.02 GF/s  setup=0.040 s
baseline_dft             L=1021 B=1     m=1     inner=16     min=  2209.851 us/xform  median=  2214.798  sd=  0.11%      0.02 GF/s  setup=0.039 s
baseline_dft             L=1021 B=1     m=1     inner=16     min=  2203.881 us/xform  median=  2206.636  sd=  0.08%      0.02 GF/s  setup=0.039 s
d1_bluestein             L=1021 B=1     m=1     inner=2466   min=    12.583 us/xform  median=    12.593  sd=  0.05%      4.06 GF/s  setup=0.002 s
d1_bluestein             L=1021 B=1     m=1     inner=2528   min=    10.965 us/xform  median=    10.967  sd=  0.03%      4.65 GF/s  setup=0.003 s
d1_bluestein             L=1021 B=1     m=1     inner=3590   min=    10.785 us/xform  median=    10.791  sd=  0.03%      4.73 GF/s  setup=0.001 s
d1_bluestein             L=1021 B=1     m=1     inner=2566   min=    12.249 us/xform  median=    12.254  sd=  0.02%      4.17 GF/s  setup=0.002 s
d1_bluestein             L=1021 B=1     m=1     inner=2562   min=    10.766 us/xform  median=    10.775  sd=  0.04%      4.74 GF/s  setup=0.002 s
d1_bluestein             L=1021 B=1     m=1     inner=3558   min=    10.768 us/xform  median=    10.774  sd=  0.02%      4.74 GF/s  setup=0.001 s
d1_bluestein             L=1021 B=1     m=1     inner=2436   min=    12.401 us/xform  median=    12.406  sd=  0.03%      4.11 GF/s  setup=0.002 s
d1_bluestein             L=1021 B=1     m=1     inner=2530   min=    10.869 us/xform  median=    10.875  sd=  0.03%      4.69 GF/s  setup=0.002 s
d1_bluestein             L=1021 B=1     m=1     inner=3558   min=    10.933 us/xform  median=    10.937  sd=  0.03%      4.67 GF/s  setup=0.001 s
d1_planner               L=1021 B=1     m=1     inner=4146   min=     9.573 us/xform  median=     9.576  sd=  0.10%      5.33 GF/s  setup=0.000 s
d1_planner               L=1021 B=1     m=1     inner=3130   min=     8.426 us/xform  median=     8.428  sd=  0.02%      6.06 GF/s  setup=0.001 s
d1_planner               L=1021 B=1     m=1     inner=3110   min=     9.989 us/xform  median=     9.994  sd=  0.03%      5.11 GF/s  setup=0.001 s
d1_planner               L=1021 B=1     m=1     inner=3252   min=     9.611 us/xform  median=     9.614  sd=  0.02%      5.31 GF/s  setup=0.001 s
d1_planner               L=1021 B=1     m=1     inner=3252   min=     9.732 us/xform  median=     9.735  sd=  0.02%      5.24 GF/s  setup=0.001 s
d1_planner               L=1021 B=1     m=1     inner=3254   min=     9.592 us/xform  median=     9.595  sd=  0.03%      5.32 GF/s  setup=0.001 s
d1_planner               L=1021 B=1     m=1     inner=2062   min=     9.739 us/xform  median=     9.746  sd=  0.04%      5.24 GF/s  setup=0.000 s
d1_planner               L=1021 B=1     m=1     inner=3076   min=     9.990 us/xform  median=     9.994  sd=  0.04%      5.11 GF/s  setup=0.000 s
d1_planner               L=1021 B=1     m=1     inner=3176   min=     9.461 us/xform  median=     9.462  sd=  0.02%      5.39 GF/s  setup=0.001 s
d1_race                  L=1021 B=1     m=1     inner=4816   min=     8.034 us/xform  median=     8.037  sd=  0.03%      6.35 GF/s  setup=0.559 s
d1_race                  L=1021 B=1     m=1     inner=3862   min=     7.838 us/xform  median=     7.840  sd=  0.02%      6.51 GF/s  setup=0.009 s
d1_race                  L=1021 B=1     m=1     inner=2486   min=     8.116 us/xform  median=     8.122  sd=  0.04%      6.29 GF/s  setup=0.010 s
d1_race                  L=1021 B=1     m=1     inner=3802   min=     7.899 us/xform  median=     7.901  sd=  0.02%      6.46 GF/s  setup=0.008 s
d1_race                  L=1021 B=1     m=1     inner=3764   min=     7.988 us/xform  median=     7.989  sd=  0.01%      6.39 GF/s  setup=0.007 s
d1_race                  L=1021 B=1     m=1     inner=3906   min=     7.807 us/xform  median=     7.808  sd=  0.02%      6.54 GF/s  setup=0.007 s
d1_race                  L=1021 B=1     m=1     inner=3926   min=     7.949 us/xform  median=     7.950  sd=  0.01%      6.42 GF/s  setup=0.007 s
d1_race                  L=1021 B=1     m=1     inner=3938   min=     7.960 us/xform  median=     7.962  sd=  0.02%      6.41 GF/s  setup=0.006 s
d1_race                  L=1021 B=1     m=1     inner=3822   min=     7.848 us/xform  median=     7.849  sd=  0.04%      6.50 GF/s  setup=0.009 s
d1_rader                 L=1021 B=1     m=1     inner=5024   min=     7.919 us/xform  median=     7.922  sd=  0.04%      6.44 GF/s  setup=0.000 s
d1_rader                 L=1021 B=1     m=1     inner=3978   min=     7.824 us/xform  median=     7.830  sd=  0.03%      6.52 GF/s  setup=0.000 s
d1_rader                 L=1021 B=1     m=1     inner=5006   min=     7.890 us/xform  median=     7.892  sd=  0.01%      6.47 GF/s  setup=0.000 s
d1_rader                 L=1021 B=1     m=1     inner=2515   min=     7.933 us/xform  median=     7.938  sd=  0.03%      6.43 GF/s  setup=0.000 s
d1_rader                 L=1021 B=1     m=1     inner=4962   min=     7.020 us/xform  median=     7.992  sd=  6.44%      7.27 GF/s  setup=0.000 s
d1_rader                 L=1021 B=1     m=1     inner=3774   min=     7.945 us/xform  median=     7.948  sd=  0.05%      6.42 GF/s  setup=0.000 s
d1_rader                 L=1021 B=1     m=1     inner=3762   min=     7.872 us/xform  median=     7.876  sd=  0.05%      6.48 GF/s  setup=0.000 s
d1_rader                 L=1021 B=1     m=1     inner=3816   min=     7.850 us/xform  median=     7.859  sd=  0.05%      6.50 GF/s  setup=0.000 s
d1_rader                 L=1021 B=1     m=1     inner=2505   min=     7.812 us/xform  median=     7.816  sd=  0.05%      6.53 GF/s  setup=0.000 s
fftw1d_estimate          L=1021 B=1     m=1     inner=3030   min=    12.786 us/xform  median=    12.794  sd=  0.21%      3.99 GF/s  setup=0.001 s
fftw1d_estimate          L=1021 B=1     m=1     inner=2084   min=    14.624 us/xform  median=    14.632  sd=  0.05%      3.49 GF/s  setup=0.001 s
fftw1d_estimate          L=1021 B=1     m=1     inner=2660   min=    14.549 us/xform  median=    14.554  sd=  0.03%      3.51 GF/s  setup=0.001 s
fftw1d_estimate          L=1021 B=1     m=1     inner=1361   min=    14.672 us/xform  median=    14.691  sd=  0.08%      3.48 GF/s  setup=0.001 s
fftw1d_estimate          L=1021 B=1     m=1     inner=1964   min=    15.265 us/xform  median=    15.269  sd=  0.25%      3.34 GF/s  setup=0.001 s
fftw1d_estimate          L=1021 B=1     m=1     inner=2548   min=    15.381 us/xform  median=    15.384  sd=  0.01%      3.32 GF/s  setup=0.001 s
fftw1d_estimate          L=1021 B=1     m=1     inner=1372   min=    14.583 us/xform  median=    14.596  sd=  0.36%      3.50 GF/s  setup=0.001 s
fftw1d_estimate          L=1021 B=1     m=1     inner=2098   min=    12.849 us/xform  median=    12.860  sd=  0.06%      3.97 GF/s  setup=0.001 s
fftw1d_estimate          L=1021 B=1     m=1     inner=2014   min=    14.551 us/xform  median=    14.570  sd=  0.05%      3.51 GF/s  setup=0.001 s
fftw1d_measure           L=1021 B=1     m=1     inner=1494   min=    13.466 us/xform  median=    13.479  sd=  0.09%      3.79 GF/s  setup=0.295 s
fftw1d_measure           L=1021 B=1     m=1     inner=2910   min=    13.389 us/xform  median=    13.393  sd=  0.04%      3.81 GF/s  setup=0.296 s
fftw1d_measure           L=1021 B=1     m=1     inner=1466   min=    13.696 us/xform  median=    13.708  sd=  0.38%      3.73 GF/s  setup=0.296 s
fftw1d_measure           L=1021 B=1     m=1     inner=1487   min=    13.631 us/xform  median=    13.645  sd=  0.05%      3.74 GF/s  setup=0.296 s
fftw1d_measure           L=1021 B=1     m=1     inner=1512   min=    13.428 us/xform  median=    13.441  sd=  0.40%      3.80 GF/s  setup=0.295 s
fftw1d_measure           L=1021 B=1     m=1     inner=1490   min=    13.524 us/xform  median=    13.540  sd=  0.07%      3.77 GF/s  setup=0.297 s
fftw1d_measure           L=1021 B=1     m=1     inner=1492   min=    13.547 us/xform  median=    13.556  sd=  0.06%      3.77 GF/s  setup=0.294 s
fftw1d_measure           L=1021 B=1     m=1     inner=2844   min=    13.650 us/xform  median=    13.656  sd=  0.05%      3.74 GF/s  setup=0.295 s
fftw1d_measure           L=1021 B=1     m=1     inner=2806   min=    12.122 us/xform  median=    12.133  sd=  5.65%      4.21 GF/s  setup=0.295 s
fftw1d_patient           L=1021 B=1     m=1     inner=3276   min=    11.815 us/xform  median=    11.827  sd=  0.06%      4.32 GF/s  setup=2.998 s
fftw1d_patient           L=1021 B=1     m=1     inner=1690   min=    11.973 us/xform  median=    11.979  sd=  0.05%      4.26 GF/s  setup=2.986 s
fftw1d_patient           L=1021 B=1     m=1     inner=1687   min=    11.922 us/xform  median=    11.936  sd=  0.05%      4.28 GF/s  setup=2.948 s
fftw1d_patient           L=1021 B=1     m=1     inner=1688   min=    11.922 us/xform  median=    11.937  sd=  0.05%      4.28 GF/s  setup=2.950 s
fftw1d_patient           L=1021 B=1     m=1     inner=3232   min=    11.994 us/xform  median=    12.003  sd=  0.03%      4.25 GF/s  setup=2.957 s
fftw1d_patient           L=1021 B=1     m=1     inner=1693   min=    11.962 us/xform  median=    11.972  sd=  0.05%      4.27 GF/s  setup=2.981 s
fftw1d_patient           L=1021 B=1     m=1     inner=1664   min=    12.128 us/xform  median=    12.142  sd=  0.06%      4.21 GF/s  setup=2.955 s
fftw1d_patient           L=1021 B=1     m=1     inner=3074   min=    12.550 us/xform  median=    12.556  sd=  0.03%      4.07 GF/s  setup=2.958 s
fftw1d_patient           L=1021 B=1     m=1     inner=1699   min=    11.833 us/xform  median=    11.844  sd=  0.05%      4.31 GF/s  setup=2.954 s
mkl1d_dfti               L=1021 B=1     m=1     inner=2568   min=     9.399 us/xform  median=     9.401  sd=  0.48%      5.43 GF/s  setup=0.049 s
mkl1d_dfti               L=1021 B=1     m=1     inner=4182   min=     9.413 us/xform  median=     9.416  sd=  0.01%      5.42 GF/s  setup=0.012 s
mkl1d_dfti               L=1021 B=1     m=1     inner=4170   min=     9.406 us/xform  median=     9.409  sd=  0.01%      5.43 GF/s  setup=0.014 s
mkl1d_dfti               L=1021 B=1     m=1     inner=4128   min=     9.441 us/xform  median=     9.444  sd=  0.01%      5.40 GF/s  setup=0.013 s
mkl1d_dfti               L=1021 B=1     m=1     inner=4120   min=     9.297 us/xform  median=     9.417  sd=  0.37%      5.49 GF/s  setup=0.038 s
mkl1d_dfti               L=1021 B=1     m=1     inner=4722   min=     8.281 us/xform  median=     8.282  sd=  0.01%      6.16 GF/s  setup=0.035 s
mkl1d_dfti               L=1021 B=1     m=1     inner=4764   min=     8.299 us/xform  median=     8.303  sd=  0.02%      6.15 GF/s  setup=0.011 s
mkl1d_dfti               L=1021 B=1     m=1     inner=4766   min=     8.272 us/xform  median=     8.274  sd=  0.01%      6.17 GF/s  setup=0.011 s
mkl1d_dfti               L=1021 B=1     m=1     inner=4760   min=     8.259 us/xform  median=     8.262  sd=  0.02%      6.18 GF/s  setup=0.032 s
   skipping baseline_dft at L=1021 B=256 (too expensive to be informative)
d1_bluestein             L=1021 B=256   m=1     inner=10     min=    12.980 us/xform  median=    13.491  sd=  1.41%      3.93 GF/s  setup=0.002 s
d1_bluestein             L=1021 B=256   m=1     inner=10     min=    14.137 us/xform  median=    14.147  sd=  0.04%      3.61 GF/s  setup=0.003 s
d1_bluestein             L=1021 B=256   m=1     inner=10     min=    13.390 us/xform  median=    13.398  sd=  0.03%      3.81 GF/s  setup=0.003 s
d1_bluestein             L=1021 B=256   m=1     inner=10     min=    13.446 us/xform  median=    13.450  sd=  0.04%      3.80 GF/s  setup=0.003 s
d1_bluestein             L=1021 B=256   m=1     inner=10     min=    11.579 us/xform  median=    11.594  sd=  2.35%      4.41 GF/s  setup=0.003 s
d1_bluestein             L=1021 B=256   m=1     inner=12     min=    11.363 us/xform  median=    11.367  sd=  0.02%      4.49 GF/s  setup=0.001 s
d1_bluestein             L=1021 B=256   m=1     inner=10     min=    12.917 us/xform  median=    13.408  sd=  1.21%      3.95 GF/s  setup=0.002 s
d1_bluestein             L=1021 B=256   m=1     inner=10     min=    13.789 us/xform  median=    13.796  sd=  0.04%      3.70 GF/s  setup=0.003 s
d1_bluestein             L=1021 B=256   m=1     inner=10     min=    13.376 us/xform  median=    13.384  sd=  0.03%      3.81 GF/s  setup=0.003 s
d1_planner               L=1021 B=256   m=1     inner=14     min=    10.280 us/xform  median=    10.366  sd=  0.32%      4.96 GF/s  setup=0.000 s
d1_planner               L=1021 B=256   m=1     inner=12     min=    10.452 us/xform  median=    10.455  sd=  0.90%      4.88 GF/s  setup=0.001 s
d1_planner               L=1021 B=256   m=1     inner=14     min=    10.704 us/xform  median=    12.654  sd=  8.00%      4.77 GF/s  setup=0.000 s
d1_planner               L=1021 B=256   m=1     inner=14     min=    10.640 us/xform  median=    10.647  sd=  0.04%      4.80 GF/s  setup=0.001 s
d1_planner               L=1021 B=256   m=1     inner=12     min=    10.493 us/xform  median=    10.494  sd=  0.02%      4.86 GF/s  setup=0.001 s
d1_planner               L=1021 B=256   m=1     inner=14     min=    10.444 us/xform  median=    10.455  sd=  6.35%      4.89 GF/s  setup=0.000 s
d1_planner               L=1021 B=256   m=1     inner=12     min=    10.792 us/xform  median=    10.794  sd=  0.03%      4.73 GF/s  setup=0.000 s
d1_planner               L=1021 B=256   m=1     inner=14     min=     9.246 us/xform  median=     9.249  sd=  3.73%      5.52 GF/s  setup=0.000 s
d1_planner               L=1021 B=256   m=1     inner=14     min=    10.570 us/xform  median=    10.575  sd=  0.21%      4.83 GF/s  setup=0.001 s
d1_race                  L=1021 B=256   m=1     inner=20     min=     7.558 us/xform  median=     7.561  sd=  0.02%      6.75 GF/s  setup=2.166 s
d1_race                  L=1021 B=256   m=1     inner=14     min=     9.060 us/xform  median=    10.339  sd=  5.82%      5.63 GF/s  setup=0.008 s
d1_race                  L=1021 B=256   m=1     inner=14     min=    10.111 us/xform  median=    10.117  sd=  0.04%      5.05 GF/s  setup=0.008 s
d1_race                  L=1021 B=256   m=1     inner=12     min=    10.278 us/xform  median=    10.328  sd=  0.23%      4.96 GF/s  setup=0.008 s
d1_race                  L=1021 B=256   m=1     inner=12     min=    10.122 us/xform  median=    10.126  sd=  0.02%      5.04 GF/s  setup=0.010 s
d1_race                  L=1021 B=256   m=1     inner=14     min=    10.152 us/xform  median=    10.156  sd=  0.02%      5.03 GF/s  setup=0.007 s
d1_race                  L=1021 B=256   m=1     inner=14     min=     7.634 us/xform  median=     7.637  sd=  1.21%      6.68 GF/s  setup=0.005 s
d1_race                  L=1021 B=256   m=1     inner=14     min=     9.058 us/xform  median=     9.742  sd=  5.91%      5.63 GF/s  setup=0.008 s
d1_race                  L=1021 B=256   m=1     inner=14     min=    10.150 us/xform  median=    10.153  sd=  0.04%      5.03 GF/s  setup=0.007 s
d1_rader                 L=1021 B=256   m=1     inner=18     min=     7.658 us/xform  median=     7.662  sd=  0.10%      6.66 GF/s  setup=0.000 s
d1_rader                 L=1021 B=256   m=1     inner=16     min=     8.991 us/xform  median=    10.208  sd=  4.20%      5.68 GF/s  setup=0.000 s
d1_rader                 L=1021 B=256   m=1     inner=14     min=     7.605 us/xform  median=     7.611  sd=  1.50%      6.71 GF/s  setup=0.000 s
d1_rader                 L=1021 B=256   m=1     inner=14     min=     8.916 us/xform  median=    10.276  sd=  4.82%      5.72 GF/s  setup=0.000 s
d1_rader                 L=1021 B=256   m=1     inner=14     min=     7.717 us/xform  median=     7.720  sd=  1.27%      6.61 GF/s  setup=0.000 s
d1_rader                 L=1021 B=256   m=1     inner=20     min=     7.625 us/xform  median=     7.628  sd=  0.03%      6.69 GF/s  setup=0.000 s
d1_rader                 L=1021 B=256   m=1     inner=20     min=     7.557 us/xform  median=     7.562  sd=  0.06%      6.75 GF/s  setup=0.000 s
d1_rader                 L=1021 B=256   m=1     inner=20     min=     7.563 us/xform  median=     7.567  sd=  0.03%      6.75 GF/s  setup=0.000 s
d1_rader                 L=1021 B=256   m=1     inner=20     min=     7.633 us/xform  median=     7.639  sd=  0.07%      6.69 GF/s  setup=0.000 s
fftw1d_estimate          L=1021 B=256   m=1     inner=10     min=    14.859 us/xform  median=    15.356  sd=  1.13%      3.43 GF/s  setup=0.001 s
fftw1d_estimate          L=1021 B=256   m=1     inner=10     min=    15.392 us/xform  median=    15.406  sd=  0.07%      3.32 GF/s  setup=0.002 s
fftw1d_estimate          L=1021 B=256   m=1     inner=8      min=    16.003 us/xform  median=    16.018  sd=  0.04%      3.19 GF/s  setup=0.002 s
fftw1d_estimate          L=1021 B=256   m=1     inner=8      min=    16.042 us/xform  median=    16.056  sd=  0.06%      3.18 GF/s  setup=0.001 s
fftw1d_estimate          L=1021 B=256   m=1     inner=8      min=    13.070 us/xform  median=    13.558  sd=  9.46%      3.90 GF/s  setup=0.001 s
fftw1d_estimate          L=1021 B=256   m=1     inner=10     min=    14.864 us/xform  median=    14.886  sd=  0.87%      3.43 GF/s  setup=0.001 s
fftw1d_estimate          L=1021 B=256   m=1     inner=10     min=    13.165 us/xform  median=    15.290  sd=  5.23%      3.88 GF/s  setup=0.001 s
fftw1d_estimate          L=1021 B=256   m=1     inner=10     min=    15.387 us/xform  median=    15.455  sd=  0.14%      3.32 GF/s  setup=0.001 s
fftw1d_estimate          L=1021 B=256   m=1     inner=5      min=    13.380 us/xform  median=    13.392  sd=  0.34%      3.81 GF/s  setup=0.002 s
fftw1d_measure           L=1021 B=256   m=1     inner=12     min=    12.153 us/xform  median=    12.162  sd=  0.06%      4.20 GF/s  setup=0.287 s
fftw1d_measure           L=1021 B=256   m=1     inner=12     min=    12.313 us/xform  median=    12.322  sd=  0.04%      4.14 GF/s  setup=0.288 s
fftw1d_measure           L=1021 B=256   m=1     inner=12     min=    12.085 us/xform  median=    12.094  sd=  0.06%      4.22 GF/s  setup=0.285 s
fftw1d_measure           L=1021 B=256   m=1     inner=12     min=    12.136 us/xform  median=    12.146  sd=  0.04%      4.20 GF/s  setup=0.288 s
fftw1d_measure           L=1021 B=256   m=1     inner=10     min=    14.154 us/xform  median=    14.162  sd=  0.04%      3.61 GF/s  setup=0.296 s
fftw1d_measure           L=1021 B=256   m=1     inner=10     min=    14.399 us/xform  median=    14.407  sd=  0.03%      3.54 GF/s  setup=0.296 s
fftw1d_measure           L=1021 B=256   m=1     inner=10     min=    14.287 us/xform  median=    14.306  sd=  0.06%      3.57 GF/s  setup=0.296 s
fftw1d_measure           L=1021 B=256   m=1     inner=10     min=    14.336 us/xform  median=    14.343  sd=  0.24%      3.56 GF/s  setup=0.295 s
fftw1d_measure           L=1021 B=256   m=1     inner=10     min=    14.276 us/xform  median=    14.292  sd=  0.08%      3.57 GF/s  setup=0.297 s
fftw1d_patient           L=1021 B=256   m=1     inner=12     min=    12.290 us/xform  median=    12.299  sd=  0.08%      4.15 GF/s  setup=2.991 s
fftw1d_patient           L=1021 B=256   m=1     inner=12     min=    12.163 us/xform  median=    12.169  sd=  0.17%      4.20 GF/s  setup=2.953 s
fftw1d_patient           L=1021 B=256   m=1     inner=12     min=    12.185 us/xform  median=    12.194  sd=  0.05%      4.19 GF/s  setup=2.984 s
fftw1d_patient           L=1021 B=256   m=1     inner=12     min=    12.291 us/xform  median=    12.298  sd=  0.04%      4.15 GF/s  setup=2.994 s
fftw1d_patient           L=1021 B=256   m=1     inner=12     min=    12.186 us/xform  median=    12.194  sd=  0.04%      4.19 GF/s  setup=2.995 s
fftw1d_patient           L=1021 B=256   m=1     inner=12     min=    12.200 us/xform  median=    12.215  sd=  0.06%      4.18 GF/s  setup=2.954 s
fftw1d_patient           L=1021 B=256   m=1     inner=12     min=    12.236 us/xform  median=    12.244  sd=  0.05%      4.17 GF/s  setup=2.950 s
fftw1d_patient           L=1021 B=256   m=1     inner=12     min=    12.243 us/xform  median=    12.255  sd=  0.05%      4.17 GF/s  setup=2.967 s
fftw1d_patient           L=1021 B=256   m=1     inner=12     min=    12.299 us/xform  median=    12.304  sd=  0.03%      4.15 GF/s  setup=2.953 s
mkl1d_dfti               L=1021 B=256   m=1     inner=10     min=    10.038 us/xform  median=    10.644  sd=  2.17%      5.08 GF/s  setup=0.051 s
mkl1d_dfti               L=1021 B=256   m=1     inner=14     min=    10.639 us/xform  median=    10.642  sd=  0.01%      4.80 GF/s  setup=0.015 s
mkl1d_dfti               L=1021 B=256   m=1     inner=14     min=    10.626 us/xform  median=    10.629  sd=  0.02%      4.80 GF/s  setup=0.015 s
mkl1d_dfti               L=1021 B=256   m=1     inner=14     min=    10.639 us/xform  median=    10.642  sd=  0.02%      4.80 GF/s  setup=0.038 s
mkl1d_dfti               L=1021 B=256   m=1     inner=14     min=     8.746 us/xform  median=    10.636  sd=  9.13%      5.83 GF/s  setup=0.036 s
mkl1d_dfti               L=1021 B=256   m=1     inner=16     min=     8.761 us/xform  median=     8.762  sd=  0.02%      5.82 GF/s  setup=0.033 s
mkl1d_dfti               L=1021 B=256   m=1     inner=16     min=     8.736 us/xform  median=     8.740  sd=  0.03%      5.84 GF/s  setup=0.013 s
mkl1d_dfti               L=1021 B=256   m=1     inner=16     min=     8.751 us/xform  median=     8.753  sd=  0.01%      5.83 GF/s  setup=0.029 s
mkl1d_dfti               L=1021 B=256   m=1     inner=16     min=     8.734 us/xform  median=     8.735  sd=  0.04%      5.84 GF/s  setup=0.014 s
baseline_dft             L=60  B=512   m=1     inner=10     min=     7.608 us/xform  median=     7.615  sd=  0.07%      0.23 GF/s  setup=0.000 s
baseline_dft             L=60  B=512   m=1     inner=8      min=     7.456 us/xform  median=     7.457  sd=  0.01%      0.24 GF/s  setup=0.000 s
baseline_dft             L=60  B=512   m=1     inner=10     min=     7.457 us/xform  median=     7.457  sd=  0.01%      0.24 GF/s  setup=0.000 s
baseline_dft             L=60  B=512   m=1     inner=10     min=     7.457 us/xform  median=     7.458  sd=  0.01%      0.24 GF/s  setup=0.000 s
baseline_dft             L=60  B=512   m=1     inner=10     min=     7.457 us/xform  median=     7.611  sd=  1.07%      0.24 GF/s  setup=0.000 s
baseline_dft             L=60  B=512   m=1     inner=10     min=     7.457 us/xform  median=     7.457  sd=  0.00%      0.24 GF/s  setup=0.000 s
baseline_dft             L=60  B=512   m=1     inner=10     min=     7.457 us/xform  median=     7.457  sd=  0.00%      0.24 GF/s  setup=0.000 s
baseline_dft             L=60  B=512   m=1     inner=10     min=     7.457 us/xform  median=     7.458  sd=  0.00%      0.24 GF/s  setup=0.000 s
baseline_dft             L=60  B=512   m=1     inner=10     min=     7.457 us/xform  median=     7.457  sd=  0.01%      0.24 GF/s  setup=0.000 s
d1_batchlane             L=60  B=512   m=1     inner=1052   min=     0.073 us/xform  median=     0.073  sd=  0.18%     24.34 GF/s  setup=0.000 s
d1_batchlane             L=60  B=512   m=1     inner=1060   min=     0.064 us/xform  median=     0.073  sd=  6.47%     27.75 GF/s  setup=0.000 s
d1_batchlane             L=60  B=512   m=1     inner=788    min=     0.074 us/xform  median=     0.074  sd=  0.05%     23.85 GF/s  setup=0.000 s
d1_batchlane             L=60  B=512   m=1     inner=806    min=     0.064 us/xform  median=     0.064  sd=  0.04%     27.51 GF/s  setup=0.000 s
d1_batchlane             L=60  B=512   m=1     inner=1212   min=     0.064 us/xform  median=     0.064  sd=  0.04%     27.88 GF/s  setup=0.000 s
d1_batchlane             L=60  B=512   m=1     inner=806    min=     0.074 us/xform  median=     0.074  sd=  0.05%     23.88 GF/s  setup=0.000 s
d1_batchlane             L=60  B=512   m=1     inner=850    min=     0.064 us/xform  median=     0.064  sd=  0.04%     27.87 GF/s  setup=0.000 s
d1_batchlane             L=60  B=512   m=1     inner=810    min=     0.074 us/xform  median=     0.074  sd=  0.04%     24.07 GF/s  setup=0.000 s
d1_batchlane             L=60  B=512   m=1     inner=772    min=     0.074 us/xform  median=     0.075  sd=  0.11%     23.82 GF/s  setup=0.000 s
d1_bluestein             L=60  B=512   m=1     inner=174    min=     0.225 us/xform  median=     0.226  sd=  0.34%      7.87 GF/s  setup=0.001 s
d1_bluestein             L=60  B=512   m=1     inner=286    min=     0.213 us/xform  median=     0.213  sd=  0.16%      8.33 GF/s  setup=0.001 s
d1_bluestein             L=60  B=512   m=1     inner=290    min=     0.213 us/xform  median=     0.213  sd=  0.11%      8.33 GF/s  setup=0.001 s
d1_bluestein             L=60  B=512   m=1     inner=276    min=     0.215 us/xform  median=     0.215  sd=  0.12%      8.25 GF/s  setup=0.001 s
d1_bluestein             L=60  B=512   m=1     inner=246    min=     0.252 us/xform  median=     0.252  sd=  0.11%      7.03 GF/s  setup=0.001 s
d1_bluestein             L=60  B=512   m=1     inner=280    min=     0.209 us/xform  median=     0.209  sd=  0.10%      8.49 GF/s  setup=0.001 s
d1_bluestein             L=60  B=512   m=1     inner=278    min=     0.214 us/xform  median=     0.215  sd=  0.10%      8.27 GF/s  setup=0.001 s
d1_bluestein             L=60  B=512   m=1     inner=292    min=     0.211 us/xform  median=     0.211  sd=  0.11%      8.41 GF/s  setup=0.001 s
d1_bluestein             L=60  B=512   m=1     inner=171    min=     0.229 us/xform  median=     0.229  sd=  0.17%      7.75 GF/s  setup=0.001 s
d1_composite             L=60  B=512   m=1     inner=1292   min=     0.060 us/xform  median=     0.062  sd=  0.91%     29.43 GF/s  setup=0.000 s
d1_composite             L=60  B=512   m=1     inner=1034   min=     0.059 us/xform  median=     0.059  sd=  0.09%     29.96 GF/s  setup=0.000 s
d1_composite             L=60  B=512   m=1     inner=848    min=     0.073 us/xform  median=     0.073  sd=  0.39%     24.24 GF/s  setup=0.000 s
d1_composite             L=60  B=512   m=1     inner=1050   min=     0.059 us/xform  median=     0.059  sd=  0.09%     30.23 GF/s  setup=0.000 s
d1_composite             L=60  B=512   m=1     inner=1314   min=     0.059 us/xform  median=     0.059  sd=  0.08%     30.01 GF/s  setup=0.000 s
d1_composite             L=60  B=512   m=1     inner=802    min=     0.078 us/xform  median=     0.079  sd=  0.13%     22.58 GF/s  setup=0.000 s
d1_composite             L=60  B=512   m=1     inner=1004   min=     0.059 us/xform  median=     0.059  sd=  0.05%     30.13 GF/s  setup=0.000 s
d1_composite             L=60  B=512   m=1     inner=1312   min=     0.059 us/xform  median=     0.059  sd=  0.07%     30.18 GF/s  setup=0.000 s
d1_composite             L=60  B=512   m=1     inner=806    min=     0.079 us/xform  median=     0.079  sd=  0.31%     22.53 GF/s  setup=0.000 s
d1_planner               L=60  B=512   m=1     inner=446    min=     0.174 us/xform  median=     0.174  sd=  0.09%     10.17 GF/s  setup=0.000 s
d1_planner               L=60  B=512   m=1     inner=424    min=     0.183 us/xform  median=     0.183  sd=  0.10%      9.69 GF/s  setup=0.000 s
d1_planner               L=60  B=512   m=1     inner=422    min=     0.185 us/xform  median=     0.185  sd=  0.26%      9.60 GF/s  setup=0.000 s
d1_planner               L=60  B=512   m=1     inner=338    min=     0.183 us/xform  median=     0.184  sd=  0.02%      9.66 GF/s  setup=0.000 s
d1_planner               L=60  B=512   m=1     inner=438    min=     0.177 us/xform  median=     0.177  sd=  0.01%      9.99 GF/s  setup=0.000 s
d1_planner               L=60  B=512   m=1     inner=360    min=     0.172 us/xform  median=     0.172  sd=  0.04%     10.28 GF/s  setup=0.000 s
d1_planner               L=60  B=512   m=1     inner=336    min=     0.176 us/xform  median=     0.176  sd=  0.03%     10.06 GF/s  setup=0.000 s
d1_planner               L=60  B=512   m=1     inner=340    min=     0.180 us/xform  median=     0.180  sd=  0.16%      9.86 GF/s  setup=0.000 s
d1_planner               L=60  B=512   m=1     inner=217    min=     0.179 us/xform  median=     0.180  sd=  0.10%      9.88 GF/s  setup=0.000 s
d1_race                  L=60  B=512   m=1     inner=1370   min=     0.056 us/xform  median=     0.057  sd=  0.09%     31.38 GF/s  setup=1.047 s
d1_race                  L=60  B=512   m=1     inner=884    min=     0.074 us/xform  median=     0.074  sd=  0.11%     23.89 GF/s  setup=0.011 s
d1_race                  L=60  B=512   m=1     inner=528    min=     0.074 us/xform  median=     0.074  sd=  0.31%     23.99 GF/s  setup=0.011 s
d1_race                  L=60  B=512   m=1     inner=1002   min=     0.061 us/xform  median=     0.062  sd=  0.17%     28.83 GF/s  setup=0.012 s
d1_race                  L=60  B=512   m=1     inner=978    min=     0.060 us/xform  median=     0.060  sd=  0.37%     29.54 GF/s  setup=0.011 s
d1_race                  L=60  B=512   m=1     inner=1076   min=     0.057 us/xform  median=     0.057  sd=  0.06%     31.21 GF/s  setup=0.010 s
d1_race                  L=60  B=512   m=1     inner=1292   min=     0.059 us/xform  median=     0.060  sd=  0.25%     29.84 GF/s  setup=0.011 s
d1_race                  L=60  B=512   m=1     inner=900    min=     0.070 us/xform  median=     0.070  sd=  0.14%     25.18 GF/s  setup=0.009 s
d1_race                  L=60  B=512   m=1     inner=1106   min=     0.066 us/xform  median=     0.066  sd=  0.11%     26.82 GF/s  setup=0.011 s
d1_twiddle               L=60  B=512   m=1     inner=858    min=     0.089 us/xform  median=     0.090  sd=  0.23%     19.90 GF/s  setup=0.000 s
d1_twiddle               L=60  B=512   m=1     inner=552    min=     0.088 us/xform  median=     0.088  sd=  0.11%     20.17 GF/s  setup=0.000 s
d1_twiddle               L=60  B=512   m=1     inner=688    min=     0.090 us/xform  median=     0.090  sd=  0.06%     19.75 GF/s  setup=0.000 s
d1_twiddle               L=60  B=512   m=1     inner=710    min=     0.088 us/xform  median=     0.088  sd=  0.06%     20.21 GF/s  setup=0.000 s
d1_twiddle               L=60  B=512   m=1     inner=698    min=     0.088 us/xform  median=     0.088  sd=  0.07%     20.10 GF/s  setup=0.000 s
d1_twiddle               L=60  B=512   m=1     inner=656    min=     0.092 us/xform  median=     0.092  sd=  0.14%     19.31 GF/s  setup=0.000 s
d1_twiddle               L=60  B=512   m=1     inner=682    min=     0.092 us/xform  median=     0.092  sd=  0.42%     19.31 GF/s  setup=0.000 s
d1_twiddle               L=60  B=512   m=1     inner=652    min=     0.091 us/xform  median=     0.092  sd=  0.24%     19.44 GF/s  setup=0.000 s
d1_twiddle               L=60  B=512   m=1     inner=652    min=     0.092 us/xform  median=     0.092  sd=  0.08%     19.19 GF/s  setup=0.000 s
fftw1d_custom            L=60  B=512   m=1     inner=200    min=     0.310 us/xform  median=     0.310  sd=  0.29%      5.72 GF/s  setup=0.000 s
fftw1d_custom            L=60  B=512   m=1     inner=210    min=     0.303 us/xform  median=     0.303  sd=  0.04%      5.85 GF/s  setup=0.000 s
fftw1d_custom            L=60  B=512   m=1     inner=200    min=     0.383 us/xform  median=     0.383  sd=  0.06%      4.63 GF/s  setup=0.000 s
fftw1d_custom            L=60  B=512   m=1     inner=156    min=     0.294 us/xform  median=     0.295  sd=  3.82%      6.02 GF/s  setup=0.000 s
fftw1d_custom            L=60  B=512   m=1     inner=212    min=     0.293 us/xform  median=     0.383  sd= 11.51%      6.05 GF/s  setup=0.000 s
fftw1d_custom            L=60  B=512   m=1     inner=176    min=     0.373 us/xform  median=     0.373  sd=  0.05%      4.76 GF/s  setup=0.000 s
fftw1d_custom            L=60  B=512   m=1     inner=158    min=     0.299 us/xform  median=     0.299  sd=  3.24%      5.93 GF/s  setup=0.000 s
fftw1d_custom            L=60  B=512   m=1     inner=220    min=     0.299 us/xform  median=     0.373  sd=  8.00%      5.94 GF/s  setup=0.000 s
fftw1d_custom            L=60  B=512   m=1     inner=176    min=     0.320 us/xform  median=     0.320  sd=  1.09%      5.54 GF/s  setup=0.000 s
fftw1d_custom_soa        L=60  B=512   m=1     inner=210    min=     0.228 us/xform  median=     0.228  sd=  2.12%      7.77 GF/s  setup=0.000 s
fftw1d_custom_soa        L=60  B=512   m=1     inner=332    min=     0.226 us/xform  median=     0.226  sd=  0.03%      7.86 GF/s  setup=0.000 s
fftw1d_custom_soa        L=60  B=512   m=1     inner=328    min=     0.230 us/xform  median=     0.230  sd=  0.03%      7.72 GF/s  setup=0.000 s
fftw1d_custom_soa        L=60  B=512   m=1     inner=338    min=     0.189 us/xform  median=     0.226  sd=  6.01%      9.39 GF/s  setup=0.000 s
fftw1d_custom_soa        L=60  B=512   m=1     inner=288    min=     0.223 us/xform  median=     0.255  sd=  5.59%      7.95 GF/s  setup=0.000 s
fftw1d_custom_soa        L=60  B=512   m=1     inner=230    min=     0.216 us/xform  median=     0.216  sd=  3.11%      8.19 GF/s  setup=0.000 s
fftw1d_custom_soa        L=60  B=512   m=1     inner=294    min=     0.228 us/xform  median=     0.240  sd=  2.39%      7.78 GF/s  setup=0.000 s
fftw1d_custom_soa        L=60  B=512   m=1     inner=292    min=     0.252 us/xform  median=     0.252  sd=  0.03%      7.05 GF/s  setup=0.000 s
fftw1d_custom_soa        L=60  B=512   m=1     inner=296    min=     0.249 us/xform  median=     0.249  sd=  0.03%      7.13 GF/s  setup=0.000 s
fftw1d_estimate          L=60  B=512   m=1     inner=758    min=     0.101 us/xform  median=     0.101  sd=  0.13%     17.60 GF/s  setup=0.001 s
fftw1d_estimate          L=60  B=512   m=1     inner=546    min=     0.110 us/xform  median=     0.110  sd=  0.10%     16.12 GF/s  setup=0.001 s
fftw1d_estimate          L=60  B=512   m=1     inner=800    min=     0.085 us/xform  median=     0.097  sd=  4.60%     20.77 GF/s  setup=0.001 s
fftw1d_estimate          L=60  B=512   m=1     inner=596    min=     0.100 us/xform  median=     0.100  sd=  0.08%     17.75 GF/s  setup=0.001 s
fftw1d_estimate          L=60  B=512   m=1     inner=612    min=     0.086 us/xform  median=     0.086  sd=  0.78%     20.70 GF/s  setup=0.001 s
fftw1d_estimate          L=60  B=512   m=1     inner=588    min=     0.098 us/xform  median=     0.100  sd=  0.79%     18.03 GF/s  setup=0.001 s
fftw1d_estimate          L=60  B=512   m=1     inner=588    min=     0.088 us/xform  median=     0.088  sd=  0.67%     20.07 GF/s  setup=0.001 s
fftw1d_estimate          L=60  B=512   m=1     inner=908    min=     0.085 us/xform  median=     0.085  sd=  0.07%     20.78 GF/s  setup=0.001 s
fftw1d_estimate          L=60  B=512   m=1     inner=874    min=     0.086 us/xform  median=     0.086  sd=  0.08%     20.57 GF/s  setup=0.001 s
fftw1d_measure           L=60  B=512   m=1     inner=868    min=     0.084 us/xform  median=     0.084  sd=  0.06%     21.13 GF/s  setup=0.046 s
fftw1d_measure           L=60  B=512   m=1     inner=794    min=     0.090 us/xform  median=     0.090  sd=  0.11%     19.73 GF/s  setup=0.045 s
fftw1d_measure           L=60  B=512   m=1     inner=1106   min=     0.070 us/xform  median=     0.070  sd=  0.04%     25.25 GF/s  setup=0.045 s
fftw1d_measure           L=60  B=512   m=1     inner=1110   min=     0.070 us/xform  median=     0.070  sd=  0.07%     25.35 GF/s  setup=0.045 s
fftw1d_measure           L=60  B=512   m=1     inner=778    min=     0.100 us/xform  median=     0.101  sd=  0.87%     17.64 GF/s  setup=0.048 s
fftw1d_measure           L=60  B=512   m=1     inner=914    min=     0.079 us/xform  median=     0.079  sd=  0.08%     22.37 GF/s  setup=0.046 s
fftw1d_measure           L=60  B=512   m=1     inner=950    min=     0.070 us/xform  median=     0.082  sd=  7.16%     25.15 GF/s  setup=0.046 s
fftw1d_measure           L=60  B=512   m=1     inner=914    min=     0.085 us/xform  median=     0.086  sd=  0.14%     20.76 GF/s  setup=0.046 s
fftw1d_measure           L=60  B=512   m=1     inner=1078   min=     0.072 us/xform  median=     0.072  sd=  0.03%     24.53 GF/s  setup=0.045 s
fftw1d_patient           L=60  B=512   m=1     inner=964    min=     0.079 us/xform  median=     0.079  sd=  0.04%     22.30 GF/s  setup=0.437 s
fftw1d_patient           L=60  B=512   m=1     inner=1036   min=     0.074 us/xform  median=     0.074  sd=  0.03%     23.92 GF/s  setup=0.443 s
fftw1d_patient           L=60  B=512   m=1     inner=942    min=     0.070 us/xform  median=     0.082  sd=  6.88%     25.45 GF/s  setup=0.446 s
fftw1d_patient           L=60  B=512   m=1     inner=1118   min=     0.069 us/xform  median=     0.069  sd=  0.04%     25.55 GF/s  setup=0.389 s
fftw1d_patient           L=60  B=512   m=1     inner=1172   min=     0.066 us/xform  median=     0.066  sd=  0.04%     26.70 GF/s  setup=0.384 s
fftw1d_patient           L=60  B=512   m=1     inner=1112   min=     0.070 us/xform  median=     0.070  sd=  0.04%     25.29 GF/s  setup=0.390 s
fftw1d_patient           L=60  B=512   m=1     inner=1014   min=     0.077 us/xform  median=     0.077  sd=  0.02%     23.13 GF/s  setup=0.439 s
fftw1d_patient           L=60  B=512   m=1     inner=566    min=     0.069 us/xform  median=     0.069  sd=  0.07%     25.64 GF/s  setup=0.391 s
fftw1d_patient           L=60  B=512   m=1     inner=1196   min=     0.065 us/xform  median=     0.065  sd=  0.03%     27.44 GF/s  setup=0.385 s
mkl1d_dfti               L=60  B=512   m=1     inner=1460   min=     0.045 us/xform  median=     0.045  sd=  1.50%     39.36 GF/s  setup=0.002 s
mkl1d_dfti               L=60  B=512   m=1     inner=1260   min=     0.043 us/xform  median=     0.043  sd=  0.32%     41.07 GF/s  setup=0.002 s
mkl1d_dfti               L=60  B=512   m=1     inner=1768   min=     0.044 us/xform  median=     0.044  sd=  2.26%     40.43 GF/s  setup=0.001 s
mkl1d_dfti               L=60  B=512   m=1     inner=1762   min=     0.044 us/xform  median=     0.044  sd=  0.05%     40.18 GF/s  setup=0.001 s
mkl1d_dfti               L=60  B=512   m=1     inner=1718   min=     0.044 us/xform  median=     0.044  sd=  0.04%     40.40 GF/s  setup=0.001 s
mkl1d_dfti               L=60  B=512   m=1     inner=1770   min=     0.043 us/xform  median=     0.044  sd=  0.06%     40.76 GF/s  setup=0.001 s
mkl1d_dfti               L=60  B=512   m=1     inner=1238   min=     0.050 us/xform  median=     0.051  sd=  0.93%     35.65 GF/s  setup=0.001 s
mkl1d_dfti               L=60  B=512   m=1     inner=1044   min=     0.045 us/xform  median=     0.045  sd=  2.78%     39.18 GF/s  setup=0.002 s
mkl1d_dfti               L=60  B=512   m=1     inner=1250   min=     0.049 us/xform  median=     0.049  sd=  0.06%     36.06 GF/s  setup=0.001 s
baseline_dft             L=64  B=512   m=1     inner=8      min=     8.487 us/xform  median=     8.487  sd=  0.00%      0.23 GF/s  setup=0.000 s
baseline_dft             L=64  B=512   m=1     inner=8      min=     8.485 us/xform  median=     8.485  sd=  0.01%      0.23 GF/s  setup=0.000 s
baseline_dft             L=64  B=512   m=1     inner=8      min=     8.485 us/xform  median=     8.485  sd=  0.00%      0.23 GF/s  setup=0.000 s
baseline_dft             L=64  B=512   m=1     inner=8      min=     8.485 us/xform  median=     8.486  sd=  0.00%      0.23 GF/s  setup=0.000 s
baseline_dft             L=64  B=512   m=1     inner=8      min=     8.484 us/xform  median=     8.486  sd=  0.02%      0.23 GF/s  setup=0.000 s
baseline_dft             L=64  B=512   m=1     inner=8      min=     8.484 us/xform  median=     8.485  sd=  0.00%      0.23 GF/s  setup=0.000 s
baseline_dft             L=64  B=512   m=1     inner=8      min=     7.030 us/xform  median=     8.485  sd=  5.10%      0.27 GF/s  setup=0.000 s
baseline_dft             L=64  B=512   m=1     inner=10     min=     7.029 us/xform  median=     7.029  sd=  0.00%      0.27 GF/s  setup=0.000 s
baseline_dft             L=64  B=512   m=1     inner=10     min=     7.029 us/xform  median=     7.029  sd=  0.00%      0.27 GF/s  setup=0.000 s
d1_batchlane             L=64  B=512   m=1     inner=1236   min=     0.062 us/xform  median=     0.071  sd=  4.81%     31.06 GF/s  setup=0.000 s
d1_batchlane             L=64  B=512   m=1     inner=724    min=     0.051 us/xform  median=     0.052  sd=  1.44%     37.32 GF/s  setup=0.000 s
d1_batchlane             L=64  B=512   m=1     inner=1022   min=     0.059 us/xform  median=     0.063  sd=  2.31%     32.48 GF/s  setup=0.000 s
d1_batchlane             L=64  B=512   m=1     inner=914    min=     0.067 us/xform  median=     0.067  sd=  0.07%     28.54 GF/s  setup=0.000 s
d1_batchlane             L=64  B=512   m=1     inner=922    min=     0.067 us/xform  median=     0.067  sd=  0.06%     28.48 GF/s  setup=0.000 s
d1_batchlane             L=64  B=512   m=1     inner=589    min=     0.066 us/xform  median=     0.066  sd=  0.09%     29.04 GF/s  setup=0.000 s
d1_batchlane             L=64  B=512   m=1     inner=996    min=     0.064 us/xform  median=     0.064  sd=  0.05%     29.93 GF/s  setup=0.000 s
d1_batchlane             L=64  B=512   m=1     inner=970    min=     0.066 us/xform  median=     0.066  sd=  0.05%     28.98 GF/s  setup=0.000 s
d1_batchlane             L=64  B=512   m=1     inner=988    min=     0.068 us/xform  median=     0.068  sd=  0.07%     28.28 GF/s  setup=0.000 s
d1_bluestein             L=64  B=512   m=1     inner=438    min=     0.180 us/xform  median=     0.184  sd=  0.59%     10.67 GF/s  setup=0.001 s
d1_bluestein             L=64  B=512   m=1     inner=340    min=     0.181 us/xform  median=     0.183  sd=  0.89%     10.62 GF/s  setup=0.001 s
d1_bluestein             L=64  B=512   m=1     inner=332    min=     0.185 us/xform  median=     0.186  sd=  0.06%     10.35 GF/s  setup=0.001 s
d1_bluestein             L=64  B=512   m=1     inner=380    min=     0.176 us/xform  median=     0.204  sd=  6.14%     10.90 GF/s  setup=0.001 s
d1_bluestein             L=64  B=512   m=1     inner=338    min=     0.183 us/xform  median=     0.185  sd=  0.32%     10.46 GF/s  setup=0.001 s
d1_bluestein             L=64  B=512   m=1     inner=430    min=     0.179 us/xform  median=     0.180  sd=  0.24%     10.71 GF/s  setup=0.001 s
d1_bluestein             L=64  B=512   m=1     inner=344    min=     0.178 us/xform  median=     0.178  sd=  0.05%     10.77 GF/s  setup=0.001 s
d1_bluestein             L=64  B=512   m=1     inner=428    min=     0.181 us/xform  median=     0.181  sd=  0.03%     10.62 GF/s  setup=0.001 s
d1_bluestein             L=64  B=512   m=1     inner=418    min=     0.180 us/xform  median=     0.186  sd=  0.90%     10.66 GF/s  setup=0.001 s
d1_planner               L=64  B=512   m=1     inner=458    min=     0.167 us/xform  median=     0.174  sd=  1.58%     11.47 GF/s  setup=0.000 s
d1_planner               L=64  B=512   m=1     inner=344    min=     0.171 us/xform  median=     0.171  sd=  0.08%     11.25 GF/s  setup=0.000 s
d1_planner               L=64  B=512   m=1     inner=350    min=     0.146 us/xform  median=     0.146  sd=  0.78%     13.14 GF/s  setup=0.000 s
d1_planner               L=64  B=512   m=1     inner=384    min=     0.161 us/xform  median=     0.165  sd=  1.03%     11.94 GF/s  setup=0.000 s
d1_planner               L=64  B=512   m=1     inner=370    min=     0.160 us/xform  median=     0.160  sd=  0.09%     12.01 GF/s  setup=0.000 s
d1_planner               L=64  B=512   m=1     inner=376    min=     0.142 us/xform  median=     0.166  sd=  6.18%     13.52 GF/s  setup=0.000 s
d1_planner               L=64  B=512   m=1     inner=550    min=     0.140 us/xform  median=     0.140  sd=  0.10%     13.74 GF/s  setup=0.000 s
d1_planner               L=64  B=512   m=1     inner=370    min=     0.141 us/xform  median=     0.141  sd=  0.11%     13.60 GF/s  setup=0.000 s
d1_planner               L=64  B=512   m=1     inner=524    min=     0.147 us/xform  median=     0.147  sd=  0.08%     13.06 GF/s  setup=0.000 s
d1_pow2                  L=64  B=512   m=1     inner=1784   min=     0.043 us/xform  median=     0.044  sd=  1.58%     45.17 GF/s  setup=0.000 s
d1_pow2                  L=64  B=512   m=1     inner=1164   min=     0.054 us/xform  median=     0.055  sd=  0.08%     35.25 GF/s  setup=0.000 s
d1_pow2                  L=64  B=512   m=1     inner=1430   min=     0.054 us/xform  median=     0.054  sd=  0.07%     35.74 GF/s  setup=0.000 s
d1_pow2                  L=64  B=512   m=1     inner=1392   min=     0.055 us/xform  median=     0.055  sd=  0.09%     34.91 GF/s  setup=0.000 s
d1_pow2                  L=64  B=512   m=1     inner=1212   min=     0.039 us/xform  median=     0.039  sd=  2.27%     49.66 GF/s  setup=0.000 s
d1_pow2                  L=64  B=512   m=1     inner=1396   min=     0.042 us/xform  median=     0.044  sd=  1.36%     45.32 GF/s  setup=0.000 s
d1_pow2                  L=64  B=512   m=1     inner=634    min=     0.046 us/xform  median=     0.046  sd=  1.73%     41.78 GF/s  setup=0.000 s
d1_pow2                  L=64  B=512   m=1     inner=1238   min=     0.046 us/xform  median=     0.046  sd=  0.08%     41.70 GF/s  setup=0.000 s
d1_pow2                  L=64  B=512   m=1     inner=1292   min=     0.045 us/xform  median=     0.045  sd=  0.33%     43.11 GF/s  setup=0.000 s
d1_race                  L=64  B=512   m=1     inner=1988   min=     0.038 us/xform  median=     0.038  sd=  0.09%     50.75 GF/s  setup=0.783 s
d1_race                  L=64  B=512   m=1     inner=2016   min=     0.037 us/xform  median=     0.037  sd=  0.08%     51.82 GF/s  setup=0.004 s
d1_race                  L=64  B=512   m=1     inner=1440   min=     0.038 us/xform  median=     0.038  sd=  0.11%     50.44 GF/s  setup=0.005 s
d1_race                  L=64  B=512   m=1     inner=1862   min=     0.040 us/xform  median=     0.040  sd=  0.09%     47.81 GF/s  setup=0.004 s
d1_race                  L=64  B=512   m=1     inner=1406   min=     0.037 us/xform  median=     0.037  sd=  0.11%     51.96 GF/s  setup=0.005 s
d1_race                  L=64  B=512   m=1     inner=1404   min=     0.040 us/xform  median=     0.040  sd=  0.06%     47.68 GF/s  setup=0.005 s
d1_race                  L=64  B=512   m=1     inner=1992   min=     0.039 us/xform  median=     0.039  sd=  0.08%     49.69 GF/s  setup=0.004 s
d1_race                  L=64  B=512   m=1     inner=1776   min=     0.042 us/xform  median=     0.051  sd=  8.71%     45.57 GF/s  setup=0.004 s
d1_race                  L=64  B=512   m=1     inner=1420   min=     0.047 us/xform  median=     0.049  sd=  0.81%     40.55 GF/s  setup=0.006 s
d1_twiddle               L=64  B=512   m=1     inner=492    min=     0.079 us/xform  median=     0.080  sd=  2.01%     24.26 GF/s  setup=0.000 s
d1_twiddle               L=64  B=512   m=1     inner=742    min=     0.069 us/xform  median=     0.069  sd=  0.91%     27.73 GF/s  setup=0.000 s
d1_twiddle               L=64  B=512   m=1     inner=748    min=     0.082 us/xform  median=     0.091  sd=  3.72%     23.42 GF/s  setup=0.000 s
d1_twiddle               L=64  B=512   m=1     inner=732    min=     0.090 us/xform  median=     0.090  sd=  0.11%     21.27 GF/s  setup=0.000 s
d1_twiddle               L=64  B=512   m=1     inner=752    min=     0.070 us/xform  median=     0.070  sd=  0.70%     27.38 GF/s  setup=0.000 s
d1_twiddle               L=64  B=512   m=1     inner=1084   min=     0.070 us/xform  median=     0.070  sd=  0.04%     27.52 GF/s  setup=0.000 s
d1_twiddle               L=64  B=512   m=1     inner=1082   min=     0.070 us/xform  median=     0.070  sd=  0.04%     27.53 GF/s  setup=0.000 s
d1_twiddle               L=64  B=512   m=1     inner=986    min=     0.079 us/xform  median=     0.083  sd=  1.98%     24.25 GF/s  setup=0.000 s
d1_twiddle               L=64  B=512   m=1     inner=726    min=     0.081 us/xform  median=     0.081  sd=  0.08%     23.68 GF/s  setup=0.000 s
fftw1d_custom            L=64  B=512   m=1     inner=244    min=     0.318 us/xform  median=     0.318  sd=  0.04%      6.05 GF/s  setup=0.000 s
fftw1d_custom            L=64  B=512   m=1     inner=200    min=     0.324 us/xform  median=     0.324  sd=  0.05%      5.93 GF/s  setup=0.000 s
fftw1d_custom            L=64  B=512   m=1     inner=240    min=     0.324 us/xform  median=     0.324  sd=  0.03%      5.92 GF/s  setup=0.000 s
fftw1d_custom            L=64  B=512   m=1     inner=232    min=     0.327 us/xform  median=     0.327  sd=  0.04%      5.87 GF/s  setup=0.000 s
fftw1d_custom            L=64  B=512   m=1     inner=234    min=     0.262 us/xform  median=     0.295  sd= 10.57%      7.32 GF/s  setup=0.000 s
fftw1d_custom            L=64  B=512   m=1     inner=208    min=     0.259 us/xform  median=     0.259  sd=  0.05%      7.42 GF/s  setup=0.000 s
fftw1d_custom            L=64  B=512   m=1     inner=200    min=     0.324 us/xform  median=     0.342  sd=  1.60%      5.92 GF/s  setup=0.000 s
fftw1d_custom            L=64  B=512   m=1     inner=220    min=     0.353 us/xform  median=     0.353  sd=  0.03%      5.44 GF/s  setup=0.000 s
fftw1d_custom            L=64  B=512   m=1     inner=110    min=     0.354 us/xform  median=     0.354  sd=  0.08%      5.43 GF/s  setup=0.000 s
fftw1d_custom_soa        L=64  B=512   m=1     inner=292    min=     0.241 us/xform  median=     0.241  sd=  0.05%      7.96 GF/s  setup=0.000 s
fftw1d_custom_soa        L=64  B=512   m=1     inner=266    min=     0.254 us/xform  median=     0.273  sd=  1.94%      7.55 GF/s  setup=0.000 s
fftw1d_custom_soa        L=64  B=512   m=1     inner=214    min=     0.239 us/xform  median=     0.239  sd=  2.40%      8.04 GF/s  setup=0.000 s
fftw1d_custom_soa        L=64  B=512   m=1     inner=268    min=     0.258 us/xform  median=     0.274  sd=  1.74%      7.45 GF/s  setup=0.000 s
fftw1d_custom_soa        L=64  B=512   m=1     inner=230    min=     0.275 us/xform  median=     0.287  sd=  2.02%      6.97 GF/s  setup=0.000 s
fftw1d_custom_soa        L=64  B=512   m=1     inner=234    min=     0.270 us/xform  median=     0.270  sd=  0.05%      7.12 GF/s  setup=0.000 s
fftw1d_custom_soa        L=64  B=512   m=1     inner=238    min=     0.276 us/xform  median=     0.276  sd=  0.07%      6.96 GF/s  setup=0.000 s
fftw1d_custom_soa        L=64  B=512   m=1     inner=210    min=     0.245 us/xform  median=     0.245  sd=  2.50%      7.84 GF/s  setup=0.000 s
fftw1d_custom_soa        L=64  B=512   m=1     inner=262    min=     0.255 us/xform  median=     0.273  sd=  1.84%      7.52 GF/s  setup=0.000 s
fftw1d_estimate          L=64  B=512   m=1     inner=352    min=     0.223 us/xform  median=     0.228  sd=  0.63%      8.60 GF/s  setup=0.001 s
fftw1d_estimate          L=64  B=512   m=1     inner=278    min=     0.192 us/xform  median=     0.192  sd=  0.27%     10.01 GF/s  setup=0.001 s
fftw1d_estimate          L=64  B=512   m=1     inner=272    min=     0.217 us/xform  median=     0.217  sd=  0.07%      8.86 GF/s  setup=0.001 s
fftw1d_estimate          L=64  B=512   m=1     inner=336    min=     0.229 us/xform  median=     0.229  sd=  0.07%      8.38 GF/s  setup=0.001 s
fftw1d_estimate          L=64  B=512   m=1     inner=266    min=     0.221 us/xform  median=     0.222  sd=  1.46%      8.67 GF/s  setup=0.001 s
fftw1d_estimate          L=64  B=512   m=1     inner=272    min=     0.222 us/xform  median=     0.223  sd=  0.23%      8.64 GF/s  setup=0.001 s
fftw1d_estimate          L=64  B=512   m=1     inner=276    min=     0.224 us/xform  median=     0.224  sd=  0.08%      8.57 GF/s  setup=0.001 s
fftw1d_estimate          L=64  B=512   m=1     inner=350    min=     0.220 us/xform  median=     0.221  sd=  0.13%      8.72 GF/s  setup=0.001 s
fftw1d_estimate          L=64  B=512   m=1     inner=250    min=     0.219 us/xform  median=     0.220  sd=  0.10%      8.75 GF/s  setup=0.001 s
fftw1d_measure           L=64  B=512   m=1     inner=932    min=     0.078 us/xform  median=     0.080  sd=  0.63%     24.46 GF/s  setup=0.028 s
fftw1d_measure           L=64  B=512   m=1     inner=874    min=     0.086 us/xform  median=     0.086  sd=  0.04%     22.30 GF/s  setup=0.030 s
fftw1d_measure           L=64  B=512   m=1     inner=940    min=     0.075 us/xform  median=     0.075  sd=  0.09%     25.61 GF/s  setup=0.027 s
fftw1d_measure           L=64  B=512   m=1     inner=870    min=     0.086 us/xform  median=     0.086  sd=  0.06%     22.44 GF/s  setup=0.029 s
fftw1d_measure           L=64  B=512   m=1     inner=852    min=     0.090 us/xform  median=     0.090  sd=  0.04%     21.23 GF/s  setup=0.029 s
fftw1d_measure           L=64  B=512   m=1     inner=948    min=     0.082 us/xform  median=     0.082  sd=  0.09%     23.51 GF/s  setup=0.029 s
fftw1d_measure           L=64  B=512   m=1     inner=846    min=     0.090 us/xform  median=     0.090  sd=  0.14%     21.27 GF/s  setup=0.029 s
fftw1d_measure           L=64  B=512   m=1     inner=856    min=     0.087 us/xform  median=     0.087  sd=  0.05%     22.00 GF/s  setup=0.030 s
fftw1d_measure           L=64  B=512   m=1     inner=932    min=     0.070 us/xform  median=     0.070  sd=  4.42%     27.32 GF/s  setup=0.030 s
fftw1d_patient           L=64  B=512   m=1     inner=924    min=     0.083 us/xform  median=     0.084  sd=  0.05%     23.02 GF/s  setup=0.240 s
fftw1d_patient           L=64  B=512   m=1     inner=856    min=     0.086 us/xform  median=     0.086  sd=  0.03%     22.34 GF/s  setup=0.253 s
fftw1d_patient           L=64  B=512   m=1     inner=762    min=     0.095 us/xform  median=     0.095  sd=  0.18%     20.28 GF/s  setup=0.243 s
fftw1d_patient           L=64  B=512   m=1     inner=908    min=     0.078 us/xform  median=     0.079  sd=  0.05%     24.46 GF/s  setup=0.241 s
fftw1d_patient           L=64  B=512   m=1     inner=1108   min=     0.065 us/xform  median=     0.065  sd=  0.04%     29.76 GF/s  setup=0.217 s
fftw1d_patient           L=64  B=512   m=1     inner=1092   min=     0.065 us/xform  median=     0.065  sd=  0.04%     29.60 GF/s  setup=0.211 s
fftw1d_patient           L=64  B=512   m=1     inner=1082   min=     0.066 us/xform  median=     0.066  sd=  0.03%     29.15 GF/s  setup=0.211 s
fftw1d_patient           L=64  B=512   m=1     inner=832    min=     0.088 us/xform  median=     0.088  sd=  0.20%     21.79 GF/s  setup=0.250 s
fftw1d_patient           L=64  B=512   m=1     inner=886    min=     0.082 us/xform  median=     0.082  sd=  0.14%     23.32 GF/s  setup=0.243 s
mkl1d_dfti               L=64  B=512   m=1     inner=1560   min=     0.045 us/xform  median=     0.045  sd=  0.07%     42.37 GF/s  setup=0.002 s
mkl1d_dfti               L=64  B=512   m=1     inner=1070   min=     0.059 us/xform  median=     0.059  sd=  3.00%     32.77 GF/s  setup=0.002 s
mkl1d_dfti               L=64  B=512   m=1     inner=1330   min=     0.057 us/xform  median=     0.058  sd=  0.07%     33.40 GF/s  setup=0.002 s
mkl1d_dfti               L=64  B=512   m=1     inner=1416   min=     0.044 us/xform  median=     0.044  sd=  0.04%     43.43 GF/s  setup=0.002 s
mkl1d_dfti               L=64  B=512   m=1     inner=1718   min=     0.045 us/xform  median=     0.045  sd=  0.07%     42.90 GF/s  setup=0.002 s
mkl1d_dfti               L=64  B=512   m=1     inner=1704   min=     0.038 us/xform  median=     0.044  sd=  6.67%     51.17 GF/s  setup=0.001 s
mkl1d_dfti               L=64  B=512   m=1     inner=1290   min=     0.048 us/xform  median=     0.054  sd=  3.77%     40.37 GF/s  setup=0.002 s
mkl1d_dfti               L=64  B=512   m=1     inner=1310   min=     0.037 us/xform  median=     0.037  sd=  0.62%     51.67 GF/s  setup=0.002 s
mkl1d_dfti               L=64  B=512   m=1     inner=1482   min=     0.042 us/xform  median=     0.043  sd=  1.25%     45.65 GF/s  setup=0.002 s
baseline_dft             L=1024 B=1     m=1     inner=16     min=  2218.113 us/xform  median=  2252.438  sd=  0.53%      0.02 GF/s  setup=0.034 s
baseline_dft             L=1024 B=1     m=1     inner=20     min=  1826.499 us/xform  median=  1828.398  sd=  0.20%      0.03 GF/s  setup=0.037 s
baseline_dft             L=1024 B=1     m=1     inner=16     min=  2216.616 us/xform  median=  2235.382  sd=  0.26%      0.02 GF/s  setup=0.038 s
baseline_dft             L=1024 B=1     m=1     inner=16     min=  2250.543 us/xform  median=  2253.279  sd=  0.17%      0.02 GF/s  setup=0.041 s
baseline_dft             L=1024 B=1     m=1     inner=16     min=  2242.762 us/xform  median=  2247.416  sd=  0.13%      0.02 GF/s  setup=0.034 s
baseline_dft             L=1024 B=1     m=1     inner=20     min=  1815.500 us/xform  median=  1817.887  sd=  0.11%      0.03 GF/s  setup=0.037 s
baseline_dft             L=1024 B=1     m=1     inner=18     min=  2216.737 us/xform  median=  2220.164  sd=  0.07%      0.02 GF/s  setup=0.037 s
baseline_dft             L=1024 B=1     m=1     inner=20     min=  1815.940 us/xform  median=  1817.489  sd=  0.05%      0.03 GF/s  setup=0.036 s
baseline_dft             L=1024 B=1     m=1     inner=18     min=  2214.918 us/xform  median=  2218.333  sd=  0.09%      0.02 GF/s  setup=0.037 s
d1_bluestein             L=1024 B=1     m=1     inner=13736  min=     2.772 us/xform  median=     2.773  sd=  0.02%     18.47 GF/s  setup=0.001 s
d1_bluestein             L=1024 B=1     m=1     inner=11754  min=     3.159 us/xform  median=     3.161  sd=  0.05%     16.21 GF/s  setup=0.001 s
d1_bluestein             L=1024 B=1     m=1     inner=12706  min=     2.544 us/xform  median=     2.546  sd=  3.71%     20.13 GF/s  setup=0.001 s
d1_bluestein             L=1024 B=1     m=1     inner=9888   min=     2.425 us/xform  median=     2.425  sd=  0.14%     21.11 GF/s  setup=0.001 s
d1_bluestein             L=1024 B=1     m=1     inner=14376  min=     2.437 us/xform  median=     2.438  sd=  0.02%     21.01 GF/s  setup=0.001 s
d1_bluestein             L=1024 B=1     m=1     inner=11952  min=     2.463 us/xform  median=     2.463  sd=  0.02%     20.79 GF/s  setup=0.001 s
d1_bluestein             L=1024 B=1     m=1     inner=14492  min=     2.425 us/xform  median=     2.425  sd=  0.02%     21.12 GF/s  setup=0.001 s
d1_bluestein             L=1024 B=1     m=1     inner=10404  min=     2.770 us/xform  median=     2.771  sd=  0.03%     18.48 GF/s  setup=0.001 s
d1_bluestein             L=1024 B=1     m=1     inner=10612  min=     2.437 us/xform  median=     2.438  sd=  0.27%     21.01 GF/s  setup=0.002 s
d1_planner               L=1024 B=1     m=1     inner=6495   min=     3.017 us/xform  median=     3.061  sd=  1.40%     16.97 GF/s  setup=0.000 s
d1_planner               L=1024 B=1     m=1     inner=6263   min=     3.080 us/xform  median=     3.116  sd=  1.31%     16.62 GF/s  setup=0.000 s
d1_planner               L=1024 B=1     m=1     inner=9828   min=     2.984 us/xform  median=     2.989  sd=  0.08%     17.16 GF/s  setup=0.000 s
d1_planner               L=1024 B=1     m=1     inner=10576  min=     2.943 us/xform  median=     2.946  sd=  0.23%     17.40 GF/s  setup=0.000 s
d1_planner               L=1024 B=1     m=1     inner=9878   min=     2.607 us/xform  median=     2.641  sd=  0.70%     19.64 GF/s  setup=0.000 s
d1_planner               L=1024 B=1     m=1     inner=10162  min=     2.624 us/xform  median=     2.641  sd=  0.39%     19.51 GF/s  setup=0.000 s
d1_planner               L=1024 B=1     m=1     inner=9890   min=     3.148 us/xform  median=     3.189  sd=  1.05%     16.27 GF/s  setup=0.000 s
d1_planner               L=1024 B=1     m=1     inner=12564  min=     3.115 us/xform  median=     3.152  sd=  0.62%     16.44 GF/s  setup=0.000 s
d1_planner               L=1024 B=1     m=1     inner=6242   min=     3.158 us/xform  median=     3.222  sd=  1.21%     16.21 GF/s  setup=0.000 s
d1_pow2                  L=1024 B=1     m=1     inner=12420  min=     1.423 us/xform  median=     1.621  sd=  6.44%     35.97 GF/s  setup=0.000 s
d1_pow2                  L=1024 B=1     m=1     inner=15954  min=     1.622 us/xform  median=     1.624  sd=  0.17%     31.57 GF/s  setup=0.000 s
d1_pow2                  L=1024 B=1     m=1     inner=16206  min=     1.631 us/xform  median=     1.633  sd=  0.07%     31.39 GF/s  setup=0.000 s
d1_pow2                  L=1024 B=1     m=1     inner=16848  min=     1.627 us/xform  median=     1.629  sd=  0.09%     31.47 GF/s  setup=0.000 s
d1_pow2                  L=1024 B=1     m=1     inner=16252  min=     1.626 us/xform  median=     1.630  sd=  0.11%     31.50 GF/s  setup=0.000 s
d1_pow2                  L=1024 B=1     m=1     inner=16124  min=     1.619 us/xform  median=     1.620  sd=  0.08%     31.62 GF/s  setup=0.000 s
d1_pow2                  L=1024 B=1     m=1     inner=16618  min=     1.621 us/xform  median=     1.623  sd=  0.09%     31.59 GF/s  setup=0.000 s
d1_pow2                  L=1024 B=1     m=1     inner=20022  min=     1.633 us/xform  median=     1.636  sd=  0.08%     31.36 GF/s  setup=0.000 s
d1_pow2                  L=1024 B=1     m=1     inner=21152  min=     1.641 us/xform  median=     1.644  sd=  0.06%     31.19 GF/s  setup=0.000 s
d1_race                  L=1024 B=1     m=1     inner=20446  min=     1.358 us/xform  median=     1.537  sd=  3.38%     37.70 GF/s  setup=0.300 s
d1_race                  L=1024 B=1     m=1     inner=19852  min=     1.596 us/xform  median=     1.597  sd=  0.05%     32.08 GF/s  setup=0.007 s
d1_race                  L=1024 B=1     m=1     inner=17240  min=     1.447 us/xform  median=     1.448  sd=  0.04%     35.39 GF/s  setup=0.006 s
d1_race                  L=1024 B=1     m=1     inner=13912  min=     1.585 us/xform  median=     1.588  sd=  0.10%     32.30 GF/s  setup=0.008 s
d1_race                  L=1024 B=1     m=1     inner=12487  min=     1.602 us/xform  median=     1.605  sd=  0.08%     31.96 GF/s  setup=0.006 s
d1_race                  L=1024 B=1     m=1     inner=19832  min=     1.594 us/xform  median=     1.597  sd=  0.07%     32.11 GF/s  setup=0.010 s
d1_race                  L=1024 B=1     m=1     inner=16492  min=     1.397 us/xform  median=     1.399  sd=  0.16%     36.65 GF/s  setup=0.006 s
d1_race                  L=1024 B=1     m=1     inner=19926  min=     1.588 us/xform  median=     1.589  sd=  0.04%     32.24 GF/s  setup=0.008 s
d1_race                  L=1024 B=1     m=1     inner=25060  min=     1.584 us/xform  median=     1.585  sd=  0.05%     32.33 GF/s  setup=0.008 s
d1_twiddle               L=1024 B=1     m=1     inner=14706  min=     1.844 us/xform  median=     1.845  sd=  0.04%     27.76 GF/s  setup=0.000 s
d1_twiddle               L=1024 B=1     m=1     inner=14896  min=     1.637 us/xform  median=     1.637  sd=  0.36%     31.28 GF/s  setup=0.000 s
d1_twiddle               L=1024 B=1     m=1     inner=12136  min=     1.620 us/xform  median=     1.621  sd=  0.18%     31.61 GF/s  setup=0.000 s
d1_twiddle               L=1024 B=1     m=1     inner=15074  min=     1.841 us/xform  median=     1.842  sd=  0.02%     27.82 GF/s  setup=0.000 s
d1_twiddle               L=1024 B=1     m=1     inner=13878  min=     1.624 us/xform  median=     1.625  sd=  0.04%     31.52 GF/s  setup=0.000 s
d1_twiddle               L=1024 B=1     m=1     inner=14792  min=     1.855 us/xform  median=     1.856  sd=  0.03%     27.60 GF/s  setup=0.000 s
d1_twiddle               L=1024 B=1     m=1     inner=18106  min=     1.616 us/xform  median=     1.618  sd=  0.05%     31.68 GF/s  setup=0.000 s
d1_twiddle               L=1024 B=1     m=1     inner=13900  min=     1.831 us/xform  median=     1.832  sd=  0.04%     27.97 GF/s  setup=0.000 s
d1_twiddle               L=1024 B=1     m=1     inner=14528  min=     1.867 us/xform  median=     1.867  sd=  0.02%     27.43 GF/s  setup=0.000 s
fftw1d_estimate          L=1024 B=1     m=1     inner=15208  min=     1.521 us/xform  median=     1.529  sd=  0.25%     33.66 GF/s  setup=0.001 s
fftw1d_estimate          L=1024 B=1     m=1     inner=15654  min=     1.517 us/xform  median=     1.528  sd=  0.31%     33.74 GF/s  setup=0.001 s
fftw1d_estimate          L=1024 B=1     m=1     inner=20018  min=     1.519 us/xform  median=     1.525  sd=  0.31%     33.72 GF/s  setup=0.001 s
fftw1d_estimate          L=1024 B=1     m=1     inner=20310  min=     1.523 us/xform  median=     1.526  sd=  0.17%     33.62 GF/s  setup=0.001 s
fftw1d_estimate          L=1024 B=1     m=1     inner=18358  min=     1.523 us/xform  median=     1.529  sd=  0.21%     33.62 GF/s  setup=0.001 s
fftw1d_estimate          L=1024 B=1     m=1     inner=16134  min=     1.520 us/xform  median=     1.527  sd=  0.19%     33.69 GF/s  setup=0.001 s
fftw1d_estimate          L=1024 B=1     m=1     inner=15706  min=     1.520 us/xform  median=     1.530  sd=  0.27%     33.69 GF/s  setup=0.001 s
fftw1d_estimate          L=1024 B=1     m=1     inner=15922  min=     1.513 us/xform  median=     1.523  sd=  0.29%     33.84 GF/s  setup=0.001 s
fftw1d_estimate          L=1024 B=1     m=1     inner=19368  min=     1.338 us/xform  median=     1.524  sd=  6.75%     38.26 GF/s  setup=0.001 s
fftw1d_measure           L=1024 B=1     m=1     inner=26414  min=     1.339 us/xform  median=     1.340  sd=  0.05%     38.24 GF/s  setup=0.117 s
fftw1d_measure           L=1024 B=1     m=1     inner=26196  min=     1.333 us/xform  median=     1.336  sd=  0.12%     38.40 GF/s  setup=0.118 s
fftw1d_measure           L=1024 B=1     m=1     inner=28584  min=     1.306 us/xform  median=     1.309  sd=  0.09%     39.22 GF/s  setup=0.117 s
fftw1d_measure           L=1024 B=1     m=1     inner=27320  min=     1.310 us/xform  median=     1.314  sd=  0.17%     39.09 GF/s  setup=0.117 s
fftw1d_measure           L=1024 B=1     m=1     inner=28348  min=     1.173 us/xform  median=     1.175  sd=  6.23%     43.66 GF/s  setup=0.117 s
fftw1d_measure           L=1024 B=1     m=1     inner=26060  min=     1.328 us/xform  median=     1.330  sd=  0.07%     38.55 GF/s  setup=0.117 s
fftw1d_measure           L=1024 B=1     m=1     inner=32364  min=     1.158 us/xform  median=     1.159  sd=  0.10%     44.21 GF/s  setup=0.116 s
fftw1d_measure           L=1024 B=1     m=1     inner=28566  min=     1.309 us/xform  median=     1.310  sd=  0.08%     39.12 GF/s  setup=0.117 s
fftw1d_measure           L=1024 B=1     m=1     inner=26284  min=     1.170 us/xform  median=     1.172  sd=  6.47%     43.76 GF/s  setup=0.117 s
fftw1d_patient           L=1024 B=1     m=1     inner=32364  min=     1.155 us/xform  median=     1.156  sd=  0.05%     44.33 GF/s  setup=0.792 s
fftw1d_patient           L=1024 B=1     m=1     inner=31054  min=     1.165 us/xform  median=     1.167  sd=  0.12%     43.96 GF/s  setup=0.793 s
fftw1d_patient           L=1024 B=1     m=1     inner=32074  min=     1.151 us/xform  median=     1.154  sd=  0.23%     44.46 GF/s  setup=0.793 s
fftw1d_patient           L=1024 B=1     m=1     inner=31568  min=     1.177 us/xform  median=     1.178  sd=  0.07%     43.52 GF/s  setup=0.791 s
fftw1d_patient           L=1024 B=1     m=1     inner=26438  min=     1.352 us/xform  median=     1.354  sd=  0.06%     37.86 GF/s  setup=0.814 s
fftw1d_patient           L=1024 B=1     m=1     inner=25160  min=     1.233 us/xform  median=     1.376  sd=  3.01%     41.51 GF/s  setup=0.813 s
fftw1d_patient           L=1024 B=1     m=1     inner=32004  min=     1.168 us/xform  median=     1.169  sd=  0.07%     43.83 GF/s  setup=0.793 s
fftw1d_patient           L=1024 B=1     m=1     inner=31896  min=     1.164 us/xform  median=     1.166  sd=  0.08%     43.97 GF/s  setup=0.790 s
fftw1d_patient           L=1024 B=1     m=1     inner=26260  min=     1.283 us/xform  median=     1.311  sd=  0.60%     39.90 GF/s  setup=0.815 s
mkl1d_dfti               L=1024 B=1     m=1     inner=23980  min=     1.230 us/xform  median=     1.230  sd=  0.03%     41.62 GF/s  setup=0.002 s
mkl1d_dfti               L=1024 B=1     m=1     inner=23418  min=     1.084 us/xform  median=     1.084  sd=  0.02%     47.23 GF/s  setup=0.002 s
mkl1d_dfti               L=1024 B=1     m=1     inner=20364  min=     1.080 us/xform  median=     1.081  sd=  0.04%     47.40 GF/s  setup=0.001 s
mkl1d_dfti               L=1024 B=1     m=1     inner=27736  min=     1.083 us/xform  median=     1.083  sd=  0.03%     47.28 GF/s  setup=0.001 s
mkl1d_dfti               L=1024 B=1     m=1     inner=28052  min=     1.078 us/xform  median=     1.078  sd=  0.02%     47.50 GF/s  setup=0.001 s
mkl1d_dfti               L=1024 B=1     m=1     inner=19896  min=     1.081 us/xform  median=     1.082  sd=  0.04%     47.35 GF/s  setup=0.001 s
mkl1d_dfti               L=1024 B=1     m=1     inner=19842  min=     1.090 us/xform  median=     1.090  sd=  0.02%     46.98 GF/s  setup=0.001 s
mkl1d_dfti               L=1024 B=1     m=1     inner=27530  min=     1.080 us/xform  median=     1.081  sd=  0.03%     47.40 GF/s  setup=0.001 s
mkl1d_dfti               L=1024 B=1     m=1     inner=27970  min=     1.083 us/xform  median=     1.083  sd=  0.02%     47.29 GF/s  setup=0.001 s
baseline_dft             L=128 B=1     m=1     inner=1176   min=    33.934 us/xform  median=    33.934  sd=  0.01%      0.13 GF/s  setup=0.001 s
baseline_dft             L=128 B=1     m=1     inner=1174   min=    33.933 us/xform  median=    33.935  sd=  0.00%      0.13 GF/s  setup=0.001 s
baseline_dft             L=128 B=1     m=1     inner=932    min=    33.933 us/xform  median=    33.935  sd=  0.01%      0.13 GF/s  setup=0.001 s
baseline_dft             L=128 B=1     m=1     inner=1176   min=    33.934 us/xform  median=    33.935  sd=  0.00%      0.13 GF/s  setup=0.001 s
baseline_dft             L=128 B=1     m=1     inner=932    min=    33.930 us/xform  median=    33.933  sd=  0.02%      0.13 GF/s  setup=0.001 s
baseline_dft             L=128 B=1     m=1     inner=930    min=    33.933 us/xform  median=    33.935  sd=  0.01%      0.13 GF/s  setup=0.001 s
baseline_dft             L=128 B=1     m=1     inner=892    min=    28.115 us/xform  median=    28.117  sd=  0.01%      0.16 GF/s  setup=0.001 s
baseline_dft             L=128 B=1     m=1     inner=930    min=    33.934 us/xform  median=    33.935  sd=  0.01%      0.13 GF/s  setup=0.001 s
baseline_dft             L=128 B=1     m=1     inner=932    min=    33.935 us/xform  median=    33.944  sd=  0.02%      0.13 GF/s  setup=0.001 s
d1_batchlane             L=128 B=1     m=1     inner=354602 min=     0.112 us/xform  median=     0.112  sd=  0.14%     40.00 GF/s  setup=0.000 s
d1_batchlane             L=128 B=1     m=1     inner=353978 min=     0.099 us/xform  median=     0.112  sd=  4.83%     45.46 GF/s  setup=0.000 s
d1_batchlane             L=128 B=1     m=1     inner=403550 min=     0.098 us/xform  median=     0.098  sd=  0.12%     45.61 GF/s  setup=0.000 s
d1_batchlane             L=128 B=1     m=1     inner=396122 min=     0.098 us/xform  median=     0.099  sd=  0.12%     45.51 GF/s  setup=0.000 s
d1_batchlane             L=128 B=1     m=1     inner=280666 min=     0.098 us/xform  median=     0.099  sd=  0.12%     45.49 GF/s  setup=0.000 s
d1_batchlane             L=128 B=1     m=1     inner=393736 min=     0.098 us/xform  median=     0.099  sd=  0.14%     45.52 GF/s  setup=0.000 s
d1_batchlane             L=128 B=1     m=1     inner=390228 min=     0.099 us/xform  median=     0.099  sd=  0.14%     45.39 GF/s  setup=0.000 s
d1_batchlane             L=128 B=1     m=1     inner=387710 min=     0.098 us/xform  median=     0.099  sd=  0.09%     45.49 GF/s  setup=0.000 s
d1_batchlane             L=128 B=1     m=1     inner=390310 min=     0.098 us/xform  median=     0.098  sd=  0.07%     45.66 GF/s  setup=0.000 s
d1_bluestein             L=128 B=1     m=1     inner=124444 min=     0.320 us/xform  median=     0.320  sd=  0.07%     14.02 GF/s  setup=0.001 s
d1_bluestein             L=128 B=1     m=1     inner=94632  min=     0.295 us/xform  median=     0.295  sd=  0.03%     15.18 GF/s  setup=0.001 s
d1_bluestein             L=128 B=1     m=1     inner=93224  min=     0.299 us/xform  median=     0.299  sd=  0.04%     15.01 GF/s  setup=0.001 s
d1_bluestein             L=128 B=1     m=1     inner=66323  min=     0.300 us/xform  median=     0.300  sd=  0.38%     14.93 GF/s  setup=0.000 s
d1_bluestein             L=128 B=1     m=1     inner=90866  min=     0.341 us/xform  median=     0.342  sd=  0.04%     13.13 GF/s  setup=0.001 s
d1_bluestein             L=128 B=1     m=1     inner=64538  min=     0.309 us/xform  median=     0.309  sd=  0.07%     14.50 GF/s  setup=0.001 s
d1_bluestein             L=128 B=1     m=1     inner=103076 min=     0.309 us/xform  median=     0.309  sd=  0.06%     14.51 GF/s  setup=0.001 s
d1_bluestein             L=128 B=1     m=1     inner=98000  min=     0.336 us/xform  median=     0.336  sd=  0.06%     13.34 GF/s  setup=0.001 s
d1_bluestein             L=128 B=1     m=1     inner=126100 min=     0.315 us/xform  median=     0.316  sd=  0.06%     14.21 GF/s  setup=0.001 s
d1_planner               L=128 B=1     m=1     inner=112352 min=     0.289 us/xform  median=     0.289  sd=  0.02%     15.52 GF/s  setup=0.000 s
d1_planner               L=128 B=1     m=1     inner=101322 min=     0.254 us/xform  median=     0.254  sd=  0.03%     17.67 GF/s  setup=0.000 s
d1_planner               L=128 B=1     m=1     inner=107758 min=     0.289 us/xform  median=     0.290  sd=  0.02%     15.48 GF/s  setup=0.000 s
d1_planner               L=128 B=1     m=1     inner=108494 min=     0.254 us/xform  median=     0.254  sd=  0.01%     17.66 GF/s  setup=0.000 s
d1_planner               L=128 B=1     m=1     inner=157182 min=     0.252 us/xform  median=     0.254  sd=  0.65%     17.75 GF/s  setup=0.000 s
d1_planner               L=128 B=1     m=1     inner=67004  min=     0.254 us/xform  median=     0.254  sd=  0.69%     17.63 GF/s  setup=0.000 s
d1_planner               L=128 B=1     m=1     inner=103880 min=     0.300 us/xform  median=     0.300  sd=  0.06%     14.93 GF/s  setup=0.000 s
d1_planner               L=128 B=1     m=1     inner=110388 min=     0.291 us/xform  median=     0.291  sd=  0.06%     15.42 GF/s  setup=0.000 s
d1_planner               L=128 B=1     m=1     inner=69094  min=     0.289 us/xform  median=     0.289  sd=  0.01%     15.51 GF/s  setup=0.000 s
d1_pow2                  L=128 B=1     m=1     inner=343838 min=     0.115 us/xform  median=     0.116  sd=  0.14%     38.82 GF/s  setup=0.000 s
d1_pow2                  L=128 B=1     m=1     inner=261316 min=     0.117 us/xform  median=     0.117  sd=  0.11%     38.38 GF/s  setup=0.000 s
d1_pow2                  L=128 B=1     m=1     inner=170834 min=     0.117 us/xform  median=     0.117  sd=  0.21%     38.44 GF/s  setup=0.000 s
d1_pow2                  L=128 B=1     m=1     inner=339068 min=     0.117 us/xform  median=     0.117  sd=  0.08%     38.36 GF/s  setup=0.000 s
d1_pow2                  L=128 B=1     m=1     inner=343212 min=     0.102 us/xform  median=     0.102  sd=  0.13%     43.99 GF/s  setup=0.000 s
d1_pow2                  L=128 B=1     m=1     inner=240582 min=     0.103 us/xform  median=     0.103  sd=  0.15%     43.42 GF/s  setup=0.000 s
d1_pow2                  L=128 B=1     m=1     inner=252014 min=     0.120 us/xform  median=     0.121  sd=  0.16%     37.33 GF/s  setup=0.000 s
d1_pow2                  L=128 B=1     m=1     inner=239046 min=     0.116 us/xform  median=     0.116  sd=  0.07%     38.49 GF/s  setup=0.000 s
d1_pow2                  L=128 B=1     m=1     inner=253428 min=     0.121 us/xform  median=     0.121  sd=  0.05%     37.14 GF/s  setup=0.000 s
d1_race                  L=128 B=1     m=1     inner=353272 min=     0.112 us/xform  median=     0.113  sd=  0.09%     39.83 GF/s  setup=0.068 s
d1_race                  L=128 B=1     m=1     inner=280558 min=     0.099 us/xform  median=     0.099  sd=  0.15%     45.44 GF/s  setup=0.006 s
d1_race                  L=128 B=1     m=1     inner=400488 min=     0.099 us/xform  median=     0.099  sd=  0.15%     45.41 GF/s  setup=0.004 s
d1_race                  L=128 B=1     m=1     inner=194683 min=     0.099 us/xform  median=     0.099  sd=  0.95%     45.43 GF/s  setup=0.004 s
d1_race                  L=128 B=1     m=1     inner=269738 min=     0.112 us/xform  median=     0.112  sd=  0.18%     39.94 GF/s  setup=0.005 s
d1_race                  L=128 B=1     m=1     inner=275504 min=     0.100 us/xform  median=     0.101  sd=  0.16%     44.64 GF/s  setup=0.006 s
d1_race                  L=128 B=1     m=1     inner=380298 min=     0.101 us/xform  median=     0.101  sd=  0.13%     44.46 GF/s  setup=0.004 s
d1_race                  L=128 B=1     m=1     inner=388668 min=     0.098 us/xform  median=     0.099  sd=  0.13%     45.49 GF/s  setup=0.004 s
d1_race                  L=128 B=1     m=1     inner=395656 min=     0.099 us/xform  median=     0.099  sd=  0.10%     45.43 GF/s  setup=0.003 s
d1_twiddle               L=128 B=1     m=1     inner=300370 min=     0.131 us/xform  median=     0.131  sd=  0.05%     34.20 GF/s  setup=0.000 s
d1_twiddle               L=128 B=1     m=1     inner=311034 min=     0.128 us/xform  median=     0.128  sd=  2.16%     35.07 GF/s  setup=0.000 s
d1_twiddle               L=128 B=1     m=1     inner=307714 min=     0.130 us/xform  median=     0.130  sd=  0.03%     34.57 GF/s  setup=0.000 s
d1_twiddle               L=128 B=1     m=1     inner=247660 min=     0.112 us/xform  median=     0.112  sd=  0.03%     39.93 GF/s  setup=0.000 s
d1_twiddle               L=128 B=1     m=1     inner=241130 min=     0.129 us/xform  median=     0.129  sd=  0.02%     34.78 GF/s  setup=0.000 s
d1_twiddle               L=128 B=1     m=1     inner=231856 min=     0.131 us/xform  median=     0.133  sd=  0.72%     34.27 GF/s  setup=0.000 s
d1_twiddle               L=128 B=1     m=1     inner=245456 min=     0.129 us/xform  median=     0.129  sd=  0.02%     34.78 GF/s  setup=0.000 s
d1_twiddle               L=128 B=1     m=1     inner=310278 min=     0.129 us/xform  median=     0.129  sd=  0.04%     34.81 GF/s  setup=0.000 s
d1_twiddle               L=128 B=1     m=1     inner=310632 min=     0.113 us/xform  median=     0.128  sd=  3.91%     39.73 GF/s  setup=0.000 s
fftw1d_custom            L=128 B=1     m=1     inner=42502  min=     0.772 us/xform  median=     0.772  sd=  0.05%      5.80 GF/s  setup=0.000 s
fftw1d_custom            L=128 B=1     m=1     inner=35524  min=     0.772 us/xform  median=     0.772  sd=  0.02%      5.80 GF/s  setup=0.000 s
fftw1d_custom            L=128 B=1     m=1     inner=35364  min=     0.640 us/xform  median=     0.640  sd=  0.30%      7.00 GF/s  setup=0.000 s
fftw1d_custom            L=128 B=1     m=1     inner=56548  min=     0.640 us/xform  median=     0.640  sd=  0.01%      7.00 GF/s  setup=0.000 s
fftw1d_custom            L=128 B=1     m=1     inner=55028  min=     0.640 us/xform  median=     0.640  sd=  0.03%      7.01 GF/s  setup=0.000 s
fftw1d_custom            L=128 B=1     m=1     inner=55850  min=     0.640 us/xform  median=     0.640  sd=  0.01%      7.00 GF/s  setup=0.000 s
fftw1d_custom            L=128 B=1     m=1     inner=35612  min=     0.772 us/xform  median=     0.772  sd=  0.03%      5.80 GF/s  setup=0.000 s
fftw1d_custom            L=128 B=1     m=1     inner=35290  min=     0.772 us/xform  median=     0.772  sd=  3.04%      5.80 GF/s  setup=0.000 s
fftw1d_custom            L=128 B=1     m=1     inner=47352  min=     0.640 us/xform  median=     0.640  sd=  8.83%      7.00 GF/s  setup=0.000 s
fftw1d_estimate          L=128 B=1     m=1     inner=245890 min=     0.149 us/xform  median=     0.150  sd=  0.51%     30.08 GF/s  setup=0.001 s
fftw1d_estimate          L=128 B=1     m=1     inner=180100 min=     0.171 us/xform  median=     0.172  sd=  0.18%     26.13 GF/s  setup=0.001 s
fftw1d_estimate          L=128 B=1     m=1     inner=227716 min=     0.174 us/xform  median=     0.174  sd=  0.11%     25.75 GF/s  setup=0.001 s
fftw1d_estimate          L=128 B=1     m=1     inner=176482 min=     0.153 us/xform  median=     0.153  sd=  0.27%     29.37 GF/s  setup=0.001 s
fftw1d_estimate          L=128 B=1     m=1     inner=176190 min=     0.153 us/xform  median=     0.153  sd=  0.23%     29.37 GF/s  setup=0.001 s
fftw1d_estimate          L=128 B=1     m=1     inner=174886 min=     0.174 us/xform  median=     0.175  sd=  0.27%     25.80 GF/s  setup=0.001 s
fftw1d_estimate          L=128 B=1     m=1     inner=173208 min=     0.172 us/xform  median=     0.174  sd=  0.30%     25.98 GF/s  setup=0.001 s
fftw1d_estimate          L=128 B=1     m=1     inner=185100 min=     0.171 us/xform  median=     0.172  sd=  0.30%     26.26 GF/s  setup=0.001 s
fftw1d_estimate          L=128 B=1     m=1     inner=187242 min=     0.150 us/xform  median=     0.171  sd=  6.17%     29.82 GF/s  setup=0.001 s
fftw1d_measure           L=128 B=1     m=1     inner=354614 min=     0.105 us/xform  median=     0.105  sd=  0.49%     42.58 GF/s  setup=0.040 s
fftw1d_measure           L=128 B=1     m=1     inner=327874 min=     0.121 us/xform  median=     0.121  sd=  0.06%     36.92 GF/s  setup=0.040 s
fftw1d_measure           L=128 B=1     m=1     inner=313076 min=     0.127 us/xform  median=     0.127  sd=  0.04%     35.23 GF/s  setup=0.041 s
fftw1d_measure           L=128 B=1     m=1     inner=326958 min=     0.122 us/xform  median=     0.122  sd=  0.06%     36.76 GF/s  setup=0.040 s
fftw1d_measure           L=128 B=1     m=1     inner=297528 min=     0.134 us/xform  median=     0.134  sd=  0.07%     33.47 GF/s  setup=0.040 s
fftw1d_measure           L=128 B=1     m=1     inner=324012 min=     0.123 us/xform  median=     0.123  sd=  0.05%     36.44 GF/s  setup=0.040 s
fftw1d_measure           L=128 B=1     m=1     inner=322994 min=     0.123 us/xform  median=     0.123  sd=  0.07%     36.38 GF/s  setup=0.039 s
fftw1d_measure           L=128 B=1     m=1     inner=344440 min=     0.115 us/xform  median=     0.115  sd=  0.15%     38.91 GF/s  setup=0.040 s
fftw1d_measure           L=128 B=1     m=1     inner=310024 min=     0.128 us/xform  median=     0.129  sd=  0.14%     34.88 GF/s  setup=0.040 s
fftw1d_patient           L=128 B=1     m=1     inner=322882 min=     0.123 us/xform  median=     0.123  sd=  0.03%     36.31 GF/s  setup=0.136 s
fftw1d_patient           L=128 B=1     m=1     inner=332000 min=     0.120 us/xform  median=     0.120  sd=  0.04%     37.39 GF/s  setup=0.138 s
fftw1d_patient           L=128 B=1     m=1     inner=337862 min=     0.118 us/xform  median=     0.118  sd=  0.04%     37.99 GF/s  setup=0.136 s
fftw1d_patient           L=128 B=1     m=1     inner=333594 min=     0.119 us/xform  median=     0.119  sd=  0.03%     37.53 GF/s  setup=0.137 s
fftw1d_patient           L=128 B=1     m=1     inner=324974 min=     0.123 us/xform  median=     0.123  sd=  0.05%     36.46 GF/s  setup=0.137 s
fftw1d_patient           L=128 B=1     m=1     inner=339930 min=     0.117 us/xform  median=     0.117  sd=  0.10%     38.33 GF/s  setup=0.137 s
fftw1d_patient           L=128 B=1     m=1     inner=334486 min=     0.119 us/xform  median=     0.119  sd=  0.06%     37.57 GF/s  setup=0.136 s
fftw1d_patient           L=128 B=1     m=1     inner=344090 min=     0.115 us/xform  median=     0.115  sd=  0.07%     38.87 GF/s  setup=0.137 s
fftw1d_patient           L=128 B=1     m=1     inner=332112 min=     0.120 us/xform  median=     0.120  sd=  0.04%     37.45 GF/s  setup=0.137 s
mkl1d_dfti               L=128 B=1     m=1     inner=312282 min=     0.104 us/xform  median=     0.105  sd=  0.37%     43.18 GF/s  setup=0.003 s
mkl1d_dfti               L=128 B=1     m=1     inner=313800 min=     0.104 us/xform  median=     0.105  sd=  0.48%     43.16 GF/s  setup=0.002 s
mkl1d_dfti               L=128 B=1     m=1     inner=312918 min=     0.104 us/xform  median=     0.105  sd=  0.29%     42.97 GF/s  setup=0.002 s
mkl1d_dfti               L=128 B=1     m=1     inner=310770 min=     0.105 us/xform  median=     0.106  sd=  0.26%     42.57 GF/s  setup=0.002 s
mkl1d_dfti               L=128 B=1     m=1     inner=295454 min=     0.107 us/xform  median=     0.107  sd=  0.16%     41.90 GF/s  setup=0.002 s
mkl1d_dfti               L=128 B=1     m=1     inner=310746 min=     0.104 us/xform  median=     0.105  sd=  0.30%     43.03 GF/s  setup=0.002 s
mkl1d_dfti               L=128 B=1     m=1     inner=370172 min=     0.107 us/xform  median=     0.107  sd=  0.09%     41.77 GF/s  setup=0.001 s
mkl1d_dfti               L=128 B=1     m=1     inner=317338 min=     0.104 us/xform  median=     0.105  sd=  0.40%     43.02 GF/s  setup=0.002 s
mkl1d_dfti               L=128 B=1     m=1     inner=306280 min=     0.104 us/xform  median=     0.105  sd=  0.33%     42.87 GF/s  setup=0.002 s
baseline_dft             L=31  B=1     m=1     inner=18012  min=     1.998 us/xform  median=     1.998  sd=  0.02%      0.38 GF/s  setup=0.000 s
baseline_dft             L=31  B=1     m=1     inner=14716  min=     1.998 us/xform  median=     1.998  sd=  0.03%      0.38 GF/s  setup=0.000 s
baseline_dft             L=31  B=1     m=1     inner=15076  min=     1.998 us/xform  median=     1.999  sd=  0.03%      0.38 GF/s  setup=0.000 s
baseline_dft             L=31  B=1     m=1     inner=14710  min=     1.998 us/xform  median=     1.998  sd=  0.02%      0.38 GF/s  setup=0.000 s
baseline_dft             L=31  B=1     m=1     inner=15024  min=     1.998 us/xform  median=     1.998  sd=  0.02%      0.38 GF/s  setup=0.000 s
baseline_dft             L=31  B=1     m=1     inner=14672  min=     1.999 us/xform  median=     1.999  sd=  0.02%      0.38 GF/s  setup=0.000 s
baseline_dft             L=31  B=1     m=1     inner=15306  min=     1.998 us/xform  median=     1.998  sd=  0.02%      0.38 GF/s  setup=0.000 s
baseline_dft             L=31  B=1     m=1     inner=19276  min=     1.998 us/xform  median=     1.998  sd=  0.02%      0.38 GF/s  setup=0.000 s
baseline_dft             L=31  B=1     m=1     inner=18966  min=     1.998 us/xform  median=     1.998  sd=  0.01%      0.38 GF/s  setup=0.000 s
d1_batchlane             L=31  B=1     m=1     inner=539984 min=     0.074 us/xform  median=     0.074  sd=  0.08%     10.38 GF/s  setup=0.000 s
d1_batchlane             L=31  B=1     m=1     inner=442666 min=     0.069 us/xform  median=     0.069  sd=  0.34%     11.19 GF/s  setup=0.000 s
d1_batchlane             L=31  B=1     m=1     inner=433422 min=     0.073 us/xform  median=     0.073  sd=  0.17%     10.52 GF/s  setup=0.000 s
d1_batchlane             L=31  B=1     m=1     inner=412886 min=     0.078 us/xform  median=     0.078  sd=  0.09%      9.81 GF/s  setup=0.000 s
d1_batchlane             L=31  B=1     m=1     inner=460132 min=     0.068 us/xform  median=     0.068  sd=  0.30%     11.36 GF/s  setup=0.000 s
d1_batchlane             L=31  B=1     m=1     inner=473336 min=     0.066 us/xform  median=     0.067  sd=  0.82%     11.55 GF/s  setup=0.000 s
d1_batchlane             L=31  B=1     m=1     inner=407664 min=     0.078 us/xform  median=     0.078  sd=  0.07%      9.81 GF/s  setup=0.000 s
d1_batchlane             L=31  B=1     m=1     inner=426916 min=     0.076 us/xform  median=     0.077  sd=  0.14%     10.04 GF/s  setup=0.000 s
d1_batchlane             L=31  B=1     m=1     inner=459682 min=     0.066 us/xform  median=     0.067  sd=  0.66%     11.55 GF/s  setup=0.000 s
d1_bluestein             L=31  B=1     m=1     inner=129296 min=     0.307 us/xform  median=     0.307  sd=  0.05%      2.50 GF/s  setup=0.002 s
d1_bluestein             L=31  B=1     m=1     inner=101940 min=     0.308 us/xform  median=     0.318  sd=  1.69%      2.50 GF/s  setup=0.002 s
d1_bluestein             L=31  B=1     m=1     inner=102910 min=     0.306 us/xform  median=     0.307  sd=  0.05%      2.51 GF/s  setup=0.001 s
d1_bluestein             L=31  B=1     m=1     inner=103238 min=     0.306 us/xform  median=     0.306  sd=  0.07%      2.51 GF/s  setup=0.002 s
d1_bluestein             L=31  B=1     m=1     inner=102150 min=     0.312 us/xform  median=     0.312  sd=  0.08%      2.46 GF/s  setup=0.001 s
d1_bluestein             L=31  B=1     m=1     inner=122964 min=     0.323 us/xform  median=     0.324  sd=  0.02%      2.37 GF/s  setup=0.001 s
d1_bluestein             L=31  B=1     m=1     inner=103206 min=     0.306 us/xform  median=     0.307  sd=  0.06%      2.51 GF/s  setup=0.002 s
d1_bluestein             L=31  B=1     m=1     inner=94694  min=     0.338 us/xform  median=     0.338  sd=  0.03%      2.27 GF/s  setup=0.002 s
d1_bluestein             L=31  B=1     m=1     inner=93820  min=     0.348 us/xform  median=     0.348  sd=  0.05%      2.21 GF/s  setup=0.002 s
d1_planner               L=31  B=1     m=1     inner=63196  min=     0.316 us/xform  median=     0.316  sd=  0.09%      2.43 GF/s  setup=0.000 s
d1_planner               L=31  B=1     m=1     inner=100546 min=     0.315 us/xform  median=     0.315  sd=  0.20%      2.44 GF/s  setup=0.000 s
d1_planner               L=31  B=1     m=1     inner=101958 min=     0.316 us/xform  median=     0.316  sd=  0.10%      2.43 GF/s  setup=0.000 s
d1_planner               L=31  B=1     m=1     inner=62038  min=     0.322 us/xform  median=     0.323  sd=  0.20%      2.39 GF/s  setup=0.000 s
d1_planner               L=31  B=1     m=1     inner=114226 min=     0.314 us/xform  median=     0.314  sd=  0.13%      2.45 GF/s  setup=0.000 s
d1_planner               L=31  B=1     m=1     inner=98554  min=     0.321 us/xform  median=     0.322  sd=  0.13%      2.39 GF/s  setup=0.000 s
d1_planner               L=31  B=1     m=1     inner=50453  min=     0.314 us/xform  median=     0.314  sd=  0.24%      2.45 GF/s  setup=0.000 s
d1_planner               L=31  B=1     m=1     inner=82594  min=     0.316 us/xform  median=     0.317  sd=  0.27%      2.43 GF/s  setup=0.000 s
d1_planner               L=31  B=1     m=1     inner=108048 min=     0.276 us/xform  median=     0.295  sd=  6.54%      2.78 GF/s  setup=0.000 s
d1_prime                 L=31  B=1     m=1     inner=751728 min=     0.053 us/xform  median=     0.053  sd=  0.03%     14.50 GF/s  setup=0.000 s
d1_prime                 L=31  B=1     m=1     inner=595758 min=     0.053 us/xform  median=     0.053  sd=  0.01%     14.49 GF/s  setup=0.000 s
d1_prime                 L=31  B=1     m=1     inner=584808 min=     0.054 us/xform  median=     0.054  sd=  0.03%     14.28 GF/s  setup=0.000 s
d1_prime                 L=31  B=1     m=1     inner=730422 min=     0.048 us/xform  median=     0.055  sd=  6.49%     16.02 GF/s  setup=0.000 s
d1_prime                 L=31  B=1     m=1     inner=574880 min=     0.054 us/xform  median=     0.054  sd=  0.01%     14.18 GF/s  setup=0.000 s
d1_prime                 L=31  B=1     m=1     inner=608866 min=     0.046 us/xform  median=     0.046  sd=  0.02%     16.59 GF/s  setup=0.000 s
d1_prime                 L=31  B=1     m=1     inner=811374 min=     0.048 us/xform  median=     0.048  sd=  0.01%     16.05 GF/s  setup=0.000 s
d1_prime                 L=31  B=1     m=1     inner=569600 min=     0.054 us/xform  median=     0.054  sd=  0.01%     14.19 GF/s  setup=0.000 s
d1_prime                 L=31  B=1     m=1     inner=750936 min=     0.053 us/xform  median=     0.053  sd=  0.02%     14.50 GF/s  setup=0.000 s
d1_race                  L=31  B=1     m=1     inner=698258 min=     0.057 us/xform  median=     0.057  sd=  0.01%     13.57 GF/s  setup=0.070 s
d1_race                  L=31  B=1     m=1     inner=565154 min=     0.047 us/xform  median=     0.047  sd=  0.03%     16.37 GF/s  setup=0.007 s
d1_race                  L=31  B=1     m=1     inner=565880 min=     0.053 us/xform  median=     0.053  sd=  0.02%     14.39 GF/s  setup=0.008 s
d1_race                  L=31  B=1     m=1     inner=557118 min=     0.050 us/xform  median=     0.050  sd=  0.01%     15.42 GF/s  setup=0.007 s
d1_race                  L=31  B=1     m=1     inner=527716 min=     0.057 us/xform  median=     0.057  sd=  0.04%     13.40 GF/s  setup=0.009 s
d1_race                  L=31  B=1     m=1     inner=721900 min=     0.055 us/xform  median=     0.055  sd=  0.00%     13.91 GF/s  setup=0.007 s
d1_race                  L=31  B=1     m=1     inner=573132 min=     0.048 us/xform  median=     0.048  sd=  0.04%     15.93 GF/s  setup=0.006 s
d1_race                  L=31  B=1     m=1     inner=810368 min=     0.048 us/xform  median=     0.048  sd=  0.02%     16.10 GF/s  setup=0.004 s
d1_race                  L=31  B=1     m=1     inner=807474 min=     0.048 us/xform  median=     0.048  sd=  0.01%     16.07 GF/s  setup=0.004 s
d1_rader                 L=31  B=1     m=1     inner=115300 min=     0.211 us/xform  median=     0.211  sd=  0.12%      3.63 GF/s  setup=0.000 s
d1_rader                 L=31  B=1     m=1     inner=156464 min=     0.175 us/xform  median=     0.175  sd=  0.12%      4.38 GF/s  setup=0.000 s
d1_rader                 L=31  B=1     m=1     inner=100938 min=     0.212 us/xform  median=     0.212  sd=  0.04%      3.63 GF/s  setup=0.000 s
d1_rader                 L=31  B=1     m=1     inner=89292  min=     0.175 us/xform  median=     0.175  sd=  3.14%      4.39 GF/s  setup=0.000 s
d1_rader                 L=31  B=1     m=1     inner=162224 min=     0.211 us/xform  median=     0.211  sd=  0.03%      3.63 GF/s  setup=0.000 s
d1_rader                 L=31  B=1     m=1     inner=103120 min=     0.177 us/xform  median=     0.177  sd=  1.39%      4.35 GF/s  setup=0.000 s
d1_rader                 L=31  B=1     m=1     inner=92964  min=     0.212 us/xform  median=     0.212  sd=  0.14%      3.63 GF/s  setup=0.000 s
d1_rader                 L=31  B=1     m=1     inner=103618 min=     0.176 us/xform  median=     0.176  sd=  1.28%      4.37 GF/s  setup=0.000 s
d1_rader                 L=31  B=1     m=1     inner=148358 min=     0.175 us/xform  median=     0.175  sd=  0.10%      4.39 GF/s  setup=0.000 s
fftw1d_custom            L=31  B=1     m=1     inner=98282  min=     0.215 us/xform  median=     0.216  sd=  0.28%      3.58 GF/s  setup=0.000 s
fftw1d_custom            L=31  B=1     m=1     inner=95656  min=     0.180 us/xform  median=     0.181  sd=  1.87%      4.27 GF/s  setup=0.000 s
fftw1d_custom            L=31  B=1     m=1     inner=115922 min=     0.178 us/xform  median=     0.179  sd=  0.82%      4.32 GF/s  setup=0.000 s
fftw1d_custom            L=31  B=1     m=1     inner=131746 min=     0.179 us/xform  median=     0.180  sd=  0.30%      4.30 GF/s  setup=0.000 s
fftw1d_custom            L=31  B=1     m=1     inner=139446 min=     0.179 us/xform  median=     0.179  sd=  0.25%      4.30 GF/s  setup=0.000 s
fftw1d_custom            L=31  B=1     m=1     inner=138328 min=     0.215 us/xform  median=     0.216  sd=  0.16%      3.57 GF/s  setup=0.000 s
fftw1d_custom            L=31  B=1     m=1     inner=149910 min=     0.178 us/xform  median=     0.179  sd=  0.31%      4.32 GF/s  setup=0.000 s
fftw1d_custom            L=31  B=1     m=1     inner=152574 min=     0.179 us/xform  median=     0.180  sd=  0.24%      4.28 GF/s  setup=0.000 s
fftw1d_custom            L=31  B=1     m=1     inner=95232  min=     0.215 us/xform  median=     0.216  sd=  0.27%      3.58 GF/s  setup=0.000 s
fftw1d_estimate          L=31  B=1     m=1     inner=68120  min=     0.315 us/xform  median=     0.316  sd=  0.14%      2.44 GF/s  setup=0.001 s
fftw1d_estimate          L=31  B=1     m=1     inner=61444  min=     0.314 us/xform  median=     0.315  sd=  0.11%      2.45 GF/s  setup=0.001 s
fftw1d_estimate          L=31  B=1     m=1     inner=80504  min=     0.314 us/xform  median=     0.315  sd=  0.12%      2.45 GF/s  setup=0.001 s
fftw1d_estimate          L=31  B=1     m=1     inner=79316  min=     0.330 us/xform  median=     0.331  sd=  0.13%      2.33 GF/s  setup=0.001 s
fftw1d_estimate          L=31  B=1     m=1     inner=78160  min=     0.313 us/xform  median=     0.315  sd=  0.16%      2.45 GF/s  setup=0.001 s
fftw1d_estimate          L=31  B=1     m=1     inner=99998  min=     0.314 us/xform  median=     0.315  sd=  0.13%      2.44 GF/s  setup=0.001 s
fftw1d_estimate          L=31  B=1     m=1     inner=71226  min=     0.314 us/xform  median=     0.314  sd=  0.12%      2.45 GF/s  setup=0.001 s
fftw1d_estimate          L=31  B=1     m=1     inner=105526 min=     0.313 us/xform  median=     0.315  sd=  0.12%      2.45 GF/s  setup=0.001 s
fftw1d_estimate          L=31  B=1     m=1     inner=89852  min=     0.324 us/xform  median=     0.324  sd=  0.11%      2.37 GF/s  setup=0.001 s
fftw1d_measure           L=31  B=1     m=1     inner=77806  min=     0.319 us/xform  median=     0.320  sd=  0.09%      2.41 GF/s  setup=0.043 s
fftw1d_measure           L=31  B=1     m=1     inner=94706  min=     0.313 us/xform  median=     0.314  sd=  0.14%      2.45 GF/s  setup=0.043 s
fftw1d_measure           L=31  B=1     m=1     inner=92166  min=     0.317 us/xform  median=     0.318  sd=  0.09%      2.42 GF/s  setup=0.043 s
fftw1d_measure           L=31  B=1     m=1     inner=69496  min=     0.331 us/xform  median=     0.332  sd=  0.10%      2.32 GF/s  setup=0.042 s
fftw1d_measure           L=31  B=1     m=1     inner=74500  min=     0.330 us/xform  median=     0.332  sd=  0.15%      2.33 GF/s  setup=0.043 s
fftw1d_measure           L=31  B=1     m=1     inner=85642  min=     0.313 us/xform  median=     0.314  sd=  0.12%      2.45 GF/s  setup=0.043 s
fftw1d_measure           L=31  B=1     m=1     inner=76218  min=     0.315 us/xform  median=     0.317  sd=  0.14%      2.43 GF/s  setup=0.042 s
fftw1d_measure           L=31  B=1     m=1     inner=89106  min=     0.322 us/xform  median=     0.323  sd=  0.08%      2.39 GF/s  setup=0.043 s
fftw1d_measure           L=31  B=1     m=1     inner=101776 min=     0.318 us/xform  median=     0.319  sd=  0.09%      2.42 GF/s  setup=0.042 s
fftw1d_patient           L=31  B=1     m=1     inner=76900  min=     0.318 us/xform  median=     0.319  sd=  0.13%      2.42 GF/s  setup=0.120 s
fftw1d_patient           L=31  B=1     m=1     inner=69106  min=     0.315 us/xform  median=     0.316  sd=  0.12%      2.44 GF/s  setup=0.121 s
fftw1d_patient           L=31  B=1     m=1     inner=65472  min=     0.385 us/xform  median=     0.385  sd=  0.01%      1.99 GF/s  setup=0.122 s
fftw1d_patient           L=31  B=1     m=1     inner=103120 min=     0.318 us/xform  median=     0.319  sd=  0.11%      2.42 GF/s  setup=0.120 s
fftw1d_patient           L=31  B=1     m=1     inner=69272  min=     0.315 us/xform  median=     0.316  sd=  0.10%      2.44 GF/s  setup=0.121 s
fftw1d_patient           L=31  B=1     m=1     inner=94394  min=     0.316 us/xform  median=     0.317  sd=  0.15%      2.43 GF/s  setup=0.120 s
fftw1d_patient           L=31  B=1     m=1     inner=60920  min=     0.335 us/xform  median=     0.336  sd=  0.09%      2.29 GF/s  setup=0.120 s
fftw1d_patient           L=31  B=1     m=1     inner=64682  min=     0.315 us/xform  median=     0.316  sd=  0.14%      2.44 GF/s  setup=0.120 s
fftw1d_patient           L=31  B=1     m=1     inner=86416  min=     0.315 us/xform  median=     0.316  sd=  0.10%      2.44 GF/s  setup=0.120 s
mkl1d_dfti               L=31  B=1     m=1     inner=87696  min=     0.279 us/xform  median=     0.280  sd=  0.07%      2.75 GF/s  setup=0.049 s
mkl1d_dfti               L=31  B=1     m=1     inner=95762  min=     0.280 us/xform  median=     0.280  sd=  0.09%      2.75 GF/s  setup=0.015 s
mkl1d_dfti               L=31  B=1     m=1     inner=51282  min=     0.280 us/xform  median=     0.280  sd=  4.05%      2.75 GF/s  setup=0.038 s
mkl1d_dfti               L=31  B=1     m=1     inner=89106  min=     0.279 us/xform  median=     0.280  sd=  0.05%      2.75 GF/s  setup=0.033 s
mkl1d_dfti               L=31  B=1     m=1     inner=92662  min=     0.280 us/xform  median=     0.280  sd=  0.05%      2.75 GF/s  setup=0.015 s
mkl1d_dfti               L=31  B=1     m=1     inner=94498  min=     0.279 us/xform  median=     0.280  sd=  0.07%      2.75 GF/s  setup=0.031 s
mkl1d_dfti               L=31  B=1     m=1     inner=92364  min=     0.280 us/xform  median=     0.280  sd=  0.04%      2.75 GF/s  setup=0.015 s
mkl1d_dfti               L=31  B=1     m=1     inner=91674  min=     0.280 us/xform  median=     0.280  sd=  0.06%      2.75 GF/s  setup=0.015 s
mkl1d_dfti               L=31  B=1     m=1     inner=91478  min=     0.291 us/xform  median=     0.291  sd=  0.08%      2.64 GF/s  setup=0.015 s
baseline_dft             L=64  B=1     m=1     inner=3542   min=     8.496 us/xform  median=     8.499  sd=  0.03%      0.23 GF/s  setup=0.000 s
baseline_dft             L=64  B=1     m=1     inner=4626   min=     8.498 us/xform  median=     8.499  sd=  0.02%      0.23 GF/s  setup=0.000 s
baseline_dft             L=64  B=1     m=1     inner=4668   min=     8.499 us/xform  median=     8.500  sd=  0.02%      0.23 GF/s  setup=0.000 s
baseline_dft             L=64  B=1     m=1     inner=4602   min=     8.498 us/xform  median=     8.499  sd=  0.02%      0.23 GF/s  setup=0.000 s
baseline_dft             L=64  B=1     m=1     inner=3526   min=     8.498 us/xform  median=     8.510  sd=  0.07%      0.23 GF/s  setup=0.000 s
baseline_dft             L=64  B=1     m=1     inner=3696   min=     8.498 us/xform  median=     8.499  sd=  0.04%      0.23 GF/s  setup=0.000 s
baseline_dft             L=64  B=1     m=1     inner=3542   min=     8.498 us/xform  median=     8.499  sd=  0.01%      0.23 GF/s  setup=0.000 s
baseline_dft             L=64  B=1     m=1     inner=3530   min=     8.500 us/xform  median=     8.501  sd=  0.04%      0.23 GF/s  setup=0.000 s
baseline_dft             L=64  B=1     m=1     inner=3704   min=     8.498 us/xform  median=     8.499  sd=  0.06%      0.23 GF/s  setup=0.000 s
d1_batchlane             L=64  B=1     m=1     inner=490036 min=     0.063 us/xform  median=     0.063  sd=  0.05%     30.67 GF/s  setup=0.000 s
d1_batchlane             L=64  B=1     m=1     inner=581132 min=     0.055 us/xform  median=     0.055  sd=  0.04%     34.72 GF/s  setup=0.000 s
d1_batchlane             L=64  B=1     m=1     inner=639532 min=     0.062 us/xform  median=     0.062  sd=  0.07%     30.87 GF/s  setup=0.000 s
d1_batchlane             L=64  B=1     m=1     inner=717858 min=     0.049 us/xform  median=     0.049  sd=  4.60%     39.51 GF/s  setup=0.000 s
d1_batchlane             L=64  B=1     m=1     inner=560098 min=     0.055 us/xform  median=     0.055  sd=  0.03%     34.73 GF/s  setup=0.000 s
d1_batchlane             L=64  B=1     m=1     inner=543944 min=     0.055 us/xform  median=     0.055  sd=  0.04%     34.72 GF/s  setup=0.000 s
d1_batchlane             L=64  B=1     m=1     inner=499158 min=     0.055 us/xform  median=     0.055  sd=  0.03%     34.90 GF/s  setup=0.000 s
d1_batchlane             L=64  B=1     m=1     inner=569292 min=     0.056 us/xform  median=     0.056  sd=  0.11%     34.15 GF/s  setup=0.000 s
d1_batchlane             L=64  B=1     m=1     inner=553798 min=     0.055 us/xform  median=     0.055  sd=  0.04%     34.72 GF/s  setup=0.000 s
d1_bluestein             L=64  B=1     m=1     inner=222662 min=     0.174 us/xform  median=     0.174  sd=  0.08%     11.06 GF/s  setup=0.001 s
d1_bluestein             L=64  B=1     m=1     inner=177394 min=     0.174 us/xform  median=     0.174  sd=  0.09%     11.06 GF/s  setup=0.001 s
d1_bluestein             L=64  B=1     m=1     inner=182238 min=     0.173 us/xform  median=     0.174  sd=  0.09%     11.08 GF/s  setup=0.001 s
d1_bluestein             L=64  B=1     m=1     inner=182536 min=     0.174 us/xform  median=     0.174  sd=  0.04%     11.06 GF/s  setup=0.001 s
d1_bluestein             L=64  B=1     m=1     inner=155448 min=     0.199 us/xform  median=     0.199  sd=  0.04%      9.67 GF/s  setup=0.001 s
d1_bluestein             L=64  B=1     m=1     inner=173846 min=     0.185 us/xform  median=     0.185  sd=  0.04%     10.38 GF/s  setup=0.001 s
d1_bluestein             L=64  B=1     m=1     inner=166082 min=     0.169 us/xform  median=     0.169  sd=  0.51%     11.38 GF/s  setup=0.001 s
d1_bluestein             L=64  B=1     m=1     inner=167186 min=     0.186 us/xform  median=     0.186  sd=  0.04%     10.31 GF/s  setup=0.001 s
d1_bluestein             L=64  B=1     m=1     inner=181574 min=     0.155 us/xform  median=     0.156  sd=  0.07%     12.35 GF/s  setup=0.001 s
d1_planner               L=64  B=1     m=1     inner=188586 min=     0.166 us/xform  median=     0.166  sd=  0.09%     11.58 GF/s  setup=0.000 s
d1_planner               L=64  B=1     m=1     inner=195298 min=     0.143 us/xform  median=     0.143  sd=  0.02%     13.41 GF/s  setup=0.000 s
d1_planner               L=64  B=1     m=1     inner=208446 min=     0.137 us/xform  median=     0.137  sd=  0.07%     14.03 GF/s  setup=0.000 s
d1_planner               L=64  B=1     m=1     inner=187046 min=     0.163 us/xform  median=     0.163  sd=  0.02%     11.78 GF/s  setup=0.000 s
d1_planner               L=64  B=1     m=1     inner=196594 min=     0.165 us/xform  median=     0.165  sd=  0.04%     11.65 GF/s  setup=0.000 s
d1_planner               L=64  B=1     m=1     inner=199684 min=     0.159 us/xform  median=     0.159  sd=  0.17%     12.10 GF/s  setup=0.000 s
d1_planner               L=64  B=1     m=1     inner=197194 min=     0.163 us/xform  median=     0.163  sd=  0.08%     11.77 GF/s  setup=0.000 s
d1_planner               L=64  B=1     m=1     inner=238604 min=     0.167 us/xform  median=     0.167  sd=  0.04%     11.52 GF/s  setup=0.000 s
d1_planner               L=64  B=1     m=1     inner=120029 min=     0.166 us/xform  median=     0.166  sd=  0.07%     11.56 GF/s  setup=0.000 s
d1_pow2                  L=64  B=1     m=1     inner=493312 min=     0.081 us/xform  median=     0.081  sd=  0.53%     23.85 GF/s  setup=0.000 s
d1_pow2                  L=64  B=1     m=1     inner=486408 min=     0.065 us/xform  median=     0.066  sd=  0.20%     29.35 GF/s  setup=0.000 s
d1_pow2                  L=64  B=1     m=1     inner=416136 min=     0.065 us/xform  median=     0.066  sd=  0.56%     29.40 GF/s  setup=0.000 s
d1_pow2                  L=64  B=1     m=1     inner=507020 min=     0.062 us/xform  median=     0.063  sd=  0.44%     30.72 GF/s  setup=0.000 s
d1_pow2                  L=64  B=1     m=1     inner=522380 min=     0.060 us/xform  median=     0.061  sd=  0.47%     31.79 GF/s  setup=0.000 s
d1_pow2                  L=64  B=1     m=1     inner=534974 min=     0.057 us/xform  median=     0.057  sd=  0.17%     33.52 GF/s  setup=0.000 s
d1_pow2                  L=64  B=1     m=1     inner=459096 min=     0.066 us/xform  median=     0.067  sd=  0.18%     28.92 GF/s  setup=0.000 s
d1_pow2                  L=64  B=1     m=1     inner=477614 min=     0.066 us/xform  median=     0.066  sd=  0.15%     29.08 GF/s  setup=0.000 s
d1_pow2                  L=64  B=1     m=1     inner=416014 min=     0.074 us/xform  median=     0.074  sd=  0.46%     26.02 GF/s  setup=0.000 s
d1_race                  L=64  B=1     m=1     inner=715872 min=     0.055 us/xform  median=     0.056  sd=  0.11%     34.62 GF/s  setup=0.086 s
d1_race                  L=64  B=1     m=1     inner=546016 min=     0.055 us/xform  median=     0.055  sd=  0.04%     34.86 GF/s  setup=0.010 s
d1_race                  L=64  B=1     m=1     inner=529328 min=     0.060 us/xform  median=     0.060  sd=  0.05%     32.25 GF/s  setup=0.010 s
d1_race                  L=64  B=1     m=1     inner=635556 min=     0.062 us/xform  median=     0.062  sd=  0.29%     31.04 GF/s  setup=0.010 s
d1_race                  L=64  B=1     m=1     inner=543106 min=     0.055 us/xform  median=     0.055  sd=  0.13%     34.90 GF/s  setup=0.009 s
d1_race                  L=64  B=1     m=1     inner=633000 min=     0.062 us/xform  median=     0.063  sd=  0.20%     30.76 GF/s  setup=0.009 s
d1_race                  L=64  B=1     m=1     inner=714838 min=     0.048 us/xform  median=     0.048  sd=  0.08%     39.70 GF/s  setup=0.009 s
d1_race                  L=64  B=1     m=1     inner=794502 min=     0.048 us/xform  median=     0.048  sd=  0.04%     39.66 GF/s  setup=0.004 s
d1_race                  L=64  B=1     m=1     inner=561200 min=     0.056 us/xform  median=     0.056  sd=  0.18%     34.29 GF/s  setup=0.005 s
d1_twiddle               L=64  B=1     m=1     inner=267786 min=     0.074 us/xform  median=     0.074  sd=  0.17%     25.85 GF/s  setup=0.000 s
d1_twiddle               L=64  B=1     m=1     inner=540622 min=     0.074 us/xform  median=     0.074  sd=  0.01%     26.09 GF/s  setup=0.000 s
d1_twiddle               L=64  B=1     m=1     inner=422634 min=     0.074 us/xform  median=     0.074  sd=  0.02%     26.08 GF/s  setup=0.000 s
d1_twiddle               L=64  B=1     m=1     inner=427808 min=     0.074 us/xform  median=     0.074  sd=  0.02%     26.04 GF/s  setup=0.000 s
d1_twiddle               L=64  B=1     m=1     inner=429002 min=     0.073 us/xform  median=     0.073  sd=  0.05%     26.19 GF/s  setup=0.000 s
d1_twiddle               L=64  B=1     m=1     inner=541312 min=     0.074 us/xform  median=     0.074  sd=  0.03%     26.11 GF/s  setup=0.000 s
d1_twiddle               L=64  B=1     m=1     inner=435682 min=     0.073 us/xform  median=     0.073  sd=  0.02%     26.13 GF/s  setup=0.000 s
d1_twiddle               L=64  B=1     m=1     inner=417134 min=     0.076 us/xform  median=     0.076  sd=  0.02%     25.35 GF/s  setup=0.000 s
d1_twiddle               L=64  B=1     m=1     inner=545134 min=     0.073 us/xform  median=     0.073  sd=  0.06%     26.36 GF/s  setup=0.000 s
fftw1d_custom            L=64  B=1     m=1     inner=106442 min=     0.276 us/xform  median=     0.277  sd=  0.09%      6.95 GF/s  setup=0.000 s
fftw1d_custom            L=64  B=1     m=1     inner=105010 min=     0.274 us/xform  median=     0.275  sd=  0.05%      7.00 GF/s  setup=0.000 s
fftw1d_custom            L=64  B=1     m=1     inner=102504 min=     0.273 us/xform  median=     0.273  sd=  0.07%      7.03 GF/s  setup=0.000 s
fftw1d_custom            L=64  B=1     m=1     inner=76490  min=     0.226 us/xform  median=     0.227  sd=  1.41%      8.48 GF/s  setup=0.000 s
fftw1d_custom            L=64  B=1     m=1     inner=81652  min=     0.273 us/xform  median=     0.275  sd=  0.14%      7.02 GF/s  setup=0.000 s
fftw1d_custom            L=64  B=1     m=1     inner=74178  min=     0.226 us/xform  median=     0.227  sd=  1.60%      8.48 GF/s  setup=0.000 s
fftw1d_custom            L=64  B=1     m=1     inner=109986 min=     0.225 us/xform  median=     0.226  sd=  0.18%      8.53 GF/s  setup=0.000 s
fftw1d_custom            L=64  B=1     m=1     inner=110860 min=     0.276 us/xform  median=     0.276  sd=  0.04%      6.96 GF/s  setup=0.000 s
fftw1d_custom            L=64  B=1     m=1     inner=126694 min=     0.225 us/xform  median=     0.226  sd=  0.14%      8.52 GF/s  setup=0.000 s
fftw1d_estimate          L=64  B=1     m=1     inner=438492 min=     0.090 us/xform  median=     0.090  sd=  0.36%     21.45 GF/s  setup=0.001 s
fftw1d_estimate          L=64  B=1     m=1     inner=358084 min=     0.089 us/xform  median=     0.090  sd=  0.60%     21.47 GF/s  setup=0.001 s
fftw1d_estimate          L=64  B=1     m=1     inner=443586 min=     0.089 us/xform  median=     0.090  sd=  0.52%     21.45 GF/s  setup=0.001 s
fftw1d_estimate          L=64  B=1     m=1     inner=217644 min=     0.091 us/xform  median=     0.091  sd=  0.28%     21.09 GF/s  setup=0.001 s
fftw1d_estimate          L=64  B=1     m=1     inner=322272 min=     0.095 us/xform  median=     0.095  sd=  0.34%     20.29 GF/s  setup=0.001 s
fftw1d_estimate          L=64  B=1     m=1     inner=331938 min=     0.093 us/xform  median=     0.093  sd=  0.38%     20.65 GF/s  setup=0.001 s
fftw1d_estimate          L=64  B=1     m=1     inner=346112 min=     0.091 us/xform  median=     0.092  sd=  0.49%     21.11 GF/s  setup=0.001 s
fftw1d_estimate          L=64  B=1     m=1     inner=350390 min=     0.090 us/xform  median=     0.090  sd=  0.56%     21.33 GF/s  setup=0.001 s
fftw1d_estimate          L=64  B=1     m=1     inner=332426 min=     0.089 us/xform  median=     0.090  sd=  0.67%     21.50 GF/s  setup=0.001 s
fftw1d_measure           L=64  B=1     m=1     inner=596118 min=     0.066 us/xform  median=     0.066  sd=  0.10%     29.15 GF/s  setup=0.023 s
fftw1d_measure           L=64  B=1     m=1     inner=535214 min=     0.073 us/xform  median=     0.073  sd=  0.12%     26.42 GF/s  setup=0.023 s
fftw1d_measure           L=64  B=1     m=1     inner=302563 min=     0.066 us/xform  median=     0.066  sd=  0.11%     29.05 GF/s  setup=0.022 s
fftw1d_measure           L=64  B=1     m=1     inner=280850 min=     0.071 us/xform  median=     0.071  sd=  0.46%     27.15 GF/s  setup=0.022 s
fftw1d_measure           L=64  B=1     m=1     inner=605276 min=     0.064 us/xform  median=     0.064  sd=  0.10%     29.89 GF/s  setup=0.023 s
fftw1d_measure           L=64  B=1     m=1     inner=585894 min=     0.067 us/xform  median=     0.067  sd=  0.12%     28.56 GF/s  setup=0.022 s
fftw1d_measure           L=64  B=1     m=1     inner=503600 min=     0.078 us/xform  median=     0.078  sd=  0.54%     24.73 GF/s  setup=0.023 s
fftw1d_measure           L=64  B=1     m=1     inner=601484 min=     0.066 us/xform  median=     0.066  sd=  0.09%     29.24 GF/s  setup=0.022 s
fftw1d_measure           L=64  B=1     m=1     inner=562566 min=     0.061 us/xform  median=     0.070  sd=  6.28%     31.24 GF/s  setup=0.022 s
fftw1d_patient           L=64  B=1     m=1     inner=630308 min=     0.063 us/xform  median=     0.063  sd=  0.09%     30.39 GF/s  setup=0.054 s
fftw1d_patient           L=64  B=1     m=1     inner=660884 min=     0.060 us/xform  median=     0.060  sd=  0.06%     31.91 GF/s  setup=0.055 s
fftw1d_patient           L=64  B=1     m=1     inner=274265 min=     0.072 us/xform  median=     0.073  sd=  0.44%     26.60 GF/s  setup=0.055 s
fftw1d_patient           L=64  B=1     m=1     inner=355582 min=     0.055 us/xform  median=     0.056  sd=  0.39%     34.67 GF/s  setup=0.055 s
fftw1d_patient           L=64  B=1     m=1     inner=289533 min=     0.069 us/xform  median=     0.070  sd=  0.25%     27.65 GF/s  setup=0.054 s
fftw1d_patient           L=64  B=1     m=1     inner=711938 min=     0.056 us/xform  median=     0.056  sd=  0.27%     34.50 GF/s  setup=0.055 s
fftw1d_patient           L=64  B=1     m=1     inner=291231 min=     0.068 us/xform  median=     0.068  sd=  0.18%     28.38 GF/s  setup=0.055 s
fftw1d_patient           L=64  B=1     m=1     inner=673394 min=     0.059 us/xform  median=     0.059  sd=  0.19%     32.48 GF/s  setup=0.055 s
fftw1d_patient           L=64  B=1     m=1     inner=682392 min=     0.058 us/xform  median=     0.059  sd=  0.18%     32.82 GF/s  setup=0.053 s
mkl1d_dfti               L=64  B=1     m=1     inner=826768 min=     0.045 us/xform  median=     0.045  sd=  0.44%     42.37 GF/s  setup=0.002 s
mkl1d_dfti               L=64  B=1     m=1     inner=610722 min=     0.052 us/xform  median=     0.052  sd=  0.09%     37.03 GF/s  setup=0.002 s
mkl1d_dfti               L=64  B=1     m=1     inner=667066 min=     0.048 us/xform  median=     0.048  sd=  0.24%     39.72 GF/s  setup=0.002 s
mkl1d_dfti               L=64  B=1     m=1     inner=616330 min=     0.051 us/xform  median=     0.051  sd=  0.09%     37.43 GF/s  setup=0.002 s
mkl1d_dfti               L=64  B=1     m=1     inner=648922 min=     0.049 us/xform  median=     0.049  sd=  0.34%     39.59 GF/s  setup=0.002 s
mkl1d_dfti               L=64  B=1     m=1     inner=654102 min=     0.048 us/xform  median=     0.049  sd=  0.20%     39.64 GF/s  setup=0.002 s
mkl1d_dfti               L=64  B=1     m=1     inner=656046 min=     0.049 us/xform  median=     0.049  sd=  0.16%     39.23 GF/s  setup=0.002 s
mkl1d_dfti               L=64  B=1     m=1     inner=650650 min=     0.049 us/xform  median=     0.049  sd=  0.14%     39.24 GF/s  setup=0.002 s
mkl1d_dfti               L=64  B=1     m=1     inner=607040 min=     0.052 us/xform  median=     0.052  sd=  0.10%     36.96 GF/s  setup=0.002 s
baseline_dft             L=32  B=1     m=1     inner=11035  min=     1.763 us/xform  median=     1.764  sd=  1.57%      0.45 GF/s  setup=0.000 s
baseline_dft             L=32  B=1     m=1     inner=14450  min=     2.128 us/xform  median=     2.128  sd=  0.01%      0.38 GF/s  setup=0.000 s
baseline_dft             L=32  B=1     m=1     inner=18182  min=     2.128 us/xform  median=     2.128  sd=  0.01%      0.38 GF/s  setup=0.000 s
baseline_dft             L=32  B=1     m=1     inner=14136  min=     1.763 us/xform  median=     1.763  sd=  0.21%      0.45 GF/s  setup=0.000 s
baseline_dft             L=32  B=1     m=1     inner=21208  min=     1.763 us/xform  median=     1.764  sd=  0.20%      0.45 GF/s  setup=0.000 s
baseline_dft             L=32  B=1     m=1     inner=18172  min=     2.128 us/xform  median=     2.128  sd=  0.01%      0.38 GF/s  setup=0.000 s
baseline_dft             L=32  B=1     m=1     inner=17846  min=     2.129 us/xform  median=     2.129  sd=  0.01%      0.38 GF/s  setup=0.000 s
baseline_dft             L=32  B=1     m=1     inner=18314  min=     1.763 us/xform  median=     2.128  sd=  9.26%      0.45 GF/s  setup=0.000 s
baseline_dft             L=32  B=1     m=1     inner=21598  min=     1.764 us/xform  median=     1.764  sd=  0.01%      0.45 GF/s  setup=0.000 s
d1_batchlane             L=32  B=1     m=1     inner=1039804 min=     0.037 us/xform  median=     0.038  sd=  0.41%     21.37 GF/s  setup=0.000 s
d1_batchlane             L=32  B=1     m=1     inner=813936 min=     0.038 us/xform  median=     0.038  sd=  0.28%     21.29 GF/s  setup=0.000 s
d1_batchlane             L=32  B=1     m=1     inner=812880 min=     0.038 us/xform  median=     0.038  sd=  0.23%     21.24 GF/s  setup=0.000 s
d1_batchlane             L=32  B=1     m=1     inner=836508 min=     0.038 us/xform  median=     0.038  sd=  0.28%     21.31 GF/s  setup=0.000 s
d1_batchlane             L=32  B=1     m=1     inner=939190 min=     0.042 us/xform  median=     0.043  sd=  0.15%     18.84 GF/s  setup=0.000 s
d1_batchlane             L=32  B=1     m=1     inner=844400 min=     0.038 us/xform  median=     0.038  sd=  0.32%     21.32 GF/s  setup=0.000 s
d1_batchlane             L=32  B=1     m=1     inner=716888 min=     0.042 us/xform  median=     0.042  sd=  0.18%     19.00 GF/s  setup=0.000 s
d1_batchlane             L=32  B=1     m=1     inner=819086 min=     0.039 us/xform  median=     0.039  sd=  0.09%     20.44 GF/s  setup=0.000 s
d1_batchlane             L=32  B=1     m=1     inner=473434 min=     0.042 us/xform  median=     0.042  sd=  0.07%     18.97 GF/s  setup=0.000 s
d1_bluestein             L=32  B=1     m=1     inner=397240 min=     0.100 us/xform  median=     0.100  sd=  0.16%      8.01 GF/s  setup=0.001 s
d1_bluestein             L=32  B=1     m=1     inner=307066 min=     0.103 us/xform  median=     0.103  sd=  0.19%      7.78 GF/s  setup=0.001 s
d1_bluestein             L=32  B=1     m=1     inner=412474 min=     0.096 us/xform  median=     0.096  sd=  0.19%      8.36 GF/s  setup=0.001 s
d1_bluestein             L=32  B=1     m=1     inner=335060 min=     0.095 us/xform  median=     0.095  sd=  0.09%      8.39 GF/s  setup=0.001 s
d1_bluestein             L=32  B=1     m=1     inner=314676 min=     0.101 us/xform  median=     0.101  sd=  0.07%      7.93 GF/s  setup=0.001 s
d1_bluestein             L=32  B=1     m=1     inner=331590 min=     0.096 us/xform  median=     0.096  sd=  0.17%      8.34 GF/s  setup=0.001 s
d1_bluestein             L=32  B=1     m=1     inner=318030 min=     0.101 us/xform  median=     0.101  sd=  0.04%      7.95 GF/s  setup=0.001 s
d1_bluestein             L=32  B=1     m=1     inner=333636 min=     0.095 us/xform  median=     0.095  sd=  0.21%      8.43 GF/s  setup=0.001 s
d1_bluestein             L=32  B=1     m=1     inner=334466 min=     0.095 us/xform  median=     0.096  sd=  0.14%      8.40 GF/s  setup=0.001 s
d1_planner               L=32  B=1     m=1     inner=447810 min=     0.069 us/xform  median=     0.069  sd=  0.22%     11.55 GF/s  setup=0.000 s
d1_planner               L=32  B=1     m=1     inner=473926 min=     0.067 us/xform  median=     0.067  sd=  0.19%     12.01 GF/s  setup=0.000 s
d1_planner               L=32  B=1     m=1     inner=499636 min=     0.063 us/xform  median=     0.063  sd=  0.20%     12.71 GF/s  setup=0.000 s
d1_planner               L=32  B=1     m=1     inner=506156 min=     0.063 us/xform  median=     0.063  sd=  0.26%     12.74 GF/s  setup=0.000 s
d1_planner               L=32  B=1     m=1     inner=476662 min=     0.064 us/xform  median=     0.064  sd=  0.42%     12.60 GF/s  setup=0.000 s
d1_planner               L=32  B=1     m=1     inner=471720 min=     0.066 us/xform  median=     0.067  sd=  0.43%     12.09 GF/s  setup=0.000 s
d1_planner               L=32  B=1     m=1     inner=485088 min=     0.063 us/xform  median=     0.063  sd=  0.35%     12.73 GF/s  setup=0.000 s
d1_planner               L=32  B=1     m=1     inner=548452 min=     0.072 us/xform  median=     0.072  sd=  0.26%     11.15 GF/s  setup=0.000 s
d1_planner               L=32  B=1     m=1     inner=482348 min=     0.065 us/xform  median=     0.066  sd=  0.39%     12.25 GF/s  setup=0.000 s
d1_pow2                  L=32  B=1     m=1     inner=1223834 min=     0.025 us/xform  median=     0.026  sd=  0.36%     31.46 GF/s  setup=0.000 s
d1_pow2                  L=32  B=1     m=1     inner=1445120 min=     0.021 us/xform  median=     0.022  sd=  0.63%     37.67 GF/s  setup=0.000 s
d1_pow2                  L=32  B=1     m=1     inner=1338966 min=     0.022 us/xform  median=     0.022  sd=  0.27%     35.71 GF/s  setup=0.000 s
d1_pow2                  L=32  B=1     m=1     inner=1375052 min=     0.022 us/xform  median=     0.023  sd=  0.55%     35.58 GF/s  setup=0.000 s
d1_pow2                  L=32  B=1     m=1     inner=1160170 min=     0.026 us/xform  median=     0.026  sd=  0.30%     30.40 GF/s  setup=0.000 s
d1_pow2                  L=32  B=1     m=1     inner=1502264 min=     0.021 us/xform  median=     0.022  sd=  0.66%     37.63 GF/s  setup=0.000 s
d1_pow2                  L=32  B=1     m=1     inner=1448588 min=     0.021 us/xform  median=     0.021  sd=  0.58%     38.48 GF/s  setup=0.000 s
d1_pow2                  L=32  B=1     m=1     inner=1615746 min=     0.024 us/xform  median=     0.024  sd=  0.56%     33.99 GF/s  setup=0.000 s
d1_pow2                  L=32  B=1     m=1     inner=888967 min=     0.022 us/xform  median=     0.022  sd=  0.96%     35.94 GF/s  setup=0.000 s
d1_race                  L=32  B=1     m=1     inner=1853736 min=     0.021 us/xform  median=     0.021  sd=  1.31%     38.46 GF/s  setup=0.086 s
d1_race                  L=32  B=1     m=1     inner=1518424 min=     0.021 us/xform  median=     0.021  sd=  0.90%     38.74 GF/s  setup=0.012 s
d1_race                  L=32  B=1     m=1     inner=1887164 min=     0.021 us/xform  median=     0.021  sd=  0.34%     38.69 GF/s  setup=0.012 s
d1_race                  L=32  B=1     m=1     inner=1897054 min=     0.021 us/xform  median=     0.021  sd=  0.65%     38.82 GF/s  setup=0.011 s
d1_race                  L=32  B=1     m=1     inner=1186794 min=     0.026 us/xform  median=     0.027  sd=  0.35%     30.35 GF/s  setup=0.011 s
d1_race                  L=32  B=1     m=1     inner=1450114 min=     0.021 us/xform  median=     0.021  sd=  0.62%     38.64 GF/s  setup=0.011 s
d1_race                  L=32  B=1     m=1     inner=1445396 min=     0.021 us/xform  median=     0.021  sd=  0.47%     38.75 GF/s  setup=0.011 s
d1_race                  L=32  B=1     m=1     inner=1279960 min=     0.023 us/xform  median=     0.024  sd=  1.13%     34.90 GF/s  setup=0.011 s
d1_race                  L=32  B=1     m=1     inner=1379334 min=     0.021 us/xform  median=     0.021  sd=  0.99%     38.46 GF/s  setup=0.011 s
d1_twiddle               L=32  B=1     m=1     inner=862194 min=     0.036 us/xform  median=     0.036  sd=  0.54%     22.14 GF/s  setup=0.000 s
d1_twiddle               L=32  B=1     m=1     inner=894266 min=     0.034 us/xform  median=     0.034  sd=  0.44%     23.76 GF/s  setup=0.000 s
d1_twiddle               L=32  B=1     m=1     inner=1002700 min=     0.039 us/xform  median=     0.039  sd=  0.41%     20.39 GF/s  setup=0.000 s
d1_twiddle               L=32  B=1     m=1     inner=1025684 min=     0.039 us/xform  median=     0.039  sd=  0.20%     20.73 GF/s  setup=0.000 s
d1_twiddle               L=32  B=1     m=1     inner=1049262 min=     0.033 us/xform  median=     0.038  sd=  6.72%     24.33 GF/s  setup=0.000 s
d1_twiddle               L=32  B=1     m=1     inner=585485 min=     0.034 us/xform  median=     0.034  sd=  0.36%     23.77 GF/s  setup=0.000 s
d1_twiddle               L=32  B=1     m=1     inner=621479 min=     0.032 us/xform  median=     0.032  sd=  0.47%     25.22 GF/s  setup=0.000 s
d1_twiddle               L=32  B=1     m=1     inner=589770 min=     0.034 us/xform  median=     0.034  sd=  0.55%     23.86 GF/s  setup=0.000 s
d1_twiddle               L=32  B=1     m=1     inner=915978 min=     0.030 us/xform  median=     0.030  sd=  0.35%     27.10 GF/s  setup=0.000 s
fftw1d_custom            L=32  B=1     m=1     inner=359554 min=     0.111 us/xform  median=     0.111  sd=  0.21%      7.22 GF/s  setup=0.000 s
fftw1d_custom            L=32  B=1     m=1     inner=310104 min=     0.110 us/xform  median=     0.110  sd=  0.18%      7.27 GF/s  setup=0.000 s
fftw1d_custom            L=32  B=1     m=1     inner=288170 min=     0.111 us/xform  median=     0.111  sd=  0.29%      7.22 GF/s  setup=0.000 s
fftw1d_custom            L=32  B=1     m=1     inner=201168 min=     0.111 us/xform  median=     0.111  sd=  0.07%      7.19 GF/s  setup=0.000 s
fftw1d_custom            L=32  B=1     m=1     inner=211574 min=     0.108 us/xform  median=     0.108  sd=  0.15%      7.39 GF/s  setup=0.000 s
fftw1d_custom            L=32  B=1     m=1     inner=359748 min=     0.092 us/xform  median=     0.108  sd=  9.61%      8.72 GF/s  setup=0.000 s
fftw1d_custom            L=32  B=1     m=1     inner=222687 min=     0.090 us/xform  median=     0.090  sd=  0.20%      8.94 GF/s  setup=0.000 s
fftw1d_custom            L=32  B=1     m=1     inner=310104 min=     0.090 us/xform  median=     0.108  sd=  8.85%      8.92 GF/s  setup=0.000 s
fftw1d_custom            L=32  B=1     m=1     inner=256340 min=     0.116 us/xform  median=     0.117  sd=  0.16%      6.87 GF/s  setup=0.000 s
fftw1d_estimate          L=32  B=1     m=1     inner=816586 min=     0.048 us/xform  median=     0.048  sd=  0.34%     16.65 GF/s  setup=0.001 s
fftw1d_estimate          L=32  B=1     m=1     inner=606494 min=     0.053 us/xform  median=     0.053  sd=  0.51%     15.23 GF/s  setup=0.001 s
fftw1d_estimate          L=32  B=1     m=1     inner=801498 min=     0.048 us/xform  median=     0.049  sd=  0.32%     16.50 GF/s  setup=0.001 s
fftw1d_estimate          L=32  B=1     m=1     inner=813812 min=     0.048 us/xform  median=     0.048  sd=  0.45%     16.63 GF/s  setup=0.001 s
fftw1d_estimate          L=32  B=1     m=1     inner=844324 min=     0.042 us/xform  median=     0.042  sd=  6.00%     19.27 GF/s  setup=0.001 s
fftw1d_estimate          L=32  B=1     m=1     inner=631918 min=     0.048 us/xform  median=     0.048  sd=  0.33%     16.71 GF/s  setup=0.001 s
fftw1d_estimate          L=32  B=1     m=1     inner=645808 min=     0.042 us/xform  median=     0.043  sd=  0.48%     18.87 GF/s  setup=0.001 s
fftw1d_estimate          L=32  B=1     m=1     inner=937762 min=     0.041 us/xform  median=     0.042  sd=  0.30%     19.30 GF/s  setup=0.001 s
fftw1d_estimate          L=32  B=1     m=1     inner=958346 min=     0.041 us/xform  median=     0.042  sd=  0.36%     19.32 GF/s  setup=0.001 s
fftw1d_measure           L=32  B=1     m=1     inner=962284 min=     0.039 us/xform  median=     0.039  sd=  0.59%     20.69 GF/s  setup=0.008 s
fftw1d_measure           L=32  B=1     m=1     inner=489959 min=     0.041 us/xform  median=     0.041  sd=  0.52%     19.73 GF/s  setup=0.007 s
fftw1d_measure           L=32  B=1     m=1     inner=828946 min=     0.039 us/xform  median=     0.039  sd=  1.15%     20.71 GF/s  setup=0.008 s
fftw1d_measure           L=32  B=1     m=1     inner=850432 min=     0.036 us/xform  median=     0.036  sd=  0.50%     22.21 GF/s  setup=0.008 s
fftw1d_measure           L=32  B=1     m=1     inner=560909 min=     0.035 us/xform  median=     0.036  sd=  0.95%     22.78 GF/s  setup=0.007 s
fftw1d_measure           L=32  B=1     m=1     inner=1204178 min=     0.033 us/xform  median=     0.033  sd=  0.58%     24.31 GF/s  setup=0.007 s
fftw1d_measure           L=32  B=1     m=1     inner=811536 min=     0.041 us/xform  median=     0.041  sd=  0.25%     19.69 GF/s  setup=0.008 s
fftw1d_measure           L=32  B=1     m=1     inner=875476 min=     0.038 us/xform  median=     0.038  sd=  0.27%     21.26 GF/s  setup=0.008 s
fftw1d_measure           L=32  B=1     m=1     inner=763384 min=     0.042 us/xform  median=     0.043  sd=  0.37%     18.90 GF/s  setup=0.008 s
fftw1d_patient           L=32  B=1     m=1     inner=1072636 min=     0.037 us/xform  median=     0.037  sd=  0.09%     21.70 GF/s  setup=0.015 s
fftw1d_patient           L=32  B=1     m=1     inner=954952 min=     0.035 us/xform  median=     0.035  sd=  0.24%     22.93 GF/s  setup=0.015 s
fftw1d_patient           L=32  B=1     m=1     inner=847794 min=     0.042 us/xform  median=     0.042  sd=  0.55%     19.09 GF/s  setup=0.015 s
fftw1d_patient           L=32  B=1     m=1     inner=934578 min=     0.038 us/xform  median=     0.038  sd=  0.70%     21.13 GF/s  setup=0.015 s
fftw1d_patient           L=32  B=1     m=1     inner=892768 min=     0.036 us/xform  median=     0.036  sd=  0.60%     22.30 GF/s  setup=0.016 s
fftw1d_patient           L=32  B=1     m=1     inner=890132 min=     0.041 us/xform  median=     0.042  sd=  0.95%     19.39 GF/s  setup=0.015 s
fftw1d_patient           L=32  B=1     m=1     inner=945186 min=     0.037 us/xform  median=     0.038  sd=  0.37%     21.39 GF/s  setup=0.016 s
fftw1d_patient           L=32  B=1     m=1     inner=899164 min=     0.040 us/xform  median=     0.041  sd=  0.56%     19.76 GF/s  setup=0.015 s
fftw1d_patient           L=32  B=1     m=1     inner=741382 min=     0.049 us/xform  median=     0.050  sd=  0.91%     16.36 GF/s  setup=0.015 s
mkl1d_dfti               L=32  B=1     m=1     inner=891345 min=     0.023 us/xform  median=     0.023  sd=  0.74%     35.49 GF/s  setup=0.002 s
mkl1d_dfti               L=32  B=1     m=1     inner=1300948 min=     0.026 us/xform  median=     0.026  sd=  0.31%     31.20 GF/s  setup=0.001 s
mkl1d_dfti               L=32  B=1     m=1     inner=1054084 min=     0.027 us/xform  median=     0.028  sd=  0.66%     29.24 GF/s  setup=0.002 s
mkl1d_dfti               L=32  B=1     m=1     inner=1784336 min=     0.022 us/xform  median=     0.022  sd=  0.73%     36.12 GF/s  setup=0.001 s
mkl1d_dfti               L=32  B=1     m=1     inner=883718 min=     0.023 us/xform  median=     0.023  sd=  0.97%     34.98 GF/s  setup=0.001 s
mkl1d_dfti               L=32  B=1     m=1     inner=1242278 min=     0.025 us/xform  median=     0.025  sd=  0.58%     31.73 GF/s  setup=0.002 s
mkl1d_dfti               L=32  B=1     m=1     inner=1016948 min=     0.031 us/xform  median=     0.032  sd=  0.41%     25.54 GF/s  setup=0.002 s
mkl1d_dfti               L=32  B=1     m=1     inner=1231522 min=     0.026 us/xform  median=     0.026  sd=  0.90%     30.92 GF/s  setup=0.002 s
mkl1d_dfti               L=32  B=1     m=1     inner=1175740 min=     0.026 us/xform  median=     0.027  sd=  1.00%     30.41 GF/s  setup=0.002 s
